video_id,trending_date,title,channel_title,category_id,publish_time,tags,views,likes,dislikes,comment_count,thumbnail_link,comments_disabled,ratings_disabled,video_error_or_removed,description
25u85HFJ-EJ,24.13.09,Film & Animation Compilation 2024,Channel_635,17,2024-09-09T09:00:00.000Z,vlog|official|live,3590,151,6,12,https://i.ytimg.com/vi/IQOkrtDXtBi/default.jpg,False,False,False,Auto-generated sample description for Film & Animation video.
XcW9aTMX1C-,24.31.08,Top 10 Music Moments This Week,Channel_2236,10,2024-08-27T10:00:00.000Z,2024|review|music,12093,735,59,161,https://i.ytimg.com/vi/XRZv7qdYdk2/default.jpg,False,False,False,Auto-generated sample description for Music video.
PRWJ1Gk8cgS,24.21.01,Top 10 Entertainment Moments This Week,Channel_563,19,2024-01-17T10:00:00.000Z,review|vlog|music,4949,110,34,84,https://i.ytimg.com/vi/dFzctEq8oB7/default.jpg,False,False,False,Auto-generated sample description for Entertainment video.
ouNndNWYzjF,24.28.05,Official Sports Highlights,Channel_2471,16,2024-05-26T16:00:00.000Z,review|vlog|trending,8967,503,30,170,https://i.ytimg.com/vi/pfS2ViRb1-n/default.jpg,False,False,False,Auto-generated sample description for Sports video.
wI973IPFlJ5,24.17.06,Top 10 Music Moments This Week,Channel_3807,2,2024-06-16T14:00:00.000Z,trending|review|2024,80322,4850,428,1460,https://i.ytimg.com/vi/Rd_Px-BTHRJ/default.jpg,False,False,False,Auto-generated sample description for Music video.
kE0-E8-5clL,24.26.09,Top 10 People & Blogs Moments This Week,Channel_3313,20,2024-09-23T15:00:00.000Z,vlog|live|official,6122,249,10,14,https://i.ytimg.com/vi/V8S2QT6INGD/default.jpg,False,False,False,Auto-generated sample description for People & Blogs video.
xyB9JKmyLDU,24.13.12,Top 10 Film & Animation Moments This Week,Channel_2477,17,2024-12-10T05:00:00.000Z,music|vlog|trending,17246,566,41,270,https://i.ytimg.com/vi/qJfgLq-nbK8/default.jpg,False,False,False,Auto-generated sample description for Film & Animation video.
oiZ-jgttMkF,24.27.09,Official Science & Technology Highlights,Channel_4572,18,2024-09-26T20:00:00.000Z,review|2024|trending,10127,296,18,61,https://i.ytimg.com/vi/CW54M2NhmAB/default.jpg,False,False,False,Auto-generated sample description for Science & Technology video.
058LeDKK6jD,24.13.04,Why This Music Video Went Viral,Channel_4832,2,2024-04-12T14:00:00.000Z,vlog|live|2024,116144,6863,1109,1439,https://i.ytimg.com/vi/oCtIsjhvNK4/default.jpg,False,False,False,Auto-generated sample description for Music video.
_4kf3PGdlDc,24.12.06,Reacting to Music Trends,Channel_2208,10,2024-06-09T20:00:00.000Z,trending|music|live,258509,9817,1812,246,https://i.ytimg.com/vi/84Jx3-l8S0Q/default.jpg,False,False,False,Auto-generated sample description for Music video.
Ze6lOGPoZa7,24.08.08,Sports Compilation 2024,Channel_445,7,2024-08-05T11:00:00.000Z,live|trending|official,6273,473,54,42,https://i.ytimg.com/vi/_4gAIqK4-pd/default.jpg,False,False,False,Auto-generated sample description for Sports video.
0lCo7pt_LI1,24.06.12,Entertainment Compilation 2024,Channel_3869,19,2024-12-03T22:00:00.000Z,live|2024|trending,14512,393,133,268,https://i.ytimg.com/vi/sXyriJ1RIaK/default.jpg,False,False,False,Auto-generated sample description for Entertainment video.
59SQW6PyEXD,24.07.04,People & Blogs Compilation 2024,Channel_358,12,2024-04-06T14:00:00.000Z,official|vlog|2024,8219,520,41,77,https://i.ytimg.com/vi/WXt_eqQm4m6/default.jpg,True,False,False,Auto-generated sample description for People & Blogs video.
HRYkQWO-eiE,24.22.11,Reacting to Entertainment Trends,Channel_2355,19,2024-11-22T19:00:00.000Z,live|vlog|music,49795,2540,218,237,https://i.ytimg.com/vi/3mm4vMdfPhL/default.jpg,False,False,False,Auto-generated sample description for Entertainment video.
xvwkWE_sD7G,24.25.02,Music Compilation 2024,Channel_2092,10,2024-02-25T17:00:00.000Z,vlog|music|2024,45055,1510,363,759,https://i.ytimg.com/vi/Kuj4SM2G6Mz/default.jpg,False,False,False,Auto-generated sample description for Music video.
LLcYJbg_KDT,24.22.06,Top 10 Nonprofits & Activism Moments This Week,Channel_1558,4,2024-06-18T14:00:00.000Z,trending|official|live,6148,491,14,21,https://i.ytimg.com/vi/mfN4eUqlLP1/default.jpg,False,False,False,Auto-generated sample description for Nonprofits & Activism video.
IvG9LRo7jsC,24.21.04,Reacting to Music Trends,Channel_3256,10,2024-04-18T20:00:00.000Z,review|trending|official,365645,5438,662,5820,https://i.ytimg.com/vi/lYbHp6VHWVn/default.jpg,False,False,False,Auto-generated sample description for Music video.
Ci7M0orfeM_,24.11.08,Official Music Highlights,Channel_797,2,2024-08-08T11:00:00.000Z,live|trending|review,6923,472,15,60,https://i.ytimg.com/vi/X6V1t1m-0Je/default.jpg,False,False,False,Auto-generated sample description for Music video.
VThYJyp6lBc,24.12.02,Official Entertainment Highlights,Channel_2733,19,2024-02-08T16:00:00.000Z,live|review|trending,54312,4314,542,574,https://i.ytimg.com/vi/AiABDQsaJsq/default.jpg,False,False,False,Auto-generated sample description for Entertainment video.
TEPcwHgq1oi,24.28.09,People & Blogs Compilation 2024,Channel_3673,12,2024-09-25T08:00:00.000Z,review|official|trending,62239,2631,282,93,https://i.ytimg.com/vi/n5CfM6dh9Z2/default.jpg,False,False,False,Auto-generated sample description for People & Blogs video.
siqJPWL63mo,24.28.10,Reacting to Film & Animation Trends,Channel_4517,17,2024-10-26T18:00:00.000Z,vlog|live|2024,1520,102,6,10,https://i.ytimg.com/vi/5D0R6Z1mO2O/default.jpg,False,False,False,Auto-generated sample description for Film & Animation video.
kl3mVqhQp0T,24.02.03,Reacting to Sports Trends,Channel_3465,7,2024-03-02T12:00:00.000Z,review|vlog|music,9782,196,86,23,https://i.ytimg.com/vi/KNTnBt9CnSV/default.jpg,False,False,False,Auto-generated sample description for Sports video.
dIdxINRSaxs,24.18.01,Behind the Scenes: People & Blogs,Channel_3284,20,2024-01-14T15:00:00.000Z,music|live|review,20546,206,95,320,https://i.ytimg.com/vi/lBW16RuVNPk/default.jpg,False,False,False,Auto-generated sample description for People & Blogs video.
42-41IBoS3o,24.03.08,Why This Entertainment Video Went Viral,Channel_4859,19,2024-08-03T18:00:00.000Z,2024|trending|official,36760,745,318,608,https://i.ytimg.com/vi/fCYhaAMBrGL/default.jpg,False,True,False,Auto-generated sample description for Entertainment video.
DTjYf3c6jO2,24.22.07,Behind the Scenes: Science & Technology,Channel_3314,18,2024-07-20T17:00:00.000Z,vlog|review|2024,7473,460,22,113,https://i.ytimg.com/vi/LoZcPv6Ul3n/default.jpg,False,False,False,Auto-generated sample description for Science & Technology video.
RCQvjoySSsE,24.17.02,Official Music Highlights,Channel_1200,2,2024-02-17T01:00:00.000Z,official|live|vlog,1905,48,4,28,https://i.ytimg.com/vi/tjw_75POt4i/default.jpg,False,False,False,Auto-generated sample description for Music video.
jN75ehVKjlX,24.26.02,Music Compilation 2024,Channel_4755,10,2024-02-24T15:00:00.000Z,trending|vlog|music,204160,13804,874,4044,https://i.ytimg.com/vi/5yP8th5nRkw/default.jpg,False,False,False,Auto-generated sample description for Music video.
UVKX0RgQiQm,24.20.03,Behind the Scenes: Music,Channel_3167,2,2024-03-17T05:00:00.000Z,official|review|trending,57231,4078,559,1002,https://i.ytimg.com/vi/tQksSNYqkNW/default.jpg,False,False,False,Auto-generated sample description for Music video.
l2UcUNxBR-y,24.27.11,Top 10 Music Moments This Week,Channel_1127,2,2024-11-27T16:00:00.000Z,live|music|official,34322,2108,201,385,https://i.ytimg.com/vi/meRqWtuxv4f/default.jpg,False,False,False,Auto-generated sample description for Music video.
5DEN8yV47KW,24.20.06,Behind the Scenes: Howto & Style,Channel_4321,14,2024-06-16T17:00:00.000Z,2024|live|vlog,5658,294,28,31,https://i.ytimg.com/vi/rGg9VnpKkuI/default.jpg,False,False,False,Auto-generated sample description for Howto & Style video.
5Sd1gYVEXkV,24.08.05,Top 10 Sports Moments This Week,Channel_231,16,2024-05-05T12:00:00.000Z,official|music|review,4713,174,14,50,https://i.ytimg.com/vi/sreK8r85akc/default.jpg,False,False,False,Auto-generated sample description for Sports video.
oKEMpgE16io,24.19.09,Entertainment Compilation 2024,Channel_4889,19,2024-09-15T03:00:00.000Z,trending|music|review,102334,1030,257,1836,https://i.ytimg.com/vi/EsL2aTE1xkU/default.jpg,False,False,False,Auto-generated sample description for Entertainment video.
X8fXVGcTiSE,24.27.03,Reacting to Gaming Trends,Channel_850,6,2024-03-27T13:00:00.000Z,review|trending|official,108498,4700,1018,180,https://i.ytimg.com/vi/rfTRw79xri6/default.jpg,False,False,False,Auto-generated sample description for Gaming video.
NY8GeyKTgQI,24.18.06,Official Sports Highlights,Channel_3015,7,2024-06-18T04:00:00.000Z,2024|review|vlog,3743,93,5,16,https://i.ytimg.com/vi/XRx__VIk2k3/default.jpg,False,False,False,Auto-generated sample description for Sports video.
LN52v4S5fT3,24.25.05,Why This Music Video Went Viral,Channel_470,10,2024-05-22T06:00:00.000Z,music|vlog|2024,19716,639,77,31,https://i.ytimg.com/vi/Uuds4eqiEUU/default.jpg,False,False,False,Auto-generated sample description for Music video.
V4jrUYOJFod,24.15.02,Reacting to Music Trends,Channel_1525,2,2024-02-12T02:00:00.000Z,2024|trending|review,24718,1784,230,60,https://i.ytimg.com/vi/pHH5BK-zprj/default.jpg,False,False,False,Auto-generated sample description for Music video.
OSiLMuwUCpz,24.29.07,Top 10 Music Moments This Week,Channel_1940,2,2024-07-29T22:00:00.000Z,review|2024|music,9195,640,70,151,https://i.ytimg.com/vi/UV7qliNY900/default.jpg,False,False,False,Auto-generated sample description for Music video.
Sqxq3hptMvu,24.22.11,Why This Music Video Went Viral,Channel_1848,10,2024-11-18T03:00:00.000Z,official|trending|review,102081,3335,971,1199,https://i.ytimg.com/vi/kGzJqMlvtvR/default.jpg,False,False,False,Auto-generated sample description for Music video.
HA1d_LM9FZM,24.08.06,Nonprofits & Activism Compilation 2024,Channel_598,4,2024-06-08T13:00:00.000Z,vlog|music|live,1615,71,15,12,https://i.ytimg.com/vi/4197ARsOOSZ/default.jpg,False,False,False,Auto-generated sample description for Nonprofits & Activism video.
I5FsmgLX1Fu,24.25.08,Why This Howto & Style Video Went Viral,Channel_4733,14,2024-08-23T08:00:00.000Z,vlog|official|live,20926,492,30,363,https://i.ytimg.com/vi/u_7_N_clY6E/default.jpg,False,False,False,Auto-generated sample description for Howto & Style video.
8Kbn3rHUZUf,24.07.06,Music Compilation 2024,Channel_420,10,2024-06-05T07:00:00.000Z,trending|review|live,211678,11498,1969,3956,https://i.ytimg.com/vi/UKjX5JpqmYV/default.jpg,False,False,False,Auto-generated sample description for Music video.
ZfferQ86trP,24.09.05,Behind the Scenes: Entertainment,Channel_2610,19,2024-05-08T07:00:00.000Z,live|2024|trending,352748,14930,2383,3989,https://i.ytimg.com/vi/MR-M8cVQo1N/default.jpg,False,False,False,Auto-generated sample description for Entertainment video.
Dg9vWsFeoyc,24.29.03,Sports Compilation 2024,Channel_2570,16,2024-03-26T12:00:00.000Z,2024|live|review,156452,3383,1152,1265,https://i.ytimg.com/vi/A08hrAP9WOw/default.jpg,False,False,False,Auto-generated sample description for Sports video.
H9yFJMCMKA-,24.28.09,Why This Gaming Video Went Viral,Channel_3931,6,2024-09-24T01:00:00.000Z,official|trending|review,10810,733,100,131,https://i.ytimg.com/vi/KpWYSsLfKkS/default.jpg,False,False,False,Auto-generated sample description for Gaming video.
IIrnEFgCDgm,24.18.01,Entertainment Compilation 2024,Channel_2706,19,2024-01-16T15:00:00.000Z,vlog|2024|music,24961,1863,149,14,https://i.ytimg.com/vi/rau089zKPKh/default.jpg,False,False,False,Auto-generated sample description for Entertainment video.
ew1weY_xLeb,24.08.07,Why This Entertainment Video Went Viral,Channel_4653,19,2024-07-05T00:00:00.000Z,trending|music|official,31093,1929,267,316,https://i.ytimg.com/vi/K6_r7IyoQu6/default.jpg,False,False,False,Auto-generated sample description for Entertainment video.
ywZ2PlZmxr9,24.21.04,Why This Sports Video Went Viral,Channel_2033,7,2024-04-18T03:00:00.000Z,music|official|2024,2138,152,8,24,https://i.ytimg.com/vi/E5IQMbHUEhp/default.jpg,False,False,False,Auto-generated sample description for Sports video.
NpLVCCr9t6V,24.10.12,Comedy Compilation 2024,Channel_4500,5,2024-12-08T04:00:00.000Z,2024|trending|live,749,35,7,14,https://i.ytimg.com/vi/Fk5UjohztvP/default.jpg,False,False,False,Auto-generated sample description for Comedy video.
5h6q16h7NcY,24.15.07,Why This Howto & Style Video Went Viral,Channel_25,14,2024-07-11T12:00:00.000Z,vlog|live|trending,10146,367,14,165,https://i.ytimg.com/vi/jf2Sihi8eK0/default.jpg,False,False,False,Auto-generated sample description for Howto & Style video.
VW5WWkrSpwY,24.21.02,Behind the Scenes: Music,Channel_1044,2,2024-02-17T18:00:00.000Z,vlog|live|music,12149,482,48,105,https://i.ytimg.com/vi/cM72WDF6StJ/default.jpg,False,False,False,Auto-generated sample description for Music video.
cEAime5gFfZ,24.30.07,Music Compilation 2024,Channel_1920,2,2024-07-27T10:00:00.000Z,trending|live|music,86295,2698,759,83,https://i.ytimg.com/vi/rLDOPEMsC0M/default.jpg,False,False,False,Auto-generated sample description for Music video.
2_gSWO10tMW,24.19.01,Top 10 Autos & Vehicles Moments This Week,Channel_4407,1,2024-01-17T10:00:00.000Z,2024|live|vlog,3011,170,12,37,https://i.ytimg.com/vi/Ms7h01rXFGA/default.jpg,False,False,False,Auto-generated sample description for Autos & Vehicles video.
ygIWfjyB9AQ,24.10.02,Why This Science & Technology Video Went Viral,Channel_126,18,2024-02-08T21:00:00.000Z,live|review|music,1017,20,2,7,https://i.ytimg.com/vi/9FAYEPKW7TN/default.jpg,False,False,False,Auto-generated sample description for Science & Technology video.
8OAVO0fCscH,24.16.12,Behind the Scenes: Science & Technology,Channel_4785,13,2024-12-14T14:00:00.000Z,trending|vlog|2024,16760,1310,21,221,https://i.ytimg.com/vi/LtzQDWF_RG-/default.jpg,False,False,False,Auto-generated sample description for Science & Technology video.
vr-xhejga0r,25.21.01,Reacting to Sports Trends,Channel_1896,16,2025-01-18T00:00:00.000Z,music|vlog|live,24932,311,139,495,https://i.ytimg.com/vi/bB6Vh9-ca0b/default.jpg,True,False,False,Auto-generated sample description for Sports video.
3wnmtEyGTIY,24.30.11,Official Science & Technology Highlights,Channel_3057,18,2024-11-30T02:00:00.000Z,2024|review|trending,33938,2484,31,636,https://i.ytimg.com/vi/FCMkelZWW8h/default.jpg,False,False,False,Auto-generated sample description for Science & Technology video.
QmfDB8IfjJe,24.16.08,Top 10 Music Moments This Week,Channel_2577,10,2024-08-14T09:00:00.000Z,music|live|trending,713642,14917,3983,13100,https://i.ytimg.com/vi/sYjMuEXQXrk/default.jpg,False,False,False,Auto-generated sample description for Music video.
RYPdI5-DTW3,24.24.04,Top 10 Music Moments This Week,Channel_4800,10,2024-04-24T22:00:00.000Z,vlog|2024|music,176810,13758,610,741,https://i.ytimg.com/vi/LFjkItWtXOU/default.jpg,False,True,False,Auto-generated sample description for Music video.
qlx350ndlTl,24.02.12,Behind the Scenes: Music,Channel_4900,2,2024-12-02T21:00:00.000Z,review|official|2024,280376,16696,2351,5475,https://i.ytimg.com/vi/bL0XkFvWvrI/default.jpg,False,False,False,Auto-generated sample description for Music video.
9jUGF_z6nrM,25.25.01,Official Music Highlights,Channel_3242,2,2025-01-23T16:00:00.000Z,official|trending|2024,81662,3935,462,1472,https://i.ytimg.com/vi/Q4Q3rMPz9Ow/default.jpg,False,False,False,Auto-generated sample description for Music video.
FPWJYUozxd7,24.08.02,Reacting to Science & Technology Trends,Channel_1718,13,2024-02-05T01:00:00.000Z,2024|official|music,6036,223,23,49,https://i.ytimg.com/vi/0_rMEGt2Wj5/default.jpg,False,False,False,Auto-generated sample description for Science & Technology video.
1eUknFTvfZQ,24.08.03,Music Compilation 2024,Channel_868,10,2024-03-04T04:00:00.000Z,music|review|official,13600,1022,85,16,https://i.ytimg.com/vi/CC5VY7tSd9n/default.jpg,False,False,False,Auto-generated sample description for Music video.
SNR6A9S8m45,24.04.04,Why This Music Video Went Viral,Channel_551,10,2024-04-04T01:00:00.000Z,official|music|vlog,113972,5254,1070,2228,https://i.ytimg.com/vi/cRnvFwuQ27D/default.jpg,False,False,False,Auto-generated sample description for Music video.
z52XaBAJinx,24.03.08,Why This Film & Animation Video Went Viral,Channel_2671,17,2024-08-02T14:00:00.000Z,live|2024|music,5098,120,30,93,https://i.ytimg.com/vi/H-OXYoST6wM/default.jpg,False,False,False,Auto-generated sample description for Film & Animation video.
oxVsX1rX2x-,24.20.05,Reacting to People & Blogs Trends,Channel_4403,12,2024-05-19T02:00:00.000Z,vlog|review|live,6085,323,52,115,https://i.ytimg.com/vi/v-KrxO5gTb-/default.jpg,False,False,False,Auto-generated sample description for People & Blogs video.
-14-vkdCLeJ,24.05.08,Top 10 Music Moments This Week,Channel_4405,10,2024-08-04T04:00:00.000Z,official|live|2024,197538,15052,808,3067,https://i.ytimg.com/vi/_ooIUf4B2nF/default.jpg,False,False,False,Auto-generated sample description for Music video.
4pEAS2vrAAh,24.19.10,Behind the Scenes: Music,Channel_2874,10,2024-10-15T03:00:00.000Z,trending|official|review,63186,3607,292,313,https://i.ytimg.com/vi/vPLLImr0hJq/default.jpg,False,False,False,Auto-generated sample description for Music video.
Y-sI1W5jlZJ,24.26.07,Reacting to Gaming Trends,Channel_3024,6,2024-07-22T10:00:00.000Z,2024|review|official,3461,60,18,36,https://i.ytimg.com/vi/al6TiYB2B_I/default.jpg,False,False,False,Auto-generated sample description for Gaming video.
Rgfm6cpu46a,24.28.08,Music Compilation 2024,Channel_1658,2,2024-08-25T05:00:00.000Z,vlog|live|official,8550,371,38,15,https://i.ytimg.com/vi/uJlUGkVvgYN/default.jpg,False,False,False,Auto-generated sample description for Music video.
B9jqC4bbRp2,24.13.07,Reacting to Music Trends,Channel_1083,10,2024-07-09T01:00:00.000Z,2024|music|live,73574,5790,364,1323,https://i.ytimg.com/vi/XlnnOVMrWrs/default.jpg,False,False,False,Auto-generated sample description for Music video.
Bt04BlmrpXS,24.09.12,Film & Animation Compilation 2024,Channel_2577,3,2024-12-08T14:00:00.000Z,review|live|vlog,8757,566,39,113,https://i.ytimg.com/vi/JkFKdMAyYLg/default.jpg,False,False,False,Auto-generated sample description for Film & Animation video.
jbUOqX1Uw8j,24.21.06,Official Travel & Events Highlights,Channel_4812,8,2024-06-19T18:00:00.000Z,music|review|official,14621,833,140,113,https://i.ytimg.com/vi/BfhYK12ZktJ/default.jpg,False,False,False,Auto-generated sample description for Travel & Events video.
PYiN3EhFl3o,24.25.02,Entertainment Compilation 2024,Channel_4988,19,2024-02-22T04:00:00.000Z,music|official|live,6967,293,17,104,https://i.ytimg.com/vi/pbrbu_SHvVq/default.jpg,False,False,False,Auto-generated sample description for Entertainment video.
Q2IiHj_6Uh_,25.17.01,Behind the Scenes: Comedy,Channel_1368,5,2025-01-17T03:00:00.000Z,official|live|review,623,45,1,1,https://i.ytimg.com/vi/noDafbFf8UX/default.jpg,False,False,False,Auto-generated sample description for Comedy video.
1CPF1OIjVpg,24.11.10,Top 10 Music Moments This Week,Channel_1829,2,2024-10-10T04:00:00.000Z,review|trending|music,92039,4331,817,1411,https://i.ytimg.com/vi/Zi7KNPl6bVz/default.jpg,False,False,False,Auto-generated sample description for Music video.
_zFta0dDSbQ,24.23.02,Official Comedy Highlights,Channel_3083,5,2024-02-20T12:00:00.000Z,review|vlog|official,2159,43,6,14,https://i.ytimg.com/vi/nAE1-hsJlfD/default.jpg,False,False,False,Auto-generated sample description for Comedy video.
kmrYjh3qELH,24.26.11,Why This Comedy Video Went Viral,Channel_3220,5,2024-11-22T10:00:00.000Z,vlog|review|official,8999,393,71,135,https://i.ytimg.com/vi/O5IDjzrntnv/default.jpg,False,False,False,Auto-generated sample description for Comedy video.
5N7HpluMfBP,24.08.06,Top 10 Science & Technology Moments This Week,Channel_748,13,2024-06-05T05:00:00.000Z,vlog|live|official,3926,138,8,37,https://i.ytimg.com/vi/YgMHwdZ5Fm7/default.jpg,False,False,False,Auto-generated sample description for Science & Technology video.
CqzZVkHjciz,24.02.05,Reacting to Music Trends,Channel_3633,10,2024-05-01T08:00:00.000Z,review|live|music,803329,23373,1400,7275,https://i.ytimg.com/vi/Qpf7gv3Y_dW/default.jpg,False,False,False,Auto-generated sample description for Music video.
teFL_09hlJX,24.15.12,Top 10 Science & Technology Moments This Week,Channel_3435,18,2024-12-12T22:00:00.000Z,live|vlog|trending,12637,949,66,164,https://i.ytimg.com/vi/FcWT9-SPXIx/default.jpg,False,False,False,Auto-generated sample description for Science & Technology video.
8TDumFEIhCX,24.04.02,Why This Science & Technology Video Went Viral,Channel_1424,13,2024-02-02T00:00:00.000Z,live|review|trending,6783,499,54,64,https://i.ytimg.com/vi/OTdTsy_Nw-e/default.jpg,False,False,False,Auto-generated sample description for Science & Technology video.
zqRwPhcssoU,24.01.12,Official Travel & Events Highlights,Channel_3061,8,2024-11-30T02:00:00.000Z,vlog|review|2024,21040,810,124,237,https://i.ytimg.com/vi/mRMPru3-OwT/default.jpg,False,False,False,
qwaYexOCn_s,24.23.12,Why This Entertainment Video Went Viral,Channel_638,19,2024-12-21T07:00:00.000Z,live|official|vlog,120440,8352,1198,2110,https://i.ytimg.com/vi/vlQ5bHAFiSG/default.jpg,False,False,False,Auto-generated sample description for Entertainment video.
v0_WSWm9Cu5,24.10.08,Official Music Highlights,Channel_274,2,2024-08-10T06:00:00.000Z,official|music|review,42321,2219,398,305,https://i.ytimg.com/vi/HnjRvWujlR9/default.jpg,False,False,False,Auto-generated sample description for Music video.
gmQAy0HKMEm,24.29.11,Official Music Highlights,Channel_3219,2,2024-11-29T15:00:00.000Z,trending|review|2024,5464,76,52,45,https://i.ytimg.com/vi/tgUa2lL9zmd/default.jpg,False,False,False,Auto-generated sample description for Music video.
Y8-HlXxVWVx,24.01.03,Music Compilation 2024,Channel_366,2,2024-02-26T15:00:00.000Z,official|2024|vlog,144371,9649,435,2643,https://i.ytimg.com/vi/HCIhtmkS0Dh/default.jpg,False,False,False,Auto-generated sample description for Music video.
8E8MkYesp5w,24.21.06,Top 10 Sports Moments This Week,Channel_1736,16,2024-06-20T09:00:00.000Z,review|live|vlog,3672,107,35,20,https://i.ytimg.com/vi/f2k3zsHOilX/default.jpg,False,False,False,Auto-generated sample description for Sports video.
b1o1tsmnmKS,24.28.03,Music Compilation 2024,Channel_2164,10,2024-03-26T00:00:00.000Z,2024|vlog|review,36029,2306,147,604,https://i.ytimg.com/vi/8ewJZsZeYQE/default.jpg,False,False,False,Auto-generated sample description for Music video.
MNJ-mDrM4PI,24.20.11,Reacting to Music Trends,Channel_3415,2,2024-11-19T02:00:00.000Z,trending|vlog|music,2208,28,5,23,https://i.ytimg.com/vi/y4B0-VhuiNZ/default.jpg,False,False,False,Auto-generated sample description for Music video.
zhFe6gUzJV7,24.17.06,Behind the Scenes: Music,Channel_3252,10,2024-06-13T11:00:00.000Z,vlog|music|review,5068,182,11,21,https://i.ytimg.com/vi/EV-5w8SSuHl/default.jpg,False,False,False,Auto-generated sample description for Music video.
CCAI0cb8qwb,24.11.06,Top 10 Music Moments This Week,Channel_2068,2,2024-06-10T21:00:00.000Z,trending|official|vlog,38431,2241,378,327,https://i.ytimg.com/vi/2WS6GB7MYna/default.jpg,False,False,False,Auto-generated sample description for Music video.
KMn9iRJPJHM,24.23.03,Top 10 Sports Moments This Week,Channel_1229,16,2024-03-21T04:00:00.000Z,trending|live|music,3072,192,4,29,https://i.ytimg.com/vi/ZOrd_LH1ZXe/default.jpg,False,False,False,Auto-generated sample description for Sports video.
8TMvxLm8qHx,24.17.04,Reacting to Music Trends,Channel_2750,10,2024-04-16T06:00:00.000Z,vlog|music|live,99838,6561,910,1612,https://i.ytimg.com/vi/TCN1QVHL7p8/default.jpg,False,False,False,Auto-generated sample description for Music video.
ypWM0gtrzR0,24.04.12,Behind the Scenes: Sports,Channel_3749,7,2024-12-04T09:00:00.000Z,live|official|review,15291,1163,66,74,https://i.ytimg.com/vi/k-QwOha5JAv/default.jpg,False,False,False,Auto-generated sample description for Sports video.
32Z29XaezVb,25.05.01,Why This Gaming Video Went Viral,Channel_4351,6,2025-01-01T19:00:00.000Z,live|music|vlog,28520,1561,226,131,https://i.ytimg.com/vi/FCSNqnXNvif/default.jpg,False,False,False,Auto-generated sample description for Gaming video.
rR-TyvZcDCq,24.04.09,Top 10 People & Blogs Moments This Week,Channel_180,12,2024-09-04T17:00:00.000Z,trending|review|live,101380,1372,886,655,https://i.ytimg.com/vi/pUeWGggncgo/default.jpg,False,False,False,Auto-generated sample description for People & Blogs video.
bM1mIr1npKo,24.19.12,Official Sports Highlights,Channel_4078,7,2024-12-16T12:00:00.000Z,live|trending|review,20359,1541,151,185,https://i.ytimg.com/vi/HzT0Luf_A9Q/default.jpg,False,True,False,Auto-generated sample description for Sports video.
_tljmGD6LH7,24.07.04,Official Music Highlights,Channel_818,2,2024-04-05T11:00:00.000Z,review|live|music,99138,6191,320,277,https://i.ytimg.com/vi/LUO2omfbrvQ/default.jpg,False,False,False,Auto-generated sample description for Music video.
RxoZZ6IX91v,24.11.04,Official Music Highlights,Channel_1086,2,2024-04-08T16:00:00.000Z,vlog|review|music,252042,9491,2010,4614,https://i.ytimg.com/vi/un194xWTdq9/default.jpg,False,False,False,Auto-generated sample description for Music video.
ObCRm3F9SXt,24.19.10,Behind the Scenes: Entertainment,Channel_448,19,2024-10-15T21:00:00.000Z,music|vlog|live,30302,702,244,582,https://i.ytimg.com/vi/8_vj-PEQJgC/default.jpg,False,False,False,Auto-generated sample description for Entertainment video.
5l_5Op_cnZ0,24.11.02,Official Entertainment Highlights,Channel_4565,19,2024-02-07T09:00:00.000Z,trending|music|vlog,9043,494,45,178,https://i.ytimg.com/vi/MA6RUgC6Q8U/default.jpg,False,False,False,Auto-generated sample description for Entertainment video.
LVnfv_r0nGz,24.22.12,Top 10 Sports Moments This Week,Channel_990,16,2024-12-19T06:00:00.000Z,review|2024|live,20327,1324,84,398,https://i.ytimg.com/vi/6yRn1fp56r_/default.jpg,True,False,False,Auto-generated sample description for Sports video.
wwqnXPX1FJY,24.13.01,Why This Comedy Video Went Viral,Channel_2410,5,2024-01-10T05:00:00.000Z,2024|live|vlog,1539,80,10,25,https://i.ytimg.com/vi/0MOBzALSqwP/default.jpg,False,False,False,Auto-generated sample description for Comedy video.
1K2bndWsghz,24.13.12,Why This People & Blogs Video Went Viral,Channel_1319,20,2024-12-12T00:00:00.000Z,official|vlog|review,5151,230,5,37,https://i.ytimg.com/vi/shLAeT5nCXE/default.jpg,False,False,False,Auto-generated sample description for People & Blogs video.
WX1OgbGz4CV,24.16.12,Behind the Scenes: Science & Technology,Channel_4478,18,2024-12-12T17:00:00.000Z,vlog|trending|live,31961,433,243,176,https://i.ytimg.com/vi/yL5wjxwpWf2/default.jpg,False,False,False,Auto-generated sample description for Science & Technology video.
7tftPgM-TjO,24.06.04,Behind the Scenes: Sports,Channel_1802,16,2024-04-02T00:00:00.000Z,live|trending|music,2383,112,18,12,https://i.ytimg.com/vi/u1ZlSCBQQUL/default.jpg,False,False,False,Auto-generated sample description for Sports video.
boS5EFfPWoX,24.12.07,Why This Music Video Went Viral,Channel_4426,10,2024-07-09T10:00:00.000Z,vlog|official|music,24568,1338,185,266,https://i.ytimg.com/vi/V5-fLyPkmva/default.jpg,False,False,False,Auto-generated sample description for Music video.
nA3jtd6Qelj,24.23.08,Official Comedy Highlights,Channel_1459,5,2024-08-19T03:00:00.000Z,review|official|trending,62000,4474,509,453,https://i.ytimg.com/vi/jDH0X5Z3OcX/default.jpg,False,False,False,Auto-generated sample description for Comedy video.
fjTnLMlK4WY,24.25.03,Reacting to Music Trends,Channel_253,2,2024-03-25T02:00:00.000Z,2024|live|trending,58526,4362,213,222,https://i.ytimg.com/vi/CrYLsMVbspf/default.jpg,True,False,False,Auto-generated sample description for Music video.
SB0suxCGyox,24.29.11,Reacting to Entertainment Trends,Channel_4648,19,2024-11-26T13:00:00.000Z,review|music|trending,16684,1322,20,51,https://i.ytimg.com/vi/7jLiGmz-QTq/default.jpg,False,False,False,Auto-generated sample description for Entertainment video.
-5QNtUO2vaO,24.13.10,Top 10 Music Moments This Week,Channel_1815,10,2024-10-12T10:00:00.000Z,vlog|review|2024,51664,3707,339,551,https://i.ytimg.com/vi/JUrQ975TN-n/default.jpg,False,False,False,Auto-generated sample description for Music video.
zHjjcdZBeH8,24.06.03,Reacting to Film & Animation Trends,Channel_1218,3,2024-03-02T05:00:00.000Z,official|2024|live,1494,32,12,8,https://i.ytimg.com/vi/Lr7lYUbEvr5/default.jpg,False,False,False,Auto-generated sample description for Film & Animation video.
9TfC-DiHVDf,24.03.11,Reacting to Gaming Trends,Channel_1694,6,2024-11-02T07:00:00.000Z,trending|official|2024,2025,117,17,4,https://i.ytimg.com/vi/86ffPnJHwWW/default.jpg,False,False,False,Auto-generated sample description for Gaming video.
CZTS-9ar4vD,24.28.04,Official Music Highlights,Channel_4216,10,2024-04-25T12:00:00.000Z,vlog|official|live,16575,1221,54,192,https://i.ytimg.com/vi/txuUpD1Qo99/default.jpg,False,False,False,Auto-generated sample description for Music video.
qurfshvHxZc,24.26.09,Reacting to Music Trends,Channel_2323,2,2024-09-26T15:00:00.000Z,music|live|2024,1172562,62905,2090,16444,https://i.ytimg.com/vi/89vC0sxHvR6/default.jpg,False,False,False,Auto-generated sample description for Music video.
1tmw8epl9qa,24.26.06,Reacting to Entertainment Trends,Channel_3535,19,2024-06-25T17:00:00.000Z,trending|2024|official,9675,373,12,46,https://i.ytimg.com/vi/f2D9WSm2rG9/default.jpg,False,False,False,Auto-generated sample description for Entertainment video.
GyaapaWAO0U,24.22.07,Official Film & Animation Highlights,Channel_1268,17,2024-07-18T14:00:00.000Z,2024|vlog|trending,6565,316,50,63,https://i.ytimg.com/vi/GH2UJYA09wV/default.jpg,False,False,False,Auto-generated sample description for Film & Animation video.
YrpD5umBZRg,24.31.01,Top 10 Sports Moments This Week,Channel_3188,16,2024-01-29T11:00:00.000Z,vlog|music|review,2078,97,12,30,https://i.ytimg.com/vi/s83liHCVkeX/default.jpg,False,False,False,Auto-generated sample description for Sports video.
hw_4bzKyeDv,24.30.06,Reacting to Music Trends,Channel_296,10,2024-06-29T04:00:00.000Z,official|live|music,12372,551,61,238,https://i.ytimg.com/vi/ulJZTYZzbil/default.jpg,False,False,False,Auto-generated sample description for Music video.
JCy6ZaHw0nj,24.22.10,Behind the Scenes: People & Blogs,Channel_2411,12,2024-10-20T00:00:00.000Z,official|music|trending,1073,10,4,16,https://i.ytimg.com/vi/GG4W9FR66d9/default.jpg,False,False,False,Auto-generated sample description for People & Blogs video.
DO0TbHFKlZR,24.12.05,Official Music Highlights,Channel_4543,10,2024-05-10T14:00:00.000Z,live|2024|official,39842,3023,83,506,https://i.ytimg.com/vi/TBIxy_zEEHA/default.jpg,False,False,False,Auto-generated sample description for Music video.
pk_af9VO_J-,24.02.11,Top 10 People & Blogs Moments This Week,Channel_4188,12,2024-10-29T19:00:00.000Z,official|2024|live,12447,325,113,127,https://i.ytimg.com/vi/qg29eSYw6p6/default.jpg,False,True,False,Auto-generated sample description for People & Blogs video.
UHxHEI8RUx_,24.24.08,Music Compilation 2024,Channel_1725,2,2024-08-20T22:00:00.000Z,2024|vlog|official,3092,93,8,17,https://i.ytimg.com/vi/UZJ5xqDmIE3/default.jpg,False,False,False,Auto-generated sample description for Music video.
bw1_rO-MGgY,24.26.03,Official Education Highlights,Channel_1339,9,2024-03-22T12:00:00.000Z,music|live|official,17990,984,155,336,https://i.ytimg.com/vi/8m5QHUUGSc0/default.jpg,False,False,False,Auto-generated sample description for Education video.
wKTP-5kWK7s,24.29.12,Top 10 Music Moments This Week,Channel_2764,2,2024-12-28T18:00:00.000Z,2024|vlog|trending,125908,5135,1241,2481,https://i.ytimg.com/vi/ZjkuRDOOLIY/default.jpg,False,False,False,Auto-generated sample description for Music video.
50vxcqEGkAv,24.14.09,Music Compilation 2024,Channel_844,10,2024-09-11T09:00:00.000Z,music|review|2024,10257,495,59,106,https://i.ytimg.com/vi/gdYknHtkXND/default.jpg,False,False,False,Auto-generated sample description for Music video.
deTP87I4rw6,24.07.12,Reacting to Gaming Trends,Channel_4621,6,2024-12-06T10:00:00.000Z,2024|trending|vlog,3601,119,6,15,https://i.ytimg.com/vi/NS9Dl4NU0Ht/default.jpg,False,True,False,Auto-generated sample description for Gaming video.
8b-9Mb3LDaV,24.12.03,Top 10 Music Moments This Week,Channel_3373,2,2024-03-11T15:00:00.000Z,trending|2024|vlog,51316,2503,35,342,https://i.ytimg.com/vi/FuXWCHk2EIK/default.jpg,False,False,False,Auto-generated sample description for Music video.
rLo65I-yPct,24.08.12,Official Music Highlights,Channel_4383,2,2024-12-05T03:00:00.000Z,music|live|review,125612,1739,756,116,https://i.ytimg.com/vi/KIq4bDltb_B/default.jpg,False,False,False,Auto-generated sample description for Music video.
eQkshIYj8xy,24.23.12,Why This Music Video Went Viral,Channel_3126,10,2024-12-23T00:00:00.000Z,review|music|vlog,122745,5032,145,1982,https://i.ytimg.com/vi/FX4Fez6mA8X/default.jpg,False,False,False,Auto-generated sample description for Music video.
pG9MzUgBoE3,24.22.09,Why This Music Video Went Viral,Channel_124,2,2024-09-20T16:00:00.000Z,live|official|trending,126745,6142,244,564,https://i.ytimg.com/vi/pYFbf8tVlFu/default.jpg,False,False,False,Auto-generated sample description for Music video.
hhTtnq-DOS4,24.23.05,Reacting to Entertainment Trends,Channel_1581,19,2024-05-23T05:00:00.000Z,music|vlog|2024,9506,423,31,93,https://i.ytimg.com/vi/TrGf-4L-yxS/default.jpg,False,False,False,Auto-generated sample description for Entertainment video.
uit5LHU6aWx,24.17.09,Official Music Highlights,Channel_2983,10,2024-09-14T14:00:00.000Z,review|trending|live,358953,21464,242,3253,https://i.ytimg.com/vi/PiXy_tKP0Po/default.jpg,False,False,False,Auto-generated sample description for Music video.
ezn-ymeX-Gg,24.29.08,Why This Sports Video Went Viral,Channel_1809,7,2024-08-29T05:00:00.000Z,trending|vlog|music,1539,92,2,15,https://i.ytimg.com/vi/bA-k7hU1VhI/default.jpg,False,False,False,Auto-generated sample description for Sports video.
mmDXyyFw1nT,24.26.11,Reacting to Music Trends,Channel_3758,10,2024-11-25T21:00:00.000Z,vlog|review|2024,21715,908,96,85,https://i.ytimg.com/vi/nvxZRu4TOPV/default.jpg,False,False,False,Auto-generated sample description for Music video.
BWGU55YaeKc,24.09.01,Behind the Scenes: Music,Channel_1107,2,2024-01-05T17:00:00.000Z,official|music|review,114018,1282,1058,2173,https://i.ytimg.com/vi/CBOcJtme6Tt/default.jpg,False,False,False,Auto-generated sample description for Music video.
lZBjP9w-mMe,24.08.12,Reacting to Entertainment Trends,Channel_4721,19,2024-12-05T14:00:00.000Z,2024|music|vlog,77624,6050,444,157,https://i.ytimg.com/vi/QS31pDbWgNf/default.jpg,False,False,False,Auto-generated sample description for Entertainment video.
Y5lC3LYsqRk,24.04.02,Music Compilation 2024,Channel_4682,10,2024-01-31T16:00:00.000Z,vlog|music|trending,20692,1035,40,308,https://i.ytimg.com/vi/ZHkZ3qr9z-Y/default.jpg,False,False,False,Auto-generated sample description for Music video.
jI3Plo02USy,24.20.10,Why This Science & Technology Video Went Viral,Channel_2823,18,2024-10-20T08:00:00.000Z,trending|vlog|music,45733,2089,158,887,https://i.ytimg.com/vi/NvS4s4fDzVt/default.jpg,False,False,False,Auto-generated sample description for Science & Technology video.
sKbRoN58cQA,24.28.03,Reacting to Music Trends,Channel_4408,2,2024-03-27T19:00:00.000Z,live|review|trending,4416,187,41,65,https://i.ytimg.com/vi/H9scWfGvhKz/default.jpg,False,False,False,Auto-generated sample description for Music video.
XIUncLXDWmO,24.17.04,Music Compilation 2024,Channel_4892,10,2024-04-13T15:00:00.000Z,trending|music|live,9636,259,61,178,https://i.ytimg.com/vi/z6cfFNQ-Yuc/default.jpg,False,False,False,Auto-generated sample description for Music video.
JhGXdJCtRYr,24.01.02,Official Music Highlights,Channel_3132,10,2024-01-29T10:00:00.000Z,trending|vlog|review,28809,466,198,205,https://i.ytimg.com/vi/D1Et2NQ5qAr/default.jpg,False,False,False,Auto-generated sample description for Music video.
r3suOipxOsd,24.07.12,Why This Entertainment Video Went Viral,Channel_3392,19,2024-12-03T10:00:00.000Z,2024|official|review,59487,1990,507,633,https://i.ytimg.com/vi/JtynqxdIDDD/default.jpg,False,False,False,Auto-generated sample description for Entertainment video.
8VxX-8ruyCe,24.29.02,Music Compilation 2024,Channel_123,10,2024-02-26T03:00:00.000Z,official|2024|live,32829,594,292,329,https://i.ytimg.com/vi/zAiw4-P6F2Z/default.jpg,False,False,False,Auto-generated sample description for Music video.
en56fFYfXgy,24.15.06,Why This Music Video Went Viral,Channel_3601,10,2024-06-14T12:00:00.000Z,2024|official|vlog,96677,2906,176,879,https://i.ytimg.com/vi/7v2Lgs75lox/default.jpg,False,False,False,Auto-generated sample description for Music video.
5dw6z6lGPup,24.14.02,Official Comedy Highlights,Channel_936,5,2024-02-13T00:00:00.000Z,vlog|2024|official,17095,906,69,225,https://i.ytimg.com/vi/kXuWWfvQtus/default.jpg,False,False,False,Auto-generated sample description for Comedy video.
5KxpqzaGb6_,24.31.07,Gaming Compilation 2024,Channel_4453,6,2024-07-31T13:00:00.000Z,review|music|trending,25188,946,206,198,https://i.ytimg.com/vi/_EB8604kaFJ/default.jpg,False,False,False,Auto-generated sample description for Gaming video.
SeseMQlgn1w,24.09.11,Top 10 Music Moments This Week,Channel_2330,10,2024-11-09T21:00:00.000Z,trending|vlog|review,64714,2209,291,158,https://i.ytimg.com/vi/w6UelMPVWi2/default.jpg,False,False,False,Auto-generated sample description for Music video.
Q0AAhnl9K2O,24.13.09,Why This Music Video Went Viral,Channel_4305,10,2024-09-09T21:00:00.000Z,trending|review|official,189328,12016,606,3002,https://i.ytimg.com/vi/q___xDLyapd/default.jpg,False,False,False,Auto-generated sample description for Music video.
10fQSBbzKGi,24.14.05,Why This Music Video Went Viral,Channel_2460,2,2024-05-14T22:00:00.000Z,trending|review|official,26036,1071,148,87,https://i.ytimg.com/vi/aoQRYdwyQR9/default.jpg,False,False,False,Auto-generated sample description for Music video.
Q70hMOcAQTi,25.26.01,Top 10 Entertainment Moments This Week,Channel_2298,19,2025-01-26T10:00:00.000Z,review|music|official,8907,614,31,87,https://i.ytimg.com/vi/WvXxoNOeI0l/default.jpg,False,False,False,Auto-generated sample description for Entertainment video.
MwoVezl4d9t,25.11.01,Top 10 Entertainment Moments This Week,Channel_2787,19,2025-01-07T11:00:00.000Z,2024|vlog|trending,52734,2388,71,462,https://i.ytimg.com/vi/NPsmqAe6Xoa/default.jpg,False,False,False,Auto-generated sample description for Entertainment video.
fnNcNAPzyKJ,24.22.04,Behind the Scenes: Music,Channel_2615,2,2024-04-21T19:00:00.000Z,review|2024|music,58800,2664,509,543,https://i.ytimg.com/vi/ItuJobnASOI/default.jpg,False,False,False,Auto-generated sample description for Music video.
R4gqd8gnXgl,24.14.01,Music Compilation 2024,Channel_3211,10,2024-01-13T09:00:00.000Z,live|vlog|trending,25101,1966,57,160,https://i.ytimg.com/vi/5TNQzk7ql7m/default.jpg,False,False,False,Auto-generated sample description for Music video.
CsHUYxQP6-d,24.25.05,Official Music Highlights,Channel_3894,2,2024-05-22T08:00:00.000Z,music|official|2024,25653,582,177,144,https://i.ytimg.com/vi/7vKSqnZnPjM/default.jpg,False,False,False,Auto-generated sample description for Music video.
9XiRA33REwj,24.27.03,Reacting to Howto & Style Trends,Channel_4704,14,2024-03-26T20:00:00.000Z,review|2024|music,3233,114,27,37,https://i.ytimg.com/vi/7Pm4wNZinWP/default.jpg,False,False,False,Auto-generated sample description for Howto & Style video.
ast5LX5zAOM,24.29.10,Behind the Scenes: Comedy,Channel_2495,5,2024-10-25T03:00:00.000Z,2024|vlog|official,43200,1927,72,222,https://i.ytimg.com/vi/lbZqLhVgaTo/default.jpg,False,False,False,Auto-generated sample description for Comedy video.
OWZW3Bw8ryX,25.01.02,Why This Science & Technology Video Went Viral,Channel_3418,13,2025-02-01T07:00:00.000Z,live|official|review,4722,247,34,68,https://i.ytimg.com/vi/rbjcs-3rkr1/default.jpg,False,False,False,Auto-generated sample description for Science & Technology video.
625XTCx2a_E,24.07.01,Reacting to Sports Trends,Channel_4111,16,2024-01-06T21:00:00.000Z,official|2024|trending,23308,1103,51,290,https://i.ytimg.com/vi/Uee9Vo9ksJ7/default.jpg,False,False,False,Auto-generated sample description for Sports video.
jNgRb868Q1T,24.14.01,Why This Film & Animation Video Went Viral,Channel_2370,17,2024-01-14T06:00:00.000Z,live|music|trending,6285,110,17,36,https://i.ytimg.com/vi/MHh8vgLdK-k/default.jpg,False,False,False,Auto-generated sample description for Film & Animation video.
JGbowt5VwHE,24.06.02,Music Compilation 2024,Channel_1482,2,2024-02-05T00:00:00.000Z,review|trending|music,46711,1726,173,322,https://i.ytimg.com/vi/Rkst_0XE4vA/default.jpg,False,False,False,Auto-generated sample description for Music video.
gv7Z8M8DWX8,24.03.08,Why This Entertainment Video Went Viral,Channel_1190,19,2024-07-31T07:00:00.000Z,trending|2024|music,52671,4179,490,544,https://i.ytimg.com/vi/K5WOfmT3IQI/default.jpg,False,False,False,Auto-generated sample description for Entertainment video.
EyRxObbib0m,24.03.11,Behind the Scenes: Nonprofits & Activism,Channel_852,4,2024-11-02T18:00:00.000Z,vlog|2024|official,11138,769,100,99,https://i.ytimg.com/vi/CKGyedlhBpp/default.jpg,False,False,False,Auto-generated sample description for Nonprofits & Activism video.
xoxGL7j6J2P,24.07.02,Why This Music Video Went Viral,Channel_1327,2,2024-02-07T15:00:00.000Z,review|music|official,15893,263,158,246,https://i.ytimg.com/vi/hWXQhHHw4i-/default.jpg,False,False,False,Auto-generated sample description for Music video.
3Bn4HnejjG5,24.11.02,Official Music Highlights,Channel_4078,10,2024-02-09T06:00:00.000Z,live|vlog|music,33138,2185,206,570,https://i.ytimg.com/vi/eXItQYa-93Z/default.jpg,False,False,False,Auto-generated sample description for Music video.
9pTQMZhlURk,24.20.06,Sports Compilation 2024,Channel_2376,7,2024-06-19T20:00:00.000Z,vlog|live|review,27443,1135,82,223,https://i.ytimg.com/vi/fXyMXnT-k4y/default.jpg,False,False,False,Auto-generated sample description for Sports video.
iN_5ceRhRfZ,24.18.06,Official Entertainment Highlights,Channel_1735,19,2024-06-16T05:00:00.000Z,review|vlog|trending,57018,2270,206,587,https://i.ytimg.com/vi/6tDjes-c8fF/default.jpg,False,False,False,Auto-generated sample description for Entertainment video.
m6vino_Ciz2,24.29.11,Why This Entertainment Video Went Viral,Channel_3294,19,2024-11-25T05:00:00.000Z,official|music|trending,55295,1915,324,473,https://i.ytimg.com/vi/rPBfwQipJs1/default.jpg,False,False,False,Auto-generated sample description for Entertainment video.
rmWuc-kaawl,24.02.08,Reacting to Gaming Trends,Channel_4864,6,2024-07-29T03:00:00.000Z,official|2024|vlog,7485,581,63,24,https://i.ytimg.com/vi/qAsI50Ewex_/default.jpg,False,False,False,Auto-generated sample description for Gaming video.
EypmUC7AJgy,24.13.08,Official Entertainment Highlights,Channel_1223,19,2024-08-13T16:00:00.000Z,vlog|2024|review,245919,6994,2294,675,https://i.ytimg.com/vi/wufgUKA3GQ6/default.jpg,False,False,False,Auto-generated sample description for Entertainment video.
-ojE4P1zPDo,24.13.04,Why This Comedy Video Went Viral,Channel_1866,5,2024-04-13T15:00:00.000Z,music|live|2024,3945,264,4,41,https://i.ytimg.com/vi/zWCj8-g3sB6/default.jpg,False,False,False,Auto-generated sample description for Comedy video.
IzQqehJro76,24.25.08,Music Compilation 2024,Channel_1403,10,2024-08-23T16:00:00.000Z,review|official|live,10874,789,24,73,https://i.ytimg.com/vi/LuvDl0-B87J/default.jpg,True,False,False,Auto-generated sample description for Music video.
Cta1ff8e2Y9,24.19.12,Reacting to Comedy Trends,Channel_803,5,2024-12-15T11:00:00.000Z,2024|review|live,7114,123,71,66,https://i.ytimg.com/vi/kb0BqTLElc9/default.jpg,False,False,False,Auto-generated sample description for Comedy video.
67rZxV7ajXQ,24.07.05,Behind the Scenes: Entertainment,Channel_268,19,2024-05-05T08:00:00.000Z,official|2024|review,241855,4348,2256,4589,https://i.ytimg.com/vi/AkQhUgoXU7f/default.jpg,False,False,False,Auto-generated sample description for Entertainment video.
ArQEo9ACPTI,24.09.10,Behind the Scenes: Music,Channel_3465,2,2024-10-09T01:00:00.000Z,official|music|vlog,32224,750,291,175,https://i.ytimg.com/vi/VS5-p8L5Viy/default.jpg,False,False,False,Auto-generated sample description for Music video.
jnvJos_tAcL,25.18.01,Music Compilation 2024,Channel_4436,2,2025-01-14T17:00:00.000Z,live|2024|official,29063,980,195,67,https://i.ytimg.com/vi/14cLyicDQ0R/default.jpg,False,False,False,Auto-generated sample description for Music video.
46MqNvHD9VK,24.29.04,Official Music Highlights,Channel_1216,10,2024-04-28T01:00:00.000Z,official|review|2024,41335,1339,165,453,https://i.ytimg.com/vi/vuKxwtuEofO/default.jpg,False,False,False,Auto-generated sample description for Music video.
OSsV5uMpdZ_,24.08.09,Top 10 People & Blogs Moments This Week,Channel_3753,20,2024-09-07T08:00:00.000Z,official|live|music,11516,426,27,64,https://i.ytimg.com/vi/QL8Ls4Ro9fr/default.jpg,False,False,False,Auto-generated sample description for People & Blogs video.
TlPhyCJzck5,25.25.01,Reacting to Entertainment Trends,Channel_716,19,2025-01-21T12:00:00.000Z,trending|2024|live,19824,1269,81,237,https://i.ytimg.com/vi/-OhUYs2VXVb/default.jpg,False,False,False,Auto-generated sample description for Entertainment video.
414Ku21rlsA,25.29.01,Why This Sports Video Went Viral,Channel_3889,16,2025-01-29T10:00:00.000Z,review|trending|official,25278,356,115,356,https://i.ytimg.com/vi/iWla0I1w7rz/default.jpg,False,False,False,Auto-generated sample description for Sports video.
M_7CdatHM8p,24.19.10,Reacting to Entertainment Trends,Channel_2357,19,2024-10-16T19:00:00.000Z,2024|live|review,12544,236,95,130,https://i.ytimg.com/vi/FdpJ_iU93H8/default.jpg,False,False,False,Auto-generated sample description for Entertainment video.
HuhsO7rTugI,24.16.01,Why This Entertainment Video Went Viral,Channel_3437,19,2024-01-15T12:00:00.000Z,vlog|official|music,14390,903,122,251,https://i.ytimg.com/vi/LLjyxmvPOMI/default.jpg,False,False,False,Auto-generated sample description for Entertainment video.
brKV-0RunBt,24.16.05,Behind the Scenes: Music,Channel_1812,10,2024-05-15T16:00:00.000Z,review|live|trending,1045712,57919,4697,4358,https://i.ytimg.com/vi/o16joqc9SNU/default.jpg,False,False,False,Auto-generated sample description for Music video.
wMdpCqsDNqA,24.29.04,Top 10 Gaming Moments This Week,Channel_644,6,2024-04-26T22:00:00.000Z,2024|vlog|music,2946,212,22,12,https://i.ytimg.com/vi/jc93fzneh8p/default.jpg,False,False,False,Auto-generated sample description for Gaming video.
pAzxSdlsJST,24.18.10,Top 10 Film & Animation Moments This Week,Channel_4102,17,2024-10-18T00:00:00.000Z,review|vlog|trending,1442,45,4,1,https://i.ytimg.com/vi/EimbByKvamB/default.jpg,False,False,False,Auto-generated sample description for Film & Animation video.
nxTW2BD0oOp,24.14.07,Science & Technology Compilation 2024,Channel_904,13,2024-07-13T10:00:00.000Z,trending|live|2024,48143,3679,370,466,https://i.ytimg.com/vi/UKfkP_oXK6N/default.jpg,False,False,False,Auto-generated sample description for Science & Technology video.
2yi8Vwb-nY4,25.03.02,Behind the Scenes: Sports,Channel_697,7,2025-02-02T01:00:00.000Z,music|live|2024,21802,876,134,392,https://i.ytimg.com/vi/ZnviUzRzZpD/default.jpg,False,False,False,Auto-generated sample description for Sports video.
IZT8Z-Js6np,24.05.11,Why This Music Video Went Viral,Channel_4009,2,2024-11-01T11:00:00.000Z,2024|live|vlog,37310,1292,120,145,https://i.ytimg.com/vi/dmgi_dwWPtM/default.jpg,False,False,False,Auto-generated sample description for Music video.
7zL_-HRce3p,24.16.04,Sports Compilation 2024,Channel_3688,16,2024-04-15T22:00:00.000Z,official|2024|vlog,24536,360,106,50,https://i.ytimg.com/vi/6eewMv-3rNX/default.jpg,False,False,False,Auto-generated sample description for Sports video.
88uhYH_WTKP,24.30.05,Official Comedy Highlights,Channel_231,5,2024-05-30T19:00:00.000Z,trending|music|live,207039,10384,1083,2446,https://i.ytimg.com/vi/USdRWm2ST0S/default.jpg,False,False,False,Auto-generated sample description for Comedy video.
iNoRvcPe621,24.15.08,Why This Entertainment Video Went Viral,Channel_168,19,2024-08-15T01:00:00.000Z,vlog|2024|trending,80176,4672,701,617,https://i.ytimg.com/vi/cOWXPm-mAR_/default.jpg,False,False,False,Auto-generated sample description for Entertainment video.
3z_jBKHgMZC,24.31.01,Behind the Scenes: Comedy,Channel_754,5,2024-01-27T19:00:00.000Z,vlog|trending|music,72989,4448,236,1066,https://i.ytimg.com/vi/RIi82ASjMM3/default.jpg,False,False,False,Auto-generated sample description for Comedy video.
xcx_B7I3hzU,24.05.04,Music Compilation 2024,Channel_1211,2,2024-04-03T12:00:00.000Z,live|review|official,24092,280,24,413,https://i.ytimg.com/vi/30OiA0IKuGE/default.jpg,False,False,False,Auto-generated sample description for Music video.
7-32ezuIrdH,24.01.03,Why This Entertainment Video Went Viral,Channel_4512,19,2024-03-01T19:00:00.000Z,live|vlog|music,21151,935,111,418,https://i.ytimg.com/vi/-chkOMi0UlY/default.jpg,False,False,False,Auto-generated sample description for Entertainment video.
pG_lEpOQXE2,24.16.04,Top 10 Music Moments This Week,Channel_1182,2,2024-04-15T09:00:00.000Z,music|live|vlog,333133,24000,2271,4617,https://i.ytimg.com/vi/J40Gh-VoO28/default.jpg,False,False,False,Auto-generated sample description for Music video.
VNcegEGXNUp,24.10.04,Behind the Scenes: Music,Channel_1937,2,2024-04-10T08:00:00.000Z,review|2024|vlog,33571,1421,121,216,https://i.ytimg.com/vi/bYGMlEMAu4O/default.jpg,False,False,False,Auto-generated sample description for Music video.
-80Q2muHiT1,24.05.12,Behind the Scenes: Music,Channel_4487,10,2024-12-05T05:00:00.000Z,vlog|official|2024,2192,114,3,30,https://i.ytimg.com/vi/dgx4raZzNOk/default.jpg,False,False,False,Auto-generated sample description for Music video.
q0O59rHwPKz,24.18.01,Official Entertainment Highlights,Channel_3396,19,2024-01-18T17:00:00.000Z,official|live|2024,40253,535,311,795,https://i.ytimg.com/vi/WCccDl7zHvg/default.jpg,False,False,False,Auto-generated sample description for Entertainment video.
pb36_pCAyIK,24.27.08,Reacting to Music Trends,Channel_4049,2,2024-08-26T22:00:00.000Z,2024|live|review,388965,24475,1521,277,https://i.ytimg.com/vi/ABKy1x0sdLH/default.jpg,False,False,False,Auto-generated sample description for Music video.
kb8rPYBX2Gj,24.16.11,Official Gaming Highlights,Channel_4563,6,2024-11-12T17:00:00.000Z,music|review|official,4824,90,27,58,https://i.ytimg.com/vi/E8TfaGWMYVq/default.jpg,False,False,False,Auto-generated sample description for Gaming video.
R7qlO3sHoOf,24.14.05,Top 10 Science & Technology Moments This Week,Channel_4090,18,2024-05-11T21:00:00.000Z,review|official|vlog,1791,48,10,11,https://i.ytimg.com/vi/3KHHO3vO-t4/default.jpg,False,False,False,Auto-generated sample description for Science & Technology video.
73o_f4T-6_o,24.14.02,Reacting to People & Blogs Trends,Channel_1213,20,2024-02-12T05:00:00.000Z,music|official|review,2704,105,15,27,https://i.ytimg.com/vi/AKxvIBax1jF/default.jpg,False,False,False,Auto-generated sample description for People & Blogs video.
pYVnPtdk696,24.06.11,Reacting to Music Trends,Channel_2207,10,2024-11-02T02:00:00.000Z,trending|vlog|music,14235,1070,23,62,https://i.ytimg.com/vi/Qf5PqBgKPhj/default.jpg,False,False,False,Auto-generated sample description for Music video.
ZlcAuXZKtpM,24.01.11,Music Compilation 2024,Channel_3542,2,2024-10-29T19:00:00.000Z,vlog|official|trending,1611,23,11,20,https://i.ytimg.com/vi/qTmVz-5X8I2/default.jpg,False,False,False,Auto-generated sample description for Music video.
lfR7Ct_kL73,24.25.08,Official Music Highlights,Channel_3913,2,2024-08-23T15:00:00.000Z,official|live|vlog,5732,186,40,109,https://i.ytimg.com/vi/MF2Lgjfn20m/default.jpg,False,False,False,Auto-generated sample description for Music video.
co7wxYfk1MO,24.05.08,Behind the Scenes: Nonprofits & Activism,Channel_3728,4,2024-08-03T11:00:00.000Z,review|vlog|2024,7958,635,16,35,https://i.ytimg.com/vi/HRxBxkHn3ca/default.jpg,False,True,False,Auto-generated sample description for Nonprofits & Activism video.
-MUYMlqrbyo,24.22.09,Official Music Highlights,Channel_1542,2,2024-09-19T16:00:00.000Z,review|music|live,26405,1011,159,314,https://i.ytimg.com/vi/9sE3ylM7s82/default.jpg,False,False,False,Auto-generated sample description for Music video.
8c5FzLYgQbn,24.12.02,Reacting to Howto & Style Trends,Channel_3538,14,2024-02-10T06:00:00.000Z,2024|review|trending,3545,190,19,43,https://i.ytimg.com/vi/Le-Z--Dhc2O/default.jpg,False,False,False,Auto-generated sample description for Howto & Style video.
S53cuKy8S4D,24.02.04,Behind the Scenes: Music,Channel_1800,2,2024-03-29T16:00:00.000Z,trending|vlog|official,1770,101,2,21,https://i.ytimg.com/vi/7qLX1U8uAKl/default.jpg,False,False,False,Auto-generated sample description for Music video.
1_MEAgcTHTu,24.13.12,Top 10 Music Moments This Week,Channel_4125,10,2024-12-11T16:00:00.000Z,music|review|official,327573,16835,1217,3014,https://i.ytimg.com/vi/3oDpC-HRTfI/default.jpg,False,False,False,Auto-generated sample description for Music video.
g46onnfnvpA,24.31.05,Why This Sports Video Went Viral,Channel_1287,16,2024-05-29T21:00:00.000Z,vlog|official|2024,119951,1622,222,511,https://i.ytimg.com/vi/_mtUQrpz41a/default.jpg,False,False,False,Auto-generated sample description for Sports video.
V1UFt1Dr200,24.06.06,Music Compilation 2024,Channel_4229,10,2024-06-02T17:00:00.000Z,review|vlog|official,628365,10935,2333,10309,https://i.ytimg.com/vi/d4sbikROZv3/default.jpg,False,False,False,Auto-generated sample description for Music video.
hL1ZMOSbJsZ,24.21.12,Music Compilation 2024,Channel_1681,2,2024-12-19T12:00:00.000Z,trending|review|vlog,12377,472,12,229,https://i.ytimg.com/vi/4SZzMkeQXqK/default.jpg,False,False,False,Auto-generated sample description for Music video.
cdHEM2ohVHT,24.04.10,Official Entertainment Highlights,Channel_392,19,2024-09-30T21:00:00.000Z,review|vlog|music,118844,8005,622,137,https://i.ytimg.com/vi/5Ma6REDSMKr/default.jpg,False,False,False,Auto-generated sample description for Entertainment video.
U6ms20klh2q,24.02.08,Sports Compilation 2024,Channel_1760,16,2024-07-31T14:00:00.000Z,2024|music|official,6476,88,61,121,https://i.ytimg.com/vi/ZYH_24-1usq/default.jpg,False,False,False,Auto-generated sample description for Sports video.
B68euVp0opV,24.01.12,Behind the Scenes: Sports,Channel_2373,16,2024-11-30T03:00:00.000Z,music|trending|live,5875,107,8,29,https://i.ytimg.com/vi/pVNVML-dss1/default.jpg,False,False,False,Auto-generated sample description for Sports video.
-apSif19N5R,24.31.05,Music Compilation 2024,Channel_3894,2,2024-05-27T14:00:00.000Z,review|vlog|trending,18327,459,37,210,https://i.ytimg.com/vi/qr655tPl0XD/default.jpg,False,False,False,Auto-generated sample description for Music video.
JlvdNpkygy8,24.12.09,Behind the Scenes: Music,Channel_153,2,2024-09-09T14:00:00.000Z,music|vlog|trending,26728,1976,242,445,https://i.ytimg.com/vi/xcJAF4kPZf-/default.jpg,False,False,False,Auto-generated sample description for Music video.
OWGlomvKsxG,24.08.11,Official Entertainment Highlights,Channel_1264,19,2024-11-08T08:00:00.000Z,official|2024|live,122640,1367,1177,1461,https://i.ytimg.com/vi/hPxdhMXmOs0/default.jpg,False,False,False,Auto-generated sample description for Entertainment video.
EE_XoIhO70i,24.10.04,Sports Compilation 2024,Channel_237,7,2024-04-09T12:00:00.000Z,2024|vlog|live,11672,531,54,83,https://i.ytimg.com/vi/cImFqM05kAs/default.jpg,False,False,False,Auto-generated sample description for Sports video.
5fa7Lvah9IG,24.08.08,Reacting to Gaming Trends,Channel_3115,6,2024-08-05T11:00:00.000Z,official|vlog|live,39792,879,140,247,https://i.ytimg.com/vi/KfuiMlYprJ3/default.jpg,False,False,False,Auto-generated sample description for Gaming video.
H5IFPRA6Qcr,24.14.04,Reacting to Music Trends,Channel_17,10,2024-04-14T10:00:00.000Z,trending|2024|music,2276,68,16,2,https://i.ytimg.com/vi/bw0-Ykjd4pT/default.jpg,False,False,False,Auto-generated sample description for Music video.
bp7Vy4bCcJT,24.29.08,Top 10 Science & Technology Moments This Week,Channel_738,13,2024-08-29T09:00:00.000Z,review|trending|official,51782,2976,393,547,https://i.ytimg.com/vi/CD_UeJ_AazY/default.jpg,False,False,False,Auto-generated sample description for Science & Technology video.
wiqiqHDJycG,24.15.08,Reacting to Entertainment Trends,Channel_4589,19,2024-08-11T17:00:00.000Z,2024|music|review,460226,25703,4582,371,https://i.ytimg.com/vi/gP30Jp7_UfC/default.jpg,False,False,False,Auto-generated sample description for Entertainment video.
QkdC2jFzvQN,24.18.02,Official Comedy Highlights,Channel_793,5,2024-02-18T21:00:00.000Z,music|2024|vlog,32123,1715,228,554,https://i.ytimg.com/vi/dQGFn8ERgQE/default.jpg,False,False,False,Auto-generated sample description for Comedy video.
pkheWOiqh4h,24.27.06,Why This Entertainment Video Went Viral,Channel_3538,19,2024-06-27T07:00:00.000Z,music|review|vlog,3392,52,7,1,https://i.ytimg.com/vi/gLWZm0Db6X7/default.jpg,False,False,False,Auto-generated sample description for Entertainment video.
d6QynnbiyqG,24.19.09,Why This Music Video Went Viral,Channel_3449,2,2024-09-18T02:00:00.000Z,2024|vlog|trending,244643,9337,1906,4383,https://i.ytimg.com/vi/4xFrfhqN3TN/default.jpg,False,False,False,Auto-generated sample description for Music video.
LVbshEg2Szz,25.18.01,Reacting to Music Trends,Channel_1649,10,2025-01-15T09:00:00.000Z,review|music|official,14596,236,63,275,https://i.ytimg.com/vi/y87QQM1Qun6/default.jpg,False,False,False,Auto-generated sample description for Music video.
D7BE9QWAZxa,24.05.09,Why This People & Blogs Video Went Viral,Channel_82,12,2024-09-02T05:00:00.000Z,music|official|review,32941,2066,26,109,https://i.ytimg.com/vi/osL4yUfdzzK/default.jpg,False,False,False,Auto-generated sample description for People & Blogs video.
wzcwHmcrWoR,24.07.11,Top 10 Music Moments This Week,Channel_2500,2,2024-11-05T06:00:00.000Z,2024|live|official,4671,336,38,47,https://i.ytimg.com/vi/Vv3ipsqyyWV/default.jpg,False,False,False,Auto-generated sample description for Music video.
yLtPFgJq-Ak,24.17.12,Music Compilation 2024,Channel_532,2,2024-12-16T22:00:00.000Z,live|trending|2024,158799,11157,1321,2872,https://i.ytimg.com/vi/V_7wPV9_8IZ/default.jpg,False,False,False,Auto-generated sample description for Music video.
5EYBN2WuVGk,24.18.05,Top 10 Education Moments This Week,Channel_689,9,2024-05-17T06:00:00.000Z,official|2024|trending,44667,2232,201,510,https://i.ytimg.com/vi/TDf7R25730V/default.jpg,False,False,False,Auto-generated sample description for Education video.
jTkLkJDmpjU,24.29.07,Official Entertainment Highlights,Channel_4474,19,2024-07-27T09:00:00.000Z,live|official|review,103353,4626,923,1321,https://i.ytimg.com/vi/QGMJyrHbMKS/default.jpg,False,False,False,Auto-generated sample description for Entertainment video.
8tYDDA8D77R,24.03.11,Official Music Highlights,Channel_2565,10,2024-10-30T13:00:00.000Z,review|live|2024,288608,19511,688,4177,https://i.ytimg.com/vi/1A45dVrqNb_/default.jpg,False,False,False,Auto-generated sample description for Music video.
ZMPcertQYWA,24.26.09,Entertainment Compilation 2024,Channel_522,19,2024-09-22T19:00:00.000Z,trending|2024|live,169751,12173,1261,2728,https://i.ytimg.com/vi/8nQ5Mlvnwe-/default.jpg,False,False,False,Auto-generated sample description for Entertainment video.
Li6hVbvP0Yu,25.07.01,Official Entertainment Highlights,Channel_1058,19,2025-01-05T09:00:00.000Z,trending|2024|vlog,81450,5455,616,760,https://i.ytimg.com/vi/iXAqAN38uNz/default.jpg,False,False,False,Auto-generated sample description for Entertainment video.
iZFQ-67flK6,24.08.06,Why This Music Video Went Viral,Channel_2437,10,2024-06-06T05:00:00.000Z,2024|trending|live,209736,5412,1779,1726,https://i.ytimg.com/vi/1Fw36XxmYfE/default.jpg,False,False,False,Auto-generated sample description for Music video.
iB_0pVjnP05,24.07.07,Top 10 Science & Technology Moments This Week,Channel_2071,18,2024-07-05T14:00:00.000Z,live|trending|music,2344,170,2,27,https://i.ytimg.com/vi/7dj7WRZyYeb/default.jpg,False,False,False,Auto-generated sample description for Science & Technology video.
7ikF4r8Juvc,24.10.07,Behind the Scenes: Music,Channel_824,2,2024-07-07T18:00:00.000Z,live|official|music,28307,1218,170,290,https://i.ytimg.com/vi/YvjbIt4TwBe/default.jpg,False,False,False,Auto-generated sample description for Music video.
nXN4gagWzFV,24.24.08,Top 10 Music Moments This Week,Channel_1639,2,2024-08-21T06:00:00.000Z,music|review|2024,18800,1241,161,65,https://i.ytimg.com/vi/dbRyiCmvvf1/default.jpg,False,False,False,Auto-generated sample description for Music video.
Y2pDBnTPwbZ,25.18.01,Reacting to Entertainment Trends,Channel_2591,19,2025-01-14T08:00:00.000Z,music|2024|live,328628,18731,960,3439,https://i.ytimg.com/vi/6CiJVfiB0M_/default.jpg,False,False,False,Auto-generated sample description for Entertainment video.
vGmPXrQwO9i,24.17.01,Why This Entertainment Video Went Viral,Channel_145,19,2024-01-13T09:00:00.000Z,trending|review|2024,208208,14832,432,3431,https://i.ytimg.com/vi/WDbDcpNE2Fk/default.jpg,False,False,False,Auto-generated sample description for Entertainment video.
eE4QrJOf1Kd,24.14.10,Top 10 Comedy Moments This Week,Channel_2714,5,2024-10-10T10:00:00.000Z,official|live|vlog,6507,307,27,106,https://i.ytimg.com/vi/gFCWPx4ai-i/default.jpg,False,False,False,Auto-generated sample description for Comedy video.
wAEk27NvzF2,24.08.04,Top 10 Music Moments This Week,Channel_4964,10,2024-04-08T05:00:00.000Z,live|official|vlog,487232,10683,3218,9478,https://i.ytimg.com/vi/5zI9kUYWv84/default.jpg,False,False,False,Auto-generated sample description for Music video.
9cW2kMtwGW7,24.07.01,Why This Music Video Went Viral,Channel_3716,10,2024-01-05T12:00:00.000Z,official|2024|trending,296922,7674,1567,5885,https://i.ytimg.com/vi/9jQr8ztyabV/default.jpg,False,False,False,Auto-generated sample description for Music video.
-Nj0epXuy3G,24.23.10,Reacting to Entertainment Trends,Channel_2856,19,2024-10-23T18:00:00.000Z,trending|vlog|2024,79200,2761,348,298,https://i.ytimg.com/vi/VhX2FF9eUds/default.jpg,False,False,False,Auto-generated sample description for Entertainment video.
ubolXYky2v2,24.11.08,Why This Music Video Went Viral,Channel_2476,10,2024-08-10T07:00:00.000Z,trending|review|2024,28018,2031,14,177,https://i.ytimg.com/vi/N0lnSsIAYNa/default.jpg,False,False,True,Auto-generated sample description for Music video.
1K3vwVxrz-x,24.22.08,Behind the Scenes: Education,Channel_904,9,2024-08-18T02:00:00.000Z,2024|trending|live,18020,409,99,257,https://i.ytimg.com/vi/xzhxyH04nvk/default.jpg,False,False,False,Auto-generated sample description for Education video.
9-mbhIafmBa,24.25.03,Sports Compilation 2024,Channel_4940,7,2024-03-23T04:00:00.000Z,trending|official|2024,76957,4889,302,1213,https://i.ytimg.com/vi/8R2RVROEUZW/default.jpg,False,False,False,Auto-generated sample description for Sports video.
ZrdpJFV580y,24.05.02,Official Music Highlights,Channel_2640,10,2024-02-02T20:00:00.000Z,music|vlog|official,35042,903,258,589,https://i.ytimg.com/vi/fP4D-ZkS28m/default.jpg,False,False,False,Auto-generated sample description for Music video.
eq_lM7v5o9E,24.18.09,Top 10 People & Blogs Moments This Week,Channel_1734,12,2024-09-18T21:00:00.000Z,live|vlog|music,77558,4567,535,832,https://i.ytimg.com/vi/n3duPXJCG8p/default.jpg,False,False,False,Auto-generated sample description for People & Blogs video.
QCiRWW3DCHo,24.01.10,Why This Entertainment Video Went Viral,Channel_719,19,2024-09-27T19:00:00.000Z,music|review|official,8894,134,84,81,https://i.ytimg.com/vi/yoVqOWaNhyX/default.jpg,False,False,False,Auto-generated sample description for Entertainment video.
CnYb6OsLC_6,24.31.10,Top 10 Music Moments This Week,Channel_4928,10,2024-10-28T08:00:00.000Z,official|live|music,74844,4937,668,108,https://i.ytimg.com/vi/ONpJ9B_LWhQ/default.jpg,False,False,False,Auto-generated sample description for Music video.
gw-YMucYR28,24.12.02,Why This Comedy Video Went Viral,Channel_3207,5,2024-02-11T14:00:00.000Z,2024|music|trending,16229,457,28,45,https://i.ytimg.com/vi/KKyYmqPgM6u/default.jpg,False,False,False,Auto-generated sample description for Comedy video.
zbUnsW2vhmT,25.12.01,Comedy Compilation 2024,Channel_1472,5,2025-01-08T08:00:00.000Z,music|review|trending,1301,76,9,14,https://i.ytimg.com/vi/R3tZFepEY-M/default.jpg,False,False,False,Auto-generated sample description for Comedy video.
l7WJ4Vbpokp,24.20.08,Sports Compilation 2024,Channel_4176,16,2024-08-19T14:00:00.000Z,live|music|trending,2332,144,23,39,https://i.ytimg.com/vi/9JmxX93MqmP/default.jpg,False,False,False,Auto-generated sample description for Sports video.
cY-ipApxxa5,24.25.01,Why This Entertainment Video Went Viral,Channel_1008,19,2024-01-25T13:00:00.000Z,music|live|trending,11246,718,112,113,https://i.ytimg.com/vi/AulGekpMUv2/default.jpg,False,False,False,Auto-generated sample description for Entertainment video.
L4r-OTAmfEe,24.11.03,Top 10 Music Moments This Week,Channel_1161,2,2024-03-07T01:00:00.000Z,official|live|vlog,4076,134,30,16,https://i.ytimg.com/vi/BTJq2jGHWuZ/default.jpg,False,False,False,Auto-generated sample description for Music video.
AjIyVu1tO3W,24.25.04,Official Music Highlights,Channel_4945,2,2024-04-23T13:00:00.000Z,live|music|official,11239,143,8,128,https://i.ytimg.com/vi/po0iQlUQIsC/default.jpg,False,False,False,Auto-generated sample description for Music video.
pwN-mSKImgv,25.20.01,Why This Music Video Went Viral,Channel_3192,10,2025-01-17T22:00:00.000Z,live|official|trending,119881,3614,833,186,https://i.ytimg.com/vi/Z9qHbtqsWIg/default.jpg,False,False,False,Auto-generated sample description for Music video.
16x4T7KJ2DN,24.31.03,Reacting to Music Trends,Channel_713,2,2024-03-29T10:00:00.000Z,official|2024|review,170208,4323,1398,2529,https://i.ytimg.com/vi/lkjElvhkK_b/default.jpg,False,False,False,Auto-generated sample description for Music video.
pZbya2SFf5v,24.18.04,Reacting to Entertainment Trends,Channel_4289,19,2024-04-18T08:00:00.000Z,live|review|music,163540,9463,1081,2154,https://i.ytimg.com/vi/UrTg2_WvVoR/default.jpg,False,False,False,Auto-generated sample description for Entertainment video.
M9LHBaYBNe7,24.25.03,Behind the Scenes: Gaming,Channel_4000,6,2024-03-24T13:00:00.000Z,music|official|review,6638,267,30,35,https://i.ytimg.com/vi/6QMTnaSxZTb/default.jpg,False,False,False,Auto-generated sample description for Gaming video.
p-atGC8YVMU,24.22.06,Music Compilation 2024,Channel_1493,2,2024-06-21T18:00:00.000Z,trending|official|music,84008,5353,342,664,https://i.ytimg.com/vi/44urT3aTzoy/default.jpg,False,False,False,Auto-generated sample description for Music video.
z9Ip1-_qPZX,24.28.10,Top 10 Entertainment Moments This Week,Channel_899,19,2024-10-26T10:00:00.000Z,music|review|live,36244,2746,245,323,https://i.ytimg.com/vi/tSbEgR2b39L/default.jpg,False,False,False,Auto-generated sample description for Entertainment video.
xFJoHF2z8nx,24.21.02,Top 10 Music Moments This Week,Channel_4844,2,2024-02-19T09:00:00.000Z,vlog|review|live,34182,1102,50,293,https://i.ytimg.com/vi/DpqZeJys2cz/default.jpg,False,False,False,Auto-generated sample description for Music video.
DCR29h2gMoI,24.09.01,Why This Comedy Video Went Viral,Channel_2299,5,2024-01-09T05:00:00.000Z,official|vlog|2024,4457,55,28,42,https://i.ytimg.com/vi/FOgxfagPBK8/default.jpg,False,False,False,Auto-generated sample description for Comedy video.
QMombqQUUVE,24.01.01,Reacting to Music Trends,Channel_2261,2,2024-01-01T03:00:00.000Z,live|trending|2024,20169,589,86,218,https://i.ytimg.com/vi/lnqpfyy5mjR/default.jpg,False,False,False,Auto-generated sample description for Music video.
qy1GSU5p3i9,24.10.01,Music Compilation 2024,Channel_4291,2,2024-01-10T21:00:00.000Z,trending|music|live,146066,4825,834,704,https://i.ytimg.com/vi/JqLfhyY_jv4/default.jpg,False,False,False,Auto-generated sample description for Music video.
xauBb6HMCLI,24.01.09,Behind the Scenes: Music,Channel_976,2,2024-09-01T22:00:00.000Z,live|review|music,49654,1005,487,622,https://i.ytimg.com/vi/ELfsJrIgFAo/default.jpg,True,False,False,Auto-generated sample description for Music video.
Hr0LPhbTCJw,24.02.06,Why This Music Video Went Viral,Channel_129,2,2024-06-02T21:00:00.000Z,trending|vlog|review,193482,4697,1241,1681,https://i.ytimg.com/vi/nWGA4CPIAYt/default.jpg,False,False,False,Auto-generated sample description for Music video.
_x6xwy-xKcN,24.26.01,Top 10 Music Moments This Week,Channel_1456,2,2024-01-24T21:00:00.000Z,review|2024|trending,261679,9561,1743,5069,https://i.ytimg.com/vi/yisj2F6Zmrb/default.jpg,False,False,False,Auto-generated sample description for Music video.
fqFkIsbbnRk,24.02.07,Top 10 Music Moments This Week,Channel_1141,2,2024-07-01T03:00:00.000Z,2024|trending|review,11346,231,63,154,https://i.ytimg.com/vi/uNQ9tFhIpcf/default.jpg,False,False,False,Auto-generated sample description for Music video.
CdD2XsTKCXo,24.06.01,Music Compilation 2024,Channel_1390,10,2024-01-03T03:00:00.000Z,music|live|review,332986,4133,2408,6655,https://i.ytimg.com/vi/KTjQpUkftw2/default.jpg,False,False,False,Auto-generated sample description for Music video.
MKSnI_VHjat,24.28.05,Reacting to Howto & Style Trends,Channel_1201,14,2024-05-26T16:00:00.000Z,official|live|2024,2708,138,18,32,https://i.ytimg.com/vi/59io2JslPqx/default.jpg,False,False,False,Auto-generated sample description for Howto & Style video.
QrFX1__DXk1,24.07.07,Behind the Scenes: Sports,Channel_4734,7,2024-07-07T07:00:00.000Z,review|vlog|live,27978,1382,248,377,https://i.ytimg.com/vi/lEUaAcU8roh/default.jpg,False,False,False,Auto-generated sample description for Sports video.
6s1FAChrpsW,24.22.11,Reacting to Gaming Trends,Channel_216,6,2024-11-21T03:00:00.000Z,vlog|2024|official,895,9,8,4,https://i.ytimg.com/vi/gnj9udsUskF/default.jpg,False,False,False,Auto-generated sample description for Gaming video.
rM80R4bKoth,24.19.12,Reacting to Music Trends,Channel_264,10,2024-12-16T03:00:00.000Z,trending|live|review,75192,2459,607,1441,https://i.ytimg.com/vi/ubY26HND2uI/default.jpg,False,False,False,Auto-generated sample description for Music video.
hCYxj79OZWv,24.04.03,Official Entertainment Highlights,Channel_3044,19,2024-03-03T00:00:00.000Z,vlog|2024|live,51447,3803,278,363,https://i.ytimg.com/vi/InnjUQdEKun/default.jpg,False,False,False,Auto-generated sample description for Entertainment video.
eEIkf9fgOlN,24.26.08,Official Entertainment Highlights,Channel_2922,19,2024-08-24T05:00:00.000Z,review|official|2024,17265,1136,167,42,https://i.ytimg.com/vi/yOYTqmQ0mtd/default.jpg,False,False,False,Auto-generated sample description for Entertainment video.
t7klDBsuR5q,24.06.07,Why This Music Video Went Viral,Channel_2383,2,2024-07-06T14:00:00.000Z,official|trending|2024,152050,4537,904,619,https://i.ytimg.com/vi/fXEAjt_mbsN/default.jpg,False,False,False,Auto-generated sample description for Music video.
OvLuiJUTljw,24.15.10,Reacting to Music Trends,Channel_3775,2,2024-10-11T16:00:00.000Z,official|2024|review,242710,11019,2010,3216,https://i.ytimg.com/vi/4rp-fUKZ0q4/default.jpg,False,False,False,Auto-generated sample description for Music video.
5HfhFbtnLWu,24.27.01,Behind the Scenes: Comedy,Channel_3271,5,2024-01-27T05:00:00.000Z,review|music|live,646,19,0,7,https://i.ytimg.com/vi/X7lS777nkxn/default.jpg,False,False,False,Auto-generated sample description for Comedy video.
OR-B8oJ6et8,24.26.11,Top 10 Comedy Moments This Week,Channel_1749,5,2024-11-24T07:00:00.000Z,official|trending|music,5373,114,33,85,https://i.ytimg.com/vi/WhU38BgBc2I/default.jpg,False,False,False,Auto-generated sample description for Comedy video.
51BHxgl2RMv,25.30.01,Top 10 Music Moments This Week,Channel_2862,10,2025-01-26T02:00:00.000Z,2024|review|vlog,72225,3113,485,331,https://i.ytimg.com/vi/u3TXbzjsPOb/default.jpg,False,False,False,Auto-generated sample description for Music video.
0Ha5q5meBy1,24.05.11,Reacting to Education Trends,Channel_4474,9,2024-11-05T13:00:00.000Z,review|live|trending,3173,86,24,6,https://i.ytimg.com/vi/WBSAybVUcMN/default.jpg,False,False,False,Auto-generated sample description for Education video.
0TT2Qow62Vw,24.01.11,Behind the Scenes: Music,Channel_4874,2,2024-10-31T16:00:00.000Z,live|trending|2024,288146,18025,945,5140,https://i.ytimg.com/vi/WK3Kmlnlc0n/default.jpg,False,False,False,Auto-generated sample description for Music video.
eL1BC6Woz8p,24.06.04,Why This Sports Video Went Viral,Channel_3801,7,2024-04-03T09:00:00.000Z,2024|vlog|review,37852,2890,51,259,https://i.ytimg.com/vi/aVCKIHN1Ea1/default.jpg,False,False,False,Auto-generated sample description for Sports video.
OQv3EYyYg2q,24.19.04,Reacting to Music Trends,Channel_3199,10,2024-04-16T19:00:00.000Z,vlog|live|2024,2491,124,8,8,https://i.ytimg.com/vi/Ou3DmqpYHuP/default.jpg,False,False,False,Auto-generated sample description for Music video.
dkWdq6TxECM,24.05.04,Top 10 Music Moments This Week,Channel_4387,2,2024-04-02T22:00:00.000Z,review|live|2024,47173,3080,52,257,https://i.ytimg.com/vi/HgJkscno6pn/default.jpg,False,False,False,Auto-generated sample description for Music video.
AYm-c0j-jA1,24.03.06,Entertainment Compilation 2024,Channel_2569,19,2024-05-31T21:00:00.000Z,vlog|2024|live,725024,7503,1631,9347,https://i.ytimg.com/vi/xMbwepRS9au/default.jpg,False,False,False,Auto-generated sample description for Entertainment video.
tBUoBdPrCkq,24.15.09,Why This Music Video Went Viral,Channel_2242,2,2024-09-14T21:00:00.000Z,2024|live|music,76511,4779,747,726,https://i.ytimg.com/vi/SL7_3ZyGwzJ/default.jpg,False,False,False,Auto-generated sample description for Music video.
A-352IOnX2z,24.05.09,Behind the Scenes: Entertainment,Channel_2892,19,2024-09-02T11:00:00.000Z,official|vlog|music,37211,626,247,586,https://i.ytimg.com/vi/5veG0LTYdox/default.jpg,False,False,False,Auto-generated sample description for Entertainment video.
VVsOpbObQB7,24.29.06,Behind the Scenes: Music,Channel_2635,2,2024-06-25T05:00:00.000Z,live|trending|music,65824,1651,201,800,https://i.ytimg.com/vi/XKBBnJj13OO/default.jpg,False,False,False,Auto-generated sample description for Music video.
pp5vPXEcKca,24.19.10,Entertainment Compilation 2024,Channel_2330,19,2024-10-19T10:00:00.000Z,live|2024|music,1198177,49391,5262,4850,https://i.ytimg.com/vi/fRci8m1MJOS/default.jpg,False,False,False,Auto-generated sample description for Entertainment video.
6_pVndCgbrn,24.31.12,Why This Entertainment Video Went Viral,Channel_3570,19,2024-12-28T07:00:00.000Z,live|review|music,242469,16270,1787,4230,https://i.ytimg.com/vi/yVagHfogMjH/default.jpg,False,False,False,Auto-generated sample description for Entertainment video.
r6pqOs05pE9,24.23.09,Reacting to People & Blogs Trends,Channel_4015,20,2024-09-20T17:00:00.000Z,official|review|2024,48264,1385,125,131,https://i.ytimg.com/vi/ClHLkTFAjj_/default.jpg,False,True,False,Auto-generated sample description for People & Blogs video.
nRAON6tnqCU,25.06.01,Entertainment Compilation 2024,Channel_3707,19,2025-01-02T20:00:00.000Z,review|trending|vlog,168071,4095,808,1876,https://i.ytimg.com/vi/zZyiJ2vNns7/default.jpg,False,False,False,Auto-generated sample description for Entertainment video.
d85THpkT3Bt,24.04.02,Science & Technology Compilation 2024,Channel_4114,18,2024-02-03T08:00:00.000Z,2024|trending|official,537,41,2,0,https://i.ytimg.com/vi/g4IVmgW2yLy/default.jpg,False,False,False,Auto-generated sample description for Science & Technology video.
gFoCogeIEim,24.03.11,Why This People & Blogs Video Went Viral,Channel_1856,12,2024-10-31T14:00:00.000Z,trending|vlog|2024,5102,391,12,97,https://i.ytimg.com/vi/YYmCI_AvASK/default.jpg,False,False,True,Auto-generated sample description for People & Blogs video.
9NEvOivxQ6s,24.03.05,Official Science & Technology Highlights,Channel_3888,18,2024-04-30T05:00:00.000Z,2024|official|music,1683,92,3,31,https://i.ytimg.com/vi/wHjvbT8a-F8/default.jpg,False,False,False,Auto-generated sample description for Science & Technology video.
vsmmMQ5-SG-,24.27.09,Why This Music Video Went Viral,Channel_2985,2,2024-09-26T06:00:00.000Z,2024|music|official,44320,1843,288,160,https://i.ytimg.com/vi/MQ9oIcs0CsT/default.jpg,False,False,False,Auto-generated sample description for Music video.
lyWnJ5wHSQY,24.19.03,Behind the Scenes: Music,Channel_3419,10,2024-03-17T04:00:00.000Z,official|review|live,96705,3217,352,904,https://i.ytimg.com/vi/fRp36SKob_s/default.jpg,False,False,False,Auto-generated sample description for Music video.
M-KiLb6fBKp,24.26.12,Official Music Highlights,Channel_4001,10,2024-12-26T02:00:00.000Z,official|music|2024,44086,2566,417,388,https://i.ytimg.com/vi/TagGrSKtlIs/default.jpg,False,False,False,Auto-generated sample description for Music video.
8TFX2ZmHMNw,24.07.11,Behind the Scenes: Entertainment,Channel_3571,19,2024-11-06T08:00:00.000Z,vlog|official|trending,219658,13898,1869,353,https://i.ytimg.com/vi/rzGr1zMNkM7/default.jpg,False,False,False,Auto-generated sample description for Entertainment video.
4OT7T27107d,24.15.09,Behind the Scenes: Music,Channel_217,10,2024-09-12T16:00:00.000Z,review|2024|music,90161,7187,99,1499,https://i.ytimg.com/vi/rMFVqLgYqZa/default.jpg,False,False,False,Auto-generated sample description for Music video.
InQmL9QhpgA,24.21.05,Behind the Scenes: Sports,Channel_1181,7,2024-05-21T02:00:00.000Z,trending|vlog|2024,80795,1847,41,983,https://i.ytimg.com/vi/rCtMNa-zoia/default.jpg,False,False,False,Auto-generated sample description for Sports video.
d4YhpMZ9xEH,24.08.05,Behind the Scenes: People & Blogs,Channel_3598,12,2024-05-04T22:00:00.000Z,review|vlog|trending,2316,34,2,42,https://i.ytimg.com/vi/p3scxsEvz89/default.jpg,False,False,False,Auto-generated sample description for People & Blogs video.
YXn712sdK6p,24.08.02,Behind the Scenes: Comedy,Channel_3191,5,2024-02-08T04:00:00.000Z,music|trending|official,18319,1099,113,255,https://i.ytimg.com/vi/e4fTr76JbuT/default.jpg,False,False,False,Auto-generated sample description for Comedy video.
iwtTR6rJMYi,25.28.01,Reacting to Music Trends,Channel_3963,2,2025-01-28T15:00:00.000Z,2024|review|trending,10023,792,68,143,https://i.ytimg.com/vi/xHqPSZifduD/default.jpg,False,False,False,Auto-generated sample description for Music video.
EnwX1ihGoej,25.11.01,Music Compilation 2024,Channel_3067,10,2025-01-09T05:00:00.000Z,trending|vlog|music,146334,5198,79,1520,https://i.ytimg.com/vi/wPn5WrzzG-4/default.jpg,False,False,False,Auto-generated sample description for Music video.
yldmAeraU0j,24.12.12,Why This Education Video Went Viral,Channel_1519,9,2024-12-11T03:00:00.000Z,vlog|review|trending,2927,41,3,42,https://i.ytimg.com/vi/_yA8TTri42W/default.jpg,False,False,False,Auto-generated sample description for Education video.
_DgQcCLGXTi,24.18.09,Top 10 Comedy Moments This Week,Channel_2360,5,2024-09-16T08:00:00.000Z,music|trending|vlog,5805,68,33,82,https://i.ytimg.com/vi/ENZho8HdeR1/default.jpg,False,False,False,Auto-generated sample description for Comedy video.
QhE_jeSj1k9,25.07.01,Top 10 Sports Moments This Week,Channel_2217,7,2025-01-04T21:00:00.000Z,vlog|music|review,29423,612,275,451,https://i.ytimg.com/vi/e_CS39MDchd/default.jpg,False,False,False,Auto-generated sample description for Sports video.
c9gXWq32ro4,24.14.02,Official Sports Highlights,Channel_3013,7,2024-02-13T02:00:00.000Z,official|live|review,34918,1367,18,60,https://i.ytimg.com/vi/3hEDlbD0fbF/default.jpg,False,False,False,Auto-generated sample description for Sports video.
SFLqY9pjjGA,24.26.10,Gaming Compilation 2024,Channel_2925,6,2024-10-26T08:00:00.000Z,review|live|2024,56497,3691,345,189,https://i.ytimg.com/vi/MULFIOngS0-/default.jpg,False,False,False,Auto-generated sample description for Gaming video.
ApVseE46oc_,24.30.10,Official Sports Highlights,Channel_2215,7,2024-10-30T15:00:00.000Z,official|trending|2024,19580,648,60,319,https://i.ytimg.com/vi/MkhJX_cWX4f/default.jpg,False,False,False,Auto-generated sample description for Sports video.
eSdRHBdR32h,24.12.07,Official Autos & Vehicles Highlights,Channel_4533,15,2024-07-12T10:00:00.000Z,2024|vlog|official,12755,732,29,167,https://i.ytimg.com/vi/72HuW7EqbJJ/default.jpg,False,False,False,Auto-generated sample description for Autos & Vehicles video.
JUIGbpNPHw4,25.17.01,Gaming Compilation 2024,Channel_142,6,2025-01-16T06:00:00.000Z,2024|music|review,8787,149,18,27,https://i.ytimg.com/vi/eT9B0hkJOi4/default.jpg,False,False,False,Auto-generated sample description for Gaming video.
wsgDoex4OfD,24.01.05,Official Entertainment Highlights,Channel_2123,19,2024-04-29T02:00:00.000Z,official|music|review,17106,1246,100,315,https://i.ytimg.com/vi/fESnj4ojEAP/default.jpg,False,False,False,Auto-generated sample description for Entertainment video.
KsdPUQ0V8Ld,25.24.01,Top 10 Entertainment Moments This Week,Channel_3018,19,2025-01-23T12:00:00.000Z,music|official|live,110642,7317,979,1074,https://i.ytimg.com/vi/dnBOSBWetWk/default.jpg,False,False,False,Auto-generated sample description for Entertainment video.
1pg84OIyLFQ,24.03.05,Top 10 Music Moments This Week,Channel_2966,10,2024-05-03T13:00:00.000Z,live|2024|official,117942,1487,959,292,https://i.ytimg.com/vi/oE40UkTjU9D/default.jpg,False,False,False,Auto-generated sample description for Music video.
F0rHKROpk01,24.15.05,Behind the Scenes: Gaming,Channel_1216,6,2024-05-15T05:00:00.000Z,trending|2024|live,1872,109,2,18,https://i.ytimg.com/vi/x6bvp1H8mqe/default.jpg,False,False,False,Auto-generated sample description for Gaming video.
X2TqZELpRRn,24.28.08,Reacting to Music Trends,Channel_371,10,2024-08-25T14:00:00.000Z,music|vlog|official,55312,4237,101,1062,https://i.ytimg.com/vi/5053L9rxkta/default.jpg,False,False,False,Auto-generated sample description for Music video.
JmDM_Rg2KPX,24.12.05,Why This Entertainment Video Went Viral,Channel_1462,19,2024-05-09T02:00:00.000Z,live|music|review,23492,1583,119,256,https://i.ytimg.com/vi/3JOmSKvpKJ-/default.jpg,False,False,False,Auto-generated sample description for Entertainment video.
nDJsmAvdfya,24.14.09,People & Blogs Compilation 2024,Channel_212,12,2024-09-12T14:00:00.000Z,official|live|review,21409,627,29,90,https://i.ytimg.com/vi/24q6Lop43_H/default.jpg,False,False,False,Auto-generated sample description for People & Blogs video.
kCjPuQJ6jOe,24.21.08,Entertainment Compilation 2024,Channel_823,19,2024-08-19T11:00:00.000Z,vlog|trending|official,10044,405,38,146,https://i.ytimg.com/vi/yebFrWCzH8t/default.jpg,False,False,False,Auto-generated sample description for Entertainment video.
lBa3i-Awe1H,24.12.01,Behind the Scenes: Music,Channel_3116,10,2024-01-11T21:00:00.000Z,vlog|trending|live,361413,22747,1887,3558,https://i.ytimg.com/vi/S9xMDL--YT9/default.jpg,False,False,False,Auto-generated sample description for Music video.
15PF2ow7OoS,24.27.01,Reacting to People & Blogs Trends,Channel_3262,12,2024-01-25T00:00:00.000Z,vlog|live|2024,10018,801,73,14,https://i.ytimg.com/vi/-0EdLIB0hPH/default.jpg,False,False,False,Auto-generated sample description for People & Blogs video.
gI-CRfN50Cv,24.03.09,Behind the Scenes: Comedy,Channel_1690,5,2024-09-03T06:00:00.000Z,review|vlog|music,3276,246,30,36,https://i.ytimg.com/vi/QqccWlQTigA/default.jpg,False,False,False,Auto-generated sample description for Comedy video.
DLuVQ0BFbec,24.08.01,Behind the Scenes: Sports,Channel_840,16,2024-01-05T09:00:00.000Z,trending|2024|vlog,2731,46,3,17,https://i.ytimg.com/vi/fuKMdDFeIpW/default.jpg,False,False,False,Auto-generated sample description for Sports video.
j1cbtmYyNP2,24.06.12,Behind the Scenes: Film & Animation,Channel_192,3,2024-12-05T11:00:00.000Z,official|review|2024,3114,162,26,26,https://i.ytimg.com/vi/zmH8WL2lC0J/default.jpg,False,False,False,Auto-generated sample description for Film & Animation video.
_YVn5CdYD5V,24.28.05,Sports Compilation 2024,Channel_4614,16,2024-05-26T08:00:00.000Z,music|vlog|official,52975,1549,39,277,https://i.ytimg.com/vi/QskmvA-FksZ/default.jpg,False,False,False,Auto-generated sample description for Sports video.
_G0NRteP0aI,24.24.11,Reacting to Entertainment Trends,Channel_1714,19,2024-11-24T03:00:00.000Z,review|trending|2024,49041,1493,267,349,https://i.ytimg.com/vi/_OEP79kn2jW/default.jpg,False,True,False,Auto-generated sample description for Entertainment video.
oe2_v-r1ZbL,24.05.11,Official Music Highlights,Channel_3568,2,2024-11-05T09:00:00.000Z,official|vlog|review,46420,2647,374,556,https://i.ytimg.com/vi/PVvsLAVG87A/default.jpg,False,False,False,Auto-generated sample description for Music video.
8bO1wt8iaNy,24.24.05,Top 10 Music Moments This Week,Channel_769,10,2024-05-22T12:00:00.000Z,trending|2024|official,3349,42,12,34,https://i.ytimg.com/vi/mh7uiSCSbyJ/default.jpg,False,False,False,Auto-generated sample description for Music video.
ZGzjtnBJwHn,24.23.08,Top 10 Music Moments This Week,Channel_4279,2,2024-08-22T13:00:00.000Z,trending|vlog|2024,143780,8150,506,1042,https://i.ytimg.com/vi/QJ8AvaDBlss/default.jpg,False,False,False,Auto-generated sample description for Music video.
428PMpEYWX8,24.25.06,Why This Sports Video Went Viral,Channel_2554,16,2024-06-25T20:00:00.000Z,review|trending|official,7757,454,51,24,https://i.ytimg.com/vi/kBvJs34-Gp3/default.jpg,False,False,False,Auto-generated sample description for Sports video.
S2ByWVwbz4U,24.07.01,Behind the Scenes: Music,Channel_1597,2,2024-01-05T21:00:00.000Z,music|trending|official,116835,2502,621,1025,https://i.ytimg.com/vi/QmVGbIeJ9Yf/default.jpg,False,False,False,Auto-generated sample description for Music video.
d86-w8neVdt,24.13.08,Reacting to Entertainment Trends,Channel_1450,19,2024-08-10T04:00:00.000Z,review|live|music,157186,4726,1372,2905,https://i.ytimg.com/vi/1ph4hOmJycQ/default.jpg,False,False,False,Auto-generated sample description for Entertainment video.
UbZ1hiysIkw,24.29.02,Music Compilation 2024,Channel_365,2,2024-02-25T16:00:00.000Z,official|trending|live,26331,2004,123,151,https://i.ytimg.com/vi/0waNJSpR7l7/default.jpg,False,False,False,Auto-generated sample description for Music video.
cvbBV6kFNyq,24.17.02,Why This Entertainment Video Went Viral,Channel_437,19,2024-02-14T15:00:00.000Z,2024|vlog|official,33644,2080,313,65,https://i.ytimg.com/vi/wJrO0CyIzwL/default.jpg,False,False,False,Auto-generated sample description for Entertainment video.
5veXtA3SKAR,24.19.12,Reacting to Entertainment Trends,Channel_4127,19,2024-12-17T18:00:00.000Z,trending|vlog|official,125537,8587,687,2283,https://i.ytimg.com/vi/lAHB7Heox8r/default.jpg,False,False,False,Auto-generated sample description for Entertainment video.
PnTbu18QRmx,24.23.02,Why This Music Video Went Viral,Channel_2510,10,2024-02-23T11:00:00.000Z,live|2024|trending,50341,2286,73,671,https://i.ytimg.com/vi/xc463Z8FGVR/default.jpg,False,False,False,Auto-generated sample description for Music video.
n12IZduvMzr,24.27.01,Top 10 Science & Technology Moments This Week,Channel_2730,18,2024-01-23T19:00:00.000Z,review|music|vlog,18642,489,119,295,https://i.ytimg.com/vi/NsS6Yv6aszw/default.jpg,False,False,False,Auto-generated sample description for Science & Technology video.
FtVa9uSm8YB,24.03.08,Entertainment Compilation 2024,Channel_3083,19,2024-07-30T01:00:00.000Z,review|2024|live,5401,303,23,18,https://i.ytimg.com/vi/mXqOrZPK2Yj/default.jpg,False,False,False,Auto-generated sample description for Entertainment video.
wEVURaYjDr_,25.28.01,Top 10 Entertainment Moments This Week,Channel_363,19,2025-01-28T05:00:00.000Z,live|official|2024,75997,5130,444,864,https://i.ytimg.com/vi/lRXx2tKNX9e/default.jpg,False,False,False,Auto-generated sample description for Entertainment video.
n7kSmZbuOqX,24.26.08,Reacting to Comedy Trends,Channel_3725,5,2024-08-26T06:00:00.000Z,music|2024|vlog,7085,233,25,4,https://i.ytimg.com/vi/2gM2Ho5V8QU/default.jpg,False,False,False,Auto-generated sample description for Comedy video.
ktaRHz63g7K,24.29.09,Official Music Highlights,Channel_996,10,2024-09-28T17:00:00.000Z,review|2024|vlog,96757,3435,856,683,https://i.ytimg.com/vi/UgVG2RLdIwL/default.jpg,False,True,False,Auto-generated sample description for Music video.
TeYFwkmqs_3,24.18.01,Why This Music Video Went Viral,Channel_2830,2,2024-01-15T22:00:00.000Z,2024|vlog|trending,5705,333,33,2,https://i.ytimg.com/vi/F6fjPVesmWk/default.jpg,False,False,False,Auto-generated sample description for Music video.
Gk3oyHMFgV8,24.29.06,Top 10 Nonprofits & Activism Moments This Week,Channel_3580,11,2024-06-29T18:00:00.000Z,official|vlog|live,2195,160,1,34,https://i.ytimg.com/vi/JfZxKIa0Ac1/default.jpg,False,False,False,Auto-generated sample description for Nonprofits & Activism video.
mCCcPCiK61Q,24.04.05,Behind the Scenes: Music,Channel_3188,2,2024-04-30T07:00:00.000Z,2024|trending|music,89016,5571,715,1120,https://i.ytimg.com/vi/RROS4t7_AvX/default.jpg,False,False,False,Auto-generated sample description for Music video.
SkAVMLO57dt,24.13.08,Behind the Scenes: Music,Channel_4792,10,2024-08-09T09:00:00.000Z,live|trending|official,16091,664,92,136,https://i.ytimg.com/vi/31cK-EWqWpm/default.jpg,False,False,False,Auto-generated sample description for Music video.
Z0TB1JOUnOY,24.11.10,Top 10 Music Moments This Week,Channel_3310,10,2024-10-09T19:00:00.000Z,2024|review|official,24536,1846,143,223,https://i.ytimg.com/vi/5uwZKaQ7wmX/default.jpg,False,False,False,Auto-generated sample description for Music video.
Crk0cPFv8lV,24.26.03,Official Music Highlights,Channel_4927,10,2024-03-24T11:00:00.000Z,review|vlog|2024,132392,8271,916,1992,https://i.ytimg.com/vi/yu6VEw8zPqL/default.jpg,False,False,False,Auto-generated sample description for Music video.
4Ew7oQuF7ia,24.25.11,Reacting to Music Trends,Channel_265,10,2024-11-22T16:00:00.000Z,vlog|review|2024,46328,3239,291,139,https://i.ytimg.com/vi/8Xj1Hpd49hL/default.jpg,False,False,False,Auto-generated sample description for Music video.
42pnsHovU0R,24.04.01,Top 10 Film & Animation Moments This Week,Channel_1992,17,2024-01-01T14:00:00.000Z,review|2024|live,11922,832,52,138,https://i.ytimg.com/vi/HmQj6-FHRL4/default.jpg,False,False,False,Auto-generated sample description for Film & Animation video.
rsKdCVULNuN,24.24.04,Entertainment Compilation 2024,Channel_3604,19,2024-04-21T22:00:00.000Z,vlog|official|live,10723,479,87,147,https://i.ytimg.com/vi/qsLXGDdBMsb/default.jpg,False,False,False,Auto-generated sample description for Entertainment video.
vStOVW-v9w9,24.02.09,Music Compilation 2024,Channel_117,10,2024-08-31T03:00:00.000Z,vlog|music|official,5181,404,47,78,https://i.ytimg.com/vi/CNACtJpzT_6/default.jpg,False,False,False,Auto-generated sample description for Music video.
DzUeZmQiIkh,24.03.06,Music Compilation 2024,Channel_4643,10,2024-06-01T11:00:00.000Z,trending|live|vlog,56400,2620,493,148,https://i.ytimg.com/vi/GxFD6wfIJly/default.jpg,False,False,False,Auto-generated sample description for Music video.
ADF97mgOjz9,24.22.01,Official Entertainment Highlights,Channel_3621,19,2024-01-20T00:00:00.000Z,music|2024|live,198473,4117,1678,1973,https://i.ytimg.com/vi/mB-Mb3o4y6a/default.jpg,False,False,False,Auto-generated sample description for Entertainment video.
9KMHFRJN4ox,24.25.08,Music Compilation 2024,Channel_54,2,2024-08-24T03:00:00.000Z,official|trending|2024,131382,7798,1058,650,https://i.ytimg.com/vi/_uwi3Mm4Rxy/default.jpg,False,False,False,Auto-generated sample description for Music video.
8nMAtPuyYvu,24.14.05,Behind the Scenes: Music,Channel_1288,2,2024-05-12T10:00:00.000Z,official|trending|2024,35636,1713,317,174,https://i.ytimg.com/vi/1IDH8MVsNQT/default.jpg,False,False,False,Auto-generated sample description for Music video.
aZh0Tr6JczA,24.11.08,Reacting to Music Trends,Channel_2097,2,2024-08-09T07:00:00.000Z,official|review|music,881563,15877,7575,15287,https://i.ytimg.com/vi/P2WPzB4JnjF/default.jpg,False,False,False,Auto-generated sample description for Music video.
fX-FJWhmhRJ,24.09.09,Behind the Scenes: Science & Technology,Channel_3027,13,2024-09-06T11:00:00.000Z,2024|official|music,43640,2877,228,809,https://i.ytimg.com/vi/8rjP0ttMzl4/default.jpg,False,False,False,Auto-generated sample description for Science & Technology video.
LcriOU5BxP7,24.22.11,Top 10 Education Moments This Week,Channel_3775,9,2024-11-20T19:00:00.000Z,official|review|live,9374,687,21,182,https://i.ytimg.com/vi/HGcrp02Y-gh/default.jpg,False,False,False,Auto-generated sample description for Education video.
P-KQijloul7,24.03.05,Behind the Scenes: Science & Technology,Channel_1564,18,2024-05-02T10:00:00.000Z,review|music|2024,26267,826,203,85,https://i.ytimg.com/vi/J75tQjxR63c/default.jpg,False,False,False,Auto-generated sample description for Science & Technology video.
P2tHCP6zTty,24.02.02,Top 10 Howto & Style Moments This Week,Channel_1689,14,2024-01-30T17:00:00.000Z,official|live|music,13200,889,38,198,https://i.ytimg.com/vi/dfqSiPODAzM/default.jpg,False,False,False,Auto-generated sample description for Howto & Style video.
dr4pWd4AWg5,24.08.06,Gaming Compilation 2024,Channel_3271,6,2024-06-05T11:00:00.000Z,live|review|2024,9036,547,83,145,https://i.ytimg.com/vi/plwpuAp-TO1/default.jpg,False,False,False,Auto-generated sample description for Gaming video.
o6caW1ZmTUN,24.08.02,Official Entertainment Highlights,Channel_3557,19,2024-02-04T01:00:00.000Z,review|vlog|official,78968,5233,285,1280,https://i.ytimg.com/vi/DkX8cJPfsFw/default.jpg,False,False,False,Auto-generated sample description for Entertainment video.
hALV1u1wwtx,24.23.07,Why This Film & Animation Video Went Viral,Channel_897,17,2024-07-19T05:00:00.000Z,review|live|music,16721,680,53,50,https://i.ytimg.com/vi/_ANZVHPddQd/default.jpg,False,False,False,Auto-generated sample description for Film & Animation video.
WvumbSCl1io,24.01.04,Comedy Compilation 2024,Channel_3805,5,2024-03-31T15:00:00.000Z,2024|trending|review,15622,312,44,68,https://i.ytimg.com/vi/raN88GqPUm9/default.jpg,False,False,False,Auto-generated sample description for Comedy video.
sCkmZKnFCGx,24.27.05,Reacting to Sports Trends,Channel_2467,7,2024-05-26T03:00:00.000Z,official|vlog|2024,1585,114,9,22,https://i.ytimg.com/vi/IqP2VseXgzx/default.jpg,True,False,False,Auto-generated sample description for Sports video.
b99SyZ5B6H4,24.02.12,Official Gaming Highlights,Channel_2289,6,2024-11-30T15:00:00.000Z,vlog|trending|official,1958,104,6,18,https://i.ytimg.com/vi/RxGR-6mRHiU/default.jpg,False,False,False,Auto-generated sample description for Gaming video.
opLqSN53kxY,24.14.02,Behind the Scenes: Music,Channel_1597,2,2024-02-12T22:00:00.000Z,live|vlog|review,39511,2254,261,165,https://i.ytimg.com/vi/czTtgUDvVum/default.jpg,False,False,False,Auto-generated sample description for Music video.
t2zJgZLX187,24.29.03,Why This Music Video Went Viral,Channel_1116,2,2024-03-27T18:00:00.000Z,vlog|official|music,108642,5565,118,1796,https://i.ytimg.com/vi/jGNAih0rs9u/default.jpg,False,False,False,Auto-generated sample description for Music video.
1YyFSjCJrZp,24.22.01,Reacting to Entertainment Trends,Channel_4800,19,2024-01-21T17:00:00.000Z,vlog|live|review,31377,380,258,123,https://i.ytimg.com/vi/4sJPbpNn8D4/default.jpg,False,False,False,Auto-generated sample description for Entertainment video.
RIfWGo72v-L,24.26.03,Top 10 Music Moments This Week,Channel_4284,10,2024-03-25T07:00:00.000Z,music|review|trending,38645,1054,334,243,https://i.ytimg.com/vi/UE_31hnJJGQ/default.jpg,False,False,False,Auto-generated sample description for Music video.
-F_C3In-WWf,24.18.12,Behind the Scenes: Sports,Channel_884,7,2024-12-17T01:00:00.000Z,trending|vlog|music,37835,598,75,326,https://i.ytimg.com/vi/mpEU1YfS46e/default.jpg,False,False,False,Auto-generated sample description for Sports video.
dBxdQmL0d6G,24.16.06,Why This Sports Video Went Viral,Channel_2819,16,2024-06-16T04:00:00.000Z,official|live|review,22037,1593,153,114,https://i.ytimg.com/vi/5gP6HuAPZSw/default.jpg,False,False,False,Auto-generated sample description for Sports video.
DONmlZO_xWz,24.01.05,Why This Music Video Went Viral,Channel_3977,10,2024-04-28T07:00:00.000Z,official|review|2024,44966,2262,176,558,https://i.ytimg.com/vi/UuvPcoyNLwY/default.jpg,False,False,False,Auto-generated sample description for Music video.
ZHsRTYrXnLk,24.22.01,Why This Entertainment Video Went Viral,Channel_1842,19,2024-01-22T16:00:00.000Z,2024|music|live,39362,1280,233,233,https://i.ytimg.com/vi/tJd_CCFC4Bs/default.jpg,True,False,False,Auto-generated sample description for Entertainment video.
1y0xZXHUH3V,24.22.05,Why This Science & Technology Video Went Viral,Channel_1923,18,2024-05-19T21:00:00.000Z,official|trending|review,4231,186,9,9,https://i.ytimg.com/vi/jrPFqm8OnDS/default.jpg,False,False,False,Auto-generated sample description for Science & Technology video.
g64_3ivc5hS,24.07.08,Music Compilation 2024,Channel_1212,10,2024-08-05T17:00:00.000Z,music|vlog|official,54078,688,335,124,https://i.ytimg.com/vi/iJGd-3rYB5N/default.jpg,False,False,False,Auto-generated sample description for Music video.
0sOagTpji0u,24.21.12,Reacting to Sports Trends,Channel_1595,7,2024-12-19T05:00:00.000Z,live|trending|review,4690,62,3,41,https://i.ytimg.com/vi/xd_pQlmZX0W/default.jpg,False,False,False,Auto-generated sample description for Sports video.
3G_lxHZzDSk,24.28.09,Why This People & Blogs Video Went Viral,Channel_3701,20,2024-09-25T10:00:00.000Z,review|music|trending,58001,826,113,403,https://i.ytimg.com/vi/GchhVmvabaP/default.jpg,False,False,False,Auto-generated sample description for People & Blogs video.
wy_xBSmtVw4,24.09.12,Reacting to Sports Trends,Channel_1455,16,2024-12-06T19:00:00.000Z,trending|live|2024,59748,3769,593,908,https://i.ytimg.com/vi/depNLnSxvm_/default.jpg,False,False,False,Auto-generated sample description for Sports video.
X5oiRFUsE-y,24.26.07,Entertainment Compilation 2024,Channel_341,19,2024-07-24T19:00:00.000Z,official|music|2024,116730,8804,585,1511,https://i.ytimg.com/vi/mlPYzKPr5zL/default.jpg,False,False,False,Auto-generated sample description for Entertainment video.
nP9XN_Khfyl,24.14.10,Why This Music Video Went Viral,Channel_4813,2,2024-10-10T17:00:00.000Z,vlog|trending|review,318357,20997,3068,1704,https://i.ytimg.com/vi/wOgdgMXyTg3/default.jpg,False,False,False,Auto-generated sample description for Music video.
Bm6xCOjA_Ab,25.27.01,Official Entertainment Highlights,Channel_3126,19,2025-01-24T05:00:00.000Z,live|vlog|music,28750,1441,172,108,https://i.ytimg.com/vi/LaEQwXDVZft/default.jpg,False,False,False,Auto-generated sample description for Entertainment video.
NAI0b10WJy-,24.08.12,Why This People & Blogs Video Went Viral,Channel_4917,12,2024-12-08T11:00:00.000Z,music|vlog|2024,15667,640,39,65,https://i.ytimg.com/vi/f5qCjoou-ix/default.jpg,False,False,False,Auto-generated sample description for People & Blogs video.
YKKKHnpYzl_,24.23.03,Top 10 Music Moments This Week,Channel_1042,2,2024-03-21T01:00:00.000Z,trending|music|2024,13770,378,121,90,https://i.ytimg.com/vi/9noDeXxkiE3/default.jpg,False,False,False,Auto-generated sample description for Music video.
yAOfbtRGwS7,24.18.04,Top 10 Music Moments This Week,Channel_463,10,2024-04-14T06:00:00.000Z,2024|review|live,5352,334,26,38,https://i.ytimg.com/vi/LiCxyQ4d4iF/default.jpg,False,False,False,Auto-generated sample description for Music video.
oi0cvPVesnD,24.12.04,Official Autos & Vehicles Highlights,Channel_3123,15,2024-04-09T01:00:00.000Z,music|trending|review,19322,1529,69,42,https://i.ytimg.com/vi/XpCejc8XKX5/default.jpg,False,False,False,Auto-generated sample description for Autos & Vehicles video.
69t6UCsKwXG,25.13.01,Top 10 Music Moments This Week,Channel_3016,2,2025-01-10T22:00:00.000Z,vlog|music|2024,54805,1840,372,701,https://i.ytimg.com/vi/Msf60DZqTAZ/default.jpg,False,False,False,Auto-generated sample description for Music video.
URPZrAFByyU,24.05.02,Music Compilation 2024,Channel_4491,10,2024-02-01T17:00:00.000Z,review|2024|official,8974,587,46,127,https://i.ytimg.com/vi/NBYs8n5M0gz/default.jpg,False,False,False,Auto-generated sample description for Music video.
x4dAXwItZzt,24.01.08,Entertainment Compilation 2024,Channel_2593,19,2024-07-28T21:00:00.000Z,2024|live|vlog,6626,454,62,32,https://i.ytimg.com/vi/-OemikcbgQl/default.jpg,False,False,False,Auto-generated sample description for Entertainment video.
iUO58RwLMmu,24.09.05,Top 10 Gaming Moments This Week,Channel_1338,6,2024-05-09T00:00:00.000Z,2024|music|trending,11841,407,84,57,https://i.ytimg.com/vi/0u8JFos4mfr/default.jpg,False,False,False,Auto-generated sample description for Gaming video.
U4x5c-SRkVi,24.15.06,Top 10 Music Moments This Week,Channel_1106,10,2024-06-15T06:00:00.000Z,trending|official|2024,113065,6299,753,1772,https://i.ytimg.com/vi/tozPLkT_c1v/default.jpg,False,False,False,Auto-generated sample description for Music video.
d-OvgENH53R,24.06.03,Official Music Highlights,Channel_2236,10,2024-03-03T15:00:00.000Z,vlog|review|2024,16407,522,35,14,https://i.ytimg.com/vi/kQeqbcMWz8W/default.jpg,False,False,False,Auto-generated sample description for Music video.
20RqSHy-KIk,24.15.08,Gaming Compilation 2024,Channel_695,6,2024-08-13T01:00:00.000Z,review|vlog|official,33690,2219,198,107,https://i.ytimg.com/vi/ocqnFjwVitE/default.jpg,False,False,True,Auto-generated sample description for Gaming video.
jt6Qnphrzkx,24.05.12,Official Entertainment Highlights,Channel_751,19,2024-12-02T17:00:00.000Z,music|2024|live,62625,2501,197,868,https://i.ytimg.com/vi/AgkXPy8z_x8/default.jpg,False,False,False,Auto-generated sample description for Entertainment video.
akwzHsypjyx,24.22.04,Why This Science & Technology Video Went Viral,Channel_1866,18,2024-04-18T07:00:00.000Z,live|2024|trending,5040,61,37,56,https://i.ytimg.com/vi/L0KB2GSEaGK/default.jpg,False,False,False,Auto-generated sample description for Science & Technology video.
3k5blOUiHO5,24.09.07,Why This Music Video Went Viral,Channel_3936,2,2024-07-07T06:00:00.000Z,official|2024|review,4483,194,28,38,https://i.ytimg.com/vi/-OyDvfT077P/default.jpg,False,False,False,Auto-generated sample description for Music video.
5tsX1drOWtZ,24.03.10,Why This People & Blogs Video Went Viral,Channel_115,20,2024-09-30T14:00:00.000Z,2024|vlog|live,67446,863,543,405,https://i.ytimg.com/vi/txBmcY8tIRz/default.jpg,False,False,False,Auto-generated sample description for People & Blogs video.
Dy-_33u-hTn,24.24.04,Official Entertainment Highlights,Channel_2649,19,2024-04-23T09:00:00.000Z,vlog|2024|trending,31940,1956,230,163,https://i.ytimg.com/vi/LsE_B1-bNuR/default.jpg,False,False,False,Auto-generated sample description for Entertainment video.
KRVqV8ic5V1,24.20.11,Top 10 Comedy Moments This Week,Channel_1716,5,2024-11-17T10:00:00.000Z,official|vlog|live,33740,1260,210,161,https://i.ytimg.com/vi/O8JRQyqPDEF/default.jpg,False,False,False,Auto-generated sample description for Comedy video.
sPk-7Ii5XyJ,24.18.05,Reacting to Entertainment Trends,Channel_1173,19,2024-05-17T21:00:00.000Z,official|music|2024,22805,978,17,311,https://i.ytimg.com/vi/FCaPT9sIO-O/default.jpg,False,False,False,Auto-generated sample description for Entertainment video.
pLhyKFW2bMH,24.28.05,Top 10 Music Moments This Week,Channel_1181,2,2024-05-28T04:00:00.000Z,official|music|vlog,93326,2614,596,896,https://i.ytimg.com/vi/1kV7s5Wu4On/default.jpg,False,False,False,Auto-generated sample description for Music video.
qPcpgP9VsOW,25.18.01,Behind the Scenes: People & Blogs,Channel_209,20,2025-01-16T00:00:00.000Z,vlog|2024|official,140762,11251,621,75,https://i.ytimg.com/vi/YwPeKPfhq_i/default.jpg,False,False,False,Auto-generated sample description for People & Blogs video.
lUTRk0Ri_Zh,25.28.01,Behind the Scenes: Science & Technology,Channel_3411,13,2025-01-24T00:00:00.000Z,vlog|2024|live,82307,6092,598,785,https://i.ytimg.com/vi/lA5uoHDEhdg/default.jpg,False,False,False,Auto-generated sample description for Science & Technology video.
trOPXYcL_d1,24.24.09,Behind the Scenes: People & Blogs,Channel_557,12,2024-09-22T11:00:00.000Z,music|live|trending,2495,187,7,8,https://i.ytimg.com/vi/eAD-aSkVvYB/default.jpg,False,True,False,Auto-generated sample description for People & Blogs video.
VXuzGQzPHYp,24.23.02,Reacting to Music Trends,Channel_2338,2,2024-02-23T04:00:00.000Z,2024|music|review,194091,10365,670,1611,https://i.ytimg.com/vi/ZAxofXnAzMB/default.jpg,False,False,False,Auto-generated sample description for Music video.
GBdNbBxQA_X,24.28.09,Reacting to Entertainment Trends,Channel_2682,19,2024-09-24T18:00:00.000Z,2024|review|trending,27534,1633,152,214,https://i.ytimg.com/vi/v-9KFjnadgb/default.jpg,False,False,False,Auto-generated sample description for Entertainment video.
umgVBy2VjJ1,24.13.12,Reacting to Music Trends,Channel_184,2,2024-12-12T08:00:00.000Z,official|music|vlog,63365,4270,339,618,https://i.ytimg.com/vi/MsH6Apd8wbo/default.jpg,False,False,False,Auto-generated sample description for Music video.
Ic9itBiYWde,24.25.06,Comedy Compilation 2024,Channel_3543,5,2024-06-21T05:00:00.000Z,review|2024|vlog,9314,431,52,124,https://i.ytimg.com/vi/wbfiJK9zIdI/default.jpg,False,False,False,Auto-generated sample description for Comedy video.
f3-DgKUlV68,24.02.08,Behind the Scenes: Music,Channel_1343,2,2024-08-02T19:00:00.000Z,official|vlog|review,985422,73518,2433,11254,https://i.ytimg.com/vi/sPS0wZV7SLs/default.jpg,False,False,False,Auto-generated sample description for Music video.
3lGrQT75vfR,24.16.01,Behind the Scenes: Science & Technology,Channel_1189,18,2024-01-15T11:00:00.000Z,trending|official|review,6026,284,36,62,https://i.ytimg.com/vi/urAYk1ofnaG/default.jpg,False,False,False,Auto-generated sample description for Science & Technology video.
Q-oPVYYCS0n,24.30.01,Top 10 Music Moments This Week,Channel_3717,2,2024-01-30T04:00:00.000Z,live|vlog|review,1867,103,9,4,https://i.ytimg.com/vi/an_sjNEZMAm/default.jpg,False,False,False,Auto-generated sample description for Music video.
jiG5p2TZbMR,24.07.02,Entertainment Compilation 2024,Channel_3072,19,2024-02-06T20:00:00.000Z,live|official|2024,6340,142,56,29,https://i.ytimg.com/vi/9f-e_OSdG8X/default.jpg,False,False,False,Auto-generated sample description for Entertainment video.
-dWe-l8GlkF,24.01.02,Reacting to Science & Technology Trends,Channel_771,13,2024-01-28T13:00:00.000Z,2024|review|official,16362,1262,154,236,https://i.ytimg.com/vi/E8ePN5B0mbq/default.jpg,False,False,False,Auto-generated sample description for Science & Technology video.
x7JXgGp-w5L,24.22.02,Top 10 Music Moments This Week,Channel_327,2,2024-02-21T15:00:00.000Z,official|trending|review,87932,1531,374,585,https://i.ytimg.com/vi/2otjz9-FaXw/default.jpg,False,False,False,Auto-generated sample description for Music video.
_D4omvrqd4_,24.25.06,Why This Autos & Vehicles Video Went Viral,Channel_3523,1,2024-06-21T03:00:00.000Z,music|vlog|trending,1600,26,8,5,https://i.ytimg.com/vi/Vn18eJ32iil/default.jpg,False,False,False,Auto-generated sample description for Autos & Vehicles video.
rpdulxz5VH9,24.21.03,Official Music Highlights,Channel_1520,2,2024-03-21T01:00:00.000Z,trending|2024|music,74230,3454,176,147,https://i.ytimg.com/vi/fDzsMrYbVhb/default.jpg,False,False,False,Auto-generated sample description for Music video.
rOF9By899Bm,24.21.08,Top 10 Music Moments This Week,Channel_3178,10,2024-08-20T05:00:00.000Z,trending|vlog|review,12412,690,16,112,https://i.ytimg.com/vi/jsqsi9jvF0U/default.jpg,False,False,False,Auto-generated sample description for Music video.
PYdyVY5Cq90,25.04.02,Reacting to Entertainment Trends,Channel_1289,19,2025-02-02T22:00:00.000Z,live|trending|vlog,9615,244,47,190,https://i.ytimg.com/vi/K_j3d1iksfV/default.jpg,False,False,False,Auto-generated sample description for Entertainment video.
PN8-Xr8Rl-R,24.09.02,Behind the Scenes: Comedy,Channel_4236,5,2024-02-08T10:00:00.000Z,trending|vlog|music,36288,1184,100,28,https://i.ytimg.com/vi/GIIKDOPEySN/default.jpg,False,False,False,Auto-generated sample description for Comedy video.
yrLyUPA7wpL,24.06.04,Reacting to Entertainment Trends,Channel_2024,19,2024-04-06T12:00:00.000Z,live|trending|official,9730,585,37,166,https://i.ytimg.com/vi/x_VFY9I6RsG/default.jpg,False,False,False,Auto-generated sample description for Entertainment video.
aiyG_6J1zIg,24.19.04,Music Compilation 2024,Channel_4011,2,2024-04-15T03:00:00.000Z,trending|music|2024,2139,44,4,26,https://i.ytimg.com/vi/3XOprxpUgfi/default.jpg,False,False,False,Auto-generated sample description for Music video.
2AfhboRJK3E,24.03.07,Top 10 Entertainment Moments This Week,Channel_1806,19,2024-06-30T02:00:00.000Z,trending|review|vlog,27103,1343,154,146,https://i.ytimg.com/vi/ITEtcOCvXAc/default.jpg,False,False,False,Auto-generated sample description for Entertainment video.
-pmF0CE6vwC,24.17.11,Why This Entertainment Video Went Viral,Channel_880,19,2024-11-14T21:00:00.000Z,music|live|official,5665,133,19,102,https://i.ytimg.com/vi/3X5BDmk044t/default.jpg,False,False,False,Auto-generated sample description for Entertainment video.
IA-3RPc_X4A,24.24.05,Why This Film & Animation Video Went Viral,Channel_1184,17,2024-05-22T14:00:00.000Z,vlog|music|trending,13590,592,123,142,https://i.ytimg.com/vi/WvZABOTZJFL/default.jpg,False,False,False,Auto-generated sample description for Film & Animation video.
Fi5cXSUWc-3,24.27.11,Reacting to Sports Trends,Channel_3649,16,2024-11-24T10:00:00.000Z,2024|music|review,4238,135,36,33,https://i.ytimg.com/vi/GSDIUH9uvCz/default.jpg,False,False,False,Auto-generated sample description for Sports video.
ulgGkG5tLs3,24.07.04,Why This Entertainment Video Went Viral,Channel_1524,19,2024-04-06T06:00:00.000Z,live|2024|official,39889,2980,202,222,https://i.ytimg.com/vi/viDlgwK82vE/default.jpg,True,False,False,Auto-generated sample description for Entertainment video.
Iwp7VwtxFbP,24.02.07,Top 10 Music Moments This Week,Channel_2231,2,2024-06-28T19:00:00.000Z,trending|music|review,2969,227,20,33,https://i.ytimg.com/vi/hYrvg8tqEVJ/default.jpg,False,False,False,Auto-generated sample description for Music video.
fiWraK6-YZ7,25.21.01,Reacting to Film & Animation Trends,Channel_4258,3,2025-01-21T16:00:00.000Z,official|trending|vlog,20926,1605,89,336,https://i.ytimg.com/vi/ZG0v_qeAjVM/default.jpg,False,False,False,Auto-generated sample description for Film & Animation video.
-zcB3s5rMYF,24.05.10,Top 10 Music Moments This Week,Channel_135,2,2024-10-05T20:00:00.000Z,live|2024|official,11514,210,92,68,https://i.ytimg.com/vi/-Z77VA7q1gF/default.jpg,False,False,False,Auto-generated sample description for Music video.
7X3jLT9f9iT,24.15.01,Why This Music Video Went Viral,Channel_1585,10,2024-01-12T09:00:00.000Z,official|trending|live,75947,4199,340,296,https://i.ytimg.com/vi/bmsIhdBVd5Z/default.jpg,False,False,False,Auto-generated sample description for Music video.
p4-3eitWQ4I,24.20.04,Top 10 Sports Moments This Week,Channel_1165,16,2024-04-19T16:00:00.000Z,review|live|music,2018,42,9,15,https://i.ytimg.com/vi/XJYCffMbry1/default.jpg,False,False,False,Auto-generated sample description for Sports video.
GAaiueH9iC7,24.30.01,Top 10 People & Blogs Moments This Week,Channel_4043,12,2024-01-30T04:00:00.000Z,music|review|2024,16265,1213,91,203,https://i.ytimg.com/vi/RV8HQPtJFCc/default.jpg,False,False,False,Auto-generated sample description for People & Blogs video.
ZgMGnsCCF7t,24.12.05,Official Entertainment Highlights,Channel_4442,19,2024-05-09T13:00:00.000Z,trending|official|2024,29911,2049,67,142,https://i.ytimg.com/vi/Z1QMkFu9iOh/default.jpg,False,False,False,Auto-generated sample description for Entertainment video.
VpNE--YBZ3E,24.15.08,Why This Music Video Went Viral,Channel_1993,2,2024-08-11T07:00:00.000Z,trending|live|official,362834,26618,1198,4842,https://i.ytimg.com/vi/uPWkmkkbt2_/default.jpg,False,False,False,Auto-generated sample description for Music video.
ga8werLUTlf,24.30.07,Top 10 Sports Moments This Week,Channel_2538,16,2024-07-26T07:00:00.000Z,official|music|vlog,19614,1173,145,359,https://i.ytimg.com/vi/kfayvY-nILj/default.jpg,False,False,False,Auto-generated sample description for Sports video.
m_CKeYRu85T,24.24.08,Behind the Scenes: Music,Channel_2511,2,2024-08-23T19:00:00.000Z,official|vlog|2024,31276,1408,243,179,https://i.ytimg.com/vi/1ENPAE7ttek/default.jpg,False,False,False,Auto-generated sample description for Music video.
jKQOE930pMA,24.03.06,Comedy Compilation 2024,Channel_278,5,2024-06-03T22:00:00.000Z,official|live|2024,3825,292,30,68,https://i.ytimg.com/vi/ySigeGXx_7Y/default.jpg,False,False,False,Auto-generated sample description for Comedy video.
2OxavG1l-Qs,24.21.10,Official Sports Highlights,Channel_1150,16,2024-10-19T14:00:00.000Z,live|trending|vlog,31168,1357,251,567,https://i.ytimg.com/vi/_Jzx1ebURVR/default.jpg,True,False,False,Auto-generated sample description for Sports video.
QJYz3f6L6fK,24.11.12,Why This People & Blogs Video Went Viral,Channel_147,20,2024-12-08T16:00:00.000Z,2024|trending|music,8576,391,5,88,https://i.ytimg.com/vi/817DOC5HMeD/default.jpg,False,False,False,Auto-generated sample description for People & Blogs video.
C5EYa3gjJ1c,24.08.07,Behind the Scenes: Music,Channel_2509,10,2024-07-08T05:00:00.000Z,review|trending|music,38895,1829,31,309,https://i.ytimg.com/vi/_BKoEXQwzb2/default.jpg,False,False,False,Auto-generated sample description for Music video.
HvLG1u2AuUm,24.05.08,Why This Music Video Went Viral,Channel_2536,2,2024-08-03T10:00:00.000Z,trending|vlog|review,22965,929,102,123,https://i.ytimg.com/vi/ijtpaEiIwo5/default.jpg,False,False,False,Auto-generated sample description for Music video.
9JkTlTwXyGc,24.01.07,Behind the Scenes: Nonprofits & Activism,Channel_708,11,2024-06-29T04:00:00.000Z,music|live|vlog,19326,201,176,36,https://i.ytimg.com/vi/Ruy9SdRX3nZ/default.jpg,False,False,False,Auto-generated sample description for Nonprofits & Activism video.
iD_6XPVzfe5,24.11.04,Top 10 Music Moments This Week,Channel_31,2,2024-04-09T00:00:00.000Z,trending|official|music,87674,6154,373,1135,https://i.ytimg.com/vi/VR1aO7krmor/default.jpg,False,False,False,Auto-generated sample description for Music video.
eOFN2LenhMr,25.05.02,Reacting to Entertainment Trends,Channel_2116,19,2025-02-02T06:00:00.000Z,review|2024|live,33711,1421,324,481,https://i.ytimg.com/vi/JR0jUj_NM0c/default.jpg,False,False,False,Auto-generated sample description for Entertainment video.
mUomHQOpxBk,24.25.12,Top 10 Sports Moments This Week,Channel_403,16,2024-12-25T16:00:00.000Z,official|review|trending,6707,354,66,88,https://i.ytimg.com/vi/kMMmZfN1lQI/default.jpg,False,False,False,Auto-generated sample description for Sports video.
9f8UZnHuFkQ,24.11.02,Top 10 Music Moments This Week,Channel_1517,2,2024-02-11T03:00:00.000Z,vlog|trending|music,15590,684,143,253,https://i.ytimg.com/vi/c8BqvE0aIy_/default.jpg,False,False,False,Auto-generated sample description for Music video.
LSrZ0KIFp1G,24.02.12,Reacting to Music Trends,Channel_4959,2,2024-11-30T06:00:00.000Z,2024|music|vlog,9330,146,68,105,https://i.ytimg.com/vi/ZyGqxpFqfDF/default.jpg,False,False,False,Auto-generated sample description for Music video.
oaAob0nRA5s,24.23.03,Top 10 Music Moments This Week,Channel_1010,2,2024-03-23T18:00:00.000Z,review|official|vlog,108111,7775,233,269,https://i.ytimg.com/vi/0WJ4zsAXTyF/default.jpg,False,False,False,Auto-generated sample description for Music video.
uhh6LA0oKsK,24.26.01,Why This People & Blogs Video Went Viral,Channel_1451,20,2024-01-25T10:00:00.000Z,2024|music|review,65320,4065,498,274,https://i.ytimg.com/vi/i6SMC5zJ9XI/default.jpg,False,False,False,Auto-generated sample description for People & Blogs video.
-XCsoIVGmIN,24.18.08,Reacting to Music Trends,Channel_3308,10,2024-08-15T04:00:00.000Z,music|review|trending,15802,552,75,42,https://i.ytimg.com/vi/nEKGFx_atcP/default.jpg,False,False,False,Auto-generated sample description for Music video.
xnN2GIzZTmW,24.06.01,Science & Technology Compilation 2024,Channel_1608,18,2024-01-06T07:00:00.000Z,live|official|music,26257,2056,183,106,https://i.ytimg.com/vi/RT8EQ_D3cjn/default.jpg,False,False,False,Auto-generated sample description for Science & Technology video.
jn4rCBBVmeG,24.14.08,Official People & Blogs Highlights,Channel_4813,12,2024-08-10T05:00:00.000Z,2024|music|official,8107,576,50,31,https://i.ytimg.com/vi/5AlREplGEf8/default.jpg,False,False,False,Auto-generated sample description for People & Blogs video.
-B0QmlDJa2S,24.13.03,Why This Music Video Went Viral,Channel_3706,10,2024-03-09T08:00:00.000Z,trending|vlog|live,20894,1280,163,37,https://i.ytimg.com/vi/dmcJywuDfwz/default.jpg,False,False,False,Auto-generated sample description for Music video.
repAUM3tiu8,24.12.07,Music Compilation 2024,Channel_63,2,2024-07-09T11:00:00.000Z,live|official|music,36477,2038,289,607,https://i.ytimg.com/vi/w1nkuBjt1n3/default.jpg,False,False,False,Auto-generated sample description for Music video.
Q5uB52w4JOH,24.16.11,Behind the Scenes: Entertainment,Channel_1755,19,2024-11-16T07:00:00.000Z,vlog|music|live,35857,2503,25,154,https://i.ytimg.com/vi/ZLW7loqgDo9/default.jpg,False,False,False,Auto-generated sample description for Entertainment video.
xDqEgjEkRlH,24.17.01,Why This Gaming Video Went Viral,Channel_2721,6,2024-01-13T10:00:00.000Z,trending|live|vlog,5804,273,49,10,https://i.ytimg.com/vi/f2-ArCls4j2/default.jpg,False,False,False,Auto-generated sample description for Gaming video.
JRdebdddkPv,24.24.11,Reacting to Music Trends,Channel_4800,10,2024-11-22T15:00:00.000Z,music|review|live,103419,7977,923,622,https://i.ytimg.com/vi/9m4VhdtTOWo/default.jpg,False,False,False,Auto-generated sample description for Music video.
s9K-jtwKfOW,25.07.02,Sports Compilation 2024,Channel_331,16,2025-02-03T11:00:00.000Z,trending|2024|vlog,27725,1859,222,423,https://i.ytimg.com/vi/dfgaHFWSRlU/default.jpg,False,False,False,Auto-generated sample description for Sports video.
0tIDPVgUNvW,24.11.12,Reacting to People & Blogs Trends,Channel_344,12,2024-12-08T06:00:00.000Z,trending|vlog|music,2442,60,2,20,https://i.ytimg.com/vi/8g0AE06Tcxq/default.jpg,False,False,False,Auto-generated sample description for People & Blogs video.
paHHw8_FyWy,24.28.12,Behind the Scenes: Entertainment,Channel_526,19,2024-12-24T03:00:00.000Z,2024|official|live,47141,1644,299,142,https://i.ytimg.com/vi/tisZLvN0Muc/default.jpg,False,False,False,Auto-generated sample description for Entertainment video.
3BnNGk7fXLX,24.29.01,Top 10 Music Moments This Week,Channel_2906,2,2024-01-27T01:00:00.000Z,review|official|vlog,17701,1408,110,37,https://i.ytimg.com/vi/fxZDVRxLyck/default.jpg,False,False,False,Auto-generated sample description for Music video.
cCnVEwJQr7h,24.03.08,Reacting to Music Trends,Channel_2785,10,2024-08-01T15:00:00.000Z,music|official|review,15057,575,71,180,https://i.ytimg.com/vi/LEABATyGOpY/default.jpg,False,False,False,Auto-generated sample description for Music video.
67pgzElz_Br,24.21.02,Travel & Events Compilation 2024,Channel_2647,8,2024-02-20T12:00:00.000Z,live|music|2024,18898,1508,72,13,https://i.ytimg.com/vi/ejk_PXm70bb/default.jpg,False,False,False,Auto-generated sample description for Travel & Events video.
Q1oqbFWQ8_H,24.13.04,Reacting to Music Trends,Channel_2324,10,2024-04-13T18:00:00.000Z,review|trending|music,30304,1634,164,486,https://i.ytimg.com/vi/1aBYVSrhjNj/default.jpg,False,False,False,Auto-generated sample description for Music video.
LCDY9Rdr0yv,24.09.06,Reacting to Music Trends,Channel_1292,2,2024-06-07T18:00:00.000Z,live|trending|vlog,338326,25520,2701,5800,https://i.ytimg.com/vi/sjE5JQR1jlG/default.jpg,False,False,False,Auto-generated sample description for Music video.
0fUcRE_Y23f,24.28.01,Behind the Scenes: Music,Channel_787,2,2024-01-24T17:00:00.000Z,music|vlog|live,4777541,67478,11536,53717,https://i.ytimg.com/vi/2cfyhAUXYld/default.jpg,False,False,False,Auto-generated sample description for Music video.
wBGRTg3x3n-,24.08.07,Reacting to Comedy Trends,Channel_3976,5,2024-07-08T19:00:00.000Z,2024|trending|live,52411,897,494,95,https://i.ytimg.com/vi/AHLfoEMa5yR/default.jpg,False,False,False,Auto-generated sample description for Comedy video.
r0fBDVpgnV5,24.22.02,Reacting to Gaming Trends,Channel_148,6,2024-02-20T02:00:00.000Z,trending|music|review,16917,198,90,276,https://i.ytimg.com/vi/ViLKxc5GvZ1/default.jpg,False,False,False,Auto-generated sample description for Gaming video.
6lLsUXFsQnL,24.20.12,Official Music Highlights,Channel_4100,10,2024-12-16T11:00:00.000Z,official|trending|vlog,14943,913,142,230,https://i.ytimg.com/vi/ywynxCLs3Zh/default.jpg,False,False,False,Auto-generated sample description for Music video.
p61d4wBNDCP,24.26.12,Reacting to Music Trends,Channel_4935,10,2024-12-22T15:00:00.000Z,official|vlog|live,20368,301,137,30,https://i.ytimg.com/vi/rcKaS0ps3Rd/default.jpg,False,False,False,Auto-generated sample description for Music video.
s3IlWWS0jBb,24.08.08,Behind the Scenes: People & Blogs,Channel_3948,12,2024-08-04T15:00:00.000Z,review|2024|music,43195,1901,325,226,https://i.ytimg.com/vi/syORpGyIZtE/default.jpg,False,False,False,Auto-generated sample description for People & Blogs video.
dv9Caa3YXih,24.21.06,Official Education Highlights,Channel_3172,9,2024-06-21T06:00:00.000Z,trending|live|music,4752,205,28,15,https://i.ytimg.com/vi/kyQdgiWhJkL/default.jpg,False,False,False,Auto-generated sample description for Education video.
wz40sgVCJIc,24.20.10,Travel & Events Compilation 2024,Channel_3610,8,2024-10-16T04:00:00.000Z,2024|trending|official,6851,147,41,26,https://i.ytimg.com/vi/Yuh5rZ0qrSc/default.jpg,False,False,False,Auto-generated sample description for Travel & Events video.
XguiHcYHiyz,24.11.07,Top 10 Film & Animation Moments This Week,Channel_3719,3,2024-07-07T19:00:00.000Z,live|music|review,29663,1380,105,145,https://i.ytimg.com/vi/OTvzSZn7k7b/default.jpg,False,False,False,Auto-generated sample description for Film & Animation video.
uaWoC2EOq7_,24.23.03,Behind the Scenes: Music,Channel_4698,10,2024-03-21T17:00:00.000Z,official|2024|music,25610,532,188,303,https://i.ytimg.com/vi/yB5jLNHgvPg/default.jpg,False,False,False,Auto-generated sample description for Music video.
JKgE5AGnY8n,24.01.11,Top 10 Gaming Moments This Week,Channel_3795,6,2024-10-29T03:00:00.000Z,vlog|2024|trending,6845,240,31,27,https://i.ytimg.com/vi/vxjbul-xnyH/default.jpg,False,False,False,Auto-generated sample description for Gaming video.
-4D2DFowO0d,24.10.07,Why This Music Video Went Viral,Channel_1876,2,2024-07-06T13:00:00.000Z,trending|2024|music,19471,1212,13,113,https://i.ytimg.com/vi/_2Zp69hZ_EZ/default.jpg,False,False,False,Auto-generated sample description for Music video.
WskvxCSPulY,24.21.01,Reacting to Education Trends,Channel_2999,9,2024-01-21T17:00:00.000Z,music|official|trending,9268,660,19,71,https://i.ytimg.com/vi/5nHZtjwjrPY/default.jpg,False,False,False,Auto-generated sample description for Education video.
IE3KcuqeQeD,24.02.01,Reacting to Music Trends,Channel_4443,10,2024-01-01T11:00:00.000Z,2024|vlog|trending,51690,3321,288,39,https://i.ytimg.com/vi/GLqMRikKS56/default.jpg,False,False,False,Auto-generated sample description for Music video.
wEZ5X9zxd5J,24.31.05,Film & Animation Compilation 2024,Channel_639,3,2024-05-31T04:00:00.000Z,trending|music|2024,4750,251,12,57,https://i.ytimg.com/vi/__Xt3_tqOz_/default.jpg,False,False,False,Auto-generated sample description for Film & Animation video.
ZxEVgIdUXWQ,24.30.11,Reacting to Music Trends,Channel_3741,10,2024-11-28T08:00:00.000Z,trending|music|vlog,13272,160,45,240,https://i.ytimg.com/vi/pvJwRVIGxY6/default.jpg,False,False,False,Auto-generated sample description for Music video.
FrIYCynRZvH,24.01.05,Official Music Highlights,Channel_2686,10,2024-04-30T00:00:00.000Z,live|trending|official,9240,628,25,58,https://i.ytimg.com/vi/9wRXvvZCCRV/default.jpg,False,False,False,Auto-generated sample description for Music video.
VUd-HXPcP-K,24.03.06,Why This Sports Video Went Viral,Channel_1837,16,2024-06-01T11:00:00.000Z,music|live|official,14266,1053,21,134,https://i.ytimg.com/vi/pjo99vgzQEI/default.jpg,False,False,False,Auto-generated sample description for Sports video.
L6nPPznBwUB,24.22.09,People & Blogs Compilation 2024,Channel_3899,12,2024-09-21T12:00:00.000Z,vlog|trending|music,18067,1245,176,239,https://i.ytimg.com/vi/E25OfcItnKl/default.jpg,False,False,False,Auto-generated sample description for People & Blogs video.
p8hq9aIUqES,24.18.06,People & Blogs Compilation 2024,Channel_1334,12,2024-06-17T09:00:00.000Z,live|official|trending,12388,630,11,205,https://i.ytimg.com/vi/21hP154JMvr/default.jpg,False,False,False,Auto-generated sample description for People & Blogs video.
R2UOKwqMpk2,24.21.09,Why This Gaming Video Went Viral,Channel_209,6,2024-09-20T22:00:00.000Z,live|music|vlog,196137,4362,380,731,https://i.ytimg.com/vi/ftNVDDjEqoP/default.jpg,False,False,True,Auto-generated sample description for Gaming video.
A2xmKMKXX-s,24.19.07,Science & Technology Compilation 2024,Channel_1820,18,2024-07-17T15:00:00.000Z,2024|review|vlog,17634,520,117,22,https://i.ytimg.com/vi/L0taqUvVKAi/default.jpg,False,False,False,Auto-generated sample description for Science & Technology video.
ryiqzsaNlhW,24.12.09,Reacting to Music Trends,Channel_67,10,2024-09-11T18:00:00.000Z,music|trending|live,585436,39806,5688,5534,https://i.ytimg.com/vi/1H-uA7Sdv8Z/default.jpg,False,False,False,Auto-generated sample description for Music video.
97PHUI9rWte,24.27.04,Why This Music Video Went Viral,Channel_1167,10,2024-04-25T12:00:00.000Z,trending|music|review,746138,22096,5872,2004,https://i.ytimg.com/vi/6WEnYgx4p8w/default.jpg,False,False,False,Auto-generated sample description for Music video.
xdPxwtB0vm2,24.25.05,Why This People & Blogs Video Went Viral,Channel_4794,12,2024-05-23T11:00:00.000Z,music|vlog|official,25729,2051,39,149,https://i.ytimg.com/vi/EsEvPUFAONI/default.jpg,False,False,False,Auto-generated sample description for People & Blogs video.
CuYLFcQHG_o,24.04.09,Top 10 Sports Moments This Week,Channel_3661,7,2024-09-04T10:00:00.000Z,trending|review|2024,2692,172,1,25,https://i.ytimg.com/vi/axw4iuhQF7_/default.jpg,False,False,False,Auto-generated sample description for Sports video.
FqtdmrUYgyw,24.10.05,Official Music Highlights,Channel_365,10,2024-05-08T13:00:00.000Z,official|trending|2024,25544,991,58,389,https://i.ytimg.com/vi/74SAVTxEYhf/default.jpg,False,False,False,Auto-generated sample description for Music video.
Po6iSuAlctv,24.24.06,Reacting to Sports Trends,Channel_4808,16,2024-06-21T06:00:00.000Z,vlog|official|music,12674,234,20,80,https://i.ytimg.com/vi/lMz9Jyhza18/default.jpg,False,False,False,Auto-generated sample description for Sports video.
YgttoAup607,24.08.12,Reacting to Entertainment Trends,Channel_1144,19,2024-12-06T16:00:00.000Z,music|review|trending,12536,199,55,195,https://i.ytimg.com/vi/looWZnqxfpe/default.jpg,False,False,False,Auto-generated sample description for Entertainment video.
FzBeLy3WRAb,24.07.11,Reacting to Entertainment Trends,Channel_1466,19,2024-11-04T07:00:00.000Z,2024|vlog|official,5765,332,15,64,https://i.ytimg.com/vi/ntKwmlKcYrR/default.jpg,False,False,False,Auto-generated sample description for Entertainment video.
WqcyUSWiaBS,24.13.12,Top 10 Music Moments This Week,Channel_4780,10,2024-12-12T03:00:00.000Z,2024|music|vlog,6052,273,8,81,https://i.ytimg.com/vi/D6psJy2TPUX/default.jpg,False,False,False,Auto-generated sample description for Music video.
tds9g2pUu9D,24.26.05,Behind the Scenes: Music,Channel_4054,10,2024-05-22T06:00:00.000Z,official|music|live,160656,1939,1590,1626,https://i.ytimg.com/vi/h4k32c0DqqK/default.jpg,False,False,False,Auto-generated sample description for Music video.
uaCKeFhpcUZ,24.03.10,Entertainment Compilation 2024,Channel_4624,19,2024-09-30T00:00:00.000Z,review|vlog|2024,40053,2435,127,75,https://i.ytimg.com/vi/V2NiV4SVK2w/default.jpg,False,False,False,Auto-generated sample description for Entertainment video.
73aofhppeAd,24.14.01,Reacting to Gaming Trends,Channel_3380,6,2024-01-10T16:00:00.000Z,trending|live|music,12828,798,100,187,https://i.ytimg.com/vi/5ZJl-u2fbmU/default.jpg,False,False,False,Auto-generated sample description for Gaming video.
h7kzf05nFg7,24.21.09,Reacting to Entertainment Trends,Channel_1878,19,2024-09-21T17:00:00.000Z,official|music|vlog,17666,515,145,64,https://i.ytimg.com/vi/KUJ-MzZwozd/default.jpg,True,False,False,Auto-generated sample description for Entertainment video.
522G_dApaQz,24.10.03,Reacting to Music Trends,Channel_1642,10,2024-03-06T08:00:00.000Z,trending|2024|live,20665,1039,69,363,https://i.ytimg.com/vi/4G3Y3tkTiEr/default.jpg,False,False,False,Auto-generated sample description for Music video.
2mNQdiog5-7,24.03.02,Official Music Highlights,Channel_2067,2,2024-01-31T15:00:00.000Z,music|review|official,74392,5021,93,746,https://i.ytimg.com/vi/EiIaOFiOwfG/default.jpg,False,False,False,Auto-generated sample description for Music video.
_Y_Ciz74p1W,24.24.07,Behind the Scenes: Music,Channel_4560,2,2024-07-21T20:00:00.000Z,vlog|official|music,23782,1871,163,368,https://i.ytimg.com/vi/0WmtB-Kg-9I/default.jpg,False,False,False,Auto-generated sample description for Music video.
Lo5biHv3rdB,24.26.03,Entertainment Compilation 2024,Channel_418,19,2024-03-22T04:00:00.000Z,trending|2024|review,45831,1213,239,675,https://i.ytimg.com/vi/vnl0hudHmkE/default.jpg,False,False,False,Auto-generated sample description for Entertainment video.
5sok4cLdjZH,24.10.09,Why This Music Video Went Viral,Channel_4384,2,2024-09-06T21:00:00.000Z,live|review|music,13837,314,50,114,https://i.ytimg.com/vi/5TD4V4bwhdH/default.jpg,False,False,False,Auto-generated sample description for Music video.
xyWkMZlku_I,24.01.04,Top 10 Comedy Moments This Week,Channel_4915,5,2024-03-28T02:00:00.000Z,vlog|2024|trending,20673,1219,73,355,https://i.ytimg.com/vi/t7Y9gIfTDpH/default.jpg,False,False,False,Auto-generated sample description for Comedy video.
_Fw-KCQWTn6,24.09.05,Behind the Scenes: Gaming,Channel_3262,6,2024-05-09T06:00:00.000Z,live|official|music,119634,3739,827,1149,https://i.ytimg.com/vi/1KWXFH2dI5N/default.jpg,False,False,False,Auto-generated sample description for Gaming video.
uTF0JqaCIZD,25.14.01,Behind the Scenes: Music,Channel_337,2,2025-01-10T14:00:00.000Z,2024|live|official,291016,12007,1561,1367,https://i.ytimg.com/vi/Y9t4i2cilMj/default.jpg,False,False,False,Auto-generated sample description for Music video.
TuA0nDB80aR,24.20.03,Top 10 Gaming Moments This Week,Channel_2037,6,2024-03-19T06:00:00.000Z,music|official|vlog,1113,59,9,7,https://i.ytimg.com/vi/mZQcvUJM_sH/default.jpg,False,False,False,Auto-generated sample description for Gaming video.
LJd1Zi89iqH,24.25.01,Behind the Scenes: Sports,Channel_4410,16,2024-01-22T07:00:00.000Z,trending|review|music,58685,1925,180,771,https://i.ytimg.com/vi/aZ7smIk4I0n/default.jpg,False,False,False,Auto-generated sample description for Sports video.
H2FY4NWNlPR,24.09.07,Behind the Scenes: Music,Channel_2140,2,2024-07-08T00:00:00.000Z,official|vlog|music,73584,1873,177,38,https://i.ytimg.com/vi/oprxh9UFWfS/default.jpg,False,False,False,Auto-generated sample description for Music video.
YA1OF0qmHPV,24.08.07,Behind the Scenes: Entertainment,Channel_458,19,2024-07-04T19:00:00.000Z,2024|review|music,8962,665,22,58,https://i.ytimg.com/vi/gdMrMGwgLWW/default.jpg,False,False,False,Auto-generated sample description for Entertainment video.
3_0gP3HubNO,24.20.12,Entertainment Compilation 2024,Channel_2984,19,2024-12-18T02:00:00.000Z,2024|review|official,43463,813,193,759,https://i.ytimg.com/vi/d5NOCyd2qFV/default.jpg,False,False,False,Auto-generated sample description for Entertainment video.
1RLgnYQSDgb,24.05.02,Reacting to Sports Trends,Channel_3486,7,2024-02-03T13:00:00.000Z,live|review|music,5305,307,48,49,https://i.ytimg.com/vi/wtLx5298NZr/default.jpg,False,False,False,Auto-generated sample description for Sports video.
mlVGXhabn8Y,24.04.03,Music Compilation 2024,Channel_4052,2,2024-03-04T07:00:00.000Z,trending|live|vlog,148464,5021,1308,866,https://i.ytimg.com/vi/kwT4bI5r0Hv/default.jpg,False,False,False,Auto-generated sample description for Music video.
AGD9RD3SXg7,24.26.02,Behind the Scenes: Music,Channel_2871,10,2024-02-22T01:00:00.000Z,review|vlog|live,35651,2003,66,95,https://i.ytimg.com/vi/VHwNqpDPGUI/default.jpg,False,False,False,Auto-generated sample description for Music video.
7Rszjoryt5K,25.03.02,Behind the Scenes: Music,Channel_4025,2,2025-02-02T08:00:00.000Z,vlog|trending|music,13938,184,107,207,https://i.ytimg.com/vi/54YAFLv-vdy/default.jpg,False,False,False,Auto-generated sample description for Music video.
8TbhiXFfGQy,24.11.04,Official Sports Highlights,Channel_3168,7,2024-04-07T16:00:00.000Z,trending|live|official,25279,1768,187,245,https://i.ytimg.com/vi/sIDQDNbeniY/default.jpg,False,False,False,Auto-generated sample description for Sports video.
wJGGUHH2gAU,24.01.08,Reacting to Entertainment Trends,Channel_541,19,2024-07-28T17:00:00.000Z,2024|trending|vlog,25736,1461,110,253,https://i.ytimg.com/vi/B5nbPEps6GX/default.jpg,False,False,False,Auto-generated sample description for Entertainment video.
thNO9r9nJ5r,24.30.04,Why This People & Blogs Video Went Viral,Channel_3088,20,2024-04-28T01:00:00.000Z,live|music|vlog,89522,3040,362,278,https://i.ytimg.com/vi/WGwIqAC5uEE/default.jpg,False,False,False,Auto-generated sample description for People & Blogs video.
_dYuAwgBvsp,24.03.09,Official Film & Animation Highlights,Channel_959,17,2024-09-01T20:00:00.000Z,music|live|vlog,6735,230,54,35,https://i.ytimg.com/vi/waciX73Wofd/default.jpg,False,False,False,Auto-generated sample description for Film & Animation video.
9XpbkLyVXlK,24.02.03,Official Gaming Highlights,Channel_1928,6,2024-02-29T10:00:00.000Z,trending|official|vlog,66352,2264,405,688,https://i.ytimg.com/vi/Fkg9J1ryON0/default.jpg,False,False,False,Auto-generated sample description for Gaming video.
zc6ZxaVJQW4,24.20.11,Official Autos & Vehicles Highlights,Channel_2715,15,2024-11-17T05:00:00.000Z,music|vlog|review,11390,602,13,80,https://i.ytimg.com/vi/33X2IljbYVM/default.jpg,False,False,False,Auto-generated sample description for Autos & Vehicles video.
Ka5PmZI8fbV,24.07.04,Behind the Scenes: Sports,Channel_1595,16,2024-04-04T20:00:00.000Z,2024|review|trending,7579,243,69,54,https://i.ytimg.com/vi/zLsWZuX6bD3/default.jpg,False,False,False,Auto-generated sample description for Sports video.
-jUdV2xU6j6,24.27.03,Sports Compilation 2024,Channel_192,7,2024-03-24T05:00:00.000Z,vlog|trending|live,31326,421,54,405,https://i.ytimg.com/vi/qclq3T6xWbM/default.jpg,False,False,True,Auto-generated sample description for Sports video.
Vrj7UQOp6-6,24.03.09,Why This People & Blogs Video Went Viral,Channel_740,12,2024-09-03T19:00:00.000Z,vlog|review|live,5137,77,4,46,https://i.ytimg.com/vi/-LXxjmsJlZr/default.jpg,False,False,False,Auto-generated sample description for People & Blogs video.
j5gHUIqnSLV,25.06.01,Music Compilation 2024,Channel_372,2,2025-01-04T12:00:00.000Z,official|2024|trending,9424,443,37,93,https://i.ytimg.com/vi/qasqU_acgiZ/default.jpg,False,False,False,Auto-generated sample description for Music video.
vBrJ8wuPJah,24.22.07,Official Film & Animation Highlights,Channel_3978,3,2024-07-20T21:00:00.000Z,trending|vlog|review,85164,1240,796,875,https://i.ytimg.com/vi/xuH5Elr1jXV/default.jpg,True,False,False,Auto-generated sample description for Film & Animation video.
hloVaw7nlOx,24.29.03,Music Compilation 2024,Channel_663,10,2024-03-26T16:00:00.000Z,vlog|music|official,16795,488,113,194,https://i.ytimg.com/vi/D4grzfe7j3O/default.jpg,False,True,False,Auto-generated sample description for Music video.
lNPLDs70B0S,24.30.01,Top 10 Music Moments This Week,Channel_4876,2,2024-01-30T09:00:00.000Z,official|review|2024,60095,619,285,37,https://i.ytimg.com/vi/o0ls8zNkBje/default.jpg,False,False,False,Auto-generated sample description for Music video.
Cxi7LBU4GER,25.05.01,Top 10 Music Moments This Week,Channel_3447,2,2025-01-01T13:00:00.000Z,trending|music|2024,29671,1658,101,592,https://i.ytimg.com/vi/I3e25yCGMyM/default.jpg,False,False,False,Auto-generated sample description for Music video.
MZrgQQg54Jg,24.30.09,Entertainment Compilation 2024,Channel_2950,19,2024-09-30T11:00:00.000Z,2024|trending|official,564678,18252,4303,1789,https://i.ytimg.com/vi/TkUYuAxbeQP/default.jpg,False,False,False,Auto-generated sample description for Entertainment video.
nDmkm7XmcsQ,24.20.03,Why This People & Blogs Video Went Viral,Channel_3647,20,2024-03-16T11:00:00.000Z,vlog|2024|music,16085,1236,56,64,https://i.ytimg.com/vi/wvdZVDOIkwa/default.jpg,False,False,False,Auto-generated sample description for People & Blogs video.
Thbu1gkOoRB,24.07.07,Reacting to Music Trends,Channel_1500,10,2024-07-04T18:00:00.000Z,official|vlog|trending,56458,2291,140,78,https://i.ytimg.com/vi/H4Re4Kf_m4y/default.jpg,False,False,False,Auto-generated sample description for Music video.
UdDigbYKBMb,24.28.07,Top 10 Entertainment Moments This Week,Channel_4743,19,2024-07-26T15:00:00.000Z,music|review|official,32112,1657,149,378,https://i.ytimg.com/vi/SqeB2fKijMm/default.jpg,False,False,False,Auto-generated sample description for Entertainment video.
TSFVRsfUXje,24.21.07,Official People & Blogs Highlights,Channel_3339,20,2024-07-19T12:00:00.000Z,2024|trending|vlog,18131,724,11,92,https://i.ytimg.com/vi/bcY2hjX49Hf/default.jpg,False,False,False,Auto-generated sample description for People & Blogs video.
qByKNVCcaY-,24.13.06,Music Compilation 2024,Channel_3089,2,2024-06-13T09:00:00.000Z,review|live|official,3875,113,26,55,https://i.ytimg.com/vi/PbBuSbj_BWO/default.jpg,False,False,False,Auto-generated sample description for Music video.
xhxtCCNQmib,24.02.05,Reacting to Music Trends,Channel_262,10,2024-04-29T15:00:00.000Z,trending|music|2024,106129,6906,969,1281,https://i.ytimg.com/vi/fTFa0GFbtol/default.jpg,False,False,False,Auto-generated sample description for Music video.
Q6Q5Pxlv2Nv,24.23.02,Sports Compilation 2024,Channel_381,7,2024-02-19T03:00:00.000Z,live|review|2024,46212,3135,55,32,https://i.ytimg.com/vi/wbs6VTxjG77/default.jpg,False,False,False,Auto-generated sample description for Sports video.
SuCaxy3vmvi,24.03.05,Why This Music Video Went Viral,Channel_4297,2,2024-04-30T03:00:00.000Z,review|music|trending,29754,870,136,243,https://i.ytimg.com/vi/-aUm3no3BVQ/default.jpg,False,False,False,Auto-generated sample description for Music video.
8vmWfgRE9Bi,24.18.11,Behind the Scenes: Film & Animation,Channel_3076,17,2024-11-18T02:00:00.000Z,trending|live|review,8156,524,19,120,https://i.ytimg.com/vi/9wJQNgmrv9u/default.jpg,True,False,False,Auto-generated sample description for Film & Animation video.
DrthGlJJ-JB,24.25.04,Reacting to Music Trends,Channel_1079,10,2024-04-21T11:00:00.000Z,vlog|trending|music,172776,7327,1120,164,https://i.ytimg.com/vi/i1UzbqbqeAg/default.jpg,False,False,False,Auto-generated sample description for Music video.
4_TqnFVyfql,24.29.04,Music Compilation 2024,Channel_2749,10,2024-04-27T05:00:00.000Z,music|2024|official,37676,2421,255,103,https://i.ytimg.com/vi/YzahSD466TY/default.jpg,False,False,False,Auto-generated sample description for Music video.
cul1j8MWfuB,24.23.08,Official Music Highlights,Channel_239,2,2024-08-21T11:00:00.000Z,official|live|trending,69595,2807,196,979,https://i.ytimg.com/vi/JiXYutkzp1-/default.jpg,True,False,False,Auto-generated sample description for Music video.
1Y6fXDYtkYU,24.03.03,Why This Music Video Went Viral,Channel_496,2,2024-02-29T13:00:00.000Z,official|trending|review,12310,709,51,93,https://i.ytimg.com/vi/GMe43YzNyC1/default.jpg,False,False,False,Auto-generated sample description for Music video.
vXr3plLsGB0,24.09.10,Reacting to Entertainment Trends,Channel_1126,19,2024-10-05T09:00:00.000Z,review|vlog|official,70630,4957,602,185,https://i.ytimg.com/vi/PItmf_m0sEN/default.jpg,False,False,False,Auto-generated sample description for Entertainment video.
CzRErK6xUhU,24.04.10,Behind the Scenes: Music,Channel_1933,2,2024-10-03T11:00:00.000Z,live|review|official,643101,19059,3022,3691,https://i.ytimg.com/vi/zeEjkU_ZdVI/default.jpg,False,False,False,Auto-generated sample description for Music video.
I_Q6ZIQzUE3,24.29.04,Why This Comedy Video Went Viral,Channel_4623,5,2024-04-25T04:00:00.000Z,2024|official|review,13359,964,107,136,https://i.ytimg.com/vi/XWi3AJqkwRK/default.jpg,False,False,False,Auto-generated sample description for Comedy video.
NlRxZsPVWYM,24.29.09,Comedy Compilation 2024,Channel_1489,5,2024-09-29T04:00:00.000Z,music|live|review,1670,83,14,4,https://i.ytimg.com/vi/6JrEVpIxXpK/default.jpg,False,False,False,Auto-generated sample description for Comedy video.
u1oMONBh50C,24.24.11,Reacting to Music Trends,Channel_3752,10,2024-11-21T17:00:00.000Z,live|music|vlog,136799,5077,1291,932,https://i.ytimg.com/vi/dp_TvspkV5l/default.jpg,False,False,False,Auto-generated sample description for Music video.
Jw36HI_go_y,24.22.04,Reacting to Music Trends,Channel_1341,10,2024-04-20T20:00:00.000Z,review|vlog|music,26200,1010,110,95,https://i.ytimg.com/vi/0RsC475q3ZP/default.jpg,False,False,True,Auto-generated sample description for Music video.
fTt4idVPfed,24.27.04,Top 10 Music Moments This Week,Channel_3964,10,2024-04-24T17:00:00.000Z,review|vlog|live,25675,645,131,371,https://i.ytimg.com/vi/qiNxO7yp2dM/default.jpg,False,False,False,Auto-generated sample description for Music video.
Yl_vezpzWSS,24.28.05,Reacting to Music Trends,Channel_1263,2,2024-05-25T16:00:00.000Z,trending|2024|live,28528,786,185,99,https://i.ytimg.com/vi/dx-FSqVTBEs/default.jpg,False,False,False,Auto-generated sample description for Music video.
ywaKU8CTCqD,25.01.02,Comedy Compilation 2024,Channel_3497,5,2025-01-28T12:00:00.000Z,music|trending|official,33285,2332,33,402,https://i.ytimg.com/vi/e8Ylg6fxX_p/default.jpg,False,False,False,Auto-generated sample description for Comedy video.
b-ptYmTCxl_,24.02.04,Reacting to Entertainment Trends,Channel_3562,19,2024-04-01T17:00:00.000Z,vlog|official|trending,16973,1100,114,237,https://i.ytimg.com/vi/HZ9zP4HqsAB/default.jpg,False,False,False,Auto-generated sample description for Entertainment video.
cnLGtStxwTZ,24.10.04,Official People & Blogs Highlights,Channel_3089,12,2024-04-07T08:00:00.000Z,live|trending|official,2386,61,6,41,https://i.ytimg.com/vi/BVgXF9FiohI/default.jpg,False,False,False,Auto-generated sample description for People & Blogs video.
ODNpPtbjCXw,24.05.04,People & Blogs Compilation 2024,Channel_470,12,2024-04-04T00:00:00.000Z,trending|official|2024,19245,406,98,101,https://i.ytimg.com/vi/D8UXiOJ8fUO/default.jpg,False,False,False,Auto-generated sample description for People & Blogs video.
l2IjjRQ2Icl,24.02.02,Behind the Scenes: Howto & Style,Channel_3080,14,2024-01-29T07:00:00.000Z,trending|live|review,33300,405,213,423,https://i.ytimg.com/vi/P5_Txh9arcG/default.jpg,False,False,False,Auto-generated sample description for Howto & Style video.
_mrltNjzF3Z,24.24.11,Film & Animation Compilation 2024,Channel_4358,17,2024-11-20T21:00:00.000Z,trending|vlog|2024,861,33,4,3,https://i.ytimg.com/vi/Ze8Bjv2-9Dk/default.jpg,False,False,False,Auto-generated sample description for Film & Animation video.
d6R81TEANzo,24.13.05,Behind the Scenes: Music,Channel_752,2,2024-05-13T14:00:00.000Z,vlog|2024|official,5248,166,10,34,https://i.ytimg.com/vi/NydQxDpsfup/default.jpg,False,False,False,Auto-generated sample description for Music video.
IK6K9agar17,24.10.10,Sports Compilation 2024,Channel_2509,7,2024-10-08T08:00:00.000Z,official|trending|2024,8598,148,4,147,https://i.ytimg.com/vi/_ZM55Nl1zXS/default.jpg,False,False,False,Auto-generated sample description for Sports video.
FTOC8zeXI2x,24.06.09,Music Compilation 2024,Channel_3616,10,2024-09-03T05:00:00.000Z,music|review|trending,11412,248,56,84,https://i.ytimg.com/vi/TrWCPAgV7bw/default.jpg,False,False,False,Auto-generated sample description for Music video.
2MEkOLQYSK0,24.08.11,Reacting to Gaming Trends,Channel_3561,6,2024-11-05T14:00:00.000Z,live|official|vlog,18597,402,17,168,https://i.ytimg.com/vi/HLCNGjNpYFF/default.jpg,False,False,False,Auto-generated sample description for Gaming video.
I0HcvsCgQ1q,24.18.10,Behind the Scenes: Entertainment,Channel_3908,19,2024-10-17T04:00:00.000Z,vlog|live|trending,33169,877,184,148,https://i.ytimg.com/vi/ImFunb5qhwo/default.jpg,False,False,False,Auto-generated sample description for Entertainment video.
SyK0VR8qqeF,25.06.01,Official Music Highlights,Channel_352,10,2025-01-02T19:00:00.000Z,official|review|trending,43199,1903,268,390,https://i.ytimg.com/vi/3MWisCgdsTn/default.jpg,False,False,False,Auto-generated sample description for Music video.
TYyQR8a3kBi,24.08.05,Why This Film & Animation Video Went Viral,Channel_2954,17,2024-05-08T13:00:00.000Z,trending|official|live,10520,572,66,94,https://i.ytimg.com/vi/HPYXCkjCVgA/default.jpg,False,False,False,Auto-generated sample description for Film & Animation video.
reFyN6LxH0A,24.06.09,Reacting to Entertainment Trends,Channel_883,19,2024-09-02T04:00:00.000Z,music|official|live,36946,2571,34,396,https://i.ytimg.com/vi/51YdeOsJWgt/default.jpg,False,False,False,Auto-generated sample description for Entertainment video.
Ki7HyeMAOht,24.02.03,Top 10 Music Moments This Week,Channel_4396,10,2024-03-01T07:00:00.000Z,review|official|music,4355,313,33,22,https://i.ytimg.com/vi/uuJ2YRx5Ruz/default.jpg,False,False,False,Auto-generated sample description for Music video.
crQZnBAbDcC,24.05.03,Top 10 Entertainment Moments This Week,Channel_2078,19,2024-03-04T22:00:00.000Z,2024|review|vlog,6693,534,17,111,https://i.ytimg.com/vi/ip26Ub42s9S/default.jpg,False,False,False,Auto-generated sample description for Entertainment video.
VAhkwDH-vEd,24.21.04,Top 10 Music Moments This Week,Channel_2219,10,2024-04-19T12:00:00.000Z,vlog|live|music,127654,6267,209,2097,https://i.ytimg.com/vi/qL6icl6uuqL/default.jpg,False,False,False,Auto-generated sample description for Music video.
H7n8_PH0nxH,24.04.05,Official Entertainment Highlights,Channel_3165,19,2024-04-30T03:00:00.000Z,official|vlog|trending,4066,56,8,14,https://i.ytimg.com/vi/D4t8sRixtOf/default.jpg,False,False,False,Auto-generated sample description for Entertainment video.
KGsF-Fy5jxm,24.21.07,Top 10 Gaming Moments This Week,Channel_693,6,2024-07-20T06:00:00.000Z,music|review|vlog,10140,544,39,59,https://i.ytimg.com/vi/6fES1gj6g-L/default.jpg,False,False,False,Auto-generated sample description for Gaming video.
GTwOo_nwws_,24.15.07,Music Compilation 2024,Channel_2086,10,2024-07-14T03:00:00.000Z,live|review|trending,15340,696,151,74,https://i.ytimg.com/vi/6xucULtsoWw/default.jpg,False,False,False,Auto-generated sample description for Music video.
yyazzLLM4cN,24.23.01,Behind the Scenes: Music,Channel_4249,10,2024-01-21T21:00:00.000Z,2024|trending|vlog,114972,2553,692,991,https://i.ytimg.com/vi/QbI7cvbVWSj/default.jpg,False,False,False,Auto-generated sample description for Music video.
xY2AuO1DIx5,24.14.06,Music Compilation 2024,Channel_3885,2,2024-06-13T17:00:00.000Z,official|live|vlog,58464,2288,549,360,https://i.ytimg.com/vi/Ttc1kZSksrd/default.jpg,False,False,False,Auto-generated sample description for Music video.
jP0BftOOZD3,24.18.09,Top 10 Sports Moments This Week,Channel_3796,7,2024-09-14T19:00:00.000Z,vlog|review|live,54703,4356,316,762,https://i.ytimg.com/vi/0wLxf3WjQHd/default.jpg,False,False,False,Auto-generated sample description for Sports video.
ffICuikwtmw,24.26.11,Official Entertainment Highlights,Channel_3049,19,2024-11-26T10:00:00.000Z,vlog|official|trending,15562,476,11,194,https://i.ytimg.com/vi/oVt31_ZMbno/default.jpg,False,False,False,Auto-generated sample description for Entertainment video.
rafXw_49FOP,24.05.09,Reacting to People & Blogs Trends,Channel_3177,12,2024-09-01T17:00:00.000Z,vlog|2024|official,18881,862,159,72,https://i.ytimg.com/vi/ZNp3qBLxos3/default.jpg,False,False,False,Auto-generated sample description for People & Blogs video.
fKuGBoK-ol8,24.25.01,Behind the Scenes: Music,Channel_3658,2,2024-01-22T11:00:00.000Z,live|2024|trending,18992,1421,118,293,https://i.ytimg.com/vi/JmuzochC320/default.jpg,False,False,False,Auto-generated sample description for Music video.
zuRyYymaPfP,24.18.01,Top 10 Gaming Moments This Week,Channel_2214,6,2024-01-17T10:00:00.000Z,live|trending|review,8856,356,51,99,https://i.ytimg.com/vi/aTu1vhh5Y3u/default.jpg,False,False,False,"Auto-generated sample description for Gaming video.
Second line inside a quoted CSV field."
AXAB90kRoZw,24.01.04,Music Compilation 2024,Channel_3727,2,2024-03-28T10:00:00.000Z,music|live|2024,88836,6961,297,347,https://i.ytimg.com/vi/NnajytuzCtm/default.jpg,False,False,False,Auto-generated sample description for Music video.
7i9PcZ9_Xmf,24.05.12,Music Compilation 2024,Channel_3033,2,2024-12-03T14:00:00.000Z,review|trending|live,48977,679,43,241,https://i.ytimg.com/vi/amIFjq740o6/default.jpg,False,False,False,Auto-generated sample description for Music video.
FMS_wctYWVZ,24.28.12,Behind the Scenes: Entertainment,Channel_3150,19,2024-12-24T11:00:00.000Z,review|live|trending,14222,1067,51,238,https://i.ytimg.com/vi/TmrP5ANuRPC/default.jpg,False,False,False,Auto-generated sample description for Entertainment video.
Mrc4I8s02Mi,24.27.03,Music Compilation 2024,Channel_4703,10,2024-03-27T01:00:00.000Z,trending|2024|vlog,38631,2166,51,376,https://i.ytimg.com/vi/ca6N_GTKZJj/default.jpg,False,False,False,Auto-generated sample description for Music video.
07FK6RAZnWL,25.31.01,Behind the Scenes: Gaming,Channel_4373,6,2025-01-31T21:00:00.000Z,music|official|vlog,52546,2693,253,335,https://i.ytimg.com/vi/ObvYbPvpeuZ/default.jpg,False,False,False,Auto-generated sample description for Gaming video.
hcwIGTnCayf,24.26.10,Why This Music Video Went Viral,Channel_3953,10,2024-10-25T02:00:00.000Z,official|vlog|trending,15459,856,115,118,https://i.ytimg.com/vi/E8HnS1Ebt5V/default.jpg,False,False,False,Auto-generated sample description for Music video.
ZnTAcTXLmHy,24.10.03,Autos & Vehicles Compilation 2024,Channel_4435,1,2024-03-10T01:00:00.000Z,vlog|official|2024,2010,108,16,2,https://i.ytimg.com/vi/5g9cp8u1edo/default.jpg,False,False,False,Auto-generated sample description for Autos & Vehicles video.
ILMGqfY9JR2,24.05.06,Behind the Scenes: Comedy,Channel_3284,5,2024-06-02T00:00:00.000Z,review|official|live,15423,698,85,205,https://i.ytimg.com/vi/MeWsqoPS39r/default.jpg,False,False,False,Auto-generated sample description for Comedy video.
bQEBL4dH_N9,24.26.12,Sports Compilation 2024,Channel_2487,16,2024-12-23T13:00:00.000Z,trending|official|vlog,42087,2972,30,456,https://i.ytimg.com/vi/VC3PvmDCOa-/default.jpg,False,False,False,Auto-generated sample description for Sports video.
vhaFYqxli8E,25.25.01,Reacting to People & Blogs Trends,Channel_1173,12,2025-01-24T10:00:00.000Z,vlog|2024|review,4239,78,29,74,https://i.ytimg.com/vi/u2IFSPPPvxN/default.jpg,False,False,False,Auto-generated sample description for People & Blogs video.
oP-Vk5ihRgg,24.09.03,Why This People & Blogs Video Went Viral,Channel_2528,20,2024-03-09T10:00:00.000Z,trending|music|official,11552,554,34,44,https://i.ytimg.com/vi/56NI8DUBTsM/default.jpg,False,False,False,Auto-generated sample description for People & Blogs video.
7pTM6zHLAeQ,24.31.01,Top 10 Nonprofits & Activism Moments This Week,Channel_4001,11,2024-01-30T10:00:00.000Z,trending|review|music,9745,132,90,18,https://i.ytimg.com/vi/CypB1kizEx2/default.jpg,False,False,False,Auto-generated sample description for Nonprofits & Activism video.
iTw98zbK3xO,24.31.05,Reacting to Music Trends,Channel_513,10,2024-05-30T00:00:00.000Z,official|live|music,841147,62050,3654,7780,https://i.ytimg.com/vi/4N0PBPC9gmn/default.jpg,False,False,False,Auto-generated sample description for Music video.
l94WuYiNCAY,24.13.02,Top 10 Film & Animation Moments This Week,Channel_4815,17,2024-02-11T11:00:00.000Z,trending|review|official,45751,785,266,110,https://i.ytimg.com/vi/W3HRgdeogR9/default.jpg,False,True,False,Auto-generated sample description for Film & Animation video.
Rumk0LKvLXJ,24.18.11,Reacting to Entertainment Trends,Channel_4216,19,2024-11-16T21:00:00.000Z,review|trending|official,34900,359,81,177,https://i.ytimg.com/vi/6V4vV-QSqog/default.jpg,False,False,False,Auto-generated sample description for Entertainment video.
jrMy5k7bQMH,24.15.02,Why This Sports Video Went Viral,Channel_811,16,2024-02-13T10:00:00.000Z,review|official|live,10528,630,67,43,https://i.ytimg.com/vi/2_uYnkxBdAR/default.jpg,False,False,False,Auto-generated sample description for Sports video.
-kJRbcvn47g,24.05.07,Why This Entertainment Video Went Viral,Channel_2586,19,2024-07-03T15:00:00.000Z,live|trending|2024,31894,973,108,178,https://i.ytimg.com/vi/2ACVlOc7bOy/default.jpg,False,False,False,Auto-generated sample description for Entertainment video.
kbFq8NrOSpF,24.29.01,Reacting to Science & Technology Trends,Channel_3495,18,2024-01-25T05:00:00.000Z,music|trending|review,4607,79,38,45,https://i.ytimg.com/vi/PmpfKPhrMB7/default.jpg,False,False,False,Auto-generated sample description for Science & Technology video.
_AWZr4kBSZF,24.22.06,Top 10 Entertainment Moments This Week,Channel_2894,19,2024-06-19T04:00:00.000Z,live|trending|music,42903,3059,266,375,https://i.ytimg.com/vi/aQP3lUL5FlQ/default.jpg,False,False,False,Auto-generated sample description for Entertainment video.
SomWLFYfrE8,24.24.01,Music Compilation 2024,Channel_1489,2,2024-01-20T07:00:00.000Z,2024|music|live,21723,452,193,166,https://i.ytimg.com/vi/1W0aRFLwkWG/default.jpg,False,False,False,Auto-generated sample description for Music video.
7PAQM0HfVpe,24.27.11,Top 10 Sports Moments This Week,Channel_4590,16,2024-11-26T19:00:00.000Z,trending|music|live,16038,710,153,281,https://i.ytimg.com/vi/-BbHs-1A2rn/default.jpg,False,False,False,Auto-generated sample description for Sports video.
DOBc0f1_ZHa,24.20.10,Behind the Scenes: Music,Channel_1423,10,2024-10-19T22:00:00.000Z,live|trending|vlog,52327,2637,383,207,https://i.ytimg.com/vi/J6IOSoEQ6r-/default.jpg,False,False,False,Auto-generated sample description for Music video.
pnXIezNAi_A,24.10.11,Behind the Scenes: Music,Channel_3850,10,2024-11-09T12:00:00.000Z,2024|vlog|official,2529,92,6,6,https://i.ytimg.com/vi/CDBZK85bGmD/default.jpg,False,False,False,Auto-generated sample description for Music video.
y1cxqYrSHvf,24.26.09,Why This Science & Technology Video Went Viral,Channel_556,13,2024-09-24T17:00:00.000Z,vlog|live|review,668,22,3,11,https://i.ytimg.com/vi/keT57raIJic/default.jpg,False,False,False,Auto-generated sample description for Science & Technology video.
BuIVEjh9Nms,24.12.08,Top 10 People & Blogs Moments This Week,Channel_2270,20,2024-08-09T14:00:00.000Z,trending|2024|music,2866,77,8,6,https://i.ytimg.com/vi/8tXG0AxwVk_/default.jpg,False,False,False,Auto-generated sample description for People & Blogs video.
Bw1mngeyNW3,24.28.04,Official People & Blogs Highlights,Channel_3126,20,2024-04-27T04:00:00.000Z,live|music|2024,4286,46,27,85,https://i.ytimg.com/vi/btZ5vhteeQE/default.jpg,False,False,False,Auto-generated sample description for People & Blogs video.
0dbR78Odhm_,24.18.05,Top 10 Comedy Moments This Week,Channel_1119,5,2024-05-18T09:00:00.000Z,official|trending|music,35000,964,132,453,https://i.ytimg.com/vi/d7B7lye5vul/default.jpg,False,False,False,Auto-generated sample description for Comedy video.
jX_sxpdGOJ0,24.10.09,Official Sports Highlights,Channel_4064,16,2024-09-10T19:00:00.000Z,music|trending|live,21669,833,78,47,https://i.ytimg.com/vi/i8a6GNF0gsC/default.jpg,False,False,False,Auto-generated sample description for Sports video.
slYbsRxBIks,24.27.06,Reacting to Sports Trends,Channel_140,16,2024-06-24T07:00:00.000Z,trending|official|vlog,10072,203,62,185,https://i.ytimg.com/vi/58xWcAx1TOm/default.jpg,False,False,False,Auto-generated sample description for Sports video.
MdrISTSoWeq,24.09.11,Official Sports Highlights,Channel_871,7,2024-11-06T15:00:00.000Z,trending|vlog|music,1750,47,3,13,https://i.ytimg.com/vi/Olv3ZK0G921/default.jpg,False,False,False,Auto-generated sample description for Sports video.
IN6HdD4loe-,24.14.12,Why This Music Video Went Viral,Channel_4647,2,2024-12-13T13:00:00.000Z,live|music|2024,26586,781,99,35,https://i.ytimg.com/vi/MfgZzYqzPDJ/default.jpg,False,False,False,Auto-generated sample description for Music video.
upC0OJ3xsbv,24.25.03,Official Music Highlights,Channel_1364,2,2024-03-22T21:00:00.000Z,live|vlog|2024,179136,10862,1363,2416,https://i.ytimg.com/vi/sbTQaABahcc/default.jpg,False,False,False,Auto-generated sample description for Music video.
6EoaalpGpZa,24.27.08,Official Science & Technology Highlights,Channel_4749,18,2024-08-26T09:00:00.000Z,review|music|2024,6403,355,58,119,https://i.ytimg.com/vi/tEr_z66fXbR/default.jpg,False,False,False,Auto-generated sample description for Science & Technology video.
29HXFfgcJCF,24.30.12,Music Compilation 2024,Channel_973,10,2024-12-26T20:00:00.000Z,music|vlog|live,20404,1124,25,66,https://i.ytimg.com/vi/5kmkOlVHQsN/default.jpg,False,True,False,Auto-generated sample description for Music video.
iUAPEJ00d5P,24.28.02,People & Blogs Compilation 2024,Channel_4709,20,2024-02-28T22:00:00.000Z,trending|review|official,4112,266,34,27,https://i.ytimg.com/vi/KIZ34sgmhrI/default.jpg,False,False,False,Auto-generated sample description for People & Blogs video.
ltrC5KatYse,24.19.10,Behind the Scenes: Music,Channel_2840,10,2024-10-15T04:00:00.000Z,trending|music|2024,214560,11911,1496,1176,https://i.ytimg.com/vi/HPr7DTy0NuC/default.jpg,False,False,True,Auto-generated sample description for Music video.
rQno1iwPScK,24.05.04,Reacting to People & Blogs Trends,Channel_3257,20,2024-04-05T17:00:00.000Z,music|review|vlog,32835,1929,260,137,https://i.ytimg.com/vi/7wChH20dgkq/default.jpg,False,False,False,Auto-generated sample description for People & Blogs video.
wzq2iSlqdHV,24.06.06,Official Education Highlights,Channel_4078,9,2024-06-04T22:00:00.000Z,vlog|2024|review,32361,1355,302,370,https://i.ytimg.com/vi/PCHNWfNws41/default.jpg,False,False,False,Auto-generated sample description for Education video.
lQEaU_AN-tH,24.05.10,Top 10 Entertainment Moments This Week,Channel_2865,19,2024-10-02T00:00:00.000Z,trending|2024|music,119002,4619,412,815,https://i.ytimg.com/vi/-0vuOmq6xY5/default.jpg,False,False,False,Auto-generated sample description for Entertainment video.
SZtqJj404IL,24.18.10,Music Compilation 2024,Channel_3827,2,2024-10-18T08:00:00.000Z,review|music|live,3698,136,6,41,https://i.ytimg.com/vi/hAUbe0nM9Ms/default.jpg,False,False,False,Auto-generated sample description for Music video.
1WtotlR3GTu,24.15.05,Why This Music Video Went Viral,Channel_2104,10,2024-05-12T04:00:00.000Z,trending|live|music,12176,819,37,190,https://i.ytimg.com/vi/ZJKlpm_zks7/default.jpg,False,False,False,Auto-generated sample description for Music video.
KwiJ1cZZHcS,24.23.05,Official Entertainment Highlights,Channel_826,19,2024-05-21T08:00:00.000Z,music|live|review,503388,6136,4842,1702,https://i.ytimg.com/vi/uVNzJkxFdpZ/default.jpg,False,False,False,Auto-generated sample description for Entertainment video.
E_smXghzuhz,25.19.01,Official Entertainment Highlights,Channel_4872,19,2025-01-15T18:00:00.000Z,2024|trending|vlog,14966,156,140,196,https://i.ytimg.com/vi/gklJebAM8oE/default.jpg,False,False,False,Auto-generated sample description for Entertainment video.
1fnXtTgHmK7,24.19.06,Behind the Scenes: Entertainment,Channel_2693,19,2024-06-19T16:00:00.000Z,review|official|music,223724,7832,1053,2982,https://i.ytimg.com/vi/pjA4RCRvpc8/default.jpg,False,False,False,Auto-generated sample description for Entertainment video.
a8r7hD7o1n2,24.25.02,Official Music Highlights,Channel_4527,2,2024-02-21T18:00:00.000Z,vlog|trending|music,12388,300,117,43,https://i.ytimg.com/vi/8tqzXG9-pz-/default.jpg,False,False,False,Auto-generated sample description for Music video.
axKbUT7ebvG,24.22.05,Reacting to Sports Trends,Channel_2402,7,2024-05-20T12:00:00.000Z,live|review|vlog,88152,6808,270,1465,https://i.ytimg.com/vi/YxupYeXWT6H/default.jpg,False,False,False,Auto-generated sample description for Sports video.
i3pFUslPho0,25.07.01,Why This Music Video Went Viral,Channel_1190,2,2025-01-07T12:00:00.000Z,2024|music|vlog,50532,2537,384,197,https://i.ytimg.com/vi/9bBzUfHuKBo/default.jpg,False,False,False,Auto-generated sample description for Music video.
iCdbMn2jbOD,24.17.02,Official Music Highlights,Channel_1208,2,2024-02-14T02:00:00.000Z,music|official|review,85696,2008,94,1188,https://i.ytimg.com/vi/W8UXLZFDQDN/default.jpg,False,False,False,Auto-generated sample description for Music video.
J_1Ht-2pO8F,24.29.07,Behind the Scenes: Howto & Style,Channel_2761,14,2024-07-26T02:00:00.000Z,official|vlog|music,14631,975,117,47,https://i.ytimg.com/vi/rj5_QmrDV_m/default.jpg,False,False,False,Auto-generated sample description for Howto & Style video.
7uDXctLL3VJ,24.23.02,Sports Compilation 2024,Channel_3790,16,2024-02-21T04:00:00.000Z,2024|live|music,5374,409,13,74,https://i.ytimg.com/vi/Ti4nd6Ah7pU/default.jpg,False,False,False,Auto-generated sample description for Sports video.
D9hBm-ONDcx,24.24.05,Film & Animation Compilation 2024,Channel_2429,17,2024-05-20T08:00:00.000Z,review|music|official,40660,3249,30,20,https://i.ytimg.com/vi/P6xXguwQHYZ/default.jpg,False,False,False,Auto-generated sample description for Film & Animation video.
f512Grb5WAs,24.28.10,Entertainment Compilation 2024,Channel_554,19,2024-10-25T07:00:00.000Z,review|vlog|live,23132,1657,43,197,https://i.ytimg.com/vi/RAZ81rTqB38/default.jpg,False,False,False,Auto-generated sample description for Entertainment video.
YDwhQVEHaSd,25.20.01,Reacting to Sports Trends,Channel_4300,16,2025-01-20T07:00:00.000Z,review|trending|live,223606,7298,1939,1204,https://i.ytimg.com/vi/8z1kP52GbOy/default.jpg,False,False,False,Auto-generated sample description for Sports video.
7_RSGu3jdEH,24.08.09,Top 10 Entertainment Moments This Week,Channel_1483,19,2024-09-07T20:00:00.000Z,2024|live|review,38488,846,204,103,https://i.ytimg.com/vi/q6Axhwws9nn/default.jpg,False,False,False,Auto-generated sample description for Entertainment video.
p-n2vhLuVoK,24.12.02,Why This Music Video Went Viral,Channel_4526,2,2024-02-10T12:00:00.000Z,2024|trending|vlog,31468,1195,250,378,https://i.ytimg.com/vi/DeVwn2bAwxd/default.jpg,False,False,False,Auto-generated sample description for Music video.
bmIxYI_jh2d,24.20.03,Official Comedy Highlights,Channel_3692,5,2024-03-18T03:00:00.000Z,2024|music|live,125309,2219,1230,492,https://i.ytimg.com/vi/kZy5fRbeLzA/default.jpg,False,False,False,Auto-generated sample description for Comedy video.
Co4uJ43EaCe,24.23.04,Reacting to People & Blogs Trends,Channel_3258,12,2024-04-22T21:00:00.000Z,review|official|vlog,1492,40,6,20,https://i.ytimg.com/vi/huSPnCCq7u_/default.jpg,False,False,False,Auto-generated sample description for People & Blogs video.
CSgM2hq315Y,24.21.05,Reacting to Entertainment Trends,Channel_2713,19,2024-05-18T19:00:00.000Z,review|live|2024,218810,7443,1858,2323,https://i.ytimg.com/vi/vMTA-HVc5a3/default.jpg,False,True,False,Auto-generated sample description for Entertainment video.
cvfbnvfvxjV,25.21.01,Why This Autos & Vehicles Video Went Viral,Channel_1952,1,2025-01-19T12:00:00.000Z,trending|music|official,12158,637,48,6,https://i.ytimg.com/vi/HeCwuSyFAwa/default.jpg,False,False,False,Auto-generated sample description for Autos & Vehicles video.
QShoCRKQeCZ,24.07.09,Behind the Scenes: Music,Channel_4132,10,2024-09-05T15:00:00.000Z,review|trending|vlog,297163,14425,967,5778,https://i.ytimg.com/vi/KAyFyuLFYu2/default.jpg,False,False,False,Auto-generated sample description for Music video.
DpqIIluh4QY,24.22.09,Why This Howto & Style Video Went Viral,Channel_4925,14,2024-09-21T20:00:00.000Z,trending|live|music,6553,95,25,25,https://i.ytimg.com/vi/psF_Zzj96NV/default.jpg,False,False,False,Auto-generated sample description for Howto & Style video.
IlA5RmqxY5j,24.25.05,Reacting to Music Trends,Channel_1877,2,2024-05-25T02:00:00.000Z,music|2024|official,20388,1160,39,379,https://i.ytimg.com/vi/DZq2J8OtZGX/default.jpg,False,False,False,Auto-generated sample description for Music video.
5DdauIOrIhy,24.18.03,Top 10 Travel & Events Moments This Week,Channel_868,8,2024-03-18T20:00:00.000Z,music|official|live,1936,52,13,6,https://i.ytimg.com/vi/QTbOmIArmnM/default.jpg,False,False,False,Auto-generated sample description for Travel & Events video.
7rH7qVGqtlE,24.24.02,Reacting to Entertainment Trends,Channel_2084,19,2024-02-21T22:00:00.000Z,vlog|review|official,83048,3744,722,569,https://i.ytimg.com/vi/oxaM9_f3_Wz/default.jpg,False,False,False,Auto-generated sample description for Entertainment video.
3TmThvR7L3J,24.12.05,Official Howto & Style Highlights,Channel_4258,14,2024-05-09T16:00:00.000Z,official|vlog|trending,999,62,7,7,https://i.ytimg.com/vi/TyvP39rZwcI/default.jpg,False,False,False,Auto-generated sample description for Howto & Style video.
BOVkYvuwxSb,24.05.09,Official Comedy Highlights,Channel_4369,5,2024-09-02T09:00:00.000Z,live|official|2024,3493,173,11,35,https://i.ytimg.com/vi/vM5w0yGxblv/default.jpg,False,False,False,Auto-generated sample description for Comedy video.
bb1Yv4fr0Za,25.03.01,Why This Entertainment Video Went Viral,Channel_2808,19,2025-01-01T09:00:00.000Z,review|music|trending,92167,982,545,1184,https://i.ytimg.com/vi/U3yxi9KfcDj/default.jpg,False,False,False,Auto-generated sample description for Entertainment video.
wruM7llCWaf,25.01.01,Sports Compilation 2024,Channel_175,7,2024-12-30T12:00:00.000Z,trending|live|2024,108286,5112,123,1948,https://i.ytimg.com/vi/-ePZJZo1h83/default.jpg,False,False,False,Auto-generated sample description for Sports video.
bbPD7wzI2l4,24.20.01,Entertainment Compilation 2024,Channel_1202,19,2024-01-19T16:00:00.000Z,review|live|music,61504,3189,281,881,https://i.ytimg.com/vi/Az0obHKl3Mr/default.jpg,False,False,False,Auto-generated sample description for Entertainment video.
oz6w78XU91e,24.30.11,Gaming Compilation 2024,Channel_1708,6,2024-11-30T13:00:00.000Z,review|official|trending,6027,324,16,54,https://i.ytimg.com/vi/LxfJ2i8PRm4/default.jpg,True,False,False,Auto-generated sample description for Gaming video.
wMxfvKC4NII,24.08.01,Official Music Highlights,Channel_4065,10,2024-01-05T13:00:00.000Z,live|review|official,12329,392,81,153,https://i.ytimg.com/vi/S2QzXG5bvTL/default.jpg,False,False,False,Auto-generated sample description for Music video.
fJ7wz3IibaR,24.12.03,Top 10 Sports Moments This Week,Channel_4104,7,2024-03-12T09:00:00.000Z,review|official|vlog,22435,316,75,195,https://i.ytimg.com/vi/9IwlYJEPceC/default.jpg,False,False,False,Auto-generated sample description for Sports video.
0mLC6HJB6gY,24.21.01,Reacting to Comedy Trends,Channel_3074,5,2024-01-20T12:00:00.000Z,music|trending|2024,3206,182,9,46,https://i.ytimg.com/vi/S1G17qXDZiV/default.jpg,False,False,False,Auto-generated sample description for Comedy video.
eht58vobNQf,24.01.04,Reacting to Entertainment Trends,Channel_3723,19,2024-04-01T13:00:00.000Z,vlog|trending|2024,76573,4967,311,968,https://i.ytimg.com/vi/cLEU02eReDF/default.jpg,False,False,False,Auto-generated sample description for Entertainment video.
94BcZ8prxx1,24.25.08,Music Compilation 2024,Channel_3895,2,2024-08-24T08:00:00.000Z,trending|vlog|official,27716,631,246,254,https://i.ytimg.com/vi/kc53QBQfX8A/default.jpg,False,False,False,Auto-generated sample description for Music video.
9ZdOPcMrrp6,24.25.10,Official Music Highlights,Channel_2150,2,2024-10-25T09:00:00.000Z,vlog|trending|2024,120141,8870,972,372,https://i.ytimg.com/vi/jZ4d0YAxhiZ/default.jpg,False,False,False,Auto-generated sample description for Music video.
ywku-pt1PAD,24.15.04,Gaming Compilation 2024,Channel_741,6,2024-04-12T20:00:00.000Z,2024|vlog|music,9239,176,23,130,https://i.ytimg.com/vi/2NHvZLudAEl/default.jpg,False,False,False,Auto-generated sample description for Gaming video.
coKT15dWwiR,24.11.08,Behind the Scenes: Sports,Channel_3598,16,2024-08-07T11:00:00.000Z,live|music|official,2720,144,23,20,https://i.ytimg.com/vi/HuIDJFgsj7o/default.jpg,False,False,False,Auto-generated sample description for Sports video.
ICoRgnWGslQ,24.13.12,Official Entertainment Highlights,Channel_1637,19,2024-12-13T08:00:00.000Z,2024|music|vlog,98055,4948,751,756,https://i.ytimg.com/vi/8gt0Mf5gAde/default.jpg,False,False,False,Auto-generated sample description for Entertainment video.
tv1wLMPdc6s,24.23.03,Behind the Scenes: People & Blogs,Channel_4159,20,2024-03-19T17:00:00.000Z,vlog|trending|official,2678,105,1,4,https://i.ytimg.com/vi/x7Jlj1a2oXo/default.jpg,False,False,False,Auto-generated sample description for People & Blogs video.
rcEp6hw1yHJ,24.26.10,Why This Gaming Video Went Viral,Channel_1789,6,2024-10-26T06:00:00.000Z,official|trending|2024,17940,311,100,308,https://i.ytimg.com/vi/xGQ-akwbLsM/default.jpg,False,False,False,Auto-generated sample description for Gaming video.
tC6UFbxI5Zh,24.11.02,Top 10 Travel & Events Moments This Week,Channel_4998,8,2024-02-08T01:00:00.000Z,2024|vlog|review,16587,1157,16,274,https://i.ytimg.com/vi/aqLFWOrNfTT/default.jpg,False,False,False,Auto-generated sample description for Travel & Events video.
4VJcFZIspT5,24.27.01,Music Compilation 2024,Channel_2038,2,2024-01-24T14:00:00.000Z,trending|official|vlog,64492,2516,586,1087,https://i.ytimg.com/vi/Z0tzqD2eWZ7/default.jpg,False,False,False,Auto-generated sample description for Music video.
VN-wrgGxXxv,24.24.03,Music Compilation 2024,Channel_4618,10,2024-03-20T19:00:00.000Z,trending|live|music,86451,6813,606,218,https://i.ytimg.com/vi/X1Yj60wySWt/default.jpg,False,False,False,Auto-generated sample description for Music video.
P9Z7_5xV3bM,24.01.02,Official People & Blogs Highlights,Channel_2024,20,2024-01-28T20:00:00.000Z,official|trending|live,2497,42,19,4,https://i.ytimg.com/vi/gGFmPzyktqZ/default.jpg,True,True,False,Auto-generated sample description for People & Blogs video.
7ZsiNDeKjBM,24.03.05,Official Sports Highlights,Channel_137,16,2024-04-29T06:00:00.000Z,live|trending|vlog,15019,834,53,272,https://i.ytimg.com/vi/_Pt8qe3PXMu/default.jpg,False,False,False,Auto-generated sample description for Sports video.
thxDRDd-22n,24.06.09,Behind the Scenes: Music,Channel_2139,10,2024-09-02T15:00:00.000Z,trending|review|2024,17984,1307,35,342,https://i.ytimg.com/vi/qeVZqak8UFa/default.jpg,False,False,False,Auto-generated sample description for Music video.
9tLaNFN-Gpu,24.24.12,Why This Sports Video Went Viral,Channel_1848,7,2024-12-24T15:00:00.000Z,music|vlog|live,12110,731,79,192,https://i.ytimg.com/vi/9OZmbg_-_zv/default.jpg,False,False,False,Auto-generated sample description for Sports video.
wfsQjz9yA6f,24.18.01,Top 10 Entertainment Moments This Week,Channel_2444,19,2024-01-15T08:00:00.000Z,vlog|live|official,16010,1229,155,310,https://i.ytimg.com/vi/NJ5KaI_3d41/default.jpg,False,False,False,Auto-generated sample description for Entertainment video.
a80Pjj8eTl9,24.16.07,Reacting to Music Trends,Channel_1958,10,2024-07-16T05:00:00.000Z,vlog|live|trending,51236,820,322,168,https://i.ytimg.com/vi/SkITXyGejTa/default.jpg,False,False,False,Auto-generated sample description for Music video.
5HIYUFoYg-8,24.07.07,Official Music Highlights,Channel_415,2,2024-07-06T09:00:00.000Z,official|music|trending,273851,20199,2074,5112,https://i.ytimg.com/vi/FbNONpJcFtw/default.jpg,False,False,False,Auto-generated sample description for Music video.
ufEVZJc4btY,24.18.12,Why This Sports Video Went Viral,Channel_1290,7,2024-12-16T05:00:00.000Z,trending|vlog|official,837,28,6,13,https://i.ytimg.com/vi/lWK3AAER1qz/default.jpg,False,False,False,Auto-generated sample description for Sports video.
g3-f9fvfplK,24.20.10,Top 10 Music Moments This Week,Channel_647,2,2024-10-16T02:00:00.000Z,music|live|vlog,245530,3100,1773,2751,https://i.ytimg.com/vi/XWmmQJRgRuZ/default.jpg,False,False,False,Auto-generated sample description for Music video.
6uscOC8a89I,24.26.10,Why This Film & Animation Video Went Viral,Channel_2282,3,2024-10-22T20:00:00.000Z,official|2024|music,49336,2099,430,258,https://i.ytimg.com/vi/rzk4iLXjRFI/default.jpg,False,False,False,Auto-generated sample description for Film & Animation video.
0xFPWaUDbrX,24.25.02,Official Music Highlights,Channel_4380,2,2024-02-22T02:00:00.000Z,official|music|live,6618,280,54,92,https://i.ytimg.com/vi/V-5aBXZgQgY/default.jpg,False,False,False,Auto-generated sample description for Music video.
ql2IbpbBfpv,24.10.06,Official Music Highlights,Channel_1944,10,2024-06-07T09:00:00.000Z,vlog|music|live,49530,2296,451,661,https://i.ytimg.com/vi/UrcHRuz6V7U/default.jpg,False,False,False,Auto-generated sample description for Music video.
g3fr7S_LPGI,24.09.10,Reacting to People & Blogs Trends,Channel_4838,12,2024-10-09T19:00:00.000Z,live|music|official,9569,473,51,140,https://i.ytimg.com/vi/KKKQClpcpXS/default.jpg,False,False,False,Auto-generated sample description for People & Blogs video.
QYZuvVtp__g,24.16.10,Why This Gaming Video Went Viral,Channel_3338,6,2024-10-13T12:00:00.000Z,2024|music|live,13220,607,15,181,https://i.ytimg.com/vi/0n1rN2d5bL5/default.jpg,False,False,False,Auto-generated sample description for Gaming video.
zTiUUdjVzai,24.08.10,Education Compilation 2024,Channel_1888,9,2024-10-05T19:00:00.000Z,vlog|review|music,30017,724,115,255,https://i.ytimg.com/vi/2_mO2gS4hVq/default.jpg,False,False,False,Auto-generated sample description for Education video.
HhWHUBmO7gO,24.12.04,Reacting to Entertainment Trends,Channel_3771,19,2024-04-09T12:00:00.000Z,music|trending|review,360655,12852,723,5009,https://i.ytimg.com/vi/Y3MZB2QXpEy/default.jpg,False,False,False,Auto-generated sample description for Entertainment video.
YaV7gxF98lH,24.11.08,Top 10 Film & Animation Moments This Week,Channel_49,17,2024-08-07T02:00:00.000Z,review|vlog|music,75899,2344,277,1004,https://i.ytimg.com/vi/xudU3-EBys9/default.jpg,False,False,False,Auto-generated sample description for Film & Animation video.
HfxrPEuY6Wx,24.15.05,Why This Music Video Went Viral,Channel_1355,10,2024-05-13T06:00:00.000Z,2024|review|live,33188,1431,79,260,https://i.ytimg.com/vi/uCRsfrExcmG/default.jpg,False,True,False,Auto-generated sample description for Music video.
wJLrBM_jtb9,24.14.02,Why This Comedy Video Went Viral,Channel_2631,5,2024-02-10T18:00:00.000Z,review|music|official,26984,1949,254,128,https://i.ytimg.com/vi/IRqXh4P3izC/default.jpg,False,True,False,Auto-generated sample description for Comedy video.
Btx3tq_577B,24.26.11,Top 10 Entertainment Moments This Week,Channel_618,19,2024-11-24T13:00:00.000Z,2024|vlog|trending,5106,59,14,6,https://i.ytimg.com/vi/eYZM9d4aAUg/default.jpg,False,False,False,Auto-generated sample description for Entertainment video.
MrKke8Mgq_I,24.18.09,Official Comedy Highlights,Channel_3559,5,2024-09-15T16:00:00.000Z,2024|official|trending,45079,1247,280,49,https://i.ytimg.com/vi/v261rVa3ubf/default.jpg,False,False,False,Auto-generated sample description for Comedy video.
ZH0jK5IO-An,24.20.03,Behind the Scenes: Gaming,Channel_1783,6,2024-03-19T14:00:00.000Z,trending|vlog|review,63343,4297,462,190,https://i.ytimg.com/vi/-JjG2eOObKA/default.jpg,False,False,False,Auto-generated sample description for Gaming video.
CGWmqmujnQK,24.02.09,Behind the Scenes: Entertainment,Channel_2781,19,2024-08-30T04:00:00.000Z,live|official|music,3127,65,6,30,https://i.ytimg.com/vi/ajx53uryM_M/default.jpg,False,False,False,Auto-generated sample description for Entertainment video.
-isqA59hQLi,25.18.01,Music Compilation 2024,Channel_4278,10,2025-01-18T11:00:00.000Z,music|2024|review,110961,3529,291,1754,https://i.ytimg.com/vi/zGVZN7IYdP2/default.jpg,False,False,False,Auto-generated sample description for Music video.
Ea4tzYpghs1,25.23.01,Official Sports Highlights,Channel_3148,16,2025-01-21T13:00:00.000Z,2024|live|music,11421,240,97,24,https://i.ytimg.com/vi/m1PTO50JQ_Z/default.jpg,False,False,False,Auto-generated sample description for Sports video.
wG83JaagX5R,24.02.12,Behind the Scenes: Music,Channel_3400,10,2024-12-02T12:00:00.000Z,review|trending|live,14958,178,117,41,https://i.ytimg.com/vi/LhTj1WTGPnt/default.jpg,False,False,False,Auto-generated sample description for Music video.
8Laszz02cDO,24.07.07,Science & Technology Compilation 2024,Channel_344,13,2024-07-04T20:00:00.000Z,vlog|music|2024,139848,1665,253,2245,https://i.ytimg.com/vi/cF0yfMItB0h/default.jpg,False,False,False,Auto-generated sample description for Science & Technology video.
CdJiBIb3i8-,24.12.02,Behind the Scenes: Gaming,Channel_3990,6,2024-02-11T12:00:00.000Z,live|official|vlog,68548,2087,121,1319,https://i.ytimg.com/vi/tIoAUXIbMOf/default.jpg,False,False,False,Auto-generated sample description for Gaming video.
bP_CGcRfr3a,24.15.12,Top 10 Comedy Moments This Week,Channel_2056,5,2024-12-13T06:00:00.000Z,official|live|music,18748,967,151,293,https://i.ytimg.com/vi/DlTrQJc7yNt/default.jpg,False,False,False,Auto-generated sample description for Comedy video.
36UUoNi2Iuz,24.12.03,Official Gaming Highlights,Channel_4104,6,2024-03-08T18:00:00.000Z,trending|vlog|live,11750,731,39,134,https://i.ytimg.com/vi/OYJn1uFCv2d/default.jpg,False,False,False,Auto-generated sample description for Gaming video.
v619LAm4yaX,24.04.05,Music Compilation 2024,Channel_1490,2,2024-05-03T05:00:00.000Z,review|trending|live,50991,673,506,271,https://i.ytimg.com/vi/lVll7tLsWUR/default.jpg,False,False,False,Auto-generated sample description for Music video.
tEr6sC8p5dt,24.02.12,Top 10 Entertainment Moments This Week,Channel_1868,19,2024-11-30T15:00:00.000Z,2024|vlog|trending,56246,1506,238,747,https://i.ytimg.com/vi/he2OI5hJ75P/default.jpg,False,False,False,Auto-generated sample description for Entertainment video.
zjf5A7iTiP_,24.24.01,Behind the Scenes: Comedy,Channel_476,5,2024-01-23T15:00:00.000Z,trending|review|official,9554,641,8,53,https://i.ytimg.com/vi/VXvZAH40Act/default.jpg,False,False,False,Auto-generated sample description for Comedy video.
nxodQlmtXmr,24.22.01,Official Music Highlights,Channel_4002,10,2024-01-19T09:00:00.000Z,music|2024|vlog,94191,3230,454,888,https://i.ytimg.com/vi/epg6qC9ssXD/default.jpg,False,False,False,Auto-generated sample description for Music video.
M6fFOf1-P60,24.08.01,Behind the Scenes: Entertainment,Channel_1846,19,2024-01-06T03:00:00.000Z,live|official|vlog,77952,1190,533,508,https://i.ytimg.com/vi/5b-4EmvBmPQ/default.jpg,False,False,False,Auto-generated sample description for Entertainment video.
eTql9CJJHfN,24.27.04,Why This Science & Technology Video Went Viral,Channel_4171,18,2024-04-24T14:00:00.000Z,trending|live|music,19162,1123,53,298,https://i.ytimg.com/vi/jNiN9gntDPg/default.jpg,False,False,False,Auto-generated sample description for Science & Technology video.
je455gsDMIT,25.25.01,Music Compilation 2024,Channel_4198,10,2025-01-22T05:00:00.000Z,official|review|2024,65071,863,363,1295,https://i.ytimg.com/vi/8LdD22Mci3B/default.jpg,False,False,False,Auto-generated sample description for Music video.
ApT_U5us4Dn,24.04.08,Behind the Scenes: Music,Channel_3224,10,2024-08-03T19:00:00.000Z,trending|vlog|live,6651,141,45,68,https://i.ytimg.com/vi/erlQVMuDDwM/default.jpg,False,False,False,Auto-generated sample description for Music video.
GF3Xd7AMLX8,25.15.01,Reacting to People & Blogs Trends,Channel_2086,20,2025-01-15T11:00:00.000Z,2024|live|music,42067,1498,38,331,https://i.ytimg.com/vi/STKk-Io2i4a/default.jpg,False,False,False,Auto-generated sample description for People & Blogs video.
ZjKmDMJ9XhG,24.03.06,Behind the Scenes: Howto & Style,Channel_1667,14,2024-05-30T13:00:00.000Z,vlog|2024|review,1228,95,11,14,https://i.ytimg.com/vi/KdqqZKEzdt2/default.jpg,False,False,False,Auto-generated sample description for Howto & Style video.
Xxoy1W56pW1,24.15.08,Entertainment Compilation 2024,Channel_3568,19,2024-08-15T03:00:00.000Z,music|review|live,226123,15222,1091,637,https://i.ytimg.com/vi/OYEJwerqrCI/default.jpg,False,False,False,Auto-generated sample description for Entertainment video.
2C1-Tcm85jP,24.11.12,Top 10 Entertainment Moments This Week,Channel_2494,19,2024-12-08T17:00:00.000Z,official|2024|music,4193,234,36,66,https://i.ytimg.com/vi/JLdvBFSi6MY/default.jpg,False,False,False,Auto-generated sample description for Entertainment video.
goXF-qWBiTW,24.06.03,Behind the Scenes: Science & Technology,Channel_2744,18,2024-03-03T18:00:00.000Z,official|trending|live,12070,649,19,19,https://i.ytimg.com/vi/x-4WHlMfdBP/default.jpg,True,False,False,Auto-generated sample description for Science & Technology video.
AIKGZ9sxDaM,24.21.12,Music Compilation 2024,Channel_1976,2,2024-12-17T19:00:00.000Z,live|music|official,248081,19481,2229,767,https://i.ytimg.com/vi/UJWkV9LztTl/default.jpg,False,False,False,Auto-generated sample description for Music video.
OBirbLbPKF4,24.27.05,Music Compilation 2024,Channel_3568,10,2024-05-27T10:00:00.000Z,2024|music|trending,82076,1491,761,319,https://i.ytimg.com/vi/ygVghm9FkNA/default.jpg,False,False,False,Auto-generated sample description for Music video.
0vnb-j6mfZO,24.25.04,Music Compilation 2024,Channel_2468,2,2024-04-23T05:00:00.000Z,live|official|2024,34485,2744,304,630,https://i.ytimg.com/vi/g0as2zFjVHw/default.jpg,False,False,False,Auto-generated sample description for Music video.
x3QQcPrvKmm,24.31.07,Why This People & Blogs Video Went Viral,Channel_1257,12,2024-07-30T08:00:00.000Z,music|2024|vlog,20668,214,163,412,https://i.ytimg.com/vi/9enOjGOscmZ/default.jpg,False,False,False,Auto-generated sample description for People & Blogs video.
rJeeODqxwgV,24.07.08,Entertainment Compilation 2024,Channel_1146,19,2024-08-06T19:00:00.000Z,vlog|music|review,467586,13387,2464,4171,https://i.ytimg.com/vi/fjoAGNACmyD/default.jpg,False,False,False,Auto-generated sample description for Entertainment video.
BuFGQ0KQqBM,24.22.11,Top 10 Music Moments This Week,Channel_4101,10,2024-11-19T20:00:00.000Z,2024|official|vlog,65167,826,115,757,https://i.ytimg.com/vi/42awH32yIwg/default.jpg,False,False,False,Auto-generated sample description for Music video.
8FJUw8DTZlQ,24.15.12,Reacting to Music Trends,Channel_1455,10,2024-12-14T11:00:00.000Z,2024|review|official,92290,1921,398,644,https://i.ytimg.com/vi/QiI-XuVFh11/default.jpg,False,False,False,Auto-generated sample description for Music video.
VuK4IY3ODRA,24.10.01,Behind the Scenes: Music,Channel_4756,2,2024-01-06T04:00:00.000Z,vlog|review|2024,12835,250,118,19,https://i.ytimg.com/vi/qRFtLzX_tMn/default.jpg,False,False,False,Auto-generated sample description for Music video.
1zCPIBK0Q2F,24.08.12,Reacting to Entertainment Trends,Channel_4733,19,2024-12-08T04:00:00.000Z,music|2024|review,29978,1613,116,55,https://i.ytimg.com/vi/YsL8Ej1mTCk/default.jpg,False,False,False,Auto-generated sample description for Entertainment video.
dFc_A8qWh8v,24.16.07,Official Music Highlights,Channel_782,2,2024-07-15T05:00:00.000Z,official|trending|vlog,115322,1825,162,1857,https://i.ytimg.com/vi/29crXJApqpK/default.jpg,False,False,False,Auto-generated sample description for Music video.
xPJsvXLSZAy,24.31.08,Behind the Scenes: Music,Channel_892,2,2024-08-30T22:00:00.000Z,2024|live|trending,159641,2337,256,1998,https://i.ytimg.com/vi/MbBYHkox0XL/default.jpg,False,False,False,Auto-generated sample description for Music video.
CBQCoenXnvS,24.13.08,Behind the Scenes: Comedy,Channel_226,5,2024-08-09T04:00:00.000Z,music|2024|live,6233,296,40,20,https://i.ytimg.com/vi/IekyCDIIB81/default.jpg,False,False,False,Auto-generated sample description for Comedy video.
mKfHlhj3_Be,24.24.02,Official Music Highlights,Channel_2057,2,2024-02-21T08:00:00.000Z,trending|music|vlog,278811,11173,2700,5466,https://i.ytimg.com/vi/ZbKkdgNuet1/default.jpg,False,False,False,Auto-generated sample description for Music video.
jfFLspzHQMH,24.14.06,Top 10 Music Moments This Week,Channel_491,10,2024-06-13T17:00:00.000Z,live|official|review,16036,589,47,305,https://i.ytimg.com/vi/j2h9m-mAWhk/default.jpg,False,False,False,Auto-generated sample description for Music video.
oArmNcrM7au,24.26.05,Behind the Scenes: Music,Channel_4552,10,2024-05-25T15:00:00.000Z,review|vlog|music,45671,3216,23,72,https://i.ytimg.com/vi/Llpq6MOr-jB/default.jpg,False,False,False,Auto-generated sample description for Music video.
2yjEke_MoWp,24.02.08,Behind the Scenes: Gaming,Channel_2346,6,2024-08-01T02:00:00.000Z,live|review|vlog,4444,143,12,2,https://i.ytimg.com/vi/pSKgjEkQBQg/default.jpg,False,False,False,Auto-generated sample description for Gaming video.
GSRvPw_Njar,24.08.04,Reacting to Music Trends,Channel_2977,2,2024-04-08T22:00:00.000Z,official|2024|music,39108,2376,117,270,https://i.ytimg.com/vi/7JT2XKChdVn/default.jpg,False,False,False,Auto-generated sample description for Music video.
ZAUULsx5l6t,24.11.02,Music Compilation 2024,Channel_3312,2,2024-02-08T14:00:00.000Z,live|vlog|official,31586,1299,72,112,https://i.ytimg.com/vi/ZUdHWb8cfkL/default.jpg,False,False,False,Auto-generated sample description for Music video.
W1xHf4naa00,24.23.10,Behind the Scenes: Sports,Channel_4912,7,2024-10-20T18:00:00.000Z,music|vlog|official,18772,1203,67,345,https://i.ytimg.com/vi/m-rsa80vyop/default.jpg,False,False,False,Auto-generated sample description for Sports video.
xwtKbJ8PtyT,24.29.06,Behind the Scenes: Music,Channel_4842,2,2024-06-29T00:00:00.000Z,trending|official|music,6698,199,30,16,https://i.ytimg.com/vi/aIleI5oDVno/default.jpg,False,False,False,Auto-generated sample description for Music video.
yO4svqa3LpU,24.19.08,Sports Compilation 2024,Channel_4560,16,2024-08-16T20:00:00.000Z,music|trending|2024,4065,236,23,29,https://i.ytimg.com/vi/EdqcjdMnKQF/default.jpg,False,False,False,Auto-generated sample description for Sports video.
mHK806Kqewk,25.28.01,Reacting to Film & Animation Trends,Channel_4178,3,2025-01-27T09:00:00.000Z,vlog|trending|review,928,39,3,13,https://i.ytimg.com/vi/CcXCS_dD7os/default.jpg,False,False,False,Auto-generated sample description for Film & Animation video.
EZbOQPS_VNc,24.25.05,Behind the Scenes: Gaming,Channel_2280,6,2024-05-23T08:00:00.000Z,live|trending|music,5160,205,51,73,https://i.ytimg.com/vi/13gMTt2bWig/default.jpg,False,False,False,Auto-generated sample description for Gaming video.
4fkZOs41lC1,24.23.03,Reacting to Sports Trends,Channel_4589,7,2024-03-20T16:00:00.000Z,music|official|trending,8979,421,73,120,https://i.ytimg.com/vi/hrTCcJy9ZuY/default.jpg,False,False,False,Auto-generated sample description for Sports video.
PbKxEsGwBMa,24.26.02,Official Education Highlights,Channel_2244,9,2024-02-24T04:00:00.000Z,music|2024|live,8377,449,52,141,https://i.ytimg.com/vi/NoQRFYnPRO6/default.jpg,False,False,False,Auto-generated sample description for Education video.
WbuJvV5hEBC,24.04.07,Reacting to Autos & Vehicles Trends,Channel_1183,1,2024-07-02T22:00:00.000Z,trending|official|review,27941,1092,223,94,https://i.ytimg.com/vi/LTxCkPrXCfJ/default.jpg,False,False,False,Auto-generated sample description for Autos & Vehicles video.
l4um-LurqdM,24.29.04,Official Music Highlights,Channel_3337,2,2024-04-25T00:00:00.000Z,2024|trending|live,120851,2453,838,993,https://i.ytimg.com/vi/pTEwZWA8aYC/default.jpg,False,False,False,Auto-generated sample description for Music video.
DufMTaxtf1m,24.11.04,Reacting to Entertainment Trends,Channel_4793,19,2024-04-09T03:00:00.000Z,music|review|trending,52451,3278,216,638,https://i.ytimg.com/vi/EFBVC--khah/default.jpg,False,False,False,Auto-generated sample description for Entertainment video.
sxRWJ_iVTNa,24.27.03,Reacting to Autos & Vehicles Trends,Channel_3683,1,2024-03-27T12:00:00.000Z,trending|review|live,23908,566,111,219,https://i.ytimg.com/vi/DaKSBrDkX77/default.jpg,False,False,False,Auto-generated sample description for Autos & Vehicles video.
KF4bpLTznk5,24.03.07,Music Compilation 2024,Channel_3506,10,2024-06-29T09:00:00.000Z,2024|vlog|review,54791,982,280,360,https://i.ytimg.com/vi/RhSw81iqdul/default.jpg,False,False,False,Auto-generated sample description for Music video.
htqFioY94dX,24.03.02,Reacting to Music Trends,Channel_3915,10,2024-01-31T09:00:00.000Z,vlog|2024|live,2243,150,5,16,https://i.ytimg.com/vi/QFrtz-pTtjr/default.jpg,False,False,False,Auto-generated sample description for Music video.
C_kkKtNycfd,24.15.01,Reacting to Gaming Trends,Channel_2006,6,2024-01-15T18:00:00.000Z,2024|official|live,160628,7969,1057,635,https://i.ytimg.com/vi/tFjAsH3SWWA/default.jpg,False,False,False,Auto-generated sample description for Gaming video.
z_0RjRArfmm,24.01.06,Why This Music Video Went Viral,Channel_249,10,2024-05-31T19:00:00.000Z,review|2024|official,203583,15396,1965,2548,https://i.ytimg.com/vi/u2YLx34CVis/default.jpg,False,False,False,Auto-generated sample description for Music video.
F-UYOX80H4L,24.19.09,Behind the Scenes: Science & Technology,Channel_3489,18,2024-09-17T02:00:00.000Z,live|review|official,4298,150,39,79,https://i.ytimg.com/vi/KVpcN0rOa0q/default.jpg,False,False,False,Auto-generated sample description for Science & Technology video.
sg1q51_wDOc,24.12.10,Behind the Scenes: Entertainment,Channel_3612,19,2024-10-08T10:00:00.000Z,trending|live|official,15375,1106,27,23,https://i.ytimg.com/vi/IrjqoM3Vaxs/default.jpg,False,False,False,Auto-generated sample description for Entertainment video.
aKS_7rVoLg6,24.05.07,Official Comedy Highlights,Channel_1668,5,2024-07-03T05:00:00.000Z,live|vlog|trending,2347,155,2,2,https://i.ytimg.com/vi/rlL5sFy4thI/default.jpg,False,False,False,Auto-generated sample description for Comedy video.
bYz0Cr2zaoi,24.19.09,Top 10 Gaming Moments This Week,Channel_1242,6,2024-09-19T17:00:00.000Z,music|review|trending,8776,109,65,40,https://i.ytimg.com/vi/LIqXGAAB25W/default.jpg,False,False,False,Auto-generated sample description for Gaming video.
Z_kAWbQGK3r,24.03.12,Official Comedy Highlights,Channel_4607,5,2024-12-01T12:00:00.000Z,official|2024|review,10991,316,46,24,https://i.ytimg.com/vi/goysHVlBVga/default.jpg,False,False,False,Auto-generated sample description for Comedy video.
hgBeKGihKhI,25.10.01,Top 10 Music Moments This Week,Channel_524,10,2025-01-06T20:00:00.000Z,official|2024|vlog,11135,372,99,161,https://i.ytimg.com/vi/RjBQynJB9N6/default.jpg,False,False,False,Auto-generated sample description for Music video.
ZOWK5o-5Hel,24.22.04,Behind the Scenes: Howto & Style,Channel_305,14,2024-04-21T22:00:00.000Z,live|2024|music,8865,582,72,115,https://i.ytimg.com/vi/ZA9n3lnUX22/default.jpg,False,False,False,Auto-generated sample description for Howto & Style video.
zzu0i8fPdQA,24.08.12,Why This Nonprofits & Activism Video Went Viral,Channel_1554,4,2024-12-05T08:00:00.000Z,official|review|trending,3452,209,4,48,https://i.ytimg.com/vi/iS2P4tVFUEF/default.jpg,False,False,False,Auto-generated sample description for Nonprofits & Activism video.
Zsm79QfiQI2,24.05.10,Gaming Compilation 2024,Channel_4490,6,2024-10-03T11:00:00.000Z,2024|trending|live,7737,535,73,26,https://i.ytimg.com/vi/azatRAu7w9X/default.jpg,False,False,False,Auto-generated sample description for Gaming video.
VhvOqVM2nEa,24.31.05,Behind the Scenes: Entertainment,Channel_3827,19,2024-05-31T19:00:00.000Z,review|live|music,404312,17875,2507,2022,https://i.ytimg.com/vi/8qb6Cv9886o/default.jpg,False,False,False,Auto-generated sample description for Entertainment video.
9Xzahb4ksjg,24.12.06,Top 10 Music Moments This Week,Channel_2283,2,2024-06-10T05:00:00.000Z,live|review|official,3692,84,31,43,https://i.ytimg.com/vi/L-BgS958m2p/default.jpg,False,False,False,Auto-generated sample description for Music video.
3SZZ60LfWEy,24.01.06,Why This Music Video Went Viral,Channel_2180,10,2024-05-31T09:00:00.000Z,music|review|trending,16732,763,82,251,https://i.ytimg.com/vi/UtuKrWUz6zx/default.jpg,False,False,False,Auto-generated sample description for Music video.
b6cUK9F1goQ,24.19.12,Sports Compilation 2024,Channel_4807,16,2024-12-18T10:00:00.000Z,music|review|official,8033,481,70,145,https://i.ytimg.com/vi/emfiYt1bder/default.jpg,False,False,False,Auto-generated sample description for Sports video.
R6ACOKAT-lx,24.06.10,Official Music Highlights,Channel_2324,2,2024-10-02T17:00:00.000Z,trending|2024|vlog,38551,2961,285,391,https://i.ytimg.com/vi/lGXF0XKEtcA/default.jpg,False,False,False,Auto-generated sample description for Music video.
2UssNYQHv_q,24.13.05,Why This Music Video Went Viral,Channel_22,2,2024-05-11T21:00:00.000Z,music|review|live,40357,1627,125,413,https://i.ytimg.com/vi/cYglMWcOldR/default.jpg,False,False,False,Auto-generated sample description for Music video.
zhzEO1BWzbl,24.22.02,Official Music Highlights,Channel_466,2,2024-02-21T19:00:00.000Z,vlog|music|trending,394991,13577,2596,4203,https://i.ytimg.com/vi/gEi4oaNfwDQ/default.jpg,False,False,False,Auto-generated sample description for Music video.
xgDgHC412lF,24.22.12,Entertainment Compilation 2024,Channel_3227,19,2024-12-18T01:00:00.000Z,live|trending|music,14269,348,82,202,https://i.ytimg.com/vi/krr2iSM6G6a/default.jpg,False,False,False,Auto-generated sample description for Entertainment video.
leSBFb3_z5L,24.18.12,Top 10 Music Moments This Week,Channel_776,2,2024-12-16T06:00:00.000Z,trending|review|music,197094,5893,481,1236,https://i.ytimg.com/vi/Nr2D80TdnZ-/default.jpg,False,False,False,Auto-generated sample description for Music video.
qB0E3TdlYu6,24.11.03,Music Compilation 2024,Channel_1409,2,2024-03-10T20:00:00.000Z,trending|live|vlog,18568,1319,125,281,https://i.ytimg.com/vi/2334by5YkYP/default.jpg,False,False,False,Auto-generated sample description for Music video.
a7LEOnrPR99,24.07.09,Music Compilation 2024,Channel_1248,2,2024-09-07T07:00:00.000Z,2024|official|trending,47003,3682,113,148,https://i.ytimg.com/vi/_WLdyVdOdjL/default.jpg,False,False,False,Auto-generated sample description for Music video.
yirTYSl4koN,24.10.08,Behind the Scenes: Music,Channel_3511,2,2024-08-10T18:00:00.000Z,music|review|official,616379,38911,4952,2177,https://i.ytimg.com/vi/faxHIx5-S7g/default.jpg,False,False,False,Auto-generated sample description for Music video.
ntRbiYe_Jvc,24.17.10,Nonprofits & Activism Compilation 2024,Channel_4922,11,2024-10-16T22:00:00.000Z,official|live|vlog,41571,422,227,178,https://i.ytimg.com/vi/uDy0ApcXvfb/default.jpg,False,False,False,Auto-generated sample description for Nonprofits & Activism video.
wX2rH5UE8Kd,24.24.06,Reacting to Comedy Trends,Channel_2676,5,2024-06-22T21:00:00.000Z,2024|vlog|music,7380,183,4,112,https://i.ytimg.com/vi/JNYV0_GgW_A/default.jpg,False,False,False,Auto-generated sample description for Comedy video.
iJW21TzIzLD,24.05.10,Reacting to Music Trends,Channel_2894,10,2024-10-03T07:00:00.000Z,vlog|trending|2024,66650,2764,161,1174,https://i.ytimg.com/vi/u1_B3YMOEtd/default.jpg,False,False,False,Auto-generated sample description for Music video.
LFu0BGMF3Re,24.17.02,Why This Music Video Went Viral,Channel_195,10,2024-02-15T09:00:00.000Z,review|vlog|official,95603,6195,120,89,https://i.ytimg.com/vi/OhUewIZ7vbg/default.jpg,False,False,False,Auto-generated sample description for Music video.
f75D-sOISaE,25.02.01,Behind the Scenes: Entertainment,Channel_235,19,2025-01-01T13:00:00.000Z,music|2024|live,37764,1464,177,99,https://i.ytimg.com/vi/QSoTeqaMRcx/default.jpg,False,False,False,Auto-generated sample description for Entertainment video.
7HDC-Qykmos,24.20.07,Top 10 Autos & Vehicles Moments This Week,Channel_2889,1,2024-07-16T20:00:00.000Z,trending|music|official,7392,236,63,86,https://i.ytimg.com/vi/vZTx6Ht3WxS/default.jpg,False,False,False,Auto-generated sample description for Autos & Vehicles video.
SSLRkH3fkDP,24.09.07,Official Entertainment Highlights,Channel_643,19,2024-07-06T15:00:00.000Z,2024|vlog|official,100852,2601,197,1407,https://i.ytimg.com/vi/STOC6e1r8xn/default.jpg,False,False,False,Auto-generated sample description for Entertainment video.
rlO8V2v2Gmw,24.25.09,Nonprofits & Activism Compilation 2024,Channel_236,11,2024-09-23T17:00:00.000Z,trending|official|review,2550,76,13,14,https://i.ytimg.com/vi/p4Yubh2Dk3E/default.jpg,False,False,False,Auto-generated sample description for Nonprofits & Activism video.
3_hNQeQsq14,24.23.10,Top 10 Music Moments This Week,Channel_819,2,2024-10-22T16:00:00.000Z,live|review|official,8503,388,61,41,https://i.ytimg.com/vi/DeNSlLthsVF/default.jpg,False,False,False,Auto-generated sample description for Music video.
EnFGq8UV4W7,25.18.01,Top 10 Film & Animation Moments This Week,Channel_4968,17,2025-01-16T19:00:00.000Z,trending|music|vlog,2238,156,6,33,https://i.ytimg.com/vi/QLdKHykzMF3/default.jpg,False,False,False,Auto-generated sample description for Film & Animation video.
u99pnPc0so7,24.21.01,Behind the Scenes: Entertainment,Channel_1037,19,2024-01-19T18:00:00.000Z,2024|official|music,247877,19687,1462,679,https://i.ytimg.com/vi/5Buo2skg-Dt/default.jpg,False,False,False,Auto-generated sample description for Entertainment video.
P4B639odTr5,24.17.12,Comedy Compilation 2024,Channel_9,5,2024-12-13T16:00:00.000Z,2024|vlog|official,173730,5965,1336,1662,https://i.ytimg.com/vi/SkVzhGJOgbw/default.jpg,True,False,False,Auto-generated sample description for Comedy video.
_eBNShvOZ5Y,25.03.02,Official Entertainment Highlights,Channel_1948,19,2025-01-31T06:00:00.000Z,vlog|music|official,29625,824,200,26,https://i.ytimg.com/vi/bAI06SMisE2/default.jpg,False,False,False,Auto-generated sample description for Entertainment video.
q5wjgOmFFJW,24.26.06,Official Music Highlights,Channel_824,10,2024-06-25T10:00:00.000Z,trending|official|live,203102,4312,1737,150,https://i.ytimg.com/vi/tamEvUEwezj/default.jpg,False,False,False,Auto-generated sample description for Music video.
C1bEl9FWb7N,24.16.12,Reacting to Music Trends,Channel_3983,10,2024-12-16T17:00:00.000Z,2024|review|live,3751,277,13,44,https://i.ytimg.com/vi/ffcTqkGmg8b/default.jpg,False,False,False,Auto-generated sample description for Music video.
PnxB6aVkokH,24.10.11,Reacting to People & Blogs Trends,Channel_2490,20,2024-11-10T03:00:00.000Z,official|review|vlog,26138,346,159,306,https://i.ytimg.com/vi/18sYSRXox62/default.jpg,False,False,False,Auto-generated sample description for People & Blogs video.
1s2ETZnrZW4,24.18.09,Behind the Scenes: Sports,Channel_1793,7,2024-09-17T04:00:00.000Z,music|official|vlog,13870,283,68,204,https://i.ytimg.com/vi/_A6mz9KfvrB/default.jpg,False,False,False,Auto-generated sample description for Sports video.
iMMYWw_2ABa,24.17.05,Why This Entertainment Video Went Viral,Channel_905,19,2024-05-16T22:00:00.000Z,music|2024|vlog,130605,5407,120,624,https://i.ytimg.com/vi/mMwnVxLDoY1/default.jpg,False,False,False,Auto-generated sample description for Entertainment video.
OWX9cBWDadJ,25.31.01,Behind the Scenes: Gaming,Channel_1802,6,2025-01-31T16:00:00.000Z,2024|vlog|trending,8846,406,11,51,https://i.ytimg.com/vi/DZDkSxsov9h/default.jpg,False,False,False,Auto-generated sample description for Gaming video.
Wsmk5vquJ9p,24.25.07,Behind the Scenes: Entertainment,Channel_1578,19,2024-07-21T17:00:00.000Z,music|review|trending,402423,8859,671,4808,https://i.ytimg.com/vi/o5Zg9Q5G9K5/default.jpg,False,False,False,Auto-generated sample description for Entertainment video.
poJ0Q1Tmnb3,24.06.12,Official Music Highlights,Channel_4035,10,2024-12-04T00:00:00.000Z,live|vlog|official,4089,305,22,22,https://i.ytimg.com/vi/0Fm0zmv7UT5/default.jpg,False,False,False,Auto-generated sample description for Music video.
0B-jlBgYvgo,24.01.12,Top 10 Film & Animation Moments This Week,Channel_107,3,2024-12-01T01:00:00.000Z,2024|music|review,1969,58,17,10,https://i.ytimg.com/vi/_SyvoXCy1pE/default.jpg,False,False,False,Auto-generated sample description for Film & Animation video.
fNhF8uTLVQC,24.02.04,Why This Education Video Went Viral,Channel_3450,9,2024-04-01T10:00:00.000Z,review|live|trending,8280,577,15,145,https://i.ytimg.com/vi/pt9JBtsPRn4/default.jpg,False,False,False,Auto-generated sample description for Education video.
iG_1wnxyZep,24.21.08,Reacting to Gaming Trends,Channel_4441,6,2024-08-18T11:00:00.000Z,2024|live|trending,2156,164,10,30,https://i.ytimg.com/vi/HTHmAGODmOX/default.jpg,False,False,False,Auto-generated sample description for Gaming video.
ZRf2NU7rJew,24.02.09,Reacting to Music Trends,Channel_882,2,2024-08-30T09:00:00.000Z,2024|review|live,38036,2242,211,497,https://i.ytimg.com/vi/Ql1ZiiAB8y2/default.jpg,False,False,False,Auto-generated sample description for Music video.
LbxNqvvImDh,24.27.11,Music Compilation 2024,Channel_2013,2,2024-11-24T13:00:00.000Z,live|vlog|review,173479,10934,1683,3333,https://i.ytimg.com/vi/3ONbmmNLIvL/default.jpg,False,False,False,Auto-generated sample description for Music video.
duJFVaN40Sl,25.23.01,Official Sports Highlights,Channel_4217,7,2025-01-21T19:00:00.000Z,2024|vlog|music,11220,488,33,6,https://i.ytimg.com/vi/R1JbKnN_Syi/default.jpg,False,False,False,Auto-generated sample description for Sports video.
PlhwXjjdzOX,25.04.02,Why This Music Video Went Viral,Channel_2189,2,2025-02-03T08:00:00.000Z,live|vlog|trending,45771,2677,211,739,https://i.ytimg.com/vi/wewE9WW32wv/default.jpg,False,False,False,Auto-generated sample description for Music video.
iycDNqJtLaW,24.15.02,Music Compilation 2024,Channel_1456,2,2024-02-15T06:00:00.000Z,trending|vlog|live,33953,561,144,28,https://i.ytimg.com/vi/I0yzMDEGA8V/default.jpg,False,False,False,Auto-generated sample description for Music video.
e3UKwKFwXrQ,24.16.02,Why This Sports Video Went Viral,Channel_171,16,2024-02-13T00:00:00.000Z,2024|official|live,48334,840,421,232,https://i.ytimg.com/vi/RcSuVI9bF22/default.jpg,False,False,False,Auto-generated sample description for Sports video.
QfH6pzaeRJr,24.24.02,Behind the Scenes: Sports,Channel_4167,16,2024-02-20T09:00:00.000Z,2024|live|official,12061,550,18,237,https://i.ytimg.com/vi/KZW335H6c0n/default.jpg,False,False,False,Auto-generated sample description for Sports video.
3gkH4kkdBH5,24.02.01,Official Sports Highlights,Channel_2759,16,2024-01-02T09:00:00.000Z,2024|review|official,42006,1205,343,244,https://i.ytimg.com/vi/13PaRj2cmX-/default.jpg,False,False,False,Auto-generated sample description for Sports video.
AV3PcJPcQ00,24.06.10,Reacting to Gaming Trends,Channel_4724,6,2024-10-06T15:00:00.000Z,review|live|2024,18427,1012,111,81,https://i.ytimg.com/vi/RNfrHw3j8vQ/default.jpg,False,False,False,Auto-generated sample description for Gaming video.
EP-2wWMj0FK,24.21.02,Behind the Scenes: Entertainment,Channel_2003,19,2024-02-18T16:00:00.000Z,review|vlog|2024,47058,2379,377,264,https://i.ytimg.com/vi/gXzPSCckcks/default.jpg,False,False,False,Auto-generated sample description for Entertainment video.
AaLVs-6SW8g,24.15.05,Top 10 Music Moments This Week,Channel_3173,10,2024-05-15T14:00:00.000Z,official|2024|live,69483,810,574,313,https://i.ytimg.com/vi/gy2BGMKBHZW/default.jpg,False,False,False,Auto-generated sample description for Music video.
tzCV41l9g5C,24.24.09,Official Music Highlights,Channel_3658,2,2024-09-21T22:00:00.000Z,official|review|vlog,22878,269,210,150,https://i.ytimg.com/vi/772w0rXFY4O/default.jpg,False,False,False,Auto-generated sample description for Music video.
-_H_VIKEKQr,25.20.01,Behind the Scenes: Music,Channel_2902,2,2025-01-18T18:00:00.000Z,review|live|2024,22372,1039,91,272,https://i.ytimg.com/vi/6GdE8X718Kd/default.jpg,False,False,False,Auto-generated sample description for Music video.
kN4SzMljO8A,24.16.04,Reacting to Autos & Vehicles Trends,Channel_1704,15,2024-04-12T16:00:00.000Z,music|trending|vlog,1886,135,3,32,https://i.ytimg.com/vi/hefJe0VYTtE/default.jpg,False,False,False,Auto-generated sample description for Autos & Vehicles video.
Q2UFRxzq03e,24.10.05,Reacting to Music Trends,Channel_111,2,2024-05-08T11:00:00.000Z,review|music|official,1112047,26088,9480,8525,https://i.ytimg.com/vi/7dkihFNU1jk/default.jpg,False,False,False,Auto-generated sample description for Music video.
OklnOB5JZ2j,24.18.01,Why This Music Video Went Viral,Channel_2511,10,2024-01-15T10:00:00.000Z,2024|review|vlog,22405,439,103,400,https://i.ytimg.com/vi/l0-aJ70ZXsc/default.jpg,False,False,False,Auto-generated sample description for Music video.
VciJvDDaxx_,24.25.05,People & Blogs Compilation 2024,Channel_2342,20,2024-05-21T21:00:00.000Z,review|music|official,9020,465,75,43,https://i.ytimg.com/vi/J9E2wtiGhTi/default.jpg,False,False,False,Auto-generated sample description for People & Blogs video.
5FBlG6RvH6M,24.24.12,Why This Autos & Vehicles Video Went Viral,Channel_1051,1,2024-12-22T18:00:00.000Z,music|live|official,38808,1679,185,63,https://i.ytimg.com/vi/HKncvC9CTk0/default.jpg,False,False,False,Auto-generated sample description for Autos & Vehicles video.
lAUjybsTVzI,24.13.08,Music Compilation 2024,Channel_2608,2,2024-08-10T05:00:00.000Z,trending|music|official,82994,2822,138,1209,https://i.ytimg.com/vi/AUvp-PRhMjv/default.jpg,False,False,False,Auto-generated sample description for Music video.
oW6SwBAmCNl,24.10.03,Behind the Scenes: People & Blogs,Channel_337,20,2024-03-07T12:00:00.000Z,vlog|music|live,1436,26,6,14,https://i.ytimg.com/vi/iHXyHqwNunV/default.jpg,False,False,False,Auto-generated sample description for People & Blogs video.
nwiOt8yLllL,24.13.09,Reacting to Music Trends,Channel_3290,10,2024-09-09T14:00:00.000Z,music|live|vlog,121762,2536,1051,800,https://i.ytimg.com/vi/kQTUzgiPCey/default.jpg,False,False,False,Auto-generated sample description for Music video.
mg0UMOO603E,24.08.06,Reacting to Music Trends,Channel_2503,2,2024-06-06T08:00:00.000Z,official|review|music,927,63,5,8,https://i.ytimg.com/vi/xms0IRth1Nk/default.jpg,False,False,False,Auto-generated sample description for Music video.
WWlchquGrpZ,24.22.04,Behind the Scenes: Entertainment,Channel_1159,19,2024-04-20T17:00:00.000Z,2024|trending|live,46177,1832,193,54,https://i.ytimg.com/vi/tk_TZvWWsdy/default.jpg,False,False,False,Auto-generated sample description for Entertainment video.
bSDrT_qq6gz,24.09.02,Top 10 Entertainment Moments This Week,Channel_1195,19,2024-02-09T22:00:00.000Z,music|review|2024,80513,3863,693,1290,https://i.ytimg.com/vi/IR_qGy7psSl/default.jpg,False,False,False,Auto-generated sample description for Entertainment video.
csZcWfKdwxH,24.24.05,Official Music Highlights,Channel_3429,10,2024-05-24T01:00:00.000Z,review|official|vlog,8608,563,31,104,https://i.ytimg.com/vi/9H5ZRfcGkQ3/default.jpg,False,False,False,Auto-generated sample description for Music video.
T3rC-4WS2Ej,24.01.07,Top 10 People & Blogs Moments This Week,Channel_3190,12,2024-07-01T15:00:00.000Z,vlog|music|2024,24830,419,156,267,https://i.ytimg.com/vi/qrclmyWbJ9J/default.jpg,False,False,False,Auto-generated sample description for People & Blogs video.
BcAQpGPFvLN,24.06.02,Official Comedy Highlights,Channel_4827,5,2024-02-02T18:00:00.000Z,vlog|music|official,26421,1701,241,239,https://i.ytimg.com/vi/6gUDN4qETl0/default.jpg,False,False,False,Auto-generated sample description for Comedy video.
Y_bGZ0QWtvV,24.30.12,Reacting to Music Trends,Channel_4382,2,2024-12-29T15:00:00.000Z,vlog|live|review,83820,2266,76,1008,https://i.ytimg.com/vi/vaoBtFVAf3R/default.jpg,False,False,False,Auto-generated sample description for Music video.
0_cZJPC9IJP,24.07.06,Behind the Scenes: Music,Channel_3891,10,2024-06-05T08:00:00.000Z,official|live|music,40094,2736,201,660,https://i.ytimg.com/vi/DTzk9PSQu-J/default.jpg,False,False,False,Auto-generated sample description for Music video.
LXu24Ppp_2G,24.07.06,Why This Comedy Video Went Viral,Channel_1836,5,2024-06-06T12:00:00.000Z,official|trending|2024,40447,3170,218,324,https://i.ytimg.com/vi/TOjT3NoZ42E/default.jpg,False,True,False,Auto-generated sample description for Comedy video.
xhoYyekP8tw,24.27.01,Why This Science & Technology Video Went Viral,Channel_1185,13,2024-01-25T15:00:00.000Z,live|trending|official,2070,75,8,25,https://i.ytimg.com/vi/BNv9W0gG3gk/default.jpg,False,False,False,Auto-generated sample description for Science & Technology video.
zMajQC4EVZZ,24.01.06,Reacting to Entertainment Trends,Channel_3982,19,2024-05-29T07:00:00.000Z,music|official|vlog,197967,11946,1525,3365,https://i.ytimg.com/vi/HI1cSFtYf3-/default.jpg,False,False,False,Auto-generated sample description for Entertainment video.
_rgQAYMintS,24.17.03,Music Compilation 2024,Channel_3641,2,2024-03-17T12:00:00.000Z,vlog|review|live,18205,987,105,283,https://i.ytimg.com/vi/UfvkTPBFc_6/default.jpg,False,False,False,Auto-generated sample description for Music video.
1HBVY9IKYa5,24.21.12,Behind the Scenes: Music,Channel_4994,10,2024-12-19T17:00:00.000Z,review|music|2024,29694,1677,153,234,https://i.ytimg.com/vi/Rkmi69VVitJ/default.jpg,False,False,False,Auto-generated sample description for Music video.
m2JwFR8I443,24.24.04,Why This Comedy Video Went Viral,Channel_3107,5,2024-04-24T07:00:00.000Z,review|official|trending,42074,1670,336,158,https://i.ytimg.com/vi/e9cUPMHANC3/default.jpg,False,False,False,Auto-generated sample description for Comedy video.
wsaIg-ZEMoS,24.22.02,Top 10 Entertainment Moments This Week,Channel_2949,19,2024-02-19T22:00:00.000Z,trending|2024|vlog,43369,1017,282,182,https://i.ytimg.com/vi/pggopQG76DK/default.jpg,False,False,False,Auto-generated sample description for Entertainment video.
9rwTU7RZGnC,24.15.08,Why This Comedy Video Went Viral,Channel_2215,5,2024-08-11T00:00:00.000Z,vlog|review|2024,4574,202,3,53,https://i.ytimg.com/vi/NmYQV7BOtEs/default.jpg,False,False,False,Auto-generated sample description for Comedy video.
S-M-Um0ZftH,24.14.04,Reacting to Music Trends,Channel_964,10,2024-04-12T22:00:00.000Z,review|live|2024,3886,241,20,48,https://i.ytimg.com/vi/vEBM4aMc7nG/default.jpg,False,False,False,Auto-generated sample description for Music video.
_-FLpSORfB_,24.28.12,Why This Music Video Went Viral,Channel_3055,10,2024-12-24T16:00:00.000Z,vlog|2024|music,27289,379,178,536,https://i.ytimg.com/vi/p7dyXmcj6Sd/default.jpg,False,False,False,Auto-generated sample description for Music video.
6Ie-3wOOmYt,24.30.03,Official Sports Highlights,Channel_2992,7,2024-03-29T09:00:00.000Z,trending|live|review,1366,46,8,2,https://i.ytimg.com/vi/24ZFTz2-EVT/default.jpg,False,False,False,Auto-generated sample description for Sports video.
BIkBDSnyajI,24.13.06,Top 10 Howto & Style Moments This Week,Channel_387,14,2024-06-12T03:00:00.000Z,trending|2024|official,112634,8976,453,1614,https://i.ytimg.com/vi/v_ND3ZCO904/default.jpg,False,False,False,Auto-generated sample description for Howto & Style video.
zbg6DU3UtXd,24.27.03,Behind the Scenes: Sports,Channel_1427,16,2024-03-27T20:00:00.000Z,review|official|live,43134,1421,109,116,https://i.ytimg.com/vi/1E8HisX2nlq/default.jpg,False,False,False,Auto-generated sample description for Sports video.
vPuWkn-sQNY,24.20.01,Why This Music Video Went Viral,Channel_3699,10,2024-01-18T14:00:00.000Z,official|vlog|review,117377,5515,453,1243,https://i.ytimg.com/vi/WVBxVOJKjom/default.jpg,False,False,False,Auto-generated sample description for Music video.
kBW5ycRshAm,24.31.03,Reacting to Film & Animation Trends,Channel_4859,17,2024-03-31T11:00:00.000Z,live|2024|vlog,3379,167,15,24,https://i.ytimg.com/vi/MmJ_kHWrvdj/default.jpg,False,False,False,Auto-generated sample description for Film & Animation video.
mox4vAXbza9,24.21.09,People & Blogs Compilation 2024,Channel_2385,20,2024-09-17T09:00:00.000Z,2024|review|music,6760,388,10,11,https://i.ytimg.com/vi/b193nE7WsVa/default.jpg,False,False,False,Auto-generated sample description for People & Blogs video.
m_sfKYgMnXC,24.03.09,Official Education Highlights,Channel_1853,9,2024-08-31T14:00:00.000Z,review|vlog|live,2279,175,10,12,https://i.ytimg.com/vi/XMQZG27MnkZ/default.jpg,False,False,False,Auto-generated sample description for Education video.
XGe-bDMqRo5,24.19.02,Reacting to Music Trends,Channel_435,10,2024-02-19T21:00:00.000Z,music|trending|review,235784,3410,588,827,https://i.ytimg.com/vi/VmyYsY7b7Jw/default.jpg,False,False,False,Auto-generated sample description for Music video.
YrRvZarwo2d,24.07.10,Behind the Scenes: Music,Channel_4179,2,2024-10-05T07:00:00.000Z,2024|official|vlog,636551,48583,2495,6861,https://i.ytimg.com/vi/bsDzVDMyka0/default.jpg,False,False,False,Auto-generated sample description for Music video.
RGWBSpdukMg,24.31.05,Official Entertainment Highlights,Channel_1234,19,2024-05-28T17:00:00.000Z,trending|live|vlog,108726,6760,889,2147,https://i.ytimg.com/vi/lQV9bCR6m__/default.jpg,False,False,False,Auto-generated sample description for Entertainment video.
5hMjqGWaQlY,24.20.05,Why This Music Video Went Viral,Channel_4431,10,2024-05-19T15:00:00.000Z,review|live|trending,16490,1018,125,293,https://i.ytimg.com/vi/PAE5XHo6Z67/default.jpg,False,False,False,Auto-generated sample description for Music video.
P6Dk8EfDCwH,24.22.07,Behind the Scenes: Travel & Events,Channel_3443,8,2024-07-22T07:00:00.000Z,vlog|review|2024,22358,1399,179,194,https://i.ytimg.com/vi/Q_HRoaMJfM4/default.jpg,False,False,False,Auto-generated sample description for Travel & Events video.
cRLu9g6UM90,24.08.04,Official Music Highlights,Channel_862,2,2024-04-06T16:00:00.000Z,music|review|2024,44820,3309,153,874,https://i.ytimg.com/vi/8YN5ULS1R7t/default.jpg,False,False,False,Auto-generated sample description for Music video.
LRIdAbHWS1b,24.14.08,Entertainment Compilation 2024,Channel_3105,19,2024-08-13T01:00:00.000Z,vlog|trending|review,24515,1350,176,445,https://i.ytimg.com/vi/x0iBq08e446/default.jpg,False,False,False,Auto-generated sample description for Entertainment video.
0sWC_7x4ikh,24.05.06,Sports Compilation 2024,Channel_1953,7,2024-06-02T17:00:00.000Z,official|music|live,162884,7262,930,1976,https://i.ytimg.com/vi/1wxe0vKzuDy/default.jpg,False,False,False,Auto-generated sample description for Sports video.
DGJWcZdWHDa,25.24.01,Howto & Style Compilation 2024,Channel_2817,14,2025-01-21T02:00:00.000Z,vlog|live|review,42842,2573,383,518,https://i.ytimg.com/vi/R4YPrNlrRF9/default.jpg,False,False,False,Auto-generated sample description for Howto & Style video.
RK9RFnobGvU,24.26.05,Why This Music Video Went Viral,Channel_2548,2,2024-05-25T20:00:00.000Z,live|trending|music,9741,422,31,109,https://i.ytimg.com/vi/PF40MqUQd92/default.jpg,False,False,False,Auto-generated sample description for Music video.
fDqvpFj9elP,24.13.08,Behind the Scenes: Entertainment,Channel_3288,19,2024-08-13T12:00:00.000Z,2024|live|trending,17642,888,75,41,https://i.ytimg.com/vi/q89u_zjGuNU/default.jpg,False,False,False,Auto-generated sample description for Entertainment video.
YNMo2bEyxa8,24.11.04,Official Music Highlights,Channel_159,2,2024-04-09T21:00:00.000Z,official|music|vlog,721625,35875,5664,5448,https://i.ytimg.com/vi/w-NRktcsuak/default.jpg,False,False,False,Auto-generated sample description for Music video.
J_rihIZ1q7O,24.13.10,Reacting to Music Trends,Channel_147,2,2024-10-09T22:00:00.000Z,review|music|official,41255,2782,97,652,https://i.ytimg.com/vi/vZ5GJvgDYh9/default.jpg,False,False,False,Auto-generated sample description for Music video.
yzbV_sEBYb2,24.27.08,Official Entertainment Highlights,Channel_721,19,2024-08-27T01:00:00.000Z,review|official|vlog,24433,1555,85,311,https://i.ytimg.com/vi/5tDrZ-jIRm6/default.jpg,True,False,False,Auto-generated sample description for Entertainment video.
9qdqSjqfptT,24.30.07,Top 10 Entertainment Moments This Week,Channel_1952,19,2024-07-26T18:00:00.000Z,live|vlog|review,19806,375,58,360,https://i.ytimg.com/vi/5aIz9RunRVP/default.jpg,False,False,False,Auto-generated sample description for Entertainment video.
kKvc7Q6MoNx,24.26.10,Why This Film & Animation Video Went Viral,Channel_4599,3,2024-10-24T20:00:00.000Z,review|2024|live,44701,1671,389,669,https://i.ytimg.com/vi/0uXqSkEiwM8/default.jpg,False,False,False,Auto-generated sample description for Film & Animation video.
9vHMyNzRM7_,24.24.01,Top 10 Music Moments This Week,Channel_4945,10,2024-01-22T00:00:00.000Z,review|2024|official,35198,2545,169,574,https://i.ytimg.com/vi/8oRZNCfugCI/default.jpg,False,False,False,Auto-generated sample description for Music video.
1gdgKbi1T9D,24.08.04,Sports Compilation 2024,Channel_3402,16,2024-04-07T22:00:00.000Z,live|official|review,6616,518,3,95,https://i.ytimg.com/vi/ZWrqUHteC0D/default.jpg,False,False,False,Auto-generated sample description for Sports video.
hmQs7Eno6xx,25.28.01,Entertainment Compilation 2024,Channel_2546,19,2025-01-26T07:00:00.000Z,music|official|2024,26666,316,153,526,https://i.ytimg.com/vi/Q1bbiIqCBQI/default.jpg,False,False,False,Auto-generated sample description for Entertainment video.
P1199kTFcvv,24.02.01,Sports Compilation 2024,Channel_1340,7,2024-01-01T05:00:00.000Z,vlog|official|2024,192389,5304,1214,3471,https://i.ytimg.com/vi/EZPbfzsceh3/default.jpg,False,False,False,Auto-generated sample description for Sports video.
s5-FPOHgKwF,24.26.10,Official Music Highlights,Channel_3282,10,2024-10-22T20:00:00.000Z,trending|2024|review,1127264,24379,7266,2821,https://i.ytimg.com/vi/sh34UICzNDZ/default.jpg,False,False,False,Auto-generated sample description for Music video.
xSw8CQ6zFmC,25.20.01,Top 10 Sports Moments This Week,Channel_162,16,2025-01-19T22:00:00.000Z,2024|live|official,26866,639,35,134,https://i.ytimg.com/vi/RFAgxD2Nmwt/default.jpg,False,False,False,Auto-generated sample description for Sports video.
y6uhEDSfPjZ,24.31.03,Official Sports Highlights,Channel_1029,16,2024-03-29T08:00:00.000Z,live|review|official,69377,3170,226,1360,https://i.ytimg.com/vi/md-lUTP_gIg/default.jpg,False,False,False,Auto-generated sample description for Sports video.
RYNjkuVVlqP,24.21.08,Top 10 Science & Technology Moments This Week,Channel_4184,18,2024-08-21T09:00:00.000Z,review|music|2024,9428,346,81,30,https://i.ytimg.com/vi/jlFScSCNGi8/default.jpg,False,False,False,Auto-generated sample description for Science & Technology video.
pY3DwqJ0Fc3,24.24.11,Official Music Highlights,Channel_3363,10,2024-11-20T16:00:00.000Z,live|music|trending,61535,1792,66,482,https://i.ytimg.com/vi/U3EOqba63jO/default.jpg,False,False,False,Auto-generated sample description for Music video.
T156jNyB2df,24.04.05,Reacting to Music Trends,Channel_4857,2,2024-05-01T12:00:00.000Z,music|review|vlog,7084,421,48,33,https://i.ytimg.com/vi/kK1mgBt-mAe/default.jpg,False,False,False,Auto-generated sample description for Music video.
o08TlT1fSeW,25.21.01,Why This Entertainment Video Went Viral,Channel_3279,19,2025-01-17T18:00:00.000Z,review|trending|vlog,9927,257,98,27,https://i.ytimg.com/vi/uW9web9t-ua/default.jpg,False,False,False,Auto-generated sample description for Entertainment video.
5ty6AT1Kc7C,24.25.10,Reacting to Entertainment Trends,Channel_236,19,2024-10-25T06:00:00.000Z,trending|live|music,122191,3002,795,1864,https://i.ytimg.com/vi/Z4VnGSKA07k/default.jpg,False,False,False,Auto-generated sample description for Entertainment video.
15ViR-mk2MT,24.04.11,Entertainment Compilation 2024,Channel_373,19,2024-11-03T15:00:00.000Z,official|vlog|trending,110091,4798,655,1851,https://i.ytimg.com/vi/UZAMFlg4Asc/default.jpg,False,False,False,Auto-generated sample description for Entertainment video.
BE899EczmW_,24.17.05,Reacting to Music Trends,Channel_4565,2,2024-05-15T05:00:00.000Z,2024|music|trending,7895,264,21,5,https://i.ytimg.com/vi/u1nVK9tbnsH/default.jpg,False,False,False,Auto-generated sample description for Music video.
dhRLeeA_Z6E,24.15.08,Behind the Scenes: Film & Animation,Channel_4178,3,2024-08-15T07:00:00.000Z,2024|live|official,1535,44,1,19,https://i.ytimg.com/vi/WmYBbzKFChd/default.jpg,False,False,False,Auto-generated sample description for Film & Animation video.
Cc-Jn40OI0X,24.19.11,Top 10 Sports Moments This Week,Channel_4195,16,2024-11-18T20:00:00.000Z,trending|2024|live,17868,909,124,194,https://i.ytimg.com/vi/TmWusRt5PZh/default.jpg,True,False,False,Auto-generated sample description for Sports video.
eVW75nxUkVf,24.07.01,Why This Music Video Went Viral,Channel_838,2,2024-01-03T21:00:00.000Z,trending|vlog|live,15321,399,102,126,https://i.ytimg.com/vi/bRi0Z3foxBq/default.jpg,False,False,False,Auto-generated sample description for Music video.
Wy1kPr8YPKM,24.08.12,Why This People & Blogs Video Went Viral,Channel_1273,20,2024-12-06T07:00:00.000Z,music|live|vlog,31668,2528,111,299,https://i.ytimg.com/vi/HtGYyjF7E7j/default.jpg,False,False,False,Auto-generated sample description for People & Blogs video.
etWWpHpF0aX,24.28.09,Official Sports Highlights,Channel_201,7,2024-09-27T03:00:00.000Z,official|2024|music,10277,196,46,67,https://i.ytimg.com/vi/pnqOWsM-0BL/default.jpg,False,False,False,Auto-generated sample description for Sports video.
inonNbRkDuO,24.06.11,Reacting to Sports Trends,Channel_949,16,2024-11-02T02:00:00.000Z,2024|trending|music,152867,3200,689,2201,https://i.ytimg.com/vi/NN5eU1aJgX6/default.jpg,False,False,False,Auto-generated sample description for Sports video.
znHTXIO8qt6,24.31.08,Why This Entertainment Video Went Viral,Channel_3870,19,2024-08-28T12:00:00.000Z,trending|official|music,1210237,40846,9386,17792,https://i.ytimg.com/vi/6IdCB5HH5aD/default.jpg,False,False,False,Auto-generated sample description for Entertainment video.
KlxZMjaXcCv,24.08.12,Sports Compilation 2024,Channel_3694,7,2024-12-08T21:00:00.000Z,official|live|music,1003,50,8,15,https://i.ytimg.com/vi/fS-YElekdZQ/default.jpg,False,False,False,Auto-generated sample description for Sports video.
KchJ4LZ7MWI,24.17.11,Behind the Scenes: Gaming,Channel_2068,6,2024-11-15T21:00:00.000Z,trending|music|2024,6796,346,32,79,https://i.ytimg.com/vi/bFZndg67aj4/default.jpg,False,False,False,Auto-generated sample description for Gaming video.
Nzze4noj4n2,24.23.07,Official Music Highlights,Channel_300,10,2024-07-20T12:00:00.000Z,official|trending|music,8971,213,50,8,https://i.ytimg.com/vi/vlIKLlTQ25J/default.jpg,False,False,False,Auto-generated sample description for Music video.
0RVuDn9dBDU,25.25.01,Top 10 Music Moments This Week,Channel_11,10,2025-01-24T21:00:00.000Z,review|music|official,31756,1114,17,87,https://i.ytimg.com/vi/xXZSBXo96En/default.jpg,False,False,False,Auto-generated sample description for Music video.
tI_tzSWQFt9,24.28.01,Reacting to Travel & Events Trends,Channel_3179,8,2024-01-27T09:00:00.000Z,trending|2024|music,6627,268,46,49,https://i.ytimg.com/vi/HkEJzp9X4e3/default.jpg,True,False,False,Auto-generated sample description for Travel & Events video.
O7qppXrRdYy,24.20.04,Why This Music Video Went Viral,Channel_2155,10,2024-04-18T12:00:00.000Z,2024|official|review,6396,136,43,68,https://i.ytimg.com/vi/A5bnLPU-aDE/default.jpg,False,False,False,Auto-generated sample description for Music video.
YYtUPqhQdwX,24.09.10,Official Entertainment Highlights,Channel_59,19,2024-10-08T15:00:00.000Z,music|vlog|review,83573,6428,145,1482,https://i.ytimg.com/vi/ohkP2j1j6yH/default.jpg,False,False,False,Auto-generated sample description for Entertainment video.
lDagryMWgZ9,24.09.06,Top 10 Music Moments This Week,Channel_1611,10,2024-06-09T12:00:00.000Z,vlog|live|music,5993,62,58,73,https://i.ytimg.com/vi/hHHp_7F0UO1/default.jpg,False,False,False,Auto-generated sample description for Music video.
rrc0BkYKp9X,24.24.09,Official Music Highlights,Channel_1830,2,2024-09-20T13:00:00.000Z,review|music|live,38077,2042,205,603,https://i.ytimg.com/vi/y0Ho3E2yOi0/default.jpg,False,False,False,Auto-generated sample description for Music video.
iDwRrtZ6nwW,24.19.03,Behind the Scenes: Sports,Channel_1970,7,2024-03-19T04:00:00.000Z,2024|trending|official,4345,253,31,25,https://i.ytimg.com/vi/PvxOx1GHMJF/default.jpg,False,False,False,Auto-generated sample description for Sports video.
oojNCCf2Gdd,24.11.01,Why This Sports Video Went Viral,Channel_4604,7,2024-01-11T07:00:00.000Z,2024|review|music,7552,147,51,19,https://i.ytimg.com/vi/QOShXv99gvT/default.jpg,False,False,False,Auto-generated sample description for Sports video.
E7vo0wYYcBs,24.01.06,Top 10 Music Moments This Week,Channel_2655,2,2024-05-29T13:00:00.000Z,trending|official|music,576790,18001,1505,2501,https://i.ytimg.com/vi/awOS-7D6zT-/default.jpg,False,False,False,Auto-generated sample description for Music video.
sG5Ikji9BY6,24.18.08,Official Music Highlights,Channel_1790,2,2024-08-15T06:00:00.000Z,vlog|trending|2024,397822,21409,2020,6765,https://i.ytimg.com/vi/sTY73nnuULu/default.jpg,False,False,False,Auto-generated sample description for Music video.
FesvGr7Cvof,24.22.03,Howto & Style Compilation 2024,Channel_4274,14,2024-03-19T18:00:00.000Z,trending|live|music,17398,740,171,306,https://i.ytimg.com/vi/v4D2TLStxa8/default.jpg,False,False,False,Auto-generated sample description for Howto & Style video.
8Gi3u-3AYPi,24.05.08,Top 10 Gaming Moments This Week,Channel_2681,6,2024-08-03T01:00:00.000Z,official|review|music,7613,350,65,94,https://i.ytimg.com/vi/ccUkeoMGqq2/default.jpg,False,False,False,Auto-generated sample description for Gaming video.
5rqEPetDayI,24.26.11,Reacting to Entertainment Trends,Channel_1167,19,2024-11-26T12:00:00.000Z,review|vlog|official,67586,4043,66,1198,https://i.ytimg.com/vi/z6QAo3sdo1Y/default.jpg,False,False,False,Auto-generated sample description for Entertainment video.
8NbFAaGVJGi,25.04.01,Official Comedy Highlights,Channel_3192,5,2024-12-31T08:00:00.000Z,music|2024|vlog,5595,77,19,71,https://i.ytimg.com/vi/H7adKLQdmQm/default.jpg,False,False,False,Auto-generated sample description for Comedy video.
aqLmpTaOc01,24.01.11,Official Music Highlights,Channel_1599,2,2024-10-29T09:00:00.000Z,music|official|live,22799,261,63,326,https://i.ytimg.com/vi/QVuFurgPy64/default.jpg,False,False,False,Auto-generated sample description for Music video.
N_ZwRzUfnlo,24.08.03,Why This Film & Animation Video Went Viral,Channel_1304,17,2024-03-04T03:00:00.000Z,review|official|vlog,57516,3553,421,125,https://i.ytimg.com/vi/3x75wZfCk4J/default.jpg,False,True,False,Auto-generated sample description for Film & Animation video.
a8p3iNqwCVQ,24.16.03,Reacting to Entertainment Trends,Channel_2417,19,2024-03-15T08:00:00.000Z,vlog|review|official,68373,4500,110,799,https://i.ytimg.com/vi/xfPT04P4_ln/default.jpg,False,False,False,Auto-generated sample description for Entertainment video.
NQ70s4GPnlX,24.05.10,Official Comedy Highlights,Channel_4502,5,2024-10-01T01:00:00.000Z,trending|official|review,1822,36,12,35,https://i.ytimg.com/vi/7enSvxoAzWW/default.jpg,False,False,False,Auto-generated sample description for Comedy video.
jqDa_JXnoF9,24.11.07,Behind the Scenes: Film & Animation,Channel_4870,3,2024-07-09T12:00:00.000Z,live|2024|music,12801,536,86,225,https://i.ytimg.com/vi/QYgCB-TsUYn/default.jpg,False,False,False,Auto-generated sample description for Film & Animation video.
Fgba8E_KMJO,24.05.06,Music Compilation 2024,Channel_2070,2,2024-06-03T06:00:00.000Z,review|official|vlog,16660,1084,28,136,https://i.ytimg.com/vi/of5Zv2rXRKD/default.jpg,False,False,False,Auto-generated sample description for Music video.
dHFRAQg72UO,25.24.01,Music Compilation 2024,Channel_4157,10,2025-01-23T10:00:00.000Z,review|live|2024,1640997,52178,3509,28639,https://i.ytimg.com/vi/Q1jW9NBNe-A/default.jpg,False,False,False,Auto-generated sample description for Music video.
7XmyOda-BXu,24.23.10,Top 10 Music Moments This Week,Channel_1563,10,2024-10-19T08:00:00.000Z,live|vlog|trending,13710,172,58,255,https://i.ytimg.com/vi/PKbEy0RqQfx/default.jpg,False,False,False,Auto-generated sample description for Music video.
YOzu6EOQpK5,24.23.12,Top 10 Comedy Moments This Week,Channel_2151,5,2024-12-20T08:00:00.000Z,trending|vlog|music,27143,797,123,125,https://i.ytimg.com/vi/yrqFI9-jL2Q/default.jpg,False,False,False,Auto-generated sample description for Comedy video.
5ftef0o8Gjy,24.24.02,Music Compilation 2024,Channel_2533,2,2024-02-22T20:00:00.000Z,official|review|trending,65958,4822,435,660,https://i.ytimg.com/vi/J8YounFls9b/default.jpg,False,False,False,Auto-generated sample description for Music video.
vtEdUXLK1TF,24.04.08,Reacting to Music Trends,Channel_36,10,2024-08-02T07:00:00.000Z,official|review|vlog,78648,5619,79,521,https://i.ytimg.com/vi/PRQgq0BQ2a_/default.jpg,False,False,False,Auto-generated sample description for Music video.
BDr-0yhH0ed,25.18.01,Behind the Scenes: Entertainment,Channel_1458,19,2025-01-16T13:00:00.000Z,vlog|review|live,34591,660,29,123,https://i.ytimg.com/vi/ZWs2cxxth4V/default.jpg,False,False,False,Auto-generated sample description for Entertainment video.
37diRnwehAA,24.22.09,Why This People & Blogs Video Went Viral,Channel_2535,12,2024-09-19T11:00:00.000Z,trending|music|2024,9409,560,17,55,https://i.ytimg.com/vi/38uoWxjyEDj/default.jpg,False,False,False,Auto-generated sample description for People & Blogs video.
oaRCd9kuw1f,24.12.03,Official Music Highlights,Channel_4582,10,2024-03-08T18:00:00.000Z,live|review|trending,65245,4412,146,148,https://i.ytimg.com/vi/D74Jx6gOKP-/default.jpg,False,False,False,Auto-generated sample description for Music video.
shZytudkv1g,24.25.11,Why This Music Video Went Viral,Channel_2120,2,2024-11-25T12:00:00.000Z,2024|vlog|review,10928,337,92,119,https://i.ytimg.com/vi/UPrI-0b1c2H/default.jpg,False,False,False,Auto-generated sample description for Music video.
U7B57G8_Hb4,24.26.05,Official Comedy Highlights,Channel_4965,5,2024-05-22T08:00:00.000Z,official|2024|review,3580,275,16,26,https://i.ytimg.com/vi/976g3ls6tNt/default.jpg,False,False,False,Auto-generated sample description for Comedy video.
ZjWGp4daRz_,24.22.02,Official Comedy Highlights,Channel_4227,5,2024-02-21T00:00:00.000Z,2024|music|official,4717,86,37,52,https://i.ytimg.com/vi/XYbzjZWN8Vi/default.jpg,False,False,False,Auto-generated sample description for Comedy video.
HrUEVIkZckk,24.09.12,Behind the Scenes: Film & Animation,Channel_4558,17,2024-12-08T20:00:00.000Z,vlog|official|trending,13013,143,33,193,https://i.ytimg.com/vi/c4ap8aZ-nUv/default.jpg,False,False,False,Auto-generated sample description for Film & Animation video.
KhKCC2V4W5t,24.13.04,Reacting to Entertainment Trends,Channel_2406,19,2024-04-11T07:00:00.000Z,2024|music|vlog,12389,990,96,136,https://i.ytimg.com/vi/Pileag8gn_U/default.jpg,False,False,False,Auto-generated sample description for Entertainment video.
8uDwekbw8U8,24.26.08,Why This Entertainment Video Went Viral,Channel_3775,19,2024-08-23T04:00:00.000Z,vlog|review|official,14017,153,134,164,https://i.ytimg.com/vi/D2P5NGvStXH/default.jpg,False,False,False,Auto-generated sample description for Entertainment video.
B4LfUlyE6D4,24.04.12,People & Blogs Compilation 2024,Channel_3240,20,2024-11-30T04:00:00.000Z,vlog|trending|review,48414,806,297,645,https://i.ytimg.com/vi/5WoWaOR_l6M/default.jpg,False,False,False,Auto-generated sample description for People & Blogs video.
kJIehBRZvKf,24.26.04,Reacting to People & Blogs Trends,Channel_2913,20,2024-04-23T11:00:00.000Z,2024|official|vlog,143321,2401,215,624,https://i.ytimg.com/vi/Qd3AxHVFOs4/default.jpg,False,False,False,Auto-generated sample description for People & Blogs video.
VjG02PCvjFT,25.09.01,Behind the Scenes: Entertainment,Channel_3376,19,2025-01-06T19:00:00.000Z,music|trending|live,81092,6445,164,988,https://i.ytimg.com/vi/g6zJbfts1Ht/default.jpg,False,False,False,Auto-generated sample description for Entertainment video.
QLu9nsiK8GJ,24.06.02,Music Compilation 2024,Channel_2499,2,2024-02-05T08:00:00.000Z,2024|music|official,12681,245,7,113,https://i.ytimg.com/vi/wF6n9G8xkH3/default.jpg,False,False,False,Auto-generated sample description for Music video.
sx252678QLJ,24.05.03,Why This Music Video Went Viral,Channel_4201,2,2024-03-02T01:00:00.000Z,official|2024|review,11410,817,94,164,https://i.ytimg.com/vi/iEJaorB1aQ3/default.jpg,False,False,False,Auto-generated sample description for Music video.
AGWFdotJKL9,24.07.04,Behind the Scenes: Gaming,Channel_1986,6,2024-04-05T07:00:00.000Z,2024|vlog|official,5967,213,29,59,https://i.ytimg.com/vi/0piU0ZrqEh7/default.jpg,False,False,False,Auto-generated sample description for Gaming video.
DnWeqq5MEFg,24.21.11,Top 10 Music Moments This Week,Channel_3605,10,2024-11-18T02:00:00.000Z,vlog|live|2024,125620,9661,705,1853,https://i.ytimg.com/vi/i0uKM6T1yin/default.jpg,False,False,False,Auto-generated sample description for Music video.
x-gY1jOMSQZ,25.17.01,Music Compilation 2024,Channel_1898,2,2025-01-16T00:00:00.000Z,official|2024|review,17391,870,15,316,https://i.ytimg.com/vi/LkdvwRrjvW3/default.jpg,False,False,False,Auto-generated sample description for Music video.
NwuK5eQtfFk,24.23.11,Reacting to Entertainment Trends,Channel_1805,19,2024-11-21T08:00:00.000Z,review|vlog|live,90362,5845,558,357,https://i.ytimg.com/vi/6lvAucA3W3L/default.jpg,False,False,False,Auto-generated sample description for Entertainment video.
2Rx8s7WdFta,24.20.06,Behind the Scenes: Nonprofits & Activism,Channel_3958,11,2024-06-18T20:00:00.000Z,2024|trending|live,6467,300,32,37,https://i.ytimg.com/vi/I4ka0xDCISV/default.jpg,False,False,False,Auto-generated sample description for Nonprofits & Activism video.
5_ehGQBRT8B,24.15.04,Official Music Highlights,Channel_1031,10,2024-04-15T00:00:00.000Z,review|2024|live,54163,3456,178,861,https://i.ytimg.com/vi/qvS5cNuGftQ/default.jpg,False,False,False,Auto-generated sample description for Music video.
C56eLnn19iU,24.16.02,Behind the Scenes: Music,Channel_3452,2,2024-02-13T20:00:00.000Z,vlog|official|2024,77150,5886,771,1185,https://i.ytimg.com/vi/6DYRWbMJH3_/default.jpg,False,False,False,Auto-generated sample description for Music video.
uKQT74db2uE,24.19.07,Reacting to Comedy Trends,Channel_2145,5,2024-07-19T16:00:00.000Z,official|trending|vlog,144477,6524,980,139,https://i.ytimg.com/vi/Ju1Je-0dPAh/default.jpg,False,False,False,Auto-generated sample description for Comedy video.
dpE_lWsCFT2,24.07.12,Behind the Scenes: Music,Channel_437,2,2024-12-05T14:00:00.000Z,official|trending|music,13202,624,98,254,https://i.ytimg.com/vi/ecoUBA6JzPZ/default.jpg,False,False,False,Auto-generated sample description for Music video.
6jOWU3V7LT_,24.17.10,Why This Entertainment Video Went Viral,Channel_4656,19,2024-10-13T11:00:00.000Z,official|trending|vlog,294433,14180,313,4156,https://i.ytimg.com/vi/VVdRPEXrk4o/default.jpg,False,False,False,Auto-generated sample description for Entertainment video.
CSuOqUsh6uj,24.20.05,Music Compilation 2024,Channel_2567,10,2024-05-20T10:00:00.000Z,music|review|trending,29403,1040,20,48,https://i.ytimg.com/vi/xlMV-LLOthA/default.jpg,False,False,False,Auto-generated sample description for Music video.
H7zdsMhyUEw,24.02.06,Reacting to Sports Trends,Channel_751,16,2024-06-02T03:00:00.000Z,review|live|official,3225,84,25,50,https://i.ytimg.com/vi/Kbwz3DLcGlw/default.jpg,False,False,False,Auto-generated sample description for Sports video.
vT9OhdK9Glr,25.23.01,Reacting to Gaming Trends,Channel_1939,6,2025-01-19T11:00:00.000Z,live|official|vlog,76993,2878,71,539,https://i.ytimg.com/vi/0blloAMDHU8/default.jpg,False,False,False,Auto-generated sample description for Gaming video.
721lx_ELqoo,24.18.09,Top 10 Sports Moments This Week,Channel_213,7,2024-09-16T22:00:00.000Z,review|live|trending,14838,426,140,118,https://i.ytimg.com/vi/lAkCflLNeug/default.jpg,False,False,False,Auto-generated sample description for Sports video.
MUuyonetiBy,24.06.01,Why This Travel & Events Video Went Viral,Channel_3216,8,2024-01-03T20:00:00.000Z,trending|vlog|live,4027,190,4,10,https://i.ytimg.com/vi/m4tD3Z-gMi9/default.jpg,False,False,False,Auto-generated sample description for Travel & Events video.
o9LePdoEAuc,24.03.05,Top 10 Film & Animation Moments This Week,Channel_2232,17,2024-04-29T07:00:00.000Z,review|official|trending,19399,494,135,357,https://i.ytimg.com/vi/V3d_jG8YSh_/default.jpg,False,False,False,Auto-generated sample description for Film & Animation video.
tCjWApYdz_j,24.28.06,Official Film & Animation Highlights,Channel_450,17,2024-06-24T06:00:00.000Z,official|vlog|2024,7616,563,25,21,https://i.ytimg.com/vi/dyWAh2Z7cbS/default.jpg,False,False,False,Auto-generated sample description for Film & Animation video.
YFrFB7hd_nO,24.17.09,Behind the Scenes: Film & Animation,Channel_73,3,2024-09-17T21:00:00.000Z,review|music|trending,3343,181,30,65,https://i.ytimg.com/vi/_iJg1zFxBMB/default.jpg,False,False,False,Auto-generated sample description for Film & Animation video.
LKyvF7Qa_xs,24.13.01,Behind the Scenes: Entertainment,Channel_2663,19,2024-01-12T00:00:00.000Z,trending|vlog|live,5925,62,58,107,https://i.ytimg.com/vi/VRJTOoBo1dB/default.jpg,False,False,False,Auto-generated sample description for Entertainment video.
A-zYysEceHE,24.03.06,Music Compilation 2024,Channel_2092,2,2024-05-30T03:00:00.000Z,2024|official|trending,50040,1062,400,566,https://i.ytimg.com/vi/N01J39ImYD-/default.jpg,False,False,False,Auto-generated sample description for Music video.
v49ZepHTMan,24.27.11,Official Entertainment Highlights,Channel_2207,19,2024-11-24T18:00:00.000Z,official|music|review,5303,216,21,96,https://i.ytimg.com/vi/4woNBWij1Wp/default.jpg,False,False,False,Auto-generated sample description for Entertainment video.
lvZcQRRIWSH,24.31.08,Top 10 Music Moments This Week,Channel_3263,2,2024-08-27T22:00:00.000Z,trending|live|2024,68685,2125,493,576,https://i.ytimg.com/vi/GD_5lIdzLIO/default.jpg,False,False,False,Auto-generated sample description for Music video.
dbDall0rt_t,24.08.11,Top 10 Comedy Moments This Week,Channel_4282,5,2024-11-07T01:00:00.000Z,2024|trending|review,10728,538,96,211,https://i.ytimg.com/vi/Iqm4AXDVhP5/default.jpg,False,False,False,Auto-generated sample description for Comedy video.
k0Ueoiy0HcE,24.19.06,Why This Entertainment Video Went Viral,Channel_4323,19,2024-06-15T09:00:00.000Z,vlog|official|trending,55857,3562,421,755,https://i.ytimg.com/vi/Iy87eb1w-QQ/default.jpg,False,False,False,Auto-generated sample description for Entertainment video.
KX2QLrk8T3q,24.07.05,Music Compilation 2024,Channel_2809,2,2024-05-07T17:00:00.000Z,live|trending|music,17904,1037,132,303,https://i.ytimg.com/vi/bo1i5AIN7KO/default.jpg,False,False,False,Auto-generated sample description for Music video.
Du2J-lfgl4b,24.30.12,Education Compilation 2024,Channel_4557,9,2024-12-26T01:00:00.000Z,music|live|trending,10677,418,10,202,https://i.ytimg.com/vi/KR5ZjEfIMKl/default.jpg,False,False,False,Auto-generated sample description for Education video.
FOStzB9v8TZ,24.18.02,Reacting to Music Trends,Channel_4030,10,2024-02-16T00:00:00.000Z,trending|review|music,42054,2486,375,494,https://i.ytimg.com/vi/Agr1PWJ68mk/default.jpg,False,False,False,Auto-generated sample description for Music video.
7eJja-po1pj,25.03.01,Why This Comedy Video Went Viral,Channel_3288,5,2024-12-31T07:00:00.000Z,official|review|2024,3139,157,12,3,https://i.ytimg.com/vi/knEh6UMwM-B/default.jpg,False,False,False,Auto-generated sample description for Comedy video.
RxE_9L_6ah8,24.10.05,Behind the Scenes: Sports,Channel_4592,16,2024-05-06T16:00:00.000Z,music|vlog|live,5564,154,6,44,https://i.ytimg.com/vi/RFwQmulduvZ/default.jpg,False,False,False,Auto-generated sample description for Sports video.
cs3UABU6i0N,24.03.11,Entertainment Compilation 2024,Channel_4339,19,2024-10-31T18:00:00.000Z,live|music|vlog,4530,212,4,21,https://i.ytimg.com/vi/by8bc5fF-h1/default.jpg,False,False,False,Auto-generated sample description for Entertainment video.
ve_eEIIt3-M,24.18.09,Behind the Scenes: Entertainment,Channel_3607,19,2024-09-18T21:00:00.000Z,review|2024|live,71465,3471,322,1417,https://i.ytimg.com/vi/0Sh8KIRYO4r/default.jpg,False,False,False,Auto-generated sample description for Entertainment video.
un5I_9SafyN,24.23.07,Why This Gaming Video Went Viral,Channel_1085,6,2024-07-23T22:00:00.000Z,review|live|music,457,29,1,5,https://i.ytimg.com/vi/x3wYChBqXGS/default.jpg,False,False,False,Auto-generated sample description for Gaming video.
e7HfWDQl3Rs,24.20.04,Reacting to Music Trends,Channel_1217,10,2024-04-16T22:00:00.000Z,official|2024|vlog,78714,2999,389,850,https://i.ytimg.com/vi/9VpqRz9dhTA/default.jpg,False,False,False,Auto-generated sample description for Music video.
_3DBHqtTZuD,24.10.12,Comedy Compilation 2024,Channel_1146,5,2024-12-06T00:00:00.000Z,review|live|2024,2524,201,17,23,https://i.ytimg.com/vi/wxRAneDD8ga/default.jpg,False,False,False,Auto-generated sample description for Comedy video.
eA5bIzyDzpA,24.15.01,Behind the Scenes: Comedy,Channel_2302,5,2024-01-13T09:00:00.000Z,official|2024|music,1203,68,4,9,https://i.ytimg.com/vi/qU-bI7C4mVo/default.jpg,False,False,False,Auto-generated sample description for Comedy video.
XLVTNMsmV-C,24.30.11,Music Compilation 2024,Channel_1289,2,2024-11-28T02:00:00.000Z,2024|official|music,17728,484,107,118,https://i.ytimg.com/vi/PAs5z2UAHqB/default.jpg,False,False,False,Auto-generated sample description for Music video.
7BBkVcEvmV1,24.19.06,Why This Entertainment Video Went Viral,Channel_2973,19,2024-06-19T11:00:00.000Z,review|music|vlog,64303,3020,369,837,https://i.ytimg.com/vi/qQbY33ZeZ6C/default.jpg,False,False,False,Auto-generated sample description for Entertainment video.
2FsTlaDQxNs,24.08.11,Entertainment Compilation 2024,Channel_3123,19,2024-11-07T09:00:00.000Z,live|review|music,5145,185,35,46,https://i.ytimg.com/vi/PTZE4LA1DGR/default.jpg,False,False,False,Auto-generated sample description for Entertainment video.
K1U3Vzj8h-B,24.03.11,Official Science & Technology Highlights,Channel_439,18,2024-11-03T10:00:00.000Z,live|vlog|music,4945,65,27,82,https://i.ytimg.com/vi/cs7AWWCvSX7/default.jpg,False,False,False,Auto-generated sample description for Science & Technology video.
5IBi2Yampeb,24.07.06,Why This Music Video Went Viral,Channel_4496,10,2024-06-06T02:00:00.000Z,trending|2024|vlog,430763,6019,1849,7410,https://i.ytimg.com/vi/c4At0NM5z8T/default.jpg,False,False,False,Auto-generated sample description for Music video.
hcz_m1LUnbK,24.17.05,Why This Music Video Went Viral,Channel_4021,10,2024-05-13T05:00:00.000Z,review|live|official,12522,258,84,113,https://i.ytimg.com/vi/13MG_BD4hPq/default.jpg,False,False,False,Auto-generated sample description for Music video.
ly4M54lE4JF,24.27.06,Why This Music Video Went Viral,Channel_2907,10,2024-06-25T11:00:00.000Z,music|trending|2024,35751,2205,167,81,https://i.ytimg.com/vi/OBfYuPhtEfX/default.jpg,False,False,False,Auto-generated sample description for Music video.
MDTGZQwoxnT,24.05.08,Music Compilation 2024,Channel_264,10,2024-08-04T14:00:00.000Z,review|live|trending,140696,10377,1121,1669,https://i.ytimg.com/vi/5iafAQN1LW2/default.jpg,True,False,False,Auto-generated sample description for Music video.
4J63pk2kxwo,24.09.12,Why This Music Video Went Viral,Channel_363,10,2024-12-05T09:00:00.000Z,review|live|trending,20881,1461,63,378,https://i.ytimg.com/vi/ZOS0iffMpOC/default.jpg,False,False,False,Auto-generated sample description for Music video.
ZamCOOadvR9,24.21.05,Top 10 Music Moments This Week,Channel_4249,2,2024-05-20T21:00:00.000Z,music|review|vlog,288462,3449,1097,3324,https://i.ytimg.com/vi/ixLT7mlVhXl/default.jpg,False,False,False,Auto-generated sample description for Music video.
VeTRpmC04k3,24.02.06,Reacting to Music Trends,Channel_4035,2,2024-05-30T22:00:00.000Z,music|2024|review,37430,2037,20,549,https://i.ytimg.com/vi/bNsAuUc-m2k/default.jpg,False,False,False,Auto-generated sample description for Music video.
JTurfHfgB9j,24.01.10,Entertainment Compilation 2024,Channel_4064,19,2024-09-30T09:00:00.000Z,official|trending|vlog,107351,1769,143,2047,https://i.ytimg.com/vi/SXt5GaXZnix/default.jpg,False,False,False,Auto-generated sample description for Entertainment video.
hXVj2O-lvop,24.28.04,Behind the Scenes: Music,Channel_3536,10,2024-04-27T11:00:00.000Z,music|vlog|review,779918,18802,5625,11998,https://i.ytimg.com/vi/kpqDCzhxPT_/default.jpg,False,False,False,Auto-generated sample description for Music video.
KR3ncXnZgKT,24.07.08,Official Entertainment Highlights,Channel_2817,19,2024-08-04T05:00:00.000Z,live|music|vlog,41387,3209,293,703,https://i.ytimg.com/vi/sgB2apZJnbG/default.jpg,False,False,False,Auto-generated sample description for Entertainment video.
j_nGeEI2PHJ,24.25.10,Behind the Scenes: Music,Channel_2887,2,2024-10-21T05:00:00.000Z,music|2024|review,48535,1086,214,625,https://i.ytimg.com/vi/Qe0q6HRY3CS/default.jpg,False,False,False,Auto-generated sample description for Music video.
NscLT643wOy,24.22.05,Reacting to Music Trends,Channel_4372,10,2024-05-21T11:00:00.000Z,official|2024|vlog,43741,1267,102,707,https://i.ytimg.com/vi/XkSyfmYK_rZ/default.jpg,False,False,False,Auto-generated sample description for Music video.
brXq5XkpXXr,24.15.01,Reacting to Film & Animation Trends,Channel_4425,3,2024-01-13T03:00:00.000Z,2024|review|music,32532,2103,121,615,https://i.ytimg.com/vi/yNqIZ09fpYV/default.jpg,False,False,False,Auto-generated sample description for Film & Animation video.
uiU_qAlsPsJ,24.13.08,Top 10 Comedy Moments This Week,Channel_1664,5,2024-08-09T15:00:00.000Z,official|live|review,4607,126,26,30,https://i.ytimg.com/vi/XeaPNXi5xnU/default.jpg,False,False,False,Auto-generated sample description for Comedy video.
DQzlypIV0cQ,24.12.04,Behind the Scenes: Music,Channel_1884,2,2024-04-11T22:00:00.000Z,official|vlog|live,3705,205,22,24,https://i.ytimg.com/vi/FtqpaksIHCn/default.jpg,False,False,False,Auto-generated sample description for Music video.
d-CHz79tMft,25.21.01,Official Music Highlights,Channel_941,2,2025-01-21T15:00:00.000Z,2024|trending|live,27603,559,224,113,https://i.ytimg.com/vi/DlB-knbfXtN/default.jpg,False,False,False,Auto-generated sample description for Music video.
3BQU85KSq1B,24.15.10,Reacting to Entertainment Trends,Channel_2462,19,2024-10-14T17:00:00.000Z,trending|review|vlog,234698,12263,869,1310,https://i.ytimg.com/vi/sz_tONLxqPz/default.jpg,False,False,False,Auto-generated sample description for Entertainment video.
xdQfFGRUDx8,24.14.02,Top 10 Gaming Moments This Week,Channel_59,6,2024-02-12T06:00:00.000Z,official|2024|vlog,12362,356,14,150,https://i.ytimg.com/vi/83WWfq_MP5k/default.jpg,False,False,False,Auto-generated sample description for Gaming video.
BXUynVrYqme,24.03.12,Music Compilation 2024,Channel_2422,10,2024-12-01T13:00:00.000Z,vlog|music|official,67716,1696,486,756,https://i.ytimg.com/vi/HCapbXkJKTs/default.jpg,False,False,False,Auto-generated sample description for Music video.
NIABi9mpUDD,24.05.12,Top 10 Music Moments This Week,Channel_2267,10,2024-12-02T17:00:00.000Z,review|trending|2024,40704,2663,96,212,https://i.ytimg.com/vi/v37dldfAMCL/default.jpg,False,False,False,Auto-generated sample description for Music video.
0il8ZgqoUt_,24.04.07,Behind the Scenes: Travel & Events,Channel_2091,8,2024-07-04T00:00:00.000Z,live|2024|vlog,3797,71,19,57,https://i.ytimg.com/vi/Cq-KfABpuvx/default.jpg,False,False,False,Auto-generated sample description for Travel & Events video.
bL5ApNBY7N6,24.16.04,Music Compilation 2024,Channel_4067,10,2024-04-14T01:00:00.000Z,official|music|2024,27888,1634,22,37,https://i.ytimg.com/vi/cCZX0TZba5W/default.jpg,False,False,False,Auto-generated sample description for Music video.
xqpB1v9H4r2,25.14.01,Why This Music Video Went Viral,Channel_1766,2,2025-01-14T06:00:00.000Z,trending|live|vlog,5842,323,46,113,https://i.ytimg.com/vi/bMU3veZZYeI/default.jpg,False,False,False,Auto-generated sample description for Music video.
HARJloN3Smt,24.02.05,Why This People & Blogs Video Went Viral,Channel_1486,20,2024-04-29T05:00:00.000Z,music|review|2024,2222,132,2,16,https://i.ytimg.com/vi/E7l8cNCWGmk/default.jpg,False,False,False,Auto-generated sample description for People & Blogs video.
VHvjF_znA0y,24.03.03,Reacting to Entertainment Trends,Channel_3227,19,2024-02-29T08:00:00.000Z,official|trending|2024,105335,5001,964,264,https://i.ytimg.com/vi/w-Z72_8-UAU/default.jpg,False,False,False,Auto-generated sample description for Entertainment video.
GjSCdMw3-qy,24.27.05,Top 10 Sports Moments This Week,Channel_4980,16,2024-05-23T14:00:00.000Z,trending|music|2024,160117,2431,1537,1032,https://i.ytimg.com/vi/ZoUdemjkCnQ/default.jpg,False,False,False,Auto-generated sample description for Sports video.
G_ujHblaYmX,24.28.11,Why This Music Video Went Viral,Channel_3771,10,2024-11-27T11:00:00.000Z,vlog|trending|music,18377,1411,41,230,https://i.ytimg.com/vi/NlR9CdW6W7D/default.jpg,False,False,False,Auto-generated sample description for Music video.
xy6x3NCwhUX,24.30.12,Behind the Scenes: Music,Channel_4636,2,2024-12-26T22:00:00.000Z,2024|live|official,7868,156,34,137,https://i.ytimg.com/vi/U8nUU4zu-7a/default.jpg,False,False,False,Auto-generated sample description for Music video.
7_Ax0a2R01i,24.08.06,Official Entertainment Highlights,Channel_4291,19,2024-06-06T18:00:00.000Z,official|vlog|trending,339589,25497,1551,4484,https://i.ytimg.com/vi/8zSW9LBy0JI/default.jpg,False,False,False,Auto-generated sample description for Entertainment video.
_2SYHQ4XXHH,24.03.01,Gaming Compilation 2024,Channel_642,6,2024-01-02T15:00:00.000Z,official|review|live,104765,2468,236,952,https://i.ytimg.com/vi/J4GOeqGdUE4/default.jpg,False,False,True,Auto-generated sample description for Gaming video.
YODHQdE4SJe,24.03.05,Music Compilation 2024,Channel_4301,2,2024-05-02T04:00:00.000Z,music|official|live,108560,1617,230,1372,https://i.ytimg.com/vi/BzVZyxpF0WM/default.jpg,False,False,False,Auto-generated sample description for Music video.
8C6AhJlTaXB,24.04.10,Top 10 Gaming Moments This Week,Channel_2110,6,2024-10-02T11:00:00.000Z,review|music|official,2063,110,4,15,https://i.ytimg.com/vi/nfs0UD53AzL/default.jpg,False,False,False,Auto-generated sample description for Gaming video.
Y3eFBr-z8Ho,24.30.12,Why This Entertainment Video Went Viral,Channel_4872,19,2024-12-27T15:00:00.000Z,live|music|trending,41418,3118,183,252,https://i.ytimg.com/vi/Kiglcw-3f9o/default.jpg,False,False,False,Auto-generated sample description for Entertainment video.
788zzEc2lHG,24.23.05,Top 10 People & Blogs Moments This Week,Channel_2634,12,2024-05-23T05:00:00.000Z,2024|vlog|official,13184,185,111,180,https://i.ytimg.com/vi/I8ARcSx0ex7/default.jpg,False,False,False,Auto-generated sample description for People & Blogs video.
h9kpuxEZmBo,24.15.10,Top 10 Film & Animation Moments This Week,Channel_1537,17,2024-10-11T03:00:00.000Z,2024|review|official,1343,26,3,18,https://i.ytimg.com/vi/UMnAF_05bQb/default.jpg,False,False,False,Auto-generated sample description for Film & Animation video.
Upd2If_e6AM,24.13.09,Entertainment Compilation 2024,Channel_4350,19,2024-09-11T03:00:00.000Z,vlog|official|trending,37091,2573,49,49,https://i.ytimg.com/vi/zbDGS7B3QKa/default.jpg,False,False,False,Auto-generated sample description for Entertainment video.
byp5FXGFk2_,25.20.01,Reacting to Film & Animation Trends,Channel_4254,3,2025-01-18T20:00:00.000Z,official|vlog|trending,7780,502,70,131,https://i.ytimg.com/vi/IHIfOBdzxe7/default.jpg,False,False,True,Auto-generated sample description for Film & Animation video.
2gpUuAeqZWz,24.07.11,Top 10 Entertainment Moments This Week,Channel_175,19,2024-11-03T04:00:00.000Z,trending|live|vlog,26409,1920,245,514,https://i.ytimg.com/vi/TZTHaFd4pTJ/default.jpg,False,False,False,Auto-generated sample description for Entertainment video.
udpsTBlPacL,25.16.01,Top 10 Music Moments This Week,Channel_1643,10,2025-01-12T02:00:00.000Z,music|vlog|trending,9178,519,79,105,https://i.ytimg.com/vi/reXqhMpeEhS/default.jpg,False,False,False,Auto-generated sample description for Music video.
-5AtIQPEnVk,24.04.04,Behind the Scenes: People & Blogs,Channel_1285,12,2024-04-02T21:00:00.000Z,2024|live|vlog,24033,810,42,236,https://i.ytimg.com/vi/r3JqTmRxUU7/default.jpg,False,False,False,Auto-generated sample description for People & Blogs video.
RfFgp2QMH6X,24.11.10,Official Autos & Vehicles Highlights,Channel_2774,1,2024-10-07T12:00:00.000Z,music|vlog|official,15120,445,11,236,https://i.ytimg.com/vi/KoPdrGK0LfE/default.jpg,False,False,False,Auto-generated sample description for Autos & Vehicles video.
STAVQjhrt54,24.27.09,Why This People & Blogs Video Went Viral,Channel_2458,20,2024-09-27T08:00:00.000Z,2024|review|vlog,4531,231,43,65,https://i.ytimg.com/vi/_IVxVKpqB5s/default.jpg,False,False,False,Auto-generated sample description for People & Blogs video.
ec_hKQUKN17,24.08.09,Why This Comedy Video Went Viral,Channel_865,5,2024-09-07T04:00:00.000Z,2024|review|live,59520,3777,431,413,https://i.ytimg.com/vi/zR1-ptQUCRd/default.jpg,False,False,False,Auto-generated sample description for Comedy video.
