video_id,trending_date,title,channel_title,category_id,publish_time,tags,views,likes,dislikes,comment_count,thumbnail_link,comments_disabled,ratings_disabled,video_error_or_removed,description
HYxb8P2sx5o,24.31.10,Behind the Scenes: Comedy,Channel_1312,23,2024-10-31T19:00:00.000Z,2024|music|live,26660,1172,196,285,https://i.ytimg.com/vi/Xip3cpdC3ai/default.jpg,False,False,True,Auto-generated sample description for Comedy video.
ggzr_ZvdS77,24.22.12,Entertainment Compilation 2024,Channel_4062,6,2024-12-21T10:00:00.000Z,review|music|vlog,5247,176,48,43,https://i.ytimg.com/vi/J7rXqmnQ2ZN/default.jpg,False,False,False,Auto-generated sample description for Entertainment video.
UXovteTpAVZ,24.15.02,Top 10 Entertainment Moments This Week,Channel_4661,3,2024-02-14T03:00:00.000Z,vlog|review|2024,56152,2765,220,76,https://i.ytimg.com/vi/KwTfg_Tn27I/default.jpg,False,False,False,Auto-generated sample description for Entertainment video.
pqo-_H5K_5E,24.13.06,Why This Entertainment Video Went Viral,Channel_2729,6,2024-06-12T22:00:00.000Z,vlog|trending|official,312933,9867,351,1772,https://i.ytimg.com/vi/BEVX8pwSsek/default.jpg,False,False,False,Auto-generated sample description for Entertainment video.
ptW-ol1yAVE,24.03.12,Reacting to Entertainment Trends,Channel_308,6,2024-11-30T21:00:00.000Z,live|vlog|music,2596,131,23,41,https://i.ytimg.com/vi/F9BfPYq9VDE/default.jpg,False,False,False,Auto-generated sample description for Entertainment video.
J-G9poxuZzL,25.04.01,Reacting to Sports Trends,Channel_3018,14,2025-01-01T10:00:00.000Z,music|2024|live,457,5,3,7,https://i.ytimg.com/vi/vqrCk463QbF/default.jpg,False,False,False,Auto-generated sample description for Sports video.
hOP9_9k6MAj,24.28.09,Top 10 Comedy Moments This Week,Channel_2468,23,2024-09-27T07:00:00.000Z,live|official|vlog,221314,11556,864,2683,https://i.ytimg.com/vi/ASFjiQ_Tes6/default.jpg,False,False,False,Auto-generated sample description for Comedy video.
V5T1xGzzm0W,24.23.02,Comedy Compilation 2024,Channel_40,9,2024-02-20T18:00:00.000Z,review|trending|vlog,28154,1590,195,421,https://i.ytimg.com/vi/OPcZIDIInhi/default.jpg,True,False,False,Auto-generated sample description for Comedy video.
ySJtoanj1oB,24.16.02,Top 10 Comedy Moments This Week,Channel_4803,9,2024-02-16T04:00:00.000Z,live|official|2024,7120,238,35,53,https://i.ytimg.com/vi/PANjmlP_eyM/default.jpg,False,False,False,Auto-generated sample description for Comedy video.
KuXxMQPK1ua,24.20.06,Top 10 People & Blogs Moments This Week,Channel_1012,5,2024-06-18T15:00:00.000Z,review|live|official,2574,73,21,27,https://i.ytimg.com/vi/GXvsFKa-k4F/default.jpg,False,False,False,Auto-generated sample description for People & Blogs video.
RH8gg1gFjg4,24.05.07,Behind the Scenes: Comedy,Channel_2929,9,2024-07-03T08:00:00.000Z,music|2024|live,18989,485,49,231,https://i.ytimg.com/vi/RrjHkwavvLn/default.jpg,False,False,False,Auto-generated sample description for Comedy video.
3GkQIpyBz3Y,24.16.10,Why This Sports Video Went Viral,Channel_102,4,2024-10-13T16:00:00.000Z,live|trending|official,160617,5138,874,1584,https://i.ytimg.com/vi/iQ3Oo4mV8vh/default.jpg,False,False,False,Auto-generated sample description for Sports video.
onKuIoLoKak,25.30.01,Top 10 Entertainment Moments This Week,Channel_4205,1,2025-01-28T08:00:00.000Z,official|vlog|2024,249460,10336,2047,1980,https://i.ytimg.com/vi/ypKv0Ptapud/default.jpg,False,False,False,Auto-generated sample description for Entertainment video.
MN3YZUMjs7x,24.19.08,Behind the Scenes: Travel & Events,Channel_1021,21,2024-08-15T14:00:00.000Z,live|vlog|2024,1203,48,10,4,https://i.ytimg.com/vi/6Pn1NIpOyto/default.jpg,False,False,False,Auto-generated sample description for Travel & Events video.
rBnTZvELxGb,24.10.12,Reacting to Entertainment Trends,Channel_1028,6,2024-12-09T22:00:00.000Z,live|vlog|official,3060,236,26,22,https://i.ytimg.com/vi/YwY9kFubrOF/default.jpg,False,False,False,Auto-generated sample description for Entertainment video.
4f58XdNrz_2,24.22.10,Reacting to Entertainment Trends,Channel_3237,6,2024-10-20T09:00:00.000Z,2024|official|music,93736,2786,625,218,https://i.ytimg.com/vi/_-rjf5RwLgc/default.jpg,False,False,False,Auto-generated sample description for Entertainment video.
c_sK7rSJx3S,24.08.05,Why This Entertainment Video Went Viral,Channel_531,1,2024-05-06T03:00:00.000Z,2024|vlog|trending,65309,3832,340,828,https://i.ytimg.com/vi/Aw-3DOxCnvy/default.jpg,False,False,False,Auto-generated sample description for Entertainment video.
62c9fJxDT6D,24.16.10,Official People & Blogs Highlights,Channel_4269,20,2024-10-14T05:00:00.000Z,trending|review|official,37963,984,262,55,https://i.ytimg.com/vi/Ejk2xkyOFN7/default.jpg,False,False,False,Auto-generated sample description for People & Blogs video.
a_9VaMKZzS6,24.29.07,Entertainment Compilation 2024,Channel_4134,3,2024-07-27T22:00:00.000Z,2024|vlog|review,279815,5008,1058,2050,https://i.ytimg.com/vi/qjEbPTjGJTJ/default.jpg,False,False,False,Auto-generated sample description for Entertainment video.
yePiSLm0ATo,24.16.06,Reacting to Entertainment Trends,Channel_816,6,2024-06-12T07:00:00.000Z,music|trending|2024,12467,527,18,62,https://i.ytimg.com/vi/_NRnD2DZTbQ/default.jpg,False,False,False,Auto-generated sample description for Entertainment video.
ssEHr1-7fzw,24.01.09,Top 10 People & Blogs Moments This Week,Channel_4465,20,2024-09-01T02:00:00.000Z,music|live|trending,41602,2100,214,343,https://i.ytimg.com/vi/k4iDTN4Orpj/default.jpg,False,False,False,Auto-generated sample description for People & Blogs video.
_BjlNAEncZu,24.09.03,Top 10 Entertainment Moments This Week,Channel_442,6,2024-03-05T20:00:00.000Z,review|2024|official,180445,3966,1250,177,https://i.ytimg.com/vi/HddEmcF1MVl/default.jpg,False,False,False,Auto-generated sample description for Entertainment video.
Gdl5frH2i28,24.21.06,Behind the Scenes: Comedy,Channel_3651,23,2024-06-19T02:00:00.000Z,vlog|review|live,206856,9241,1623,249,https://i.ytimg.com/vi/xiK9bAqcJyN/default.jpg,False,False,False,Auto-generated sample description for Comedy video.
f0UifcLYaib,24.03.09,Reacting to Entertainment Trends,Channel_2395,3,2024-08-31T17:00:00.000Z,music|live|review,6548,410,64,98,https://i.ytimg.com/vi/ERUQ6Mrg8sq/default.jpg,False,False,False,Auto-generated sample description for Entertainment video.
7qk-Wj_6-28,24.15.07,Reacting to Sports Trends,Channel_3588,14,2024-07-13T03:00:00.000Z,official|music|live,819,24,4,4,https://i.ytimg.com/vi/97jqBkC6ufJ/default.jpg,False,False,False,Auto-generated sample description for Sports video.
R0k6CJod_ZN,25.20.01,Reacting to Science & Technology Trends,Channel_329,24,2025-01-19T10:00:00.000Z,live|vlog|music,56798,1735,297,208,https://i.ytimg.com/vi/S-OQynPEYre/default.jpg,False,False,False,Auto-generated sample description for Science & Technology video.
x5kOGd0DO16,24.12.04,Official Comedy Highlights,Channel_1150,9,2024-04-08T17:00:00.000Z,music|vlog|2024,7881,544,50,67,https://i.ytimg.com/vi/jTz6JxhSTSR/default.jpg,False,False,False,Auto-generated sample description for Comedy video.
5067vrnee6r,24.28.10,Reacting to Education Trends,Channel_75,13,2024-10-24T22:00:00.000Z,official|music|trending,10527,204,16,6,https://i.ytimg.com/vi/N_ipwLZn4U-/default.jpg,False,True,False,Auto-generated sample description for Education video.
N209k1GIt3q,24.13.05,Why This Entertainment Video Went Viral,Channel_2463,6,2024-05-13T15:00:00.000Z,review|2024|music,83076,1773,813,572,https://i.ytimg.com/vi/H18kocp77bD/default.jpg,False,False,False,Auto-generated sample description for Entertainment video.
Cd7FrNW29Gh,24.08.06,Top 10 Travel & Events Moments This Week,Channel_468,15,2024-06-05T01:00:00.000Z,official|live|trending,22191,1771,174,349,https://i.ytimg.com/vi/m74sHZuK7cK/default.jpg,False,False,False,Auto-generated sample description for Travel & Events video.
2KFrFkHTWVm,24.27.05,Behind the Scenes: Gaming,Channel_1022,22,2024-05-24T15:00:00.000Z,live|2024|official,22620,1666,36,145,https://i.ytimg.com/vi/k8hcFIE6Izt/default.jpg,False,False,False,Auto-generated sample description for Gaming video.
QAWrOltApjR,24.13.04,Why This Sports Video Went Viral,Channel_895,14,2024-04-11T08:00:00.000Z,vlog|music|review,4978,152,25,5,https://i.ytimg.com/vi/drdWb-nFZAg/default.jpg,False,False,False,Auto-generated sample description for Sports video.
Hu24FUzHrO2,24.09.04,Official Comedy Highlights,Channel_1014,23,2024-04-06T07:00:00.000Z,review|2024|music,76737,2725,493,1278,https://i.ytimg.com/vi/ONIs0kJQOA4/default.jpg,False,False,False,Auto-generated sample description for Comedy video.
qVhnINexyry,24.28.12,Why This Comedy Video Went Viral,Channel_4548,9,2024-12-26T09:00:00.000Z,official|trending|live,32401,2196,80,356,https://i.ytimg.com/vi/ShAQvdRd_Of/default.jpg,False,False,False,Auto-generated sample description for Comedy video.
5BUHLqTxJ8_,24.03.03,Comedy Compilation 2024,Channel_3953,9,2024-03-01T16:00:00.000Z,official|review|vlog,1812646,32471,13056,30957,https://i.ytimg.com/vi/XHFeN2Kgg3b/default.jpg,False,False,False,Auto-generated sample description for Comedy video.
3q6UUA_7DTL,24.01.11,Reacting to Entertainment Trends,Channel_3112,3,2024-10-29T21:00:00.000Z,music|trending|review,79445,5840,698,139,https://i.ytimg.com/vi/rpcGd7uUGTz/default.jpg,False,False,False,Auto-generated sample description for Entertainment video.
CsG7d4sYrUn,24.09.05,Reacting to Sports Trends,Channel_3907,14,2024-05-05T21:00:00.000Z,official|live|music,81928,1077,707,115,https://i.ytimg.com/vi/YhBqVhDMFHI/default.jpg,False,False,False,Auto-generated sample description for Sports video.
2l_H1HRNTT6,24.12.02,Reacting to Gaming Trends,Channel_4154,22,2024-02-10T20:00:00.000Z,music|live|2024,1229,53,2,12,https://i.ytimg.com/vi/yn_Ks4nDqsJ/default.jpg,False,False,False,Auto-generated sample description for Gaming video.
q8Xn70IdJfJ,24.08.10,Reacting to Comedy Trends,Channel_3191,12,2024-10-08T01:00:00.000Z,official|vlog|review,8084,125,35,140,https://i.ytimg.com/vi/mkuWDkpcSar/default.jpg,False,False,False,Auto-generated sample description for Comedy video.
LRTvr41-9Ix,24.08.02,Top 10 Entertainment Moments This Week,Channel_1722,3,2024-02-07T18:00:00.000Z,official|vlog|review,28386,485,266,375,https://i.ytimg.com/vi/BD6yr4B1xkS/default.jpg,False,True,False,Auto-generated sample description for Entertainment video.
iGyGXWRB_iU,24.04.12,Why This Autos & Vehicles Video Went Viral,Channel_3903,8,2024-12-03T21:00:00.000Z,live|music|vlog,967,48,0,9,https://i.ytimg.com/vi/Txayi6CdUg8/default.jpg,False,False,False,Auto-generated sample description for Autos & Vehicles video.
nq8yJkNRgu6,24.20.08,Reacting to Travel & Events Trends,Channel_3057,15,2024-08-16T03:00:00.000Z,trending|vlog|music,6124,158,35,33,https://i.ytimg.com/vi/t0cah8twd9k/default.jpg,False,False,False,Auto-generated sample description for Travel & Events video.
JSxFP0eqEAj,24.23.10,Why This Comedy Video Went Viral,Channel_4228,23,2024-10-23T06:00:00.000Z,vlog|2024|official,18443,619,145,43,https://i.ytimg.com/vi/o6U5dzvzbh3/default.jpg,False,False,False,Auto-generated sample description for Comedy video.
vJpCdg42_S-,24.27.01,Why This Autos & Vehicles Video Went Viral,Channel_2791,2,2024-01-24T01:00:00.000Z,vlog|trending|official,18723,802,103,199,https://i.ytimg.com/vi/aRmMQfL4wFY/default.jpg,False,False,False,Auto-generated sample description for Autos & Vehicles video.
RnpKrfNCIPf,24.29.11,Reacting to Entertainment Trends,Channel_2124,1,2024-11-27T09:00:00.000Z,2024|live|music,481,17,3,6,https://i.ytimg.com/vi/-XHyLzKn2W5/default.jpg,False,False,False,Auto-generated sample description for Entertainment video.
1UO5IjlgY36,24.03.12,Reacting to Entertainment Trends,Channel_1239,6,2024-11-30T04:00:00.000Z,2024|official|music,9978,317,10,5,https://i.ytimg.com/vi/5E5OB68gjuJ/default.jpg,False,False,False,Auto-generated sample description for Entertainment video.
sHF4bI4aLf9,24.12.01,Reacting to Entertainment Trends,Channel_4827,1,2024-01-10T17:00:00.000Z,live|2024|official,13499,512,113,190,https://i.ytimg.com/vi/i5VYw3rgCu8/default.jpg,False,False,False,Auto-generated sample description for Entertainment video.
9xjtFadR6So,25.31.01,Why This Film & Animation Video Went Viral,Channel_1918,25,2025-01-28T14:00:00.000Z,live|vlog|official,2470,150,17,16,https://i.ytimg.com/vi/xRXWcaaQ-B0/default.jpg,False,False,False,Auto-generated sample description for Film & Animation video.
IjFZRyqP3I4,24.25.07,Reacting to Entertainment Trends,Channel_3615,6,2024-07-24T17:00:00.000Z,review|music|2024,97175,2871,461,1243,https://i.ytimg.com/vi/f2fd_IWmJEF/default.jpg,False,False,False,Auto-generated sample description for Entertainment video.
-NKzX4kWE63,24.24.12,Top 10 Entertainment Moments This Week,Channel_650,6,2024-12-21T01:00:00.000Z,official|2024|vlog,9267,622,71,143,https://i.ytimg.com/vi/MaPGV32ptL_/default.jpg,False,False,False,Auto-generated sample description for Entertainment video.
iGn8w1AHwku,24.10.03,Top 10 Entertainment Moments This Week,Channel_1679,3,2024-03-10T07:00:00.000Z,vlog|live|trending,253725,12725,650,5068,https://i.ytimg.com/vi/upOdb7pBraL/default.jpg,False,False,False,Auto-generated sample description for Entertainment video.
9jUIo7WXaLO,24.14.07,Entertainment Compilation 2024,Channel_4490,6,2024-07-10T11:00:00.000Z,trending|live|review,12355,485,63,229,https://i.ytimg.com/vi/kmZNV4Z-5ZV/default.jpg,False,False,False,Auto-generated sample description for Entertainment video.
YfTqbRr3NQP,24.04.12,Top 10 Film & Animation Moments This Week,Channel_579,25,2024-12-03T12:00:00.000Z,2024|official|music,4985,133,3,63,https://i.ytimg.com/vi/K_r-s7UMJsv/default.jpg,True,False,False,Auto-generated sample description for Film & Animation video.
v7D3JehW9rN,24.12.11,Entertainment Compilation 2024,Channel_3538,6,2024-11-09T15:00:00.000Z,live|trending|music,4085,232,23,70,https://i.ytimg.com/vi/FulGFhylyEE/default.jpg,False,False,False,Auto-generated sample description for Entertainment video.
HcZTGPR_OVr,24.01.09,Reacting to Entertainment Trends,Channel_2372,1,2024-09-01T11:00:00.000Z,official|live|trending,17636,824,86,252,https://i.ytimg.com/vi/YnRjJy06GS6/default.jpg,False,False,False,Auto-generated sample description for Entertainment video.
z6lEQSY23FA,24.12.04,Behind the Scenes: Entertainment,Channel_4712,3,2024-04-08T22:00:00.000Z,official|vlog|trending,3106,171,11,23,https://i.ytimg.com/vi/3Gi7sPXfpo3/default.jpg,False,False,False,Auto-generated sample description for Entertainment video.
vzYKr3Uo-6y,25.25.01,Science & Technology Compilation 2024,Channel_3944,24,2025-01-25T01:00:00.000Z,trending|vlog|review,2139,81,16,23,https://i.ytimg.com/vi/glaq_jhOqby/default.jpg,False,False,False,Auto-generated sample description for Science & Technology video.
UjfJTWvNI1x,24.28.02,Top 10 Film & Animation Moments This Week,Channel_293,25,2024-02-25T10:00:00.000Z,music|2024|official,2712,65,16,42,https://i.ytimg.com/vi/20BEBTetKyq/default.jpg,False,False,False,Auto-generated sample description for Film & Animation video.
Eg_OOKiJuhs,24.02.07,Why This Entertainment Video Went Viral,Channel_4336,3,2024-06-30T17:00:00.000Z,official|live|review,227030,10158,558,2706,https://i.ytimg.com/vi/g-JVbBFxg7d/default.jpg,False,False,False,Auto-generated sample description for Entertainment video.
b79mwEQEq-8,24.16.08,Reacting to Film & Animation Trends,Channel_1808,10,2024-08-13T21:00:00.000Z,2024|review|official,5720,359,30,22,https://i.ytimg.com/vi/RG4Yi4q4T8C/default.jpg,False,False,False,Auto-generated sample description for Film & Animation video.
xX02nRFBqIw,24.30.07,Entertainment Compilation 2024,Channel_418,1,2024-07-29T05:00:00.000Z,review|live|music,13436,802,42,148,https://i.ytimg.com/vi/ShmAGCFg3u8/default.jpg,False,False,False,Auto-generated sample description for Entertainment video.
xK58yBiqfC5,24.02.08,Official Comedy Highlights,Channel_4920,9,2024-08-01T03:00:00.000Z,music|live|2024,28483,784,230,384,https://i.ytimg.com/vi/SFUO7lKxkl1/default.jpg,False,False,False,Auto-generated sample description for Comedy video.
PlfaJGyYGBY,24.11.01,Why This Entertainment Video Went Viral,Channel_2377,1,2024-01-11T06:00:00.000Z,official|live|vlog,99623,5088,971,1753,https://i.ytimg.com/vi/1lGsuah7tv4/default.jpg,False,False,False,Auto-generated sample description for Entertainment video.
5O9nhByVBfb,24.13.08,Official Howto & Style Highlights,Channel_4817,18,2024-08-10T05:00:00.000Z,music|review|2024,57885,1533,139,729,https://i.ytimg.com/vi/BrR285QKZV0/default.jpg,False,False,False,Auto-generated sample description for Howto & Style video.
ELJ1BCxKWT0,25.28.01,Behind the Scenes: Comedy,Channel_2336,23,2025-01-25T12:00:00.000Z,review|music|official,2527,28,3,19,https://i.ytimg.com/vi/L0zQp7O_AOi/default.jpg,False,False,False,Auto-generated sample description for Comedy video.
YXTU0P0bfDC,25.06.02,Entertainment Compilation 2024,Channel_2579,3,2025-02-03T14:00:00.000Z,live|review|trending,306441,18494,2965,2291,https://i.ytimg.com/vi/YIGrlbuxqPl/default.jpg,False,False,False,Auto-generated sample description for Entertainment video.
z6qD-Y0fIiK,24.31.12,Top 10 Entertainment Moments This Week,Channel_3520,6,2024-12-27T09:00:00.000Z,official|live|music,39964,2198,213,765,https://i.ytimg.com/vi/x8fjC-twspc/default.jpg,False,False,False,Auto-generated sample description for Entertainment video.
ytvVelNYrHd,24.04.02,Entertainment Compilation 2024,Channel_3544,1,2024-01-31T02:00:00.000Z,vlog|review|trending,32776,1682,41,119,https://i.ytimg.com/vi/Qzg7BL_Z6dg/default.jpg,False,False,False,Auto-generated sample description for Entertainment video.
YWNC3aNA0uT,24.26.03,Reacting to Sports Trends,Channel_135,4,2024-03-23T13:00:00.000Z,trending|official|vlog,1137,66,7,14,https://i.ytimg.com/vi/xQ2v9xWWsAs/default.jpg,False,False,False,Auto-generated sample description for Sports video.
0v8hI7wyEGG,24.25.08,Entertainment Compilation 2024,Channel_3410,1,2024-08-24T10:00:00.000Z,2024|music|vlog,16146,371,118,31,https://i.ytimg.com/vi/TmMXlgWYvX8/default.jpg,False,False,False,Auto-generated sample description for Entertainment video.
GcFUk2P1lDM,24.24.05,Why This Entertainment Video Went Viral,Channel_386,3,2024-05-24T07:00:00.000Z,review|trending|vlog,183243,4088,1715,3252,https://i.ytimg.com/vi/DEmFdpYyI81/default.jpg,False,False,False,Auto-generated sample description for Entertainment video.
_FaluudjXBm,24.06.02,Behind the Scenes: Film & Animation,Channel_3007,25,2024-02-04T13:00:00.000Z,live|music|vlog,4205,226,3,44,https://i.ytimg.com/vi/tEmUtBjyFYB/default.jpg,False,False,True,Auto-generated sample description for Film & Animation video.
-fxFp29xeox,24.14.09,Behind the Scenes: Entertainment,Channel_2849,1,2024-09-12T22:00:00.000Z,trending|music|live,13714,920,41,151,https://i.ytimg.com/vi/m6-OZbaank7/default.jpg,False,False,False,Auto-generated sample description for Entertainment video.
LNEGB9oVjOK,24.13.10,Reacting to People & Blogs Trends,Channel_4038,20,2024-10-09T02:00:00.000Z,official|2024|trending,26639,928,230,135,https://i.ytimg.com/vi/oo7h5br9sxe/default.jpg,False,False,False,Auto-generated sample description for People & Blogs video.
bzKowAvoWbd,24.23.04,Why This Entertainment Video Went Viral,Channel_4918,1,2024-04-20T15:00:00.000Z,review|vlog|live,441700,18089,2419,5369,https://i.ytimg.com/vi/wHjDrSx5XuU/default.jpg,False,False,False,Auto-generated sample description for Entertainment video.
37SLvBvX_dm,24.08.09,Reacting to Entertainment Trends,Channel_684,6,2024-09-08T02:00:00.000Z,2024|review|trending,52403,1065,483,143,https://i.ytimg.com/vi/oo370rawOmQ/default.jpg,False,False,False,Auto-generated sample description for Entertainment video.
cvvfMk9RAcK,24.26.09,Reacting to Entertainment Trends,Channel_98,6,2024-09-26T15:00:00.000Z,official|live|music,64632,2290,425,689,https://i.ytimg.com/vi/JjhRd5POaHO/default.jpg,False,False,False,Auto-generated sample description for Entertainment video.
_G35-gaDd5Y,24.08.04,Why This Comedy Video Went Viral,Channel_2410,23,2024-04-08T18:00:00.000Z,review|music|official,5039,270,33,57,https://i.ytimg.com/vi/DPPak_u4v64/default.jpg,False,False,False,Auto-generated sample description for Comedy video.
EqbUnluiyGd,24.16.10,Entertainment Compilation 2024,Channel_1602,3,2024-10-14T01:00:00.000Z,review|2024|trending,51751,953,347,447,https://i.ytimg.com/vi/djfUdwMfZOi/default.jpg,False,False,False,Auto-generated sample description for Entertainment video.
jl6gYIT43Zy,24.13.10,Reacting to Entertainment Trends,Channel_734,3,2024-10-12T01:00:00.000Z,live|official|music,25651,1481,42,49,https://i.ytimg.com/vi/5dNMkFphpmJ/default.jpg,False,False,False,Auto-generated sample description for Entertainment video.
41jRqIZdm9e,24.30.07,Behind the Scenes: Sports,Channel_1256,14,2024-07-30T17:00:00.000Z,review|music|2024,88968,5932,766,610,https://i.ytimg.com/vi/2NQj97fqtAa/default.jpg,False,False,False,Auto-generated sample description for Sports video.
u46rPythTxI,24.16.07,Behind the Scenes: Sports,Channel_4621,14,2024-07-16T11:00:00.000Z,trending|2024|live,46790,787,429,604,https://i.ytimg.com/vi/U_w6vyBR8cu/default.jpg,False,False,False,Auto-generated sample description for Sports video.
Z2zNXKKIr6F,24.20.03,Behind the Scenes: Education,Channel_4565,13,2024-03-19T15:00:00.000Z,live|official|2024,30855,1879,173,333,https://i.ytimg.com/vi/SqEj16Zvt8F/default.jpg,False,False,False,Auto-generated sample description for Education video.
aXuhn02yFIh,25.31.01,Official Entertainment Highlights,Channel_2145,1,2025-01-27T08:00:00.000Z,vlog|live|music,15974,1215,84,172,https://i.ytimg.com/vi/VYzGRw1BZv1/default.jpg,False,False,False,Auto-generated sample description for Entertainment video.
UUpNAILskjn,24.24.06,Entertainment Compilation 2024,Channel_2782,3,2024-06-24T00:00:00.000Z,official|trending|review,12610,684,34,19,https://i.ytimg.com/vi/LQ9KvkMwMWE/default.jpg,False,False,False,Auto-generated sample description for Entertainment video.
0I-wGXKw4wG,25.17.01,People & Blogs Compilation 2024,Channel_1674,20,2025-01-14T17:00:00.000Z,official|live|trending,3340,202,6,49,https://i.ytimg.com/vi/_VpUEah7OpH/default.jpg,False,False,False,Auto-generated sample description for People & Blogs video.
9wEgR7vHPzj,24.25.09,Official Film & Animation Highlights,Channel_4122,10,2024-09-21T18:00:00.000Z,music|live|official,1129,29,4,21,https://i.ytimg.com/vi/ZME9XvNAgjI/default.jpg,False,True,False,Auto-generated sample description for Film & Animation video.
dW0F5Nnsi-e,24.19.08,Film & Animation Compilation 2024,Channel_2771,10,2024-08-16T18:00:00.000Z,music|2024|review,176477,5738,1169,172,https://i.ytimg.com/vi/I4kSbnnvOar/default.jpg,False,False,False,Auto-generated sample description for Film & Animation video.
gx9v1DrowhY,24.12.02,Official Entertainment Highlights,Channel_2165,3,2024-02-10T19:00:00.000Z,vlog|review|trending,80603,4891,152,1446,https://i.ytimg.com/vi/LsVe7YW5Hue/default.jpg,False,False,False,"Auto-generated sample description for Entertainment video.
Second line inside a quoted CSV field."
GYb8C-vF2iT,24.05.12,Behind the Scenes: Entertainment,Channel_3017,3,2024-12-05T18:00:00.000Z,live|trending|official,14576,656,35,137,https://i.ytimg.com/vi/I6P83B-vDdR/default.jpg,False,False,False,Auto-generated sample description for Entertainment video.
AX43c8NmfVB,24.10.06,Behind the Scenes: Comedy,Channel_2234,23,2024-06-07T08:00:00.000Z,vlog|review|trending,3749,149,3,69,https://i.ytimg.com/vi/nOaJDhER3dr/default.jpg,False,False,False,Auto-generated sample description for Comedy video.
2b1BTN7Yc-P,25.25.01,Official Sports Highlights,Channel_1405,14,2025-01-21T22:00:00.000Z,music|review|vlog,11913,815,14,178,https://i.ytimg.com/vi/LqXvrWNKncq/default.jpg,False,False,False,Auto-generated sample description for Sports video.
DPZVERuJF86,24.01.08,Reacting to Entertainment Trends,Channel_4840,1,2024-08-01T09:00:00.000Z,official|music|2024,12628,372,122,234,https://i.ytimg.com/vi/1UP6C-GTtQj/default.jpg,False,False,False,Auto-generated sample description for Entertainment video.
16gk-Pvu9wJ,24.21.08,Behind the Scenes: Comedy,Channel_3508,23,2024-08-17T00:00:00.000Z,official|live|vlog,85008,5018,368,715,https://i.ytimg.com/vi/Y_GgshCRIe4/default.jpg,True,False,False,Auto-generated sample description for Comedy video.
qKs1O8OCRiz,24.11.12,Reacting to Comedy Trends,Channel_4983,9,2024-12-11T02:00:00.000Z,review|2024|vlog,26003,516,14,447,https://i.ytimg.com/vi/FQuK1jNq3vc/default.jpg,False,False,False,Auto-generated sample description for Comedy video.
H0ji__y5swW,24.09.08,Why This Sports Video Went Viral,Channel_4942,4,2024-08-07T08:00:00.000Z,review|live|vlog,1912,43,14,3,https://i.ytimg.com/vi/fKni9kXgFzD/default.jpg,False,False,False,Auto-generated sample description for Sports video.
F13gxczlC8g,24.17.02,Reacting to Entertainment Trends,Channel_1298,6,2024-02-16T22:00:00.000Z,vlog|music|review,16468,341,42,29,https://i.ytimg.com/vi/E1-0_676E1R/default.jpg,False,False,False,Auto-generated sample description for Entertainment video.
hAGoQGzTong,24.15.11,Top 10 Sports Moments This Week,Channel_3128,14,2024-11-11T14:00:00.000Z,trending|live|review,5817,109,44,107,https://i.ytimg.com/vi/OVAEgryFykA/default.jpg,False,False,False,Auto-generated sample description for Sports video.
Rd7csWGc3r2,24.14.07,Official People & Blogs Highlights,Channel_3159,5,2024-07-14T06:00:00.000Z,2024|official|music,18366,1288,148,9,https://i.ytimg.com/vi/OpMN93un1KF/default.jpg,False,False,False,Auto-generated sample description for People & Blogs video.
6FgwKg3P9vS,24.14.07,Top 10 Comedy Moments This Week,Channel_276,9,2024-07-11T08:00:00.000Z,live|review|official,38976,411,289,770,https://i.ytimg.com/vi/A67ouVxHkMT/default.jpg,False,False,False,Auto-generated sample description for Comedy video.
JOYLM3GPsEa,25.11.01,Official Sports Highlights,Channel_2113,14,2025-01-10T06:00:00.000Z,music|official|live,2478,66,7,30,https://i.ytimg.com/vi/MtW_UQG_bi8/default.jpg,False,False,False,Auto-generated sample description for Sports video.
MW5fD2-sRfq,24.13.01,Behind the Scenes: Entertainment,Channel_229,3,2024-01-10T04:00:00.000Z,music|vlog|official,198621,4436,244,2383,https://i.ytimg.com/vi/j79e_EI2fFn/default.jpg,False,False,False,Auto-generated sample description for Entertainment video.
qlXIS9Pw-SK,24.17.09,Reacting to Comedy Trends,Channel_1468,23,2024-09-14T18:00:00.000Z,vlog|trending|live,35888,1641,148,421,https://i.ytimg.com/vi/qZ-RlTg2YiS/default.jpg,False,False,False,Auto-generated sample description for Comedy video.
1k11MfE1EXG,25.18.01,People & Blogs Compilation 2024,Channel_116,5,2025-01-17T20:00:00.000Z,official|trending|review,26762,1942,226,82,https://i.ytimg.com/vi/Op0ojCAQ1yx/default.jpg,False,False,False,Auto-generated sample description for People & Blogs video.
Ziqks25NX-M,24.29.07,Behind the Scenes: Entertainment,Channel_3947,6,2024-07-28T01:00:00.000Z,trending|review|vlog,58442,3055,272,883,https://i.ytimg.com/vi/0zk2ChSu_gH/default.jpg,False,False,False,Auto-generated sample description for Entertainment video.
Sk2GrEapr9K,24.01.07,Education Compilation 2024,Channel_4804,13,2024-06-30T12:00:00.000Z,vlog|music|review,7754,97,58,48,https://i.ytimg.com/vi/-XAnl2F7cUS/default.jpg,False,False,False,Auto-generated sample description for Education video.
0yS18AT-6VY,24.26.10,Behind the Scenes: Film & Animation,Channel_2371,10,2024-10-24T16:00:00.000Z,live|trending|vlog,4183,244,5,32,https://i.ytimg.com/vi/NiaMbeBu8Ac/default.jpg,False,False,False,Auto-generated sample description for Film & Animation video.
WAPqDR0kotb,24.04.10,Top 10 Entertainment Moments This Week,Channel_4425,6,2024-10-04T18:00:00.000Z,music|vlog|2024,97608,1711,158,1300,https://i.ytimg.com/vi/Q0riQzinmuk/default.jpg,False,False,False,Auto-generated sample description for Entertainment video.
2XYDYM9wjFu,24.13.09,Comedy Compilation 2024,Channel_2674,12,2024-09-12T04:00:00.000Z,trending|review|official,12120,681,31,128,https://i.ytimg.com/vi/Rbyz-gwJdC-/default.jpg,False,False,False,Auto-generated sample description for Comedy video.
ztGRq5Q15mR,24.15.01,Official Gaming Highlights,Channel_2045,22,2024-01-15T01:00:00.000Z,music|official|2024,2193,160,6,6,https://i.ytimg.com/vi/6h6iqYQtKLj/default.jpg,False,False,False,Auto-generated sample description for Gaming video.
vajPpJ74_0I,24.13.06,Behind the Scenes: Howto & Style,Channel_732,17,2024-06-10T01:00:00.000Z,live|2024|music,599,6,1,0,https://i.ytimg.com/vi/0T40SrvrXnP/default.jpg,False,False,False,Auto-generated sample description for Howto & Style video.
qNHLyGO690Y,24.05.10,Official Howto & Style Highlights,Channel_1948,18,2024-10-03T01:00:00.000Z,trending|review|2024,5623,344,14,98,https://i.ytimg.com/vi/RRcelVSZ4ys/default.jpg,False,False,False,Auto-generated sample description for Howto & Style video.
yXboKlt6d1X,24.23.01,Official Entertainment Highlights,Channel_4604,3,2024-01-23T22:00:00.000Z,review|official|live,48622,1544,200,621,https://i.ytimg.com/vi/0e_f4rardCB/default.jpg,False,False,False,Auto-generated sample description for Entertainment video.
2Y92C4ucz4C,24.25.11,Why This Entertainment Video Went Viral,Channel_2050,6,2024-11-23T20:00:00.000Z,trending|live|2024,81977,850,352,1454,https://i.ytimg.com/vi/U19a6maSZP-/default.jpg,False,False,False,Auto-generated sample description for Entertainment video.
eOHY5zFjYGa,24.19.07,Behind the Scenes: Comedy,Channel_2800,9,2024-07-17T10:00:00.000Z,official|2024|trending,1352,50,1,24,https://i.ytimg.com/vi/_EgT2phuQBm/default.jpg,False,False,False,Auto-generated sample description for Comedy video.
OI_gePgNblL,24.05.12,Entertainment Compilation 2024,Channel_1001,1,2024-12-05T00:00:00.000Z,review|official|trending,160840,4135,1165,2309,https://i.ytimg.com/vi/7bfdjhe5AOG/default.jpg,False,False,False,Auto-generated sample description for Entertainment video.
KFZDeJnAnOW,24.28.03,Gaming Compilation 2024,Channel_555,16,2024-03-25T04:00:00.000Z,trending|live|vlog,32183,2237,311,389,https://i.ytimg.com/vi/nzbSLqGwTin/default.jpg,False,False,False,Auto-generated sample description for Gaming video.
MbLvKixO5eD,24.01.06,Top 10 Sports Moments This Week,Channel_2023,4,2024-05-31T00:00:00.000Z,trending|review|2024,1970,95,16,15,https://i.ytimg.com/vi/17X3eXvOjzN/default.jpg,True,False,False,Auto-generated sample description for Sports video.
7KLycmz0EuA,24.11.02,Reacting to Entertainment Trends,Channel_3668,3,2024-02-08T15:00:00.000Z,vlog|music|live,156221,5503,313,400,https://i.ytimg.com/vi/XWFva8pSNkP/default.jpg,False,False,False,Auto-generated sample description for Entertainment video.
1hR45Z5_jrr,24.24.01,Official Entertainment Highlights,Channel_1866,3,2024-01-24T21:00:00.000Z,music|live|trending,53450,2406,104,548,https://i.ytimg.com/vi/4O4IeTxEbA1/default.jpg,True,False,False,Auto-generated sample description for Entertainment video.
vI8wWPR7iyZ,25.08.01,Why This Entertainment Video Went Viral,Channel_4721,3,2025-01-04T01:00:00.000Z,review|2024|vlog,88408,887,704,330,https://i.ytimg.com/vi/HUmNOD5TwT4/default.jpg,False,False,False,Auto-generated sample description for Entertainment video.
sPr1goUnnoO,24.27.11,Reacting to Sports Trends,Channel_3546,4,2024-11-27T19:00:00.000Z,2024|live|vlog,40848,1122,98,305,https://i.ytimg.com/vi/SjO62K1_eVh/default.jpg,False,False,False,Auto-generated sample description for Sports video.
zAiCH3Phw-O,24.22.05,Behind the Scenes: Film & Animation,Channel_3509,10,2024-05-18T05:00:00.000Z,music|live|official,97603,2598,162,1279,https://i.ytimg.com/vi/SWzEAtFMUrJ/default.jpg,False,False,False,Auto-generated sample description for Film & Animation video.
R8rZyazvIs7,24.17.08,Official Comedy Highlights,Channel_3093,9,2024-08-17T11:00:00.000Z,music|vlog|trending,562,36,0,10,https://i.ytimg.com/vi/XuW7G91xB8d/default.jpg,False,False,False,Auto-generated sample description for Comedy video.
4x0myptwJlw,24.18.11,Reacting to Entertainment Trends,Channel_1827,3,2024-11-14T15:00:00.000Z,live|trending|music,28723,1380,239,381,https://i.ytimg.com/vi/YxSEGmUJRVJ/default.jpg,False,False,False,Auto-generated sample description for Entertainment video.
EkHagDSZCdz,24.29.08,Top 10 Entertainment Moments This Week,Channel_4138,3,2024-08-27T16:00:00.000Z,live|2024|vlog,196650,4748,1429,2021,https://i.ytimg.com/vi/yPMbN5WU4m2/default.jpg,False,False,False,Auto-generated sample description for Entertainment video.
sUh1w0OXLAM,24.11.09,Howto & Style Compilation 2024,Channel_3168,18,2024-09-10T20:00:00.000Z,music|vlog|trending,17057,551,147,44,https://i.ytimg.com/vi/wAcvU4wLY7B/default.jpg,False,False,False,Auto-generated sample description for Howto & Style video.
Xfn8uYtbEAZ,24.14.02,Why This Entertainment Video Went Viral,Channel_4987,1,2024-02-13T20:00:00.000Z,music|trending|official,209474,6573,1227,1791,https://i.ytimg.com/vi/_Kkl3EGCeDm/default.jpg,False,False,False,Auto-generated sample description for Entertainment video.
3wsJUONjLaQ,25.23.01,Entertainment Compilation 2024,Channel_3100,6,2025-01-23T15:00:00.000Z,live|review|trending,94914,4901,84,224,https://i.ytimg.com/vi/TjnaN2keW1f/default.jpg,False,False,False,Auto-generated sample description for Entertainment video.
1cn4HQznWrN,24.22.07,Why This Entertainment Video Went Viral,Channel_595,6,2024-07-18T04:00:00.000Z,music|2024|vlog,161058,7343,195,2218,https://i.ytimg.com/vi/-KO8Csj3Shw/default.jpg,False,False,False,Auto-generated sample description for Entertainment video.
SIGb6jib7vV,24.10.10,Official Comedy Highlights,Channel_1384,9,2024-10-09T20:00:00.000Z,live|vlog|music,31552,944,97,487,https://i.ytimg.com/vi/Sd234mGRDCz/default.jpg,False,False,False,Auto-generated sample description for Comedy video.
TGivvLwuaxj,24.26.11,Why This Gaming Video Went Viral,Channel_1483,22,2024-11-23T05:00:00.000Z,music|trending|vlog,41304,2069,141,49,https://i.ytimg.com/vi/Tro4Yapu13v/default.jpg,False,False,False,Auto-generated sample description for Gaming video.
rJiDLEgFvUf,24.15.07,Reacting to News & Politics Trends,Channel_1380,11,2024-07-13T15:00:00.000Z,2024|official|trending,18465,190,183,302,https://i.ytimg.com/vi/YtEDKLgD9YT/default.jpg,False,False,False,Auto-generated sample description for News & Politics video.
TcyCd0GmK0F,24.02.07,Top 10 Science & Technology Moments This Week,Channel_4840,24,2024-07-02T10:00:00.000Z,vlog|music|trending,802,15,3,5,https://i.ytimg.com/vi/OcQhI_nQdOp/default.jpg,False,False,False,Auto-generated sample description for Science & Technology video.
g9GKG8Dnj8p,24.07.09,Gaming Compilation 2024,Channel_2060,22,2024-09-05T04:00:00.000Z,review|vlog|music,2305,25,1,17,https://i.ytimg.com/vi/dzGTYJYQ-A9/default.jpg,False,False,False,Auto-generated sample description for Gaming video.
rCYWhL8Hnsa,24.16.09,Behind the Scenes: Entertainment,Channel_866,3,2024-09-13T02:00:00.000Z,trending|music|live,163840,2717,1614,1157,https://i.ytimg.com/vi/3AtTqKaNBFU/default.jpg,False,True,False,Auto-generated sample description for Entertainment video.
4Vq31LgBm2z,24.07.01,Entertainment Compilation 2024,Channel_3850,3,2024-01-05T22:00:00.000Z,trending|music|2024,4275,74,7,25,https://i.ytimg.com/vi/OtHiFRF-XIu/default.jpg,False,False,False,Auto-generated sample description for Entertainment video.
ATEUrYfSyx7,24.16.05,Top 10 Sports Moments This Week,Channel_2378,4,2024-05-15T07:00:00.000Z,vlog|music|review,33779,2605,283,553,https://i.ytimg.com/vi/kG-M6QI-z57/default.jpg,False,False,False,Auto-generated sample description for Sports video.
6iNUXR95DXm,24.27.06,Official Entertainment Highlights,Channel_1644,6,2024-06-27T07:00:00.000Z,review|vlog|official,178942,6417,327,1331,https://i.ytimg.com/vi/cR8AZmgcLo_/default.jpg,False,False,False,Auto-generated sample description for Entertainment video.
8un66i2mXO7,24.23.03,Top 10 Comedy Moments This Week,Channel_1898,9,2024-03-22T00:00:00.000Z,2024|live|official,423,18,3,6,https://i.ytimg.com/vi/ipeHQ415osX/default.jpg,False,False,False,Auto-generated sample description for Comedy video.
spv-UvHiZdL,24.09.05,Official Entertainment Highlights,Channel_2849,3,2024-05-07T16:00:00.000Z,vlog|trending|official,31134,1173,305,125,https://i.ytimg.com/vi/Vy7DhJB61Ap/default.jpg,False,False,False,Auto-generated sample description for Entertainment video.
p3GGmINaahI,24.12.09,Official Entertainment Highlights,Channel_3642,3,2024-09-11T18:00:00.000Z,official|2024|music,31390,669,294,78,https://i.ytimg.com/vi/tEpg2Nf4-u0/default.jpg,False,False,False,Auto-generated sample description for Entertainment video.
Nt6AIH-tVo9,25.02.02,Reacting to People & Blogs Trends,Channel_1597,5,2025-02-02T04:00:00.000Z,review|2024|vlog,44536,975,142,293,https://i.ytimg.com/vi/PJ5U7F9ihPy/default.jpg,False,False,False,Auto-generated sample description for People & Blogs video.
3_6pPyZan8L,24.21.08,Top 10 Comedy Moments This Week,Channel_165,12,2024-08-18T17:00:00.000Z,official|music|live,11195,238,99,147,https://i.ytimg.com/vi/SWhfLpzm0Y_/default.jpg,False,False,False,Auto-generated sample description for Comedy video.
t57n43BPb0L,24.07.09,Top 10 Comedy Moments This Week,Channel_3757,12,2024-09-05T12:00:00.000Z,live|trending|vlog,25377,2029,239,456,https://i.ytimg.com/vi/dLAm-07Yrv4/default.jpg,False,False,False,"Auto-generated sample description for Comedy video.
Second line inside a quoted CSV field."
DiON1I9qQ1g,24.15.05,Why This Science & Technology Video Went Viral,Channel_3146,24,2024-05-12T10:00:00.000Z,review|2024|trending,12943,581,83,172,https://i.ytimg.com/vi/ufA3cYnOSex/default.jpg,False,False,False,Auto-generated sample description for Science & Technology video.
8Clrth3X43Z,24.12.01,Why This Entertainment Video Went Viral,Channel_2347,3,2024-01-10T15:00:00.000Z,vlog|music|official,92449,7150,665,48,https://i.ytimg.com/vi/DwJuo0JCQCv/default.jpg,False,False,False,Auto-generated sample description for Entertainment video.
bUiEeQ5CxoC,24.25.10,Entertainment Compilation 2024,Channel_3634,6,2024-10-21T22:00:00.000Z,review|trending|vlog,6634,146,4,53,https://i.ytimg.com/vi/XLTQVr0oOpd/default.jpg,False,False,False,Auto-generated sample description for Entertainment video.
UuVeZ_ILlqy,25.08.01,Why This Comedy Video Went Viral,Channel_4807,23,2025-01-04T09:00:00.000Z,trending|vlog|review,2011,134,2,23,https://i.ytimg.com/vi/3wOYtZFO3de/default.jpg,False,False,False,Auto-generated sample description for Comedy video.
5Ujz8GQBiw6,24.04.05,Top 10 Comedy Moments This Week,Channel_2189,12,2024-05-04T18:00:00.000Z,review|official|vlog,2076,36,11,37,https://i.ytimg.com/vi/ci_2uozI1lY/default.jpg,False,False,False,Auto-generated sample description for Comedy video.
3QFtsqH5fma,24.13.10,Official Comedy Highlights,Channel_2210,9,2024-10-12T11:00:00.000Z,trending|vlog|music,1327,65,2,19,https://i.ytimg.com/vi/v4jIfGF5Mpr/default.jpg,False,False,False,Auto-generated sample description for Comedy video.
bcPbQfpIcyB,24.05.10,Why This Autos & Vehicles Video Went Viral,Channel_207,8,2024-10-05T19:00:00.000Z,official|music|trending,8532,657,57,138,https://i.ytimg.com/vi/ogRWCR3exnE/default.jpg,False,False,False,Auto-generated sample description for Autos & Vehicles video.
rjuL352Hsot,24.13.09,Reacting to Entertainment Trends,Channel_2841,1,2024-09-10T19:00:00.000Z,trending|review|live,4164,236,6,14,https://i.ytimg.com/vi/Yug6IHPjwXa/default.jpg,False,False,False,Auto-generated sample description for Entertainment video.
3V1T_p1YT-m,25.28.01,Top 10 Gaming Moments This Week,Channel_186,22,2025-01-24T17:00:00.000Z,official|trending|vlog,26117,2035,47,131,https://i.ytimg.com/vi/ShMEYLmYITf/default.jpg,False,False,False,Auto-generated sample description for Gaming video.
yqqCc8sI-XG,25.14.01,Official News & Politics Highlights,Channel_1527,11,2025-01-13T19:00:00.000Z,2024|music|live,3219,179,10,22,https://i.ytimg.com/vi/UU-GPYpbPzF/default.jpg,False,False,False,Auto-generated sample description for News & Politics video.
Js8Tpwb3XVW,24.09.01,Behind the Scenes: Comedy,Channel_1607,9,2024-01-05T10:00:00.000Z,live|official|trending,820,25,2,14,https://i.ytimg.com/vi/1s63urE1Ekw/default.jpg,False,False,False,Auto-generated sample description for Comedy video.
SR8eurcl6_k,24.30.03,Reacting to Autos & Vehicles Trends,Channel_220,8,2024-03-30T02:00:00.000Z,2024|live|trending,16944,703,58,32,https://i.ytimg.com/vi/LUcrXKI6CUB/default.jpg,False,False,False,Auto-generated sample description for Autos & Vehicles video.
jdBxEp327g2,24.23.02,Entertainment Compilation 2024,Channel_3985,6,2024-02-19T08:00:00.000Z,vlog|official|2024,62717,1953,37,1193,https://i.ytimg.com/vi/9rgmkhLaDGF/default.jpg,False,False,False,Auto-generated sample description for Entertainment video.
588SCyKsrPB,24.28.03,Behind the Scenes: Entertainment,Channel_1852,3,2024-03-25T16:00:00.000Z,trending|live|vlog,358051,15701,3052,4067,https://i.ytimg.com/vi/HqU_95x66GU/default.jpg,False,False,False,Auto-generated sample description for Entertainment video.
SxlmKN3eDWy,24.10.05,Behind the Scenes: Travel & Events,Channel_1887,15,2024-05-08T03:00:00.000Z,trending|2024|review,426938,5652,245,7085,https://i.ytimg.com/vi/-MwcK7QFVN5/default.jpg,False,False,False,Auto-generated sample description for Travel & Events video.
FwREqgtON0k,24.01.10,Entertainment Compilation 2024,Channel_3885,6,2024-09-27T10:00:00.000Z,trending|official|2024,15886,168,16,137,https://i.ytimg.com/vi/45i3B1kCPLP/default.jpg,False,False,False,Auto-generated sample description for Entertainment video.
Q4wDQglJ6B_,24.15.07,Entertainment Compilation 2024,Channel_4678,1,2024-07-14T18:00:00.000Z,2024|live|review,20779,702,79,148,https://i.ytimg.com/vi/zWTL_7k9trc/default.jpg,False,False,False,Auto-generated sample description for Entertainment video.
Gw01hYxOkP-,24.07.08,Why This Entertainment Video Went Viral,Channel_4802,6,2024-08-03T02:00:00.000Z,official|music|review,121990,2470,710,953,https://i.ytimg.com/vi/fY4mbbaHT9x/default.jpg,False,False,False,Auto-generated sample description for Entertainment video.
Y2SqMzfSo6p,24.24.07,Behind the Scenes: Comedy,Channel_3808,23,2024-07-20T07:00:00.000Z,live|vlog|official,10254,695,92,34,https://i.ytimg.com/vi/ixBGAEPD37V/default.jpg,False,False,False,Auto-generated sample description for Comedy video.
qXQ9PgAibM4,24.22.10,Behind the Scenes: People & Blogs,Channel_755,5,2024-10-19T06:00:00.000Z,official|music|2024,1426,36,10,3,https://i.ytimg.com/vi/9jxd0ke9HYY/default.jpg,False,False,False,Auto-generated sample description for People & Blogs video.
8tl6pvLDVX2,24.20.01,Behind the Scenes: Entertainment,Channel_2007,6,2024-01-18T02:00:00.000Z,review|vlog|music,2130,112,5,3,https://i.ytimg.com/vi/BtSzXVsUP5W/default.jpg,False,False,False,Auto-generated sample description for Entertainment video.
h_wCM7XI1jx,24.19.02,Reacting to News & Politics Trends,Channel_3104,11,2024-02-17T07:00:00.000Z,music|official|trending,40556,1095,104,770,https://i.ytimg.com/vi/AZEnYw4QYMG/default.jpg,False,False,False,Auto-generated sample description for News & Politics video.
RYZBchYzXsp,24.11.09,Official Howto & Style Highlights,Channel_2939,17,2024-09-08T18:00:00.000Z,vlog|music|2024,9510,708,13,131,https://i.ytimg.com/vi/Hh57hMnlAUz/default.jpg,False,False,False,Auto-generated sample description for Howto & Style video.
F1Uu9uOY468,24.16.08,Reacting to Comedy Trends,Channel_502,12,2024-08-15T11:00:00.000Z,official|review|vlog,10312,407,53,146,https://i.ytimg.com/vi/e8lxXmPLx9b/default.jpg,False,False,False,Auto-generated sample description for Comedy video.
BqYy8H1cuiF,24.05.01,People & Blogs Compilation 2024,Channel_4465,20,2024-01-02T12:00:00.000Z,review|trending|official,8888,311,5,76,https://i.ytimg.com/vi/jU_9kriIwVi/default.jpg,False,False,False,Auto-generated sample description for People & Blogs video.
URutCVUqP-d,24.09.10,Entertainment Compilation 2024,Channel_1598,1,2024-10-06T18:00:00.000Z,music|vlog|live,233694,13681,116,387,https://i.ytimg.com/vi/swCETs4_nVy/default.jpg,False,False,False,Auto-generated sample description for Entertainment video.
0N_I0JUPe6t,24.22.10,Behind the Scenes: Comedy,Channel_2011,23,2024-10-22T01:00:00.000Z,music|review|vlog,40684,2421,306,595,https://i.ytimg.com/vi/Tgg9OZNSdRo/default.jpg,False,False,False,Auto-generated sample description for Comedy video.
1--HG_3kB52,24.21.04,Gaming Compilation 2024,Channel_1589,22,2024-04-20T17:00:00.000Z,review|2024|official,122779,5762,950,862,https://i.ytimg.com/vi/XQFCDM44J0D/default.jpg,False,False,False,"Auto-generated sample description for Gaming video.
Second line inside a quoted CSV field."
3vojSaxB-LA,24.30.04,Behind the Scenes: Entertainment,Channel_4086,6,2024-04-29T00:00:00.000Z,live|official|vlog,10182,228,39,84,https://i.ytimg.com/vi/gPvoLbOaG8q/default.jpg,False,False,False,Auto-generated sample description for Entertainment video.
ujIT-5E0WcO,24.08.06,Behind the Scenes: News & Politics,Channel_941,11,2024-06-04T00:00:00.000Z,trending|review|music,1068,34,8,1,https://i.ytimg.com/vi/4M-DX3UA4S5/default.jpg,False,False,False,Auto-generated sample description for News & Politics video.
U5oFoGHHXi3,24.07.10,Top 10 Entertainment Moments This Week,Channel_4625,3,2024-10-03T07:00:00.000Z,official|live|review,13501,1063,123,89,https://i.ytimg.com/vi/9G999JE4uks/default.jpg,False,False,False,Auto-generated sample description for Entertainment video.
jk8QV_Cqxfd,25.22.01,Official Entertainment Highlights,Channel_2652,6,2025-01-21T01:00:00.000Z,trending|music|official,75746,2750,695,1273,https://i.ytimg.com/vi/KSo4DWPUKeP/default.jpg,False,False,False,Auto-generated sample description for Entertainment video.
0q8nryDFh0R,24.15.11,Top 10 Entertainment Moments This Week,Channel_1657,3,2024-11-12T05:00:00.000Z,official|live|review,15536,616,77,96,https://i.ytimg.com/vi/8OcYuxpZa--/default.jpg,False,False,False,Auto-generated sample description for Entertainment video.
8y72Fg86CF3,24.25.02,Entertainment Compilation 2024,Channel_3375,1,2024-02-23T17:00:00.000Z,music|trending|2024,4371,228,16,18,https://i.ytimg.com/vi/_PQbhLJUf4r/default.jpg,False,False,False,Auto-generated sample description for Entertainment video.
dkc4DxsZTs5,24.24.06,Behind the Scenes: Film & Animation,Channel_1298,25,2024-06-24T21:00:00.000Z,official|review|2024,20558,1621,141,348,https://i.ytimg.com/vi/EcQMkS2_pi6/default.jpg,False,False,False,Auto-generated sample description for Film & Animation video.
4vJOl6eMa_Q,24.23.02,Reacting to Entertainment Trends,Channel_2584,3,2024-02-20T07:00:00.000Z,review|live|trending,87391,6320,784,894,https://i.ytimg.com/vi/aUzYR9s3BVe/default.jpg,False,False,False,Auto-generated sample description for Entertainment video.
f015xiqnOXF,24.24.10,Behind the Scenes: Comedy,Channel_3686,9,2024-10-22T09:00:00.000Z,review|music|live,4617,158,4,62,https://i.ytimg.com/vi/9QC5toKvNkC/default.jpg,False,False,True,Auto-generated sample description for Comedy video.
eVBe0HA2p24,24.10.08,Top 10 Entertainment Moments This Week,Channel_1630,3,2024-08-07T19:00:00.000Z,trending|2024|vlog,1910,51,11,23,https://i.ytimg.com/vi/R0fZ89VST5F/default.jpg,False,False,False,Auto-generated sample description for Entertainment video.
49qTbLfwQid,24.13.01,Reacting to People & Blogs Trends,Channel_4429,5,2024-01-11T11:00:00.000Z,official|review|trending,13554,252,97,41,https://i.ytimg.com/vi/5tBR-LU8tfc/default.jpg,False,False,False,Auto-generated sample description for People & Blogs video.
7MFoZWbp2ol,24.24.07,Why This Entertainment Video Went Viral,Channel_3005,6,2024-07-22T22:00:00.000Z,vlog|2024|review,1254,75,10,9,https://i.ytimg.com/vi/lDKcJ4TfffN/default.jpg,False,False,False,Auto-generated sample description for Entertainment video.
9cZeXNNEQ3S,24.29.03,Reacting to Sports Trends,Channel_4147,4,2024-03-28T00:00:00.000Z,music|vlog|live,168442,7886,442,1990,https://i.ytimg.com/vi/YBBZL-rvMUP/default.jpg,False,False,False,Auto-generated sample description for Sports video.
ESiLxHI0ZFe,24.04.12,Official Comedy Highlights,Channel_286,12,2024-12-04T12:00:00.000Z,official|review|live,4048,145,36,32,https://i.ytimg.com/vi/cI1_vOnMbWo/default.jpg,False,False,False,Auto-generated sample description for Comedy video.
_boY0nCcDLW,24.07.05,Behind the Scenes: Comedy,Channel_890,23,2024-05-04T16:00:00.000Z,vlog|live|trending,65332,4912,407,1216,https://i.ytimg.com/vi/mUgmWGPH0Xt/default.jpg,False,False,False,Auto-generated sample description for Comedy video.
q4Z5YwuT_N-,24.03.12,Why This Entertainment Video Went Viral,Channel_2981,6,2024-12-01T12:00:00.000Z,music|trending|review,3799,42,36,30,https://i.ytimg.com/vi/5p7DClR_m2e/default.jpg,False,False,False,Auto-generated sample description for Entertainment video.
G5l1QeHHnVx,24.14.08,Science & Technology Compilation 2024,Channel_2141,24,2024-08-12T17:00:00.000Z,official|review|trending,236961,16111,712,2392,https://i.ytimg.com/vi/s1KVGloC7fG/default.jpg,False,False,False,Auto-generated sample description for Science & Technology video.
y4FYPvNw81a,24.12.10,Reacting to Comedy Trends,Channel_3981,12,2024-10-10T18:00:00.000Z,official|vlog|music,7455,327,50,101,https://i.ytimg.com/vi/N3HIav3pyTy/default.jpg,False,False,False,Auto-generated sample description for Comedy video.
3tlAGpUSjbT,24.14.11,Why This Film & Animation Video Went Viral,Channel_1086,10,2024-11-12T10:00:00.000Z,review|vlog|official,3302,190,4,15,https://i.ytimg.com/vi/s9RaVZhJwb4/default.jpg,False,False,False,Auto-generated sample description for Film & Animation video.
xB-nFt08u5F,24.10.04,Top 10 Entertainment Moments This Week,Channel_1267,3,2024-04-07T16:00:00.000Z,2024|live|review,291489,7713,199,778,https://i.ytimg.com/vi/524L3QpLX56/default.jpg,False,False,False,Auto-generated sample description for Entertainment video.
yjz1-S_uZ0H,24.29.09,Reacting to Entertainment Trends,Channel_4945,1,2024-09-29T14:00:00.000Z,music|vlog|official,10322,287,56,8,https://i.ytimg.com/vi/DZ24AxeyjYp/default.jpg,False,False,False,Auto-generated sample description for Entertainment video.
bRFMfACyznO,24.28.08,Reacting to People & Blogs Trends,Channel_786,20,2024-08-28T03:00:00.000Z,trending|music|vlog,5890,373,20,75,https://i.ytimg.com/vi/YZJbuF2rhpC/default.jpg,False,False,False,Auto-generated sample description for People & Blogs video.
yjoTJE9mU-F,24.15.09,Why This Comedy Video Went Viral,Channel_710,9,2024-09-15T10:00:00.000Z,review|official|trending,5499,414,32,63,https://i.ytimg.com/vi/kcW2b1xEWTh/default.jpg,False,False,False,Auto-generated sample description for Comedy video.
sN_qsRns2mF,24.04.03,Why This Entertainment Video Went Viral,Channel_354,6,2024-03-02T11:00:00.000Z,2024|live|music,62713,4579,510,1165,https://i.ytimg.com/vi/hLejP9_cYri/default.jpg,False,False,False,Auto-generated sample description for Entertainment video.
2Y1VgB1lYuo,24.17.09,Why This Howto & Style Video Went Viral,Channel_344,17,2024-09-15T06:00:00.000Z,2024|live|review,29990,721,237,407,https://i.ytimg.com/vi/zg6kJzcybtd/default.jpg,False,False,False,Auto-generated sample description for Howto & Style video.
f9awK_KP5vi,25.21.01,Top 10 Sports Moments This Week,Channel_1379,4,2025-01-21T10:00:00.000Z,2024|live|trending,8466,161,45,55,https://i.ytimg.com/vi/pQwtAwr6wPG/default.jpg,False,False,False,Auto-generated sample description for Sports video.
L-VLEkZNUI6,24.21.06,Behind the Scenes: Gaming,Channel_427,16,2024-06-18T06:00:00.000Z,music|2024|trending,9528,578,20,39,https://i.ytimg.com/vi/wI2BZ0E9SUU/default.jpg,False,False,False,Auto-generated sample description for Gaming video.
Ueb_7egyo4s,24.04.09,Official Sports Highlights,Channel_638,4,2024-09-01T00:00:00.000Z,review|live|official,21808,388,173,192,https://i.ytimg.com/vi/aKyAEoV11Hc/default.jpg,False,False,False,Auto-generated sample description for Sports video.
zAPxa3vwXgA,24.06.04,Official Comedy Highlights,Channel_3177,23,2024-04-02T20:00:00.000Z,vlog|official|live,8603,383,28,171,https://i.ytimg.com/vi/XZDDoWmLgty/default.jpg,False,False,False,Auto-generated sample description for Comedy video.
LO7GfQoUdjb,24.04.09,Official Entertainment Highlights,Channel_2726,3,2024-09-04T12:00:00.000Z,2024|review|live,142786,4466,588,2826,https://i.ytimg.com/vi/Tu1CUVl83EU/default.jpg,False,False,False,Auto-generated sample description for Entertainment video.
W9mgY1P2cvL,24.12.07,Behind the Scenes: Entertainment,Channel_1374,1,2024-07-09T20:00:00.000Z,live|official|2024,1437,22,1,8,https://i.ytimg.com/vi/44KkMfV8k_R/default.jpg,False,False,False,Auto-generated sample description for Entertainment video.
_SuYpO7oZFm,24.13.03,Education Compilation 2024,Channel_868,13,2024-03-10T09:00:00.000Z,official|music|vlog,1636,58,12,17,https://i.ytimg.com/vi/iHuHouLNUN1/default.jpg,False,False,False,Auto-generated sample description for Education video.
8Hla0ZPNOgT,24.11.04,Entertainment Compilation 2024,Channel_41,3,2024-04-10T19:00:00.000Z,live|official|music,3222,181,2,45,https://i.ytimg.com/vi/pl_Zl7dXnAe/default.jpg,False,False,False,Auto-generated sample description for Entertainment video.
l6udFO8WT2H,24.21.08,Official Comedy Highlights,Channel_252,23,2024-08-17T17:00:00.000Z,music|trending|review,9330,398,27,47,https://i.ytimg.com/vi/OLqZh4tLjp1/default.jpg,False,False,False,Auto-generated sample description for Comedy video.
ipG8OLY3sJs,24.23.03,Top 10 Comedy Moments This Week,Channel_1875,12,2024-03-19T20:00:00.000Z,review|music|2024,16499,242,84,147,https://i.ytimg.com/vi/Lqjk2HZhCSm/default.jpg,False,False,False,Auto-generated sample description for Comedy video.
YOsi_K2GPyD,24.11.09,Official Entertainment Highlights,Channel_3549,3,2024-09-11T02:00:00.000Z,review|official|trending,88596,5820,587,495,https://i.ytimg.com/vi/Ob3ePKnmB8n/default.jpg,False,False,False,Auto-generated sample description for Entertainment video.
Enb_f92P5Wg,25.19.01,Official Entertainment Highlights,Channel_4567,3,2025-01-15T10:00:00.000Z,review|trending|live,1578,86,4,14,https://i.ytimg.com/vi/bJnPJK-N_EE/default.jpg,False,False,False,Auto-generated sample description for Entertainment video.
8F39em2UtUE,24.04.11,Official Comedy Highlights,Channel_3963,23,2024-11-04T08:00:00.000Z,review|official|music,196475,6698,1397,2628,https://i.ytimg.com/vi/GaB8ckoPY5I/default.jpg,False,False,False,Auto-generated sample description for Comedy video.
TeS9tiI5tXY,24.21.08,Behind the Scenes: Film & Animation,Channel_407,10,2024-08-21T01:00:00.000Z,2024|live|trending,3553,188,27,54,https://i.ytimg.com/vi/wKj2mlSIeWw/default.jpg,False,False,False,Auto-generated sample description for Film & Animation video.
gYzlptp6Qrt,24.11.06,Top 10 Gaming Moments This Week,Channel_1718,22,2024-06-11T21:00:00.000Z,live|music|review,26713,1294,211,98,https://i.ytimg.com/vi/QX-_rSaBS2p/default.jpg,False,False,False,Auto-generated sample description for Gaming video.
yJw__yszO-D,24.28.12,Reacting to Entertainment Trends,Channel_4015,1,2024-12-28T17:00:00.000Z,review|official|live,205533,11456,1263,3918,https://i.ytimg.com/vi/mNtbGxe4E9H/default.jpg,False,False,False,Auto-generated sample description for Entertainment video.
sRgQrQCaUT-,24.19.09,Comedy Compilation 2024,Channel_4980,23,2024-09-17T02:00:00.000Z,review|vlog|trending,63723,4634,294,1227,https://i.ytimg.com/vi/CYLx-A6S6tC/default.jpg,False,False,False,Auto-generated sample description for Comedy video.
qtkEPnnjEAg,24.06.03,Official Entertainment Highlights,Channel_241,6,2024-03-03T08:00:00.000Z,2024|official|live,254495,3709,960,3685,https://i.ytimg.com/vi/VfwHZJKnvBr/default.jpg,False,False,False,Auto-generated sample description for Entertainment video.
9FP8hMAnF9b,24.11.07,Behind the Scenes: Comedy,Channel_2894,12,2024-07-08T03:00:00.000Z,trending|2024|review,10237,473,98,189,https://i.ytimg.com/vi/A9vpCo2xrWg/default.jpg,False,False,False,Auto-generated sample description for Comedy video.
nDj5MIFaz4J,24.14.08,Reacting to People & Blogs Trends,Channel_3586,5,2024-08-10T12:00:00.000Z,vlog|live|trending,27641,1907,167,226,https://i.ytimg.com/vi/pmCA5hGIYvN/default.jpg,False,False,False,Auto-generated sample description for People & Blogs video.
bbPDTPqAHmp,25.02.01,Behind the Scenes: Entertainment,Channel_225,1,2025-01-02T09:00:00.000Z,vlog|trending|live,23118,1733,18,358,https://i.ytimg.com/vi/DPhrJ-9vR-T/default.jpg,False,False,False,Auto-generated sample description for Entertainment video.
EBe5cW01_hZ,24.22.11,Top 10 Comedy Moments This Week,Channel_1909,23,2024-11-19T04:00:00.000Z,music|review|trending,3616,249,13,38,https://i.ytimg.com/vi/i3lnQRCdF-A/default.jpg,False,False,False,Auto-generated sample description for Comedy video.
j7bB-Bd1mrg,25.10.01,Official Film & Animation Highlights,Channel_2350,25,2025-01-08T13:00:00.000Z,official|trending|live,6231,138,52,42,https://i.ytimg.com/vi/f9smYxI5MqM/default.jpg,False,False,False,Auto-generated sample description for Film & Animation video.
Ph2QrdQCX4p,24.06.11,Top 10 People & Blogs Moments This Week,Channel_199,5,2024-11-05T09:00:00.000Z,review|2024|live,3800,144,31,52,https://i.ytimg.com/vi/eS9cDOPbm1H/default.jpg,False,False,False,Auto-generated sample description for People & Blogs video.
k5HLxeOHhUk,24.09.07,Why This Comedy Video Went Viral,Channel_2670,23,2024-07-06T09:00:00.000Z,2024|review|official,6619,426,29,69,https://i.ytimg.com/vi/bwgoY_OFedj/default.jpg,False,False,False,Auto-generated sample description for Comedy video.
gX9cjGI3TNG,24.29.01,Official Entertainment Highlights,Channel_402,3,2024-01-26T18:00:00.000Z,music|review|official,391980,30591,713,4579,https://i.ytimg.com/vi/ecL0GTG7XBL/default.jpg,False,False,False,Auto-generated sample description for Entertainment video.
KsKY2rO42hk,24.12.07,Top 10 Autos & Vehicles Moments This Week,Channel_4345,2,2024-07-08T01:00:00.000Z,music|vlog|2024,10675,706,51,52,https://i.ytimg.com/vi/QklovnXTwVh/default.jpg,False,False,False,Auto-generated sample description for Autos & Vehicles video.
nRc4j_Gj3J9,24.22.06,Entertainment Compilation 2024,Channel_3173,1,2024-06-21T02:00:00.000Z,live|music|vlog,1752,110,15,27,https://i.ytimg.com/vi/DuFp6Z8huUN/default.jpg,False,False,False,Auto-generated sample description for Entertainment video.
1KUxGNkDxil,24.18.03,Top 10 Entertainment Moments This Week,Channel_3637,6,2024-03-18T20:00:00.000Z,vlog|live|official,13739,1050,107,61,https://i.ytimg.com/vi/J_u6PlIMNca/default.jpg,False,False,False,Auto-generated sample description for Entertainment video.
ZEtL_c9F9Y9,25.20.01,Entertainment Compilation 2024,Channel_2087,1,2025-01-18T17:00:00.000Z,review|trending|2024,392306,14310,1321,5378,https://i.ytimg.com/vi/A5fPFJsSom6/default.jpg,False,False,False,Auto-generated sample description for Entertainment video.
632ZhkpyUuW,24.30.09,Why This Entertainment Video Went Viral,Channel_1034,6,2024-09-30T05:00:00.000Z,official|trending|vlog,102357,7526,613,1042,https://i.ytimg.com/vi/Ao53_bT15Oo/default.jpg,False,False,False,Auto-generated sample description for Entertainment video.
1-fMJ599oIe,25.02.02,Why This Entertainment Video Went Viral,Channel_3689,1,2025-01-30T14:00:00.000Z,review|2024|music,651014,34183,1345,4109,https://i.ytimg.com/vi/rUckUVKGKeP/default.jpg,False,False,False,Auto-generated sample description for Entertainment video.
HIITRR8X0AE,24.07.05,Why This Sports Video Went Viral,Channel_2225,14,2024-05-03T16:00:00.000Z,live|music|official,41372,3219,371,462,https://i.ytimg.com/vi/dRBb5u88qs8/default.jpg,False,False,False,Auto-generated sample description for Sports video.
Iu2ZcE02dx7,24.19.07,Pets & Animals Compilation 2024,Channel_2509,19,2024-07-18T18:00:00.000Z,official|trending|live,16618,1302,108,112,https://i.ytimg.com/vi/KzUfh9Yn3TC/default.jpg,False,False,False,Auto-generated sample description for Pets & Animals video.
-n1KioXy2Qc,24.28.02,Reacting to Comedy Trends,Channel_3857,12,2024-02-27T07:00:00.000Z,review|live|official,1957,118,9,32,https://i.ytimg.com/vi/wSemXjS28h9/default.jpg,False,False,False,Auto-generated sample description for Comedy video.
izBNcsA9MDw,24.26.02,Entertainment Compilation 2024,Channel_4704,3,2024-02-22T16:00:00.000Z,review|vlog|live,19931,1258,96,195,https://i.ytimg.com/vi/JKmalWTppwM/default.jpg,False,False,False,Auto-generated sample description for Entertainment video.
7mH3TSmksdy,24.13.01,Top 10 Gaming Moments This Week,Channel_4612,16,2024-01-13T04:00:00.000Z,review|vlog|music,8046,206,51,50,https://i.ytimg.com/vi/VX33GtBLyA9/default.jpg,False,False,False,Auto-generated sample description for Gaming video.
MXF89ENPgFb,25.16.01,Reacting to Entertainment Trends,Channel_1469,3,2025-01-14T13:00:00.000Z,review|2024|vlog,8874,582,29,135,https://i.ytimg.com/vi/rk6AjZuTfQT/default.jpg,False,False,False,Auto-generated sample description for Entertainment video.
NF7sY7-EIkv,24.02.12,Behind the Scenes: Gaming,Channel_3574,16,2024-11-28T18:00:00.000Z,2024|live|trending,12721,213,58,130,https://i.ytimg.com/vi/-9G_XkgLc4W/default.jpg,False,False,False,Auto-generated sample description for Gaming video.
WOxKmO-Cjgs,24.15.07,Official Comedy Highlights,Channel_2341,9,2024-07-11T22:00:00.000Z,music|official|review,3854,181,32,67,https://i.ytimg.com/vi/b6nirJFF6hx/default.jpg,False,False,False,Auto-generated sample description for Comedy video.
TOdkAVAikdo,24.17.02,Reacting to People & Blogs Trends,Channel_2649,5,2024-02-14T10:00:00.000Z,trending|official|vlog,14511,215,38,226,https://i.ytimg.com/vi/Y4ClC9hfi7J/default.jpg,False,False,False,Auto-generated sample description for People & Blogs video.
_Daxn4B6BE9,24.26.02,Reacting to Entertainment Trends,Channel_363,1,2024-02-26T15:00:00.000Z,music|review|vlog,41098,2848,318,347,https://i.ytimg.com/vi/Lv0ujuuHba1/default.jpg,False,False,False,Auto-generated sample description for Entertainment video.
ZgvOkIFRfJ8,24.30.09,Official Pets & Animals Highlights,Channel_526,19,2024-09-28T19:00:00.000Z,review|trending|music,12392,974,70,162,https://i.ytimg.com/vi/eMRgkOFioP0/default.jpg,False,False,False,Auto-generated sample description for Pets & Animals video.
J_-31gPGQWt,24.22.07,Why This Comedy Video Went Viral,Channel_3869,23,2024-07-22T17:00:00.000Z,official|music|review,565075,12611,3582,3541,https://i.ytimg.com/vi/vwNZHhXH1o-/default.jpg,False,False,False,Auto-generated sample description for Comedy video.
_noMmWhVcj_,24.12.03,Reacting to Comedy Trends,Channel_2706,12,2024-03-08T22:00:00.000Z,official|2024|music,30627,678,96,36,https://i.ytimg.com/vi/vZ-WPfHILlM/default.jpg,False,False,False,Auto-generated sample description for Comedy video.
sZ_chSfiQpD,24.29.07,Comedy Compilation 2024,Channel_4193,23,2024-07-26T00:00:00.000Z,vlog|2024|live,6921,365,54,124,https://i.ytimg.com/vi/0G4fLsGi0oL/default.jpg,False,False,True,Auto-generated sample description for Comedy video.
k4bf2jHC2U8,24.06.06,Top 10 Comedy Moments This Week,Channel_1849,23,2024-06-05T16:00:00.000Z,trending|vlog|2024,166018,4659,813,1252,https://i.ytimg.com/vi/Y0ngOGp6kPe/default.jpg,False,False,False,Auto-generated sample description for Comedy video.
Soaa58GwKVU,24.07.11,Entertainment Compilation 2024,Channel_3579,3,2024-11-05T11:00:00.000Z,music|trending|2024,8349,544,6,137,https://i.ytimg.com/vi/99f32-qluwD/default.jpg,False,False,False,Auto-generated sample description for Entertainment video.
toUu5wU-Cz2,24.16.04,Sports Compilation 2024,Channel_2297,14,2024-04-16T15:00:00.000Z,review|vlog|music,1050,41,2,6,https://i.ytimg.com/vi/nvfSIK7Ydlw/default.jpg,False,False,False,Auto-generated sample description for Sports video.
B1mbetT-eiZ,25.06.01,Reacting to Sports Trends,Channel_1380,4,2025-01-06T20:00:00.000Z,vlog|music|2024,17772,757,150,176,https://i.ytimg.com/vi/E6hCVRTnOpY/default.jpg,False,False,False,Auto-generated sample description for Sports video.
ZSYyXgqUFW-,24.29.04,Top 10 Entertainment Moments This Week,Channel_1183,6,2024-04-27T05:00:00.000Z,review|music|trending,13468,337,112,173,https://i.ytimg.com/vi/swPJUfcXIc4/default.jpg,False,False,False,Auto-generated sample description for Entertainment video.
_mzKphga3XP,24.18.06,Behind the Scenes: Autos & Vehicles,Channel_2400,2,2024-06-18T13:00:00.000Z,trending|official|live,10808,710,8,69,https://i.ytimg.com/vi/DdaJ3hCO1a_/default.jpg,False,False,False,Auto-generated sample description for Autos & Vehicles video.
VaKK7gOFhH8,24.15.07,Official Science & Technology Highlights,Channel_1037,24,2024-07-12T10:00:00.000Z,2024|vlog|trending,1250,89,6,18,https://i.ytimg.com/vi/du62HVoyagP/default.jpg,False,False,False,Auto-generated sample description for Science & Technology video.
P-QM9AaKx-N,24.22.10,Official Sports Highlights,Channel_3136,14,2024-10-22T03:00:00.000Z,live|trending|review,16542,454,163,288,https://i.ytimg.com/vi/Pa4uSOCxbVr/default.jpg,False,False,False,Auto-generated sample description for Sports video.
yQuG7kl48Sb,25.24.01,Reacting to Entertainment Trends,Channel_2961,3,2025-01-22T03:00:00.000Z,music|live|trending,16199,1225,133,173,https://i.ytimg.com/vi/pIldTlLnqca/default.jpg,False,False,False,Auto-generated sample description for Entertainment video.
iQ2BBt80sWH,24.12.02,People & Blogs Compilation 2024,Channel_1853,5,2024-02-10T05:00:00.000Z,trending|2024|review,46270,1455,436,806,https://i.ytimg.com/vi/zftVwAgWgU0/default.jpg,False,False,False,Auto-generated sample description for People & Blogs video.
pA9AMlrOiC3,24.01.05,Entertainment Compilation 2024,Channel_4740,6,2024-04-27T05:00:00.000Z,official|live|2024,90525,4390,547,558,https://i.ytimg.com/vi/MA2SykNOJV1/default.jpg,False,False,False,Auto-generated sample description for Entertainment video.
nLWDn590DEf,24.13.02,Top 10 Sports Moments This Week,Channel_1626,14,2024-02-10T01:00:00.000Z,music|official|live,17786,906,59,252,https://i.ytimg.com/vi/AECEnXasPdt/default.jpg,False,False,False,Auto-generated sample description for Sports video.
3W2M7f_tXfu,24.13.02,Comedy Compilation 2024,Channel_2577,23,2024-02-11T04:00:00.000Z,2024|vlog|trending,6746,192,26,129,https://i.ytimg.com/vi/12z0dTA-yhs/default.jpg,False,False,False,Auto-generated sample description for Comedy video.
vL7_g7UmYrn,24.04.09,Official Sports Highlights,Channel_4616,4,2024-09-01T09:00:00.000Z,trending|vlog|2024,8119,450,57,87,https://i.ytimg.com/vi/yZ6wi2XbbWZ/default.jpg,False,False,False,Auto-generated sample description for Sports video.
-gNuVvIWPc2,24.04.02,Behind the Scenes: Entertainment,Channel_616,6,2024-02-01T07:00:00.000Z,vlog|2024|trending,49429,1576,346,342,https://i.ytimg.com/vi/ruKm64bBpfh/default.jpg,False,False,False,Auto-generated sample description for Entertainment video.
SHG6fIFyG1O,24.08.04,Behind the Scenes: Comedy,Channel_3090,9,2024-04-07T18:00:00.000Z,vlog|2024|live,4536,275,35,58,https://i.ytimg.com/vi/XhxmBid221M/default.jpg,False,False,False,Auto-generated sample description for Comedy video.
MCd_bB4wQE4,24.23.07,Official Entertainment Highlights,Channel_1039,6,2024-07-21T10:00:00.000Z,2024|vlog|trending,94566,5623,96,1521,https://i.ytimg.com/vi/_cKkQO-mE4z/default.jpg,False,False,False,Auto-generated sample description for Entertainment video.
RXrI9JGFzo_,24.12.09,Behind the Scenes: Entertainment,Channel_1303,6,2024-09-09T15:00:00.000Z,2024|live|music,194589,11815,1753,1132,https://i.ytimg.com/vi/T903reNb4JZ/default.jpg,False,True,False,Auto-generated sample description for Entertainment video.
Xro-O2RqORM,24.25.03,Top 10 Entertainment Moments This Week,Channel_2156,1,2024-03-24T12:00:00.000Z,official|trending|2024,298887,11169,2314,1897,https://i.ytimg.com/vi/Z6wwh7ur18I/default.jpg,False,False,False,Auto-generated sample description for Entertainment video.
Du4D0BErzXr,24.04.07,Top 10 Entertainment Moments This Week,Channel_2934,3,2024-06-30T03:00:00.000Z,vlog|official|2024,85669,1165,608,1668,https://i.ytimg.com/vi/1x03lhDUZV_/default.jpg,False,False,False,Auto-generated sample description for Entertainment video.
kNu0s9DUaZe,24.20.07,Official Entertainment Highlights,Channel_633,6,2024-07-17T07:00:00.000Z,live|2024|vlog,35352,2817,206,178,https://i.ytimg.com/vi/KXe3jKekagn/default.jpg,False,False,False,Auto-generated sample description for Entertainment video.
NFegm8IZq-M,24.25.12,Reacting to Comedy Trends,Channel_1281,23,2024-12-23T05:00:00.000Z,review|music|official,2783,194,21,48,https://i.ytimg.com/vi/xqR6zh_zun0/default.jpg,False,False,False,Auto-generated sample description for Comedy video.
f5hZip_lBGa,24.08.04,Reacting to Sports Trends,Channel_1203,4,2024-04-06T20:00:00.000Z,official|music|vlog,1089949,39692,1170,6743,https://i.ytimg.com/vi/0Iws61GFNN0/default.jpg,False,False,False,Auto-generated sample description for Sports video.
OyK_-Hkk0bu,24.10.01,Behind the Scenes: Entertainment,Channel_3064,3,2024-01-10T02:00:00.000Z,vlog|trending|official,59722,4619,199,916,https://i.ytimg.com/vi/y_RT_OxhHiS/default.jpg,False,False,False,Auto-generated sample description for Entertainment video.
vDgmZJDcFr_,24.27.01,Sports Compilation 2024,Channel_2288,14,2024-01-27T15:00:00.000Z,official|vlog|review,5706,218,28,30,https://i.ytimg.com/vi/DDsNS62_KgL/default.jpg,False,False,False,Auto-generated sample description for Sports video.
YJ9tBLnb05j,24.23.09,Official Comedy Highlights,Channel_264,23,2024-09-19T15:00:00.000Z,trending|review|2024,47255,3546,342,572,https://i.ytimg.com/vi/LLwvFiWHqpq/default.jpg,False,False,False,Auto-generated sample description for Comedy video.
gxKjaRU8lUH,24.04.01,Top 10 Entertainment Moments This Week,Channel_2167,6,2024-01-01T12:00:00.000Z,vlog|official|2024,6976,278,44,112,https://i.ytimg.com/vi/SosCKAHJh7d/default.jpg,False,False,False,Auto-generated sample description for Entertainment video.
EQLEP5IPc8A,24.15.08,Reacting to Entertainment Trends,Channel_1012,1,2024-08-11T21:00:00.000Z,live|trending|review,554114,19845,1833,2245,https://i.ytimg.com/vi/jmjxYNtmkOG/default.jpg,False,False,False,Auto-generated sample description for Entertainment video.
6g-hVd4dVcZ,24.21.07,Top 10 Comedy Moments This Week,Channel_3153,12,2024-07-21T08:00:00.000Z,vlog|live|review,941,26,7,13,https://i.ytimg.com/vi/4ZwGzq2Q5ta/default.jpg,False,False,False,Auto-generated sample description for Comedy video.
9E4__Quy3yX,24.22.09,Behind the Scenes: Entertainment,Channel_892,6,2024-09-20T21:00:00.000Z,review|trending|official,24761,1317,101,456,https://i.ytimg.com/vi/UJInCU5tvZs/default.jpg,False,True,False,Auto-generated sample description for Entertainment video.
Ov9K5_mUQCy,24.24.11,Top 10 Comedy Moments This Week,Channel_579,12,2024-11-23T10:00:00.000Z,vlog|2024|trending,7731,584,74,148,https://i.ytimg.com/vi/DjBM_QXi2m7/default.jpg,False,False,False,Auto-generated sample description for Comedy video.
fv_2NT7haSp,25.08.01,Reacting to Entertainment Trends,Channel_1026,3,2025-01-04T22:00:00.000Z,official|live|trending,40594,3072,160,619,https://i.ytimg.com/vi/g1ymaQB_XAv/default.jpg,False,False,False,Auto-generated sample description for Entertainment video.
_KXxwY8Oylj,24.19.03,Reacting to Entertainment Trends,Channel_2851,1,2024-03-16T22:00:00.000Z,live|vlog|official,11016,489,108,52,https://i.ytimg.com/vi/A-rd4P5ymNM/default.jpg,False,False,False,Auto-generated sample description for Entertainment video.
WIOXwHzJas_,24.31.08,Sports Compilation 2024,Channel_610,4,2024-08-29T09:00:00.000Z,review|official|2024,29495,567,158,557,https://i.ytimg.com/vi/D0Qa4hPotSl/default.jpg,False,False,False,Auto-generated sample description for Sports video.
35qc9TnJJV1,24.22.04,Sports Compilation 2024,Channel_633,14,2024-04-21T10:00:00.000Z,trending|2024|vlog,17114,1264,73,211,https://i.ytimg.com/vi/6WblQgIEIak/default.jpg,True,False,False,Auto-generated sample description for Sports video.
M7V1YU6yr99,24.04.03,Why This Entertainment Video Went Viral,Channel_685,6,2024-03-01T03:00:00.000Z,review|music|official,75550,3813,280,438,https://i.ytimg.com/vi/a3PctEFgM2x/default.jpg,False,False,False,Auto-generated sample description for Entertainment video.
WQC7CbPALva,24.27.12,Entertainment Compilation 2024,Channel_4327,3,2024-12-24T14:00:00.000Z,music|vlog|2024,8676,158,86,48,https://i.ytimg.com/vi/tzhWoTh9og3/default.jpg,False,False,False,Auto-generated sample description for Entertainment video.
hQhIpp6843z,24.21.05,Official Entertainment Highlights,Channel_4870,6,2024-05-19T17:00:00.000Z,trending|official|2024,10726,243,91,178,https://i.ytimg.com/vi/4eXg7I1ittC/default.jpg,True,False,False,Auto-generated sample description for Entertainment video.
5tGB6SZY3w5,25.22.01,Why This Travel & Events Video Went Viral,Channel_4115,15,2025-01-22T17:00:00.000Z,live|vlog|review,12629,836,11,222,https://i.ytimg.com/vi/be4iPG-QTco/default.jpg,False,False,False,Auto-generated sample description for Travel & Events video.
tliPW5iJcux,24.17.08,Why This Entertainment Video Went Viral,Channel_3324,1,2024-08-14T19:00:00.000Z,official|trending|music,104709,5792,389,1857,https://i.ytimg.com/vi/E5k1PhJvBnV/default.jpg,False,False,False,Auto-generated sample description for Entertainment video.
CpiUnjEWcdJ,24.13.06,Comedy Compilation 2024,Channel_4868,12,2024-06-10T03:00:00.000Z,music|official|2024,38334,2999,227,405,https://i.ytimg.com/vi/NKHhSiQmCGt/default.jpg,False,False,False,Auto-generated sample description for Comedy video.
ju3gc2g2jLN,24.06.04,Official Comedy Highlights,Channel_3514,12,2024-04-06T16:00:00.000Z,vlog|2024|review,2295,173,22,35,https://i.ytimg.com/vi/mn97tJua08g/default.jpg,False,False,False,Auto-generated sample description for Comedy video.
tJbG9-P9wKa,24.17.04,Official People & Blogs Highlights,Channel_1889,5,2024-04-15T22:00:00.000Z,music|live|review,26875,1197,252,211,https://i.ytimg.com/vi/Ui0l5S3wtNM/default.jpg,False,False,False,Auto-generated sample description for People & Blogs video.
SBxUjekbrZD,24.13.08,Top 10 Science & Technology Moments This Week,Channel_2150,24,2024-08-09T19:00:00.000Z,trending|live|vlog,1451,107,7,13,https://i.ytimg.com/vi/4-8hPNv2wEU/default.jpg,False,False,False,Auto-generated sample description for Science & Technology video.
lEappOR9ZJm,24.19.11,Reacting to Gaming Trends,Channel_3037,22,2024-11-17T20:00:00.000Z,review|music|live,53170,3280,170,660,https://i.ytimg.com/vi/UVFuA8UbB_F/default.jpg,False,False,False,Auto-generated sample description for Gaming video.
CsJEGsmAS93,24.15.12,Why This Sports Video Went Viral,Channel_3582,4,2024-12-14T09:00:00.000Z,live|trending|music,1238,34,2,9,https://i.ytimg.com/vi/-zCVcb1HPPf/default.jpg,False,False,False,Auto-generated sample description for Sports video.
8uWxUS4xy5c,24.04.02,Entertainment Compilation 2024,Channel_1289,1,2024-02-02T09:00:00.000Z,vlog|review|official,9915,248,29,185,https://i.ytimg.com/vi/7BWchVTrr1s/default.jpg,False,False,False,Auto-generated sample description for Entertainment video.
VcikVzr5dBM,24.27.12,Official Sports Highlights,Channel_2340,4,2024-12-25T09:00:00.000Z,2024|review|official,2332,69,6,16,https://i.ytimg.com/vi/W1B-lE48bdQ/default.jpg,False,False,False,Auto-generated sample description for Sports video.
wtCXQ5Uy-XI,24.11.05,Why This Entertainment Video Went Viral,Channel_2722,3,2024-05-10T21:00:00.000Z,music|live|official,34482,2671,55,603,https://i.ytimg.com/vi/XtvtbAJ0GIq/default.jpg,False,False,False,Auto-generated sample description for Entertainment video.
jWf3zHRjeXz,24.19.09,Behind the Scenes: Comedy,Channel_1245,9,2024-09-19T15:00:00.000Z,trending|live|music,8451,392,22,128,https://i.ytimg.com/vi/WsWbNx-V_nh/default.jpg,False,False,False,Auto-generated sample description for Comedy video.
1wOeXMjrBOv,24.26.08,Behind the Scenes: Comedy,Channel_4332,23,2024-08-24T19:00:00.000Z,trending|review|vlog,65044,2067,649,960,https://i.ytimg.com/vi/aXdila6mKwA/default.jpg,False,False,False,Auto-generated sample description for Comedy video.
QKHIA-rozw3,24.18.01,Reacting to Gaming Trends,Channel_4050,22,2024-01-18T18:00:00.000Z,2024|review|live,6992,186,48,54,https://i.ytimg.com/vi/CjjhMDMEf8-/default.jpg,False,False,False,Auto-generated sample description for Gaming video.
pei8J7vlDnp,24.10.02,Top 10 Entertainment Moments This Week,Channel_3166,3,2024-02-07T15:00:00.000Z,official|trending|2024,15666,328,72,270,https://i.ytimg.com/vi/NXaBhqBnrj-/default.jpg,False,False,False,Auto-generated sample description for Entertainment video.
r_OlkOvd1Bd,24.21.06,Why This Entertainment Video Went Viral,Channel_954,6,2024-06-20T08:00:00.000Z,2024|official|live,5298,117,42,49,https://i.ytimg.com/vi/6vYlnbSCmfc/default.jpg,False,False,False,Auto-generated sample description for Entertainment video.
PiCYvtycjB5,24.19.07,Official Entertainment Highlights,Channel_1447,1,2024-07-18T03:00:00.000Z,music|trending|vlog,29297,511,132,387,https://i.ytimg.com/vi/lNajJXXkEZe/default.jpg,False,False,False,Auto-generated sample description for Entertainment video.
KUga3ASDEAU,24.01.10,Official Autos & Vehicles Highlights,Channel_918,8,2024-09-27T01:00:00.000Z,2024|vlog|live,14289,811,129,160,https://i.ytimg.com/vi/1qPieNIWp-F/default.jpg,False,False,False,Auto-generated sample description for Autos & Vehicles video.
mACqdY4zhtL,24.13.11,Official Entertainment Highlights,Channel_3914,1,2024-11-12T05:00:00.000Z,official|music|live,115684,4025,302,248,https://i.ytimg.com/vi/R11REEgCXCU/default.jpg,False,False,False,Auto-generated sample description for Entertainment video.
cbdMnYsW-Uf,24.12.12,Official Comedy Highlights,Channel_2541,23,2024-12-10T20:00:00.000Z,2024|trending|live,47777,3738,378,890,https://i.ytimg.com/vi/pIYUacCGVUL/default.jpg,False,False,False,Auto-generated sample description for Comedy video.
crBvamWSnaZ,24.14.01,Reacting to Travel & Events Trends,Channel_130,21,2024-01-11T03:00:00.000Z,review|trending|music,4583,150,15,66,https://i.ytimg.com/vi/-Se6RpuX78T/default.jpg,False,False,False,Auto-generated sample description for Travel & Events video.
sKz3S2_vbsa,24.26.02,Why This Entertainment Video Went Viral,Channel_4553,3,2024-02-25T03:00:00.000Z,2024|music|vlog,3849,51,5,53,https://i.ytimg.com/vi/DXRDK-WLlGL/default.jpg,False,False,False,Auto-generated sample description for Entertainment video.
4LRBiLUVTbg,24.17.12,Official Education Highlights,Channel_1190,13,2024-12-16T04:00:00.000Z,vlog|trending|music,9250,222,7,168,https://i.ytimg.com/vi/2SN8zO2Gr5r/default.jpg,False,False,False,Auto-generated sample description for Education video.
duHPhoH3M4f,24.27.11,Top 10 Comedy Moments This Week,Channel_1623,9,2024-11-27T13:00:00.000Z,2024|music|review,51188,3090,147,955,https://i.ytimg.com/vi/Lo-h2bvwUvQ/default.jpg,False,False,False,Auto-generated sample description for Comedy video.
l51xxdSMi-V,24.14.10,Why This Howto & Style Video Went Viral,Channel_259,17,2024-10-10T18:00:00.000Z,music|2024|live,7471,455,59,14,https://i.ytimg.com/vi/5eSIvo5yABZ/default.jpg,False,False,False,Auto-generated sample description for Howto & Style video.
u2T3nrhWKXJ,25.04.01,Reacting to Entertainment Trends,Channel_3349,6,2025-01-03T13:00:00.000Z,review|2024|vlog,7764,353,35,110,https://i.ytimg.com/vi/H7TWvQgHThj/default.jpg,False,False,False,Auto-generated sample description for Entertainment video.
tT7bv3pbsSQ,24.10.06,Official Entertainment Highlights,Channel_2056,3,2024-06-08T21:00:00.000Z,live|trending|review,26630,1420,232,47,https://i.ytimg.com/vi/PQsbFx0Rppe/default.jpg,False,False,False,Auto-generated sample description for Entertainment video.
fRyb3-CbCgD,24.27.08,Behind the Scenes: Comedy,Channel_4320,12,2024-08-24T14:00:00.000Z,official|music|vlog,18594,717,30,248,https://i.ytimg.com/vi/387ZsipcQb-/default.jpg,False,False,False,Auto-generated sample description for Comedy video.
NSJd3oNF638,24.24.10,Top 10 Entertainment Moments This Week,Channel_4525,1,2024-10-21T02:00:00.000Z,vlog|official|live,26819,595,55,64,https://i.ytimg.com/vi/oOV0_2O7uWx/default.jpg,False,False,False,Auto-generated sample description for Entertainment video.
D-fykfP0ZPn,24.15.09,Why This Comedy Video Went Viral,Channel_516,9,2024-09-15T18:00:00.000Z,vlog|live|official,24026,439,49,250,https://i.ytimg.com/vi/yc5YDt4Xk3e/default.jpg,False,False,False,Auto-generated sample description for Comedy video.
auIxE2E4GB7,24.07.03,Top 10 Entertainment Moments This Week,Channel_4376,3,2024-03-03T02:00:00.000Z,music|review|live,137882,8847,478,283,https://i.ytimg.com/vi/jHyKjyS9p3s/default.jpg,False,False,False,Auto-generated sample description for Entertainment video.
vd4AG79DSNp,24.18.09,Why This Comedy Video Went Viral,Channel_2652,12,2024-09-16T01:00:00.000Z,official|2024|review,15829,738,123,122,https://i.ytimg.com/vi/5yimYPwZZD8/default.jpg,False,True,False,Auto-generated sample description for Comedy video.
ICyfpMU8nZV,24.26.09,Pets & Animals Compilation 2024,Channel_81,19,2024-09-26T17:00:00.000Z,trending|review|music,80460,2202,264,1166,https://i.ytimg.com/vi/HieqKKZxv3i/default.jpg,False,False,False,Auto-generated sample description for Pets & Animals video.
6B3zkHylky5,24.27.08,Top 10 Entertainment Moments This Week,Channel_1243,1,2024-08-24T10:00:00.000Z,trending|vlog|live,1559,21,13,23,https://i.ytimg.com/vi/aNRaDaDJokZ/default.jpg,False,False,False,Auto-generated sample description for Entertainment video.
0mAD8qu-njU,24.23.07,Why This Entertainment Video Went Viral,Channel_1701,6,2024-07-19T14:00:00.000Z,vlog|trending|live,2305,45,18,4,https://i.ytimg.com/vi/UFewlzY-i0g/default.jpg,False,False,False,Auto-generated sample description for Entertainment video.
6Zbt_Nb8u0G,24.02.08,Behind the Scenes: Sports,Channel_4169,14,2024-07-30T10:00:00.000Z,music|review|official,3369,89,17,18,https://i.ytimg.com/vi/dFl19jwF4CQ/default.jpg,False,False,False,Auto-generated sample description for Sports video.
tx5mJ2SFOF1,24.03.04,Behind the Scenes: Entertainment,Channel_4232,3,2024-04-01T08:00:00.000Z,vlog|live|review,495592,11893,2480,735,https://i.ytimg.com/vi/wf4vM1mkR3u/default.jpg,False,False,False,Auto-generated sample description for Entertainment video.
JX-ekJjtaGL,24.24.04,Comedy Compilation 2024,Channel_862,9,2024-04-24T01:00:00.000Z,review|live|music,10647,524,94,118,https://i.ytimg.com/vi/z1qK5NQZxB5/default.jpg,False,False,False,Auto-generated sample description for Comedy video.
q560d1yQiE0,24.11.05,Behind the Scenes: Comedy,Channel_4662,12,2024-05-07T07:00:00.000Z,review|trending|music,4299,248,4,17,https://i.ytimg.com/vi/2U8Lj0GC1ZF/default.jpg,False,False,False,Auto-generated sample description for Comedy video.
ITCR959_UrJ,24.21.02,Why This Sports Video Went Viral,Channel_4138,4,2024-02-20T09:00:00.000Z,live|2024|music,4122,59,15,12,https://i.ytimg.com/vi/y4LNvyWeKqI/default.jpg,False,True,False,Auto-generated sample description for Sports video.
htp9wQjYnaD,24.15.12,Pets & Animals Compilation 2024,Channel_3368,19,2024-12-11T06:00:00.000Z,live|review|trending,45050,2356,237,90,https://i.ytimg.com/vi/LaCdMB-Glu3/default.jpg,False,False,False,Auto-generated sample description for Pets & Animals video.
Opb0n7a_AAk,24.26.05,Top 10 Entertainment Moments This Week,Channel_1048,6,2024-05-24T03:00:00.000Z,trending|official|music,309695,12507,827,5196,https://i.ytimg.com/vi/v8ULxTfiZV5/default.jpg,False,False,False,Auto-generated sample description for Entertainment video.
jb_aRYhRO9A,24.22.10,Behind the Scenes: News & Politics,Channel_2326,11,2024-10-20T14:00:00.000Z,music|review|trending,377329,26224,2802,6635,https://i.ytimg.com/vi/Zad3Wo0iRyk/default.jpg,False,False,False,Auto-generated sample description for News & Politics video.
VW7lkLBDX5Q,24.23.08,Entertainment Compilation 2024,Channel_2724,1,2024-08-19T05:00:00.000Z,review|official|vlog,9581,739,82,149,https://i.ytimg.com/vi/YcXyIx1cVyE/default.jpg,False,False,False,Auto-generated sample description for Entertainment video.
3ZWgo7OeKnL,24.12.08,Reacting to Entertainment Trends,Channel_161,1,2024-08-12T04:00:00.000Z,live|2024|review,57196,1482,247,682,https://i.ytimg.com/vi/N4HQnrXpE5h/default.jpg,False,False,False,Auto-generated sample description for Entertainment video.
LLBiukzJPQ4,24.10.04,Behind the Scenes: Entertainment,Channel_4888,1,2024-04-09T08:00:00.000Z,music|review|2024,259622,8933,164,3635,https://i.ytimg.com/vi/xRZX-qFhWA1/default.jpg,False,False,False,Auto-generated sample description for Entertainment video.
VngKmEZ-69W,24.07.10,Gaming Compilation 2024,Channel_4967,22,2024-10-03T01:00:00.000Z,official|trending|live,11642,817,22,83,https://i.ytimg.com/vi/qqIX9B7k18O/default.jpg,False,False,False,Auto-generated sample description for Gaming video.
NQHduJMArW5,24.15.06,Gaming Compilation 2024,Channel_4682,22,2024-06-15T02:00:00.000Z,official|music|live,241444,12684,2314,2065,https://i.ytimg.com/vi/XX-I2Yb92Dk/default.jpg,False,False,False,Auto-generated sample description for Gaming video.
KgKLH7Jx6g5,24.03.09,Top 10 Howto & Style Moments This Week,Channel_2968,17,2024-09-02T04:00:00.000Z,official|review|vlog,125,5,0,0,https://i.ytimg.com/vi/t90ihQG6u8J/default.jpg,False,False,False,Auto-generated sample description for Howto & Style video.
pGWaE5vdDO0,24.27.01,Behind the Scenes: Entertainment,Channel_4902,3,2024-01-23T09:00:00.000Z,trending|vlog|music,23313,1370,126,346,https://i.ytimg.com/vi/cV_96a8Tdny/default.jpg,False,False,False,Auto-generated sample description for Entertainment video.
PY59MYFl99i,24.06.07,Behind the Scenes: Entertainment,Channel_3304,6,2024-07-04T03:00:00.000Z,live|2024|vlog,22244,873,19,74,https://i.ytimg.com/vi/40iZDCYApEb/default.jpg,False,False,False,Auto-generated sample description for Entertainment video.
1MdGZYUJ-5d,24.04.07,Why This Gaming Video Went Viral,Channel_1844,16,2024-07-03T20:00:00.000Z,2024|official|vlog,17370,417,26,288,https://i.ytimg.com/vi/FGRKnqn7Wvg/default.jpg,False,False,False,Auto-generated sample description for Gaming video.
FGubducTFXP,24.09.09,Official Comedy Highlights,Channel_2367,12,2024-09-09T18:00:00.000Z,vlog|official|2024,15139,1129,32,243,https://i.ytimg.com/vi/21fekvBylOr/default.jpg,False,True,False,Auto-generated sample description for Comedy video.
6PIs721lw95,24.28.01,Reacting to Entertainment Trends,Channel_4675,1,2024-01-27T20:00:00.000Z,vlog|live|review,144672,2751,1391,249,https://i.ytimg.com/vi/CEQ3NtclIGP/default.jpg,False,False,False,Auto-generated sample description for Entertainment video.
wUg1KibBjNi,24.03.07,Reacting to Gaming Trends,Channel_3989,22,2024-07-02T12:00:00.000Z,live|vlog|review,1754,52,11,7,https://i.ytimg.com/vi/0VrBG2VUK2i/default.jpg,False,False,False,Auto-generated sample description for Gaming video.
06w3HMgjwoM,24.28.04,Reacting to Entertainment Trends,Channel_1722,3,2024-04-26T07:00:00.000Z,review|official|live,45455,900,327,171,https://i.ytimg.com/vi/RHxR3q2a_kF/default.jpg,False,False,False,Auto-generated sample description for Entertainment video.
jFGf7IlOcVr,24.01.12,Reacting to Entertainment Trends,Channel_2134,3,2024-12-01T16:00:00.000Z,music|official|vlog,4908,196,43,67,https://i.ytimg.com/vi/I1SjqhZc3nm/default.jpg,False,False,False,Auto-generated sample description for Entertainment video.
4tQEaDpOIWN,24.12.03,Top 10 Gaming Moments This Week,Channel_4882,22,2024-03-10T14:00:00.000Z,review|official|vlog,251507,16363,1494,936,https://i.ytimg.com/vi/qcPGchvAnTg/default.jpg,False,False,False,Auto-generated sample description for Gaming video.
ydeEIAxuXsd,24.07.03,Why This Entertainment Video Went Viral,Channel_2985,6,2024-03-03T01:00:00.000Z,review|vlog|official,14608,526,78,60,https://i.ytimg.com/vi/SWsM_VXS4CD/default.jpg,False,False,False,Auto-generated sample description for Entertainment video.
SkT44xbR9xF,24.26.07,Behind the Scenes: People & Blogs,Channel_3652,5,2024-07-22T18:00:00.000Z,trending|live|music,5368,409,40,83,https://i.ytimg.com/vi/j3ULZc5LR1u/default.jpg,False,False,False,Auto-generated sample description for People & Blogs video.
u5m5T5Qgeqe,24.04.02,Comedy Compilation 2024,Channel_2797,9,2024-01-31T15:00:00.000Z,vlog|live|music,326336,5675,2181,929,https://i.ytimg.com/vi/GZg7KAcZHG9/default.jpg,False,False,False,Auto-generated sample description for Comedy video.
GIb9Em9kapi,24.19.01,Top 10 Film & Animation Moments This Week,Channel_475,25,2024-01-15T16:00:00.000Z,review|live|2024,7212,109,64,22,https://i.ytimg.com/vi/-xjYGq3kY11/default.jpg,False,False,False,Auto-generated sample description for Film & Animation video.
x4R1UrdFnyb,24.30.10,Reacting to Entertainment Trends,Channel_43,1,2024-10-29T19:00:00.000Z,music|vlog|2024,66675,3186,246,343,https://i.ytimg.com/vi/kCwlQufh_Li/default.jpg,False,False,False,Auto-generated sample description for Entertainment video.
eWdLsEmY-rB,24.12.01,Top 10 Travel & Events Moments This Week,Channel_2464,15,2024-01-11T18:00:00.000Z,2024|vlog|official,6553,188,6,39,https://i.ytimg.com/vi/J8oeWgYh36E/default.jpg,False,False,False,Auto-generated sample description for Travel & Events video.
ppfh6udG8fn,24.29.05,Reacting to Sports Trends,Channel_779,4,2024-05-26T02:00:00.000Z,2024|music|official,29651,1423,250,570,https://i.ytimg.com/vi/YI72QV6U5cC/default.jpg,False,False,False,Auto-generated sample description for Sports video.
J-kcB9KZOuB,24.05.01,Official Entertainment Highlights,Channel_4408,1,2024-01-03T11:00:00.000Z,music|official|vlog,30011,768,30,540,https://i.ytimg.com/vi/ByHBdHwd7ea/default.jpg,False,False,False,Auto-generated sample description for Entertainment video.
Sz3Ll2ArRkn,24.25.06,Entertainment Compilation 2024,Channel_1156,6,2024-06-21T08:00:00.000Z,review|vlog|live,48337,1463,425,716,https://i.ytimg.com/vi/gySul8wXCFd/default.jpg,False,False,False,Auto-generated sample description for Entertainment video.
b2knvVcMMDh,24.02.02,Comedy Compilation 2024,Channel_2610,9,2024-02-02T01:00:00.000Z,vlog|2024|review,16072,609,60,20,https://i.ytimg.com/vi/qlmr4nZnam6/default.jpg,False,False,False,Auto-generated sample description for Comedy video.
Qt19z5ojb5a,24.06.09,Entertainment Compilation 2024,Channel_4376,3,2024-09-06T14:00:00.000Z,2024|trending|review,102941,7205,832,1748,https://i.ytimg.com/vi/J1NmL8ESN2Q/default.jpg,False,False,False,Auto-generated sample description for Entertainment video.
4W-9CVlXXeC,24.17.12,Reacting to Entertainment Trends,Channel_1320,6,2024-12-14T05:00:00.000Z,vlog|review|live,11562,342,62,221,https://i.ytimg.com/vi/9dmHcTh4jSm/default.jpg,False,False,False,Auto-generated sample description for Entertainment video.
ChN--tR1jlU,24.04.10,Reacting to News & Politics Trends,Channel_4986,11,2024-10-04T08:00:00.000Z,vlog|official|live,15022,178,11,57,https://i.ytimg.com/vi/DLlYqc3xlP0/default.jpg,False,False,False,Auto-generated sample description for News & Politics video.
hSkBHzJA0FP,24.29.07,Comedy Compilation 2024,Channel_4321,9,2024-07-26T10:00:00.000Z,music|vlog|trending,614,29,2,6,https://i.ytimg.com/vi/_4FK-sLHm27/default.jpg,False,False,False,Auto-generated sample description for Comedy video.
0K_MqzrYEM9,24.10.12,Official Sports Highlights,Channel_4949,14,2024-12-09T07:00:00.000Z,vlog|review|live,16775,522,85,9,https://i.ytimg.com/vi/Qn1vfNSHtWr/default.jpg,False,False,False,Auto-generated sample description for Sports video.
mq7YZCIaGn4,24.23.05,Reacting to People & Blogs Trends,Channel_2067,20,2024-05-21T22:00:00.000Z,official|2024|vlog,533,27,0,3,https://i.ytimg.com/vi/RxqMZZQo0wi/default.jpg,False,False,False,Auto-generated sample description for People & Blogs video.
MPH6dPacT4H,24.14.12,Reacting to Entertainment Trends,Channel_2725,6,2024-12-10T00:00:00.000Z,vlog|trending|music,88810,4429,385,139,https://i.ytimg.com/vi/-11N6MoCFpw/default.jpg,False,False,False,Auto-generated sample description for Entertainment video.
KwqGUqKpXby,24.28.08,Why This Entertainment Video Went Viral,Channel_2035,6,2024-08-28T13:00:00.000Z,official|music|2024,234012,3582,1725,3634,https://i.ytimg.com/vi/2TN0nHmnnem/default.jpg,False,False,False,Auto-generated sample description for Entertainment video.
kvEOGKbmr68,24.21.07,Official Entertainment Highlights,Channel_1110,6,2024-07-18T03:00:00.000Z,2024|review|music,134443,8188,202,701,https://i.ytimg.com/vi/PXRyam5KI-G/default.jpg,True,False,False,Auto-generated sample description for Entertainment video.
uvfZHmXPLet,24.07.12,Reacting to Comedy Trends,Channel_4629,9,2024-12-04T08:00:00.000Z,live|2024|vlog,51821,3573,50,458,https://i.ytimg.com/vi/GPq1O5qbvEX/default.jpg,False,False,False,Auto-generated sample description for Comedy video.
UdpbaFaaQy6,24.25.02,Behind the Scenes: Entertainment,Channel_1260,1,2024-02-23T19:00:00.000Z,trending|2024|review,67065,2300,209,887,https://i.ytimg.com/vi/9utgyb6jhi2/default.jpg,False,False,False,Auto-generated sample description for Entertainment video.
WYvoUIiSih5,25.21.01,Official Sports Highlights,Channel_1040,4,2025-01-19T16:00:00.000Z,2024|vlog|live,2865,169,13,12,https://i.ytimg.com/vi/vNt0BQENvXz/default.jpg,False,False,False,Auto-generated sample description for Sports video.
IPSlgsDEUUS,24.04.03,Entertainment Compilation 2024,Channel_1217,3,2024-03-02T09:00:00.000Z,trending|vlog|live,7882,378,36,33,https://i.ytimg.com/vi/HZBm3kdSP-U/default.jpg,False,False,False,Auto-generated sample description for Entertainment video.
hMi27Pufx7m,25.05.02,Why This Entertainment Video Went Viral,Channel_2690,6,2025-02-01T07:00:00.000Z,review|official|trending,206009,8435,1263,3447,https://i.ytimg.com/vi/kjp8uJRM9IG/default.jpg,False,False,False,Auto-generated sample description for Entertainment video.
YSc_xchcT6c,24.24.09,Official Science & Technology Highlights,Channel_4669,24,2024-09-22T12:00:00.000Z,2024|official|live,5610,82,20,26,https://i.ytimg.com/vi/P5PsqQSV1dI/default.jpg,False,False,False,Auto-generated sample description for Science & Technology video.
oqBWtIxLK9e,25.24.01,Official Comedy Highlights,Channel_1110,9,2025-01-23T17:00:00.000Z,official|music|trending,18897,629,78,328,https://i.ytimg.com/vi/fY5rNI2gU8-/default.jpg,False,False,False,Auto-generated sample description for Comedy video.
FgBQ4qdmhe1,24.28.12,Top 10 Entertainment Moments This Week,Channel_2188,6,2024-12-26T15:00:00.000Z,vlog|2024|official,3391,83,15,17,https://i.ytimg.com/vi/kbHrftuybO9/default.jpg,False,False,False,Auto-generated sample description for Entertainment video.
x9WS5UTSrQ0,24.05.02,Behind the Scenes: Comedy,Channel_2653,9,2024-02-05T19:00:00.000Z,2024|trending|official,7223,264,36,104,https://i.ytimg.com/vi/d2XI9vZN8oC/default.jpg,False,False,False,Auto-generated sample description for Comedy video.
RFEK4SrHKK6,24.12.09,Official Comedy Highlights,Channel_2349,12,2024-09-12T09:00:00.000Z,review|music|official,10931,869,25,27,https://i.ytimg.com/vi/VeQXBz9f2Qn/default.jpg,False,False,False,Auto-generated sample description for Comedy video.
4USPJuwnyFt,24.07.11,Why This Entertainment Video Went Viral,Channel_628,6,2024-11-07T19:00:00.000Z,trending|vlog|review,40510,629,221,202,https://i.ytimg.com/vi/67lkanW46Ly/default.jpg,False,False,False,Auto-generated sample description for Entertainment video.
Qt4mHC1I8GA,24.12.11,Reacting to Entertainment Trends,Channel_2505,6,2024-11-10T07:00:00.000Z,review|2024|vlog,89506,1813,288,462,https://i.ytimg.com/vi/B1kYl96XNOh/default.jpg,False,False,False,Auto-generated sample description for Entertainment video.
i5edPyir1cV,25.29.01,Why This Education Video Went Viral,Channel_4015,13,2025-01-26T07:00:00.000Z,official|music|live,22849,1543,76,104,https://i.ytimg.com/vi/MRV42PVmv1l/default.jpg,False,False,False,Auto-generated sample description for Education video.
ESNnvEHPwzw,24.16.07,Why This Entertainment Video Went Viral,Channel_4230,1,2024-07-13T11:00:00.000Z,music|vlog|live,9333,429,24,30,https://i.ytimg.com/vi/KSO_jnXw7IA/default.jpg,False,False,False,Auto-generated sample description for Entertainment video.
zr_htAm7Geq,24.03.02,Behind the Scenes: Autos & Vehicles,Channel_609,8,2024-01-31T09:00:00.000Z,music|2024|review,1649,121,16,24,https://i.ytimg.com/vi/-XDLJAAJ1ax/default.jpg,False,False,False,Auto-generated sample description for Autos & Vehicles video.
UYJjZw_evQt,24.17.05,Official Comedy Highlights,Channel_2950,9,2024-05-15T19:00:00.000Z,vlog|review|music,6169,140,37,45,https://i.ytimg.com/vi/IDSm8qzWUfH/default.jpg,False,False,False,Auto-generated sample description for Comedy video.
sFQK8tvGeOU,24.30.08,Top 10 Travel & Events Moments This Week,Channel_373,15,2024-08-27T07:00:00.000Z,review|2024|music,16651,822,97,77,https://i.ytimg.com/vi/oCcaIUr8Uvz/default.jpg,False,False,False,Auto-generated sample description for Travel & Events video.
CCQUTZEVitH,24.03.05,Top 10 Film & Animation Moments This Week,Channel_4619,25,2024-04-30T08:00:00.000Z,review|2024|official,12369,984,96,106,https://i.ytimg.com/vi/XffSU-Aza6q/default.jpg,False,False,False,Auto-generated sample description for Film & Animation video.
6Vdn6ObQ0YS,24.27.09,Why This Gaming Video Went Viral,Channel_4226,16,2024-09-24T10:00:00.000Z,trending|review|music,6394,378,57,60,https://i.ytimg.com/vi/YPY_ruzvLxf/default.jpg,False,True,False,Auto-generated sample description for Gaming video.
e28mFWERklM,24.30.04,Reacting to Entertainment Trends,Channel_1205,6,2024-04-28T21:00:00.000Z,review|music|live,26726,1720,14,125,https://i.ytimg.com/vi/YnrsBu0pIaq/default.jpg,False,False,False,Auto-generated sample description for Entertainment video.
tvKEctDqhbd,25.23.01,Official Entertainment Highlights,Channel_1563,3,2025-01-19T19:00:00.000Z,live|2024|trending,4007,153,19,69,https://i.ytimg.com/vi/vuHEQh-mDQD/default.jpg,False,False,False,Auto-generated sample description for Entertainment video.
0xJJ0-WKh66,24.22.03,Behind the Scenes: Comedy,Channel_2973,9,2024-03-22T17:00:00.000Z,live|2024|music,4570,131,28,60,https://i.ytimg.com/vi/Jaya7fgYFEW/default.jpg,False,False,False,Auto-generated sample description for Comedy video.
28u1i-z2xsL,24.04.08,Why This People & Blogs Video Went Viral,Channel_4901,20,2024-07-31T18:00:00.000Z,vlog|trending|review,15858,499,135,234,https://i.ytimg.com/vi/856zxMytiJ3/default.jpg,False,False,False,Auto-generated sample description for People & Blogs video.
CzkzPwuBRdX,24.19.02,Top 10 Comedy Moments This Week,Channel_3976,23,2024-02-17T09:00:00.000Z,vlog|music|trending,23599,1526,58,243,https://i.ytimg.com/vi/LfmJMjvNRux/default.jpg,False,False,False,Auto-generated sample description for Comedy video.
CDSeJ1uyz6J,24.23.01,Official Howto & Style Highlights,Channel_2887,18,2024-01-22T02:00:00.000Z,live|official|trending,28360,1201,189,353,https://i.ytimg.com/vi/DA5UkcRFeIR/default.jpg,False,False,False,Auto-generated sample description for Howto & Style video.
S9qCxyba9a1,24.18.08,Official Entertainment Highlights,Channel_4568,3,2024-08-18T22:00:00.000Z,2024|trending|official,145138,10287,499,2107,https://i.ytimg.com/vi/MY6K7SvmIFU/default.jpg,False,False,False,Auto-generated sample description for Entertainment video.
rr6awQqVHno,24.24.01,Reacting to Sports Trends,Channel_509,14,2024-01-21T10:00:00.000Z,review|official|vlog,4505,231,15,6,https://i.ytimg.com/vi/0wMjs2051dH/default.jpg,False,False,False,Auto-generated sample description for Sports video.
z2IvKPztd3O,25.24.01,Why This Gaming Video Went Viral,Channel_1843,22,2025-01-20T02:00:00.000Z,live|2024|music,3508,79,30,27,https://i.ytimg.com/vi/LCMhA9jStIy/default.jpg,False,False,False,Auto-generated sample description for Gaming video.
FdUEjxuUuZJ,24.14.10,Behind the Scenes: Comedy,Channel_3640,12,2024-10-12T13:00:00.000Z,official|2024|trending,23147,1564,189,174,https://i.ytimg.com/vi/7h34WLKu0De/default.jpg,False,False,False,Auto-generated sample description for Comedy video.
ienrLLbVYMq,24.26.04,Official Comedy Highlights,Channel_922,12,2024-04-25T03:00:00.000Z,vlog|trending|2024,157956,4791,698,2859,https://i.ytimg.com/vi/NcdJGigh4vy/default.jpg,False,False,False,Auto-generated sample description for Comedy video.
dKAc1LhHkqj,24.17.08,Official Entertainment Highlights,Channel_3756,6,2024-08-14T15:00:00.000Z,music|vlog|official,50092,3515,79,632,https://i.ytimg.com/vi/AjdSVbBlU6O/default.jpg,False,False,False,Auto-generated sample description for Entertainment video.
oIoHDSjQZcS,24.20.06,Official News & Politics Highlights,Channel_2178,11,2024-06-20T10:00:00.000Z,vlog|live|2024,1414,48,4,16,https://i.ytimg.com/vi/8gtiRDXonQp/default.jpg,False,False,False,Auto-generated sample description for News & Politics video.
mGAVyHoeYn1,24.29.10,Why This Entertainment Video Went Viral,Channel_86,3,2024-10-28T00:00:00.000Z,vlog|official|2024,53717,4054,61,645,https://i.ytimg.com/vi/xOSBpe_z_jx/default.jpg,False,False,False,Auto-generated sample description for Entertainment video.
NPwMc3e2qOD,24.31.03,Top 10 Entertainment Moments This Week,Channel_3339,1,2024-03-31T00:00:00.000Z,music|review|vlog,41003,1864,153,539,https://i.ytimg.com/vi/EjmIhdov5or/default.jpg,False,False,False,Auto-generated sample description for Entertainment video.
NjQGtTHyMQf,24.03.08,Top 10 Pets & Animals Moments This Week,Channel_3320,19,2024-07-31T13:00:00.000Z,2024|official|live,115168,4067,1095,158,https://i.ytimg.com/vi/9F3Y3JikeQi/default.jpg,False,False,False,Auto-generated sample description for Pets & Animals video.
sIyc2_8_DX6,24.08.11,Comedy Compilation 2024,Channel_4159,23,2024-11-05T04:00:00.000Z,music|review|2024,19228,203,125,130,https://i.ytimg.com/vi/arGgCTkCymT/default.jpg,False,False,False,Auto-generated sample description for Comedy video.
XkXuck5tPor,24.22.10,People & Blogs Compilation 2024,Channel_3287,20,2024-10-21T11:00:00.000Z,music|vlog|trending,10785,600,23,146,https://i.ytimg.com/vi/12olcIaEdx9/default.jpg,False,False,False,Auto-generated sample description for People & Blogs video.
DABSfYYZ_2b,24.11.10,Reacting to Sports Trends,Channel_2789,4,2024-10-08T17:00:00.000Z,official|music|trending,23208,703,180,196,https://i.ytimg.com/vi/deRggBf1xUg/default.jpg,False,False,False,Auto-generated sample description for Sports video.
V3LNjKiqHB1,24.05.12,Official Entertainment Highlights,Channel_3215,1,2024-12-03T22:00:00.000Z,music|official|review,12099,638,65,52,https://i.ytimg.com/vi/xf4ZlpoNA0_/default.jpg,False,False,False,Auto-generated sample description for Entertainment video.
4Jlp934QVcf,24.14.09,Why This Entertainment Video Went Viral,Channel_1543,3,2024-09-14T05:00:00.000Z,review|2024|official,173386,13846,887,2535,https://i.ytimg.com/vi/znQ5TqwPgFY/default.jpg,False,False,False,Auto-generated sample description for Entertainment video.
24UY8VAPjOF,24.19.09,Why This People & Blogs Video Went Viral,Channel_4046,20,2024-09-18T15:00:00.000Z,official|live|trending,3872,252,13,61,https://i.ytimg.com/vi/r_anvh6fdA_/default.jpg,False,False,False,Auto-generated sample description for People & Blogs video.
atEGmZbd7S-,24.22.02,Reacting to Comedy Trends,Channel_4262,12,2024-02-20T04:00:00.000Z,trending|official|music,2336,53,6,5,https://i.ytimg.com/vi/ZZkc_YHNIgJ/default.jpg,False,False,False,Auto-generated sample description for Comedy video.
j3sqv74q3nc,25.04.01,Why This Science & Technology Video Went Viral,Channel_2201,24,2025-01-04T14:00:00.000Z,review|vlog|music,31083,891,269,333,https://i.ytimg.com/vi/vWcxM0TQslO/default.jpg,False,False,False,Auto-generated sample description for Science & Technology video.
By5JTyifwDL,24.03.07,Behind the Scenes: Sports,Channel_3612,4,2024-06-30T11:00:00.000Z,2024|music|official,18423,1290,120,201,https://i.ytimg.com/vi/MGCC4DWehQ4/default.jpg,False,False,False,Auto-generated sample description for Sports video.
BnBGxcbuKv-,24.14.04,Behind the Scenes: Comedy,Channel_2801,9,2024-04-10T08:00:00.000Z,live|review|official,19634,438,20,58,https://i.ytimg.com/vi/ZkOiuo2-Za0/default.jpg,False,True,False,Auto-generated sample description for Comedy video.
5uNqV1UqBQG,24.07.09,Reacting to Gaming Trends,Channel_341,16,2024-09-03T12:00:00.000Z,vlog|review|official,1262,40,3,14,https://i.ytimg.com/vi/LRcDZyzGWXc/default.jpg,False,False,False,Auto-generated sample description for Gaming video.
rZQCxCjSzc9,24.10.11,Official Entertainment Highlights,Channel_3820,3,2024-11-09T03:00:00.000Z,trending|music|review,14100741,502320,84716,103692,https://i.ytimg.com/vi/fL_2cjThCEJ/default.jpg,False,False,False,Auto-generated sample description for Entertainment video.
GSIlAz_nM-N,24.26.07,Top 10 Comedy Moments This Week,Channel_2868,23,2024-07-23T08:00:00.000Z,music|2024|official,2711,142,19,1,https://i.ytimg.com/vi/CrfzThh4255/default.jpg,False,False,False,Auto-generated sample description for Comedy video.
O9XhCY5ABXi,24.02.12,Why This Comedy Video Went Viral,Channel_1481,9,2024-11-28T13:00:00.000Z,official|2024|review,5773,77,36,69,https://i.ytimg.com/vi/kTl3CtO31iJ/default.jpg,False,False,False,Auto-generated sample description for Comedy video.
E1MRj4u5U_8,24.16.11,Top 10 Entertainment Moments This Week,Channel_493,1,2024-11-14T00:00:00.000Z,review|2024|music,6897,261,67,17,https://i.ytimg.com/vi/HYdk_GlWNdh/default.jpg,False,False,False,Auto-generated sample description for Entertainment video.
zQ2q5F899WQ,24.07.03,Why This Entertainment Video Went Viral,Channel_2,1,2024-03-06T07:00:00.000Z,live|review|official,63809,3312,515,73,https://i.ytimg.com/vi/8pKSoy5Iaqu/default.jpg,False,False,False,Auto-generated sample description for Entertainment video.
xCW9UXw6VGR,24.02.07,Reacting to Gaming Trends,Channel_2118,22,2024-07-01T06:00:00.000Z,music|live|official,11177,856,16,97,https://i.ytimg.com/vi/F5UTQEZMvxg/default.jpg,False,False,False,Auto-generated sample description for Gaming video.
YTzbi7Xv5hI,24.03.09,Top 10 Comedy Moments This Week,Channel_4190,12,2024-08-30T20:00:00.000Z,trending|official|live,2924,155,24,24,https://i.ytimg.com/vi/5iTDIICdq7E/default.jpg,False,False,False,Auto-generated sample description for Comedy video.
tHaM2Xf5ZzG,24.17.11,Reacting to Gaming Trends,Channel_1427,16,2024-11-13T15:00:00.000Z,2024|live|official,41314,1191,407,678,https://i.ytimg.com/vi/47noS56y9kR/default.jpg,False,False,False,Auto-generated sample description for Gaming video.
BW8kE_ziLcB,24.28.10,Official Gaming Highlights,Channel_4663,16,2024-10-27T04:00:00.000Z,vlog|music|2024,4004,247,28,59,https://i.ytimg.com/vi/21p2vNY39Yw/default.jpg,False,False,False,Auto-generated sample description for Gaming video.
xqG_Z24f6nY,24.11.11,Entertainment Compilation 2024,Channel_754,6,2024-11-11T13:00:00.000Z,vlog|official|trending,25682,1601,187,430,https://i.ytimg.com/vi/T6sQ6VwyOth/default.jpg,False,False,False,Auto-generated sample description for Entertainment video.
4EGRIqK9miS,25.06.02,Why This Gaming Video Went Viral,Channel_4243,16,2025-02-03T08:00:00.000Z,live|review|music,13489,972,89,242,https://i.ytimg.com/vi/oQk4la5d368/default.jpg,False,False,False,Auto-generated sample description for Gaming video.
mYMOFzyZLuS,24.14.03,Why This Comedy Video Went Viral,Channel_67,23,2024-03-14T14:00:00.000Z,review|live|official,5310,222,14,28,https://i.ytimg.com/vi/FFwlemuRMZ5/default.jpg,False,False,False,Auto-generated sample description for Comedy video.
T58fDm9aU2q,24.30.06,Why This Entertainment Video Went Viral,Channel_4521,3,2024-06-26T01:00:00.000Z,live|review|music,189767,8849,884,3258,https://i.ytimg.com/vi/iIBQNVXyY8D/default.jpg,False,False,False,Auto-generated sample description for Entertainment video.
NNodZyq05yr,24.04.11,Reacting to Gaming Trends,Channel_223,16,2024-11-02T04:00:00.000Z,2024|vlog|music,8891,499,68,26,https://i.ytimg.com/vi/JrLsrjlwI5H/default.jpg,False,False,False,Auto-generated sample description for Gaming video.
9vhA9rpmrcB,24.14.02,Behind the Scenes: Entertainment,Channel_1238,3,2024-02-13T16:00:00.000Z,vlog|trending|review,56345,3536,159,306,https://i.ytimg.com/vi/yfnVaVSM-2k/default.jpg,False,False,False,Auto-generated sample description for Entertainment video.
eEeNdaPI1ck,25.11.01,Reacting to Sports Trends,Channel_1644,4,2025-01-11T07:00:00.000Z,music|official|live,20471,680,160,100,https://i.ytimg.com/vi/E1aT_Hzxnnp/default.jpg,False,False,False,Auto-generated sample description for Sports video.
qk8nWgiEWLi,24.21.12,Entertainment Compilation 2024,Channel_3411,6,2024-12-20T11:00:00.000Z,official|vlog|trending,15145,229,75,81,https://i.ytimg.com/vi/qcVMAYddj1b/default.jpg,False,False,False,Auto-generated sample description for Entertainment video.
1cXLAMUzI_A,24.17.02,Top 10 Travel & Events Moments This Week,Channel_482,21,2024-02-13T04:00:00.000Z,music|trending|2024,85739,2033,188,545,https://i.ytimg.com/vi/eoVzQzdTCwS/default.jpg,False,False,False,Auto-generated sample description for Travel & Events video.
cM_fH0JQPTm,24.28.05,Reacting to Entertainment Trends,Channel_3314,1,2024-05-24T03:00:00.000Z,trending|vlog|live,93005,6926,273,1600,https://i.ytimg.com/vi/uKeQ5LmkAVz/default.jpg,False,False,False,Auto-generated sample description for Entertainment video.
YZ_4dUtjQWf,24.26.07,Why This Entertainment Video Went Viral,Channel_1550,6,2024-07-26T08:00:00.000Z,trending|official|live,19793,758,163,248,https://i.ytimg.com/vi/besPP9zfy9d/default.jpg,False,False,False,Auto-generated sample description for Entertainment video.
0NTAh6G6jyG,24.31.12,Official Comedy Highlights,Channel_4854,12,2024-12-29T17:00:00.000Z,official|vlog|music,6043,134,17,30,https://i.ytimg.com/vi/JbOhjmFXj_e/default.jpg,True,False,False,Auto-generated sample description for Comedy video.
nryGnbKPvOP,24.09.06,Top 10 Entertainment Moments This Week,Channel_4688,1,2024-06-05T01:00:00.000Z,2024|live|official,350987,4806,3155,589,https://i.ytimg.com/vi/U3kIImt5hih/default.jpg,False,False,False,Auto-generated sample description for Entertainment video.
_3oomNDuGeZ,24.28.06,Reacting to Gaming Trends,Channel_2809,16,2024-06-28T07:00:00.000Z,review|live|2024,36094,1838,92,212,https://i.ytimg.com/vi/jqpX0Mlhaji/default.jpg,False,False,False,Auto-generated sample description for Gaming video.
WRVX7FxCyXN,24.17.05,Official Comedy Highlights,Channel_2404,23,2024-05-17T11:00:00.000Z,live|official|vlog,24112,1276,219,236,https://i.ytimg.com/vi/Yvwc-HhOzbR/default.jpg,False,False,False,Auto-generated sample description for Comedy video.
Iui3DYtQ5-w,24.15.12,Official Entertainment Highlights,Channel_216,1,2024-12-13T11:00:00.000Z,vlog|trending|2024,41774,2669,81,280,https://i.ytimg.com/vi/x7KpgVkS6kV/default.jpg,False,False,False,Auto-generated sample description for Entertainment video.
Vv2GFOrrm9z,25.04.01,Top 10 Autos & Vehicles Moments This Week,Channel_4520,2,2025-01-04T01:00:00.000Z,official|live|review,1635,82,1,26,https://i.ytimg.com/vi/9vhuctj6wXO/default.jpg,False,False,False,Auto-generated sample description for Autos & Vehicles video.
Q-oFnLUWrVD,24.08.10,Official Science & Technology Highlights,Channel_1792,24,2024-10-08T11:00:00.000Z,music|live|official,3755,196,15,41,https://i.ytimg.com/vi/iCcbooAiK2M/default.jpg,False,False,False,Auto-generated sample description for Science & Technology video.
dVQrr98dq2g,24.24.05,Reacting to Entertainment Trends,Channel_2505,3,2024-05-23T20:00:00.000Z,trending|2024|vlog,184825,7526,1712,2102,https://i.ytimg.com/vi/85xSZ3NjiBS/default.jpg,True,False,False,Auto-generated sample description for Entertainment video.
5v5ZyB0df4o,24.15.11,Official Entertainment Highlights,Channel_2316,1,2024-11-13T07:00:00.000Z,2024|official|music,45557,827,341,644,https://i.ytimg.com/vi/Txqfmis9bKs/default.jpg,False,False,False,Auto-generated sample description for Entertainment video.
rAkMDBo0j3Z,24.10.10,Reacting to Comedy Trends,Channel_3864,23,2024-10-09T03:00:00.000Z,official|vlog|review,23359,1810,30,307,https://i.ytimg.com/vi/0-f-ooQiopV/default.jpg,False,False,False,Auto-generated sample description for Comedy video.
_pPVZbxZMqA,25.01.02,Gaming Compilation 2024,Channel_1457,22,2025-01-31T02:00:00.000Z,vlog|official|review,8188,400,81,72,https://i.ytimg.com/vi/KWA5iJ7_Sdc/default.jpg,False,False,False,Auto-generated sample description for Gaming video.
_HNJght-HGv,24.23.12,Why This Comedy Video Went Viral,Channel_2514,12,2024-12-20T17:00:00.000Z,live|2024|trending,27145,1937,97,372,https://i.ytimg.com/vi/AZX2gKNY6op/default.jpg,False,False,False,Auto-generated sample description for Comedy video.
4CL57K14LVq,24.06.04,Comedy Compilation 2024,Channel_1926,9,2024-04-05T06:00:00.000Z,vlog|live|music,19821,299,125,203,https://i.ytimg.com/vi/nO1_PKpBQJT/default.jpg,False,False,False,Auto-generated sample description for Comedy video.
h84hNVRAdcj,24.12.12,Comedy Compilation 2024,Channel_1605,23,2024-12-12T14:00:00.000Z,music|official|review,775223,28929,3239,2137,https://i.ytimg.com/vi/t8wSwnxTW5q/default.jpg,False,False,False,Auto-generated sample description for Comedy video.
Pn_8KT3PtZN,24.15.09,Top 10 Comedy Moments This Week,Channel_2210,12,2024-09-15T16:00:00.000Z,live|2024|official,7608,298,47,94,https://i.ytimg.com/vi/trtdxqgJja1/default.jpg,False,False,False,Auto-generated sample description for Comedy video.
hnJ71g05D4v,24.23.10,Why This Comedy Video Went Viral,Channel_275,12,2024-10-20T03:00:00.000Z,music|trending|live,7289,81,35,64,https://i.ytimg.com/vi/upRXywhVa2S/default.jpg,False,False,False,Auto-generated sample description for Comedy video.
QGISqBYGHjn,24.20.05,Reacting to People & Blogs Trends,Channel_224,20,2024-05-17T09:00:00.000Z,review|music|live,6900,253,50,13,https://i.ytimg.com/vi/eW-ZeMh0sFx/default.jpg,False,False,False,Auto-generated sample description for People & Blogs video.
W8w0dR3TDkI,24.29.04,Reacting to Comedy Trends,Channel_1736,12,2024-04-29T15:00:00.000Z,official|live|vlog,45010,3435,449,741,https://i.ytimg.com/vi/e_fKBkf66vv/default.jpg,False,False,False,Auto-generated sample description for Comedy video.
yZ-LvYek-Y8,24.18.11,Reacting to Entertainment Trends,Channel_4341,6,2024-11-16T20:00:00.000Z,2024|live|trending,5589,257,12,38,https://i.ytimg.com/vi/hpniAeSwtAC/default.jpg,False,False,False,Auto-generated sample description for Entertainment video.
IKdYExHJZG0,24.06.06,Official Entertainment Highlights,Channel_2284,6,2024-06-02T14:00:00.000Z,review|music|live,16147,1010,134,248,https://i.ytimg.com/vi/1nYUPNq7Fz8/default.jpg,False,False,False,Auto-generated sample description for Entertainment video.
XeN8Wjgt2UH,24.06.11,Why This Entertainment Video Went Viral,Channel_677,6,2024-11-04T04:00:00.000Z,trending|vlog|music,73026,2714,75,618,https://i.ytimg.com/vi/Hz-7ev16eQb/default.jpg,False,False,False,Auto-generated sample description for Entertainment video.
xJYIPYbLTlk,24.13.10,Behind the Scenes: Entertainment,Channel_4860,6,2024-10-09T02:00:00.000Z,music|2024|official,59636,4343,494,639,https://i.ytimg.com/vi/YEwxZ-joj-R/default.jpg,False,False,False,Auto-generated sample description for Entertainment video.
jZLrsqsSFGj,24.11.09,Behind the Scenes: People & Blogs,Channel_3630,5,2024-09-08T03:00:00.000Z,official|2024|vlog,94638,1741,929,88,https://i.ytimg.com/vi/l-ZV-uuHUE3/default.jpg,False,False,False,Auto-generated sample description for People & Blogs video.
gzy8BYoTxX1,24.22.04,Behind the Scenes: Entertainment,Channel_3325,6,2024-04-20T14:00:00.000Z,2024|vlog|trending,211552,3316,1042,4206,https://i.ytimg.com/vi/dc9V1QEgdgx/default.jpg,False,False,False,Auto-generated sample description for Entertainment video.
cJ8ateEC5lH,24.17.05,Top 10 Howto & Style Moments This Week,Channel_914,17,2024-05-13T10:00:00.000Z,live|2024|official,179480,5420,1035,3416,https://i.ytimg.com/vi/5w_Dws0JPHu/default.jpg,False,False,False,Auto-generated sample description for Howto & Style video.
FYBsNd8wkSn,25.10.01,Reacting to Entertainment Trends,Channel_3412,6,2025-01-07T14:00:00.000Z,music|vlog|trending,20896,765,70,340,https://i.ytimg.com/vi/ddhHcADYw4s/default.jpg,False,False,False,Auto-generated sample description for Entertainment video.
HrX-Dr9wxsn,24.16.02,Why This Entertainment Video Went Viral,Channel_2854,1,2024-02-16T15:00:00.000Z,live|review|official,65930,716,141,222,https://i.ytimg.com/vi/gmYyx4GUmkY/default.jpg,False,False,False,Auto-generated sample description for Entertainment video.
ZwLPnCz22aR,24.01.03,Entertainment Compilation 2024,Channel_2652,3,2024-02-28T05:00:00.000Z,review|live|trending,4540,166,13,15,https://i.ytimg.com/vi/ZYN9ilkBra6/default.jpg,False,False,False,Auto-generated sample description for Entertainment video.
ZQUg0B3RiW6,25.01.01,Reacting to Entertainment Trends,Channel_3445,3,2024-12-29T11:00:00.000Z,vlog|official|review,37431,2608,285,477,https://i.ytimg.com/vi/jW04ZhxrzWJ/default.jpg,False,False,False,Auto-generated sample description for Entertainment video.
LE5aIzGtLn1,24.17.11,Top 10 Gaming Moments This Week,Channel_3522,16,2024-11-14T01:00:00.000Z,live|music|2024,10069,331,36,34,https://i.ytimg.com/vi/78IIsxsmxMq/default.jpg,False,False,False,Auto-generated sample description for Gaming video.
ldDG4An6Pme,24.20.05,Reacting to Entertainment Trends,Channel_1448,6,2024-05-17T22:00:00.000Z,trending|official|review,110222,4940,128,975,https://i.ytimg.com/vi/EPbAEv8mdMO/default.jpg,False,False,False,Auto-generated sample description for Entertainment video.
zLCi4jiWDzS,24.27.01,Why This Entertainment Video Went Viral,Channel_3656,3,2024-01-27T05:00:00.000Z,vlog|music|official,143296,6607,1037,2090,https://i.ytimg.com/vi/HBFvPMn-0ss/default.jpg,False,False,False,Auto-generated sample description for Entertainment video.
GRfwMS6p1mk,25.05.01,Howto & Style Compilation 2024,Channel_1442,17,2025-01-05T03:00:00.000Z,official|review|trending,10283,733,64,105,https://i.ytimg.com/vi/znMPF1RmzB3/default.jpg,False,False,False,Auto-generated sample description for Howto & Style video.
3m2bOIEC5c9,25.25.01,Reacting to Entertainment Trends,Channel_1941,1,2025-01-22T17:00:00.000Z,2024|review|music,89041,6517,622,471,https://i.ytimg.com/vi/q_H9a1VEjwn/default.jpg,False,False,False,Auto-generated sample description for Entertainment video.
X5r25sgIl3v,24.15.08,Behind the Scenes: Entertainment,Channel_1601,3,2024-08-12T12:00:00.000Z,music|trending|review,2320211,106535,19291,40081,https://i.ytimg.com/vi/W45OXH-Hbos/default.jpg,False,False,False,
aHYn3oLDIgD,24.31.10,Behind the Scenes: Howto & Style,Channel_3818,18,2024-10-31T00:00:00.000Z,live|2024|vlog,15075,591,19,44,https://i.ytimg.com/vi/RKS41hLlHqT/default.jpg,False,False,False,Auto-generated sample description for Howto & Style video.
hBQPuxyoAt2,24.03.11,Comedy Compilation 2024,Channel_4193,9,2024-11-01T09:00:00.000Z,live|official|review,26764,1586,14,176,https://i.ytimg.com/vi/TUn770FUYss/default.jpg,False,False,False,Auto-generated sample description for Comedy video.
z1Zw_mj7o3V,24.21.07,Top 10 Gaming Moments This Week,Channel_2806,16,2024-07-21T03:00:00.000Z,trending|official|vlog,1050,25,7,2,https://i.ytimg.com/vi/yIVg2RqH0Eh/default.jpg,False,False,False,Auto-generated sample description for Gaming video.
Jp5AMCkNpHu,24.27.02,Official People & Blogs Highlights,Channel_2919,20,2024-02-25T16:00:00.000Z,official|review|music,16776,1188,36,99,https://i.ytimg.com/vi/Z7XsNsU_HeN/default.jpg,False,False,False,Auto-generated sample description for People & Blogs video.
7czVG73WDg5,24.21.01,Reacting to Comedy Trends,Channel_3618,23,2024-01-17T21:00:00.000Z,trending|review|2024,8228,464,45,109,https://i.ytimg.com/vi/PjadYTmKc-v/default.jpg,False,False,False,Auto-generated sample description for Comedy video.
fIpi_gttrgs,24.05.11,Why This Entertainment Video Went Viral,Channel_722,1,2024-11-04T21:00:00.000Z,review|vlog|live,27345,1476,66,305,https://i.ytimg.com/vi/dawTfilM4G5/default.jpg,False,False,False,Auto-generated sample description for Entertainment video.
E9ydG_S9LOW,24.23.09,Behind the Scenes: Gaming,Channel_2320,16,2024-09-19T17:00:00.000Z,official|live|2024,49093,2952,127,626,https://i.ytimg.com/vi/DzAFN1RifAL/default.jpg,False,False,False,Auto-generated sample description for Gaming video.
p2gZGHfzUFL,24.02.07,Official Sports Highlights,Channel_3976,14,2024-06-30T20:00:00.000Z,vlog|2024|live,22747,549,42,79,https://i.ytimg.com/vi/AKDf6otmulX/default.jpg,False,False,False,Auto-generated sample description for Sports video.
iW7okdhtEEZ,24.23.09,Behind the Scenes: Entertainment,Channel_3930,3,2024-09-19T08:00:00.000Z,music|vlog|live,58598,2130,207,982,https://i.ytimg.com/vi/T5OET2NIiiy/default.jpg,False,False,False,Auto-generated sample description for Entertainment video.
YuNcuDHshCj,24.05.12,Comedy Compilation 2024,Channel_2827,23,2024-12-03T12:00:00.000Z,trending|music|official,768629,33685,5310,5886,https://i.ytimg.com/vi/PbfdyU9rWER/default.jpg,False,False,False,Auto-generated sample description for Comedy video.
X9CCBx4XOBL,24.24.05,Behind the Scenes: Entertainment,Channel_430,6,2024-05-24T09:00:00.000Z,review|live|official,2282,96,10,5,https://i.ytimg.com/vi/XYvEUSQxdja/default.jpg,False,False,False,Auto-generated sample description for Entertainment video.
UNMNN-sa5Ih,24.20.04,Why This Gaming Video Went Viral,Channel_859,22,2024-04-17T14:00:00.000Z,review|vlog|trending,28309,568,74,323,https://i.ytimg.com/vi/7byrvn56Qgr/default.jpg,False,False,False,Auto-generated sample description for Gaming video.
EjdAwaJngD-,24.28.07,Top 10 Film & Animation Moments This Week,Channel_4164,10,2024-07-25T16:00:00.000Z,review|music|vlog,40538,653,208,93,https://i.ytimg.com/vi/t6wR5PTot3B/default.jpg,False,False,False,Auto-generated sample description for Film & Animation video.
BAcxuSn7X23,24.06.03,Behind the Scenes: Entertainment,Channel_1428,6,2024-03-02T03:00:00.000Z,music|live|2024,655,46,5,5,https://i.ytimg.com/vi/K1umABMUSwV/default.jpg,False,False,False,Auto-generated sample description for Entertainment video.
PeMMjM_UA42,24.06.09,Top 10 Entertainment Moments This Week,Channel_3702,3,2024-09-04T04:00:00.000Z,review|trending|live,8451,601,44,80,https://i.ytimg.com/vi/S1LT2N_31TP/default.jpg,False,False,True,Auto-generated sample description for Entertainment video.
UgY70JRimVa,24.21.01,Why This Comedy Video Went Viral,Channel_1126,23,2024-01-21T12:00:00.000Z,review|official|2024,6631,176,61,131,https://i.ytimg.com/vi/6aNv2HW_Tfg/default.jpg,False,False,False,Auto-generated sample description for Comedy video.
XCxVeLn1s7Q,24.27.03,Official Comedy Highlights,Channel_1334,9,2024-03-26T12:00:00.000Z,music|vlog|trending,357594,28345,3225,6627,https://i.ytimg.com/vi/uxQwoxCbwKH/default.jpg,False,False,False,Auto-generated sample description for Comedy video.
WFPmL7H8lOm,24.13.03,Top 10 Entertainment Moments This Week,Channel_4894,1,2024-03-13T04:00:00.000Z,official|review|vlog,23531,550,46,17,https://i.ytimg.com/vi/EOCDQLi3SCS/default.jpg,False,False,False,Auto-generated sample description for Entertainment video.
8Pkqafil_M6,24.18.06,Top 10 Entertainment Moments This Week,Channel_519,1,2024-06-17T17:00:00.000Z,music|review|official,4468,288,13,70,https://i.ytimg.com/vi/2EA2dmgOaKP/default.jpg,False,False,False,Auto-generated sample description for Entertainment video.
IhdU-UAHLTI,24.28.10,Top 10 Gaming Moments This Week,Channel_730,16,2024-10-27T17:00:00.000Z,music|vlog|official,4263,156,9,50,https://i.ytimg.com/vi/ucLlx0PIe74/default.jpg,False,False,False,Auto-generated sample description for Gaming video.
pgA6V57a4Wd,24.31.05,Reacting to Entertainment Trends,Channel_3293,3,2024-05-30T05:00:00.000Z,music|vlog|2024,53417,3390,54,101,https://i.ytimg.com/vi/JoBUmvHAWOU/default.jpg,False,False,False,Auto-generated sample description for Entertainment video.
0qr1oVXGd3c,24.21.09,Behind the Scenes: Comedy,Channel_1459,9,2024-09-17T09:00:00.000Z,2024|review|music,24632,1267,169,392,https://i.ytimg.com/vi/cbvCTjrdHUX/default.jpg,False,False,False,Auto-generated sample description for Comedy video.
HyS2zA9TIkF,24.27.08,Reacting to Comedy Trends,Channel_4429,12,2024-08-24T15:00:00.000Z,vlog|2024|trending,1340,62,3,17,https://i.ytimg.com/vi/_aollpDD8Pu/default.jpg,False,False,False,Auto-generated sample description for Comedy video.
4b7ms--1EF-,25.02.01,Behind the Scenes: Entertainment,Channel_336,3,2024-12-30T00:00:00.000Z,review|trending|music,88549,6768,574,1712,https://i.ytimg.com/vi/ywwgsxgNKLE/default.jpg,False,False,False,Auto-generated sample description for Entertainment video.
m1GT8oeLsRc,24.05.01,Official Comedy Highlights,Channel_1527,9,2024-01-05T05:00:00.000Z,trending|official|live,10882,333,36,107,https://i.ytimg.com/vi/rJm_fpCmE__/default.jpg,False,False,False,Auto-generated sample description for Comedy video.
R8vQl_CCFSo,24.14.04,Top 10 Entertainment Moments This Week,Channel_3347,3,2024-04-14T19:00:00.000Z,trending|live|vlog,95594,6906,953,883,https://i.ytimg.com/vi/gkQt-1VKZwk/default.jpg,False,False,True,Auto-generated sample description for Entertainment video.
rnqIb6W3KRB,24.10.01,Comedy Compilation 2024,Channel_1249,23,2024-01-08T12:00:00.000Z,review|trending|live,2084,125,11,4,https://i.ytimg.com/vi/oFQfmnEIGWP/default.jpg,False,False,False,Auto-generated sample description for Comedy video.
GTIJ4sTL7sh,24.14.07,Why This People & Blogs Video Went Viral,Channel_4010,20,2024-07-11T03:00:00.000Z,official|review|live,3893,213,17,19,https://i.ytimg.com/vi/n5U0DGaHXPm/default.jpg,False,False,False,Auto-generated sample description for People & Blogs video.
NiLOuOrYMWO,24.03.12,Official Entertainment Highlights,Channel_4590,3,2024-11-30T15:00:00.000Z,trending|live|music,8692,579,41,51,https://i.ytimg.com/vi/GEk8LtjEmC3/default.jpg,False,False,False,Auto-generated sample description for Entertainment video.
B--9q4pUGtu,24.18.11,Why This Entertainment Video Went Viral,Channel_947,6,2024-11-14T03:00:00.000Z,live|official|music,17704,1262,47,147,https://i.ytimg.com/vi/AAJmxK8rxD6/default.jpg,False,False,False,Auto-generated sample description for Entertainment video.
B9gg2EuE-6A,24.07.11,Top 10 Entertainment Moments This Week,Channel_3055,6,2024-11-07T06:00:00.000Z,live|music|vlog,4114,77,5,69,https://i.ytimg.com/vi/Ry6UTw1CulJ/default.jpg,False,False,False,Auto-generated sample description for Entertainment video.
SlpmIxp_EKr,24.29.03,Reacting to Comedy Trends,Channel_17,23,2024-03-27T00:00:00.000Z,2024|official|live,94277,2348,703,443,https://i.ytimg.com/vi/zORyNzyK6m4/default.jpg,False,True,False,Auto-generated sample description for Comedy video.
BxLsJzedk6C,24.11.07,Official Entertainment Highlights,Channel_3082,6,2024-07-08T19:00:00.000Z,live|review|vlog,99994,5574,590,1933,https://i.ytimg.com/vi/LDa_vNG9Ed-/default.jpg,False,False,False,Auto-generated sample description for Entertainment video.
3jgsMow8uJL,24.17.03,Reacting to Comedy Trends,Channel_2949,9,2024-03-13T10:00:00.000Z,live|music|2024,4652,310,28,61,https://i.ytimg.com/vi/XjTsAkl7_Tn/default.jpg,False,False,False,Auto-generated sample description for Comedy video.
ggVJLcs74Xh,24.28.11,Official Comedy Highlights,Channel_1036,23,2024-11-24T14:00:00.000Z,live|music|2024,1789,17,5,17,https://i.ytimg.com/vi/rR8VldecBX0/default.jpg,False,False,False,Auto-generated sample description for Comedy video.
8EI5lIUjXDg,24.22.10,Top 10 Entertainment Moments This Week,Channel_878,3,2024-10-21T01:00:00.000Z,live|trending|music,30077,1123,81,142,https://i.ytimg.com/vi/uy0y8rQolre/default.jpg,False,False,False,Auto-generated sample description for Entertainment video.
tD4dUeX6LwS,24.24.07,Top 10 Comedy Moments This Week,Channel_1249,9,2024-07-21T19:00:00.000Z,trending|live|official,17417,877,16,247,https://i.ytimg.com/vi/KYRJ_WCj3lM/default.jpg,False,False,False,Auto-generated sample description for Comedy video.
CTKuA4uG325,24.24.07,Entertainment Compilation 2024,Channel_1030,1,2024-07-22T17:00:00.000Z,live|2024|vlog,47575,1160,140,675,https://i.ytimg.com/vi/Xj_M4bJTQvs/default.jpg,False,False,False,Auto-generated sample description for Entertainment video.
HsUK5gWID9k,24.09.08,Behind the Scenes: Film & Animation,Channel_3262,10,2024-08-08T21:00:00.000Z,music|vlog|live,5793,99,14,48,https://i.ytimg.com/vi/L-Cin2fpSWR/default.jpg,False,False,False,Auto-generated sample description for Film & Animation video.
OJxGalScHB7,24.19.09,Behind the Scenes: People & Blogs,Channel_499,5,2024-09-19T03:00:00.000Z,vlog|trending|2024,5295,109,38,3,https://i.ytimg.com/vi/dERVTC2HPH5/default.jpg,False,False,False,Auto-generated sample description for People & Blogs video.
HrSLuhMBXv9,25.18.01,Why This Science & Technology Video Went Viral,Channel_3307,24,2025-01-16T06:00:00.000Z,trending|official|review,63541,2305,316,414,https://i.ytimg.com/vi/_Ph539xODhn/default.jpg,False,True,False,Auto-generated sample description for Science & Technology video.
HVnnCuK09jt,24.05.02,Entertainment Compilation 2024,Channel_2755,6,2024-02-03T12:00:00.000Z,live|review|2024,17579,993,62,198,https://i.ytimg.com/vi/ncbsVXyOj-S/default.jpg,False,False,False,Auto-generated sample description for Entertainment video.
WjCciKN0Jn9,24.06.06,Top 10 Entertainment Moments This Week,Channel_4624,1,2024-06-05T12:00:00.000Z,review|vlog|official,38176,2647,91,79,https://i.ytimg.com/vi/jhB2_PbXCtI/default.jpg,False,False,False,Auto-generated sample description for Entertainment video.
F-d6mH06h78,24.05.02,Reacting to Pets & Animals Trends,Channel_1918,19,2024-02-02T06:00:00.000Z,2024|live|music,9033,410,84,76,https://i.ytimg.com/vi/1s5Sv-N0gkf/default.jpg,True,False,False,Auto-generated sample description for Pets & Animals video.
Lga7hiBqVYW,25.11.01,Reacting to Howto & Style Trends,Channel_585,18,2025-01-11T08:00:00.000Z,trending|music|2024,10814,311,40,162,https://i.ytimg.com/vi/maRF6fa_hcm/default.jpg,True,False,False,Auto-generated sample description for Howto & Style video.
YBfOmepjiWz,24.01.10,Why This Education Video Went Viral,Channel_4818,13,2024-09-28T21:00:00.000Z,music|review|2024,4010,138,39,38,https://i.ytimg.com/vi/739ifoKNkk2/default.jpg,False,False,False,Auto-generated sample description for Education video.
WGrQXp35sni,25.28.01,Sports Compilation 2024,Channel_162,14,2025-01-26T06:00:00.000Z,review|live|official,154462,8112,666,1349,https://i.ytimg.com/vi/GMXOPeuJuks/default.jpg,False,False,False,Auto-generated sample description for Sports video.
7SQavLsGr1B,24.11.09,Top 10 Entertainment Moments This Week,Channel_3071,3,2024-09-11T07:00:00.000Z,live|review|music,16840,378,104,255,https://i.ytimg.com/vi/7PK4_pytatc/default.jpg,False,False,False,Auto-generated sample description for Entertainment video.
n1527JNvw-b,24.15.12,Comedy Compilation 2024,Channel_1600,12,2024-12-14T18:00:00.000Z,trending|music|vlog,52565,2381,411,682,https://i.ytimg.com/vi/M3DeX1Y53wW/default.jpg,False,False,False,Auto-generated sample description for Comedy video.
NifG_p1MPGP,24.19.09,Reacting to Entertainment Trends,Channel_4114,1,2024-09-16T09:00:00.000Z,review|official|vlog,50863,3169,487,444,https://i.ytimg.com/vi/0S77pF5oSzG/default.jpg,False,False,False,Auto-generated sample description for Entertainment video.
7Bsw7W2PGLq,24.01.11,Entertainment Compilation 2024,Channel_2500,3,2024-10-28T14:00:00.000Z,review|trending|official,71706,5331,142,321,https://i.ytimg.com/vi/2NRJhyddtmM/default.jpg,False,False,False,Auto-generated sample description for Entertainment video.
TzwBrFNQFBS,24.20.02,Comedy Compilation 2024,Channel_3418,23,2024-02-20T16:00:00.000Z,trending|live|vlog,3858,267,26,16,https://i.ytimg.com/vi/1U9VMtaCaoz/default.jpg,False,False,False,Auto-generated sample description for Comedy video.
U69bmNlokTn,25.31.01,Reacting to Sports Trends,Channel_3117,14,2025-01-28T16:00:00.000Z,review|live|vlog,4320,211,21,25,https://i.ytimg.com/vi/iTFIujoT7ZR/default.jpg,False,False,False,Auto-generated sample description for Sports video.
UcV4rpVielh,24.28.07,Official Entertainment Highlights,Channel_4738,3,2024-07-27T06:00:00.000Z,review|official|vlog,54779,2787,516,651,https://i.ytimg.com/vi/Cber6-CrbWQ/default.jpg,False,False,False,Auto-generated sample description for Entertainment video.
bwWzvY41Cml,24.27.06,Why This Entertainment Video Went Viral,Channel_2020,1,2024-06-24T02:00:00.000Z,music|vlog|review,258939,8657,1922,4939,https://i.ytimg.com/vi/6RD8kJnIx3L/default.jpg,False,False,False,Auto-generated sample description for Entertainment video.
WoKzzi0_MrO,24.16.08,Why This Comedy Video Went Viral,Channel_419,23,2024-08-15T11:00:00.000Z,official|trending|review,18438,1200,101,185,https://i.ytimg.com/vi/8HFL-Rr9uNQ/default.jpg,False,False,False,Auto-generated sample description for Comedy video.
xKRSLdJtpcb,24.11.05,Official Entertainment Highlights,Channel_2460,1,2024-05-09T04:00:00.000Z,vlog|trending|review,64852,2533,583,203,https://i.ytimg.com/vi/Zpo85PJVAeS/default.jpg,False,False,False,Auto-generated sample description for Entertainment video.
3wBEREbeqSS,24.17.04,Top 10 Entertainment Moments This Week,Channel_4873,3,2024-04-17T10:00:00.000Z,official|vlog|live,54587,3452,80,735,https://i.ytimg.com/vi/VZA6-BnwTuN/default.jpg,False,False,False,Auto-generated sample description for Entertainment video.
moi4Sp-EAUz,24.13.05,Entertainment Compilation 2024,Channel_1164,3,2024-05-10T12:00:00.000Z,official|trending|live,27117,2071,70,517,https://i.ytimg.com/vi/pRlR2NNC_8i/default.jpg,False,False,False,Auto-generated sample description for Entertainment video.
SkhSJwQ3u9B,24.16.06,Behind the Scenes: Entertainment,Channel_3478,1,2024-06-15T20:00:00.000Z,review|official|live,11501,473,13,162,https://i.ytimg.com/vi/zp3ktas18Lt/default.jpg,False,False,False,Auto-generated sample description for Entertainment video.
4rg4TeXWnqO,24.16.03,Reacting to Sports Trends,Channel_3243,4,2024-03-13T02:00:00.000Z,trending|official|review,5528,109,34,35,https://i.ytimg.com/vi/JLk1KEAmklO/default.jpg,False,False,False,Auto-generated sample description for Sports video.
XqmfYbF0FvD,24.14.01,Reacting to Science & Technology Trends,Channel_3026,24,2024-01-14T03:00:00.000Z,vlog|music|trending,116080,5815,1138,773,https://i.ytimg.com/vi/Pvsl2TZlzh4/default.jpg,False,False,False,Auto-generated sample description for Science & Technology video.
LLPINzda7LR,24.15.09,Reacting to Sports Trends,Channel_3693,4,2024-09-13T06:00:00.000Z,vlog|2024|review,3889,241,12,13,https://i.ytimg.com/vi/LpL1SmAmZFz/default.jpg,False,False,False,Auto-generated sample description for Sports video.
3zfQ6T7WZh6,24.06.10,Official Entertainment Highlights,Channel_1531,6,2024-10-03T17:00:00.000Z,review|official|music,4354,132,23,70,https://i.ytimg.com/vi/6W22fXTcUs2/default.jpg,False,False,False,Auto-generated sample description for Entertainment video.
ArXG_InHixI,24.29.09,Official Sports Highlights,Channel_2130,14,2024-09-25T08:00:00.000Z,live|trending|2024,5199,247,38,73,https://i.ytimg.com/vi/KAOXgaaita-/default.jpg,False,False,False,Auto-generated sample description for Sports video.
s9kmCn9qm0Q,24.25.09,Official Comedy Highlights,Channel_798,9,2024-09-22T05:00:00.000Z,review|trending|music,1323,27,4,7,https://i.ytimg.com/vi/7U61bne34Oq/default.jpg,False,False,False,Auto-generated sample description for Comedy video.
CvnZ3Rk--zj,24.21.10,Top 10 Sports Moments This Week,Channel_684,14,2024-10-20T09:00:00.000Z,review|trending|2024,15610,322,46,166,https://i.ytimg.com/vi/LFoEPr-2xSR/default.jpg,False,False,False,Auto-generated sample description for Sports video.
qP32RoXBo6v,24.12.02,Comedy Compilation 2024,Channel_784,12,2024-02-08T02:00:00.000Z,review|official|vlog,10730,178,7,208,https://i.ytimg.com/vi/y0wlyKpDQdy/default.jpg,False,False,False,Auto-generated sample description for Comedy video.
4P5ML2OMGso,24.13.02,Behind the Scenes: Film & Animation,Channel_4002,10,2024-02-09T05:00:00.000Z,live|trending|vlog,22810,924,152,427,https://i.ytimg.com/vi/wnqQP-8JfSh/default.jpg,False,False,False,Auto-generated sample description for Film & Animation video.
Vg1P12C-IL9,24.21.05,Comedy Compilation 2024,Channel_641,12,2024-05-17T16:00:00.000Z,live|official|music,29129,2318,101,551,https://i.ytimg.com/vi/vREFHld2V6r/default.jpg,False,False,False,Auto-generated sample description for Comedy video.
WU1uf1_gEDB,24.02.02,Gaming Compilation 2024,Channel_3610,16,2024-02-01T19:00:00.000Z,review|vlog|2024,17436,425,104,295,https://i.ytimg.com/vi/6GNmeGz8pox/default.jpg,False,False,False,Auto-generated sample description for Gaming video.
eFQx9o-zrgB,24.21.08,Official Sports Highlights,Channel_89,14,2024-08-17T03:00:00.000Z,2024|review|vlog,3488,117,31,10,https://i.ytimg.com/vi/K3UmI8_7MS-/default.jpg,False,False,False,Auto-generated sample description for Sports video.
Ll6L1igWwCT,24.13.06,Official Gaming Highlights,Channel_170,16,2024-06-11T18:00:00.000Z,trending|vlog|live,19230,507,64,152,https://i.ytimg.com/vi/r_YY2MsccDx/default.jpg,False,False,False,Auto-generated sample description for Gaming video.
OrHmmIvf40V,24.15.02,Official Entertainment Highlights,Channel_1827,1,2024-02-12T07:00:00.000Z,live|official|review,109217,6592,529,327,https://i.ytimg.com/vi/KV83gF1jdIv/default.jpg,False,False,False,Auto-generated sample description for Entertainment video.
24Yis50-Wto,24.12.01,Reacting to Comedy Trends,Channel_1607,12,2024-01-12T10:00:00.000Z,official|review|vlog,11846,574,36,166,https://i.ytimg.com/vi/ZiJDpSzyMUF/default.jpg,False,False,False,Auto-generated sample description for Comedy video.
QfNgdwJn5eB,24.12.02,Sports Compilation 2024,Channel_2061,14,2024-02-10T16:00:00.000Z,live|review|2024,40826,452,202,631,https://i.ytimg.com/vi/FBjAMtNiL4p/default.jpg,False,False,False,Auto-generated sample description for Sports video.
j98Lswmen_r,24.08.11,Entertainment Compilation 2024,Channel_2192,3,2024-11-07T17:00:00.000Z,trending|live|music,38280,1989,141,549,https://i.ytimg.com/vi/Rl9Rc-1EkCs/default.jpg,False,False,False,Auto-generated sample description for Entertainment video.
k1OlYYv9lJS,24.22.03,Gaming Compilation 2024,Channel_423,22,2024-03-18T14:00:00.000Z,2024|official|trending,6788,138,35,3,https://i.ytimg.com/vi/33uB4V57m7p/default.jpg,False,False,False,Auto-generated sample description for Gaming video.
l_W9a-baqv4,24.19.09,Behind the Scenes: Entertainment,Channel_3473,3,2024-09-19T02:00:00.000Z,review|live|official,150083,7368,982,2803,https://i.ytimg.com/vi/NRx4LzabC_f/default.jpg,False,False,False,Auto-generated sample description for Entertainment video.
Nl1M-IywaAs,25.17.01,Top 10 Entertainment Moments This Week,Channel_3098,3,2025-01-14T06:00:00.000Z,trending|2024|review,51761,1298,482,955,https://i.ytimg.com/vi/8dA8UV-VKP9/default.jpg,False,False,False,Auto-generated sample description for Entertainment video.
H1KAcoCqtwS,24.01.06,Travel & Events Compilation 2024,Channel_3037,21,2024-05-28T21:00:00.000Z,music|official|review,6510,81,19,29,https://i.ytimg.com/vi/ru1YNEVaJOV/default.jpg,False,False,False,Auto-generated sample description for Travel & Events video.
t22wsG-42az,24.30.01,Behind the Scenes: Entertainment,Channel_1247,3,2024-01-27T14:00:00.000Z,review|vlog|trending,128184,6037,298,757,https://i.ytimg.com/vi/h9ihgsGO2Io/default.jpg,False,False,False,Auto-generated sample description for Entertainment video.
9FCzFzz52AZ,24.25.02,Behind the Scenes: Entertainment,Channel_4759,6,2024-02-23T08:00:00.000Z,review|trending|live,185666,13183,375,2783,https://i.ytimg.com/vi/Sp5A3nWSxsF/default.jpg,False,False,False,Auto-generated sample description for Entertainment video.
E9-DUrodWGZ,25.10.01,Official People & Blogs Highlights,Channel_1614,5,2025-01-08T06:00:00.000Z,live|official|review,5070,106,15,15,https://i.ytimg.com/vi/ShY7tt03xlh/default.jpg,False,False,False,Auto-generated sample description for People & Blogs video.
04D9jifT4H3,24.31.03,Behind the Scenes: Gaming,Channel_4704,22,2024-03-29T04:00:00.000Z,trending|live|vlog,206,10,0,3,https://i.ytimg.com/vi/eUB-Jf2uGrX/default.jpg,False,False,False,Auto-generated sample description for Gaming video.
8_yXSnJo0Yk,24.11.10,Top 10 Entertainment Moments This Week,Channel_1157,6,2024-10-11T22:00:00.000Z,trending|official|music,15035,989,13,188,https://i.ytimg.com/vi/ZEU8xH7ZAS8/default.jpg,False,False,False,Auto-generated sample description for Entertainment video.
7rMDTbd23uI,24.18.08,Reacting to Education Trends,Channel_2565,13,2024-08-14T13:00:00.000Z,vlog|music|official,10577,133,13,167,https://i.ytimg.com/vi/iIdN7CS-VIC/default.jpg,False,False,False,Auto-generated sample description for Education video.
Ymh-_46stus,24.16.04,Reacting to Gaming Trends,Channel_3517,16,2024-04-16T15:00:00.000Z,official|2024|music,2384,50,15,42,https://i.ytimg.com/vi/PEEebs_br6U/default.jpg,False,False,False,Auto-generated sample description for Gaming video.
83FeOnGTEWb,24.06.11,Official News & Politics Highlights,Channel_3563,11,2024-11-05T08:00:00.000Z,trending|music|live,17390,1271,28,16,https://i.ytimg.com/vi/e_RagdZkSUS/default.jpg,False,False,False,Auto-generated sample description for News & Politics video.
HGOT3RxBxqm,24.12.02,Why This Comedy Video Went Viral,Channel_4392,23,2024-02-11T15:00:00.000Z,trending|official|vlog,31926,721,213,211,https://i.ytimg.com/vi/kyVk5ZzAgEk/default.jpg,False,False,False,Auto-generated sample description for Comedy video.
3Vib3A0oir-,24.06.04,Why This Howto & Style Video Went Viral,Channel_337,17,2024-04-04T20:00:00.000Z,vlog|trending|music,256322,19053,2195,1739,https://i.ytimg.com/vi/i6ydWDsiJOq/default.jpg,False,False,False,Auto-generated sample description for Howto & Style video.
YrEaxKhUsjT,24.07.09,Official Entertainment Highlights,Channel_2625,6,2024-09-06T13:00:00.000Z,2024|music|trending,311067,21121,976,877,https://i.ytimg.com/vi/ynmt0gHT1PH/default.jpg,False,False,False,Auto-generated sample description for Entertainment video.
E2TN6ix_gVG,24.21.10,Behind the Scenes: Comedy,Channel_3747,23,2024-10-17T18:00:00.000Z,official|trending|2024,4710,307,18,24,https://i.ytimg.com/vi/eRZWtCdgVYa/default.jpg,False,False,False,Auto-generated sample description for Comedy video.
bmrCQg1YVW3,24.07.05,Official Entertainment Highlights,Channel_2950,6,2024-05-05T00:00:00.000Z,music|official|trending,26290,1899,204,372,https://i.ytimg.com/vi/cUV62Q-B8Fm/default.jpg,False,False,False,Auto-generated sample description for Entertainment video.
fyPtkXcpdr6,25.12.01,Entertainment Compilation 2024,Channel_2229,1,2025-01-08T11:00:00.000Z,2024|music|official,15646,473,145,54,https://i.ytimg.com/vi/xGDvkmjgq31/default.jpg,False,False,False,Auto-generated sample description for Entertainment video.
nCFaFmHVuF-,24.16.03,Behind the Scenes: Entertainment,Channel_108,3,2024-03-12T04:00:00.000Z,live|official|2024,15928,866,92,295,https://i.ytimg.com/vi/Bzx4HtU1OZY/default.jpg,False,False,False,Auto-generated sample description for Entertainment video.
fegUSBoP8Vg,24.28.08,Official News & Politics Highlights,Channel_2573,11,2024-08-26T12:00:00.000Z,official|live|trending,107116,5830,115,214,https://i.ytimg.com/vi/Q6ng96JnKoS/default.jpg,False,False,False,Auto-generated sample description for News & Politics video.
I20lRGo6lea,24.12.05,Autos & Vehicles Compilation 2024,Channel_2978,2,2024-05-09T07:00:00.000Z,2024|live|review,119307,7392,1184,701,https://i.ytimg.com/vi/Y2ULOQEZC__/default.jpg,False,False,False,Auto-generated sample description for Autos & Vehicles video.
vDJKqDn2xxW,24.29.11,Comedy Compilation 2024,Channel_2207,9,2024-11-27T11:00:00.000Z,trending|official|review,955,54,4,11,https://i.ytimg.com/vi/nYmNXuDZBQh/default.jpg,False,False,False,Auto-generated sample description for Comedy video.
zjzS3on4au-,24.05.06,Behind the Scenes: People & Blogs,Channel_2372,5,2024-06-04T02:00:00.000Z,2024|live|official,6936,319,20,117,https://i.ytimg.com/vi/N6y5vwDo9Wj/default.jpg,False,False,False,Auto-generated sample description for People & Blogs video.
RIzpBO_Mb5N,24.15.06,Nonprofits & Activism Compilation 2024,Channel_2244,7,2024-06-11T22:00:00.000Z,music|2024|live,5659,419,18,32,https://i.ytimg.com/vi/9t1n-S0R4-h/default.jpg,False,False,False,Auto-generated sample description for Nonprofits & Activism video.
pleOHQOjqLn,24.16.07,Why This Entertainment Video Went Viral,Channel_1060,1,2024-07-14T16:00:00.000Z,trending|2024|live,29680,1571,238,459,https://i.ytimg.com/vi/NGai2l5gWGp/default.jpg,False,False,False,Auto-generated sample description for Entertainment video.
wcmUWmJ3nWM,24.11.06,Official People & Blogs Highlights,Channel_2873,20,2024-06-07T19:00:00.000Z,2024|live|vlog,249852,3478,1001,426,https://i.ytimg.com/vi/82IalzIj-ib/default.jpg,False,False,False,Auto-generated sample description for People & Blogs video.
MSnNTmJTPy-,24.01.03,Top 10 People & Blogs Moments This Week,Channel_3143,5,2024-02-29T18:00:00.000Z,trending|music|2024,17087,254,117,175,https://i.ytimg.com/vi/wY2jgGEiWNr/default.jpg,False,False,False,Auto-generated sample description for People & Blogs video.
e6cNXJGRaEc,24.04.10,Reacting to Entertainment Trends,Channel_57,1,2024-10-04T20:00:00.000Z,2024|vlog|music,4039,252,25,33,https://i.ytimg.com/vi/HTpgk9DBgdw/default.jpg,False,False,False,Auto-generated sample description for Entertainment video.
6xvA_C2PhHA,24.08.06,Top 10 Entertainment Moments This Week,Channel_3161,6,2024-06-04T04:00:00.000Z,music|official|trending,43862,1108,219,384,https://i.ytimg.com/vi/gH7DTAPsv1U/default.jpg,False,False,False,Auto-generated sample description for Entertainment video.
A7yNVmyS3Ls,24.08.08,Entertainment Compilation 2024,Channel_486,6,2024-08-05T08:00:00.000Z,vlog|2024|music,43658,3147,168,736,https://i.ytimg.com/vi/d6u7GbOlHFo/default.jpg,False,False,False,Auto-generated sample description for Entertainment video.
lz3U1NguUKw,24.25.08,Comedy Compilation 2024,Channel_334,12,2024-08-22T09:00:00.000Z,music|2024|live,9301,407,42,109,https://i.ytimg.com/vi/xvyHAU7yOMV/default.jpg,False,False,False,Auto-generated sample description for Comedy video.
J-PwI46TYUO,24.14.04,Official Entertainment Highlights,Channel_1331,6,2024-04-14T05:00:00.000Z,trending|review|vlog,59344,2475,370,1171,https://i.ytimg.com/vi/Q3zy2-02S6h/default.jpg,False,False,False,Auto-generated sample description for Entertainment video.
C_TAHwjMKBQ,24.25.12,Why This Entertainment Video Went Viral,Channel_2717,1,2024-12-22T10:00:00.000Z,review|2024|official,7320,303,30,32,https://i.ytimg.com/vi/D2zqUtVKBey/default.jpg,False,False,False,Auto-generated sample description for Entertainment video.
Ti-zKW1c3tG,24.09.07,Gaming Compilation 2024,Channel_836,22,2024-07-08T05:00:00.000Z,official|2024|review,62694,1100,71,480,https://i.ytimg.com/vi/1ncfjeBcuwn/default.jpg,False,False,False,Auto-generated sample description for Gaming video.
1CrytTHmHqv,24.06.01,Entertainment Compilation 2024,Channel_1890,6,2024-01-02T16:00:00.000Z,vlog|live|2024,46242,1598,75,138,https://i.ytimg.com/vi/qoLHOz8nReI/default.jpg,False,False,False,Auto-generated sample description for Entertainment video.
ekpTmAw2Mxz,24.09.07,Top 10 Entertainment Moments This Week,Channel_3222,1,2024-07-06T02:00:00.000Z,live|official|vlog,5266,88,52,102,https://i.ytimg.com/vi/I1fAyXyleR4/default.jpg,False,False,False,Auto-generated sample description for Entertainment video.
LRRr683uWax,25.26.01,Top 10 Gaming Moments This Week,Channel_2702,16,2025-01-26T01:00:00.000Z,2024|official|music,144681,9333,930,1795,https://i.ytimg.com/vi/Db3kVb93_YB/default.jpg,False,False,False,Auto-generated sample description for Gaming video.
L6IXpwEkbes,24.09.04,Why This Comedy Video Went Viral,Channel_746,12,2024-04-07T00:00:00.000Z,official|review|music,4154,83,17,24,https://i.ytimg.com/vi/_PYB5AQAzv8/default.jpg,False,False,False,Auto-generated sample description for Comedy video.
33VIBilXuih,24.25.08,Reacting to Comedy Trends,Channel_3319,12,2024-08-24T22:00:00.000Z,official|music|review,11020,535,37,207,https://i.ytimg.com/vi/G7AZULzkcRT/default.jpg,False,False,False,Auto-generated sample description for Comedy video.
s7Q1fQX5yQM,24.07.09,Top 10 Entertainment Moments This Week,Channel_2096,6,2024-09-07T15:00:00.000Z,live|review|music,45065,2915,376,74,https://i.ytimg.com/vi/HJQvmvS3f2r/default.jpg,False,False,False,Auto-generated sample description for Entertainment video.
fIgoOpMnLaT,24.18.07,Official Entertainment Highlights,Channel_4575,6,2024-07-15T17:00:00.000Z,official|music|vlog,80050,2163,52,1393,https://i.ytimg.com/vi/EI9IuZC1Gjx/default.jpg,False,False,False,Auto-generated sample description for Entertainment video.
CwKRBYbLqGd,24.10.09,Behind the Scenes: Nonprofits & Activism,Channel_686,7,2024-09-07T11:00:00.000Z,2024|official|vlog,66455,2701,303,398,https://i.ytimg.com/vi/rVEZRx53wcm/default.jpg,False,False,False,Auto-generated sample description for Nonprofits & Activism video.
XXpHuf-aub7,24.22.05,Behind the Scenes: Entertainment,Channel_126,1,2024-05-20T15:00:00.000Z,trending|2024|live,147751,2830,1284,2459,https://i.ytimg.com/vi/TmOjj8RBEp4/default.jpg,False,False,False,Auto-generated sample description for Entertainment video.
8aXgNE79S6x,24.11.03,Why This Entertainment Video Went Viral,Channel_1625,3,2024-03-10T17:00:00.000Z,2024|music|review,37899,1413,211,61,https://i.ytimg.com/vi/reoPDEDdazx/default.jpg,False,False,False,Auto-generated sample description for Entertainment video.
GiyEimTl1DL,24.29.05,Behind the Scenes: Film & Animation,Channel_2467,25,2024-05-25T17:00:00.000Z,live|review|2024,18657,405,82,270,https://i.ytimg.com/vi/3zlVMBcdANp/default.jpg,False,False,False,Auto-generated sample description for Film & Animation video.
W3_lAZN1zQk,24.09.02,Reacting to Comedy Trends,Channel_2470,12,2024-02-09T01:00:00.000Z,official|live|vlog,96399,6364,164,828,https://i.ytimg.com/vi/rBrPBNPx5BG/default.jpg,False,False,False,Auto-generated sample description for Comedy video.
CSwp_aXLa3K,24.03.08,Official Entertainment Highlights,Channel_1177,6,2024-08-03T14:00:00.000Z,live|vlog|music,136905,9378,775,2597,https://i.ytimg.com/vi/PJftNH6Ab5Q/default.jpg,True,False,False,Auto-generated sample description for Entertainment video.
IoGncSqWYz0,24.23.03,Why This Entertainment Video Went Viral,Channel_1370,3,2024-03-20T14:00:00.000Z,2024|live|music,72933,2696,681,1364,https://i.ytimg.com/vi/xZHOKzX-193/default.jpg,False,False,False,Auto-generated sample description for Entertainment video.
0yalDACq-rm,24.18.05,Sports Compilation 2024,Channel_10,14,2024-05-18T11:00:00.000Z,live|vlog|2024,42948,803,288,690,https://i.ytimg.com/vi/9pXjLKmTpN6/default.jpg,False,False,False,Auto-generated sample description for Sports video.
KPtYd1xu6OZ,24.26.11,Official Entertainment Highlights,Channel_2514,3,2024-11-26T16:00:00.000Z,review|music|vlog,91374,1614,226,577,https://i.ytimg.com/vi/WWiVvyuR5fQ/default.jpg,False,False,False,Auto-generated sample description for Entertainment video.
CK9jkxgr8Bd,25.22.01,Reacting to Entertainment Trends,Channel_1139,3,2025-01-20T03:00:00.000Z,live|trending|official,19879,1242,86,20,https://i.ytimg.com/vi/Qmrte7tszfA/default.jpg,False,False,False,Auto-generated sample description for Entertainment video.
TinpE_8F6u4,24.24.09,Behind the Scenes: Autos & Vehicles,Channel_3833,2,2024-09-20T20:00:00.000Z,2024|review|trending,908,55,7,7,https://i.ytimg.com/vi/uFYaLxqX0Qn/default.jpg,False,False,False,Auto-generated sample description for Autos & Vehicles video.
zdZtcWiNMp4,24.14.01,Top 10 Sports Moments This Week,Channel_413,14,2024-01-10T04:00:00.000Z,live|trending|vlog,9085,371,81,10,https://i.ytimg.com/vi/kiAbaIEBpLk/default.jpg,False,False,False,Auto-generated sample description for Sports video.
40FycRa6JRg,24.02.05,Why This Comedy Video Went Viral,Channel_2318,12,2024-05-01T10:00:00.000Z,live|review|2024,7941,237,51,32,https://i.ytimg.com/vi/mvasJHo0lWB/default.jpg,False,False,False,Auto-generated sample description for Comedy video.
Qo2DqEnz-bO,24.23.02,Entertainment Compilation 2024,Channel_2411,1,2024-02-21T02:00:00.000Z,music|review|live,679810,14575,5828,6571,https://i.ytimg.com/vi/80uw1QIpPqU/default.jpg,False,False,False,Auto-generated sample description for Entertainment video.
DO_jp0KJ30J,25.06.01,Entertainment Compilation 2024,Channel_872,1,2025-01-06T03:00:00.000Z,review|live|vlog,596632,15764,5733,5689,https://i.ytimg.com/vi/hmhwmRRpmVk/default.jpg,False,False,False,Auto-generated sample description for Entertainment video.
yVFRYubmIgo,24.01.02,Top 10 News & Politics Moments This Week,Channel_1986,11,2024-01-31T17:00:00.000Z,official|2024|live,95264,2752,215,223,https://i.ytimg.com/vi/kZ_WYgs5mYx/default.jpg,False,False,False,Auto-generated sample description for News & Politics video.
6ljzDN_4fSl,24.23.07,Official Comedy Highlights,Channel_2094,9,2024-07-19T20:00:00.000Z,2024|live|music,4411,100,17,34,https://i.ytimg.com/vi/dxvmBokMwNl/default.jpg,False,False,False,Auto-generated sample description for Comedy video.
W7LsP0CMccl,24.03.08,Behind the Scenes: Comedy,Channel_3700,12,2024-08-01T05:00:00.000Z,2024|trending|vlog,17338,670,145,8,https://i.ytimg.com/vi/CFJUahHnUll/default.jpg,False,False,False,Auto-generated sample description for Comedy video.
j9aXnXZI0Nr,24.28.12,Reacting to Entertainment Trends,Channel_254,3,2024-12-27T16:00:00.000Z,trending|review|2024,23922,895,214,262,https://i.ytimg.com/vi/qNjnXYrCJGG/default.jpg,False,False,False,Auto-generated sample description for Entertainment video.
7vkC0zZtdj0,25.12.01,Official Sports Highlights,Channel_2233,14,2025-01-09T13:00:00.000Z,trending|vlog|official,124118,4628,1039,516,https://i.ytimg.com/vi/o9uyidi4hX2/default.jpg,False,False,False,Auto-generated sample description for Sports video.
UBSGgN9fU6l,24.27.03,Top 10 Comedy Moments This Week,Channel_3413,23,2024-03-26T13:00:00.000Z,official|2024|review,10447,509,71,138,https://i.ytimg.com/vi/XJm2OYX16mQ/default.jpg,False,False,False,Auto-generated sample description for Comedy video.
e_cncRyV2-x,24.04.07,Film & Animation Compilation 2024,Channel_1495,10,2024-07-01T12:00:00.000Z,official|vlog|review,7987,386,17,118,https://i.ytimg.com/vi/rS61kSdEySH/default.jpg,False,False,False,Auto-generated sample description for Film & Animation video.
ybGAJsu_VBq,24.24.09,Official Entertainment Highlights,Channel_28,3,2024-09-24T05:00:00.000Z,music|vlog|live,22018,1374,54,58,https://i.ytimg.com/vi/CBbbJagF-1S/default.jpg,False,False,False,Auto-generated sample description for Entertainment video.
cnMfR3QasT5,24.03.05,Behind the Scenes: Comedy,Channel_4002,12,2024-04-29T21:00:00.000Z,music|vlog|trending,14173,452,140,50,https://i.ytimg.com/vi/fPhs7aIYyYi/default.jpg,False,False,False,Auto-generated sample description for Comedy video.
1IyWr01k0yX,24.07.01,Sports Compilation 2024,Channel_3892,4,2024-01-06T09:00:00.000Z,music|2024|vlog,1556,111,2,23,https://i.ytimg.com/vi/Ox0MxXmTI7l/default.jpg,False,False,False,Auto-generated sample description for Sports video.
48eUe8RRfP3,24.20.01,Top 10 Entertainment Moments This Week,Channel_2176,1,2024-01-19T20:00:00.000Z,official|trending|music,214606,2387,1055,3022,https://i.ytimg.com/vi/X4VdmCoz7h4/default.jpg,False,False,False,Auto-generated sample description for Entertainment video.
EJNBwjNcLXw,24.25.07,Why This Entertainment Video Went Viral,Channel_3890,3,2024-07-23T14:00:00.000Z,trending|2024|live,89473,2306,332,390,https://i.ytimg.com/vi/T4xB0u9DDgb/default.jpg,False,False,False,Auto-generated sample description for Entertainment video.
FwifPLX1n-6,24.26.12,Reacting to Gaming Trends,Channel_1542,22,2024-12-23T05:00:00.000Z,music|2024|trending,4990,322,16,63,https://i.ytimg.com/vi/ajJY51i7cVp/default.jpg,False,False,False,Auto-generated sample description for Gaming video.
uO9YrihesdS,24.13.08,Entertainment Compilation 2024,Channel_4837,6,2024-08-13T07:00:00.000Z,vlog|official|review,90701,4270,887,593,https://i.ytimg.com/vi/cdhGMJjS2WE/default.jpg,False,False,False,Auto-generated sample description for Entertainment video.
3txcuo5OwBc,24.29.12,Why This Travel & Events Video Went Viral,Channel_1589,21,2024-12-27T22:00:00.000Z,2024|music|vlog,346,9,3,4,https://i.ytimg.com/vi/D9Yd6xaBtJy/default.jpg,False,False,False,Auto-generated sample description for Travel & Events video.
U1-8IWXPAxJ,24.13.04,Official Entertainment Highlights,Channel_2405,6,2024-04-12T10:00:00.000Z,trending|official|live,55838,3118,130,39,https://i.ytimg.com/vi/1e-4T8K3SR4/default.jpg,False,False,False,Auto-generated sample description for Entertainment video.
wJr5EHXqUlZ,25.24.01,Why This Entertainment Video Went Viral,Channel_1183,6,2025-01-21T20:00:00.000Z,live|vlog|trending,54056,3030,363,969,https://i.ytimg.com/vi/-APnl79YEHi/default.jpg,False,False,False,Auto-generated sample description for Entertainment video.
0z5jcyi4w_-,24.10.05,Behind the Scenes: Entertainment,Channel_3426,1,2024-05-07T13:00:00.000Z,music|2024|trending,100734,7659,217,347,https://i.ytimg.com/vi/W4KwbQdP8LZ/default.jpg,False,False,False,Auto-generated sample description for Entertainment video.
lZOoSDkqiLj,24.11.05,Reacting to Comedy Trends,Channel_1913,12,2024-05-08T07:00:00.000Z,vlog|trending|live,17589,1133,38,110,https://i.ytimg.com/vi/9g32OnG30gn/default.jpg,False,False,False,Auto-generated sample description for Comedy video.
7enQVvxXNjr,25.30.01,Why This Entertainment Video Went Viral,Channel_3161,1,2025-01-28T15:00:00.000Z,official|review|live,114536,2720,81,1795,https://i.ytimg.com/vi/U-5zOoWErax/default.jpg,False,False,False,Auto-generated sample description for Entertainment video.
ghskJgeG4OQ,24.16.04,Why This Entertainment Video Went Viral,Channel_3659,6,2024-04-14T10:00:00.000Z,vlog|2024|live,23176,645,26,242,https://i.ytimg.com/vi/LBtxDiyqiE1/default.jpg,False,False,False,Auto-generated sample description for Entertainment video.
bIX_Ar6OIQ2,24.12.12,Top 10 Entertainment Moments This Week,Channel_3885,3,2024-12-12T16:00:00.000Z,music|vlog|live,14475,637,59,39,https://i.ytimg.com/vi/7gsHMYJSdhW/default.jpg,False,False,False,Auto-generated sample description for Entertainment video.
g1s2LZQ_wII,24.07.03,Why This Entertainment Video Went Viral,Channel_3186,6,2024-03-03T19:00:00.000Z,live|music|review,210367,3524,228,347,https://i.ytimg.com/vi/Jrfw6NFflks/default.jpg,False,False,False,Auto-generated sample description for Entertainment video.
rTkAXJePLnX,24.24.12,Reacting to Nonprofits & Activism Trends,Channel_2720,7,2024-12-21T16:00:00.000Z,live|review|2024,12447,660,91,185,https://i.ytimg.com/vi/ba5_8VjgfAw/default.jpg,False,False,False,Auto-generated sample description for Nonprofits & Activism video.
7KEu27GN2IC,24.16.06,Official Entertainment Highlights,Channel_507,1,2024-06-16T02:00:00.000Z,review|live|vlog,256316,12545,646,550,https://i.ytimg.com/vi/BDTGF539EhT/default.jpg,False,False,False,Auto-generated sample description for Entertainment video.
R1trIAlrktT,24.07.04,Why This Entertainment Video Went Viral,Channel_4108,3,2024-04-06T09:00:00.000Z,trending|review|vlog,36094,1119,350,284,https://i.ytimg.com/vi/zvAc9pIoqQ7/default.jpg,False,False,False,Auto-generated sample description for Entertainment video.
xMGRM8P4inD,24.19.01,Official Film & Animation Highlights,Channel_3063,25,2024-01-15T15:00:00.000Z,review|vlog|2024,4153,225,3,43,https://i.ytimg.com/vi/-AofqMuXLO2/default.jpg,False,False,False,Auto-generated sample description for Film & Animation video.
BmbbySS8rWy,24.13.12,Reacting to Entertainment Trends,Channel_1536,1,2024-12-11T05:00:00.000Z,vlog|2024|official,31612,771,238,504,https://i.ytimg.com/vi/ex-jtXNxoaw/default.jpg,False,False,False,Auto-generated sample description for Entertainment video.
d-F31N_fWOa,24.11.04,Reacting to Sports Trends,Channel_959,4,2024-04-09T19:00:00.000Z,trending|2024|official,49580,580,335,441,https://i.ytimg.com/vi/CES0syQdwjj/default.jpg,False,False,False,Auto-generated sample description for Sports video.
afrwqhTEqvf,24.16.02,Behind the Scenes: Sports,Channel_4805,4,2024-02-12T01:00:00.000Z,live|trending|official,3152,206,27,49,https://i.ytimg.com/vi/XgdL2Xj5obl/default.jpg,False,False,False,Auto-generated sample description for Sports video.
mp-yfY1PhZU,24.01.04,People & Blogs Compilation 2024,Channel_3520,5,2024-03-31T10:00:00.000Z,review|music|live,7504,280,47,34,https://i.ytimg.com/vi/7zp2cESgtNR/default.jpg,True,False,False,Auto-generated sample description for People & Blogs video.
hStJl2GO3MW,24.30.08,Behind the Scenes: Comedy,Channel_3406,12,2024-08-30T02:00:00.000Z,2024|review|vlog,4847,73,24,18,https://i.ytimg.com/vi/G0pJvNbcabo/default.jpg,False,False,False,Auto-generated sample description for Comedy video.
-mc8EwyxsPC,24.08.04,Top 10 Entertainment Moments This Week,Channel_3940,3,2024-04-04T06:00:00.000Z,2024|live|vlog,70239,1858,526,409,https://i.ytimg.com/vi/AEIQfoRJp8_/default.jpg,False,False,False,Auto-generated sample description for Entertainment video.
fgecSlpWuI_,24.14.11,Behind the Scenes: Entertainment,Channel_1956,6,2024-11-12T22:00:00.000Z,trending|live|vlog,53907,1458,301,432,https://i.ytimg.com/vi/MkKhqYXClOS/default.jpg,False,False,False,Auto-generated sample description for Entertainment video.
_R6QmBoCry-,24.16.03,Official Comedy Highlights,Channel_4404,12,2024-03-12T22:00:00.000Z,official|review|vlog,4132,140,40,41,https://i.ytimg.com/vi/XOcnzlFUMnN/default.jpg,False,False,False,Auto-generated sample description for Comedy video.
6fi85FD-eig,24.19.07,Sports Compilation 2024,Channel_2961,4,2024-07-18T07:00:00.000Z,live|2024|music,29745,1022,207,495,https://i.ytimg.com/vi/SL-kx8DketX/default.jpg,False,False,False,Auto-generated sample description for Sports video.
a3cMo3XbUXZ,24.10.06,Official Comedy Highlights,Channel_696,23,2024-06-08T19:00:00.000Z,review|vlog|trending,26335,480,207,67,https://i.ytimg.com/vi/xqlc9O3MCUE/default.jpg,False,False,False,Auto-generated sample description for Comedy video.
oHr0mZp8OY3,24.28.01,Top 10 Film & Animation Moments This Week,Channel_2051,25,2024-01-25T09:00:00.000Z,official|vlog|review,6087,464,10,108,https://i.ytimg.com/vi/WJvwd1tRREg/default.jpg,True,False,False,Auto-generated sample description for Film & Animation video.
6VZFGLmfSDL,24.25.02,Behind the Scenes: Entertainment,Channel_4476,1,2024-02-23T18:00:00.000Z,live|music|trending,195413,9266,476,2266,https://i.ytimg.com/vi/x4u54AKg_yr/default.jpg,False,False,False,Auto-generated sample description for Entertainment video.
l-5mpaCKfwg,24.16.04,Sports Compilation 2024,Channel_1793,4,2024-04-16T15:00:00.000Z,2024|music|review,168066,2323,881,1931,https://i.ytimg.com/vi/NO6Hn8iIach/default.jpg,False,True,False,Auto-generated sample description for Sports video.
vpJcGbklFun,24.17.09,Why This Entertainment Video Went Viral,Channel_4576,3,2024-09-17T16:00:00.000Z,review|vlog|music,9022,556,17,47,https://i.ytimg.com/vi/t7-sIKF51KP/default.jpg,False,False,False,Auto-generated sample description for Entertainment video.
mVzAYQ4N-fn,24.19.09,Why This Entertainment Video Went Viral,Channel_4222,3,2024-09-15T17:00:00.000Z,2024|vlog|music,43320,1786,265,404,https://i.ytimg.com/vi/xbCCqWS2p8W/default.jpg,False,False,False,Auto-generated sample description for Entertainment video.
pXu65d2WT6L,24.07.06,Behind the Scenes: Entertainment,Channel_3476,6,2024-06-06T20:00:00.000Z,official|trending|2024,15719,336,47,53,https://i.ytimg.com/vi/4O7-39Bcf7O/default.jpg,False,False,False,Auto-generated sample description for Entertainment video.
8ECEJ7Klw3_,24.09.11,Behind the Scenes: Comedy,Channel_4097,9,2024-11-07T18:00:00.000Z,2024|official|review,18086,842,179,75,https://i.ytimg.com/vi/g5FVHZaUtk6/default.jpg,False,False,False,Auto-generated sample description for Comedy video.
Q4vbvuSQ_YB,24.12.02,Official Entertainment Highlights,Channel_4195,6,2024-02-08T16:00:00.000Z,trending|review|live,668863,26932,2001,5892,https://i.ytimg.com/vi/_e4ib1qykSK/default.jpg,False,False,False,Auto-generated sample description for Entertainment video.
6aKY-po4uLO,24.25.09,Behind the Scenes: Entertainment,Channel_3090,3,2024-09-22T03:00:00.000Z,live|official|review,19631,974,53,58,https://i.ytimg.com/vi/2VgGn1sY6wI/default.jpg,True,False,False,Auto-generated sample description for Entertainment video.
FsmVY25hij7,24.28.10,Official Entertainment Highlights,Channel_3808,3,2024-10-27T11:00:00.000Z,music|review|official,26043,1752,104,200,https://i.ytimg.com/vi/Quf8kctwkFn/default.jpg,False,False,False,Auto-generated sample description for Entertainment video.
NXnl8ELl9Gl,24.21.08,Why This Film & Animation Video Went Viral,Channel_3340,25,2024-08-17T14:00:00.000Z,review|official|vlog,1818,61,2,15,https://i.ytimg.com/vi/MPkxFARUj1M/default.jpg,False,False,False,Auto-generated sample description for Film & Animation video.
zWzD0NZQcg5,24.24.10,Why This Comedy Video Went Viral,Channel_2146,23,2024-10-21T02:00:00.000Z,live|official|review,8614,221,25,21,https://i.ytimg.com/vi/Oail0UDYH7c/default.jpg,False,False,False,Auto-generated sample description for Comedy video.
9-mAHiNRtJJ,24.31.12,Behind the Scenes: Entertainment,Channel_3549,1,2024-12-29T13:00:00.000Z,official|trending|music,12730,827,15,56,https://i.ytimg.com/vi/OBSdcHzSjJf/default.jpg,False,False,False,Auto-generated sample description for Entertainment video.
ZUmAs6kgeMn,24.13.02,Top 10 Comedy Moments This Week,Channel_3517,12,2024-02-13T22:00:00.000Z,review|official|live,65213,4772,195,1178,https://i.ytimg.com/vi/H8dmucUgmXB/default.jpg,False,False,False,Auto-generated sample description for Comedy video.
YqOCr2U-pov,24.29.04,Reacting to Entertainment Trends,Channel_2401,6,2024-04-28T07:00:00.000Z,trending|vlog|music,26028,436,211,512,https://i.ytimg.com/vi/rBad2wEoBvI/default.jpg,False,False,False,Auto-generated sample description for Entertainment video.
3b-km8stEDP,25.07.01,Behind the Scenes: Comedy,Channel_1007,12,2025-01-05T02:00:00.000Z,live|vlog|review,19703,1283,21,381,https://i.ytimg.com/vi/UAkVFT3v6rN/default.jpg,False,False,False,Auto-generated sample description for Comedy video.
dGnI5_l2vwj,24.29.01,Behind the Scenes: Comedy,Channel_1054,9,2024-01-28T18:00:00.000Z,official|review|2024,1794,125,13,1,https://i.ytimg.com/vi/umZyWq-aB3K/default.jpg,False,False,False,Auto-generated sample description for Comedy video.
DsuBrrGu3z5,24.04.06,Behind the Scenes: Gaming,Channel_1760,22,2024-06-03T20:00:00.000Z,2024|trending|music,6061,374,27,19,https://i.ytimg.com/vi/uRGnLRr-J9S/default.jpg,False,False,False,Auto-generated sample description for Gaming video.
NBIIjaS6MeX,24.01.12,Reacting to Entertainment Trends,Channel_2636,1,2024-11-27T09:00:00.000Z,live|official|review,8567,660,59,94,https://i.ytimg.com/vi/wFqIMIDJVpV/default.jpg,False,True,False,Auto-generated sample description for Entertainment video.
OH_rpP5d22w,24.22.09,Why This Sports Video Went Viral,Channel_5,4,2024-09-20T14:00:00.000Z,music|vlog|2024,84995,2519,342,499,https://i.ytimg.com/vi/wxdMy54pHK8/default.jpg,False,False,False,Auto-generated sample description for Sports video.
wEaP2rggwc8,24.29.07,Reacting to Film & Animation Trends,Channel_4115,25,2024-07-26T00:00:00.000Z,review|music|trending,2041,87,16,27,https://i.ytimg.com/vi/xveqTwoaJsz/default.jpg,False,False,False,Auto-generated sample description for Film & Animation video.
u-qbvOlcbvv,24.10.05,Entertainment Compilation 2024,Channel_4897,3,2024-05-09T18:00:00.000Z,trending|live|official,54589,1023,440,524,https://i.ytimg.com/vi/7FQGBv3eDwv/default.jpg,False,False,False,Auto-generated sample description for Entertainment video.
bD9n-nSgWPs,24.02.04,Why This Entertainment Video Went Viral,Channel_3124,1,2024-03-30T04:00:00.000Z,music|trending|vlog,769,40,0,6,https://i.ytimg.com/vi/VugPoTkxr1X/default.jpg,False,False,False,Auto-generated sample description for Entertainment video.
LJon4oVhEZL,25.05.01,Behind the Scenes: Sports,Channel_4001,14,2025-01-02T11:00:00.000Z,live|2024|review,12087,940,51,76,https://i.ytimg.com/vi/ScnsO2JAIDr/default.jpg,False,False,False,Auto-generated sample description for Sports video.
-jQNxRP-kM4,25.04.02,Reacting to Gaming Trends,Channel_4069,16,2025-02-01T00:00:00.000Z,music|review|2024,2257,160,3,4,https://i.ytimg.com/vi/lkgDUyCZCSt/default.jpg,False,False,False,Auto-generated sample description for Gaming video.
lVP31FoIC7h,24.22.01,Comedy Compilation 2024,Channel_901,12,2024-01-19T14:00:00.000Z,music|official|vlog,956,46,7,18,https://i.ytimg.com/vi/sooRGosXPQp/default.jpg,False,False,False,Auto-generated sample description for Comedy video.
JClB5Hcalho,24.07.12,Official Gaming Highlights,Channel_40,16,2024-12-07T21:00:00.000Z,2024|live|trending,3012,218,14,11,https://i.ytimg.com/vi/vxJIEuXSHOk/default.jpg,False,False,False,Auto-generated sample description for Gaming video.
QPi5oSKEZfB,24.07.12,Why This Education Video Went Viral,Channel_3008,13,2024-12-07T03:00:00.000Z,trending|vlog|official,8927,223,5,49,https://i.ytimg.com/vi/AdKIgfiea1P/default.jpg,False,False,False,Auto-generated sample description for Education video.
ykY8vXXKcEg,24.16.11,Entertainment Compilation 2024,Channel_2843,1,2024-11-13T14:00:00.000Z,music|official|trending,6868,264,13,34,https://i.ytimg.com/vi/d3JcohW5ohn/default.jpg,False,False,False,Auto-generated sample description for Entertainment video.
udWQB_LITTz,24.09.03,Behind the Scenes: Film & Animation,Channel_1542,10,2024-03-08T08:00:00.000Z,music|trending|official,736,30,5,4,https://i.ytimg.com/vi/3XQGFG7ns0p/default.jpg,True,False,False,Auto-generated sample description for Film & Animation video.
Ewhk7fBc-p7,24.20.02,Reacting to Gaming Trends,Channel_3472,16,2024-02-18T14:00:00.000Z,live|review|vlog,46902,3600,238,579,https://i.ytimg.com/vi/PQokov471mU/default.jpg,False,False,False,Auto-generated sample description for Gaming video.
qHX73chGrS4,24.22.08,Travel & Events Compilation 2024,Channel_2586,21,2024-08-19T21:00:00.000Z,2024|music|live,3359,130,26,21,https://i.ytimg.com/vi/RGMSM4TlYiG/default.jpg,False,False,False,Auto-generated sample description for Travel & Events video.
HdcQMMN2vVs,24.23.03,Official Entertainment Highlights,Channel_3449,3,2024-03-19T12:00:00.000Z,official|live|trending,225989,16117,2099,1030,https://i.ytimg.com/vi/6Bg6ZXZ-TtG/default.jpg,False,False,False,Auto-generated sample description for Entertainment video.
P9_bZSinqJV,24.11.03,Official Entertainment Highlights,Channel_3874,1,2024-03-11T03:00:00.000Z,2024|trending|live,3822,126,21,6,https://i.ytimg.com/vi/3CPf1gnrs6p/default.jpg,False,False,False,Auto-generated sample description for Entertainment video.
DTx1ak75w1R,24.10.05,Why This Gaming Video Went Viral,Channel_4137,16,2024-05-09T09:00:00.000Z,music|live|vlog,285155,9348,599,2990,https://i.ytimg.com/vi/3myQHr5akqB/default.jpg,False,False,False,Auto-generated sample description for Gaming video.
vPCfJZ8Nc6m,24.17.03,Behind the Scenes: Entertainment,Channel_3050,3,2024-03-17T07:00:00.000Z,live|review|music,48295,2809,74,230,https://i.ytimg.com/vi/jRZLCP1w6Ry/default.jpg,False,False,False,Auto-generated sample description for Entertainment video.
EWKtoSt1GU7,24.04.05,Official Entertainment Highlights,Channel_3099,1,2024-05-02T02:00:00.000Z,2024|live|trending,237162,6410,256,4144,https://i.ytimg.com/vi/AgAqum3f7am/default.jpg,False,False,False,Auto-generated sample description for Entertainment video.
QR-HlrVmwny,25.13.01,Reacting to Howto & Style Trends,Channel_1598,18,2025-01-12T03:00:00.000Z,official|music|vlog,437,28,0,4,https://i.ytimg.com/vi/8jMIRU83XWt/default.jpg,False,False,False,Auto-generated sample description for Howto & Style video.
rfDNU9Ip4RW,24.02.03,Why This Entertainment Video Went Viral,Channel_1415,6,2024-03-01T14:00:00.000Z,live|music|vlog,157193,12353,654,2066,https://i.ytimg.com/vi/qxLwqD5lZXN/default.jpg,False,False,False,Auto-generated sample description for Entertainment video.
Tk5uiiiOru4,24.03.10,Official Sports Highlights,Channel_4739,4,2024-09-29T17:00:00.000Z,live|vlog|music,3080,49,16,15,https://i.ytimg.com/vi/182Gqgol_Fj/default.jpg,False,False,False,Auto-generated sample description for Sports video.
HYegQxfNRX1,24.30.12,Behind the Scenes: Entertainment,Channel_3281,1,2024-12-28T14:00:00.000Z,vlog|official|music,3532,148,24,3,https://i.ytimg.com/vi/czTA8xr6Dxb/default.jpg,False,False,False,Auto-generated sample description for Entertainment video.
c-03T78ZONB,24.27.07,Behind the Scenes: Entertainment,Channel_2888,1,2024-07-23T08:00:00.000Z,trending|live|review,71470,4506,601,1161,https://i.ytimg.com/vi/mG2EjvLREH6/default.jpg,False,False,False,Auto-generated sample description for Entertainment video.
ZeH7pusuBII,24.16.10,Reacting to Gaming Trends,Channel_4694,16,2024-10-12T12:00:00.000Z,review|official|vlog,11083,532,68,141,https://i.ytimg.com/vi/6MMTYNMQkHw/default.jpg,False,False,False,Auto-generated sample description for Gaming video.
qWh9iCzkIDq,24.09.09,Entertainment Compilation 2024,Channel_3304,6,2024-09-05T12:00:00.000Z,review|official|2024,6722,275,14,78,https://i.ytimg.com/vi/oqBTPHUsQoA/default.jpg,False,False,False,Auto-generated sample description for Entertainment video.
Bh6dEBGZYug,24.21.06,Reacting to Entertainment Trends,Channel_3923,1,2024-06-19T04:00:00.000Z,official|live|trending,462235,13922,4033,8698,https://i.ytimg.com/vi/olyukAPb4EM/default.jpg,False,False,False,Auto-generated sample description for Entertainment video.
pSmlH1r6QY0,24.22.09,Top 10 People & Blogs Moments This Week,Channel_585,5,2024-09-19T14:00:00.000Z,2024|vlog|review,956,44,2,6,https://i.ytimg.com/vi/u7wNDpNIU0S/default.jpg,False,False,False,Auto-generated sample description for People & Blogs video.
eiLHXBFHPPK,24.09.06,Why This Entertainment Video Went Viral,Channel_28,3,2024-06-07T13:00:00.000Z,music|live|vlog,43567,1461,167,829,https://i.ytimg.com/vi/rjMmAkqgTFh/default.jpg,False,False,False,Auto-generated sample description for Entertainment video.
txtfvNi_204,24.06.03,Official Entertainment Highlights,Channel_3309,1,2024-03-05T13:00:00.000Z,review|trending|live,43300,1551,200,733,https://i.ytimg.com/vi/uvW05Lhca9-/default.jpg,False,False,False,Auto-generated sample description for Entertainment video.
ScoslBUQygp,24.09.10,Top 10 Entertainment Moments This Week,Channel_2770,3,2024-10-08T12:00:00.000Z,live|official|review,19624,1187,11,331,https://i.ytimg.com/vi/3HX2C7h28Q3/default.jpg,False,False,False,Auto-generated sample description for Entertainment video.
pjHQ_xcSVOD,24.15.04,Top 10 Comedy Moments This Week,Channel_826,9,2024-04-14T14:00:00.000Z,2024|vlog|trending,20573,1110,96,355,https://i.ytimg.com/vi/PTOatXKVbTA/default.jpg,False,False,False,Auto-generated sample description for Comedy video.
zt0XbmdZRxS,24.02.09,Why This Entertainment Video Went Viral,Channel_2553,3,2024-08-30T07:00:00.000Z,vlog|live|music,50434,675,212,195,https://i.ytimg.com/vi/OwB2nGm3D4c/default.jpg,False,False,False,Auto-generated sample description for Entertainment video.
fSgxLa4D48k,24.18.01,Official Sports Highlights,Channel_2152,4,2024-01-15T07:00:00.000Z,trending|official|review,4693,229,28,4,https://i.ytimg.com/vi/mSdTHvL5KfN/default.jpg,False,False,False,Auto-generated sample description for Sports video.
7-SjPZuroz6,24.28.09,Reacting to Entertainment Trends,Channel_4771,6,2024-09-24T11:00:00.000Z,music|vlog|review,258286,4224,1854,3618,https://i.ytimg.com/vi/YKbN9ZEDbN8/default.jpg,False,False,False,Auto-generated sample description for Entertainment video.
xMr7W-6Jn3R,25.03.02,Top 10 Entertainment Moments This Week,Channel_3643,6,2025-02-02T20:00:00.000Z,official|2024|vlog,40697,2795,121,660,https://i.ytimg.com/vi/4R1A4mWLEYi/default.jpg,False,False,False,Auto-generated sample description for Entertainment video.
VrNj_p3_M-u,24.20.09,Why This Entertainment Video Went Viral,Channel_3333,1,2024-09-20T09:00:00.000Z,vlog|live|official,125382,2089,869,899,https://i.ytimg.com/vi/AwPlbpkdvzp/default.jpg,False,False,False,Auto-generated sample description for Entertainment video.
lqfk6N7HlO8,24.26.10,Behind the Scenes: Entertainment,Channel_3574,1,2024-10-22T18:00:00.000Z,music|trending|official,445511,5776,2031,7520,https://i.ytimg.com/vi/qyhxiwGPtH9/default.jpg,False,False,False,Auto-generated sample description for Entertainment video.
7U5Iy0KuQJw,24.18.10,Reacting to Entertainment Trends,Channel_2537,1,2024-10-15T14:00:00.000Z,vlog|2024|music,20461,932,32,248,https://i.ytimg.com/vi/wXnOLZZ3qa9/default.jpg,False,False,False,Auto-generated sample description for Entertainment video.
Eo4d0EAMJSD,24.09.04,Behind the Scenes: Sports,Channel_3601,4,2024-04-07T11:00:00.000Z,official|music|trending,121411,7685,300,2136,https://i.ytimg.com/vi/wczPXfrMJat/default.jpg,False,False,False,Auto-generated sample description for Sports video.
JLnL6hHK6Pk,25.02.01,Why This Sports Video Went Viral,Channel_1921,14,2024-12-31T07:00:00.000Z,2024|vlog|trending,12248,432,27,142,https://i.ytimg.com/vi/vZc3cqFsbcb/default.jpg,False,False,False,Auto-generated sample description for Sports video.
rI2OOzastxv,24.25.06,Official Entertainment Highlights,Channel_1047,1,2024-06-25T03:00:00.000Z,trending|review|music,1667683,69500,14003,15350,https://i.ytimg.com/vi/ZcAOBwtDv_s/default.jpg,False,False,False,Auto-generated sample description for Entertainment video.
hBkGIvvByqw,24.27.05,Behind the Scenes: Gaming,Channel_2467,16,2024-05-23T09:00:00.000Z,2024|review|music,2422,164,4,44,https://i.ytimg.com/vi/4kfmZzsoED5/default.jpg,False,False,False,Auto-generated sample description for Gaming video.
HSTMG5qt9dg,24.19.04,Why This Sports Video Went Viral,Channel_4227,14,2024-04-18T17:00:00.000Z,trending|vlog|review,12525,585,39,48,https://i.ytimg.com/vi/_HGvwR5zeB-/default.jpg,False,False,False,Auto-generated sample description for Sports video.
4ICsggZaFa6,24.24.07,Entertainment Compilation 2024,Channel_1993,1,2024-07-20T13:00:00.000Z,2024|vlog|review,151239,3578,763,1114,https://i.ytimg.com/vi/9UT4-lO7DCD/default.jpg,False,False,False,Auto-generated sample description for Entertainment video.
exFLhP3L6Wn,24.25.12,Behind the Scenes: Entertainment,Channel_1383,1,2024-12-23T20:00:00.000Z,2024|vlog|trending,30277,1777,59,557,https://i.ytimg.com/vi/ptf7ZtJeTuu/default.jpg,False,False,False,Auto-generated sample description for Entertainment video.
F5tgk8cio5P,24.06.06,Reacting to Entertainment Trends,Channel_2705,3,2024-06-05T12:00:00.000Z,official|vlog|2024,64349,4041,269,464,https://i.ytimg.com/vi/66L9FVof16M/default.jpg,False,False,False,Auto-generated sample description for Entertainment video.
f-pZ--gEcvK,25.11.01,Behind the Scenes: Entertainment,Channel_1111,1,2025-01-09T09:00:00.000Z,live|vlog|music,5667,313,30,8,https://i.ytimg.com/vi/bBCMp9pOOcz/default.jpg,False,False,False,Auto-generated sample description for Entertainment video.
byVIAnF4Cnt,24.19.12,Reacting to Entertainment Trends,Channel_4680,6,2024-12-15T02:00:00.000Z,official|vlog|music,99478,3536,687,76,https://i.ytimg.com/vi/In_U7Drwr9e/default.jpg,False,False,False,Auto-generated sample description for Entertainment video.
YAme1wdJ261,25.18.01,Top 10 Entertainment Moments This Week,Channel_331,1,2025-01-16T17:00:00.000Z,review|live|trending,45191,661,264,314,https://i.ytimg.com/vi/iXiGY9f7W0G/default.jpg,False,False,False,Auto-generated sample description for Entertainment video.
nRHv4wPQ6Db,24.11.06,Reacting to Howto & Style Trends,Channel_840,17,2024-06-08T07:00:00.000Z,trending|vlog|music,3136,249,21,32,https://i.ytimg.com/vi/_rRMwCcqu8x/default.jpg,False,False,False,Auto-generated sample description for Howto & Style video.
v-sEipICKiX,24.11.07,Entertainment Compilation 2024,Channel_1916,6,2024-07-09T17:00:00.000Z,trending|live|2024,433275,30057,2495,5136,https://i.ytimg.com/vi/74U4q747oJ0/default.jpg,False,False,False,Auto-generated sample description for Entertainment video.
Q4KhWDH3-m2,24.06.11,Reacting to Sports Trends,Channel_2379,14,2024-11-03T07:00:00.000Z,review|2024|live,50766,1669,359,909,https://i.ytimg.com/vi/ql_9yXcPEai/default.jpg,False,True,False,Auto-generated sample description for Sports video.
Eou0A9Gj-gA,24.12.01,Top 10 Travel & Events Moments This Week,Channel_1524,15,2024-01-10T21:00:00.000Z,official|music|trending,5105,71,40,82,https://i.ytimg.com/vi/lzDtu8HLVHS/default.jpg,False,False,False,Auto-generated sample description for Travel & Events video.
_wLK46j6Nd0,25.25.01,Entertainment Compilation 2024,Channel_4572,6,2025-01-24T14:00:00.000Z,2024|review|trending,18006,1173,163,301,https://i.ytimg.com/vi/HqaWpB82vy5/default.jpg,False,False,False,Auto-generated sample description for Entertainment video.
Ad__diwjwku,24.25.03,Comedy Compilation 2024,Channel_1780,23,2024-03-23T20:00:00.000Z,official|vlog|trending,10673,668,21,198,https://i.ytimg.com/vi/oU39jewXvvP/default.jpg,False,False,False,Auto-generated sample description for Comedy video.
KLD-xxGdmvT,24.04.04,Reacting to Film & Animation Trends,Channel_1087,25,2024-03-31T18:00:00.000Z,music|review|official,5342,411,24,75,https://i.ytimg.com/vi/FxfiuptL9Y1/default.jpg,False,False,False,Auto-generated sample description for Film & Animation video.
m-vIgB8SkB-,24.27.11,People & Blogs Compilation 2024,Channel_4384,5,2024-11-23T06:00:00.000Z,review|official|trending,14159,165,65,54,https://i.ytimg.com/vi/oMnW_mLPita/default.jpg,False,False,False,Auto-generated sample description for People & Blogs video.
RlHfVZLSBGg,24.22.11,Official Entertainment Highlights,Channel_386,1,2024-11-18T16:00:00.000Z,review|2024|official,5072,373,31,28,https://i.ytimg.com/vi/w58vrR8Pgqw/default.jpg,False,False,False,Auto-generated sample description for Entertainment video.
x8vVIKUObFb,24.29.03,People & Blogs Compilation 2024,Channel_4724,5,2024-03-29T16:00:00.000Z,official|trending|live,10596,149,105,178,https://i.ytimg.com/vi/QG284tEW4-y/default.jpg,False,False,False,Auto-generated sample description for People & Blogs video.
aZ2xZ9Mbe6A,24.20.04,Entertainment Compilation 2024,Channel_1116,3,2024-04-19T10:00:00.000Z,live|trending|music,200996,7114,828,1058,https://i.ytimg.com/vi/_XJbBZiKTMG/default.jpg,False,False,False,Auto-generated sample description for Entertainment video.
WQcPJMjIwqC,24.10.04,Why This Entertainment Video Went Viral,Channel_3290,6,2024-04-06T00:00:00.000Z,music|vlog|live,411304,20735,2984,5636,https://i.ytimg.com/vi/rDTik-MZy1F/default.jpg,False,False,False,Auto-generated sample description for Entertainment video.
8aHDRn-Vyk4,24.26.12,Top 10 People & Blogs Moments This Week,Channel_3458,5,2024-12-23T10:00:00.000Z,review|music|vlog,93893,7372,902,1207,https://i.ytimg.com/vi/HPYzjG5Ynw1/default.jpg,False,False,False,Auto-generated sample description for People & Blogs video.
QOy89k21fZQ,24.30.04,Official Entertainment Highlights,Channel_860,6,2024-04-26T08:00:00.000Z,trending|review|vlog,3947,259,17,31,https://i.ytimg.com/vi/5KM8yxk85PL/default.jpg,False,False,False,Auto-generated sample description for Entertainment video.
fRRyNV1KDv7,24.13.08,Reacting to Gaming Trends,Channel_2992,16,2024-08-11T08:00:00.000Z,official|music|vlog,4448,122,32,35,https://i.ytimg.com/vi/P2Ut86gkSXu/default.jpg,False,False,False,Auto-generated sample description for Gaming video.
Vq5tdfPGYEn,24.05.10,Entertainment Compilation 2024,Channel_2274,3,2024-10-03T05:00:00.000Z,vlog|2024|music,558302,34156,4273,4536,https://i.ytimg.com/vi/ZZNzuE-QQAz/default.jpg,False,False,False,Auto-generated sample description for Entertainment video.
tTKPvwbY23P,24.06.12,Top 10 Nonprofits & Activism Moments This Week,Channel_2120,7,2024-12-04T07:00:00.000Z,2024|trending|review,1230,71,11,7,https://i.ytimg.com/vi/lecctkafcAv/default.jpg,False,False,False,Auto-generated sample description for Nonprofits & Activism video.
ZGNiYs_-0Sa,24.24.04,Top 10 Sports Moments This Week,Channel_4989,4,2024-04-20T22:00:00.000Z,review|official|live,60738,3681,528,995,https://i.ytimg.com/vi/ThktroUzVz6/default.jpg,False,False,False,Auto-generated sample description for Sports video.
7YYoWvKryBd,25.16.01,Official Gaming Highlights,Channel_397,16,2025-01-15T19:00:00.000Z,review|2024|music,6367,84,21,106,https://i.ytimg.com/vi/o47LNYcCLWH/default.jpg,False,False,False,Auto-generated sample description for Gaming video.
zmqACoOCI_W,24.13.02,Top 10 Comedy Moments This Week,Channel_845,12,2024-02-12T03:00:00.000Z,review|2024|official,86442,3996,352,250,https://i.ytimg.com/vi/jdC5SnMnWJ0/default.jpg,False,False,False,Auto-generated sample description for Comedy video.
6yq4YeuL0BU,25.22.01,Why This Entertainment Video Went Viral,Channel_2915,1,2025-01-19T17:00:00.000Z,vlog|review|music,43996,1615,204,535,https://i.ytimg.com/vi/isikHSqPyRU/default.jpg,False,True,False,Auto-generated sample description for Entertainment video.
-hRLGUmHOsj,24.15.08,Official Comedy Highlights,Channel_1121,12,2024-08-14T10:00:00.000Z,music|vlog|live,2569,155,18,26,https://i.ytimg.com/vi/8a5jF2cKqis/default.jpg,False,False,False,Auto-generated sample description for Comedy video.
-8TskfhK3OM,24.19.07,Top 10 Entertainment Moments This Week,Channel_2844,3,2024-07-18T02:00:00.000Z,vlog|official|2024,35641,1242,162,420,https://i.ytimg.com/vi/XsxvhPIKm6l/default.jpg,True,False,False,Auto-generated sample description for Entertainment video.
B0e7bWG_sEQ,24.03.02,Behind the Scenes: Sports,Channel_1540,14,2024-02-03T11:00:00.000Z,trending|vlog|review,13377,795,48,8,https://i.ytimg.com/vi/Qk7UrgM79cf/default.jpg,False,False,True,Auto-generated sample description for Sports video.
7FvURBu6NBD,24.17.11,Top 10 Comedy Moments This Week,Channel_3234,9,2024-11-13T05:00:00.000Z,review|live|vlog,63,3,0,0,https://i.ytimg.com/vi/Rh2AMA6ErDa/default.jpg,False,False,False,Auto-generated sample description for Comedy video.
dFhPLkOvhB_,25.01.02,Official Entertainment Highlights,Channel_358,6,2025-01-31T19:00:00.000Z,review|music|vlog,28994,477,81,526,https://i.ytimg.com/vi/JIBBeUfgEGf/default.jpg,False,False,False,Auto-generated sample description for Entertainment video.
9ZLYVPMtuSx,25.24.01,Education Compilation 2024,Channel_3604,13,2025-01-22T10:00:00.000Z,2024|trending|official,7801,199,32,109,https://i.ytimg.com/vi/7QU3LNsw__R/default.jpg,False,False,False,Auto-generated sample description for Education video.
4NJrxwl2XhT,24.11.01,Top 10 People & Blogs Moments This Week,Channel_1564,20,2024-01-10T15:00:00.000Z,trending|music|official,576,22,0,9,https://i.ytimg.com/vi/5jKxcCO6_5C/default.jpg,False,False,False,Auto-generated sample description for People & Blogs video.
BWsDi-RSAB7,24.14.09,Top 10 Gaming Moments This Week,Channel_2438,16,2024-09-13T21:00:00.000Z,2024|review|vlog,4677,138,20,52,https://i.ytimg.com/vi/Bh3OTs63TMX/default.jpg,False,False,False,Auto-generated sample description for Gaming video.
-CdF-PnINqz,25.20.01,Comedy Compilation 2024,Channel_4360,9,2025-01-18T19:00:00.000Z,2024|review|music,1448,105,4,25,https://i.ytimg.com/vi/c6OdOYkmSTU/default.jpg,False,False,False,Auto-generated sample description for Comedy video.
pZWnlVdi-j4,24.12.04,Top 10 Sports Moments This Week,Channel_4856,14,2024-04-10T18:00:00.000Z,2024|music|vlog,583476,25483,3602,11379,https://i.ytimg.com/vi/x1BoTZvHxhX/default.jpg,False,False,False,Auto-generated sample description for Sports video.
91bRIFQtZqi,24.04.12,Behind the Scenes: Entertainment,Channel_2437,6,2024-11-30T08:00:00.000Z,vlog|2024|music,112985,6219,907,1309,https://i.ytimg.com/vi/aqFw_ne8FqR/default.jpg,False,False,False,Auto-generated sample description for Entertainment video.
ezMhP0GAk4r,24.31.12,Official Gaming Highlights,Channel_471,16,2024-12-29T01:00:00.000Z,vlog|review|official,8479,561,26,78,https://i.ytimg.com/vi/YAijX6ci_AS/default.jpg,True,False,False,Auto-generated sample description for Gaming video.
nCmtTL4a_yG,25.16.01,Official Pets & Animals Highlights,Channel_1934,19,2025-01-13T11:00:00.000Z,official|vlog|music,15382,954,132,229,https://i.ytimg.com/vi/RJa50G9oXqI/default.jpg,False,False,False,Auto-generated sample description for Pets & Animals video.
DKb7rc4GSJQ,24.11.08,Behind the Scenes: Entertainment,Channel_2469,1,2024-08-09T17:00:00.000Z,music|live|vlog,772032,45641,1134,5911,https://i.ytimg.com/vi/u49Waqmg23-/default.jpg,False,False,False,Auto-generated sample description for Entertainment video.
KGISpeZ4-Ms,24.12.08,Official Entertainment Highlights,Channel_64,3,2024-08-10T05:00:00.000Z,review|trending|live,31274,2146,94,391,https://i.ytimg.com/vi/b1AJLz-ncGv/default.jpg,False,False,False,Auto-generated sample description for Entertainment video.
D6ERAH6qN1y,24.15.07,Top 10 Entertainment Moments This Week,Channel_1322,3,2024-07-13T19:00:00.000Z,official|live|review,28251,1898,137,58,https://i.ytimg.com/vi/dxx55HYayDG/default.jpg,False,False,False,Auto-generated sample description for Entertainment video.
_-QruxkufeN,24.27.06,Official Entertainment Highlights,Channel_1232,3,2024-06-23T16:00:00.000Z,live|vlog|official,156009,11617,308,1072,https://i.ytimg.com/vi/rgyC9AMVATe/default.jpg,False,False,False,Auto-generated sample description for Entertainment video.
zZW1Jy0RWMj,24.26.12,Behind the Scenes: Entertainment,Channel_4727,6,2024-12-26T17:00:00.000Z,2024|trending|official,8679,567,63,155,https://i.ytimg.com/vi/oCNLOPFuX__/default.jpg,False,False,False,Auto-generated sample description for Entertainment video.
AlYnY1ZDFMx,25.04.01,Behind the Scenes: Entertainment,Channel_285,3,2025-01-01T20:00:00.000Z,trending|music|vlog,6517,492,40,71,https://i.ytimg.com/vi/RHoWwL76aTH/default.jpg,False,False,False,Auto-generated sample description for Entertainment video.
e2VI_YTmx29,24.23.01,Reacting to Comedy Trends,Channel_2241,9,2024-01-20T05:00:00.000Z,trending|music|2024,12658,227,97,244,https://i.ytimg.com/vi/TCSmzFHU0vB/default.jpg,False,False,False,Auto-generated sample description for Comedy video.
ttBgM-ZeR25,24.11.05,Entertainment Compilation 2024,Channel_2983,1,2024-05-08T20:00:00.000Z,vlog|2024|music,24639,395,75,168,https://i.ytimg.com/vi/vIBDMHmNW-X/default.jpg,False,False,False,Auto-generated sample description for Entertainment video.
vmKC8BRugCk,24.08.12,Reacting to Entertainment Trends,Channel_658,3,2024-12-06T21:00:00.000Z,vlog|2024|trending,274704,3007,1253,1839,https://i.ytimg.com/vi/15HH535zqa6/default.jpg,False,False,False,Auto-generated sample description for Entertainment video.
osY_k7hoRD7,24.25.05,Why This Comedy Video Went Viral,Channel_172,12,2024-05-24T21:00:00.000Z,official|review|music,1995,21,7,31,https://i.ytimg.com/vi/iMOpp9KvXkN/default.jpg,False,False,False,Auto-generated sample description for Comedy video.
vvQB6dogES5,25.15.01,Reacting to Entertainment Trends,Channel_2262,6,2025-01-12T13:00:00.000Z,live|music|trending,27675,667,65,254,https://i.ytimg.com/vi/oedNwGZeptT/default.jpg,False,False,False,Auto-generated sample description for Entertainment video.
wZDmQgjb334,24.07.04,Official Entertainment Highlights,Channel_2200,6,2024-04-04T07:00:00.000Z,vlog|live|trending,33867,472,38,558,https://i.ytimg.com/vi/T5cBPJfXItu/default.jpg,False,False,False,Auto-generated sample description for Entertainment video.
-Yk1KKjwktE,24.25.10,Why This Gaming Video Went Viral,Channel_4666,16,2024-10-22T05:00:00.000Z,2024|music|official,1957,75,1,18,https://i.ytimg.com/vi/A_fYs7sCQrY/default.jpg,False,False,False,Auto-generated sample description for Gaming video.
8hP8n3uJ_VM,24.06.07,Behind the Scenes: Film & Animation,Channel_4038,25,2024-07-02T09:00:00.000Z,music|vlog|review,11768,865,112,6,https://i.ytimg.com/vi/3G0pIWJFTZf/default.jpg,False,False,False,Auto-generated sample description for Film & Animation video.
64QDrN5RBAf,24.07.10,Top 10 Comedy Moments This Week,Channel_3201,9,2024-10-03T14:00:00.000Z,music|trending|vlog,3944,208,9,7,https://i.ytimg.com/vi/AqWcFYoV4Kq/default.jpg,False,False,False,Auto-generated sample description for Comedy video.
5bB5k7j3Pc6,24.20.11,Why This Entertainment Video Went Viral,Channel_3304,1,2024-11-16T20:00:00.000Z,review|music|live,303939,16465,1706,5569,https://i.ytimg.com/vi/fG0RMPWO3XC/default.jpg,False,False,False,Auto-generated sample description for Entertainment video.
oAsrwAhKxmh,24.13.09,Top 10 Entertainment Moments This Week,Channel_4032,1,2024-09-11T09:00:00.000Z,trending|vlog|review,84267,5071,592,328,https://i.ytimg.com/vi/xdM5B_flwDz/default.jpg,False,False,False,Auto-generated sample description for Entertainment video.
_8Sakwqqtdi,24.03.03,Top 10 Science & Technology Moments This Week,Channel_1714,24,2024-03-03T12:00:00.000Z,2024|music|official,65773,4086,468,715,https://i.ytimg.com/vi/P8IaPg8LkkC/default.jpg,False,False,False,Auto-generated sample description for Science & Technology video.
NEs3ClEbcBF,24.29.08,Behind the Scenes: Comedy,Channel_1620,12,2024-08-27T20:00:00.000Z,review|live|2024,3047,109,27,26,https://i.ytimg.com/vi/6zZiMhK_0jK/default.jpg,False,False,False,Auto-generated sample description for Comedy video.
nojbYKtxvEi,24.15.08,Reacting to Travel & Events Trends,Channel_4018,15,2024-08-12T22:00:00.000Z,vlog|trending|review,10928,213,43,25,https://i.ytimg.com/vi/RAsfieja9uD/default.jpg,False,False,False,Auto-generated sample description for Travel & Events video.
_M4EelNIpaA,24.18.04,Why This Comedy Video Went Viral,Channel_2208,12,2024-04-16T22:00:00.000Z,official|live|review,14958,440,139,145,https://i.ytimg.com/vi/F-LrIMl_QH8/default.jpg,False,False,False,Auto-generated sample description for Comedy video.
ykhiV4ilbLE,24.12.07,Reacting to Entertainment Trends,Channel_4856,3,2024-07-12T21:00:00.000Z,2024|trending|live,543511,6765,1192,8847,https://i.ytimg.com/vi/ENldtMsSfPX/default.jpg,False,False,False,Auto-generated sample description for Entertainment video.
LKi7731l824,24.23.08,Reacting to Entertainment Trends,Channel_1532,6,2024-08-19T15:00:00.000Z,trending|2024|live,1169,70,7,12,https://i.ytimg.com/vi/cMv_UlhlNig/default.jpg,False,False,False,Auto-generated sample description for Entertainment video.
wBgXSmo90uP,24.12.03,Official Gaming Highlights,Channel_2622,16,2024-03-12T22:00:00.000Z,live|trending|vlog,18862,795,123,125,https://i.ytimg.com/vi/dfN1dUJ1dVf/default.jpg,False,False,False,Auto-generated sample description for Gaming video.
8bHqgK9Ac44,24.28.01,Why This Travel & Events Video Went Viral,Channel_1040,21,2024-01-26T02:00:00.000Z,2024|live|vlog,1217,64,1,1,https://i.ytimg.com/vi/vGLoDDyPgwj/default.jpg,False,False,False,Auto-generated sample description for Travel & Events video.
BOrzQd3w7Nk,24.01.05,Reacting to Entertainment Trends,Channel_3032,3,2024-04-30T09:00:00.000Z,2024|music|trending,102807,3489,468,1254,https://i.ytimg.com/vi/zvYeHmWmNCR/default.jpg,False,False,False,Auto-generated sample description for Entertainment video.
tNSO5K1LDzD,25.25.01,Official Comedy Highlights,Channel_2231,9,2025-01-25T19:00:00.000Z,review|music|live,21721,807,13,386,https://i.ytimg.com/vi/fRkpUSERa3q/default.jpg,False,False,False,Auto-generated sample description for Comedy video.
JiGE4zEBiwA,24.10.11,Reacting to Autos & Vehicles Trends,Channel_4345,2,2024-11-06T03:00:00.000Z,2024|vlog|official,8654,433,12,161,https://i.ytimg.com/vi/RZRhurbcVyM/default.jpg,False,False,False,Auto-generated sample description for Autos & Vehicles video.
5ViBxJYPjyV,25.23.01,Behind the Scenes: Comedy,Channel_815,23,2025-01-22T13:00:00.000Z,official|2024|music,15162,634,30,51,https://i.ytimg.com/vi/vfoHf6CJca5/default.jpg,False,False,False,Auto-generated sample description for Comedy video.
mdCo4EN3zwm,24.29.12,Why This Entertainment Video Went Viral,Channel_2945,3,2024-12-28T14:00:00.000Z,live|vlog|review,21787,1552,200,407,https://i.ytimg.com/vi/7Pzn_PqWmxu/default.jpg,False,False,False,Auto-generated sample description for Entertainment video.
Oz_QkDRefxs,24.27.04,Behind the Scenes: Sports,Channel_3875,14,2024-04-23T14:00:00.000Z,vlog|official|music,5329,98,11,47,https://i.ytimg.com/vi/-V-HrDSkeu3/default.jpg,False,False,False,Auto-generated sample description for Sports video.
MjXDJK-7x-1,24.13.02,Behind the Scenes: Entertainment,Channel_1629,3,2024-02-10T01:00:00.000Z,trending|vlog|live,5201,253,23,74,https://i.ytimg.com/vi/aSVkU7aGTyD/default.jpg,True,False,False,Auto-generated sample description for Entertainment video.
sX8LLCE_AoH,24.01.10,Reacting to Film & Animation Trends,Channel_93,10,2024-09-29T09:00:00.000Z,live|trending|music,3831,147,14,5,https://i.ytimg.com/vi/DcgnaClioMb/default.jpg,False,False,False,Auto-generated sample description for Film & Animation video.
j1BGNKDhQBM,24.25.02,Why This Comedy Video Went Viral,Channel_3923,12,2024-02-22T04:00:00.000Z,official|review|music,10308,635,26,137,https://i.ytimg.com/vi/sDsmYkD6kPd/default.jpg,False,False,False,Auto-generated sample description for Comedy video.
WCSRLsN31B4,25.07.01,Top 10 Sports Moments This Week,Channel_431,4,2025-01-06T20:00:00.000Z,live|review|vlog,13944,412,125,207,https://i.ytimg.com/vi/Ctq9hNHEr9L/default.jpg,False,False,False,Auto-generated sample description for Sports video.
UgvEFpdmTJd,24.04.01,Why This Howto & Style Video Went Viral,Channel_762,18,2024-01-01T02:00:00.000Z,official|live|trending,10078,367,71,73,https://i.ytimg.com/vi/w8C-IfHJ_li/default.jpg,False,False,False,Auto-generated sample description for Howto & Style video.
jK0mDBSH4yF,24.18.06,Gaming Compilation 2024,Channel_482,22,2024-06-14T04:00:00.000Z,live|official|vlog,7580,393,65,113,https://i.ytimg.com/vi/SYyLpHoT76o/default.jpg,False,False,False,Auto-generated sample description for Gaming video.
y21UrUnHnax,24.25.06,People & Blogs Compilation 2024,Channel_2279,20,2024-06-25T02:00:00.000Z,official|vlog|2024,2902,111,27,13,https://i.ytimg.com/vi/JV0StVc-2yD/default.jpg,False,False,False,Auto-generated sample description for People & Blogs video.
VD_oxmLYFg_,24.18.11,Official Sports Highlights,Channel_476,4,2024-11-18T20:00:00.000Z,trending|official|review,9509,560,35,132,https://i.ytimg.com/vi/AcGvYBtEigw/default.jpg,False,False,False,Auto-generated sample description for Sports video.
LzYY-DPsmZc,24.13.10,Behind the Scenes: Sports,Channel_2025,14,2024-10-10T04:00:00.000Z,official|music|live,16501,334,117,127,https://i.ytimg.com/vi/6JaBAIYJ8zU/default.jpg,False,False,False,Auto-generated sample description for Sports video.
nPLt1r06ku0,24.11.10,Reacting to Comedy Trends,Channel_3913,9,2024-10-08T15:00:00.000Z,music|review|live,14851,324,94,104,https://i.ytimg.com/vi/3il0X4Cxsp6/default.jpg,False,False,False,Auto-generated sample description for Comedy video.
MH-9wdJRCC4,24.17.08,Reacting to Comedy Trends,Channel_3173,9,2024-08-16T17:00:00.000Z,trending|2024|review,3149,206,28,6,https://i.ytimg.com/vi/m3r6ZtIF0gZ/default.jpg,False,False,False,Auto-generated sample description for Comedy video.
ABj8-AU1Cxj,24.26.09,Official Entertainment Highlights,Channel_4126,6,2024-09-23T14:00:00.000Z,2024|trending|music,73678,2113,437,562,https://i.ytimg.com/vi/XsX94CQogT7/default.jpg,False,False,False,Auto-generated sample description for Entertainment video.
aeL5H6uDZmX,24.25.03,Film & Animation Compilation 2024,Channel_1264,10,2024-03-21T06:00:00.000Z,vlog|review|trending,10893,694,74,33,https://i.ytimg.com/vi/f4qYXD2-52D/default.jpg,False,False,False,Auto-generated sample description for Film & Animation video.
bc5UVbGbJoz,24.12.06,Behind the Scenes: Entertainment,Channel_1896,1,2024-06-10T18:00:00.000Z,review|trending|vlog,93972,1070,173,105,https://i.ytimg.com/vi/gmi6Otqa8b_/default.jpg,False,False,False,Auto-generated sample description for Entertainment video.
ZpwV1i12Hfv,24.27.09,Behind the Scenes: Entertainment,Channel_31,6,2024-09-26T19:00:00.000Z,live|trending|music,95972,1279,476,1520,https://i.ytimg.com/vi/svwMLX3k0Pl/default.jpg,False,False,False,Auto-generated sample description for Entertainment video.
ZT_gMBzzwzH,24.07.05,Official Entertainment Highlights,Channel_4735,3,2024-05-04T02:00:00.000Z,vlog|music|live,43063,2471,90,706,https://i.ytimg.com/vi/Yj6ZGU54Lv4/default.jpg,False,False,False,Auto-generated sample description for Entertainment video.
6dPM7tgr3IX,24.14.09,Reacting to Entertainment Trends,Channel_2682,3,2024-09-13T22:00:00.000Z,review|live|trending,1267,91,11,7,https://i.ytimg.com/vi/06G8oj20f-D/default.jpg,False,False,False,Auto-generated sample description for Entertainment video.
588ZXfgwubd,24.17.07,Reacting to Entertainment Trends,Channel_2048,1,2024-07-14T20:00:00.000Z,vlog|review|2024,10768,793,15,200,https://i.ytimg.com/vi/NqBvrFROxsd/default.jpg,False,False,False,Auto-generated sample description for Entertainment video.
ZxnscvUHdGn,25.08.01,Official Entertainment Highlights,Channel_1550,3,2025-01-04T21:00:00.000Z,trending|2024|official,31130,1995,35,396,https://i.ytimg.com/vi/HSuQOm4XO1C/default.jpg,False,False,False,Auto-generated sample description for Entertainment video.
w0s9V-thymK,24.01.09,Reacting to Gaming Trends,Channel_1610,16,2024-09-01T00:00:00.000Z,review|music|2024,19035,1034,109,235,https://i.ytimg.com/vi/mMEwUL5fc1o/default.jpg,False,False,False,Auto-generated sample description for Gaming video.
Mh_mnC2G2gX,24.19.11,Reacting to Comedy Trends,Channel_4363,9,2024-11-16T22:00:00.000Z,trending|2024|review,3408,109,11,14,https://i.ytimg.com/vi/Odyms69eRy_/default.jpg,False,False,False,Auto-generated sample description for Comedy video.
Gx5gD7_zDad,24.27.03,Why This Entertainment Video Went Viral,Channel_741,1,2024-03-25T02:00:00.000Z,official|vlog|live,21348,1534,54,74,https://i.ytimg.com/vi/v1NMpbHrAsb/default.jpg,False,False,False,Auto-generated sample description for Entertainment video.
WwyCH-iDMvl,25.31.01,Official Gaming Highlights,Channel_2333,16,2025-01-28T21:00:00.000Z,2024|vlog|official,20546,1518,130,154,https://i.ytimg.com/vi/Y7O-CvOkGnQ/default.jpg,False,False,False,Auto-generated sample description for Gaming video.
Cto6tG8Zo7J,24.28.01,Official Gaming Highlights,Channel_1872,22,2024-01-26T12:00:00.000Z,official|vlog|live,7985,626,49,141,https://i.ytimg.com/vi/efQXIp5t-AI/default.jpg,False,False,False,Auto-generated sample description for Gaming video.
DxXyanOhqqz,24.26.01,Official Gaming Highlights,Channel_4838,22,2024-01-22T09:00:00.000Z,live|review|music,22329,359,15,139,https://i.ytimg.com/vi/CA7dGPfB0c_/default.jpg,False,False,False,Auto-generated sample description for Gaming video.
JQprVo4sQQX,24.01.03,Howto & Style Compilation 2024,Channel_1983,18,2024-02-28T06:00:00.000Z,music|2024|review,1197,68,0,20,https://i.ytimg.com/vi/t82zL41UYmr/default.jpg,False,False,False,Auto-generated sample description for Howto & Style video.
SOupneQBkYo,24.30.07,Why This Film & Animation Video Went Viral,Channel_3133,25,2024-07-30T15:00:00.000Z,review|2024|vlog,2231,178,17,32,https://i.ytimg.com/vi/R4nBIjoqsib/default.jpg,False,False,False,Auto-generated sample description for Film & Animation video.
G5ZOTLTfPPH,24.08.04,Behind the Scenes: Comedy,Channel_4241,9,2024-04-06T05:00:00.000Z,official|trending|vlog,21032,1659,206,142,https://i.ytimg.com/vi/fXgNE8KMJaY/default.jpg,False,False,False,Auto-generated sample description for Comedy video.
UNgSqncxa_7,24.21.04,Comedy Compilation 2024,Channel_1590,23,2024-04-20T17:00:00.000Z,music|trending|vlog,447285,24777,541,1127,https://i.ytimg.com/vi/lQDcuCAzX75/default.jpg,False,False,False,Auto-generated sample description for Comedy video.
Nms5nCsVCFr,24.22.10,Reacting to Comedy Trends,Channel_2929,23,2024-10-19T06:00:00.000Z,trending|review|vlog,44458,2488,355,288,https://i.ytimg.com/vi/HcMk2w-Jwrm/default.jpg,False,False,False,Auto-generated sample description for Comedy video.
PMINSbsM0jc,25.04.01,Reacting to Sports Trends,Channel_578,4,2025-01-01T03:00:00.000Z,2024|trending|music,5572,417,54,86,https://i.ytimg.com/vi/a_nF9--DbQm/default.jpg,False,False,False,Auto-generated sample description for Sports video.
_whNfFwMbKM,24.17.10,Official Travel & Events Highlights,Channel_841,21,2024-10-15T19:00:00.000Z,live|music|2024,2085,61,11,31,https://i.ytimg.com/vi/R2ANzZiJRUe/default.jpg,False,False,False,Auto-generated sample description for Travel & Events video.
32264SXLZzW,24.04.08,Top 10 Gaming Moments This Week,Channel_1690,16,2024-07-31T16:00:00.000Z,review|live|music,2640,190,22,13,https://i.ytimg.com/vi/Km0Tyka8eiM/default.jpg,False,False,False,Auto-generated sample description for Gaming video.
u8DqIX7DlNX,24.23.11,Why This Gaming Video Went Viral,Channel_1292,16,2024-11-22T01:00:00.000Z,official|music|trending,10860,357,40,66,https://i.ytimg.com/vi/wEsHz03N5-B/default.jpg,False,False,False,Auto-generated sample description for Gaming video.
vvlFDrNaYjZ,24.31.07,Reacting to Gaming Trends,Channel_2365,22,2024-07-28T22:00:00.000Z,2024|music|official,1648,63,3,20,https://i.ytimg.com/vi/Yt5GVdU0TvW/default.jpg,False,False,False,Auto-generated sample description for Gaming video.
CjtRgxOYvk4,24.13.10,Why This Entertainment Video Went Viral,Channel_3894,6,2024-10-12T10:00:00.000Z,2024|music|official,2338797,53896,18090,26327,https://i.ytimg.com/vi/MhMsInKs1OW/default.jpg,False,False,False,Auto-generated sample description for Entertainment video.
dd4uN7YXbTB,24.17.09,Official Entertainment Highlights,Channel_1785,6,2024-09-15T16:00:00.000Z,trending|vlog|2024,106052,7283,873,389,https://i.ytimg.com/vi/A7K9WWC_89x/default.jpg,False,False,False,Auto-generated sample description for Entertainment video.
jw-0nrs2nuJ,24.17.09,Reacting to Comedy Trends,Channel_4778,12,2024-09-17T16:00:00.000Z,trending|review|2024,2792,200,18,40,https://i.ytimg.com/vi/5KjNe0pw6SZ/default.jpg,False,False,False,Auto-generated sample description for Comedy video.
ysPYIjdWuJ6,24.17.09,Official Sports Highlights,Channel_3172,14,2024-09-17T13:00:00.000Z,official|2024|trending,4487,134,37,80,https://i.ytimg.com/vi/y1OixdRHoTq/default.jpg,False,False,False,Auto-generated sample description for Sports video.
9ao1WrctEyW,25.02.02,Top 10 Gaming Moments This Week,Channel_4028,22,2025-02-01T07:00:00.000Z,music|2024|official,38529,2034,49,103,https://i.ytimg.com/vi/FjA8QXrzPLC/default.jpg,False,False,False,Auto-generated sample description for Gaming video.
1CTUrLgRfhJ,24.25.07,Why This Gaming Video Went Viral,Channel_719,22,2024-07-23T00:00:00.000Z,vlog|music|2024,12891,711,64,205,https://i.ytimg.com/vi/W0bVfOuHBkR/default.jpg,False,False,False,Auto-generated sample description for Gaming video.
-hvon0XZfux,24.04.07,Behind the Scenes: Sports,Channel_768,14,2024-07-02T04:00:00.000Z,official|trending|vlog,11477,779,18,54,https://i.ytimg.com/vi/YS3m9oUHyXl/default.jpg,False,False,False,Auto-generated sample description for Sports video.
XNKzK7KDgDL,24.18.10,Reacting to Comedy Trends,Channel_1161,23,2024-10-15T02:00:00.000Z,2024|review|trending,7359,564,9,86,https://i.ytimg.com/vi/IRY3inQSZj0/default.jpg,False,False,False,Auto-generated sample description for Comedy video.
_21dj8uWmK8,24.03.04,Top 10 Entertainment Moments This Week,Channel_140,3,2024-03-31T13:00:00.000Z,2024|official|trending,296671,17931,1258,5473,https://i.ytimg.com/vi/dt6_r_zbo2N/default.jpg,False,False,False,Auto-generated sample description for Entertainment video.
VYOIz2LMCcY,24.25.03,Behind the Scenes: Comedy,Channel_2242,23,2024-03-22T17:00:00.000Z,music|official|vlog,70369,5218,91,1031,https://i.ytimg.com/vi/7TS6ziR258q/default.jpg,False,False,False,Auto-generated sample description for Comedy video.
Du9ZBlYK_A5,25.25.01,Entertainment Compilation 2024,Channel_4288,1,2025-01-23T15:00:00.000Z,2024|vlog|review,22514,1537,110,250,https://i.ytimg.com/vi/U0L_nk9TDIe/default.jpg,False,False,False,Auto-generated sample description for Entertainment video.
Sol-O1BKJh0,24.20.05,Official Comedy Highlights,Channel_1249,9,2024-05-17T12:00:00.000Z,music|review|trending,13272,317,9,92,https://i.ytimg.com/vi/mXx3119u6EB/default.jpg,False,False,False,Auto-generated sample description for Comedy video.
i0wMy1jqff3,24.22.09,Entertainment Compilation 2024,Channel_4558,1,2024-09-20T01:00:00.000Z,vlog|trending|2024,122157,6366,1125,501,https://i.ytimg.com/vi/u26pV2lM7bj/default.jpg,False,False,False,Auto-generated sample description for Entertainment video.
GTLkWJXd-nS,24.03.04,Official Comedy Highlights,Channel_10,9,2024-03-31T16:00:00.000Z,2024|vlog|review,2043,25,7,35,https://i.ytimg.com/vi/SvQzgeHPV8Z/default.jpg,False,False,False,Auto-generated sample description for Comedy video.
gcXS95NoMIr,25.17.01,Reacting to Entertainment Trends,Channel_461,6,2025-01-14T11:00:00.000Z,music|trending|review,66517,4118,369,178,https://i.ytimg.com/vi/AKsaW7wi_dJ/default.jpg,False,False,False,Auto-generated sample description for Entertainment video.
p-Xspk39nsE,24.21.04,Official Entertainment Highlights,Channel_2173,1,2024-04-19T17:00:00.000Z,2024|vlog|official,3168,62,23,43,https://i.ytimg.com/vi/CYUam01TnC2/default.jpg,False,False,False,Auto-generated sample description for Entertainment video.
eWidrmEcUdW,24.09.11,Top 10 Comedy Moments This Week,Channel_4934,12,2024-11-05T12:00:00.000Z,trending|official|2024,73591,4789,467,764,https://i.ytimg.com/vi/yLjIYasH4Mb/default.jpg,False,False,False,Auto-generated sample description for Comedy video.
NKo7VW2XlYx,24.25.12,Official Sports Highlights,Channel_1823,14,2024-12-24T04:00:00.000Z,live|review|trending,28335,993,139,543,https://i.ytimg.com/vi/xVbo9Xkfyrn/default.jpg,False,False,False,Auto-generated sample description for Sports video.
tW8eQjoCBhc,24.20.04,Why This Entertainment Video Went Viral,Channel_2799,3,2024-04-20T20:00:00.000Z,vlog|trending|music,329478,23587,3067,5319,https://i.ytimg.com/vi/Y8xkFbIqelU/default.jpg,False,False,False,Auto-generated sample description for Entertainment video.
4YS0-xxJnuX,24.04.04,Why This Education Video Went Viral,Channel_194,13,2024-03-31T04:00:00.000Z,vlog|live|trending,24039,875,134,274,https://i.ytimg.com/vi/NpgmTxuxHwI/default.jpg,False,False,False,Auto-generated sample description for Education video.
kSwqrg-XJXi,24.11.10,Behind the Scenes: Entertainment,Channel_1542,3,2024-10-10T10:00:00.000Z,vlog|trending|live,50700,1187,179,299,https://i.ytimg.com/vi/SRpLCwjo9vJ/default.jpg,False,False,False,Auto-generated sample description for Entertainment video.
e0o5a_ozRCN,25.04.01,Entertainment Compilation 2024,Channel_1608,1,2025-01-02T00:00:00.000Z,live|official|review,185398,2967,1442,990,https://i.ytimg.com/vi/hT7hC3UVxO9/default.jpg,False,False,False,Auto-generated sample description for Entertainment video.
uaH3ji4skD9,24.19.06,Official Entertainment Highlights,Channel_1484,1,2024-06-15T19:00:00.000Z,vlog|2024|music,2138,107,17,5,https://i.ytimg.com/vi/X-lX8x_gtsL/default.jpg,False,False,False,Auto-generated sample description for Entertainment video.
bAxclMCpEGi,24.23.12,Why This Comedy Video Went Viral,Channel_2031,9,2024-12-21T19:00:00.000Z,music|vlog|review,106136,5206,823,1666,https://i.ytimg.com/vi/vDg9DkD7s8w/default.jpg,False,False,False,Auto-generated sample description for Comedy video.
fMsD8Zcab96,24.31.08,Behind the Scenes: Gaming,Channel_3498,16,2024-08-28T01:00:00.000Z,official|live|2024,15321,671,24,253,https://i.ytimg.com/vi/6e7VtVFiyPN/default.jpg,False,False,False,Auto-generated sample description for Gaming video.
GQpTGJvCAHG,24.27.07,Official Comedy Highlights,Channel_1436,9,2024-07-25T00:00:00.000Z,official|vlog|trending,5184,76,32,76,https://i.ytimg.com/vi/UQibtn4ma5J/default.jpg,False,False,False,Auto-generated sample description for Comedy video.
3KYb5rRG___,24.07.01,Why This Howto & Style Video Went Viral,Channel_1935,17,2024-01-05T02:00:00.000Z,trending|review|music,11369,850,34,198,https://i.ytimg.com/vi/53CVyqJ8kob/default.jpg,False,False,False,Auto-generated sample description for Howto & Style video.
9GK1zl1lSjX,24.19.01,Why This Comedy Video Went Viral,Channel_942,9,2024-01-18T13:00:00.000Z,vlog|trending|music,17640,1340,96,131,https://i.ytimg.com/vi/_gIJRoWKxEd/default.jpg,False,False,False,Auto-generated sample description for Comedy video.
o9ILuOuI07p,24.13.02,Behind the Scenes: Gaming,Channel_1786,16,2024-02-09T10:00:00.000Z,music|2024|official,7913,345,61,134,https://i.ytimg.com/vi/-zd9TyRAuIA/default.jpg,False,False,False,Auto-generated sample description for Gaming video.
oEyCi0VIzrF,24.25.12,Top 10 Science & Technology Moments This Week,Channel_2260,24,2024-12-23T09:00:00.000Z,2024|trending|live,15270,756,134,76,https://i.ytimg.com/vi/STp1_y_89ug/default.jpg,False,False,False,Auto-generated sample description for Science & Technology video.
Is7oW2O1KTU,24.17.06,Reacting to Entertainment Trends,Channel_1786,6,2024-06-14T07:00:00.000Z,review|trending|live,277694,13023,268,492,https://i.ytimg.com/vi/HcAI-3ZMVIN/default.jpg,True,False,False,Auto-generated sample description for Entertainment video.
RBuyYDadjm-,24.10.04,Top 10 Entertainment Moments This Week,Channel_929,1,2024-04-08T03:00:00.000Z,vlog|live|trending,90577,1968,225,823,https://i.ytimg.com/vi/ycvedT2R5vz/default.jpg,False,False,False,Auto-generated sample description for Entertainment video.
2inF3Ih0QeU,24.02.09,Reacting to Entertainment Trends,Channel_618,1,2024-09-01T14:00:00.000Z,trending|official|music,391848,22714,1224,6724,https://i.ytimg.com/vi/L_-ETeEpM6L/default.jpg,False,False,False,Auto-generated sample description for Entertainment video.
CD20axCQsl_,24.03.05,Reacting to Comedy Trends,Channel_4701,9,2024-05-03T03:00:00.000Z,vlog|live|music,2517,108,6,35,https://i.ytimg.com/vi/pwiFdPjct6k/default.jpg,False,False,False,Auto-generated sample description for Comedy video.
1gQWrFBeG65,24.03.05,Comedy Compilation 2024,Channel_4221,9,2024-04-29T12:00:00.000Z,trending|official|vlog,15148,617,8,167,https://i.ytimg.com/vi/zHXJPtPHZA9/default.jpg,False,False,True,Auto-generated sample description for Comedy video.
6mWZtEKwUFf,25.04.01,Official Entertainment Highlights,Channel_1031,3,2025-01-04T11:00:00.000Z,vlog|trending|music,181947,9161,813,2568,https://i.ytimg.com/vi/KbanlrSrg-n/default.jpg,False,False,False,Auto-generated sample description for Entertainment video.
1E5f_eHE8y6,24.15.02,Reacting to Gaming Trends,Channel_3010,22,2024-02-12T17:00:00.000Z,music|official|live,10140,108,78,21,https://i.ytimg.com/vi/VEPSH2vqtM6/default.jpg,False,False,False,Auto-generated sample description for Gaming video.
altWnCVmVmM,25.02.02,Official Comedy Highlights,Channel_4458,23,2025-02-02T08:00:00.000Z,review|official|trending,33695,2272,289,317,https://i.ytimg.com/vi/MhhNZQ3aGXV/default.jpg,False,False,False,Auto-generated sample description for Comedy video.
77UV2iuFLcf,24.17.02,Official Entertainment Highlights,Channel_2686,3,2024-02-14T00:00:00.000Z,live|review|trending,138169,5401,1216,233,https://i.ytimg.com/vi/dLdlTd93vIv/default.jpg,False,False,False,Auto-generated sample description for Entertainment video.
MCGwxdrMkU7,24.22.05,Entertainment Compilation 2024,Channel_4195,3,2024-05-19T14:00:00.000Z,2024|live|official,86470,3301,117,672,https://i.ytimg.com/vi/oE5tAf6CO_m/default.jpg,False,False,False,Auto-generated sample description for Entertainment video.
_UAUuPOFOPR,24.13.06,Official Entertainment Highlights,Channel_2580,3,2024-06-11T14:00:00.000Z,official|music|review,647141,25505,4273,3590,https://i.ytimg.com/vi/F1gKE_qKEaL/default.jpg,False,False,False,Auto-generated sample description for Entertainment video.
MMtUgWyF_Q-,24.25.11,Behind the Scenes: Entertainment,Channel_400,6,2024-11-23T10:00:00.000Z,music|official|vlog,19068,487,150,101,https://i.ytimg.com/vi/ca2zRKQISaP/default.jpg,False,False,False,Auto-generated sample description for Entertainment video.
E9fG80hTYEO,24.29.09,Official People & Blogs Highlights,Channel_2912,20,2024-09-25T10:00:00.000Z,music|trending|live,6579,242,18,16,https://i.ytimg.com/vi/JNdx6UUH-gp/default.jpg,False,False,False,Auto-generated sample description for People & Blogs video.
z2FWCMetnpd,24.02.12,Why This Comedy Video Went Viral,Channel_2834,9,2024-11-28T02:00:00.000Z,official|trending|vlog,103541,4041,345,454,https://i.ytimg.com/vi/fKXdYUyNBc2/default.jpg,False,False,False,Auto-generated sample description for Comedy video.
WgVP_5yfHTR,24.29.03,Reacting to Entertainment Trends,Channel_2423,1,2024-03-25T13:00:00.000Z,live|2024|review,18359,854,19,288,https://i.ytimg.com/vi/CykBjtjfppf/default.jpg,False,False,False,Auto-generated sample description for Entertainment video.
de5_mZ5b1X3,24.10.01,Behind the Scenes: Entertainment,Channel_4154,6,2024-01-06T11:00:00.000Z,official|live|vlog,70916,1594,572,645,https://i.ytimg.com/vi/l3PeBCix-rL/default.jpg,False,False,False,Auto-generated sample description for Entertainment video.
zDJWH9FKFOB,24.10.05,Entertainment Compilation 2024,Channel_1458,1,2024-05-09T16:00:00.000Z,official|vlog|trending,136113,8587,980,1280,https://i.ytimg.com/vi/blRDVK0tceA/default.jpg,False,False,False,Auto-generated sample description for Entertainment video.
rWZho-DTPUU,24.03.04,Why This Entertainment Video Went Viral,Channel_405,6,2024-04-03T03:00:00.000Z,official|music|trending,72278,2346,638,435,https://i.ytimg.com/vi/l7WlMuX1rLN/default.jpg,False,False,False,Auto-generated sample description for Entertainment video.
llcfgwYJnzP,24.24.05,Reacting to Entertainment Trends,Channel_4826,6,2024-05-20T18:00:00.000Z,2024|official|trending,16689,793,124,259,https://i.ytimg.com/vi/TZIrVt-RBl4/default.jpg,False,False,False,Auto-generated sample description for Entertainment video.
wT0SXCA_zGy,24.06.02,Why This Comedy Video Went Viral,Channel_4479,12,2024-02-05T17:00:00.000Z,trending|review|music,3201,191,14,54,https://i.ytimg.com/vi/hdddvGwcjq5/default.jpg,False,False,False,Auto-generated sample description for Comedy video.
VV88LMomqNK,24.19.10,Top 10 Comedy Moments This Week,Channel_766,9,2024-10-16T21:00:00.000Z,2024|vlog|live,3167,229,19,3,https://i.ytimg.com/vi/-GtjGhK8lz3/default.jpg,False,False,False,Auto-generated sample description for Comedy video.
jtXEq5NlNSS,24.12.07,Official Gaming Highlights,Channel_4838,22,2024-07-08T19:00:00.000Z,2024|live|vlog,50368,3413,437,363,https://i.ytimg.com/vi/zf9fCuJvUt_/default.jpg,False,False,False,Auto-generated sample description for Gaming video.
NXALXH9G3Rp,24.15.12,Top 10 Entertainment Moments This Week,Channel_808,1,2024-12-15T13:00:00.000Z,music|review|vlog,68046,1545,258,1056,https://i.ytimg.com/vi/VqvjlSTjuz2/default.jpg,False,False,False,Auto-generated sample description for Entertainment video.
wDsEVmjFQvw,24.02.05,Why This Gaming Video Went Viral,Channel_2167,16,2024-04-30T18:00:00.000Z,trending|vlog|official,39953,2796,151,100,https://i.ytimg.com/vi/U5cAk8ZnhlB/default.jpg,False,False,False,Auto-generated sample description for Gaming video.
mLkJxC4T4JR,24.26.06,Reacting to Entertainment Trends,Channel_2244,1,2024-06-25T03:00:00.000Z,review|official|music,10143,323,96,90,https://i.ytimg.com/vi/4Dyai0RH6YV/default.jpg,False,False,False,Auto-generated sample description for Entertainment video.
YTQl4sXGtjB,24.01.06,Entertainment Compilation 2024,Channel_435,3,2024-06-01T19:00:00.000Z,music|2024|review,13467,875,62,241,https://i.ytimg.com/vi/M9uwqKQzmZO/default.jpg,False,False,False,Auto-generated sample description for Entertainment video.
bQIbdPCbIuc,24.27.09,Gaming Compilation 2024,Channel_3260,22,2024-09-24T18:00:00.000Z,vlog|music|trending,648,45,5,9,https://i.ytimg.com/vi/e72QkCmn_c6/default.jpg,False,False,False,Auto-generated sample description for Gaming video.
p2-i2P38g33,24.20.12,Comedy Compilation 2024,Channel_4480,12,2024-12-20T10:00:00.000Z,trending|official|music,15876,676,107,189,https://i.ytimg.com/vi/2wczVsU7Mhi/default.jpg,False,False,False,Auto-generated sample description for Comedy video.
VcZRlnlkW--,24.27.01,Top 10 Entertainment Moments This Week,Channel_2227,3,2024-01-23T09:00:00.000Z,trending|music|review,11681,808,6,203,https://i.ytimg.com/vi/PoGZ05V6mWO/default.jpg,False,False,False,Auto-generated sample description for Entertainment video.
KxXzWS7mCT7,24.20.08,Official Entertainment Highlights,Channel_373,6,2024-08-20T20:00:00.000Z,music|2024|trending,10111,683,14,105,https://i.ytimg.com/vi/LSisvIhwC4y/default.jpg,False,False,False,Auto-generated sample description for Entertainment video.
gJaYx2sutST,24.06.12,Top 10 Sports Moments This Week,Channel_3623,14,2024-12-04T11:00:00.000Z,2024|live|music,7109,399,69,121,https://i.ytimg.com/vi/aUzx4q4rf3Y/default.jpg,False,False,False,Auto-generated sample description for Sports video.
_BcE6PE8GVh,24.18.12,Behind the Scenes: Comedy,Channel_4232,23,2024-12-17T02:00:00.000Z,live|music|2024,205851,14589,1671,3388,https://i.ytimg.com/vi/rHp4gJ1-tMr/default.jpg,False,False,False,Auto-generated sample description for Comedy video.
B5deI5savvB,24.19.09,Behind the Scenes: News & Politics,Channel_3627,11,2024-09-15T19:00:00.000Z,trending|2024|music,1653,79,3,17,https://i.ytimg.com/vi/48eiOvMwIKF/default.jpg,False,False,False,Auto-generated sample description for News & Politics video.
mcBZ8HeexRH,24.12.03,Top 10 Entertainment Moments This Week,Channel_4071,1,2024-03-10T14:00:00.000Z,music|trending|vlog,56514,2359,39,1007,https://i.ytimg.com/vi/BnphEJyd6nM/default.jpg,False,False,False,Auto-generated sample description for Entertainment video.
NSdq_TYVm_J,24.08.02,Behind the Scenes: Entertainment,Channel_4519,6,2024-02-06T08:00:00.000Z,vlog|review|official,42351,2093,309,538,https://i.ytimg.com/vi/14HtvyvZGvQ/default.jpg,True,False,False,Auto-generated sample description for Entertainment video.
-LrXUMg03kt,24.28.02,Why This Autos & Vehicles Video Went Viral,Channel_2826,2,2024-02-28T17:00:00.000Z,music|review|vlog,19078,1206,67,317,https://i.ytimg.com/vi/3emuIonm0g6/default.jpg,False,False,False,Auto-generated sample description for Autos & Vehicles video.
u0xlWI8xcug,24.18.11,Entertainment Compilation 2024,Channel_1597,1,2024-11-14T13:00:00.000Z,music|official|review,76063,2467,498,353,https://i.ytimg.com/vi/eqJGBxTMaS3/default.jpg,False,False,False,Auto-generated sample description for Entertainment video.
p-wJ6r-Ai-e,24.13.09,Comedy Compilation 2024,Channel_390,9,2024-09-10T08:00:00.000Z,official|review|2024,149305,7841,1250,714,https://i.ytimg.com/vi/scA4KKT8jj3/default.jpg,False,False,False,Auto-generated sample description for Comedy video.
slmJd7jD3WN,24.09.04,Behind the Scenes: Gaming,Channel_1081,16,2024-04-05T10:00:00.000Z,review|trending|music,20066,801,134,190,https://i.ytimg.com/vi/_hyCLw7oCHs/default.jpg,False,False,False,Auto-generated sample description for Gaming video.
rqqO4m1LgdJ,24.14.01,Behind the Scenes: Entertainment,Channel_4681,1,2024-01-14T12:00:00.000Z,official|live|review,10074,359,99,184,https://i.ytimg.com/vi/pICJU2N0YB9/default.jpg,False,False,False,Auto-generated sample description for Entertainment video.
XAET_T9I7OZ,24.18.08,Gaming Compilation 2024,Channel_2917,16,2024-08-15T03:00:00.000Z,2024|official|review,3531,144,15,20,https://i.ytimg.com/vi/2_WY4GlCMnY/default.jpg,False,False,False,Auto-generated sample description for Gaming video.
BvMsuo2GTzr,24.14.03,Reacting to Sports Trends,Channel_2325,14,2024-03-11T09:00:00.000Z,vlog|official|live,1729,85,14,7,https://i.ytimg.com/vi/pNZmbcKyOfg/default.jpg,False,False,False,Auto-generated sample description for Sports video.
UjLZhPkD90T,24.14.08,Top 10 Travel & Events Moments This Week,Channel_3747,15,2024-08-13T01:00:00.000Z,trending|music|vlog,2986,196,15,34,https://i.ytimg.com/vi/P6BGlcg_TeQ/default.jpg,False,False,False,Auto-generated sample description for Travel & Events video.
VoA3JeqMwtf,24.20.01,Reacting to Entertainment Trends,Channel_4596,3,2024-01-19T10:00:00.000Z,official|trending|review,45686,1775,266,864,https://i.ytimg.com/vi/aymsmURTVwI/default.jpg,False,False,False,Auto-generated sample description for Entertainment video.
BWfpln8aAqf,25.17.01,Reacting to Entertainment Trends,Channel_2039,6,2025-01-13T00:00:00.000Z,live|vlog|official,4193,320,40,27,https://i.ytimg.com/vi/zzYjKIp8tj1/default.jpg,False,False,False,Auto-generated sample description for Entertainment video.
mL0_wWop_E9,24.10.05,Official Entertainment Highlights,Channel_1418,1,2024-05-07T08:00:00.000Z,music|official|live,14483,362,89,232,https://i.ytimg.com/vi/GSfAUPY7Clz/default.jpg,False,False,False,Auto-generated sample description for Entertainment video.
xNzGWWXqozW,24.26.05,Top 10 Entertainment Moments This Week,Channel_642,3,2024-05-26T11:00:00.000Z,official|live|trending,34858,637,100,521,https://i.ytimg.com/vi/JHbXajL1oqb/default.jpg,False,False,False,Auto-generated sample description for Entertainment video.
5VCz2hd9Lnz,24.10.06,Reacting to Entertainment Trends,Channel_1548,3,2024-06-09T15:00:00.000Z,official|live|vlog,9362,519,14,126,https://i.ytimg.com/vi/F2Ji4Soda5S/default.jpg,False,False,False,Auto-generated sample description for Entertainment video.
E2WlszR-aRa,24.19.01,Sports Compilation 2024,Channel_1686,4,2024-01-18T12:00:00.000Z,music|vlog|trending,2588,35,23,14,https://i.ytimg.com/vi/h9qGOXFX2Z4/default.jpg,False,False,False,Auto-generated sample description for Sports video.
wYFA6QN-cpk,25.26.01,Top 10 Entertainment Moments This Week,Channel_685,3,2025-01-26T10:00:00.000Z,official|live|review,161174,10663,1292,1967,https://i.ytimg.com/vi/yDHu4vtpS1V/default.jpg,False,False,False,Auto-generated sample description for Entertainment video.
7KN67cXJkAE,24.12.05,Why This Entertainment Video Went Viral,Channel_4093,3,2024-05-11T07:00:00.000Z,trending|live|review,5248,133,11,9,https://i.ytimg.com/vi/tIKqDPfZNBF/default.jpg,False,False,False,Auto-generated sample description for Entertainment video.
dYs2zsDorL8,24.01.03,Reacting to Gaming Trends,Channel_4115,22,2024-03-01T13:00:00.000Z,vlog|review|2024,6036,377,56,14,https://i.ytimg.com/vi/JTGU1byp0XU/default.jpg,False,False,False,Auto-generated sample description for Gaming video.
ow0LPKq6_pS,24.28.09,Behind the Scenes: Gaming,Channel_661,16,2024-09-24T14:00:00.000Z,vlog|music|trending,117690,6322,931,558,https://i.ytimg.com/vi/HoDZMN58ump/default.jpg,False,False,False,Auto-generated sample description for Gaming video.
G5awzlWo8sT,24.06.09,Behind the Scenes: Sports,Channel_4474,4,2024-09-05T15:00:00.000Z,live|vlog|trending,3832,239,29,19,https://i.ytimg.com/vi/HHv4pdHUPlw/default.jpg,False,False,False,Auto-generated sample description for Sports video.
9NN4V2DYRpB,24.22.07,Comedy Compilation 2024,Channel_194,23,2024-07-19T04:00:00.000Z,official|2024|music,6144,248,48,3,https://i.ytimg.com/vi/uy6puUcWxor/default.jpg,True,False,False,Auto-generated sample description for Comedy video.
E4Qk3xHVtHe,24.05.05,Why This Entertainment Video Went Viral,Channel_2967,3,2024-05-05T17:00:00.000Z,trending|review|2024,113096,5098,638,751,https://i.ytimg.com/vi/wDUiOTuvt49/default.jpg,False,False,False,Auto-generated sample description for Entertainment video.
OOKruePL5wo,24.25.07,Top 10 Entertainment Moments This Week,Channel_4919,6,2024-07-21T00:00:00.000Z,trending|vlog|review,33816,1888,301,188,https://i.ytimg.com/vi/Z5EFUE6d2Bs/default.jpg,False,True,False,Auto-generated sample description for Entertainment video.
TT93yqVpY0q,24.29.08,Official Howto & Style Highlights,Channel_2851,17,2024-08-29T18:00:00.000Z,vlog|2024|review,30010,1608,223,181,https://i.ytimg.com/vi/IWA_K-gEcB0/default.jpg,False,False,False,Auto-generated sample description for Howto & Style video.
X6o6QHcQCi0,24.27.04,Why This Entertainment Video Went Viral,Channel_4475,6,2024-04-27T13:00:00.000Z,official|live|vlog,10635,770,102,172,https://i.ytimg.com/vi/8Xp5u7I1hbF/default.jpg,False,False,False,Auto-generated sample description for Entertainment video.
w5dEVl9lI4H,24.08.03,Why This Entertainment Video Went Viral,Channel_124,3,2024-03-05T01:00:00.000Z,review|music|trending,39111,811,341,203,https://i.ytimg.com/vi/9g2IHg8jwPD/default.jpg,False,False,False,Auto-generated sample description for Entertainment video.
QxHdr4xgoUi,25.12.01,Official People & Blogs Highlights,Channel_1877,5,2025-01-11T11:00:00.000Z,music|trending|live,47247,1126,99,305,https://i.ytimg.com/vi/Syoj3PpTqsA/default.jpg,False,False,False,Auto-generated sample description for People & Blogs video.
d9jB-XX7bhX,24.12.01,Official Entertainment Highlights,Channel_3507,6,2024-01-11T02:00:00.000Z,music|official|review,22163,250,87,58,https://i.ytimg.com/vi/1LdTmlDwJcm/default.jpg,False,False,False,Auto-generated sample description for Entertainment video.
yPCm6ysL3nS,24.21.12,Reacting to News & Politics Trends,Channel_2936,11,2024-12-18T04:00:00.000Z,live|review|official,9910,145,68,124,https://i.ytimg.com/vi/kiFHkLnr1rX/default.jpg,False,False,False,Auto-generated sample description for News & Politics video.
A0P0d0IPZJ4,25.14.01,Official Entertainment Highlights,Channel_4974,6,2025-01-13T18:00:00.000Z,review|live|music,487953,38233,3992,1421,https://i.ytimg.com/vi/V-2QnxFGGGB/default.jpg,True,False,False,Auto-generated sample description for Entertainment video.
HGhvDh98oNX,24.11.06,Why This Entertainment Video Went Viral,Channel_260,6,2024-06-11T16:00:00.000Z,vlog|review|live,174070,13150,344,2724,https://i.ytimg.com/vi/2bjjF40iejm/default.jpg,False,False,False,Auto-generated sample description for Entertainment video.
K6aIJGGODrS,24.13.02,Entertainment Compilation 2024,Channel_3850,3,2024-02-13T04:00:00.000Z,live|music|vlog,456020,20901,4128,1903,https://i.ytimg.com/vi/QjlaIUqZTqj/default.jpg,False,False,False,Auto-generated sample description for Entertainment video.
baa81MnNE64,24.11.04,Top 10 Nonprofits & Activism Moments This Week,Channel_1312,7,2024-04-08T05:00:00.000Z,live|trending|official,5449,101,13,88,https://i.ytimg.com/vi/P2ykJDTKjf_/default.jpg,False,False,False,Auto-generated sample description for Nonprofits & Activism video.
fE585FlmbvO,24.28.08,Reacting to Entertainment Trends,Channel_1583,3,2024-08-27T19:00:00.000Z,review|2024|official,33612,2301,220,205,https://i.ytimg.com/vi/CAQOoSiLJfc/default.jpg,False,False,False,Auto-generated sample description for Entertainment video.
6knsmg4WePU,24.25.01,Why This Travel & Events Video Went Viral,Channel_4386,21,2024-01-25T10:00:00.000Z,vlog|review|2024,937,36,5,13,https://i.ytimg.com/vi/fGsVC47009F/default.jpg,False,False,False,Auto-generated sample description for Travel & Events video.
-aw8B_qAdU6,25.06.01,Official Sports Highlights,Channel_1277,14,2025-01-05T07:00:00.000Z,music|2024|vlog,3728,195,13,7,https://i.ytimg.com/vi/xXXx9DHvhHv/default.jpg,False,False,False,Auto-generated sample description for Sports video.
ZQEsjjDyeJM,24.02.10,Top 10 Entertainment Moments This Week,Channel_778,6,2024-09-30T00:00:00.000Z,2024|trending|official,19672,991,59,333,https://i.ytimg.com/vi/AMS1GSbKN1v/default.jpg,False,False,False,Auto-generated sample description for Entertainment video.
LmZBl2XKm-h,24.26.12,Official Sports Highlights,Channel_512,14,2024-12-25T13:00:00.000Z,live|review|2024,2461,27,15,11,https://i.ytimg.com/vi/cG4Iqoqf2Yc/default.jpg,False,False,False,Auto-generated sample description for Sports video.
P1aqm_gb4sJ,25.20.01,Top 10 Entertainment Moments This Week,Channel_509,1,2025-01-18T09:00:00.000Z,2024|official|live,14014,676,29,148,https://i.ytimg.com/vi/c47stW2Y4CJ/default.jpg,False,False,False,Auto-generated sample description for Entertainment video.
hlPefVPIiLX,24.23.12,Why This Sports Video Went Viral,Channel_554,4,2024-12-23T16:00:00.000Z,2024|review|trending,2045,60,4,24,https://i.ytimg.com/vi/vos4iOsZl9p/default.jpg,False,False,False,Auto-generated sample description for Sports video.
8rdi3GOH7kF,24.28.04,Top 10 Entertainment Moments This Week,Channel_1099,6,2024-04-26T19:00:00.000Z,vlog|official|trending,70412,730,241,954,https://i.ytimg.com/vi/l0AGlDceMEX/default.jpg,False,False,False,Auto-generated sample description for Entertainment video.
QFEaRk_WvKa,24.20.11,Why This Entertainment Video Went Viral,Channel_3511,6,2024-11-19T13:00:00.000Z,2024|music|vlog,15981,1148,111,287,https://i.ytimg.com/vi/ie3iSiWlzt3/default.jpg,False,False,False,Auto-generated sample description for Entertainment video.
cjj9UhD7MzX,24.11.05,Reacting to Sports Trends,Channel_613,14,2024-05-10T16:00:00.000Z,live|official|music,24636,1755,24,464,https://i.ytimg.com/vi/KvXmkqNiPui/default.jpg,False,False,False,Auto-generated sample description for Sports video.
B6AcfXeEu4T,24.23.04,Comedy Compilation 2024,Channel_1862,23,2024-04-19T06:00:00.000Z,2024|vlog|review,42187,529,162,734,https://i.ytimg.com/vi/V3LncNVre9q/default.jpg,False,False,False,Auto-generated sample description for Comedy video.
XHMkyEcGOUt,24.27.03,Reacting to People & Blogs Trends,Channel_1108,5,2024-03-27T14:00:00.000Z,review|official|vlog,21279,370,127,103,https://i.ytimg.com/vi/LGqvRjHlEYz/default.jpg,False,False,False,Auto-generated sample description for People & Blogs video.
ByBbS2mDnjp,24.31.03,Reacting to Sports Trends,Channel_2000,4,2024-03-27T21:00:00.000Z,2024|live|vlog,122484,3418,1054,1385,https://i.ytimg.com/vi/18gxpBVwtjp/default.jpg,False,False,False,Auto-generated sample description for Sports video.
g9BCAfiyk2c,24.06.06,Top 10 Film & Animation Moments This Week,Channel_147,10,2024-06-03T03:00:00.000Z,review|trending|live,8752,676,26,54,https://i.ytimg.com/vi/0ppIEAO1wFV/default.jpg,False,False,False,Auto-generated sample description for Film & Animation video.
5-3e60_gwJK,24.27.05,Entertainment Compilation 2024,Channel_2141,3,2024-05-23T03:00:00.000Z,official|live|vlog,24378,1770,67,93,https://i.ytimg.com/vi/SWIIdx8dsf-/default.jpg,False,False,False,Auto-generated sample description for Entertainment video.
HelM7XAZynQ,24.01.03,Behind the Scenes: Entertainment,Channel_3209,1,2024-02-26T09:00:00.000Z,official|trending|2024,8017,526,60,41,https://i.ytimg.com/vi/1nIgFIGRJPE/default.jpg,False,False,False,Auto-generated sample description for Entertainment video.
1yBHS4hjj8T,24.07.08,Behind the Scenes: Comedy,Channel_3095,23,2024-08-05T00:00:00.000Z,2024|music|official,1631,17,11,7,https://i.ytimg.com/vi/N2XVIhS8pg9/default.jpg,False,False,False,Auto-generated sample description for Comedy video.
BR1bWSQTwwU,24.14.11,Official Howto & Style Highlights,Channel_4879,17,2024-11-11T18:00:00.000Z,vlog|official|review,7832,560,57,9,https://i.ytimg.com/vi/B3cIKYin_KP/default.jpg,False,False,False,Auto-generated sample description for Howto & Style video.
B3be8DgC2Te,24.23.05,Comedy Compilation 2024,Channel_3838,23,2024-05-19T11:00:00.000Z,official|2024|vlog,62253,4122,160,494,https://i.ytimg.com/vi/GByMa6gPRRd/default.jpg,False,False,False,Auto-generated sample description for Comedy video.
LDl8r-K2CmT,24.17.04,Top 10 Entertainment Moments This Week,Channel_2109,3,2024-04-16T20:00:00.000Z,music|live|2024,252212,8047,2381,3570,https://i.ytimg.com/vi/pgpQOtWAvAk/default.jpg,False,False,False,Auto-generated sample description for Entertainment video.
R88K1seVLrc,24.17.05,Reacting to Entertainment Trends,Channel_719,1,2024-05-13T15:00:00.000Z,music|trending|2024,33484,1458,310,190,https://i.ytimg.com/vi/Yw8vZDMfklK/default.jpg,False,False,False,Auto-generated sample description for Entertainment video.
jq7kTnyoIvr,24.20.05,Entertainment Compilation 2024,Channel_3400,6,2024-05-18T08:00:00.000Z,vlog|live|official,11849,292,112,185,https://i.ytimg.com/vi/AH3DV5nZzOJ/default.jpg,False,False,False,Auto-generated sample description for Entertainment video.
5x5H6zpd4jq,24.27.11,Top 10 Comedy Moments This Week,Channel_1558,23,2024-11-23T01:00:00.000Z,2024|review|trending,6765,333,53,10,https://i.ytimg.com/vi/nsnQTIuC4F5/default.jpg,False,False,False,Auto-generated sample description for Comedy video.
R0kBYIytFVe,24.13.06,Entertainment Compilation 2024,Channel_1986,1,2024-06-09T15:00:00.000Z,live|trending|2024,152792,2895,337,740,https://i.ytimg.com/vi/5PRHKebKtia/default.jpg,False,False,False,Auto-generated sample description for Entertainment video.
Q60aiZ1X4Ax,24.14.02,Entertainment Compilation 2024,Channel_4404,1,2024-02-14T06:00:00.000Z,vlog|live|2024,30203,1427,106,486,https://i.ytimg.com/vi/e_f-xc_EFjb/default.jpg,False,False,False,Auto-generated sample description for Entertainment video.
ykQtWHY9KGP,24.29.11,Entertainment Compilation 2024,Channel_1584,1,2024-11-26T02:00:00.000Z,vlog|review|live,13412,684,22,33,https://i.ytimg.com/vi/sQcUNW7KbVQ/default.jpg,False,False,True,Auto-generated sample description for Entertainment video.
tCMC5mLwKyh,24.25.12,Official Gaming Highlights,Channel_2015,16,2024-12-24T09:00:00.000Z,vlog|2024|live,73435,5342,530,121,https://i.ytimg.com/vi/IuLeZ1O-CRD/default.jpg,False,False,False,Auto-generated sample description for Gaming video.
-rkOgQXawxt,24.07.03,Why This Gaming Video Went Viral,Channel_4064,16,2024-03-03T13:00:00.000Z,vlog|music|live,23211,1398,78,170,https://i.ytimg.com/vi/vkEy7chXNb0/default.jpg,False,False,False,Auto-generated sample description for Gaming video.
UPUf4ywaerq,25.06.01,Why This Education Video Went Viral,Channel_2191,13,2025-01-06T15:00:00.000Z,vlog|review|trending,3568,284,7,57,https://i.ytimg.com/vi/pCfXmaVO-hJ/default.jpg,False,False,False,Auto-generated sample description for Education video.
JmVnprxvKoC,24.30.05,Reacting to Entertainment Trends,Channel_1353,1,2024-05-29T03:00:00.000Z,vlog|review|trending,197296,3156,1226,3938,https://i.ytimg.com/vi/VhjdqFwyupB/default.jpg,False,False,False,Auto-generated sample description for Entertainment video.
pKx_DOewrmI,24.07.02,Behind the Scenes: Sports,Channel_695,14,2024-02-05T14:00:00.000Z,2024|music|vlog,4781,238,12,72,https://i.ytimg.com/vi/kRCslaQ9Mwl/default.jpg,False,False,False,Auto-generated sample description for Sports video.
Mp7l-0Ecnnn,24.16.11,Why This Entertainment Video Went Viral,Channel_2264,6,2024-11-15T11:00:00.000Z,review|live|music,39968,2174,275,362,https://i.ytimg.com/vi/35gkLoaMrd0/default.jpg,False,False,False,Auto-generated sample description for Entertainment video.
dyw_y3VsA6q,24.08.11,Why This Entertainment Video Went Viral,Channel_1035,3,2024-11-06T02:00:00.000Z,music|vlog|official,99870,7598,140,1892,https://i.ytimg.com/vi/WS07m24js7N/default.jpg,False,False,False,Auto-generated sample description for Entertainment video.
5qPzFvN6f6z,24.24.07,Official Entertainment Highlights,Channel_3245,3,2024-07-22T05:00:00.000Z,trending|2024|review,68341,3500,640,524,https://i.ytimg.com/vi/83oxhrsSKfI/default.jpg,True,False,False,Auto-generated sample description for Entertainment video.
GOhmO3qvRHo,24.29.10,Behind the Scenes: Entertainment,Channel_147,6,2024-10-26T16:00:00.000Z,2024|music|official,10384,260,59,77,https://i.ytimg.com/vi/Qx4iK8eR3M7/default.jpg,False,False,False,Auto-generated sample description for Entertainment video.
mOFCITCyMAc,24.19.08,Behind the Scenes: Sports,Channel_1134,4,2024-08-18T19:00:00.000Z,2024|trending|review,12850,667,85,177,https://i.ytimg.com/vi/zApgwgRtfUZ/default.jpg,False,False,True,Auto-generated sample description for Sports video.
RT3TUk8GFSe,24.03.09,Why This Science & Technology Video Went Viral,Channel_2431,24,2024-09-01T21:00:00.000Z,review|vlog|official,35510,2747,38,643,https://i.ytimg.com/vi/rcVJOUIlxAj/default.jpg,False,False,False,Auto-generated sample description for Science & Technology video.
LIqxEsQ6Lt4,24.06.01,Behind the Scenes: Entertainment,Channel_3362,6,2024-01-02T05:00:00.000Z,vlog|live|music,409329,24760,2246,3104,https://i.ytimg.com/vi/JPRcM4WKi3z/default.jpg,False,False,False,Auto-generated sample description for Entertainment video.
RuSnvnpKWuF,25.02.02,Official People & Blogs Highlights,Channel_685,5,2025-01-31T01:00:00.000Z,2024|review|official,15046,942,80,98,https://i.ytimg.com/vi/VXC2CagLyzO/default.jpg,False,False,False,Auto-generated sample description for People & Blogs video.
6UQZKlHX4AR,24.16.02,Behind the Scenes: Comedy,Channel_1193,12,2024-02-13T18:00:00.000Z,vlog|trending|live,100587,1544,254,1412,https://i.ytimg.com/vi/XtV86HmYp2U/default.jpg,False,False,False,Auto-generated sample description for Comedy video.
YBFXTRYo5ok,24.03.08,Official Comedy Highlights,Channel_3461,12,2024-08-01T00:00:00.000Z,trending|2024|vlog,2337,70,4,37,https://i.ytimg.com/vi/XCxJ0tDNKz2/default.jpg,False,False,False,Auto-generated sample description for Comedy video.
A_K45Li_BCF,24.22.05,Entertainment Compilation 2024,Channel_458,1,2024-05-19T15:00:00.000Z,music|review|2024,1274858,70136,1059,1518,https://i.ytimg.com/vi/29XfVBKQeAQ/default.jpg,False,False,False,Auto-generated sample description for Entertainment video.
UNhYnNWM_Wa,24.11.08,Behind the Scenes: Film & Animation,Channel_3039,10,2024-08-10T09:00:00.000Z,review|2024|vlog,7258,182,50,7,https://i.ytimg.com/vi/N2dAWzvKq3Z/default.jpg,False,False,False,Auto-generated sample description for Film & Animation video.
6C0XR316DhW,24.11.06,Reacting to Entertainment Trends,Channel_363,3,2024-06-11T11:00:00.000Z,2024|live|review,53575,1350,314,182,https://i.ytimg.com/vi/_uy0V50jH63/default.jpg,False,False,False,Auto-generated sample description for Entertainment video.
1GduuYoqzGG,24.28.03,Why This People & Blogs Video Went Viral,Channel_3675,5,2024-03-24T07:00:00.000Z,live|official|vlog,123344,7711,1181,550,https://i.ytimg.com/vi/l63Ix2mMjdR/default.jpg,False,False,False,Auto-generated sample description for People & Blogs video.
c-bCEoSY19b,24.10.08,Why This Sports Video Went Viral,Channel_1584,14,2024-08-07T10:00:00.000Z,review|live|music,32746,1019,246,40,https://i.ytimg.com/vi/QlzXhYZxNU1/default.jpg,False,False,False,Auto-generated sample description for Sports video.
4TXBdHhLImX,24.26.02,Official Comedy Highlights,Channel_3245,9,2024-02-23T20:00:00.000Z,2024|vlog|music,6846,224,44,73,https://i.ytimg.com/vi/zaYzPKSy1lb/default.jpg,False,False,False,Auto-generated sample description for Comedy video.
9H-UGgvMF6i,24.05.06,Top 10 People & Blogs Moments This Week,Channel_4412,5,2024-06-03T00:00:00.000Z,trending|review|live,14712,889,41,130,https://i.ytimg.com/vi/6DRKHIRcR4z/default.jpg,False,False,False,Auto-generated sample description for People & Blogs video.
jJT4vLVZ2D3,24.22.07,Top 10 Entertainment Moments This Week,Channel_386,3,2024-07-19T18:00:00.000Z,official|music|live,4392,45,37,14,https://i.ytimg.com/vi/k0z43Dl6Fzz/default.jpg,False,False,False,Auto-generated sample description for Entertainment video.
Q5fhoQeFIAp,24.10.05,Entertainment Compilation 2024,Channel_1258,6,2024-05-07T00:00:00.000Z,trending|live|vlog,23443,1248,180,402,https://i.ytimg.com/vi/PZxpEHyEV5l/default.jpg,False,False,False,Auto-generated sample description for Entertainment video.
qiC2aWx5r5e,25.26.01,Top 10 Sports Moments This Week,Channel_2067,4,2025-01-22T13:00:00.000Z,official|2024|review,499,32,3,7,https://i.ytimg.com/vi/PDpg8Yh9dbX/default.jpg,False,False,False,Auto-generated sample description for Sports video.
PCJU_j0oU2A,25.27.01,Top 10 Comedy Moments This Week,Channel_3190,23,2025-01-26T05:00:00.000Z,music|2024|review,9672,219,78,135,https://i.ytimg.com/vi/ckFuBixycDZ/default.jpg,False,False,False,Auto-generated sample description for Comedy video.
l0fzRdAIqfZ,24.12.03,Top 10 Nonprofits & Activism Moments This Week,Channel_4159,7,2024-03-08T03:00:00.000Z,vlog|trending|official,6478,93,42,70,https://i.ytimg.com/vi/bJrLQmj3Cuj/default.jpg,False,False,False,Auto-generated sample description for Nonprofits & Activism video.
S5DyHXW92Zq,24.16.06,Behind the Scenes: Travel & Events,Channel_1702,21,2024-06-12T00:00:00.000Z,music|review|2024,5810,361,43,76,https://i.ytimg.com/vi/A8bE5_L3IDR/default.jpg,True,False,False,Auto-generated sample description for Travel & Events video.
IRSGuFV9Gwm,24.12.04,Official Entertainment Highlights,Channel_4763,6,2024-04-12T22:00:00.000Z,official|live|trending,41735,1237,396,266,https://i.ytimg.com/vi/fSK6HDap2gd/default.jpg,False,False,False,Auto-generated sample description for Entertainment video.
DUW52bdGx9f,24.29.10,Behind the Scenes: Pets & Animals,Channel_4218,19,2024-10-29T22:00:00.000Z,live|trending|2024,14767,600,117,262,https://i.ytimg.com/vi/QLMzBbUB0DG/default.jpg,False,False,False,Auto-generated sample description for Pets & Animals video.
fG4hSNGSqvV,24.04.05,Behind the Scenes: Entertainment,Channel_1527,1,2024-05-01T19:00:00.000Z,official|trending|music,6021,109,55,112,https://i.ytimg.com/vi/Ka5HPwmzmfS/default.jpg,False,False,False,Auto-generated sample description for Entertainment video.
GWiJkXP_iHn,24.03.01,Reacting to Entertainment Trends,Channel_4088,3,2024-01-01T22:00:00.000Z,trending|vlog|2024,282116,14724,2756,1835,https://i.ytimg.com/vi/NpdPZ0yq0wJ/default.jpg,False,False,False,Auto-generated sample description for Entertainment video.
_1RDQ9X1Y6B,24.11.02,Entertainment Compilation 2024,Channel_231,1,2024-02-09T19:00:00.000Z,live|review|music,91684,5490,572,585,https://i.ytimg.com/vi/ovJP2kTJ9MH/default.jpg,False,False,False,Auto-generated sample description for Entertainment video.
Au91shsC-od,24.28.10,Why This Entertainment Video Went Viral,Channel_4852,1,2024-10-27T21:00:00.000Z,2024|music|live,9235,648,6,159,https://i.ytimg.com/vi/zCcJ5Ft-xqI/default.jpg,False,False,False,Auto-generated sample description for Entertainment video.
mn2rSX5iVjp,24.15.06,Why This Comedy Video Went Viral,Channel_3619,23,2024-06-15T12:00:00.000Z,2024|review|music,4249,239,39,84,https://i.ytimg.com/vi/XzoOzgZs7Yo/default.jpg,False,False,False,Auto-generated sample description for Comedy video.
JIeq3fCQ7KB,25.22.01,Why This Sports Video Went Viral,Channel_2502,14,2025-01-20T02:00:00.000Z,music|trending|official,6310,432,51,45,https://i.ytimg.com/vi/LuaMUGw_X7R/default.jpg,False,False,False,Auto-generated sample description for Sports video.
jNRBqNlzz-A,24.02.02,Top 10 News & Politics Moments This Week,Channel_1419,11,2024-01-31T04:00:00.000Z,2024|vlog|official,35554,1690,273,440,https://i.ytimg.com/vi/gmMNKhsdLr7/default.jpg,False,False,False,Auto-generated sample description for News & Politics video.
82GJu3kvbOs,24.12.11,Reacting to Entertainment Trends,Channel_4183,6,2024-11-10T11:00:00.000Z,2024|music|vlog,94487,4345,366,141,https://i.ytimg.com/vi/pgWuK2Vtiqt/default.jpg,False,False,False,Auto-generated sample description for Entertainment video.
te21SHU11_g,24.11.10,Top 10 Comedy Moments This Week,Channel_3608,9,2024-10-10T06:00:00.000Z,music|2024|review,42076,1202,131,73,https://i.ytimg.com/vi/igVU9TDqR5G/default.jpg,False,False,False,Auto-generated sample description for Comedy video.
SZni8k-QlUp,24.30.04,Behind the Scenes: Comedy,Channel_3518,12,2024-04-26T00:00:00.000Z,live|review|trending,61997,2294,331,498,https://i.ytimg.com/vi/A7Ih7iU9kSZ/default.jpg,False,False,False,Auto-generated sample description for Comedy video.
cH-iLf3Q3Re,24.29.09,Official Howto & Style Highlights,Channel_1587,18,2024-09-27T02:00:00.000Z,2024|music|trending,54889,3314,527,30,https://i.ytimg.com/vi/1iM2Akgs6Lw/default.jpg,False,False,False,Auto-generated sample description for Howto & Style video.
rEoJ8alsYcV,24.08.06,Comedy Compilation 2024,Channel_1286,9,2024-06-06T00:00:00.000Z,trending|live|2024,53231,798,527,629,https://i.ytimg.com/vi/XuDXrgmDLsn/default.jpg,False,False,False,Auto-generated sample description for Comedy video.
YqokczpYQyU,25.05.02,Behind the Scenes: Sports,Channel_566,14,2025-02-03T07:00:00.000Z,live|vlog|official,846,21,4,0,https://i.ytimg.com/vi/x2F_K5sMQp_/default.jpg,False,False,False,Auto-generated sample description for Sports video.
zquCx6ONlA8,24.19.03,Official Entertainment Highlights,Channel_3052,3,2024-03-16T08:00:00.000Z,official|review|vlog,14050,841,125,264,https://i.ytimg.com/vi/dQM-PTyxLoz/default.jpg,False,False,False,Auto-generated sample description for Entertainment video.
uMpJnb8m861,24.16.10,Science & Technology Compilation 2024,Channel_2919,24,2024-10-14T13:00:00.000Z,vlog|live|2024,2993,180,1,54,https://i.ytimg.com/vi/baJOMR_Kr_V/default.jpg,False,False,False,Auto-generated sample description for Science & Technology video.
Sz5sGNJ8puu,24.09.01,Entertainment Compilation 2024,Channel_4847,1,2024-01-09T01:00:00.000Z,official|music|review,218840,13470,1787,3631,https://i.ytimg.com/vi/E1ufhmsSVEN/default.jpg,False,False,False,Auto-generated sample description for Entertainment video.
TE8c3HejA_I,24.09.02,Behind the Scenes: Entertainment,Channel_4709,6,2024-02-07T17:00:00.000Z,2024|review|trending,59412,3189,213,1156,https://i.ytimg.com/vi/q2C-WqHYiaQ/default.jpg,False,False,False,Auto-generated sample description for Entertainment video.
cLM-KdPePnQ,24.10.05,Behind the Scenes: Gaming,Channel_2239,22,2024-05-07T11:00:00.000Z,trending|music|2024,20039,236,148,311,https://i.ytimg.com/vi/hFQ1u7bXjcU/default.jpg,False,False,False,Auto-generated sample description for Gaming video.
UF4tm79HaN8,24.17.10,Behind the Scenes: Entertainment,Channel_3617,3,2024-10-14T02:00:00.000Z,official|vlog|live,5991,318,27,105,https://i.ytimg.com/vi/jpULPi1MBFq/default.jpg,False,False,False,Auto-generated sample description for Entertainment video.
f6Gn1r-T-m6,24.24.10,Top 10 Entertainment Moments This Week,Channel_1585,1,2024-10-20T03:00:00.000Z,music|vlog|2024,334886,25280,2087,347,https://i.ytimg.com/vi/RS80mWOGmza/default.jpg,False,False,False,Auto-generated sample description for Entertainment video.
LZwc12-wE1k,24.24.06,Behind the Scenes: People & Blogs,Channel_2501,5,2024-06-20T01:00:00.000Z,vlog|music|review,66640,3909,370,815,https://i.ytimg.com/vi/xwZzaw3NtgD/default.jpg,False,False,False,Auto-generated sample description for People & Blogs video.
k47wxS7z2D1,25.13.01,Behind the Scenes: Entertainment,Channel_878,6,2025-01-12T08:00:00.000Z,live|review|music,313027,9985,725,6214,https://i.ytimg.com/vi/PCtPr2gfiln/default.jpg,False,False,False,Auto-generated sample description for Entertainment video.
hjsvlrHz1Sq,24.02.11,Official Comedy Highlights,Channel_494,23,2024-10-30T02:00:00.000Z,music|review|2024,2564,101,24,46,https://i.ytimg.com/vi/IQwgSgeki7o/default.jpg,False,False,False,Auto-generated sample description for Comedy video.
iPcMnvuRhjo,25.23.01,Top 10 People & Blogs Moments This Week,Channel_4127,20,2025-01-23T15:00:00.000Z,2024|official|music,1959,70,17,16,https://i.ytimg.com/vi/xY7fyh-Fb4m/default.jpg,False,False,False,Auto-generated sample description for People & Blogs video.
leJVoMpGWp_,24.02.04,Why This Entertainment Video Went Viral,Channel_3355,6,2024-04-02T21:00:00.000Z,music|review|trending,653943,8815,2781,11999,https://i.ytimg.com/vi/SDLERiu7QD1/default.jpg,False,False,False,Auto-generated sample description for Entertainment video.
hTxDyN8Rbi9,25.03.02,Behind the Scenes: Science & Technology,Channel_1584,24,2025-01-31T14:00:00.000Z,official|vlog|2024,4392,340,29,79,https://i.ytimg.com/vi/yWIeVQjmVS5/default.jpg,False,False,False,Auto-generated sample description for Science & Technology video.
23q7jhXneKw,24.02.10,Official Comedy Highlights,Channel_2048,12,2024-09-28T14:00:00.000Z,music|2024|live,20050,800,64,332,https://i.ytimg.com/vi/SDXsiP7cb7X/default.jpg,False,False,False,Auto-generated sample description for Comedy video.
OFH7POh4MmH,24.12.09,Why This Gaming Video Went Viral,Channel_2505,22,2024-09-09T07:00:00.000Z,live|trending|official,47308,3631,68,343,https://i.ytimg.com/vi/J0vZZw1BSmn/default.jpg,False,False,False,"Auto-generated sample description for Gaming video.
Second line inside a quoted CSV field."
MkORxu7786l,24.21.01,Top 10 Entertainment Moments This Week,Channel_3028,3,2024-01-21T11:00:00.000Z,trending|review|vlog,26515,1802,58,107,https://i.ytimg.com/vi/0pYchkAnoF_/default.jpg,False,False,False,Auto-generated sample description for Entertainment video.
7vEhh58sOMg,24.01.01,Official Entertainment Highlights,Channel_4966,6,2024-01-01T13:00:00.000Z,vlog|music|2024,12970,892,123,214,https://i.ytimg.com/vi/xQdI0XYaQa1/default.jpg,False,False,False,Auto-generated sample description for Entertainment video.
Vu6z6Hd4bHo,24.21.04,Behind the Scenes: Entertainment,Channel_220,1,2024-04-17T14:00:00.000Z,live|official|music,41906,1674,396,538,https://i.ytimg.com/vi/0n_5ry_4Deb/default.jpg,False,False,False,Auto-generated sample description for Entertainment video.
uQp2K5cHVOf,24.28.12,Top 10 Entertainment Moments This Week,Channel_1673,1,2024-12-25T00:00:00.000Z,music|live|2024,72860,4890,186,253,https://i.ytimg.com/vi/LI-pSWTgB8m/default.jpg,False,False,False,Auto-generated sample description for Entertainment video.
Ct3shksesnO,24.26.11,Top 10 Sports Moments This Week,Channel_3314,14,2024-11-25T15:00:00.000Z,review|live|music,2221,118,14,38,https://i.ytimg.com/vi/928U_O7n35s/default.jpg,False,False,False,Auto-generated sample description for Sports video.
R5HsApSnobk,25.17.01,Entertainment Compilation 2024,Channel_4199,1,2025-01-17T07:00:00.000Z,live|music|review,11726,639,61,23,https://i.ytimg.com/vi/Q6jhz02o90U/default.jpg,False,False,False,Auto-generated sample description for Entertainment video.
E7Wc1i5jqTR,24.11.06,Reacting to Comedy Trends,Channel_454,9,2024-06-10T14:00:00.000Z,2024|official|trending,7370,371,55,25,https://i.ytimg.com/vi/Hzo9u1IhzII/default.jpg,False,False,False,Auto-generated sample description for Comedy video.
Okh65n-O3WF,24.25.04,Why This Education Video Went Viral,Channel_4013,13,2024-04-22T05:00:00.000Z,trending|music|live,1493,39,3,1,https://i.ytimg.com/vi/i2zuhb7AYQL/default.jpg,False,True,False,Auto-generated sample description for Education video.
w6rrH40lCN_,24.22.06,Entertainment Compilation 2024,Channel_3126,1,2024-06-19T20:00:00.000Z,music|review|live,12390,278,73,60,https://i.ytimg.com/vi/nc2qHUzkpO_/default.jpg,False,False,False,Auto-generated sample description for Entertainment video.
6obZH023T1U,24.19.08,Behind the Scenes: Entertainment,Channel_2050,6,2024-08-15T14:00:00.000Z,music|official|live,22676,673,38,344,https://i.ytimg.com/vi/khB4I5y2MU1/default.jpg,False,False,False,Auto-generated sample description for Entertainment video.
53MjPT8rpFi,24.23.01,Reacting to Comedy Trends,Channel_681,12,2024-01-22T14:00:00.000Z,live|trending|2024,149691,9887,869,761,https://i.ytimg.com/vi/Egvu53-wwc_/default.jpg,False,False,False,Auto-generated sample description for Comedy video.
dDy00KKs_A2,24.11.09,Gaming Compilation 2024,Channel_3943,22,2024-09-07T10:00:00.000Z,official|review|2024,5720,337,27,62,https://i.ytimg.com/vi/yvLQ5oQUI3G/default.jpg,False,False,False,Auto-generated sample description for Gaming video.
wl9_o-lXKIN,24.11.10,Top 10 Entertainment Moments This Week,Channel_4596,3,2024-10-10T01:00:00.000Z,live|trending|2024,8364,657,6,38,https://i.ytimg.com/vi/BwI_fbNvVPI/default.jpg,False,False,False,Auto-generated sample description for Entertainment video.
lXffWxIsF84,24.07.07,Science & Technology Compilation 2024,Channel_3948,24,2024-07-03T04:00:00.000Z,official|live|vlog,5884,356,35,10,https://i.ytimg.com/vi/Cm9RgUMoNxJ/default.jpg,False,False,False,Auto-generated sample description for Science & Technology video.
aDIZ5fc2n2B,25.20.01,Behind the Scenes: People & Blogs,Channel_2174,20,2025-01-17T07:00:00.000Z,2024|live|trending,5095,264,25,59,https://i.ytimg.com/vi/jdYF_a4vjVe/default.jpg,False,False,False,Auto-generated sample description for People & Blogs video.
KXKPco8SvNh,24.07.02,Reacting to Comedy Trends,Channel_65,12,2024-02-03T02:00:00.000Z,music|2024|official,5556,312,22,27,https://i.ytimg.com/vi/UdLEP5oKlt8/default.jpg,False,False,False,Auto-generated sample description for Comedy video.
_rEvptEpk-J,24.24.05,Reacting to Entertainment Trends,Channel_371,6,2024-05-21T10:00:00.000Z,music|2024|official,16110,437,89,232,https://i.ytimg.com/vi/CsXvGBvC-Xf/default.jpg,False,False,False,Auto-generated sample description for Entertainment video.
JJsK9wru2K9,24.07.10,Top 10 Sports Moments This Week,Channel_4109,14,2024-10-03T16:00:00.000Z,review|live|vlog,2106,98,5,1,https://i.ytimg.com/vi/CNEuWfBxrt5/default.jpg,False,False,False,Auto-generated sample description for Sports video.
BNIj6CdkksK,25.24.01,Reacting to Howto & Style Trends,Channel_1166,18,2025-01-20T22:00:00.000Z,official|music|live,1778,109,16,23,https://i.ytimg.com/vi/3CT_VurDtdC/default.jpg,False,False,False,Auto-generated sample description for Howto & Style video.
wD044VkJSRI,24.29.11,Reacting to Entertainment Trends,Channel_4867,3,2024-11-28T02:00:00.000Z,official|review|vlog,707716,38080,3695,13017,https://i.ytimg.com/vi/Ns7C-s2yuDA/default.jpg,False,False,False,Auto-generated sample description for Entertainment video.
5C_RlDzjnXQ,24.30.07,Top 10 Film & Animation Moments This Week,Channel_933,25,2024-07-26T01:00:00.000Z,live|2024|official,8920,623,24,57,https://i.ytimg.com/vi/SWW4T4eT9n9/default.jpg,False,False,False,Auto-generated sample description for Film & Animation video.
