video_id,trending_date,title,channel_title,category_id,publish_time,tags,views,likes,dislikes,comment_count,thumbnail_link,comments_disabled,ratings_disabled,video_error_or_removed,description
MnHSfe3XdD1,25.05.02,Top 10 Entertainment Moments This Week,Channel_2177,15,2025-02-01T02:00:00.000Z,music|trending|review,20752,412,18,292,https://i.ytimg.com/vi/Wk1BpFzFWzL/default.jpg,False,False,False,Auto-generated sample description for Entertainment video.
wXGJIVmZMI1,24.06.10,Official Gaming Highlights,Channel_2690,8,2024-10-04T06:00:00.000Z,live|vlog|trending,9429,105,50,55,https://i.ytimg.com/vi/0oPnU07Mc-G/default.jpg,False,False,False,Auto-generated sample description for Gaming video.
2cmrS4hYdtv,24.28.06,Top 10 People & Blogs Moments This Week,Channel_2176,12,2024-06-28T22:00:00.000Z,trending|review|2024,64876,4409,602,542,https://i.ytimg.com/vi/iN8g0-SYQec/default.jpg,False,False,False,Auto-generated sample description for People & Blogs video.
551M4aN0dkZ,24.28.04,Why This Music Video Went Viral,Channel_3264,23,2024-04-28T07:00:00.000Z,music|live|official,216109,10742,1916,1340,https://i.ytimg.com/vi/30rQ0SisVi2/default.jpg,False,False,False,Auto-generated sample description for Music video.
nJwtL_KX-Sp,24.23.04,Top 10 People & Blogs Moments This Week,Channel_3459,18,2024-04-21T09:00:00.000Z,trending|music|review,2943,234,8,2,https://i.ytimg.com/vi/JcJIWDRefr5/default.jpg,False,False,False,Auto-generated sample description for People & Blogs video.
rnxfSLizYvW,24.17.11,Reacting to Entertainment Trends,Channel_1724,15,2024-11-15T08:00:00.000Z,music|live|official,10596,692,88,49,https://i.ytimg.com/vi/G2d7iuRqnER/default.jpg,False,False,False,Auto-generated sample description for Entertainment video.
xCkkUN95bGD,24.27.04,Official Sports Highlights,Channel_1425,13,2024-04-24T11:00:00.000Z,music|2024|review,3891,281,15,38,https://i.ytimg.com/vi/ODRNFvJSjqA/default.jpg,False,False,False,Auto-generated sample description for Sports video.
4LkH51Jw4Ba,24.14.12,Official Music Highlights,Channel_4792,23,2024-12-13T17:00:00.000Z,live|music|vlog,166131,12358,1217,396,https://i.ytimg.com/vi/-h1zssIhkoW/default.jpg,False,False,False,Auto-generated sample description for Music video.
e7Evn7Ue6-t,24.21.09,Official Comedy Highlights,Channel_4126,22,2024-09-17T19:00:00.000Z,review|trending|vlog,20010,1404,194,119,https://i.ytimg.com/vi/c31ShQ2UVDJ/default.jpg,False,False,False,Auto-generated sample description for Comedy video.
_k0i6r64ODQ,24.25.06,Why This Howto & Style Video Went Viral,Channel_1721,21,2024-06-23T13:00:00.000Z,vlog|music|2024,1249,56,10,0,https://i.ytimg.com/vi/mj0oJwoVxEg/default.jpg,False,False,False,Auto-generated sample description for Howto & Style video.
I07Zn00poV7,24.25.11,Official Entertainment Highlights,Channel_406,15,2024-11-25T09:00:00.000Z,music|review|trending,207746,3030,1653,1251,https://i.ytimg.com/vi/uh8D43ZPT8o/default.jpg,False,False,False,Auto-generated sample description for Entertainment video.
HiD1Oj7X_D9,24.24.08,Top 10 Music Moments This Week,Channel_3974,23,2024-08-23T22:00:00.000Z,live|official|trending,71222,4603,270,410,https://i.ytimg.com/vi/dYySCpupUjf/default.jpg,False,False,False,Auto-generated sample description for Music video.
xI3mBkmayPd,24.04.02,Autos & Vehicles Compilation 2024,Channel_3811,20,2024-02-04T21:00:00.000Z,review|vlog|music,22527,746,161,178,https://i.ytimg.com/vi/hlvhGRD8UWC/default.jpg,False,False,False,Auto-generated sample description for Autos & Vehicles video.
o1Xwygby4DY,24.22.09,Top 10 Entertainment Moments This Week,Channel_3814,15,2024-09-20T04:00:00.000Z,review|vlog|official,6502,112,19,120,https://i.ytimg.com/vi/9eiQib6_CB2/default.jpg,False,False,False,Auto-generated sample description for Entertainment video.
HTU5SCihfr0,24.30.01,Music Compilation 2024,Channel_4577,23,2024-01-26T15:00:00.000Z,trending|vlog|2024,13377,952,13,144,https://i.ytimg.com/vi/Nx8O4jIiwVS/default.jpg,False,False,False,Auto-generated sample description for Music video.
_GJ5GbiQ01K,24.18.12,Behind the Scenes: Music,Channel_1407,23,2024-12-15T01:00:00.000Z,2024|live|official,233068,8395,641,666,https://i.ytimg.com/vi/GQvytJdryej/default.jpg,False,False,False,Auto-generated sample description for Music video.
nOengtFMoNq,25.04.01,Reacting to Comedy Trends,Channel_4829,22,2025-01-02T22:00:00.000Z,music|review|trending,2428,193,12,27,https://i.ytimg.com/vi/Mfp49HmwzrL/default.jpg,False,False,False,Auto-generated sample description for Comedy video.
5dwLij1CM65,24.14.10,Comedy Compilation 2024,Channel_3394,22,2024-10-14T16:00:00.000Z,live|trending|2024,8311,452,37,13,https://i.ytimg.com/vi/IX4Aa7sp-wj/default.jpg,False,False,False,Auto-generated sample description for Comedy video.
hZGYLw_FMU4,24.15.10,Entertainment Compilation 2024,Channel_1563,15,2024-10-14T08:00:00.000Z,vlog|official|trending,1126105,68972,2164,15735,https://i.ytimg.com/vi/6ymlkBUKxOW/default.jpg,False,False,False,Auto-generated sample description for Entertainment video.
CpAuoVXjz1x,24.13.12,Top 10 Entertainment Moments This Week,Channel_1930,15,2024-12-10T00:00:00.000Z,vlog|review|live,4368,153,27,65,https://i.ytimg.com/vi/eL3aLX4Me8r/default.jpg,False,False,False,Auto-generated sample description for Entertainment video.
n99n-cGkOu-,24.11.08,Gaming Compilation 2024,Channel_869,8,2024-08-07T07:00:00.000Z,music|official|live,30811,2116,37,346,https://i.ytimg.com/vi/_Pb7A2kExeM/default.jpg,False,False,False,Auto-generated sample description for Gaming video.
vyXwm6knkBd,24.15.04,Gaming Compilation 2024,Channel_1877,17,2024-04-15T06:00:00.000Z,2024|review|music,81218,1587,537,855,https://i.ytimg.com/vi/Z6o434iWwZW/default.jpg,False,False,False,Auto-generated sample description for Gaming video.
U_fg4Buor5j,24.28.12,Reacting to Entertainment Trends,Channel_1152,15,2024-12-28T20:00:00.000Z,music|official|review,104520,5212,295,854,https://i.ytimg.com/vi/4cZt6Cn28AG/default.jpg,False,False,False,Auto-generated sample description for Entertainment video.
1l5JbPMSoqc,24.28.12,Travel & Events Compilation 2024,Channel_868,14,2024-12-24T01:00:00.000Z,live|vlog|2024,13575,281,33,235,https://i.ytimg.com/vi/8F8bnII69mU/default.jpg,False,False,False,Auto-generated sample description for Travel & Events video.
_msTDBj-B11,25.15.01,Why This Music Video Went Viral,Channel_1301,23,2025-01-13T04:00:00.000Z,music|official|review,5928,381,47,61,https://i.ytimg.com/vi/krYiairt9-O/default.jpg,False,False,False,Auto-generated sample description for Music video.
B-27Du1Nu31,24.06.11,Gaming Compilation 2024,Channel_3626,8,2024-11-05T07:00:00.000Z,live|music|vlog,82908,5602,106,742,https://i.ytimg.com/vi/HrzRr-IEKe6/default.jpg,False,False,False,Auto-generated sample description for Gaming video.
Z3H9N3dOXGp,24.09.08,Top 10 Music Moments This Week,Channel_653,23,2024-08-06T21:00:00.000Z,vlog|music|2024,37775,2264,121,315,https://i.ytimg.com/vi/ZYft_sMQpzT/default.jpg,False,True,False,Auto-generated sample description for Music video.
bZjh2RUaAZB,24.28.07,Reacting to People & Blogs Trends,Channel_1206,12,2024-07-25T01:00:00.000Z,2024|live|vlog,42944,3084,366,645,https://i.ytimg.com/vi/8PcQLAtx1bu/default.jpg,False,False,False,Auto-generated sample description for People & Blogs video.
hWA5QHT9gsB,24.02.09,Official Comedy Highlights,Channel_3859,4,2024-08-30T02:00:00.000Z,vlog|music|review,12464,394,7,62,https://i.ytimg.com/vi/QWNfc05NnVX/default.jpg,False,False,False,Auto-generated sample description for Comedy video.
_ImOVc6Q-1H,24.26.05,Why This Comedy Video Went Viral,Channel_4735,4,2024-05-23T18:00:00.000Z,2024|vlog|live,75623,2440,96,243,https://i.ytimg.com/vi/xmMpYNvJhKz/default.jpg,False,False,False,Auto-generated sample description for Comedy video.
2ggwrt2Q2_u,24.06.07,Entertainment Compilation 2024,Channel_3076,15,2024-07-05T11:00:00.000Z,live|official|review,604635,48134,1465,8494,https://i.ytimg.com/vi/Jm7iMfXUWnM/default.jpg,False,False,False,Auto-generated sample description for Entertainment video.
jCW7U9Jlvw8,24.20.02,Entertainment Compilation 2024,Channel_3979,15,2024-02-17T13:00:00.000Z,music|vlog|official,389492,22333,2491,2613,https://i.ytimg.com/vi/IN8jXLiDgGe/default.jpg,False,False,False,Auto-generated sample description for Entertainment video.
DOP9mKx7eBk,24.26.10,Behind the Scenes: Sports,Channel_682,13,2024-10-24T00:00:00.000Z,vlog|live|music,34977,358,111,548,https://i.ytimg.com/vi/tQQDQBrKpv2/default.jpg,False,False,False,Auto-generated sample description for Sports video.
PY0fatQMiij,25.14.01,Reacting to Comedy Trends,Channel_975,19,2025-01-13T08:00:00.000Z,vlog|live|music,103565,5764,174,1306,https://i.ytimg.com/vi/lTetWlQVGt7/default.jpg,False,False,False,Auto-generated sample description for Comedy video.
gNTr80L3cdG,24.03.01,Behind the Scenes: Entertainment,Channel_2625,15,2024-01-03T20:00:00.000Z,live|2024|music,78546,1101,734,1533,https://i.ytimg.com/vi/QnVLXJmz-sn/default.jpg,False,False,False,Auto-generated sample description for Entertainment video.
D12ewOVIR5Q,24.12.09,Top 10 Comedy Moments This Week,Channel_3375,4,2024-09-08T04:00:00.000Z,official|2024|music,3229,185,12,34,https://i.ytimg.com/vi/hS0rLKysell/default.jpg,False,False,False,Auto-generated sample description for Comedy video.
FP3lyWlPnba,24.08.06,Top 10 Travel & Events Moments This Week,Channel_4061,14,2024-06-08T06:00:00.000Z,official|vlog|trending,2202,23,20,19,https://i.ytimg.com/vi/sptb1Xeg_7P/default.jpg,False,False,False,Auto-generated sample description for Travel & Events video.
yK_1N0iKR6V,24.18.12,Behind the Scenes: News & Politics,Channel_57,5,2024-12-17T20:00:00.000Z,trending|official|music,6358,238,34,59,https://i.ytimg.com/vi/dOhTWcBqXZr/default.jpg,False,False,False,Auto-generated sample description for News & Politics video.
Fd7eEDauJ09,24.24.03,Comedy Compilation 2024,Channel_3432,4,2024-03-20T04:00:00.000Z,vlog|trending|2024,55299,3901,514,789,https://i.ytimg.com/vi/5a2Llhgia8t/default.jpg,False,False,False,Auto-generated sample description for Comedy video.
RSoR5ezHzKl,24.02.06,People & Blogs Compilation 2024,Channel_629,10,2024-06-02T22:00:00.000Z,vlog|music|review,9600,694,70,44,https://i.ytimg.com/vi/DR_fQDCNJF-/default.jpg,False,False,False,Auto-generated sample description for People & Blogs video.
RAxZAWDGkiU,24.08.08,Top 10 Comedy Moments This Week,Channel_2917,19,2024-08-06T19:00:00.000Z,2024|official|music,2097,164,3,12,https://i.ytimg.com/vi/ZTg3LBDdSLh/default.jpg,False,False,False,Auto-generated sample description for Comedy video.
Xw6sR0FFehs,24.28.03,Reacting to Comedy Trends,Channel_1271,19,2024-03-28T19:00:00.000Z,official|music|vlog,48084,908,195,326,https://i.ytimg.com/vi/88pVTy2-Eo9/default.jpg,False,False,False,Auto-generated sample description for Comedy video.
u3E1a_f8yVU,24.01.03,Official Music Highlights,Channel_1906,23,2024-02-29T13:00:00.000Z,music|review|live,38013,2832,246,482,https://i.ytimg.com/vi/22yQLmsCb8T/default.jpg,False,False,False,Auto-generated sample description for Music video.
eYGtrU0AUi3,24.19.09,Official Comedy Highlights,Channel_1625,22,2024-09-19T10:00:00.000Z,music|live|review,232701,11828,118,1370,https://i.ytimg.com/vi/kMHqykNQJhF/default.jpg,False,False,False,Auto-generated sample description for Comedy video.
tUVrr_jxb8M,24.26.02,Why This Film & Animation Video Went Viral,Channel_641,16,2024-02-22T14:00:00.000Z,vlog|music|official,10263,296,58,112,https://i.ytimg.com/vi/Xu-yqKPyovp/default.jpg,False,False,False,Auto-generated sample description for Film & Animation video.
dC25fi8sjVl,25.14.01,Behind the Scenes: Sports,Channel_2165,13,2025-01-13T00:00:00.000Z,vlog|2024|official,123194,5782,790,2174,https://i.ytimg.com/vi/HfhhOGFluqu/default.jpg,False,False,False,Auto-generated sample description for Sports video.
vMNTeCAM92J,24.10.01,Behind the Scenes: Nonprofits & Activism,Channel_4790,2,2024-01-09T13:00:00.000Z,official|live|vlog,3162,202,2,57,https://i.ytimg.com/vi/tOz88Lxu04i/default.jpg,False,False,False,Auto-generated sample description for Nonprofits & Activism video.
KZrXfPRDUTS,24.21.06,Behind the Scenes: Comedy,Channel_4098,19,2024-06-17T16:00:00.000Z,official|trending|vlog,127798,5231,973,1301,https://i.ytimg.com/vi/mhCI86GJSQB/default.jpg,False,False,False,Auto-generated sample description for Comedy video.
iCgAskxn2m5,24.17.07,Sports Compilation 2024,Channel_1142,13,2024-07-13T21:00:00.000Z,official|music|trending,32462,1998,166,586,https://i.ytimg.com/vi/6AmdsFBms3P/default.jpg,False,False,False,Auto-generated sample description for Sports video.
4K9jbTGLeJF,24.30.08,Behind the Scenes: Science & Technology,Channel_435,11,2024-08-28T22:00:00.000Z,music|trending|2024,6297,83,47,87,https://i.ytimg.com/vi/00QjOAFWtsE/default.jpg,False,False,False,"Auto-generated sample description for Science & Technology video.
Second line inside a quoted CSV field."
SIN3UsbUMUg,24.30.12,Music Compilation 2024,Channel_1740,23,2024-12-26T00:00:00.000Z,live|official|2024,713826,35368,549,8420,https://i.ytimg.com/vi/l0xh99v1qUx/default.jpg,False,False,False,Auto-generated sample description for Music video.
5rRe-birebK,24.16.07,Official Gaming Highlights,Channel_3897,8,2024-07-15T05:00:00.000Z,official|trending|vlog,3463,60,29,53,https://i.ytimg.com/vi/uqs9qNPCi_Q/default.jpg,False,False,False,Auto-generated sample description for Gaming video.
SDY9Z46by9y,24.22.10,Comedy Compilation 2024,Channel_4634,4,2024-10-18T16:00:00.000Z,review|2024|vlog,2472,67,8,46,https://i.ytimg.com/vi/sfz04pGZVel/default.jpg,False,False,False,Auto-generated sample description for Comedy video.
I7eCNg3tWsV,24.15.02,Reacting to Music Trends,Channel_1898,23,2024-02-15T17:00:00.000Z,2024|official|vlog,58155,1576,392,526,https://i.ytimg.com/vi/jI8-4LRJpDW/default.jpg,False,False,False,Auto-generated sample description for Music video.
hyvc4XKLi8T,24.14.01,Why This Sports Video Went Viral,Channel_1062,13,2024-01-10T20:00:00.000Z,review|official|live,26463,1306,173,176,https://i.ytimg.com/vi/ixSPrPddyg7/default.jpg,False,False,False,Auto-generated sample description for Sports video.
88hzFroRAZA,24.09.03,Official Entertainment Highlights,Channel_1615,15,2024-03-08T04:00:00.000Z,vlog|trending|live,63089,3196,220,256,https://i.ytimg.com/vi/S27ICXcLEEY/default.jpg,False,False,False,Auto-generated sample description for Entertainment video.
Oa3fL7ibXSj,24.28.02,Top 10 Comedy Moments This Week,Channel_691,4,2024-02-28T20:00:00.000Z,trending|music|official,40389,2768,210,357,https://i.ytimg.com/vi/u05zb5GYXAW/default.jpg,False,False,False,Auto-generated sample description for Comedy video.
mv56Gp82POq,24.14.06,Top 10 Entertainment Moments This Week,Channel_4911,15,2024-06-13T07:00:00.000Z,music|2024|live,626706,33530,4494,10104,https://i.ytimg.com/vi/9eLmKpU1qEE/default.jpg,False,False,False,Auto-generated sample description for Entertainment video.
wgeE5rN-hGp,25.15.01,Reacting to Music Trends,Channel_2931,23,2025-01-14T01:00:00.000Z,music|live|review,231440,7962,837,191,https://i.ytimg.com/vi/-MPUsebzSvc/default.jpg,False,False,False,Auto-generated sample description for Music video.
zqt1EaAg_D_,24.09.02,Official Comedy Highlights,Channel_3355,19,2024-02-08T18:00:00.000Z,review|official|live,3755,230,22,50,https://i.ytimg.com/vi/JZmsT-pvyyp/default.jpg,False,False,False,Auto-generated sample description for Comedy video.
xVZEklLcvmS,24.01.03,Top 10 Entertainment Moments This Week,Channel_409,15,2024-02-27T08:00:00.000Z,trending|music|official,25603,670,164,285,https://i.ytimg.com/vi/hu60j7-mvFF/default.jpg,False,False,False,Auto-generated sample description for Entertainment video.
Ak9_oXwoJu8,24.07.09,Sports Compilation 2024,Channel_2975,13,2024-09-04T10:00:00.000Z,vlog|2024|official,28883,2235,95,367,https://i.ytimg.com/vi/4c92tiGp0BO/default.jpg,False,False,False,Auto-generated sample description for Sports video.
ppHifXKPRxa,24.09.06,Official Entertainment Highlights,Channel_4692,15,2024-06-09T01:00:00.000Z,official|music|live,13229,705,76,163,https://i.ytimg.com/vi/IGTpWmN0QF7/default.jpg,True,False,False,Auto-generated sample description for Entertainment video.
ExCvFW44dVA,24.13.04,Why This People & Blogs Video Went Viral,Channel_1201,18,2024-04-10T12:00:00.000Z,official|vlog|music,403,30,0,4,https://i.ytimg.com/vi/_hpyOlupVVS/default.jpg,False,False,False,Auto-generated sample description for People & Blogs video.
8pAbnZldNin,24.26.07,Reacting to People & Blogs Trends,Channel_1486,12,2024-07-22T06:00:00.000Z,review|music|live,606,36,4,1,https://i.ytimg.com/vi/Xpga2pgrX8I/default.jpg,False,False,False,
Kyn3DBMEUU4,25.22.01,Why This Gaming Video Went Viral,Channel_4721,8,2025-01-20T02:00:00.000Z,music|trending|official,6986,122,19,65,https://i.ytimg.com/vi/4M-k-4nOQ0L/default.jpg,False,False,False,Auto-generated sample description for Gaming video.
YXDnmP1azuX,24.14.11,Top 10 Comedy Moments This Week,Channel_2061,19,2024-11-10T02:00:00.000Z,live|music|trending,52400,2894,349,272,https://i.ytimg.com/vi/t3ucKrGcoSs/default.jpg,False,False,False,Auto-generated sample description for Comedy video.
4EAxK9mRuRZ,24.16.04,Music Compilation 2024,Channel_1917,23,2024-04-16T13:00:00.000Z,trending|music|live,16854,864,64,208,https://i.ytimg.com/vi/nX5wnVGe6EL/default.jpg,False,False,False,Auto-generated sample description for Music video.
5BJY37R8hlQ,24.16.12,Reacting to Music Trends,Channel_2350,23,2024-12-12T09:00:00.000Z,live|vlog|review,28530,1282,182,255,https://i.ytimg.com/vi/_fVV86uegPD/default.jpg,False,False,False,Auto-generated sample description for Music video.
3ICOFwen8-0,24.30.10,Music Compilation 2024,Channel_649,23,2024-10-29T04:00:00.000Z,live|trending|official,48402,1910,192,662,https://i.ytimg.com/vi/GjiVCant_h4/default.jpg,False,False,False,Auto-generated sample description for Music video.
t_qHJ6b28HU,24.06.08,Official Entertainment Highlights,Channel_3716,15,2024-08-02T17:00:00.000Z,music|2024|live,51090,3231,372,213,https://i.ytimg.com/vi/DtTr3SUQ4R4/default.jpg,False,False,False,Auto-generated sample description for Entertainment video.
aeT1POSFgGc,24.27.02,Comedy Compilation 2024,Channel_2279,22,2024-02-24T04:00:00.000Z,live|vlog|trending,22971,719,87,291,https://i.ytimg.com/vi/A6u5b8UBDTw/default.jpg,False,False,False,Auto-generated sample description for Comedy video.
Ftbm8ieYz-j,24.25.05,Reacting to Music Trends,Channel_1001,23,2024-05-25T09:00:00.000Z,trending|2024|review,15146,321,63,47,https://i.ytimg.com/vi/FBRHyJQ_jrK/default.jpg,False,False,False,Auto-generated sample description for Music video.
7aGlzo7CqDy,24.17.09,Why This Science & Technology Video Went Viral,Channel_835,3,2024-09-13T02:00:00.000Z,trending|official|music,25751,1846,230,14,https://i.ytimg.com/vi/1ryFNIdUFEF/default.jpg,False,False,False,Auto-generated sample description for Science & Technology video.
DPhPuRiKbPQ,24.09.04,Official Entertainment Highlights,Channel_2868,15,2024-04-09T11:00:00.000Z,official|2024|vlog,43204,2296,273,334,https://i.ytimg.com/vi/JZMrx7zge1E/default.jpg,False,False,False,Auto-generated sample description for Entertainment video.
rfInsLI42Bz,24.16.11,Reacting to People & Blogs Trends,Channel_3731,10,2024-11-14T13:00:00.000Z,2024|trending|vlog,27768,1191,60,332,https://i.ytimg.com/vi/EcG5foFbz63/default.jpg,False,False,False,Auto-generated sample description for People & Blogs video.
_7cQ65Bmcgw,24.20.03,Education Compilation 2024,Channel_571,24,2024-03-18T22:00:00.000Z,live|2024|review,32580,350,207,276,https://i.ytimg.com/vi/xOV-KjbFtqr/default.jpg,False,False,False,Auto-generated sample description for Education video.
iZ3d8bNkP_u,24.28.01,Why This Music Video Went Viral,Channel_727,23,2024-01-28T13:00:00.000Z,2024|trending|official,67549,1474,674,1161,https://i.ytimg.com/vi/GSAXjeSzNbU/default.jpg,False,False,False,Auto-generated sample description for Music video.
Bfig8DITZTj,24.30.12,Top 10 Music Moments This Week,Channel_4832,23,2024-12-30T07:00:00.000Z,vlog|music|2024,263118,11547,407,2989,https://i.ytimg.com/vi/vX6MPFCWqOk/default.jpg,False,False,False,Auto-generated sample description for Music video.
mOxr5E9ur0z,24.04.04,Behind the Scenes: Sports,Channel_3459,13,2024-04-04T04:00:00.000Z,music|2024|review,31861,634,159,354,https://i.ytimg.com/vi/WiyyRn_mdTt/default.jpg,False,False,False,Auto-generated sample description for Sports video.
BUNwjozR8Yl,24.07.10,Why This Music Video Went Viral,Channel_2145,23,2024-10-07T09:00:00.000Z,official|music|vlog,6549,298,55,19,https://i.ytimg.com/vi/Q6-MCkRvu-k/default.jpg,False,False,False,Auto-generated sample description for Music video.
ZVEbwad2ZSu,24.24.09,Top 10 Comedy Moments This Week,Channel_1282,4,2024-09-23T21:00:00.000Z,music|official|live,4669,129,29,34,https://i.ytimg.com/vi/cKusJ7bHuLO/default.jpg,False,False,False,Auto-generated sample description for Comedy video.
EsgcO4PsiCu,24.25.11,Gaming Compilation 2024,Channel_4965,8,2024-11-21T15:00:00.000Z,official|review|2024,20110,488,23,85,https://i.ytimg.com/vi/NCmcqord-3R/default.jpg,False,False,False,Auto-generated sample description for Gaming video.
82rbw6_yGBw,24.16.11,Behind the Scenes: People & Blogs,Channel_2067,18,2024-11-12T12:00:00.000Z,trending|music|2024,118911,4623,1067,2281,https://i.ytimg.com/vi/HsZbp5Thm79/default.jpg,False,False,False,Auto-generated sample description for People & Blogs video.
1pT6y22Nb1a,24.23.03,Official Music Highlights,Channel_1439,23,2024-03-19T03:00:00.000Z,music|review|live,13552,989,135,182,https://i.ytimg.com/vi/cp6hN4ZRQLK/default.jpg,False,False,False,Auto-generated sample description for Music video.
-uiAdNlcMq0,24.15.03,Official Music Highlights,Channel_2335,23,2024-03-14T11:00:00.000Z,2024|live|music,79643,3602,711,292,https://i.ytimg.com/vi/_DNCrvmUYDL/default.jpg,False,False,False,Auto-generated sample description for Music video.
sSqFmRK8NAv,24.06.02,Reacting to Sports Trends,Channel_4971,13,2024-02-05T19:00:00.000Z,trending|official|vlog,4616,304,4,67,https://i.ytimg.com/vi/5TOEDUd3SGj/default.jpg,False,False,False,Auto-generated sample description for Sports video.
JGFq-qaxrxp,24.24.01,Top 10 Entertainment Moments This Week,Channel_1925,15,2024-01-23T08:00:00.000Z,vlog|review|2024,2611,134,10,14,https://i.ytimg.com/vi/bDtr8hx3dhT/default.jpg,False,False,False,Auto-generated sample description for Entertainment video.
KndX_87RyrF,24.18.05,Behind the Scenes: Entertainment,Channel_3219,15,2024-05-16T10:00:00.000Z,live|vlog|2024,59126,3647,148,286,https://i.ytimg.com/vi/8AZLso4Q8uv/default.jpg,False,False,False,Auto-generated sample description for Entertainment video.
CYl4LxBg3lk,24.17.04,Behind the Scenes: Comedy,Channel_439,4,2024-04-16T16:00:00.000Z,trending|review|music,6767,346,34,55,https://i.ytimg.com/vi/8MOQq5Oz_bd/default.jpg,False,False,False,Auto-generated sample description for Comedy video.
XuWKkiYq-8g,25.08.01,Top 10 Music Moments This Week,Channel_4521,23,2025-01-06T09:00:00.000Z,trending|live|music,105564,5387,688,1100,https://i.ytimg.com/vi/C2HcF3P5j2-/default.jpg,False,False,False,Auto-generated sample description for Music video.
kSTIbV-HK-c,24.09.04,Top 10 Sports Moments This Week,Channel_4549,13,2024-04-08T18:00:00.000Z,music|vlog|2024,9267,485,44,52,https://i.ytimg.com/vi/m9I9Lc8xFsV/default.jpg,False,False,False,Auto-generated sample description for Sports video.
Q4Ztg7vX0Fp,24.15.07,Behind the Scenes: Autos & Vehicles,Channel_2995,9,2024-07-14T21:00:00.000Z,review|trending|official,7923,90,77,90,https://i.ytimg.com/vi/wm3sVCTXBH-/default.jpg,False,False,False,Auto-generated sample description for Autos & Vehicles video.
zGsXu0CNGMA,25.21.01,Official Entertainment Highlights,Channel_2058,15,2025-01-21T04:00:00.000Z,music|review|official,71085,4302,357,1109,https://i.ytimg.com/vi/NRXbiC6-vX_/default.jpg,False,False,False,Auto-generated sample description for Entertainment video.
-yNR6pc7n6c,24.06.12,Howto & Style Compilation 2024,Channel_2881,21,2024-12-02T16:00:00.000Z,official|music|live,2175,83,12,10,https://i.ytimg.com/vi/2M8rrzjH0Lt/default.jpg,False,True,False,Auto-generated sample description for Howto & Style video.
3Y6SkAMDLI7,24.28.09,Music Compilation 2024,Channel_3115,23,2024-09-26T11:00:00.000Z,vlog|live|review,16487,1291,88,208,https://i.ytimg.com/vi/YX0F52pxaHT/default.jpg,False,False,False,Auto-generated sample description for Music video.
GhGSdYvSkpl,24.08.10,Why This People & Blogs Video Went Viral,Channel_3057,10,2024-10-07T06:00:00.000Z,2024|official|live,1521,53,10,1,https://i.ytimg.com/vi/s6pyZsHbI39/default.jpg,False,False,False,Auto-generated sample description for People & Blogs video.
gt7XuXznHlD,24.02.07,Why This Gaming Video Went Viral,Channel_279,8,2024-07-02T09:00:00.000Z,live|vlog|trending,2069,51,19,41,https://i.ytimg.com/vi/5OkMjwcijdX/default.jpg,False,False,False,Auto-generated sample description for Gaming video.
E6N71poQRK9,24.20.02,Top 10 Music Moments This Week,Channel_4156,23,2024-02-18T15:00:00.000Z,review|official|music,72357,1547,677,1433,https://i.ytimg.com/vi/aojhTslvHc9/default.jpg,False,False,False,Auto-generated sample description for Music video.
XWLTzFz6DAp,24.23.12,Official Film & Animation Highlights,Channel_3596,16,2024-12-20T10:00:00.000Z,review|vlog|official,7692,173,56,28,https://i.ytimg.com/vi/4Zdylf846yV/default.jpg,False,False,False,Auto-generated sample description for Film & Animation video.
v9V9bw6rhzQ,24.07.07,Top 10 Entertainment Moments This Week,Channel_2985,15,2024-07-03T07:00:00.000Z,music|live|review,74058,4566,417,618,https://i.ytimg.com/vi/6TRNZ_hbK8T/default.jpg,False,False,False,Auto-generated sample description for Entertainment video.
c6eyJmpYz1j,24.20.12,Official Autos & Vehicles Highlights,Channel_746,9,2024-12-20T05:00:00.000Z,music|trending|live,9065,350,71,68,https://i.ytimg.com/vi/gnVyRr5cfP0/default.jpg,False,False,False,Auto-generated sample description for Autos & Vehicles video.
KkXrNnHH4KX,24.25.02,Behind the Scenes: Education,Channel_238,24,2024-02-24T07:00:00.000Z,vlog|official|2024,9910,451,92,86,https://i.ytimg.com/vi/vFvizP91SzD/default.jpg,False,False,False,Auto-generated sample description for Education video.
7ZEmw7WU08X,24.19.06,Reacting to Howto & Style Trends,Channel_3722,21,2024-06-18T14:00:00.000Z,vlog|live|2024,3936,114,22,71,https://i.ytimg.com/vi/UXeP03SspWB/default.jpg,False,False,False,Auto-generated sample description for Howto & Style video.
WIdpgQolKrW,24.28.01,Why This People & Blogs Video Went Viral,Channel_1014,10,2024-01-27T07:00:00.000Z,vlog|music|live,28056,810,168,178,https://i.ytimg.com/vi/sgUEPP8cCSr/default.jpg,False,False,False,Auto-generated sample description for People & Blogs video.
x4Yc36eYsUa,24.29.03,Behind the Scenes: News & Politics,Channel_660,5,2024-03-29T09:00:00.000Z,review|vlog|2024,10854,310,105,109,https://i.ytimg.com/vi/vZmmhP3hWEx/default.jpg,False,False,False,Auto-generated sample description for News & Politics video.
RGgk9Bpilvc,24.02.05,Reacting to Autos & Vehicles Trends,Channel_1161,9,2024-04-29T03:00:00.000Z,review|2024|live,3410,62,30,4,https://i.ytimg.com/vi/woYEi-LmCq5/default.jpg,False,False,False,Auto-generated sample description for Autos & Vehicles video.
YFOL3xFrX2r,24.04.11,Why This Science & Technology Video Went Viral,Channel_1248,11,2024-10-31T13:00:00.000Z,trending|vlog|review,6241,472,24,8,https://i.ytimg.com/vi/2WCc5JqX2AA/default.jpg,False,False,False,Auto-generated sample description for Science & Technology video.
dbxC8h0czjK,24.11.03,Official News & Politics Highlights,Channel_3755,6,2024-03-10T19:00:00.000Z,vlog|live|review,20909,1289,44,417,https://i.ytimg.com/vi/XouDBzlGRJ4/default.jpg,False,False,False,Auto-generated sample description for News & Politics video.
R4tScW6jCsr,24.22.06,Reacting to People & Blogs Trends,Channel_1804,10,2024-06-20T19:00:00.000Z,2024|vlog|music,18440,1296,162,180,https://i.ytimg.com/vi/cEnENYNLDbk/default.jpg,False,False,False,Auto-generated sample description for People & Blogs video.
yr2UfbpwjNC,24.25.09,Reacting to News & Politics Trends,Channel_3175,6,2024-09-23T04:00:00.000Z,official|review|trending,124384,3299,589,958,https://i.ytimg.com/vi/hFghX7izK0f/default.jpg,False,False,False,Auto-generated sample description for News & Politics video.
_N8r0-xBMe3,24.26.06,Behind the Scenes: Entertainment,Channel_4477,15,2024-06-24T11:00:00.000Z,vlog|2024|review,181743,8769,1637,914,https://i.ytimg.com/vi/t9Rz1X-h4AM/default.jpg,False,False,False,Auto-generated sample description for Entertainment video.
AnYrz_VFMrd,24.08.09,Why This Entertainment Video Went Viral,Channel_3366,15,2024-09-08T19:00:00.000Z,2024|trending|music,6830,139,37,21,https://i.ytimg.com/vi/6CTvY5OXTwa/default.jpg,False,False,False,Auto-generated sample description for Entertainment video.
bcI3cQnacmR,24.13.06,Official Entertainment Highlights,Channel_381,15,2024-06-11T18:00:00.000Z,trending|review|2024,282900,12586,2077,553,https://i.ytimg.com/vi/vYI1s5n16Sq/default.jpg,False,False,False,Auto-generated sample description for Entertainment video.
QHkV_uE_HxG,24.08.07,Music Compilation 2024,Channel_2319,23,2024-07-07T14:00:00.000Z,live|vlog|official,113339,1747,154,1224,https://i.ytimg.com/vi/mO-N2PlL2VW/default.jpg,False,False,False,Auto-generated sample description for Music video.
H9Mn_q3CTrr,24.16.09,Behind the Scenes: People & Blogs,Channel_86,12,2024-09-13T01:00:00.000Z,vlog|review|trending,1503,93,4,22,https://i.ytimg.com/vi/uBmNyetStfb/default.jpg,False,False,False,Auto-generated sample description for People & Blogs video.
dLu1f9wOEHW,25.01.01,Music Compilation 2024,Channel_4,23,2024-12-31T13:00:00.000Z,trending|review|2024,56209,3775,32,619,https://i.ytimg.com/vi/Qe3jXiFptp6/default.jpg,False,False,False,Auto-generated sample description for Music video.
l3xY2Z8IruE,24.31.12,Top 10 Music Moments This Week,Channel_4343,23,2024-12-28T07:00:00.000Z,review|official|vlog,267326,15490,2092,4890,https://i.ytimg.com/vi/NZil6OMV6ik/default.jpg,False,True,False,Auto-generated sample description for Music video.
jUyXpGQjBjD,24.03.03,Top 10 Music Moments This Week,Channel_776,23,2024-03-01T11:00:00.000Z,review|vlog|trending,548556,9112,646,10191,https://i.ytimg.com/vi/oW8fMnUYnbh/default.jpg,False,False,False,Auto-generated sample description for Music video.
Tj1Lh2KegRK,24.13.07,Why This Gaming Video Went Viral,Channel_2844,8,2024-07-10T18:00:00.000Z,music|vlog|live,8294,395,4,65,https://i.ytimg.com/vi/v9rHujo23K8/default.jpg,False,False,False,Auto-generated sample description for Gaming video.
P_MUnCA_TzC,25.20.01,Why This Science & Technology Video Went Viral,Channel_3008,11,2025-01-20T04:00:00.000Z,review|trending|live,39647,1440,72,329,https://i.ytimg.com/vi/Al-oYGX4S3r/default.jpg,False,False,False,Auto-generated sample description for Science & Technology video.
e8rQ84TjylP,24.22.06,Reacting to People & Blogs Trends,Channel_2282,18,2024-06-20T11:00:00.000Z,2024|live|review,4091,312,7,63,https://i.ytimg.com/vi/_2tnB3b3sKJ/default.jpg,False,False,False,Auto-generated sample description for People & Blogs video.
TP-X_OinKFz,24.11.09,Reacting to Howto & Style Trends,Channel_1823,7,2024-09-08T15:00:00.000Z,2024|live|trending,16718,383,131,10,https://i.ytimg.com/vi/3diNI_oU6_j/default.jpg,False,False,False,Auto-generated sample description for Howto & Style video.
YkHe66NkKns,25.03.02,Comedy Compilation 2024,Channel_2065,4,2025-02-01T10:00:00.000Z,review|music|official,44811,2812,334,244,https://i.ytimg.com/vi/FUrCwr7Z-yh/default.jpg,False,False,False,Auto-generated sample description for Comedy video.
Cq3lZj7GCJS,24.09.04,Reacting to Comedy Trends,Channel_1335,4,2024-04-05T21:00:00.000Z,live|2024|trending,15453,580,94,113,https://i.ytimg.com/vi/mbTOH-gh1-E/default.jpg,False,True,False,Auto-generated sample description for Comedy video.
dS0FDYHg50s,25.04.01,Behind the Scenes: People & Blogs,Channel_1319,18,2025-01-01T14:00:00.000Z,2024|music|live,1159,89,5,9,https://i.ytimg.com/vi/w0FpcZ6wVMf/default.jpg,False,False,False,Auto-generated sample description for People & Blogs video.
j1tbJBulr7-,24.01.04,Top 10 Music Moments This Week,Channel_927,23,2024-04-01T11:00:00.000Z,review|2024|vlog,36653,1410,47,709,https://i.ytimg.com/vi/Lv9Hy98uIr7/default.jpg,False,False,False,Auto-generated sample description for Music video.
hQbVBn2M4gV,24.22.02,Behind the Scenes: People & Blogs,Channel_2159,12,2024-02-21T00:00:00.000Z,trending|review|2024,6721,251,52,72,https://i.ytimg.com/vi/RyIe9BxLSWE/default.jpg,False,False,False,Auto-generated sample description for People & Blogs video.
exspIhBzG96,24.10.04,Why This Music Video Went Viral,Channel_2031,23,2024-04-06T20:00:00.000Z,live|2024|vlog,23499,1597,87,257,https://i.ytimg.com/vi/DTKRJe0-mAs/default.jpg,False,False,False,Auto-generated sample description for Music video.
0_YJ5OFFTWW,24.05.04,Top 10 Music Moments This Week,Channel_4248,23,2024-04-01T15:00:00.000Z,trending|vlog|live,50419,817,234,999,https://i.ytimg.com/vi/vx5bZ8_6-Ee/default.jpg,False,False,False,Auto-generated sample description for Music video.
h54erB3lgH2,24.08.06,Top 10 Comedy Moments This Week,Channel_3172,4,2024-06-06T20:00:00.000Z,vlog|live|review,24157,1271,128,449,https://i.ytimg.com/vi/clSMWjqjGlw/default.jpg,False,False,False,Auto-generated sample description for Comedy video.
nHpGt1OnpQh,24.24.01,Top 10 Entertainment Moments This Week,Channel_52,15,2024-01-21T18:00:00.000Z,live|vlog|review,36370,2695,208,237,https://i.ytimg.com/vi/lPvmb0itNth/default.jpg,False,False,False,Auto-generated sample description for Entertainment video.
8Cbg0O8s9yg,24.01.09,Official Comedy Highlights,Channel_3410,4,2024-08-28T22:00:00.000Z,vlog|official|trending,13909,993,128,247,https://i.ytimg.com/vi/NU1yxGSKaUC/default.jpg,False,False,False,Auto-generated sample description for Comedy video.
bUum58x3qtx,24.01.11,Top 10 Music Moments This Week,Channel_2320,23,2024-10-31T14:00:00.000Z,vlog|2024|review,306386,24105,1750,5649,https://i.ytimg.com/vi/nMI1j4yr5MF/default.jpg,False,False,False,Auto-generated sample description for Music video.
5GabmM72XUy,24.04.01,Why This Comedy Video Went Viral,Channel_4685,22,2024-01-01T04:00:00.000Z,2024|music|review,9641,283,67,167,https://i.ytimg.com/vi/lsJgG8WTtdS/default.jpg,False,False,False,Auto-generated sample description for Comedy video.
yjLE6nhKOxW,24.26.08,Official Comedy Highlights,Channel_4848,19,2024-08-25T19:00:00.000Z,2024|vlog|music,32994,657,42,426,https://i.ytimg.com/vi/d6Oh66Rsuj6/default.jpg,False,False,False,Auto-generated sample description for Comedy video.
izbiZz3Iq2E,24.16.12,Top 10 Comedy Moments This Week,Channel_3581,19,2024-12-12T17:00:00.000Z,music|trending|vlog,17434,1149,172,131,https://i.ytimg.com/vi/mEOR3U6u7s_/default.jpg,False,False,False,Auto-generated sample description for Comedy video.
oM7WxEeuY-h,24.11.12,Behind the Scenes: Sports,Channel_2371,13,2024-12-11T10:00:00.000Z,2024|music|trending,25422,434,41,391,https://i.ytimg.com/vi/279l0JjpH1g/default.jpg,False,False,False,Auto-generated sample description for Sports video.
C2zssdv5ajB,24.21.09,Why This Music Video Went Viral,Channel_3980,23,2024-09-17T12:00:00.000Z,live|vlog|music,22622,1174,208,187,https://i.ytimg.com/vi/3-F2X9Si3VA/default.jpg,False,False,False,Auto-generated sample description for Music video.
w9MkMDE4OaR,25.07.01,Top 10 Music Moments This Week,Channel_114,23,2025-01-07T13:00:00.000Z,trending|vlog|live,7756,185,53,132,https://i.ytimg.com/vi/BWenL2-oSjk/default.jpg,False,False,False,Auto-generated sample description for Music video.
-gEuvLiEWeN,24.03.04,Top 10 Comedy Moments This Week,Channel_3680,22,2024-04-01T20:00:00.000Z,official|review|vlog,93067,5268,287,1812,https://i.ytimg.com/vi/5Y3FMckq_QJ/default.jpg,False,False,False,Auto-generated sample description for Comedy video.
5xv7gktGW7T,24.08.08,Behind the Scenes: Entertainment,Channel_2578,15,2024-08-04T02:00:00.000Z,2024|trending|review,41883,2011,270,730,https://i.ytimg.com/vi/AF8pjzOp7d6/default.jpg,False,False,False,Auto-generated sample description for Entertainment video.
gA4YiBPuKtn,24.11.02,Comedy Compilation 2024,Channel_4754,4,2024-02-08T12:00:00.000Z,official|review|live,53601,1554,484,153,https://i.ytimg.com/vi/HORMu7rJI4S/default.jpg,False,False,False,Auto-generated sample description for Comedy video.
relKsvz9xUW,24.08.01,Behind the Scenes: Comedy,Channel_3363,4,2024-01-08T02:00:00.000Z,vlog|official|music,9428,707,28,186,https://i.ytimg.com/vi/W1dpkZSRZTm/default.jpg,False,False,False,Auto-generated sample description for Comedy video.
nhg1ZdT299x,24.28.10,Reacting to Howto & Style Trends,Channel_860,7,2024-10-24T00:00:00.000Z,live|2024|music,33013,1342,287,544,https://i.ytimg.com/vi/fIBed2FD_rF/default.jpg,False,False,False,Auto-generated sample description for Howto & Style video.
_5vimXzao3Q,24.26.07,Official Gaming Highlights,Channel_3433,17,2024-07-25T21:00:00.000Z,trending|music|vlog,7695,471,56,30,https://i.ytimg.com/vi/I9xnPzQ8ecA/default.jpg,False,False,False,Auto-generated sample description for Gaming video.
bgSPUbn5bhP,24.02.07,Top 10 Music Moments This Week,Channel_4829,23,2024-06-30T18:00:00.000Z,trending|official|live,232105,17886,911,1870,https://i.ytimg.com/vi/CqTSHzzGvAw/default.jpg,False,False,False,Auto-generated sample description for Music video.
sQzFcBZjErr,24.31.08,Music Compilation 2024,Channel_3462,23,2024-08-28T22:00:00.000Z,vlog|trending|music,8845,226,87,158,https://i.ytimg.com/vi/G9HM_Dbnpd4/default.jpg,False,False,False,Auto-generated sample description for Music video.
1W9NRAzLyFS,24.19.06,Reacting to Gaming Trends,Channel_3769,8,2024-06-16T08:00:00.000Z,trending|official|live,26288,560,69,466,https://i.ytimg.com/vi/6fijfzzZkAY/default.jpg,False,False,False,Auto-generated sample description for Gaming video.
CFVmoYE9KT5,24.22.02,Reacting to People & Blogs Trends,Channel_1925,12,2024-02-20T05:00:00.000Z,2024|live|official,10109,344,43,85,https://i.ytimg.com/vi/EbFIq3av4Ex/default.jpg,False,False,False,Auto-generated sample description for People & Blogs video.
r7dqxMbc-Qk,24.04.03,Official Comedy Highlights,Channel_31,4,2024-03-03T08:00:00.000Z,review|live|trending,7667,301,31,101,https://i.ytimg.com/vi/EHb0T17TWJT/default.jpg,False,False,False,Auto-generated sample description for Comedy video.
iAeCusLMwvn,24.03.12,Top 10 Education Moments This Week,Channel_4464,24,2024-11-29T16:00:00.000Z,official|vlog|live,13495,241,64,163,https://i.ytimg.com/vi/BqlFDehgLvQ/default.jpg,False,False,False,Auto-generated sample description for Education video.
R-xdvd5Ttgc,24.22.04,Reacting to Comedy Trends,Channel_1411,22,2024-04-21T03:00:00.000Z,official|review|2024,36548,1258,98,58,https://i.ytimg.com/vi/Bk3a3uCoIE9/default.jpg,False,False,False,Auto-generated sample description for Comedy video.
T1q-0Ebe-WD,24.29.03,Reacting to Entertainment Trends,Channel_1528,15,2024-03-27T11:00:00.000Z,official|live|2024,6049,353,21,63,https://i.ytimg.com/vi/F4X-HlDmJsb/default.jpg,False,False,False,Auto-generated sample description for Entertainment video.
NFiMdnE8NuV,24.12.08,Top 10 Gaming Moments This Week,Channel_1656,17,2024-08-12T00:00:00.000Z,vlog|2024|music,27455,773,269,301,https://i.ytimg.com/vi/GxKbU0CbxQt/default.jpg,False,False,False,Auto-generated sample description for Gaming video.
IUlVTZH9eyr,25.01.02,Official Gaming Highlights,Channel_4242,17,2025-01-31T11:00:00.000Z,2024|music|live,46630,3619,100,299,https://i.ytimg.com/vi/UfJvDUHbri0/default.jpg,False,False,False,Auto-generated sample description for Gaming video.
XAXssIK3x2Q,24.16.11,Why This People & Blogs Video Went Viral,Channel_3372,12,2024-11-12T06:00:00.000Z,music|official|2024,9184,410,88,19,https://i.ytimg.com/vi/5qDRSk9q7JL/default.jpg,False,False,False,Auto-generated sample description for People & Blogs video.
HJWm5COCZh1,24.27.02,Reacting to Gaming Trends,Channel_4100,8,2024-02-26T01:00:00.000Z,official|review|2024,3061,212,26,44,https://i.ytimg.com/vi/a2-NaiuXdt6/default.jpg,False,False,False,Auto-generated sample description for Gaming video.
nd2LgsysTYc,25.26.01,Official Sports Highlights,Channel_4444,13,2025-01-23T09:00:00.000Z,trending|music|official,225645,7036,1703,3291,https://i.ytimg.com/vi/MNXQHjixJws/default.jpg,False,False,False,Auto-generated sample description for Sports video.
xp8uOsj034s,24.10.01,Top 10 Science & Technology Moments This Week,Channel_4756,11,2024-01-07T22:00:00.000Z,2024|review|official,45535,3606,357,274,https://i.ytimg.com/vi/360VLYC58SQ/default.jpg,False,False,False,Auto-generated sample description for Science & Technology video.
9qKo4c3zB96,25.07.01,Why This Gaming Video Went Viral,Channel_3644,17,2025-01-06T21:00:00.000Z,live|vlog|2024,4147,271,31,62,https://i.ytimg.com/vi/4BvXoD1iRCZ/default.jpg,False,False,False,Auto-generated sample description for Gaming video.
wtd9NP0xJlF,24.06.12,Top 10 Sports Moments This Week,Channel_2292,13,2024-12-05T09:00:00.000Z,official|trending|music,20186,256,95,338,https://i.ytimg.com/vi/qEjKkIvkSsR/default.jpg,False,False,False,Auto-generated sample description for Sports video.
pGCNBsShhWq,24.26.05,Official Comedy Highlights,Channel_2857,22,2024-05-24T12:00:00.000Z,music|review|live,13285,907,86,42,https://i.ytimg.com/vi/GjUMryKKtFT/default.jpg,False,False,False,Auto-generated sample description for Comedy video.
59jJ9YLsDYn,24.07.06,Gaming Compilation 2024,Channel_382,17,2024-06-05T06:00:00.000Z,live|review|official,33507,2521,48,163,https://i.ytimg.com/vi/wxDKi66tkn6/default.jpg,False,False,False,Auto-generated sample description for Gaming video.
dmu8p9veKcu,24.26.11,Film & Animation Compilation 2024,Channel_284,16,2024-11-25T07:00:00.000Z,vlog|trending|official,5372,78,45,13,https://i.ytimg.com/vi/zlSvol-p81x/default.jpg,False,False,False,Auto-generated sample description for Film & Animation video.
E2ZIXRcKPWX,25.02.01,Official Music Highlights,Channel_3397,23,2025-01-02T01:00:00.000Z,live|trending|official,103326,1129,400,1734,https://i.ytimg.com/vi/DX-Nvi8jjz0/default.jpg,False,False,False,Auto-generated sample description for Music video.
pls-g3KON9A,24.24.12,Behind the Scenes: Sports,Channel_4643,13,2024-12-21T20:00:00.000Z,review|music|official,7917,503,19,39,https://i.ytimg.com/vi/8lcEfAC8oZj/default.jpg,False,False,True,Auto-generated sample description for Sports video.
g2GKaAdO942,24.11.11,Reacting to People & Blogs Trends,Channel_712,18,2024-11-07T03:00:00.000Z,official|music|2024,22729,833,62,309,https://i.ytimg.com/vi/tYcfSKt1BS-/default.jpg,False,False,False,Auto-generated sample description for People & Blogs video.
NHMLjFqOxFS,24.06.01,Why This Nonprofits & Activism Video Went Viral,Channel_1185,1,2024-01-06T16:00:00.000Z,2024|live|review,591,38,0,4,https://i.ytimg.com/vi/AFhXm_9fKAl/default.jpg,False,True,False,Auto-generated sample description for Nonprofits & Activism video.
Td7ZpGaH27o,24.07.10,Reacting to Comedy Trends,Channel_3553,22,2024-10-04T14:00:00.000Z,trending|music|2024,2268,146,17,29,https://i.ytimg.com/vi/ECsnhxgfnoJ/default.jpg,False,False,False,"Auto-generated sample description for Comedy video.
Second line inside a quoted CSV field."
cJ7yCXGYb1o,24.06.07,Official Entertainment Highlights,Channel_3501,15,2024-07-06T10:00:00.000Z,music|live|vlog,9032,108,42,12,https://i.ytimg.com/vi/tsAvxEVB6OP/default.jpg,False,False,False,Auto-generated sample description for Entertainment video.
Odi4tf0ZU4_,24.24.04,People & Blogs Compilation 2024,Channel_3989,10,2024-04-24T06:00:00.000Z,vlog|2024|trending,8798,521,51,163,https://i.ytimg.com/vi/8pybGA_qafY/default.jpg,False,False,False,Auto-generated sample description for People & Blogs video.
WT4NFZ7c3i_,24.16.07,Why This Nonprofits & Activism Video Went Viral,Channel_68,1,2024-07-15T12:00:00.000Z,music|live|trending,3381,82,29,21,https://i.ytimg.com/vi/jMhGAalTAiT/default.jpg,False,True,False,Auto-generated sample description for Nonprofits & Activism video.
yMPLxQQYiJi,24.06.07,Reacting to Autos & Vehicles Trends,Channel_3617,20,2024-07-03T10:00:00.000Z,trending|official|live,26801,1566,207,330,https://i.ytimg.com/vi/5XdmzxT9pXT/default.jpg,False,False,False,Auto-generated sample description for Autos & Vehicles video.
0y2gHxPcHai,24.31.01,Behind the Scenes: Comedy,Channel_1981,19,2024-01-31T22:00:00.000Z,trending|official|review,15346,623,31,211,https://i.ytimg.com/vi/kLExJNU_NDN/default.jpg,False,False,False,Auto-generated sample description for Comedy video.
ZQsCung3tWS,24.15.10,Top 10 Comedy Moments This Week,Channel_808,19,2024-10-14T04:00:00.000Z,vlog|music|review,19695,524,64,133,https://i.ytimg.com/vi/6CRejzxT7cM/default.jpg,False,False,False,Auto-generated sample description for Comedy video.
AcxRPUP4AC-,24.08.11,Why This Entertainment Video Went Viral,Channel_1379,15,2024-11-06T10:00:00.000Z,vlog|2024|music,4743,157,44,37,https://i.ytimg.com/vi/TTfrYuVoIEO/default.jpg,False,False,False,Auto-generated sample description for Entertainment video.
p7ub8hF3-A8,24.21.05,Top 10 Comedy Moments This Week,Channel_3186,19,2024-05-20T20:00:00.000Z,live|music|vlog,2904,34,25,28,https://i.ytimg.com/vi/Sx89z7KlpMJ/default.jpg,False,False,False,Auto-generated sample description for Comedy video.
KLgchvRP6tP,24.23.11,Gaming Compilation 2024,Channel_1631,17,2024-11-20T04:00:00.000Z,music|live|review,178593,13491,543,1275,https://i.ytimg.com/vi/wudD5FSMfUD/default.jpg,False,False,False,Auto-generated sample description for Gaming video.
1J6Uh1eDz_i,24.23.10,Behind the Scenes: Science & Technology,Channel_4393,11,2024-10-22T14:00:00.000Z,2024|official|trending,9039,220,47,135,https://i.ytimg.com/vi/OjcqiKZPHnA/default.jpg,False,False,False,"Auto-generated sample description for Science & Technology video.
Second line inside a quoted CSV field."
iTvOdkk494O,24.27.08,Official Entertainment Highlights,Channel_2450,15,2024-08-27T04:00:00.000Z,2024|vlog|music,28548,777,89,194,https://i.ytimg.com/vi/bZxrPfj5_Qj/default.jpg,False,False,False,Auto-generated sample description for Entertainment video.
wzC0cNJ-c7c,24.05.01,Entertainment Compilation 2024,Channel_3549,15,2024-01-03T20:00:00.000Z,music|vlog|official,163336,1882,1588,1197,https://i.ytimg.com/vi/_WPq8AFjmuP/default.jpg,False,False,False,Auto-generated sample description for Entertainment video.
5bo3tLGISjY,24.12.06,Behind the Scenes: Music,Channel_3371,23,2024-06-11T12:00:00.000Z,music|live|2024,299027,12096,1155,3969,https://i.ytimg.com/vi/bFHdK8PCpOf/default.jpg,False,False,False,Auto-generated sample description for Music video.
FomWTJOJd0r,25.26.01,Official Entertainment Highlights,Channel_4736,15,2025-01-24T05:00:00.000Z,vlog|official|live,341664,5382,2707,2495,https://i.ytimg.com/vi/_QYh5uThyyC/default.jpg,False,False,False,Auto-generated sample description for Entertainment video.
sbPBKRuoAG7,24.26.05,Behind the Scenes: Entertainment,Channel_2596,15,2024-05-26T17:00:00.000Z,review|2024|official,230872,13523,1888,2307,https://i.ytimg.com/vi/tCsWWkeAtop/default.jpg,False,False,False,Auto-generated sample description for Entertainment video.
qVOiFgYwMx0,24.22.10,Why This Music Video Went Viral,Channel_4082,23,2024-10-21T02:00:00.000Z,review|2024|music,84374,5176,258,1121,https://i.ytimg.com/vi/8cBLRWwjTTQ/default.jpg,False,False,False,Auto-generated sample description for Music video.
nT-TMobGPHg,24.07.05,Music Compilation 2024,Channel_2640,23,2024-05-07T00:00:00.000Z,official|vlog|2024,89968,5786,530,833,https://i.ytimg.com/vi/ssMhX2Zjn4h/default.jpg,False,False,False,Auto-generated sample description for Music video.
bb1lfteyoVV,24.01.09,Science & Technology Compilation 2024,Channel_3807,11,2024-08-30T01:00:00.000Z,2024|official|live,778,14,1,9,https://i.ytimg.com/vi/o0zVuGJMTd5/default.jpg,False,False,False,Auto-generated sample description for Science & Technology video.
mOVE7-UpNrO,24.17.01,Reacting to Music Trends,Channel_4098,23,2024-01-14T07:00:00.000Z,music|2024|official,35029,1275,346,374,https://i.ytimg.com/vi/suouay8B0bb/default.jpg,False,False,False,Auto-generated sample description for Music video.
nKreHm-BPCL,24.06.08,Top 10 Howto & Style Moments This Week,Channel_123,7,2024-08-04T15:00:00.000Z,2024|music|trending,42010,3256,190,38,https://i.ytimg.com/vi/M03bdFQoIgA/default.jpg,False,False,False,Auto-generated sample description for Howto & Style video.
eT8sg5zljU0,24.07.05,Music Compilation 2024,Channel_3380,23,2024-05-04T13:00:00.000Z,vlog|live|review,13577,992,24,27,https://i.ytimg.com/vi/2TqZDdmWjhy/default.jpg,False,False,False,Auto-generated sample description for Music video.
JuYBKaTL_TV,24.29.11,Official Gaming Highlights,Channel_2726,8,2024-11-28T02:00:00.000Z,review|vlog|2024,9226,706,31,149,https://i.ytimg.com/vi/Cuxjiuaik78/default.jpg,False,False,False,Auto-generated sample description for Gaming video.
7o6RZ_Q4Y3p,24.14.07,Top 10 Entertainment Moments This Week,Channel_658,15,2024-07-10T10:00:00.000Z,vlog|2024|review,112453,8363,431,1890,https://i.ytimg.com/vi/KHNnSWU5KB9/default.jpg,False,False,False,Auto-generated sample description for Entertainment video.
jBsobmxUTIJ,24.25.01,Why This Music Video Went Viral,Channel_3666,23,2024-01-22T04:00:00.000Z,live|official|review,14853,922,67,36,https://i.ytimg.com/vi/XHe5nMkznfH/default.jpg,False,False,False,Auto-generated sample description for Music video.
HT3GPJBiwhE,24.06.09,Behind the Scenes: News & Politics,Channel_1446,5,2024-09-06T22:00:00.000Z,2024|official|music,642538,11007,4124,10388,https://i.ytimg.com/vi/tG5xqZCy5ee/default.jpg,False,False,False,Auto-generated sample description for News & Politics video.
kxst43mSGtS,24.17.11,Reacting to Music Trends,Channel_692,23,2024-11-13T02:00:00.000Z,music|trending|2024,74070,3333,224,1028,https://i.ytimg.com/vi/LxuEpQBlBv9/default.jpg,False,False,False,Auto-generated sample description for Music video.
plIVNDZs4In,24.13.02,Behind the Scenes: Entertainment,Channel_3806,15,2024-02-09T21:00:00.000Z,live|music|2024,15995,930,66,216,https://i.ytimg.com/vi/Or93LuGXOpt/default.jpg,False,False,False,Auto-generated sample description for Entertainment video.
Zt5KuggCpYp,24.09.08,Official News & Politics Highlights,Channel_1131,6,2024-08-05T13:00:00.000Z,trending|music|vlog,12944,591,84,152,https://i.ytimg.com/vi/nm-eMcL_8D8/default.jpg,False,False,False,Auto-generated sample description for News & Politics video.
aqf_E9hk1Dp,24.08.03,Music Compilation 2024,Channel_1063,23,2024-03-07T22:00:00.000Z,trending|official|review,7383,175,67,34,https://i.ytimg.com/vi/ig59oY_3-Gi/default.jpg,False,False,False,Auto-generated sample description for Music video.
KNIrKRhIZLT,24.17.07,Top 10 Film & Animation Moments This Week,Channel_4113,16,2024-07-15T01:00:00.000Z,2024|trending|official,3894,192,32,6,https://i.ytimg.com/vi/Onw1Qw_114E/default.jpg,False,False,False,Auto-generated sample description for Film & Animation video.
7BxlktWn0Vd,24.07.12,Music Compilation 2024,Channel_1758,23,2024-12-03T20:00:00.000Z,official|review|trending,9399,184,87,121,https://i.ytimg.com/vi/R1--iaKVWx3/default.jpg,False,False,False,Auto-generated sample description for Music video.
x8bcQrSkAYx,24.19.04,Music Compilation 2024,Channel_1442,23,2024-04-18T08:00:00.000Z,official|trending|2024,447500,14090,3747,4762,https://i.ytimg.com/vi/pxmiGbI7Ht0/default.jpg,False,False,False,Auto-generated sample description for Music video.
Wq8V6yExed1,24.06.02,Official Science & Technology Highlights,Channel_926,3,2024-02-04T19:00:00.000Z,review|vlog|trending,1948,126,9,11,https://i.ytimg.com/vi/C3St8KbvyDT/default.jpg,False,False,False,Auto-generated sample description for Science & Technology video.
3EBNYh5KjYp,24.13.09,Why This People & Blogs Video Went Viral,Channel_2678,12,2024-09-09T05:00:00.000Z,official|2024|music,1836,116,15,19,https://i.ytimg.com/vi/y2gN8PoaLxI/default.jpg,False,False,False,Auto-generated sample description for People & Blogs video.
AzFR9l53UyI,24.30.05,Behind the Scenes: Sports,Channel_2215,13,2024-05-27T10:00:00.000Z,music|trending|official,43148,2604,68,557,https://i.ytimg.com/vi/57s85tdr_6j/default.jpg,False,False,False,Auto-generated sample description for Sports video.
Gg_m8E3oR5R,24.14.08,Top 10 Film & Animation Moments This Week,Channel_2217,16,2024-08-13T03:00:00.000Z,official|live|music,6004,206,52,28,https://i.ytimg.com/vi/XLvelogvPGO/default.jpg,False,False,False,Auto-generated sample description for Film & Animation video.
UN2FyFn8Gs4,24.08.10,Comedy Compilation 2024,Channel_4859,4,2024-10-05T02:00:00.000Z,music|review|2024,12616,136,116,87,https://i.ytimg.com/vi/7dWgQDz7hpE/default.jpg,False,False,False,Auto-generated sample description for Comedy video.
0RiHB0G3xWh,24.15.10,Why This Entertainment Video Went Viral,Channel_2557,15,2024-10-12T02:00:00.000Z,vlog|official|live,24316,1188,95,388,https://i.ytimg.com/vi/jfvY8pxOJbL/default.jpg,False,False,False,Auto-generated sample description for Entertainment video.
d4FQJ1gb-6G,25.21.01,Official Music Highlights,Channel_3861,23,2025-01-19T13:00:00.000Z,review|2024|trending,67656,4237,237,563,https://i.ytimg.com/vi/SWIHtORDFGW/default.jpg,False,False,False,Auto-generated sample description for Music video.
b42JXUzi_VR,24.15.10,Behind the Scenes: Gaming,Channel_3432,8,2024-10-12T22:00:00.000Z,live|vlog|2024,63163,1646,270,967,https://i.ytimg.com/vi/HqBDMptEKE8/default.jpg,False,False,False,Auto-generated sample description for Gaming video.
V9TDiWnyHWD,24.23.02,Top 10 Comedy Moments This Week,Channel_1045,19,2024-02-21T12:00:00.000Z,2024|review|vlog,25864,978,34,478,https://i.ytimg.com/vi/lWBJnp6ttRp/default.jpg,False,False,False,Auto-generated sample description for Comedy video.
AwN3gWDnaQS,25.21.01,Why This Entertainment Video Went Viral,Channel_1409,15,2025-01-21T20:00:00.000Z,music|2024|review,51817,1580,337,57,https://i.ytimg.com/vi/FYgh-HBRaZm/default.jpg,False,False,False,Auto-generated sample description for Entertainment video.
6SjoEM3R51o,24.20.11,Official Comedy Highlights,Channel_1996,4,2024-11-19T15:00:00.000Z,live|music|review,384549,12690,438,2487,https://i.ytimg.com/vi/uHam-CukOPN/default.jpg,False,False,False,Auto-generated sample description for Comedy video.
aKaMF5mKioV,24.23.11,Behind the Scenes: Gaming,Channel_3827,8,2024-11-23T14:00:00.000Z,vlog|live|2024,1202,71,9,13,https://i.ytimg.com/vi/g0DHfVkzefS/default.jpg,False,False,False,Auto-generated sample description for Gaming video.
ovDCp0-p1r1,24.17.05,Reacting to Howto & Style Trends,Channel_4510,7,2024-05-14T03:00:00.000Z,music|vlog|2024,25012,816,180,341,https://i.ytimg.com/vi/QNlKLqFCStm/default.jpg,False,False,False,Auto-generated sample description for Howto & Style video.
_NY9q_kSTjD,24.08.05,People & Blogs Compilation 2024,Channel_445,18,2024-05-06T17:00:00.000Z,live|vlog|official,35072,2408,226,173,https://i.ytimg.com/vi/56c_Lm618CB/default.jpg,False,False,False,Auto-generated sample description for People & Blogs video.
Q-xdqgAOuph,24.29.08,Why This Comedy Video Went Viral,Channel_4427,4,2024-08-28T14:00:00.000Z,music|review|official,101814,3223,57,1249,https://i.ytimg.com/vi/1lFDFjB3zKr/default.jpg,False,False,False,Auto-generated sample description for Comedy video.
z-ofJm7YxQn,24.17.06,Official Music Highlights,Channel_2048,23,2024-06-15T15:00:00.000Z,vlog|music|review,136907,6040,1060,1699,https://i.ytimg.com/vi/0JfIdD7Zqoo/default.jpg,False,False,False,Auto-generated sample description for Music video.
knMsiovaWsG,24.17.05,Why This Music Video Went Viral,Channel_523,23,2024-05-14T05:00:00.000Z,trending|official|music,38977,2159,51,711,https://i.ytimg.com/vi/i11LkRcV_QX/default.jpg,False,False,False,Auto-generated sample description for Music video.
CxCmHDrtuAU,24.25.01,Reacting to Comedy Trends,Channel_4995,4,2024-01-25T00:00:00.000Z,review|2024|live,3409,271,15,21,https://i.ytimg.com/vi/J9v2vI4nDm1/default.jpg,False,False,False,Auto-generated sample description for Comedy video.
za8rGbDYKfb,24.03.04,Reacting to Music Trends,Channel_1353,23,2024-04-03T01:00:00.000Z,vlog|official|review,53596,1763,184,476,https://i.ytimg.com/vi/b3IW62Ui-s9/default.jpg,False,False,False,Auto-generated sample description for Music video.
qAXPQ3LHnHz,25.03.01,Official Music Highlights,Channel_256,23,2025-01-03T06:00:00.000Z,music|vlog|official,79756,2565,152,607,https://i.ytimg.com/vi/aBxGbEgvrCN/default.jpg,False,False,False,Auto-generated sample description for Music video.
fW2OgKIcY0M,24.17.10,Why This Comedy Video Went Viral,Channel_3343,4,2024-10-13T22:00:00.000Z,review|official|music,12997,576,12,206,https://i.ytimg.com/vi/Q7m-tDgbrzJ/default.jpg,False,False,False,Auto-generated sample description for Comedy video.
Pf8Nvscz-JI,24.09.08,Official Music Highlights,Channel_429,23,2024-08-09T07:00:00.000Z,music|review|vlog,21130,1225,92,376,https://i.ytimg.com/vi/Q398gC3GWMM/default.jpg,False,False,False,Auto-generated sample description for Music video.
0v3-6DLO3yU,24.24.11,People & Blogs Compilation 2024,Channel_1026,12,2024-11-22T00:00:00.000Z,live|vlog|review,1313,61,10,5,https://i.ytimg.com/vi/kOqZeU6KiO6/default.jpg,False,False,False,Auto-generated sample description for People & Blogs video.
N6UiwHV-E9I,24.15.03,Behind the Scenes: Comedy,Channel_311,19,2024-03-14T18:00:00.000Z,vlog|music|live,10461,347,48,50,https://i.ytimg.com/vi/aCv_g4Xi9Et/default.jpg,False,False,False,Auto-generated sample description for Comedy video.
VU5DuwsxFrZ,24.15.11,Official Gaming Highlights,Channel_739,8,2024-11-11T18:00:00.000Z,2024|official|vlog,32512,1944,26,574,https://i.ytimg.com/vi/sYAvhkrItAN/default.jpg,False,False,False,Auto-generated sample description for Gaming video.
kIQZ9s4S9zc,24.11.10,Top 10 Music Moments This Week,Channel_1721,23,2024-10-08T06:00:00.000Z,vlog|review|trending,159083,12652,350,303,https://i.ytimg.com/vi/LL94kIY8DAg/default.jpg,False,False,False,Auto-generated sample description for Music video.
u-Hbyo3K9IE,24.19.03,Why This Music Video Went Viral,Channel_704,23,2024-03-16T15:00:00.000Z,trending|review|music,69978,2333,628,228,https://i.ytimg.com/vi/U52VkVhsmZH/default.jpg,False,False,False,Auto-generated sample description for Music video.
k80F0ldSMbC,24.26.11,Official Music Highlights,Channel_1596,23,2024-11-25T01:00:00.000Z,live|official|review,16599,434,147,205,https://i.ytimg.com/vi/VPQUz5xbP0c/default.jpg,True,False,False,Auto-generated sample description for Music video.
wsU-F17g5lf,24.25.09,Education Compilation 2024,Channel_181,24,2024-09-23T08:00:00.000Z,music|vlog|review,5675,285,8,62,https://i.ytimg.com/vi/DaCruBuFTNC/default.jpg,False,False,False,Auto-generated sample description for Education video.
QZerX8NmwkY,25.13.01,Top 10 Comedy Moments This Week,Channel_4164,4,2025-01-12T15:00:00.000Z,live|official|vlog,21552,1528,133,242,https://i.ytimg.com/vi/WxvD-sJHB2g/default.jpg,False,False,False,Auto-generated sample description for Comedy video.
kaSmTd6ihj0,24.06.03,Why This Comedy Video Went Viral,Channel_1639,19,2024-03-03T18:00:00.000Z,vlog|official|trending,10956,847,7,139,https://i.ytimg.com/vi/UiUzthvDVEI/default.jpg,False,False,False,Auto-generated sample description for Comedy video.
vbg1H0pO56B,24.27.12,Reacting to People & Blogs Trends,Channel_1516,12,2024-12-27T05:00:00.000Z,official|2024|trending,34455,1959,22,360,https://i.ytimg.com/vi/ZIv3z0bnx1W/default.jpg,False,False,False,Auto-generated sample description for People & Blogs video.
ZJvKINswlyt,24.12.05,Why This News & Politics Video Went Viral,Channel_2978,6,2024-05-10T15:00:00.000Z,music|live|2024,1433,64,1,8,https://i.ytimg.com/vi/Yi9x4u6xoE3/default.jpg,False,False,False,Auto-generated sample description for News & Politics video.
ZDj0TgoxJhL,24.29.05,Reacting to Gaming Trends,Channel_82,8,2024-05-27T09:00:00.000Z,vlog|review|live,36719,2440,115,499,https://i.ytimg.com/vi/Nm91a-oz_99/default.jpg,False,False,False,Auto-generated sample description for Gaming video.
dItf2ZM_1yU,24.21.06,Reacting to Music Trends,Channel_4863,23,2024-06-20T12:00:00.000Z,vlog|official|live,69298,5277,211,174,https://i.ytimg.com/vi/bjtqXMpPFPG/default.jpg,False,False,False,Auto-generated sample description for Music video.
Sfusi0rVCwx,24.19.01,Why This Comedy Video Went Viral,Channel_72,19,2024-01-17T12:00:00.000Z,vlog|trending|official,18633,1228,96,172,https://i.ytimg.com/vi/c_LzFHk0rFs/default.jpg,False,False,False,Auto-generated sample description for Comedy video.
drozArt92cA,24.07.03,Behind the Scenes: Comedy,Channel_1477,4,2024-03-04T21:00:00.000Z,review|music|trending,19728,889,39,79,https://i.ytimg.com/vi/n0PeXHBVQir/default.jpg,False,False,False,Auto-generated sample description for Comedy video.
dPFb5YdLWzO,24.10.10,Official Music Highlights,Channel_4080,23,2024-10-08T05:00:00.000Z,2024|live|music,106600,7337,150,1512,https://i.ytimg.com/vi/RE76UEBSGfO/default.jpg,False,False,False,Auto-generated sample description for Music video.
vIFzPcYLMFB,25.03.01,Reacting to Music Trends,Channel_4240,23,2025-01-03T21:00:00.000Z,trending|music|live,24227,1764,37,433,https://i.ytimg.com/vi/PI_lw8aYWGN/default.jpg,False,False,False,Auto-generated sample description for Music video.
WvYTOos9gmn,24.03.11,Behind the Scenes: Sports,Channel_1670,13,2024-11-01T00:00:00.000Z,2024|music|review,96388,5627,342,163,https://i.ytimg.com/vi/C_bPRNT0RnQ/default.jpg,False,False,False,Auto-generated sample description for Sports video.
1jNOcNpCvtT,24.19.05,Behind the Scenes: Entertainment,Channel_527,15,2024-05-18T02:00:00.000Z,official|vlog|music,13881,566,127,117,https://i.ytimg.com/vi/kbnpdSeMNvn/default.jpg,False,False,False,Auto-generated sample description for Entertainment video.
neYCQTm-sZy,24.11.02,Why This Comedy Video Went Viral,Channel_2235,22,2024-02-09T14:00:00.000Z,official|review|2024,2182,151,20,2,https://i.ytimg.com/vi/VuL_1rOGT_r/default.jpg,False,False,False,Auto-generated sample description for Comedy video.
r2M386_3pwg,24.08.01,Top 10 Comedy Moments This Week,Channel_4744,19,2024-01-07T16:00:00.000Z,review|2024|vlog,21039,593,55,226,https://i.ytimg.com/vi/F45RSU4MDny/default.jpg,False,False,False,Auto-generated sample description for Comedy video.
TzQwrDYvk8z,24.01.10,Reacting to Entertainment Trends,Channel_3826,15,2024-09-29T20:00:00.000Z,official|trending|live,145669,6830,365,2583,https://i.ytimg.com/vi/6q9TmBjPWsc/default.jpg,False,False,False,Auto-generated sample description for Entertainment video.
7RMg4HSFBJk,24.17.06,Official Entertainment Highlights,Channel_1514,15,2024-06-16T03:00:00.000Z,live|2024|official,123905,3295,703,1495,https://i.ytimg.com/vi/0xPgWZ6taYI/default.jpg,False,True,False,Auto-generated sample description for Entertainment video.
Obp0aPU-fJ9,24.13.03,Behind the Scenes: Comedy,Channel_3653,4,2024-03-12T01:00:00.000Z,vlog|music|live,11185,361,67,214,https://i.ytimg.com/vi/D9w8EU-ZT3G/default.jpg,False,False,False,Auto-generated sample description for Comedy video.
hOK8k_4Gm22,24.12.12,Entertainment Compilation 2024,Channel_2317,15,2024-12-08T11:00:00.000Z,vlog|official|trending,92372,5420,51,1812,https://i.ytimg.com/vi/YpRn3bcbGKA/default.jpg,False,False,False,Auto-generated sample description for Entertainment video.
ag18e53dFHU,24.17.03,Top 10 Sports Moments This Week,Channel_160,13,2024-03-13T08:00:00.000Z,music|vlog|2024,14471,1151,45,288,https://i.ytimg.com/vi/yJlUt9Jtksp/default.jpg,False,False,False,Auto-generated sample description for Sports video.
hph-Ty6Mnw1,24.24.05,Official Sports Highlights,Channel_202,13,2024-05-22T09:00:00.000Z,live|2024|vlog,1219,30,1,4,https://i.ytimg.com/vi/IRXjGqdXtL6/default.jpg,False,False,False,Auto-generated sample description for Sports video.
sSy2SOttcOy,24.02.11,Behind the Scenes: People & Blogs,Channel_2352,12,2024-10-29T17:00:00.000Z,review|trending|music,18647,203,158,219,https://i.ytimg.com/vi/DbwTnS7oYiR/default.jpg,False,False,False,Auto-generated sample description for People & Blogs video.
KMnUe4ijAzS,24.11.02,Official Comedy Highlights,Channel_2132,19,2024-02-08T14:00:00.000Z,2024|live|official,69030,3451,630,1002,https://i.ytimg.com/vi/L7ZVJPM60wa/default.jpg,False,False,False,Auto-generated sample description for Comedy video.
X-B6cxn9Yp9,24.20.03,Why This Entertainment Video Went Viral,Channel_1642,15,2024-03-18T12:00:00.000Z,live|2024|official,59230,3214,502,634,https://i.ytimg.com/vi/k9uxUUpLSQc/default.jpg,False,False,False,Auto-generated sample description for Entertainment video.
bnhvWFfbnd5,24.14.11,Reacting to Entertainment Trends,Channel_1909,15,2024-11-12T18:00:00.000Z,trending|official|review,25528,1469,117,449,https://i.ytimg.com/vi/FNaBe2a58i7/default.jpg,False,False,False,Auto-generated sample description for Entertainment video.
VvfvGGZKA8L,24.25.01,Top 10 Gaming Moments This Week,Channel_1220,8,2024-01-22T12:00:00.000Z,official|2024|vlog,3110,188,3,32,https://i.ytimg.com/vi/CbNqnJPAuzE/default.jpg,False,False,False,Auto-generated sample description for Gaming video.
XurY7wFR1mi,24.30.06,Behind the Scenes: Music,Channel_2358,23,2024-06-26T19:00:00.000Z,live|2024|music,109559,4292,182,699,https://i.ytimg.com/vi/K-PXr5tFTRA/default.jpg,False,False,False,Auto-generated sample description for Music video.
LNXfMzQYzK-,24.16.09,Official People & Blogs Highlights,Channel_3528,10,2024-09-13T16:00:00.000Z,trending|vlog|review,58806,1000,194,560,https://i.ytimg.com/vi/hn86lh3YUHf/default.jpg,False,False,False,Auto-generated sample description for People & Blogs video.
MkMe86oGskc,24.17.11,Why This Entertainment Video Went Viral,Channel_2519,15,2024-11-17T16:00:00.000Z,live|official|music,2649,129,25,13,https://i.ytimg.com/vi/y4mDH-ttnhf/default.jpg,False,False,False,Auto-generated sample description for Entertainment video.
Pkwtp732hDE,24.25.02,Why This Gaming Video Went Viral,Channel_4023,8,2024-02-25T15:00:00.000Z,review|trending|2024,42016,2935,332,124,https://i.ytimg.com/vi/t0J2kYpQgi0/default.jpg,False,True,False,Auto-generated sample description for Gaming video.
b_ZimGc735c,24.06.08,Top 10 Autos & Vehicles Moments This Week,Channel_2468,20,2024-08-04T01:00:00.000Z,vlog|2024|music,16672,633,9,242,https://i.ytimg.com/vi/eqYy9M0KWtr/default.jpg,False,False,False,Auto-generated sample description for Autos & Vehicles video.
lFBODbjYG4h,24.16.05,Entertainment Compilation 2024,Channel_542,15,2024-05-15T14:00:00.000Z,trending|review|live,121543,1816,621,1245,https://i.ytimg.com/vi/U9Ppn6jGLdy/default.jpg,False,False,False,Auto-generated sample description for Entertainment video.
zongp7XXax4,24.08.03,Behind the Scenes: Entertainment,Channel_752,15,2024-03-05T15:00:00.000Z,vlog|live|2024,7644,263,55,90,https://i.ytimg.com/vi/jSJeUZkaDzM/default.jpg,False,False,False,Auto-generated sample description for Entertainment video.
yo8Nqsl3Umk,24.29.12,Why This Music Video Went Viral,Channel_3907,23,2024-12-26T09:00:00.000Z,review|trending|music,15712,827,125,42,https://i.ytimg.com/vi/zX4RF4shXEW/default.jpg,False,False,False,Auto-generated sample description for Music video.
x_nBilPvPgL,24.14.04,Top 10 Comedy Moments This Week,Channel_2283,22,2024-04-10T06:00:00.000Z,vlog|live|music,25675,2035,155,365,https://i.ytimg.com/vi/pumxvmHSN7f/default.jpg,False,False,False,Auto-generated sample description for Comedy video.
ltPTLysJLBx,24.09.03,Top 10 Entertainment Moments This Week,Channel_489,15,2024-03-09T12:00:00.000Z,2024|trending|music,34042,2300,33,161,https://i.ytimg.com/vi/dQdIgkZ7uFB/default.jpg,False,False,False,Auto-generated sample description for Entertainment video.
ViOBKBU29Kj,24.27.02,Why This Entertainment Video Went Viral,Channel_2358,15,2024-02-24T08:00:00.000Z,vlog|music|trending,11723,926,94,179,https://i.ytimg.com/vi/M1m4JVO0z-e/default.jpg,False,False,False,Auto-generated sample description for Entertainment video.
baYyLe1mwvW,24.28.12,Top 10 Music Moments This Week,Channel_1867,23,2024-12-28T04:00:00.000Z,review|2024|music,61629,2488,574,129,https://i.ytimg.com/vi/oU4740Kqz7O/default.jpg,False,False,False,Auto-generated sample description for Music video.
6VSuzbFAOcn,24.28.05,Top 10 Music Moments This Week,Channel_1865,23,2024-05-26T20:00:00.000Z,live|trending|music,134560,10117,839,2037,https://i.ytimg.com/vi/gnouIEJnTtr/default.jpg,False,False,False,Auto-generated sample description for Music video.
faRgX0VCRYm,24.18.02,Reacting to Autos & Vehicles Trends,Channel_2215,20,2024-02-17T19:00:00.000Z,review|music|vlog,2308,144,18,31,https://i.ytimg.com/vi/mMSqYbZtl9N/default.jpg,False,False,False,Auto-generated sample description for Autos & Vehicles video.
QwrLH4ZDpWd,24.21.08,Official Comedy Highlights,Channel_3677,22,2024-08-17T09:00:00.000Z,2024|trending|official,426,15,0,2,https://i.ytimg.com/vi/k1P7djSqSg1/default.jpg,False,False,False,Auto-generated sample description for Comedy video.
34QCdJMOX7S,24.26.12,Reacting to Music Trends,Channel_4741,23,2024-12-22T09:00:00.000Z,trending|vlog|music,9452,235,53,149,https://i.ytimg.com/vi/ZFrMAzObTlo/default.jpg,False,False,False,Auto-generated sample description for Music video.
Xs1VwdR20aQ,24.06.01,Reacting to Music Trends,Channel_4716,23,2024-01-05T15:00:00.000Z,trending|review|live,29594,1697,234,260,https://i.ytimg.com/vi/si7IZVYAsV0/default.jpg,False,False,False,Auto-generated sample description for Music video.
40lCocqf_Ne,24.15.07,Top 10 Comedy Moments This Week,Channel_4364,4,2024-07-12T22:00:00.000Z,trending|review|live,33830,710,264,140,https://i.ytimg.com/vi/1QcfFicO6uO/default.jpg,False,False,False,Auto-generated sample description for Comedy video.
Tqg6_LXgxT0,24.27.02,Top 10 Education Moments This Week,Channel_3892,24,2024-02-27T01:00:00.000Z,review|trending|music,18957,890,39,174,https://i.ytimg.com/vi/lXg4t4FwVV_/default.jpg,False,False,False,Auto-generated sample description for Education video.
aUvx1lq4s0a,24.20.02,Autos & Vehicles Compilation 2024,Channel_2777,20,2024-02-18T16:00:00.000Z,2024|review|trending,4639,109,8,80,https://i.ytimg.com/vi/u38swNn7ZfH/default.jpg,False,False,False,Auto-generated sample description for Autos & Vehicles video.
Y4tLpTKpU8i,24.10.07,Gaming Compilation 2024,Channel_3573,17,2024-07-09T01:00:00.000Z,live|2024|trending,2042,23,1,33,https://i.ytimg.com/vi/W7wrU-2SQRi/default.jpg,False,False,False,Auto-generated sample description for Gaming video.
zhSDunEnUFf,24.31.08,Why This Entertainment Video Went Viral,Channel_4190,15,2024-08-29T18:00:00.000Z,vlog|2024|official,36997,720,210,399,https://i.ytimg.com/vi/HADf2_nn_Kw/default.jpg,False,False,False,Auto-generated sample description for Entertainment video.
Q0W8m5UqMf6,24.08.09,Reacting to Sports Trends,Channel_2873,13,2024-09-04T00:00:00.000Z,trending|2024|music,11747,507,56,156,https://i.ytimg.com/vi/FDJ8HUfgMNi/default.jpg,False,False,False,Auto-generated sample description for Sports video.
yb_NEWDJZkP,25.03.01,Reacting to Music Trends,Channel_3510,23,2025-01-03T13:00:00.000Z,official|trending|vlog,324666,9639,1885,5040,https://i.ytimg.com/vi/8yLdGYFHjz8/default.jpg,True,False,False,Auto-generated sample description for Music video.
glJiotXh3fX,24.15.09,Behind the Scenes: Comedy,Channel_1370,19,2024-09-13T04:00:00.000Z,vlog|review|music,6398,105,43,76,https://i.ytimg.com/vi/841IZ_cR_Mv/default.jpg,True,False,False,Auto-generated sample description for Comedy video.
eit1aZxhppb,24.12.12,Autos & Vehicles Compilation 2024,Channel_4392,9,2024-12-09T10:00:00.000Z,trending|2024|music,188279,5840,419,911,https://i.ytimg.com/vi/fgNuFt00CJS/default.jpg,False,False,False,Auto-generated sample description for Autos & Vehicles video.
9LsSsqbviDP,24.24.03,Top 10 People & Blogs Moments This Week,Channel_213,18,2024-03-20T00:00:00.000Z,2024|review|official,9088,621,48,21,https://i.ytimg.com/vi/FRBtU1pz8fp/default.jpg,False,False,False,Auto-generated sample description for People & Blogs video.
12toKPNI9k2,25.30.01,Reacting to Howto & Style Trends,Channel_4691,7,2025-01-29T15:00:00.000Z,vlog|live|2024,16486,1040,120,273,https://i.ytimg.com/vi/m_PWvZiHoUQ/default.jpg,False,False,False,Auto-generated sample description for Howto & Style video.
bKcm-yD6Qln,24.03.05,Reacting to Entertainment Trends,Channel_1396,15,2024-05-01T16:00:00.000Z,trending|vlog|2024,203995,10461,1595,2335,https://i.ytimg.com/vi/jDpARQ5el1d/default.jpg,False,False,False,Auto-generated sample description for Entertainment video.
MvSFPrUE5bM,24.13.05,Top 10 Gaming Moments This Week,Channel_236,17,2024-05-11T13:00:00.000Z,review|vlog|2024,7020,483,41,42,https://i.ytimg.com/vi/TPJJabOtroQ/default.jpg,False,False,False,Auto-generated sample description for Gaming video.
2ybE99rRoDy,24.03.08,Behind the Scenes: People & Blogs,Channel_4833,18,2024-08-02T13:00:00.000Z,official|live|review,8668,457,61,4,https://i.ytimg.com/vi/kewXC1KCVLH/default.jpg,False,False,False,Auto-generated sample description for People & Blogs video.
UyvtEIdp5eP,24.07.07,Howto & Style Compilation 2024,Channel_2501,7,2024-07-06T22:00:00.000Z,live|trending|review,47312,1525,223,772,https://i.ytimg.com/vi/2_tu4T5Wf7i/default.jpg,False,False,False,Auto-generated sample description for Howto & Style video.
uCAWBHT-vCX,24.27.07,Top 10 News & Politics Moments This Week,Channel_3073,5,2024-07-23T11:00:00.000Z,live|trending|official,26874,1301,208,478,https://i.ytimg.com/vi/KjnHV-U6C0d/default.jpg,False,False,False,Auto-generated sample description for News & Politics video.
L7j4kcedzag,24.23.06,Top 10 People & Blogs Moments This Week,Channel_2794,12,2024-06-23T16:00:00.000Z,vlog|live|2024,4096,326,8,2,https://i.ytimg.com/vi/Pm7wYCqJN_E/default.jpg,False,False,False,Auto-generated sample description for People & Blogs video.
MVTxjLZm7v8,24.02.04,Official People & Blogs Highlights,Channel_684,18,2024-04-01T19:00:00.000Z,trending|review|music,79686,4040,200,1175,https://i.ytimg.com/vi/A_qo-qFZa3W/default.jpg,False,False,False,Auto-generated sample description for People & Blogs video.
_KFl5yzrqd0,24.04.12,Top 10 Music Moments This Week,Channel_2284,23,2024-12-04T12:00:00.000Z,vlog|trending|music,2994,143,9,27,https://i.ytimg.com/vi/7u6KBQUXBq-/default.jpg,False,False,False,Auto-generated sample description for Music video.
LrgQcuKhaTf,24.14.07,Behind the Scenes: Comedy,Channel_1727,22,2024-07-13T00:00:00.000Z,vlog|review|official,3495,79,17,33,https://i.ytimg.com/vi/Shz5DVbwXwR/default.jpg,False,False,False,Auto-generated sample description for Comedy video.
VkUGlrw5ehs,24.29.01,Official Comedy Highlights,Channel_1784,22,2024-01-26T02:00:00.000Z,2024|vlog|music,11053,431,70,146,https://i.ytimg.com/vi/BvAtB4JLQmu/default.jpg,False,False,False,Auto-generated sample description for Comedy video.
512a5ZLKqa6,24.26.05,Official Sports Highlights,Channel_4045,13,2024-05-24T14:00:00.000Z,2024|music|live,25819,1764,63,73,https://i.ytimg.com/vi/VtEFlwOol3a/default.jpg,False,False,False,"Auto-generated sample description for Sports video.
Second line inside a quoted CSV field."
WrT5IJYZ_NX,24.25.09,Reacting to News & Politics Trends,Channel_2667,6,2024-09-24T06:00:00.000Z,official|music|review,3551,53,24,22,https://i.ytimg.com/vi/5OiIDGqRJsO/default.jpg,False,False,False,Auto-generated sample description for News & Politics video.
UNH5VbL2VBG,24.01.12,Top 10 Music Moments This Week,Channel_2794,23,2024-11-30T03:00:00.000Z,official|vlog|live,154895,12215,101,461,https://i.ytimg.com/vi/tcDt1av9LdP/default.jpg,False,False,False,Auto-generated sample description for Music video.
zASuem6Ylkg,24.26.10,Reacting to Entertainment Trends,Channel_4908,15,2024-10-25T12:00:00.000Z,2024|review|live,31034,1824,136,524,https://i.ytimg.com/vi/eu22SFUjT7n/default.jpg,False,False,False,Auto-generated sample description for Entertainment video.
ETSpSndFGZ2,24.10.10,News & Politics Compilation 2024,Channel_1934,5,2024-10-06T16:00:00.000Z,music|trending|vlog,17476,1234,147,26,https://i.ytimg.com/vi/aHalw-q_J3b/default.jpg,False,False,False,Auto-generated sample description for News & Politics video.
1EpidIVR6yC,24.05.10,Behind the Scenes: Film & Animation,Channel_831,16,2024-10-04T19:00:00.000Z,live|official|music,12399,806,87,218,https://i.ytimg.com/vi/nK-ZXYJH3lQ/default.jpg,False,False,False,Auto-generated sample description for Film & Animation video.
4n6zbJymiy4,24.16.09,Why This Comedy Video Went Viral,Channel_59,19,2024-09-12T22:00:00.000Z,trending|live|music,29774,1055,245,91,https://i.ytimg.com/vi/a0n9CRS-p99/default.jpg,False,False,False,Auto-generated sample description for Comedy video.
kXwPRzGUI68,24.01.08,Top 10 Sports Moments This Week,Channel_4376,13,2024-07-31T18:00:00.000Z,vlog|review|music,39058,2557,62,399,https://i.ytimg.com/vi/y_tPS2nYz_O/default.jpg,True,False,False,Auto-generated sample description for Sports video.
v_dEYJZT8Yi,24.25.07,Reacting to Nonprofits & Activism Trends,Channel_354,2,2024-07-22T18:00:00.000Z,official|live|2024,42164,2907,213,716,https://i.ytimg.com/vi/wy_SNzPN89h/default.jpg,False,False,False,Auto-generated sample description for Nonprofits & Activism video.
XBRy-I5oZZP,24.09.10,Behind the Scenes: People & Blogs,Channel_663,18,2024-10-06T03:00:00.000Z,official|review|vlog,12223,386,110,61,https://i.ytimg.com/vi/TcCwzptHoGu/default.jpg,False,False,False,Auto-generated sample description for People & Blogs video.
WPMQt9B6xcH,24.18.07,Official Comedy Highlights,Channel_3573,4,2024-07-15T20:00:00.000Z,trending|review|live,1985,102,11,8,https://i.ytimg.com/vi/IvIpOcLhbXc/default.jpg,False,True,False,Auto-generated sample description for Comedy video.
qIdqBBgdx8B,25.11.01,Top 10 Entertainment Moments This Week,Channel_4265,15,2025-01-09T12:00:00.000Z,official|live|trending,109747,7124,725,1260,https://i.ytimg.com/vi/wO_dsZ_uivT/default.jpg,False,False,False,Auto-generated sample description for Entertainment video.
p9QEZD4WfCY,24.01.09,Official Music Highlights,Channel_4313,23,2024-08-31T17:00:00.000Z,review|official|live,319297,24208,1612,1014,https://i.ytimg.com/vi/0vuyA0jR4n8/default.jpg,False,False,False,Auto-generated sample description for Music video.
VWNGkPZ-Nt6,24.04.06,Why This Education Video Went Viral,Channel_4393,24,2024-06-04T18:00:00.000Z,vlog|live|review,185806,8765,624,2373,https://i.ytimg.com/vi/mFcqlP-EtaA/default.jpg,False,False,False,Auto-generated sample description for Education video.
8K8DlibqhLo,24.08.04,Entertainment Compilation 2024,Channel_782,15,2024-04-06T22:00:00.000Z,music|live|vlog,91886,2890,883,1406,https://i.ytimg.com/vi/2wV9hnV08n1/default.jpg,False,False,False,Auto-generated sample description for Entertainment video.
01fAr4A03Xw,25.27.01,Behind the Scenes: Science & Technology,Channel_169,3,2025-01-26T07:00:00.000Z,trending|music|live,17283,1273,159,243,https://i.ytimg.com/vi/6KiuAj4SW-B/default.jpg,False,False,False,Auto-generated sample description for Science & Technology video.
bJ_CcmqHd5J,24.20.08,Behind the Scenes: Entertainment,Channel_4347,15,2024-08-19T01:00:00.000Z,live|official|music,100750,3450,627,650,https://i.ytimg.com/vi/BBT17sd8icn/default.jpg,False,False,False,Auto-generated sample description for Entertainment video.
wwgVbdnUj7K,24.19.08,Reacting to People & Blogs Trends,Channel_4424,12,2024-08-15T20:00:00.000Z,review|trending|vlog,2441,42,17,37,https://i.ytimg.com/vi/0qqc019F0JE/default.jpg,False,False,False,Auto-generated sample description for People & Blogs video.
xhrfiYZVnUi,24.10.09,Music Compilation 2024,Channel_2153,23,2024-09-06T16:00:00.000Z,2024|review|live,100717,5794,277,852,https://i.ytimg.com/vi/FKA3Y1K4L3Q/default.jpg,False,True,False,Auto-generated sample description for Music video.
gnPr5ZSeYeF,24.12.01,Official Howto & Style Highlights,Channel_3724,21,2024-01-09T12:00:00.000Z,review|official|trending,4083,263,25,11,https://i.ytimg.com/vi/R0z1DqwpHR-/default.jpg,False,False,False,Auto-generated sample description for Howto & Style video.
_iwF0Ce3pC4,24.05.06,Reacting to Entertainment Trends,Channel_3826,15,2024-06-05T04:00:00.000Z,vlog|music|2024,6489,259,19,75,https://i.ytimg.com/vi/p8gk7i0XzIl/default.jpg,False,False,False,Auto-generated sample description for Entertainment video.
Hq5Jqe4Lw7p,24.26.07,Comedy Compilation 2024,Channel_520,22,2024-07-23T13:00:00.000Z,live|2024|official,5503,253,51,27,https://i.ytimg.com/vi/ZN14oHC0JDW/default.jpg,False,False,False,Auto-generated sample description for Comedy video.
9bhtVnvoYfv,24.24.06,Why This Sports Video Went Viral,Channel_2047,13,2024-06-24T13:00:00.000Z,live|official|vlog,26746,453,247,510,https://i.ytimg.com/vi/ioavwejCrj0/default.jpg,False,False,False,Auto-generated sample description for Sports video.
y6a-w1FEtzC,24.14.03,Reacting to Entertainment Trends,Channel_427,15,2024-03-14T00:00:00.000Z,review|music|live,244212,3752,1836,1204,https://i.ytimg.com/vi/AvPupsIbfXr/default.jpg,False,False,False,Auto-generated sample description for Entertainment video.
cZIuG63dvbw,24.03.07,Music Compilation 2024,Channel_3286,23,2024-07-02T17:00:00.000Z,trending|vlog|review,33931,1625,203,319,https://i.ytimg.com/vi/cIOfxcv3q6v/default.jpg,False,False,False,Auto-generated sample description for Music video.
y-LOC4IgjxX,24.20.04,Behind the Scenes: Autos & Vehicles,Channel_2185,9,2024-04-20T03:00:00.000Z,review|trending|music,1084,75,7,10,https://i.ytimg.com/vi/S1Lzsb0QDps/default.jpg,False,False,False,Auto-generated sample description for Autos & Vehicles video.
5gXOMR5EHQI,24.23.04,Official Sports Highlights,Channel_1780,13,2024-04-21T06:00:00.000Z,review|live|vlog,304775,15707,285,1094,https://i.ytimg.com/vi/3Wj1xVxCei7/default.jpg,False,False,False,Auto-generated sample description for Sports video.
QsbGTsJshTv,24.15.12,Music Compilation 2024,Channel_4029,23,2024-12-11T21:00:00.000Z,live|trending|vlog,63791,4577,467,1164,https://i.ytimg.com/vi/b5WoFp8XDRL/default.jpg,False,False,False,Auto-generated sample description for Music video.
u361Unu9aO-,24.03.10,Official Entertainment Highlights,Channel_1310,15,2024-09-29T02:00:00.000Z,2024|live|music,273703,6754,566,3489,https://i.ytimg.com/vi/DxhgbeBbloh/default.jpg,False,False,False,Auto-generated sample description for Entertainment video.
oaz9nQoLn7u,24.24.07,Sports Compilation 2024,Channel_3007,13,2024-07-21T03:00:00.000Z,official|music|vlog,6164,332,28,21,https://i.ytimg.com/vi/YwKrTUVC9g9/default.jpg,False,False,False,Auto-generated sample description for Sports video.
gUzrD8iV9QN,24.26.05,Why This Comedy Video Went Viral,Channel_4998,4,2024-05-26T22:00:00.000Z,2024|live|vlog,3290,89,15,38,https://i.ytimg.com/vi/HtLYZhN-xGI/default.jpg,False,False,False,Auto-generated sample description for Comedy video.
LCmfi3h4d36,24.21.10,Reacting to Entertainment Trends,Channel_369,15,2024-10-18T14:00:00.000Z,official|vlog|live,84528,849,216,1684,https://i.ytimg.com/vi/buInBSebVIw/default.jpg,False,False,False,Auto-generated sample description for Entertainment video.
pEGwoUkJ4Eb,25.13.01,Why This Entertainment Video Went Viral,Channel_1832,15,2025-01-10T19:00:00.000Z,2024|trending|vlog,30794,1998,60,492,https://i.ytimg.com/vi/nSQ_t9XMmn2/default.jpg,False,False,False,Auto-generated sample description for Entertainment video.
YsHDLpk7zOD,24.18.09,Top 10 Entertainment Moments This Week,Channel_4856,15,2024-09-15T10:00:00.000Z,official|review|vlog,58837,2734,250,1022,https://i.ytimg.com/vi/dQOIXErlx4c/default.jpg,True,False,False,Auto-generated sample description for Entertainment video.
r21mfMM81e-,24.16.01,People & Blogs Compilation 2024,Channel_4926,12,2024-01-16T16:00:00.000Z,trending|review|vlog,38890,2602,318,192,https://i.ytimg.com/vi/Xu0_LBDzRtO/default.jpg,False,False,False,Auto-generated sample description for People & Blogs video.
uTvTPdFoPCQ,24.13.11,Top 10 Entertainment Moments This Week,Channel_531,15,2024-11-09T13:00:00.000Z,vlog|live|music,2951,31,7,3,https://i.ytimg.com/vi/BTqiMQ9Rj5I/default.jpg,False,False,False,Auto-generated sample description for Entertainment video.
0qk5FnMU5x2,24.16.12,Reacting to Comedy Trends,Channel_3011,19,2024-12-12T05:00:00.000Z,official|live|review,79618,4196,215,183,https://i.ytimg.com/vi/2YapHZnp2ao/default.jpg,False,False,False,Auto-generated sample description for Comedy video.
ZpQfUPolgcy,24.31.10,Official Music Highlights,Channel_3287,23,2024-10-29T15:00:00.000Z,vlog|music|official,51269,2765,319,976,https://i.ytimg.com/vi/L9lhO77hF7n/default.jpg,False,False,False,Auto-generated sample description for Music video.
6jfhz1X3b3A,24.12.11,Top 10 Comedy Moments This Week,Channel_4552,19,2024-11-08T00:00:00.000Z,vlog|review|2024,530844,19760,5037,6870,https://i.ytimg.com/vi/iSIR2hYRPnQ/default.jpg,False,False,False,Auto-generated sample description for Comedy video.
dnWnRzYGJCi,24.21.09,Comedy Compilation 2024,Channel_1345,19,2024-09-20T10:00:00.000Z,live|music|vlog,27473,1692,24,492,https://i.ytimg.com/vi/FadNSvfuzOa/default.jpg,False,False,False,Auto-generated sample description for Comedy video.
DilLZz0_0GH,24.03.07,Why This Music Video Went Viral,Channel_540,23,2024-06-30T09:00:00.000Z,vlog|live|music,101044,3156,176,964,https://i.ytimg.com/vi/i9gWsso_Nq0/default.jpg,False,False,False,Auto-generated sample description for Music video.
cuoQNrTNtFn,24.22.09,Official Gaming Highlights,Channel_1167,8,2024-09-19T21:00:00.000Z,music|review|official,18822,305,161,165,https://i.ytimg.com/vi/_bkxHJtzYas/default.jpg,False,False,False,Auto-generated sample description for Gaming video.
p5nvFxgPQNa,24.16.03,Behind the Scenes: Sports,Channel_1599,13,2024-03-12T14:00:00.000Z,official|live|2024,24386,1174,209,403,https://i.ytimg.com/vi/1nJhBdY0VYz/default.jpg,True,False,False,Auto-generated sample description for Sports video.
9OQ15XkDIxq,24.15.04,Top 10 Comedy Moments This Week,Channel_1582,4,2024-04-13T15:00:00.000Z,official|review|live,4950,92,22,52,https://i.ytimg.com/vi/cG8lNw-rbSk/default.jpg,False,False,False,Auto-generated sample description for Comedy video.
o2plktGsO0l,24.24.11,Behind the Scenes: Travel & Events,Channel_3235,14,2024-11-20T21:00:00.000Z,review|live|vlog,21605,725,186,375,https://i.ytimg.com/vi/rZ1sVly79s8/default.jpg,False,False,True,Auto-generated sample description for Travel & Events video.
KAnbBIN0IBh,24.02.06,Education Compilation 2024,Channel_2312,24,2024-06-01T22:00:00.000Z,trending|review|live,71859,1205,582,923,https://i.ytimg.com/vi/g8Zjs7aiwsZ/default.jpg,False,False,False,Auto-generated sample description for Education video.
1vMMsdVwcze,24.03.11,Sports Compilation 2024,Channel_2764,13,2024-10-31T14:00:00.000Z,2024|music|live,7487,385,6,129,https://i.ytimg.com/vi/_TABKccjz3h/default.jpg,False,False,False,Auto-generated sample description for Sports video.
qpJwRHx6mdL,24.14.05,Why This Music Video Went Viral,Channel_3754,23,2024-05-14T12:00:00.000Z,review|2024|trending,420303,10513,326,1473,https://i.ytimg.com/vi/wv2uTM8c9to/default.jpg,False,False,False,Auto-generated sample description for Music video.
UhTCfHICl7M,25.31.01,Official Comedy Highlights,Channel_3221,4,2025-01-31T18:00:00.000Z,live|vlog|trending,5414,153,15,102,https://i.ytimg.com/vi/Ug9af4Kh7FE/default.jpg,False,False,False,Auto-generated sample description for Comedy video.
azAl1EPiGXF,24.04.06,Entertainment Compilation 2024,Channel_3084,15,2024-06-01T21:00:00.000Z,vlog|review|2024,17229,387,101,308,https://i.ytimg.com/vi/Digfpa9DumT/default.jpg,False,False,False,Auto-generated sample description for Entertainment video.
Ye5l6-OLUc-,24.03.02,Reacting to Travel & Events Trends,Channel_2976,14,2024-01-30T02:00:00.000Z,vlog|2024|trending,26171,435,215,246,https://i.ytimg.com/vi/2dL-_ghlyU4/default.jpg,False,False,False,Auto-generated sample description for Travel & Events video.
Fxip-hPLXWX,24.04.06,Official Autos & Vehicles Highlights,Channel_2118,9,2024-06-02T17:00:00.000Z,vlog|2024|trending,27353,2124,190,173,https://i.ytimg.com/vi/6zrYIlCFVqT/default.jpg,False,False,False,Auto-generated sample description for Autos & Vehicles video.
LQDdNrnKEk1,24.21.07,Reacting to Entertainment Trends,Channel_3357,15,2024-07-19T05:00:00.000Z,official|music|trending,171345,4469,1486,2411,https://i.ytimg.com/vi/GdzYHfrl3-B/default.jpg,False,False,False,Auto-generated sample description for Entertainment video.
RI8qpQVmPwn,24.10.05,Behind the Scenes: Comedy,Channel_4335,19,2024-05-07T20:00:00.000Z,review|live|2024,31467,494,313,543,https://i.ytimg.com/vi/sBdk7sYc93l/default.jpg,False,False,False,Auto-generated sample description for Comedy video.
rh8t9LJhpwX,24.18.11,Entertainment Compilation 2024,Channel_1488,15,2024-11-17T06:00:00.000Z,review|trending|live,17877,353,162,165,https://i.ytimg.com/vi/W5Gh1V0edvw/default.jpg,False,False,False,Auto-generated sample description for Entertainment video.
ySVBIp8Xh9-,24.04.04,Music Compilation 2024,Channel_3896,23,2024-03-31T20:00:00.000Z,trending|review|live,14936,668,15,250,https://i.ytimg.com/vi/1pTxfNWFK-4/default.jpg,False,False,False,Auto-generated sample description for Music video.
zBMMpelwdwi,24.01.08,Why This Music Video Went Viral,Channel_1647,23,2024-07-29T15:00:00.000Z,review|trending|official,9334,473,91,174,https://i.ytimg.com/vi/sg4HhiQU6vh/default.jpg,False,False,False,Auto-generated sample description for Music video.
1c7VegX6aEA,24.17.06,Behind the Scenes: Entertainment,Channel_4322,15,2024-06-16T19:00:00.000Z,vlog|trending|music,239302,13331,877,1696,https://i.ytimg.com/vi/26Ezq9k4tzR/default.jpg,False,False,False,Auto-generated sample description for Entertainment video.
y3v_mddwA85,24.26.06,Official Music Highlights,Channel_2204,23,2024-06-22T04:00:00.000Z,live|music|review,49630,521,97,971,https://i.ytimg.com/vi/LTVi0AFw4of/default.jpg,False,False,False,Auto-generated sample description for Music video.
jbl03bnptoM,24.19.03,Comedy Compilation 2024,Channel_808,4,2024-03-16T16:00:00.000Z,official|live|trending,19925,874,162,310,https://i.ytimg.com/vi/LenlRKdzzR2/default.jpg,False,False,False,Auto-generated sample description for Comedy video.
Ac2r-5k10zh,24.21.10,Official People & Blogs Highlights,Channel_3642,12,2024-10-17T21:00:00.000Z,2024|review|live,8549,244,70,97,https://i.ytimg.com/vi/ZgGs9NVF8VZ/default.jpg,False,False,False,Auto-generated sample description for People & Blogs video.
ZscNp5VBfEC,24.17.01,Why This Entertainment Video Went Viral,Channel_419,15,2024-01-14T16:00:00.000Z,music|live|2024,22713,687,23,265,https://i.ytimg.com/vi/XYfexOPhAJ4/default.jpg,False,False,False,Auto-generated sample description for Entertainment video.
_yj7F35tFkh,24.24.07,Reacting to Gaming Trends,Channel_985,17,2024-07-24T13:00:00.000Z,vlog|music|trending,4538,98,40,55,https://i.ytimg.com/vi/LT7TnFdnvb_/default.jpg,False,False,False,Auto-generated sample description for Gaming video.
okcRcr7vQ46,24.24.03,Top 10 Film & Animation Moments This Week,Channel_3552,16,2024-03-24T05:00:00.000Z,music|trending|official,89184,1271,534,338,https://i.ytimg.com/vi/NFXou_ySTsL/default.jpg,False,False,False,Auto-generated sample description for Film & Animation video.
Q5WvBXvEk0n,24.11.11,Top 10 Gaming Moments This Week,Channel_2777,17,2024-11-09T00:00:00.000Z,review|music|live,11701,775,9,18,https://i.ytimg.com/vi/NROwRY5gfYA/default.jpg,False,False,False,Auto-generated sample description for Gaming video.
sfSNlE7wwmw,25.21.01,Music Compilation 2024,Channel_685,23,2025-01-17T19:00:00.000Z,2024|official|live,2754,141,27,10,https://i.ytimg.com/vi/oZQhh0Hjj2e/default.jpg,False,False,False,Auto-generated sample description for Music video.
snrTN-tE6NK,24.17.02,Behind the Scenes: People & Blogs,Channel_4678,12,2024-02-14T17:00:00.000Z,vlog|live|2024,5382,376,33,93,https://i.ytimg.com/vi/bqvRfnBV7lB/default.jpg,False,False,False,Auto-generated sample description for People & Blogs video.
O8cVqphIZaR,24.21.03,Behind the Scenes: Music,Channel_4394,23,2024-03-20T06:00:00.000Z,trending|review|live,89671,2727,228,753,https://i.ytimg.com/vi/ZpodML-0nKI/default.jpg,False,True,False,Auto-generated sample description for Music video.
1mNV6OGUvCO,24.02.07,Why This Gaming Video Went Viral,Channel_4200,17,2024-06-28T00:00:00.000Z,trending|2024|live,1514,29,4,10,https://i.ytimg.com/vi/OUaSUsJima-/default.jpg,False,False,False,Auto-generated sample description for Gaming video.
vwyL0Zv5uUL,24.03.07,Behind the Scenes: Entertainment,Channel_1834,15,2024-07-01T05:00:00.000Z,official|review|vlog,27468,827,158,471,https://i.ytimg.com/vi/O6x3AMVQbgt/default.jpg,False,False,False,Auto-generated sample description for Entertainment video.
W6uYWkrPdIf,24.14.08,Sports Compilation 2024,Channel_1047,13,2024-08-12T01:00:00.000Z,music|trending|official,121,4,1,2,https://i.ytimg.com/vi/CKobtDcnzgo/default.jpg,False,False,False,Auto-generated sample description for Sports video.
0M021Z9zJpT,24.03.03,Reacting to Sports Trends,Channel_1964,13,2024-03-01T18:00:00.000Z,trending|music|live,110969,8300,282,466,https://i.ytimg.com/vi/vkbGyZeO1hI/default.jpg,False,False,False,Auto-generated sample description for Sports video.
GWHMrijb04b,24.15.06,Behind the Scenes: Entertainment,Channel_367,15,2024-06-12T05:00:00.000Z,official|live|music,98894,3237,308,1751,https://i.ytimg.com/vi/Dv0lRm7neGc/default.jpg,False,False,False,Auto-generated sample description for Entertainment video.
ZDtsNeiNG-f,24.04.01,Reacting to Comedy Trends,Channel_2775,22,2024-01-01T01:00:00.000Z,vlog|2024|live,17917,1076,148,44,https://i.ytimg.com/vi/PhQIo3Fnu4T/default.jpg,False,True,False,Auto-generated sample description for Comedy video.
unQydbPd19K,25.26.01,Behind the Scenes: Entertainment,Channel_1014,15,2025-01-26T10:00:00.000Z,review|2024|trending,71075,2358,563,1046,https://i.ytimg.com/vi/hzDeEE9TnBa/default.jpg,False,False,False,Auto-generated sample description for Entertainment video.
KKP7iiAGohx,24.29.05,Behind the Scenes: Gaming,Channel_223,8,2024-05-28T15:00:00.000Z,2024|music|review,17708,1192,127,306,https://i.ytimg.com/vi/mQB1jh1_d7Y/default.jpg,False,False,False,Auto-generated sample description for Gaming video.
pq8n89FuYP_,24.26.09,Behind the Scenes: Comedy,Channel_581,22,2024-09-25T20:00:00.000Z,music|official|live,3563,96,7,4,https://i.ytimg.com/vi/Li02DjTVqO1/default.jpg,False,False,False,Auto-generated sample description for Comedy video.
PMpk2WllTAK,24.19.08,Official Comedy Highlights,Channel_2595,19,2024-08-17T20:00:00.000Z,live|official|review,3656,37,16,21,https://i.ytimg.com/vi/203502bg7wp/default.jpg,False,False,False,Auto-generated sample description for Comedy video.
2IfL9fAENma,24.19.02,Top 10 Music Moments This Week,Channel_576,23,2024-02-15T10:00:00.000Z,music|review|official,14470,859,28,105,https://i.ytimg.com/vi/T-9giCb8Ncx/default.jpg,False,False,False,Auto-generated sample description for Music video.
LDtdpzftqzF,25.12.01,Reacting to Entertainment Trends,Channel_2847,15,2025-01-09T06:00:00.000Z,official|music|live,687300,28818,1710,4501,https://i.ytimg.com/vi/V5kDzHG-u7j/default.jpg,False,False,False,Auto-generated sample description for Entertainment video.
9DVkPKWgX3h,24.28.03,Comedy Compilation 2024,Channel_3561,19,2024-03-28T16:00:00.000Z,2024|official|review,31271,593,108,565,https://i.ytimg.com/vi/lsIALZCHPL6/default.jpg,False,False,False,Auto-generated sample description for Comedy video.
dODs28EZg3D,24.07.03,Reacting to Entertainment Trends,Channel_483,15,2024-03-05T20:00:00.000Z,music|2024|trending,254253,12986,1629,1546,https://i.ytimg.com/vi/tlfRw_FDwQW/default.jpg,False,False,False,Auto-generated sample description for Entertainment video.
jhXSlOmBtvv,24.20.06,Comedy Compilation 2024,Channel_1259,19,2024-06-18T03:00:00.000Z,trending|live|2024,4155,161,4,40,https://i.ytimg.com/vi/RDJXgQteMsO/default.jpg,False,False,False,Auto-generated sample description for Comedy video.
VlTZKeM7jrk,24.07.11,Reacting to Entertainment Trends,Channel_3825,15,2024-11-04T06:00:00.000Z,trending|music|2024,33957,2546,243,349,https://i.ytimg.com/vi/Y1mUGTb2n4g/default.jpg,False,False,False,Auto-generated sample description for Entertainment video.
bi1zU5YnEZN,24.02.10,Reacting to Howto & Style Trends,Channel_3652,7,2024-10-02T14:00:00.000Z,live|vlog|official,10959,165,70,46,https://i.ytimg.com/vi/TWIwmvqOAPG/default.jpg,False,False,False,Auto-generated sample description for Howto & Style video.
GwY7DZytPnT,24.13.05,Top 10 Music Moments This Week,Channel_747,23,2024-05-12T19:00:00.000Z,music|vlog|official,81099,4290,590,1331,https://i.ytimg.com/vi/CcdLPCleevP/default.jpg,False,False,False,Auto-generated sample description for Music video.
l7nCSPiJ0n8,24.17.04,Top 10 Howto & Style Moments This Week,Channel_4167,21,2024-04-13T19:00:00.000Z,official|2024|music,7711,406,21,22,https://i.ytimg.com/vi/s5ot-vMk-zE/default.jpg,False,False,False,Auto-generated sample description for Howto & Style video.
5YiETRqratq,24.08.05,People & Blogs Compilation 2024,Channel_3558,18,2024-05-07T08:00:00.000Z,music|vlog|2024,147677,4607,713,2384,https://i.ytimg.com/vi/6delwfSRi5x/default.jpg,False,False,False,Auto-generated sample description for People & Blogs video.
ol3FUMeVrPY,24.22.10,Why This Entertainment Video Went Viral,Channel_172,15,2024-10-21T14:00:00.000Z,vlog|2024|music,1004222,56385,3540,976,https://i.ytimg.com/vi/RYNArbgRbiQ/default.jpg,False,False,False,Auto-generated sample description for Entertainment video.
F0vtwuQbSFY,24.13.09,Why This Howto & Style Video Went Viral,Channel_1562,21,2024-09-12T21:00:00.000Z,music|live|vlog,15342,1181,99,185,https://i.ytimg.com/vi/OIHthHlILJ3/default.jpg,False,False,False,Auto-generated sample description for Howto & Style video.
NR_7x5ylFul,24.26.03,Official News & Politics Highlights,Channel_4176,6,2024-03-23T05:00:00.000Z,music|trending|live,21593,785,175,61,https://i.ytimg.com/vi/Ce6JBR6wfDr/default.jpg,False,False,False,Auto-generated sample description for News & Politics video.
OU26Ey4Wjg6,24.14.01,Top 10 Sports Moments This Week,Channel_3600,13,2024-01-13T16:00:00.000Z,2024|vlog|trending,9544,343,29,145,https://i.ytimg.com/vi/-1Q-EtL1dV8/default.jpg,False,False,False,Auto-generated sample description for Sports video.
mrQbVBYvQi6,24.13.04,Official News & Politics Highlights,Channel_1215,6,2024-04-11T16:00:00.000Z,official|vlog|review,13831,538,91,39,https://i.ytimg.com/vi/VsW6G3EKMyw/default.jpg,False,False,False,Auto-generated sample description for News & Politics video.
jzbx_AxqdMM,24.19.06,Behind the Scenes: News & Politics,Channel_2364,6,2024-06-18T20:00:00.000Z,music|vlog|review,14734,728,87,253,https://i.ytimg.com/vi/bITBMKJYxv_/default.jpg,False,False,False,Auto-generated sample description for News & Politics video.
t9wJFzH75vc,24.01.02,Why This Science & Technology Video Went Viral,Channel_4362,3,2024-01-29T11:00:00.000Z,review|vlog|official,37028,2390,22,142,https://i.ytimg.com/vi/KE-XstRVNKu/default.jpg,False,False,False,Auto-generated sample description for Science & Technology video.
_3GnEda4lg2,24.12.02,Top 10 Comedy Moments This Week,Channel_1801,22,2024-02-08T03:00:00.000Z,official|trending|music,13651,290,46,85,https://i.ytimg.com/vi/YBnxHJXKPZX/default.jpg,False,False,False,Auto-generated sample description for Comedy video.
d_2sJOkEh0o,24.23.05,Top 10 People & Blogs Moments This Week,Channel_3772,10,2024-05-19T09:00:00.000Z,vlog|live|official,2716,83,8,5,https://i.ytimg.com/vi/Q9NMjKMv3PJ/default.jpg,False,False,False,Auto-generated sample description for People & Blogs video.
SILkQ7NIpRb,25.13.01,Top 10 Music Moments This Week,Channel_1153,23,2025-01-09T01:00:00.000Z,live|vlog|trending,200814,8743,357,2669,https://i.ytimg.com/vi/QiV4WkjWOTa/default.jpg,False,False,False,Auto-generated sample description for Music video.
42pV7JdhM2f,24.08.04,Behind the Scenes: Music,Channel_109,23,2024-04-05T12:00:00.000Z,review|vlog|live,66230,3913,148,808,https://i.ytimg.com/vi/W_suGbENq_I/default.jpg,False,False,False,Auto-generated sample description for Music video.
iVRjOZxMD-r,24.02.03,Behind the Scenes: Gaming,Channel_4926,8,2024-03-02T15:00:00.000Z,official|vlog|live,52842,3054,61,751,https://i.ytimg.com/vi/eIAemZhKr1D/default.jpg,False,False,False,Auto-generated sample description for Gaming video.
xNXUR60dVcP,24.05.02,Autos & Vehicles Compilation 2024,Channel_2979,20,2024-02-05T16:00:00.000Z,trending|review|2024,35419,1313,343,453,https://i.ytimg.com/vi/UzuknGfSJG0/default.jpg,False,False,False,Auto-generated sample description for Autos & Vehicles video.
yUgUzg4XraO,25.04.01,Why This Entertainment Video Went Viral,Channel_1113,15,2025-01-04T03:00:00.000Z,2024|music|live,28199,1029,222,533,https://i.ytimg.com/vi/JJqpl9DKXt5/default.jpg,False,False,False,Auto-generated sample description for Entertainment video.
NUe4ciEMrwD,24.19.03,Why This Music Video Went Viral,Channel_2597,23,2024-03-15T08:00:00.000Z,vlog|music|official,181479,5476,1095,3553,https://i.ytimg.com/vi/NdV_og3qeet/default.jpg,True,False,False,Auto-generated sample description for Music video.
U0fLYaruOfv,24.22.11,Reacting to Entertainment Trends,Channel_256,15,2024-11-18T17:00:00.000Z,music|review|trending,52196,3947,339,335,https://i.ytimg.com/vi/PRuYk-rr-fq/default.jpg,False,False,False,Auto-generated sample description for Entertainment video.
-ZaGfx5oBbo,25.04.02,Official Entertainment Highlights,Channel_407,15,2025-02-02T22:00:00.000Z,trending|vlog|official,295275,13346,1055,1695,https://i.ytimg.com/vi/SsRHebBUoBJ/default.jpg,False,False,False,Auto-generated sample description for Entertainment video.
6tXjkZk0HXW,24.16.10,Sports Compilation 2024,Channel_1776,13,2024-10-13T16:00:00.000Z,live|2024|vlog,2318,80,19,29,https://i.ytimg.com/vi/Ckr46WtLVMO/default.jpg,False,False,False,Auto-generated sample description for Sports video.
4PLLQwMdSIo,24.23.03,Music Compilation 2024,Channel_4387,23,2024-03-20T16:00:00.000Z,live|review|music,805761,30168,6903,3284,https://i.ytimg.com/vi/HwoN7wEeyu5/default.jpg,False,False,False,Auto-generated sample description for Music video.
LlwGCtaQud8,24.20.12,Behind the Scenes: People & Blogs,Channel_126,10,2024-12-16T22:00:00.000Z,vlog|official|live,5522,161,5,57,https://i.ytimg.com/vi/X3mFW71yNUq/default.jpg,False,False,False,Auto-generated sample description for People & Blogs video.
aAmtdoDv9YR,24.16.08,Why This Music Video Went Viral,Channel_4667,23,2024-08-14T08:00:00.000Z,review|2024|official,1339309,94336,3392,24727,https://i.ytimg.com/vi/ujl8-cbvohO/default.jpg,False,False,False,Auto-generated sample description for Music video.
WNpW_cvkMxh,25.15.01,Gaming Compilation 2024,Channel_4205,8,2025-01-15T14:00:00.000Z,live|official|music,9016,241,13,133,https://i.ytimg.com/vi/mc76rSbqpfR/default.jpg,False,False,False,Auto-generated sample description for Gaming video.
zslFVyIlp9s,24.14.07,Comedy Compilation 2024,Channel_2225,19,2024-07-14T07:00:00.000Z,live|trending|review,10382,188,35,11,https://i.ytimg.com/vi/Dk7S3iy3zoo/default.jpg,False,False,False,"Auto-generated sample description for Comedy video.
Second line inside a quoted CSV field."
Mj6hRR_YEHp,24.09.08,Reacting to Entertainment Trends,Channel_3548,15,2024-08-05T17:00:00.000Z,live|official|review,168374,9316,546,553,https://i.ytimg.com/vi/o2IdwA5DBgI/default.jpg,False,False,False,Auto-generated sample description for Entertainment video.
q2cF89dQHtO,24.30.07,Top 10 News & Politics Moments This Week,Channel_681,5,2024-07-29T01:00:00.000Z,2024|vlog|music,2898,173,24,39,https://i.ytimg.com/vi/q_7-wm6-t6t/default.jpg,False,False,False,Auto-generated sample description for News & Politics video.
vAVKD31uODW,24.07.08,News & Politics Compilation 2024,Channel_924,6,2024-08-04T22:00:00.000Z,trending|live|vlog,49855,1877,475,227,https://i.ytimg.com/vi/BQzasjRRSxt/default.jpg,False,False,False,Auto-generated sample description for News & Politics video.
nRkeTlQf99q,24.25.06,Top 10 People & Blogs Moments This Week,Channel_4163,12,2024-06-21T05:00:00.000Z,music|review|trending,47500,3667,175,68,https://i.ytimg.com/vi/o4bQgfgCmmC/default.jpg,False,False,False,Auto-generated sample description for People & Blogs video.
D_JZjvZa5qh,24.17.01,Comedy Compilation 2024,Channel_4945,22,2024-01-17T21:00:00.000Z,live|vlog|official,174890,11785,147,3256,https://i.ytimg.com/vi/L2WaoguBkE4/default.jpg,False,False,False,Auto-generated sample description for Comedy video.
hIIZaa_kGvB,24.07.09,Why This Comedy Video Went Viral,Channel_1305,22,2024-09-05T14:00:00.000Z,music|live|2024,2237,152,13,2,https://i.ytimg.com/vi/AgN-eQPfnMJ/default.jpg,False,False,False,Auto-generated sample description for Comedy video.
dSnrjh8OFPz,24.09.02,Why This People & Blogs Video Went Viral,Channel_2405,10,2024-02-06T03:00:00.000Z,vlog|live|review,9941,773,98,105,https://i.ytimg.com/vi/2VA9SVHmqwX/default.jpg,False,False,False,Auto-generated sample description for People & Blogs video.
QZoLZPRG4CE,24.06.06,Reacting to Entertainment Trends,Channel_125,15,2024-06-03T22:00:00.000Z,music|2024|review,233404,9458,334,1723,https://i.ytimg.com/vi/w8sMxWqkiPc/default.jpg,False,False,False,Auto-generated sample description for Entertainment video.
p-okJW7OAel,24.27.09,Why This News & Politics Video Went Viral,Channel_3988,5,2024-09-26T01:00:00.000Z,music|official|vlog,29193,980,28,386,https://i.ytimg.com/vi/5enJFcs4Y5p/default.jpg,False,False,False,Auto-generated sample description for News & Politics video.
sCqGvdfQIke,25.05.02,Behind the Scenes: Howto & Style,Channel_2409,21,2025-02-01T16:00:00.000Z,live|trending|2024,10959,743,65,109,https://i.ytimg.com/vi/08YLr0FDApz/default.jpg,False,False,False,Auto-generated sample description for Howto & Style video.
JkNbQVm3q77,24.08.10,Top 10 Music Moments This Week,Channel_564,23,2024-10-04T04:00:00.000Z,2024|music|review,14707,365,11,256,https://i.ytimg.com/vi/CJ1l6NYG5xh/default.jpg,False,False,False,Auto-generated sample description for Music video.
h_R8cIXJz7k,24.03.01,Why This Music Video Went Viral,Channel_1723,23,2024-01-02T15:00:00.000Z,review|music|live,322974,8307,2146,4369,https://i.ytimg.com/vi/-1yo-Jn06GC/default.jpg,False,False,False,Auto-generated sample description for Music video.
tS16CL_Oyn9,24.09.03,Behind the Scenes: Music,Channel_2409,23,2024-03-06T08:00:00.000Z,vlog|music|2024,16695,1146,151,254,https://i.ytimg.com/vi/G7RWcnQ7VJn/default.jpg,False,False,False,Auto-generated sample description for Music video.
xDJrvh42qtF,24.28.07,Reacting to Sports Trends,Channel_2669,13,2024-07-26T15:00:00.000Z,review|live|official,5214,311,19,20,https://i.ytimg.com/vi/wtpCt1__BvP/default.jpg,False,False,False,Auto-generated sample description for Sports video.
FK_TVFMHEtf,24.19.08,Official People & Blogs Highlights,Channel_4882,12,2024-08-17T10:00:00.000Z,official|vlog|music,13378,543,105,176,https://i.ytimg.com/vi/KUj46cn-jSK/default.jpg,False,False,False,Auto-generated sample description for People & Blogs video.
FXqE3b41u3D,24.24.11,Music Compilation 2024,Channel_2323,23,2024-11-20T12:00:00.000Z,vlog|music|2024,128605,7288,314,2221,https://i.ytimg.com/vi/P3G0UriQ9sK/default.jpg,False,False,False,Auto-generated sample description for Music video.
KB8Ba4aaJY0,24.19.01,Howto & Style Compilation 2024,Channel_486,7,2024-01-17T05:00:00.000Z,vlog|review|official,6266,124,47,124,https://i.ytimg.com/vi/ur0nrM-ozcQ/default.jpg,False,False,False,Auto-generated sample description for Howto & Style video.
ik5bY3DOLnc,24.02.02,Top 10 Comedy Moments This Week,Channel_716,4,2024-01-29T10:00:00.000Z,review|music|official,19880,1086,120,315,https://i.ytimg.com/vi/dlOOnZ-yBD6/default.jpg,True,False,False,Auto-generated sample description for Comedy video.
Ex88gBZiCt_,24.07.07,Why This Sports Video Went Viral,Channel_1123,13,2024-07-04T09:00:00.000Z,official|2024|vlog,78366,3547,55,381,https://i.ytimg.com/vi/8SxZIF4_-Rr/default.jpg,False,False,False,Auto-generated sample description for Sports video.
p1IQvWBNLOf,24.09.01,Why This Comedy Video Went Viral,Channel_1730,22,2024-01-08T19:00:00.000Z,review|2024|official,40960,2933,353,213,https://i.ytimg.com/vi/IhJRpiGobka/default.jpg,False,False,False,Auto-generated sample description for Comedy video.
cSN5mz_yqWW,24.14.03,Comedy Compilation 2024,Channel_4824,19,2024-03-11T11:00:00.000Z,official|vlog|trending,1880,39,13,11,https://i.ytimg.com/vi/jz8ayI_CnxQ/default.jpg,False,False,False,Auto-generated sample description for Comedy video.
_1_NhhtZ-Gm,24.24.05,Education Compilation 2024,Channel_245,24,2024-05-23T03:00:00.000Z,2024|live|music,9920,600,48,83,https://i.ytimg.com/vi/UfI8rRUX1nx/default.jpg,False,False,False,Auto-generated sample description for Education video.
t5q4LeWN_f5,24.28.05,Official Entertainment Highlights,Channel_2089,15,2024-05-24T13:00:00.000Z,official|trending|music,38016,652,365,98,https://i.ytimg.com/vi/0c9yct9U_Gy/default.jpg,False,False,False,Auto-generated sample description for Entertainment video.
IBXR2a-RJSH,24.14.09,Reacting to People & Blogs Trends,Channel_1531,12,2024-09-14T18:00:00.000Z,live|review|vlog,16806,334,108,104,https://i.ytimg.com/vi/3b1GyM4r2Cu/default.jpg,False,False,False,Auto-generated sample description for People & Blogs video.
Yk5eTIor3Ib,24.27.09,Reacting to Entertainment Trends,Channel_4831,15,2024-09-23T22:00:00.000Z,official|music|live,285610,3607,2581,5576,https://i.ytimg.com/vi/VN9rM2ABezM/default.jpg,False,False,False,Auto-generated sample description for Entertainment video.
JyfLF301L_e,24.09.09,Why This Comedy Video Went Viral,Channel_2537,22,2024-09-06T11:00:00.000Z,vlog|2024|music,47509,487,33,442,https://i.ytimg.com/vi/ZpCf3U9g8pC/default.jpg,True,False,False,Auto-generated sample description for Comedy video.
Ou_rINd1RyV,24.18.05,Reacting to People & Blogs Trends,Channel_601,10,2024-05-18T07:00:00.000Z,2024|music|review,20648,268,54,409,https://i.ytimg.com/vi/ppqsjFp4sDW/default.jpg,False,False,False,Auto-generated sample description for People & Blogs video.
ecfnQMa8GTd,24.30.01,Top 10 Music Moments This Week,Channel_1667,23,2024-01-27T16:00:00.000Z,official|2024|vlog,3313,86,22,4,https://i.ytimg.com/vi/dV65zYIoKhw/default.jpg,False,False,False,Auto-generated sample description for Music video.
IKYkhttBLy8,25.24.01,Entertainment Compilation 2024,Channel_1028,15,2025-01-22T03:00:00.000Z,music|review|trending,25041,655,246,285,https://i.ytimg.com/vi/AiRk9OEe9vc/default.jpg,False,False,False,Auto-generated sample description for Entertainment video.
tgJjqrQf1Ew,24.07.01,Official Comedy Highlights,Channel_2094,22,2024-01-07T04:00:00.000Z,vlog|review|official,88162,5541,670,880,https://i.ytimg.com/vi/U12BkN0-aJk/default.jpg,False,False,False,Auto-generated sample description for Comedy video.
zrkmnrKYGg5,24.01.02,Behind the Scenes: Music,Channel_4403,23,2024-01-31T22:00:00.000Z,trending|review|music,11845,358,19,87,https://i.ytimg.com/vi/_g7_EcEvwxs/default.jpg,False,False,True,Auto-generated sample description for Music video.
tzINp6nEquQ,24.01.10,Entertainment Compilation 2024,Channel_742,15,2024-10-01T15:00:00.000Z,2024|review|trending,136647,7896,803,1335,https://i.ytimg.com/vi/lTfZNn6_Cqd/default.jpg,False,True,False,Auto-generated sample description for Entertainment video.
6eA5HJV8073,24.02.10,Reacting to Comedy Trends,Channel_1760,22,2024-10-01T08:00:00.000Z,music|vlog|official,9228,329,35,77,https://i.ytimg.com/vi/pAmwAxwDM_e/default.jpg,False,False,False,Auto-generated sample description for Comedy video.
oUWZAXP3hie,24.16.05,Behind the Scenes: Entertainment,Channel_4968,15,2024-05-13T22:00:00.000Z,review|trending|2024,16190,634,31,278,https://i.ytimg.com/vi/AHxgJUbU_Bq/default.jpg,False,False,False,Auto-generated sample description for Entertainment video.
T4sqA9dmINu,24.18.01,Reacting to Music Trends,Channel_4397,23,2024-01-17T02:00:00.000Z,trending|official|vlog,52973,4044,146,612,https://i.ytimg.com/vi/Bl2aKXfnyAb/default.jpg,False,False,False,Auto-generated sample description for Music video.
s6SgLTDsrMV,24.30.03,Reacting to Music Trends,Channel_4193,23,2024-03-30T00:00:00.000Z,music|live|official,67098,4577,196,1013,https://i.ytimg.com/vi/6ZVy9tSnd13/default.jpg,False,False,False,Auto-generated sample description for Music video.
VlVPDJSzJSv,24.15.08,Top 10 Gaming Moments This Week,Channel_4300,17,2024-08-15T18:00:00.000Z,vlog|official|live,63200,2831,193,39,https://i.ytimg.com/vi/oL0pjkhVS7J/default.jpg,False,False,False,Auto-generated sample description for Gaming video.
sNu0vBWOoS0,25.05.01,Why This People & Blogs Video Went Viral,Channel_2271,10,2025-01-04T10:00:00.000Z,official|vlog|2024,132547,7212,669,191,https://i.ytimg.com/vi/aCSZWp_yWHi/default.jpg,False,False,False,Auto-generated sample description for People & Blogs video.
7a95Hmwagyq,24.20.02,Why This Music Video Went Viral,Channel_4197,23,2024-02-19T17:00:00.000Z,vlog|2024|review,1539712,106533,11407,25670,https://i.ytimg.com/vi/y9dwk08dit3/default.jpg,False,False,False,Auto-generated sample description for Music video.
BA8-mBdu9jT,24.01.11,Official Music Highlights,Channel_1773,23,2024-10-29T11:00:00.000Z,review|live|vlog,599598,21535,609,5144,https://i.ytimg.com/vi/3fl-y1F_Ww9/default.jpg,False,False,False,Auto-generated sample description for Music video.
notMjZKI60u,24.02.10,Why This People & Blogs Video Went Viral,Channel_4467,18,2024-09-29T22:00:00.000Z,trending|live|vlog,17014,381,99,136,https://i.ytimg.com/vi/zk5HM8HoVsb/default.jpg,False,False,False,Auto-generated sample description for People & Blogs video.
dWk8M-FEY2K,24.20.11,Music Compilation 2024,Channel_924,23,2024-11-17T06:00:00.000Z,trending|live|official,18242,874,167,248,https://i.ytimg.com/vi/JTWL7tTUF2O/default.jpg,False,False,False,Auto-generated sample description for Music video.
RwyzrOn1pDd,24.16.02,Entertainment Compilation 2024,Channel_4444,15,2024-02-16T19:00:00.000Z,live|music|review,50611,3162,449,913,https://i.ytimg.com/vi/rReEGkyQe_f/default.jpg,False,False,False,Auto-generated sample description for Entertainment video.
Xxo-eb8iywk,24.02.10,Official Entertainment Highlights,Channel_899,15,2024-09-30T15:00:00.000Z,review|music|trending,293168,16938,1495,2089,https://i.ytimg.com/vi/w6MhVr-DJUX/default.jpg,False,False,False,Auto-generated sample description for Entertainment video.
whTxIOQbym3,24.03.08,Top 10 Entertainment Moments This Week,Channel_364,15,2024-08-02T16:00:00.000Z,2024|vlog|live,106031,6298,458,195,https://i.ytimg.com/vi/ASP6SjqwSz_/default.jpg,False,False,False,Auto-generated sample description for Entertainment video.
sHlhIqc5lfl,24.12.11,Reacting to Comedy Trends,Channel_2839,4,2024-11-10T22:00:00.000Z,2024|live|vlog,10411,768,90,130,https://i.ytimg.com/vi/mf8S_WJKAws/default.jpg,False,False,False,Auto-generated sample description for Comedy video.
NuytFlfNg1M,24.14.01,Why This Film & Animation Video Went Viral,Channel_304,16,2024-01-11T21:00:00.000Z,2024|live|review,121842,6666,1119,1700,https://i.ytimg.com/vi/rjB33pVwuxI/default.jpg,False,False,False,Auto-generated sample description for Film & Animation video.
m1k6OVLlFBe,25.15.01,Behind the Scenes: Comedy,Channel_887,19,2025-01-12T00:00:00.000Z,official|vlog|music,40044,3168,294,664,https://i.ytimg.com/vi/iDdekfQonGG/default.jpg,False,False,False,Auto-generated sample description for Comedy video.
IiRXpyUNXWz,24.08.11,Behind the Scenes: News & Politics,Channel_133,5,2024-11-07T18:00:00.000Z,2024|live|trending,7777,550,68,129,https://i.ytimg.com/vi/6R3O1pjlwLa/default.jpg,False,False,False,Auto-generated sample description for News & Politics video.
o_Tdt6zFi4H,24.05.09,Why This People & Blogs Video Went Viral,Channel_2492,12,2024-09-02T05:00:00.000Z,trending|review|official,5435,98,45,71,https://i.ytimg.com/vi/0x7T4857zvj/default.jpg,False,False,False,Auto-generated sample description for People & Blogs video.
4sWO3z5vghK,24.19.11,Why This Howto & Style Video Went Viral,Channel_533,21,2024-11-19T03:00:00.000Z,review|2024|official,57711,4597,502,620,https://i.ytimg.com/vi/TiPi8s4DCRg/default.jpg,False,False,False,Auto-generated sample description for Howto & Style video.
qC4rtGqszLG,24.04.08,Reacting to Music Trends,Channel_1168,23,2024-08-02T01:00:00.000Z,trending|vlog|music,44804,2727,44,197,https://i.ytimg.com/vi/4pwsEduRBba/default.jpg,False,False,False,Auto-generated sample description for Music video.
JIGJhRmz5K5,24.07.01,Official Music Highlights,Channel_2931,23,2024-01-04T02:00:00.000Z,official|review|trending,125314,9339,438,474,https://i.ytimg.com/vi/bfT7xQtGNDg/default.jpg,False,False,False,Auto-generated sample description for Music video.
rlSAvxBFtgk,24.19.02,Behind the Scenes: People & Blogs,Channel_3403,12,2024-02-15T06:00:00.000Z,vlog|music|2024,40802,975,382,646,https://i.ytimg.com/vi/vYKSXgf64ql/default.jpg,False,False,False,Auto-generated sample description for People & Blogs video.
hNgxv-HzbgD,24.03.02,Behind the Scenes: Music,Channel_1342,23,2024-01-31T07:00:00.000Z,review|trending|official,91372,6961,111,1427,https://i.ytimg.com/vi/VCWCkS7E6fC/default.jpg,False,False,False,Auto-generated sample description for Music video.
aAByWd2ySdX,24.20.02,Gaming Compilation 2024,Channel_118,8,2024-02-20T07:00:00.000Z,live|review|music,1542,15,3,24,https://i.ytimg.com/vi/6QfmcPFQrn3/default.jpg,False,False,False,Auto-generated sample description for Gaming video.
uno1NI8kyDJ,24.07.10,Official Howto & Style Highlights,Channel_4256,7,2024-10-04T01:00:00.000Z,music|live|trending,3321,227,3,36,https://i.ytimg.com/vi/mWZgWxPB1jA/default.jpg,False,False,False,Auto-generated sample description for Howto & Style video.
W_87jjdfFzu,24.11.06,Official Comedy Highlights,Channel_3712,22,2024-06-08T18:00:00.000Z,vlog|2024|live,78637,5374,635,1256,https://i.ytimg.com/vi/U9BlXV3tPkZ/default.jpg,False,False,False,Auto-generated sample description for Comedy video.
lcbE237Pfx9,24.03.05,Top 10 Entertainment Moments This Week,Channel_1801,15,2024-04-29T21:00:00.000Z,2024|review|trending,40495,633,45,218,https://i.ytimg.com/vi/5AjSyZP8KRZ/default.jpg,False,False,False,Auto-generated sample description for Entertainment video.
8LNDC7tyGnG,25.18.01,Top 10 Music Moments This Week,Channel_4863,23,2025-01-16T16:00:00.000Z,live|trending|vlog,70855,5384,511,724,https://i.ytimg.com/vi/nk11xomE-U2/default.jpg,False,False,False,Auto-generated sample description for Music video.
7vzKtkwYUKc,24.15.01,Official People & Blogs Highlights,Channel_610,12,2024-01-13T06:00:00.000Z,vlog|music|live,19898,539,182,93,https://i.ytimg.com/vi/bmwmrGLZAzh/default.jpg,False,False,False,Auto-generated sample description for People & Blogs video.
t-NfzDujDtA,24.25.08,Behind the Scenes: People & Blogs,Channel_346,10,2024-08-25T12:00:00.000Z,2024|vlog|trending,11655,880,52,207,https://i.ytimg.com/vi/HfhOlPXACUp/default.jpg,False,False,False,Auto-generated sample description for People & Blogs video.
rfiyygANtvQ,24.29.12,Reacting to Film & Animation Trends,Channel_776,16,2024-12-29T18:00:00.000Z,trending|vlog|live,7530,532,59,69,https://i.ytimg.com/vi/LCqVXRbKL0L/default.jpg,False,False,False,Auto-generated sample description for Film & Animation video.
aByZSJOFpR9,24.31.03,Why This News & Politics Video Went Viral,Channel_2014,6,2024-03-30T09:00:00.000Z,official|2024|trending,23914,1576,195,54,https://i.ytimg.com/vi/9V1LFt8AztW/default.jpg,False,False,False,Auto-generated sample description for News & Politics video.
ltp6bIB81Sd,24.23.08,Behind the Scenes: People & Blogs,Channel_2310,12,2024-08-22T01:00:00.000Z,live|review|2024,76753,4145,408,270,https://i.ytimg.com/vi/qGn5Nf4u90m/default.jpg,False,False,False,Auto-generated sample description for People & Blogs video.
-GC7Oj68-Nq,24.26.12,Why This Gaming Video Went Viral,Channel_964,8,2024-12-22T13:00:00.000Z,music|vlog|trending,3503,253,9,60,https://i.ytimg.com/vi/l3R94jiY9H-/default.jpg,False,False,False,Auto-generated sample description for Gaming video.
79f3WVSkRKh,24.18.05,Top 10 Sports Moments This Week,Channel_1239,13,2024-05-18T01:00:00.000Z,trending|review|live,447582,6636,3810,4508,https://i.ytimg.com/vi/3tL6QE00Zbu/default.jpg,False,False,False,Auto-generated sample description for Sports video.
OIVjo-ROVBt,24.23.11,Official Comedy Highlights,Channel_2858,22,2024-11-22T00:00:00.000Z,2024|music|trending,6666,152,64,39,https://i.ytimg.com/vi/U1NWrTZ4xBa/default.jpg,False,False,False,Auto-generated sample description for Comedy video.
MJC9N9b82AI,24.22.02,Behind the Scenes: News & Politics,Channel_805,6,2024-02-18T01:00:00.000Z,2024|trending|review,16665,382,53,276,https://i.ytimg.com/vi/pU4YsMdYFBR/default.jpg,False,False,False,Auto-generated sample description for News & Politics video.
sZH7-gA36W1,24.03.07,Official People & Blogs Highlights,Channel_3746,18,2024-07-02T15:00:00.000Z,2024|live|music,19304,1082,32,92,https://i.ytimg.com/vi/dvDoEfugclJ/default.jpg,False,False,False,Auto-generated sample description for People & Blogs video.
NadeD7qqM6u,24.04.09,Why This Gaming Video Went Viral,Channel_1232,17,2024-09-04T16:00:00.000Z,review|official|live,10862,702,62,102,https://i.ytimg.com/vi/gTZ1cOhszhd/default.jpg,False,False,False,Auto-generated sample description for Gaming video.
QRRWGwsYao5,24.15.01,Why This Film & Animation Video Went Viral,Channel_4925,16,2024-01-13T08:00:00.000Z,2024|vlog|music,5518,244,51,105,https://i.ytimg.com/vi/olafJ6MfTlV/default.jpg,False,False,False,Auto-generated sample description for Film & Animation video.
ixhx7uPpjJn,25.12.01,Entertainment Compilation 2024,Channel_4214,15,2025-01-12T22:00:00.000Z,trending|official|music,20654,1395,38,261,https://i.ytimg.com/vi/ZS4ynDwRlQV/default.jpg,False,False,False,Auto-generated sample description for Entertainment video.
7ofwyyWt5h6,24.31.08,Official Comedy Highlights,Channel_4079,19,2024-08-30T00:00:00.000Z,vlog|trending|official,33050,613,185,175,https://i.ytimg.com/vi/-ugRrl_7TeX/default.jpg,False,False,False,Auto-generated sample description for Comedy video.
GypnvKfXaGF,24.27.09,Music Compilation 2024,Channel_3408,23,2024-09-27T09:00:00.000Z,trending|review|vlog,107181,7941,647,1533,https://i.ytimg.com/vi/P_cKonVDP2G/default.jpg,False,False,False,Auto-generated sample description for Music video.
p3FNYkb5OYd,24.10.10,Gaming Compilation 2024,Channel_4400,8,2024-10-06T19:00:00.000Z,review|2024|live,118406,4986,1118,633,https://i.ytimg.com/vi/kvKeP9tXrIE/default.jpg,False,False,False,Auto-generated sample description for Gaming video.
KfBPkS5Cea8,24.11.11,Why This Music Video Went Viral,Channel_3374,23,2024-11-07T05:00:00.000Z,review|official|live,142358,10703,893,1482,https://i.ytimg.com/vi/JDMykkNVcZN/default.jpg,False,False,False,Auto-generated sample description for Music video.
P0tJbnCR3H1,24.19.01,Behind the Scenes: Comedy,Channel_2345,4,2024-01-15T06:00:00.000Z,trending|music|review,23118,1524,199,289,https://i.ytimg.com/vi/TrtvM9LysC0/default.jpg,False,False,False,Auto-generated sample description for Comedy video.
QQkmJeWIgba,24.12.12,Entertainment Compilation 2024,Channel_3883,15,2024-12-11T17:00:00.000Z,trending|official|2024,44545,3220,184,460,https://i.ytimg.com/vi/mjtenin3sxg/default.jpg,False,False,False,Auto-generated sample description for Entertainment video.
aD6b9eMswmb,24.08.08,Why This Entertainment Video Went Viral,Channel_3382,15,2024-08-06T04:00:00.000Z,music|vlog|live,65321,4678,520,604,https://i.ytimg.com/vi/m9SvUG-h4AU/default.jpg,False,False,False,Auto-generated sample description for Entertainment video.
Vmqpqc0UPab,24.21.11,Autos & Vehicles Compilation 2024,Channel_316,9,2024-11-21T10:00:00.000Z,music|trending|official,6623,163,56,50,https://i.ytimg.com/vi/BaVM4kZBJHp/default.jpg,False,False,False,Auto-generated sample description for Autos & Vehicles video.
tNez2dpx8x6,24.05.11,Official Comedy Highlights,Channel_4899,4,2024-11-01T17:00:00.000Z,music|2024|vlog,3088,65,21,56,https://i.ytimg.com/vi/fvGbqZEP26V/default.jpg,False,False,False,Auto-generated sample description for Comedy video.
i239fysD6qT,24.01.02,Official Comedy Highlights,Channel_4487,4,2024-01-29T16:00:00.000Z,live|vlog|official,21947,1092,159,188,https://i.ytimg.com/vi/egk8fN5ZKfb/default.jpg,False,False,False,Auto-generated sample description for Comedy video.
s0lxGHyC5NS,25.26.01,Comedy Compilation 2024,Channel_4148,4,2025-01-22T07:00:00.000Z,trending|review|2024,109809,8430,109,1630,https://i.ytimg.com/vi/v9CG9f4rK3x/default.jpg,False,False,False,Auto-generated sample description for Comedy video.
1qhRQdW9rqD,24.18.07,Gaming Compilation 2024,Channel_65,17,2024-07-16T15:00:00.000Z,trending|live|official,44399,2756,424,588,https://i.ytimg.com/vi/vyBk1r99dr_/default.jpg,False,False,False,Auto-generated sample description for Gaming video.
wxFnyk6mrEh,25.14.01,Gaming Compilation 2024,Channel_2869,8,2025-01-13T22:00:00.000Z,vlog|official|live,38689,609,158,625,https://i.ytimg.com/vi/zTn5MWLXN3-/default.jpg,False,False,False,Auto-generated sample description for Gaming video.
DVl1o-vIaOF,24.26.05,Behind the Scenes: Music,Channel_2063,23,2024-05-25T21:00:00.000Z,2024|review|live,15725,791,34,186,https://i.ytimg.com/vi/yiCDzWmKBLO/default.jpg,False,False,False,Auto-generated sample description for Music video.
lRyV9CbAAGi,24.14.04,Music Compilation 2024,Channel_94,23,2024-04-14T22:00:00.000Z,official|2024|live,21165,1540,158,99,https://i.ytimg.com/vi/g9eRejJr9OU/default.jpg,False,False,False,Auto-generated sample description for Music video.
Q_dkF0FvHCI,24.09.03,Reacting to Sports Trends,Channel_2704,13,2024-03-05T11:00:00.000Z,2024|music|official,39310,3085,309,591,https://i.ytimg.com/vi/20kLqRhH0kZ/default.jpg,False,False,False,Auto-generated sample description for Sports video.
-nkOXEb1g03,24.28.04,Reacting to Gaming Trends,Channel_692,8,2024-04-27T19:00:00.000Z,live|music|review,2279,53,1,28,https://i.ytimg.com/vi/oq6G1WEPnWk/default.jpg,False,False,False,Auto-generated sample description for Gaming video.
ojrYAAyee3S,25.08.01,Behind the Scenes: Entertainment,Channel_1160,15,2025-01-06T03:00:00.000Z,live|trending|review,72749,5618,703,1008,https://i.ytimg.com/vi/aaIXCMk1TO2/default.jpg,False,False,False,Auto-generated sample description for Entertainment video.
kIfqivdzbw6,24.06.01,Top 10 Music Moments This Week,Channel_3520,23,2024-01-02T08:00:00.000Z,review|live|2024,325264,14153,2607,5521,https://i.ytimg.com/vi/R08VZXTGxeP/default.jpg,False,False,False,Auto-generated sample description for Music video.
MK1PW5eo1sT,24.30.06,Behind the Scenes: Entertainment,Channel_2494,15,2024-06-28T10:00:00.000Z,trending|vlog|music,7517,231,31,51,https://i.ytimg.com/vi/ZTMiJLoWWcS/default.jpg,False,False,False,Auto-generated sample description for Entertainment video.
RbBfAsHIhbi,24.31.05,Why This News & Politics Video Went Viral,Channel_2099,5,2024-05-28T20:00:00.000Z,live|review|music,54252,2502,41,84,https://i.ytimg.com/vi/MzuAa8J7KSy/default.jpg,False,False,False,Auto-generated sample description for News & Politics video.
7LgsV_yV6uh,24.06.10,Why This Music Video Went Viral,Channel_3231,23,2024-10-06T22:00:00.000Z,2024|review|official,345623,15427,2157,3415,https://i.ytimg.com/vi/1LFrTnWN9Gx/default.jpg,False,False,False,Auto-generated sample description for Music video.
uCQ6gZ30TOs,24.15.09,Why This Entertainment Video Went Viral,Channel_4230,15,2024-09-12T01:00:00.000Z,trending|official|live,33335,1528,194,125,https://i.ytimg.com/vi/eFK225AdGga/default.jpg,False,False,False,Auto-generated sample description for Entertainment video.
z_xx0-XjrII,24.07.08,Official Travel & Events Highlights,Channel_2552,14,2024-08-03T22:00:00.000Z,live|official|review,16182,536,160,269,https://i.ytimg.com/vi/D1cv3c_9O_-/default.jpg,False,False,False,Auto-generated sample description for Travel & Events video.
EIwVDS8N2tg,25.11.01,Music Compilation 2024,Channel_3342,23,2025-01-11T11:00:00.000Z,official|live|2024,59917,3078,360,792,https://i.ytimg.com/vi/CQWPTtfgk_Z/default.jpg,False,False,False,Auto-generated sample description for Music video.
_pP0zc4UrR5,24.01.05,Behind the Scenes: Music,Channel_3759,23,2024-05-01T15:00:00.000Z,2024|vlog|review,3496,227,13,3,https://i.ytimg.com/vi/Wgecv5AmE7r/default.jpg,False,False,False,Auto-generated sample description for Music video.
OR8rVqFHgxk,24.13.02,Official Entertainment Highlights,Channel_4932,15,2024-02-13T16:00:00.000Z,trending|music|2024,42625,823,214,138,https://i.ytimg.com/vi/KA246KG67Ku/default.jpg,False,False,False,Auto-generated sample description for Entertainment video.
nw9EWwnm297,24.23.06,Official Sports Highlights,Channel_244,13,2024-06-21T08:00:00.000Z,trending|2024|vlog,29116,1498,26,33,https://i.ytimg.com/vi/J5Fhqzr7n8T/default.jpg,False,False,False,Auto-generated sample description for Sports video.
zddNSmv4n16,24.14.07,Official Entertainment Highlights,Channel_3182,15,2024-07-12T17:00:00.000Z,music|live|2024,2525436,102102,15083,46531,https://i.ytimg.com/vi/enpmc4zSSv_/default.jpg,False,False,False,Auto-generated sample description for Entertainment video.
aVBAN57InSX,24.20.07,People & Blogs Compilation 2024,Channel_4856,10,2024-07-18T13:00:00.000Z,2024|vlog|trending,8226,619,4,148,https://i.ytimg.com/vi/c3M70qRZ5vF/default.jpg,False,False,False,Auto-generated sample description for People & Blogs video.
m-9khuhA-3H,24.16.12,Official Entertainment Highlights,Channel_1018,15,2024-12-15T06:00:00.000Z,trending|review|official,38099,557,361,482,https://i.ytimg.com/vi/5I8j6zZG-0F/default.jpg,False,False,False,Auto-generated sample description for Entertainment video.
SSiCku-8BkQ,24.17.12,Top 10 People & Blogs Moments This Week,Channel_4390,10,2024-12-16T11:00:00.000Z,music|official|trending,1645,43,8,30,https://i.ytimg.com/vi/aJyZmrnPpXB/default.jpg,False,False,False,Auto-generated sample description for People & Blogs video.
Rjyak_mpP5s,24.15.01,Why This People & Blogs Video Went Viral,Channel_4321,18,2024-01-11T01:00:00.000Z,vlog|live|official,130220,6883,910,1425,https://i.ytimg.com/vi/Eg08LiY-oqE/default.jpg,False,False,False,Auto-generated sample description for People & Blogs video.
_X9_wJz_qNB,24.09.05,Comedy Compilation 2024,Channel_3824,22,2024-05-08T20:00:00.000Z,official|live|vlog,39538,3019,147,432,https://i.ytimg.com/vi/U1E7mc4yzR1/default.jpg,False,False,False,Auto-generated sample description for Comedy video.
sL_jVDSAf65,24.03.08,Top 10 Music Moments This Week,Channel_978,23,2024-07-30T19:00:00.000Z,trending|2024|music,11383,253,17,40,https://i.ytimg.com/vi/WzLO-HD8LpB/default.jpg,False,False,False,Auto-generated sample description for Music video.
0v-C4gjqJ-p,24.21.11,Official Music Highlights,Channel_755,23,2024-11-19T17:00:00.000Z,music|live|trending,763397,36148,6088,1330,https://i.ytimg.com/vi/EBCkku57GGR/default.jpg,False,False,False,Auto-generated sample description for Music video.
WxMtwz-3ZC5,24.14.09,Behind the Scenes: Comedy,Channel_4444,4,2024-09-12T11:00:00.000Z,vlog|live|music,8028,193,32,151,https://i.ytimg.com/vi/Ce219nsA-0G/default.jpg,False,False,False,Auto-generated sample description for Comedy video.
HTNt4FUHm1Y,24.13.05,Official People & Blogs Highlights,Channel_2275,10,2024-05-11T07:00:00.000Z,trending|review|2024,6818,222,9,93,https://i.ytimg.com/vi/mdu3sqNShI8/default.jpg,False,False,False,Auto-generated sample description for People & Blogs video.
sRsVUqisKhs,25.21.01,Top 10 Film & Animation Moments This Week,Channel_4106,16,2025-01-20T07:00:00.000Z,music|official|review,101522,7565,867,2012,https://i.ytimg.com/vi/Gg7ElDzntQ1/default.jpg,False,False,True,Auto-generated sample description for Film & Animation video.
GE1RLVS8ak7,24.04.08,Top 10 People & Blogs Moments This Week,Channel_3865,12,2024-07-31T15:00:00.000Z,trending|official|live,74481,827,740,52,https://i.ytimg.com/vi/7HR_B3IpGrZ/default.jpg,False,True,False,Auto-generated sample description for People & Blogs video.
vdgxkd41FWY,24.29.10,Behind the Scenes: Science & Technology,Channel_10,3,2024-10-26T11:00:00.000Z,live|music|official,12675,656,42,152,https://i.ytimg.com/vi/mbzxunwTrST/default.jpg,False,False,False,Auto-generated sample description for Science & Technology video.
jBQrFFrRO-1,24.09.09,Comedy Compilation 2024,Channel_3174,22,2024-09-05T11:00:00.000Z,vlog|live|music,4850,162,46,33,https://i.ytimg.com/vi/uDTYahhacJY/default.jpg,False,False,False,Auto-generated sample description for Comedy video.
mRh61TuBzO9,24.07.08,Official Entertainment Highlights,Channel_917,15,2024-08-05T09:00:00.000Z,trending|music|2024,34330,1062,298,463,https://i.ytimg.com/vi/OgrgZSmSr5e/default.jpg,False,False,False,Auto-generated sample description for Entertainment video.
271IrIOM-0_,24.09.08,Official Comedy Highlights,Channel_4789,4,2024-08-06T14:00:00.000Z,live|review|official,50167,2858,467,976,https://i.ytimg.com/vi/6tvpErSd_Zm/default.jpg,False,False,False,"Auto-generated sample description for Comedy video.
Second line inside a quoted CSV field."
VCXYnskorB7,24.23.09,Behind the Scenes: Entertainment,Channel_1251,15,2024-09-21T20:00:00.000Z,trending|music|official,6888,386,10,130,https://i.ytimg.com/vi/gtvzR7H6MIp/default.jpg,False,False,False,Auto-generated sample description for Entertainment video.
EESjkTv8buG,24.15.06,Reacting to Music Trends,Channel_2967,23,2024-06-11T17:00:00.000Z,live|trending|official,10883,633,85,22,https://i.ytimg.com/vi/wCLK1DBvljj/default.jpg,False,False,False,Auto-generated sample description for Music video.
sEWCkcnf63t,24.14.01,Top 10 Comedy Moments This Week,Channel_4029,19,2024-01-11T12:00:00.000Z,trending|official|vlog,10561,301,51,51,https://i.ytimg.com/vi/27ovBfj3_NC/default.jpg,False,False,False,Auto-generated sample description for Comedy video.
3ZEv35DVKFt,24.19.11,Behind the Scenes: Gaming,Channel_3077,8,2024-11-15T06:00:00.000Z,official|vlog|2024,23038,826,227,226,https://i.ytimg.com/vi/IpqX1FdR0Cv/default.jpg,False,False,False,Auto-generated sample description for Gaming video.
3LEAOHYl8RR,24.27.06,Entertainment Compilation 2024,Channel_2618,15,2024-06-26T17:00:00.000Z,trending|2024|review,10348,297,69,142,https://i.ytimg.com/vi/gWWWWgXTd9V/default.jpg,False,False,False,Auto-generated sample description for Entertainment video.
yIjfj7SaJV1,24.26.02,Reacting to Music Trends,Channel_3428,23,2024-02-26T22:00:00.000Z,music|live|official,315669,25035,693,1067,https://i.ytimg.com/vi/2xydtRPV9l9/default.jpg,False,False,False,Auto-generated sample description for Music video.
J06N6htA7UZ,24.19.01,Reacting to Comedy Trends,Channel_882,4,2024-01-16T14:00:00.000Z,trending|music|official,17279,1091,95,339,https://i.ytimg.com/vi/xJHZqMl2_I7/default.jpg,False,False,False,Auto-generated sample description for Comedy video.
XfHzorinpMV,24.09.02,Official Comedy Highlights,Channel_3469,19,2024-02-05T02:00:00.000Z,music|trending|2024,34984,2552,201,185,https://i.ytimg.com/vi/2FGJc0ewN8q/default.jpg,False,False,False,Auto-generated sample description for Comedy video.
ck5wxzhTSCu,24.29.11,Howto & Style Compilation 2024,Channel_4068,21,2024-11-29T02:00:00.000Z,vlog|2024|review,9366,688,15,184,https://i.ytimg.com/vi/eTVgA7ljWsN/default.jpg,False,False,False,Auto-generated sample description for Howto & Style video.
RzI9T4GLPjh,25.02.01,Official Autos & Vehicles Highlights,Channel_2922,20,2024-12-29T17:00:00.000Z,trending|review|official,20776,321,62,334,https://i.ytimg.com/vi/RUSGQ1rBwi6/default.jpg,False,False,False,Auto-generated sample description for Autos & Vehicles video.
XGyS8j0j_bs,24.02.10,Behind the Scenes: Gaming,Channel_3865,8,2024-09-28T13:00:00.000Z,review|live|2024,2721,175,10,43,https://i.ytimg.com/vi/rhrGTRK38w3/default.jpg,False,False,False,Auto-generated sample description for Gaming video.
m5U_uBgYir0,24.13.05,Behind the Scenes: Music,Channel_2313,23,2024-05-12T22:00:00.000Z,official|2024|review,10028,534,53,55,https://i.ytimg.com/vi/Ul7B8rFKrDs/default.jpg,False,False,False,Auto-generated sample description for Music video.
Wz90t8JtOJz,24.05.02,Sports Compilation 2024,Channel_2012,13,2024-02-02T08:00:00.000Z,vlog|official|trending,4789,237,42,73,https://i.ytimg.com/vi/oiSaGJ-2Xu9/default.jpg,False,False,False,Auto-generated sample description for Sports video.
sxo0DC_UyZk,25.05.02,Why This Comedy Video Went Viral,Channel_1668,4,2025-02-02T21:00:00.000Z,live|2024|trending,8436,381,29,14,https://i.ytimg.com/vi/VB82tLglIov/default.jpg,False,False,False,Auto-generated sample description for Comedy video.
GylxZNvul6G,24.21.01,Why This Comedy Video Went Viral,Channel_2170,4,2024-01-18T03:00:00.000Z,official|trending|vlog,154958,12272,1006,2996,https://i.ytimg.com/vi/Y9BqmnroYi7/default.jpg,False,False,False,Auto-generated sample description for Comedy video.
x7orrbMHW-S,25.07.02,Official Entertainment Highlights,Channel_3992,15,2025-02-03T18:00:00.000Z,official|music|review,17493,390,61,209,https://i.ytimg.com/vi/ZjrqG_nJkjZ/default.jpg,False,False,False,Auto-generated sample description for Entertainment video.
NRfY_3kNZom,24.12.10,Comedy Compilation 2024,Channel_3786,4,2024-10-10T13:00:00.000Z,2024|vlog|trending,61569,4397,327,179,https://i.ytimg.com/vi/WAkodz6yRt6/default.jpg,False,False,False,Auto-generated sample description for Comedy video.
TaH6GJrHyD4,25.06.01,Top 10 Comedy Moments This Week,Channel_4785,22,2025-01-06T08:00:00.000Z,music|vlog|review,18324,1189,151,139,https://i.ytimg.com/vi/-pA1Ooh3nAQ/default.jpg,False,False,False,Auto-generated sample description for Comedy video.
J7oa8uETQPp,24.18.11,Official Music Highlights,Channel_3718,23,2024-11-14T12:00:00.000Z,live|official|vlog,67085,2993,84,973,https://i.ytimg.com/vi/V6av_xsoN6W/default.jpg,False,False,False,Auto-generated sample description for Music video.
JwbzmfK2p4S,24.23.09,Behind the Scenes: Science & Technology,Channel_1458,3,2024-09-20T09:00:00.000Z,2024|official|trending,1596,65,2,7,https://i.ytimg.com/vi/B5OrpYX6t4o/default.jpg,False,False,False,Auto-generated sample description for Science & Technology video.
kN2FShbU9j3,24.03.06,Top 10 Music Moments This Week,Channel_1952,23,2024-05-31T18:00:00.000Z,vlog|trending|live,73077,3827,146,443,https://i.ytimg.com/vi/vljXvIAcmlg/default.jpg,False,False,False,Auto-generated sample description for Music video.
AeXWZRR_RmH,24.21.03,Reacting to Music Trends,Channel_1086,23,2024-03-21T03:00:00.000Z,live|trending|music,53303,3040,281,67,https://i.ytimg.com/vi/NcbZZ0ErqUo/default.jpg,False,True,False,Auto-generated sample description for Music video.
9_HThUGTvtq,24.20.02,Why This Comedy Video Went Viral,Channel_4697,4,2024-02-19T06:00:00.000Z,trending|vlog|2024,69410,4521,110,185,https://i.ytimg.com/vi/7NusbUSv-8S/default.jpg,False,False,False,Auto-generated sample description for Comedy video.
-Dt8vlMhxt3,24.26.03,Behind the Scenes: Howto & Style,Channel_258,21,2024-03-25T11:00:00.000Z,trending|music|official,7294,214,72,51,https://i.ytimg.com/vi/YFPQcY22OKf/default.jpg,False,False,False,Auto-generated sample description for Howto & Style video.
dQ8opDv4vDO,24.14.10,Education Compilation 2024,Channel_3372,24,2024-10-12T04:00:00.000Z,live|vlog|official,1115,42,10,20,https://i.ytimg.com/vi/6BxiWKKSYPP/default.jpg,False,False,False,Auto-generated sample description for Education video.
A7nJfwe-ow9,24.10.05,Music Compilation 2024,Channel_4066,23,2024-05-09T11:00:00.000Z,music|trending|review,184418,12149,143,2474,https://i.ytimg.com/vi/hm2GXfsrov4/default.jpg,False,False,False,Auto-generated sample description for Music video.
UwFw-3_EAfu,24.20.01,Top 10 Entertainment Moments This Week,Channel_4652,15,2024-01-18T19:00:00.000Z,live|music|trending,2456,140,15,12,https://i.ytimg.com/vi/LRllkZdWqo3/default.jpg,False,False,False,Auto-generated sample description for Entertainment video.
jCxPwNMSAn_,24.09.01,Top 10 Music Moments This Week,Channel_3497,23,2024-01-07T12:00:00.000Z,trending|live|music,381051,16840,2431,4849,https://i.ytimg.com/vi/SQ0-lrbjxHN/default.jpg,False,False,False,Auto-generated sample description for Music video.
yWid-yiOtEG,24.18.11,Behind the Scenes: Autos & Vehicles,Channel_4876,20,2024-11-17T19:00:00.000Z,review|live|2024,78363,4875,214,122,https://i.ytimg.com/vi/r0VmpyxbQPB/default.jpg,False,False,False,Auto-generated sample description for Autos & Vehicles video.
gHw7YKszy0A,24.13.11,Behind the Scenes: Sports,Channel_33,13,2024-11-12T09:00:00.000Z,review|trending|music,27032,279,198,258,https://i.ytimg.com/vi/M7wdbfkrU6D/default.jpg,False,False,False,Auto-generated sample description for Sports video.
DBe1XQqT08c,24.28.08,Why This People & Blogs Video Went Viral,Channel_3051,10,2024-08-26T00:00:00.000Z,live|official|review,2836,36,6,24,https://i.ytimg.com/vi/OFUZRhr29kO/default.jpg,False,False,False,Auto-generated sample description for People & Blogs video.
IaLGu9kifz9,24.09.08,Behind the Scenes: Entertainment,Channel_511,15,2024-08-09T10:00:00.000Z,trending|2024|review,44639,2414,406,406,https://i.ytimg.com/vi/eHi0U26zU3M/default.jpg,False,False,False,Auto-generated sample description for Entertainment video.
rPEeRBxoTXz,24.06.07,Entertainment Compilation 2024,Channel_236,15,2024-07-06T15:00:00.000Z,review|official|music,80614,5801,661,1529,https://i.ytimg.com/vi/qKSk9kMJOqE/default.jpg,False,False,False,Auto-generated sample description for Entertainment video.
bneVwqx4PzJ,24.25.08,Behind the Scenes: Sports,Channel_2663,13,2024-08-22T21:00:00.000Z,review|trending|2024,460926,23340,1376,7469,https://i.ytimg.com/vi/T17NNBZAuxP/default.jpg,False,False,False,Auto-generated sample description for Sports video.
9p_CqqYV9kk,24.16.02,Why This Gaming Video Went Viral,Channel_641,8,2024-02-12T01:00:00.000Z,trending|2024|live,12421,599,67,189,https://i.ytimg.com/vi/L_67NtWO7ND/default.jpg,False,False,False,Auto-generated sample description for Gaming video.
ojGxFhiD5sW,24.28.12,Official Music Highlights,Channel_1916,23,2024-12-26T02:00:00.000Z,vlog|official|2024,26949,2072,29,154,https://i.ytimg.com/vi/zp5axFZ-F2C/default.jpg,False,False,False,Auto-generated sample description for Music video.
ecn6IQzFqtl,24.31.07,Behind the Scenes: Autos & Vehicles,Channel_3881,20,2024-07-28T02:00:00.000Z,review|official|music,58142,4162,315,358,https://i.ytimg.com/vi/tsFjZIFdCTh/default.jpg,False,False,False,Auto-generated sample description for Autos & Vehicles video.
gShxPFivbNK,24.29.01,Sports Compilation 2024,Channel_4670,13,2024-01-27T21:00:00.000Z,2024|trending|official,67574,3517,314,421,https://i.ytimg.com/vi/QFYYRHTPvib/default.jpg,False,False,False,Auto-generated sample description for Sports video.
3EM9iCxQeYd,24.10.02,Behind the Scenes: Science & Technology,Channel_877,11,2024-02-08T13:00:00.000Z,music|trending|vlog,79597,2889,786,1275,https://i.ytimg.com/vi/NPw91lbwHt9/default.jpg,False,False,False,Auto-generated sample description for Science & Technology video.
IBPcHoLSDYz,24.23.07,Official News & Politics Highlights,Channel_4498,6,2024-07-20T08:00:00.000Z,official|trending|live,16518,1318,125,286,https://i.ytimg.com/vi/JEJ7C-qO54z/default.jpg,True,False,False,Auto-generated sample description for News & Politics video.
fhXENuR884u,24.27.03,News & Politics Compilation 2024,Channel_1471,6,2024-03-27T20:00:00.000Z,official|vlog|2024,106174,2752,560,288,https://i.ytimg.com/vi/1tq_uJlrMPU/default.jpg,False,False,False,Auto-generated sample description for News & Politics video.
ehv0Sta_e96,24.09.11,Official People & Blogs Highlights,Channel_4266,18,2024-11-08T18:00:00.000Z,trending|music|official,13314,480,90,242,https://i.ytimg.com/vi/Ovs6AUYsQTl/default.jpg,False,False,False,Auto-generated sample description for People & Blogs video.
7h-DAmltlnc,24.24.10,Official News & Politics Highlights,Channel_4591,5,2024-10-23T05:00:00.000Z,review|music|vlog,592,36,4,9,https://i.ytimg.com/vi/DfUsb1yR_rI/default.jpg,False,False,False,Auto-generated sample description for News & Politics video.
dwl54wh6KM9,25.05.01,Top 10 Music Moments This Week,Channel_1147,23,2025-01-04T19:00:00.000Z,2024|review|official,143935,7019,1103,1753,https://i.ytimg.com/vi/Fio8xvD5Ppr/default.jpg,False,False,False,Auto-generated sample description for Music video.
5bGPSz_9tWn,24.12.05,Behind the Scenes: People & Blogs,Channel_3546,12,2024-05-09T06:00:00.000Z,trending|2024|music,12618,391,59,215,https://i.ytimg.com/vi/Z5_SHpkL_Yv/default.jpg,False,False,False,Auto-generated sample description for People & Blogs video.
lZo9kaw43Fb,24.29.10,Behind the Scenes: Science & Technology,Channel_413,3,2024-10-26T12:00:00.000Z,music|vlog|official,442,26,2,3,https://i.ytimg.com/vi/-CbLTsykmzG/default.jpg,False,False,False,Auto-generated sample description for Science & Technology video.
0-WWOMshZWY,24.07.11,Why This Music Video Went Viral,Channel_2820,23,2024-11-07T14:00:00.000Z,review|music|2024,2740,216,22,4,https://i.ytimg.com/vi/e_zoiNIujdu/default.jpg,False,False,False,Auto-generated sample description for Music video.
8KNAWlCPzPq,24.08.08,Why This Entertainment Video Went Viral,Channel_106,15,2024-08-04T09:00:00.000Z,2024|trending|official,5311,332,12,47,https://i.ytimg.com/vi/AlzQrGZxI4f/default.jpg,False,False,False,Auto-generated sample description for Entertainment video.
zE2_5mcxqbY,24.03.08,Behind the Scenes: Travel & Events,Channel_2986,14,2024-08-03T03:00:00.000Z,trending|vlog|live,22785,1458,179,210,https://i.ytimg.com/vi/Ui8KnIVUvTy/default.jpg,False,False,False,Auto-generated sample description for Travel & Events video.
mmOrC0nE-4O,24.27.01,Top 10 News & Politics Moments This Week,Channel_2443,6,2024-01-23T08:00:00.000Z,live|official|vlog,21913,563,178,274,https://i.ytimg.com/vi/ksTFWS2Izyo/default.jpg,False,False,False,Auto-generated sample description for News & Politics video.
sh_9hzUJa3F,24.30.06,Why This Comedy Video Went Viral,Channel_799,19,2024-06-28T11:00:00.000Z,2024|music|trending,7875,475,10,146,https://i.ytimg.com/vi/NlGUGygz3h2/default.jpg,False,False,False,Auto-generated sample description for Comedy video.
Ih-XZ_FeLb5,24.20.03,Behind the Scenes: Entertainment,Channel_1449,15,2024-03-16T14:00:00.000Z,official|live|vlog,4895,297,3,17,https://i.ytimg.com/vi/ZpZa2zhwUEX/default.jpg,False,False,False,Auto-generated sample description for Entertainment video.
KhXADK32in-,24.27.02,Why This Music Video Went Viral,Channel_2959,23,2024-02-27T08:00:00.000Z,live|trending|2024,6850,477,56,13,https://i.ytimg.com/vi/Z750MKADlvO/default.jpg,False,False,False,Auto-generated sample description for Music video.
C8YvxKpNjng,24.30.04,Top 10 People & Blogs Moments This Week,Channel_2576,18,2024-04-27T20:00:00.000Z,music|2024|trending,8584,388,37,125,https://i.ytimg.com/vi/Py4BEPaxb39/default.jpg,False,False,False,Auto-generated sample description for People & Blogs video.
6nG1X-W8kMF,24.27.06,Behind the Scenes: Music,Channel_3256,23,2024-06-23T20:00:00.000Z,official|trending|vlog,357461,17083,1059,7044,https://i.ytimg.com/vi/89zitIWV-1e/default.jpg,False,False,False,Auto-generated sample description for Music video.
0cuUWl32Mbk,25.19.01,People & Blogs Compilation 2024,Channel_2188,18,2025-01-15T10:00:00.000Z,trending|review|music,12513,764,74,28,https://i.ytimg.com/vi/foCdx9Czuh2/default.jpg,False,False,False,Auto-generated sample description for People & Blogs video.
29hylq0kFsp,24.08.03,Why This Comedy Video Went Viral,Channel_4056,22,2024-03-08T16:00:00.000Z,vlog|official|live,43435,754,193,187,https://i.ytimg.com/vi/SxMC2yxsvj9/default.jpg,False,False,False,Auto-generated sample description for Comedy video.
6bI9IiuWIq4,24.05.02,Behind the Scenes: Comedy,Channel_3704,19,2024-02-04T13:00:00.000Z,music|official|live,7129,295,36,45,https://i.ytimg.com/vi/s1X17ho1Xnm/default.jpg,False,False,False,Auto-generated sample description for Comedy video.
H6knTq0YSyz,24.04.11,Official Entertainment Highlights,Channel_3215,15,2024-11-03T00:00:00.000Z,review|2024|vlog,143647,6078,492,743,https://i.ytimg.com/vi/CPKG8QT2rPH/default.jpg,False,False,False,Auto-generated sample description for Entertainment video.
QOj37-fciIJ,24.29.10,Why This Comedy Video Went Viral,Channel_3525,19,2024-10-27T11:00:00.000Z,official|vlog|trending,9877,427,93,167,https://i.ytimg.com/vi/eCVZ42ojS1K/default.jpg,False,False,False,Auto-generated sample description for Comedy video.
xTyYop4FpGD,24.01.09,Official Comedy Highlights,Channel_287,19,2024-08-30T17:00:00.000Z,vlog|live|music,8340,563,38,56,https://i.ytimg.com/vi/ZjB2pqG6mF_/default.jpg,False,False,False,Auto-generated sample description for Comedy video.
erMEtGaReIl,24.29.06,Official Nonprofits & Activism Highlights,Channel_2044,2,2024-06-25T21:00:00.000Z,review|trending|music,3732,278,5,72,https://i.ytimg.com/vi/jkD87tJi5Gx/default.jpg,False,False,False,Auto-generated sample description for Nonprofits & Activism video.
RognaqioCzI,24.22.05,Official Comedy Highlights,Channel_3690,19,2024-05-22T14:00:00.000Z,trending|music|official,29915,1974,40,63,https://i.ytimg.com/vi/w2YFw-OyH8P/default.jpg,False,False,False,Auto-generated sample description for Comedy video.
_53FuE32Mw6,24.31.07,Reacting to People & Blogs Trends,Channel_2138,12,2024-07-30T03:00:00.000Z,vlog|live|review,13989,1095,121,70,https://i.ytimg.com/vi/JNl4SA297UC/default.jpg,False,False,False,Auto-generated sample description for People & Blogs video.
-DQih4htL-V,24.02.06,Film & Animation Compilation 2024,Channel_3910,16,2024-06-02T10:00:00.000Z,review|vlog|music,29855,2383,83,138,https://i.ytimg.com/vi/89exiH9HUOe/default.jpg,False,False,False,Auto-generated sample description for Film & Animation video.
J5CpIQ4PKyl,24.29.10,News & Politics Compilation 2024,Channel_459,6,2024-10-27T12:00:00.000Z,2024|review|trending,6497,258,17,110,https://i.ytimg.com/vi/zX-2cY26qWE/default.jpg,False,False,False,Auto-generated sample description for News & Politics video.
ecSICiW4aIg,25.08.01,Why This Science & Technology Video Went Viral,Channel_4610,3,2025-01-04T03:00:00.000Z,live|review|vlog,1930,41,17,2,https://i.ytimg.com/vi/Gg331cZGfWH/default.jpg,False,False,False,Auto-generated sample description for Science & Technology video.
zbaAzny8V6g,24.07.11,Science & Technology Compilation 2024,Channel_3708,3,2024-11-05T02:00:00.000Z,2024|review|vlog,6482,434,39,5,https://i.ytimg.com/vi/TEoAls-UQt2/default.jpg,False,False,False,Auto-generated sample description for Science & Technology video.
0poATPIDKhP,24.02.11,Why This Gaming Video Went Viral,Channel_645,8,2024-10-30T21:00:00.000Z,2024|vlog|live,1407,88,12,13,https://i.ytimg.com/vi/PUhj_Z-9t6C/default.jpg,False,False,False,Auto-generated sample description for Gaming video.
BTEPrPhgd3y,24.11.04,Official Science & Technology Highlights,Channel_4311,3,2024-04-08T18:00:00.000Z,music|review|trending,2220,94,5,20,https://i.ytimg.com/vi/ZFzjZXSC5BO/default.jpg,False,False,False,"Auto-generated sample description for Science & Technology video.
Second line inside a quoted CSV field."
Q8zapxMJpuE,24.06.08,Why This Howto & Style Video Went Viral,Channel_4365,7,2024-08-04T21:00:00.000Z,live|review|vlog,10381,183,5,164,https://i.ytimg.com/vi/L7kSPpOlRuU/default.jpg,False,False,False,Auto-generated sample description for Howto & Style video.
ll0dqpC2Yin,24.05.10,Reacting to Gaming Trends,Channel_4450,17,2024-10-04T04:00:00.000Z,live|trending|official,2663,156,19,4,https://i.ytimg.com/vi/_Ps-msbJuKc/default.jpg,False,False,False,Auto-generated sample description for Gaming video.
2NMDA8zdgee,24.15.11,Entertainment Compilation 2024,Channel_1426,15,2024-11-13T17:00:00.000Z,trending|review|music,50086,2700,373,250,https://i.ytimg.com/vi/CgHmbJgXDBo/default.jpg,False,False,False,Auto-generated sample description for Entertainment video.
nZLWjjOTBe1,24.25.11,Music Compilation 2024,Channel_2057,23,2024-11-23T01:00:00.000Z,2024|live|music,14622,433,30,280,https://i.ytimg.com/vi/LRtz2qnby0j/default.jpg,False,False,False,Auto-generated sample description for Music video.
q3Cu1xD91AI,24.01.04,Why This Music Video Went Viral,Channel_4616,23,2024-03-30T07:00:00.000Z,2024|live|review,72162,883,257,215,https://i.ytimg.com/vi/AVAQqv66He-/default.jpg,False,False,False,Auto-generated sample description for Music video.
0ONTvOIKRi5,24.16.06,Gaming Compilation 2024,Channel_2434,8,2024-06-16T22:00:00.000Z,live|official|trending,638,29,2,6,https://i.ytimg.com/vi/Ex9EG81jahO/default.jpg,False,False,False,Auto-generated sample description for Gaming video.
f1e6oBl7tSg,24.01.11,Top 10 Entertainment Moments This Week,Channel_8,15,2024-10-30T22:00:00.000Z,trending|live|music,7909,186,32,88,https://i.ytimg.com/vi/ZLXcqz0U-0e/default.jpg,False,False,False,Auto-generated sample description for Entertainment video.
Bk318QaMM1I,24.06.12,Reacting to Entertainment Trends,Channel_1716,15,2024-12-04T09:00:00.000Z,vlog|music|2024,31709,2074,82,329,https://i.ytimg.com/vi/_xg7gxu6CfQ/default.jpg,False,False,False,Auto-generated sample description for Entertainment video.
dKRjeUB-N2f,24.15.05,Official Entertainment Highlights,Channel_3072,15,2024-05-14T11:00:00.000Z,review|official|live,256349,3567,2530,1022,https://i.ytimg.com/vi/Uj3gSSc-8HD/default.jpg,False,False,False,Auto-generated sample description for Entertainment video.
mkLBQfv2Tt9,24.19.11,Behind the Scenes: Entertainment,Channel_289,15,2024-11-15T07:00:00.000Z,official|trending|2024,342044,8135,1774,3097,https://i.ytimg.com/vi/Ca54-ognFfV/default.jpg,False,False,False,Auto-generated sample description for Entertainment video.
0XtjAwzpZUk,24.10.05,Why This Comedy Video Went Viral,Channel_1083,19,2024-05-06T09:00:00.000Z,vlog|official|live,36677,1217,349,619,https://i.ytimg.com/vi/sJutNb2LQAD/default.jpg,False,False,False,Auto-generated sample description for Comedy video.
Hn7zQ5nxVAE,24.17.08,Top 10 Comedy Moments This Week,Channel_1656,19,2024-08-13T11:00:00.000Z,review|music|trending,64463,1974,357,1074,https://i.ytimg.com/vi/SpumQI4-f4N/default.jpg,False,False,False,Auto-generated sample description for Comedy video.
WnIBOWFidtE,24.07.08,Top 10 Entertainment Moments This Week,Channel_581,15,2024-08-05T06:00:00.000Z,music|review|official,188331,12167,321,2785,https://i.ytimg.com/vi/bxL1lmMk0BT/default.jpg,False,False,False,Auto-generated sample description for Entertainment video.
IlKS6K9ESS6,24.12.09,Behind the Scenes: Autos & Vehicles,Channel_2617,20,2024-09-10T15:00:00.000Z,2024|review|vlog,9317,401,5,14,https://i.ytimg.com/vi/jXCMI_65Ezk/default.jpg,False,False,False,Auto-generated sample description for Autos & Vehicles video.
VFhLPz7g_I_,24.16.06,Official Sports Highlights,Channel_1741,13,2024-06-12T12:00:00.000Z,music|official|live,7201,432,24,13,https://i.ytimg.com/vi/0t0kqv7De4V/default.jpg,False,False,False,Auto-generated sample description for Sports video.
4NpHp_NPdmm,25.22.01,Reacting to Music Trends,Channel_2729,23,2025-01-18T07:00:00.000Z,trending|official|review,5229,128,43,32,https://i.ytimg.com/vi/FjV9j4OlZIG/default.jpg,False,False,False,Auto-generated sample description for Music video.
Gz7Wukc-HTN,24.17.10,Top 10 Music Moments This Week,Channel_363,23,2024-10-15T07:00:00.000Z,trending|vlog|official,43749,3083,38,746,https://i.ytimg.com/vi/pDQnbJ-4p38/default.jpg,False,False,False,Auto-generated sample description for Music video.
wCxIlTlEKfk,24.17.09,Sports Compilation 2024,Channel_2246,13,2024-09-15T04:00:00.000Z,trending|vlog|2024,11086,843,87,98,https://i.ytimg.com/vi/nA3HjqPIpRc/default.jpg,False,False,False,Auto-generated sample description for Sports video.
8z8WOn5ATrU,24.01.06,Top 10 Comedy Moments This Week,Channel_3769,22,2024-06-01T17:00:00.000Z,review|official|2024,35199,1846,279,367,https://i.ytimg.com/vi/bJWQ5l6C46i/default.jpg,False,False,False,Auto-generated sample description for Comedy video.
DaYakwcyv2A,24.27.07,Why This Music Video Went Viral,Channel_2562,23,2024-07-23T11:00:00.000Z,review|vlog|live,133565,10202,1183,2369,https://i.ytimg.com/vi/vQ-_brrisHG/default.jpg,False,False,False,Auto-generated sample description for Music video.
2oWWIRNAd9J,24.06.08,Official Entertainment Highlights,Channel_1765,15,2024-08-04T19:00:00.000Z,trending|review|music,90358,6279,217,1594,https://i.ytimg.com/vi/LTHqs8HAG9Z/default.jpg,False,False,False,Auto-generated sample description for Entertainment video.
4pEYfyqi32t,24.09.02,Reacting to Comedy Trends,Channel_1060,4,2024-02-06T13:00:00.000Z,vlog|official|music,7578,567,33,36,https://i.ytimg.com/vi/WVZ8z2bP3ib/default.jpg,False,False,False,Auto-generated sample description for Comedy video.
2sACCFisN19,24.05.10,Comedy Compilation 2024,Channel_4085,22,2024-10-05T02:00:00.000Z,2024|vlog|live,45626,574,34,819,https://i.ytimg.com/vi/4caMAJVpVWn/default.jpg,False,False,False,Auto-generated sample description for Comedy video.
JyvdytQB1nN,24.14.09,Why This Entertainment Video Went Viral,Channel_1823,15,2024-09-13T19:00:00.000Z,review|trending|music,24191,1608,178,313,https://i.ytimg.com/vi/SjPQx59CLhK/default.jpg,False,False,False,Auto-generated sample description for Entertainment video.
FwwDv01eWYz,24.06.08,Reacting to People & Blogs Trends,Channel_673,10,2024-08-06T18:00:00.000Z,official|live|2024,2599,103,25,29,https://i.ytimg.com/vi/m4406K3Xvey/default.jpg,False,False,False,Auto-generated sample description for People & Blogs video.
-VSggG80t0r,24.02.07,Why This People & Blogs Video Went Viral,Channel_3676,18,2024-06-29T20:00:00.000Z,trending|review|2024,18491,1015,182,64,https://i.ytimg.com/vi/0pWsZjsia5n/default.jpg,False,False,False,Auto-generated sample description for People & Blogs video.
YPWcuv2DJ8n,24.15.04,Why This Entertainment Video Went Viral,Channel_935,15,2024-04-12T18:00:00.000Z,vlog|music|live,728356,20392,1659,5679,https://i.ytimg.com/vi/YFk_43xXamD/default.jpg,False,False,False,Auto-generated sample description for Entertainment video.
6c9hiHUb0Ua,24.07.03,Why This Comedy Video Went Viral,Channel_3235,4,2024-03-06T03:00:00.000Z,review|trending|official,7389,162,25,114,https://i.ytimg.com/vi/8QVOwW33YGi/default.jpg,False,False,False,Auto-generated sample description for Comedy video.
ig6JSj7IAjd,24.25.01,Why This Music Video Went Viral,Channel_364,23,2024-01-23T13:00:00.000Z,review|music|trending,157410,2443,546,2766,https://i.ytimg.com/vi/QZAMHQCtul_/default.jpg,False,False,False,Auto-generated sample description for Music video.
Z0m-U3ykA0J,24.25.07,Top 10 Science & Technology Moments This Week,Channel_4751,11,2024-07-23T22:00:00.000Z,2024|vlog|live,6566,298,4,9,https://i.ytimg.com/vi/n_WHgyDs7q4/default.jpg,False,False,False,Auto-generated sample description for Science & Technology video.
GQK4i2ZTSsf,24.22.07,Behind the Scenes: Entertainment,Channel_3227,15,2024-07-20T20:00:00.000Z,live|music|2024,11892,936,93,184,https://i.ytimg.com/vi/W3Irj5dbgmJ/default.jpg,False,False,False,Auto-generated sample description for Entertainment video.
idn0EYeva0q,25.31.01,Behind the Scenes: Comedy,Channel_3462,19,2025-01-30T13:00:00.000Z,trending|vlog|2024,7963,518,34,152,https://i.ytimg.com/vi/gGJa_S5h3oV/default.jpg,False,False,False,Auto-generated sample description for Comedy video.
B5lOmLicxXP,24.18.11,Top 10 News & Politics Moments This Week,Channel_2966,6,2024-11-18T22:00:00.000Z,2024|official|review,14609,475,87,32,https://i.ytimg.com/vi/e4vzHMgG9BI/default.jpg,True,False,False,Auto-generated sample description for News & Politics video.
R6RAHZzKziV,24.07.06,Top 10 Comedy Moments This Week,Channel_85,22,2024-06-05T19:00:00.000Z,review|trending|live,1786,125,2,9,https://i.ytimg.com/vi/UgqrQl1vkY6/default.jpg,False,False,False,Auto-generated sample description for Comedy video.
ZJjagjrDHIv,24.12.09,Official Comedy Highlights,Channel_3986,19,2024-09-09T00:00:00.000Z,vlog|live|music,13924,389,68,17,https://i.ytimg.com/vi/cB-caRA__Oi/default.jpg,False,False,False,Auto-generated sample description for Comedy video.
KhWJ-738hBs,24.08.11,Reacting to Entertainment Trends,Channel_1801,15,2024-11-08T11:00:00.000Z,vlog|trending|official,219916,15521,439,2694,https://i.ytimg.com/vi/oPbcbmUXATI/default.jpg,False,False,False,Auto-generated sample description for Entertainment video.
F2PPOvDW1w0,24.03.12,Reacting to Entertainment Trends,Channel_2126,15,2024-11-29T16:00:00.000Z,live|2024|vlog,99207,5199,518,1847,https://i.ytimg.com/vi/jO6D_fy9rYr/default.jpg,False,False,False,Auto-generated sample description for Entertainment video.
jIN5N7XEsQ8,24.24.05,Top 10 Music Moments This Week,Channel_3102,23,2024-05-24T21:00:00.000Z,music|official|vlog,118570,1952,146,1945,https://i.ytimg.com/vi/drTtqfDeatR/default.jpg,False,False,False,Auto-generated sample description for Music video.
K4msHM99_w3,24.12.02,Behind the Scenes: Music,Channel_2934,23,2024-02-09T08:00:00.000Z,2024|official|vlog,6769,434,57,117,https://i.ytimg.com/vi/bTrJEbMLFMt/default.jpg,False,False,False,Auto-generated sample description for Music video.
KfTFFnVLF-x,24.29.10,Reacting to News & Politics Trends,Channel_3481,6,2024-10-25T02:00:00.000Z,vlog|live|official,3102,82,19,10,https://i.ytimg.com/vi/MRyQxlLS6Q9/default.jpg,False,False,False,Auto-generated sample description for News & Politics video.
KKgjnKywgOI,24.14.04,Behind the Scenes: Entertainment,Channel_4209,15,2024-04-11T13:00:00.000Z,music|live|2024,301452,17476,2376,1667,https://i.ytimg.com/vi/vn-4NMjSgUZ/default.jpg,False,False,False,Auto-generated sample description for Entertainment video.
g8GQxW6UQKs,24.11.03,Top 10 Entertainment Moments This Week,Channel_4437,15,2024-03-07T13:00:00.000Z,live|trending|review,118101,5978,254,2187,https://i.ytimg.com/vi/N-xcl7u_USr/default.jpg,False,False,False,Auto-generated sample description for Entertainment video.
XxD5LnknxnF,24.16.05,Behind the Scenes: Music,Channel_2608,23,2024-05-14T16:00:00.000Z,review|music|vlog,25590,556,70,313,https://i.ytimg.com/vi/Z8z4H_3wvfw/default.jpg,False,False,False,Auto-generated sample description for Music video.
DI4QIA7Jaq-,24.28.05,Reacting to Music Trends,Channel_4460,23,2024-05-27T02:00:00.000Z,review|music|2024,34996,1356,247,553,https://i.ytimg.com/vi/qcsv4RmURTt/default.jpg,False,False,False,Auto-generated sample description for Music video.
nGuMZ3A9meZ,24.31.07,Why This Entertainment Video Went Viral,Channel_737,15,2024-07-30T20:00:00.000Z,live|official|trending,46087,2912,408,887,https://i.ytimg.com/vi/UXjipnrj5Is/default.jpg,False,False,False,Auto-generated sample description for Entertainment video.
rAG2YcDadpE,24.28.04,Official Music Highlights,Channel_4054,23,2024-04-24T20:00:00.000Z,music|trending|2024,17101,816,133,266,https://i.ytimg.com/vi/lhD1AjCH5tn/default.jpg,False,False,False,Auto-generated sample description for Music video.
_o9kOXeW8oJ,24.22.09,Behind the Scenes: Entertainment,Channel_4295,15,2024-09-18T09:00:00.000Z,music|official|live,336190,14131,3321,5313,https://i.ytimg.com/vi/xend8DUTzjd/default.jpg,False,False,False,Auto-generated sample description for Entertainment video.
o0MeGWE0Qcu,24.15.09,Behind the Scenes: People & Blogs,Channel_54,12,2024-09-13T07:00:00.000Z,live|music|vlog,8931,455,89,47,https://i.ytimg.com/vi/1bhoZXX3RhU/default.jpg,False,False,False,Auto-generated sample description for People & Blogs video.
lgeItUYOUmF,24.17.01,People & Blogs Compilation 2024,Channel_3970,18,2024-01-16T16:00:00.000Z,review|live|2024,4457,148,18,7,https://i.ytimg.com/vi/PGTkKDasyKS/default.jpg,False,False,False,Auto-generated sample description for People & Blogs video.
Z2vn08OTQ51,25.14.01,Official Entertainment Highlights,Channel_2704,15,2025-01-13T13:00:00.000Z,trending|2024|review,29626,465,69,42,https://i.ytimg.com/vi/o5XBbtXJeqm/default.jpg,False,False,False,Auto-generated sample description for Entertainment video.
eZIQ2Dl-o8w,24.25.02,Top 10 People & Blogs Moments This Week,Channel_2848,18,2024-02-22T03:00:00.000Z,music|trending|2024,21146,378,151,410,https://i.ytimg.com/vi/cVXhQcQTmM6/default.jpg,False,False,False,Auto-generated sample description for People & Blogs video.
RBfoUIhqmhG,24.28.03,Official Entertainment Highlights,Channel_895,15,2024-03-28T18:00:00.000Z,review|music|trending,67734,1275,465,850,https://i.ytimg.com/vi/7vzYuOMeLcz/default.jpg,False,False,False,Auto-generated sample description for Entertainment video.
ebw4xzVZQZ1,24.05.10,Why This Music Video Went Viral,Channel_2430,23,2024-10-01T14:00:00.000Z,vlog|trending|2024,156140,9637,988,1905,https://i.ytimg.com/vi/rhqWBWRfbbG/default.jpg,False,False,False,Auto-generated sample description for Music video.
Ni1Sok3zzn7,24.01.11,Top 10 Music Moments This Week,Channel_1855,23,2024-10-30T06:00:00.000Z,music|vlog|trending,10076,383,78,55,https://i.ytimg.com/vi/ZE9_4gMxSpR/default.jpg,False,False,False,Auto-generated sample description for Music video.
1LV_NoNPn-B,24.22.11,People & Blogs Compilation 2024,Channel_2983,12,2024-11-20T22:00:00.000Z,music|official|trending,93905,5064,123,864,https://i.ytimg.com/vi/SKELRwbtnFL/default.jpg,False,False,False,Auto-generated sample description for People & Blogs video.
Exhx7BPDGpn,24.13.12,Entertainment Compilation 2024,Channel_1928,15,2024-12-11T12:00:00.000Z,review|2024|music,339475,12096,1749,655,https://i.ytimg.com/vi/7NU-RXwP8Iy/default.jpg,False,False,False,Auto-generated sample description for Entertainment video.
ihQy2c-KyEe,24.20.05,Behind the Scenes: Howto & Style,Channel_45,21,2024-05-18T15:00:00.000Z,2024|official|music,6054,72,32,59,https://i.ytimg.com/vi/MECmU8aIZqi/default.jpg,False,False,False,Auto-generated sample description for Howto & Style video.
Cfon0a0JkXX,24.14.12,Behind the Scenes: Gaming,Channel_667,8,2024-12-12T08:00:00.000Z,vlog|review|live,34398,2475,136,284,https://i.ytimg.com/vi/R-2Ejo4vpFl/default.jpg,False,False,False,Auto-generated sample description for Gaming video.
Sk52BRK67rZ,24.10.07,Music Compilation 2024,Channel_4758,23,2024-07-10T00:00:00.000Z,official|music|live,28085,1444,263,271,https://i.ytimg.com/vi/PSfRByuOQ_S/default.jpg,False,False,False,Auto-generated sample description for Music video.
-Y4fNxwfuMJ,24.12.01,Why This Gaming Video Went Viral,Channel_4281,17,2024-01-09T10:00:00.000Z,trending|music|live,4617,106,22,27,https://i.ytimg.com/vi/C-eqIdsHo99/default.jpg,False,False,False,Auto-generated sample description for Gaming video.
X3_oGk3YblU,25.10.01,Reacting to Gaming Trends,Channel_4706,8,2025-01-08T21:00:00.000Z,trending|review|official,2881,185,5,6,https://i.ytimg.com/vi/majnItUx2Jc/default.jpg,False,False,False,Auto-generated sample description for Gaming video.
m8UTsnKYtg_,24.18.02,Why This Music Video Went Viral,Channel_4950,23,2024-02-15T03:00:00.000Z,music|2024|vlog,106881,7435,592,297,https://i.ytimg.com/vi/01Neg4qdAvt/default.jpg,False,False,False,Auto-generated sample description for Music video.
5tuO-nsoR8T,24.25.10,Why This Entertainment Video Went Viral,Channel_417,15,2024-10-23T20:00:00.000Z,vlog|official|trending,4314,133,8,12,https://i.ytimg.com/vi/YgL6RdLqnXw/default.jpg,False,False,False,Auto-generated sample description for Entertainment video.
k9QEedWp6_J,24.09.02,Why This Gaming Video Went Viral,Channel_2091,8,2024-02-05T11:00:00.000Z,official|music|2024,8959,267,54,81,https://i.ytimg.com/vi/eChzX-CFjnQ/default.jpg,False,False,False,Auto-generated sample description for Gaming video.
iFJ9Kxq_IBP,24.20.07,Top 10 Gaming Moments This Week,Channel_2465,8,2024-07-16T03:00:00.000Z,vlog|music|official,59310,2573,521,943,https://i.ytimg.com/vi/DIcodNb5NIh/default.jpg,False,False,False,Auto-generated sample description for Gaming video.
YwuOdMrIiNT,24.10.09,Top 10 Comedy Moments This Week,Channel_4777,22,2024-09-08T19:00:00.000Z,review|trending|vlog,25077,736,42,236,https://i.ytimg.com/vi/kGyahId0y1N/default.jpg,False,False,False,Auto-generated sample description for Comedy video.
WoGcyPIHdZd,24.20.03,Official Music Highlights,Channel_2760,23,2024-03-17T13:00:00.000Z,live|review|official,294955,15252,1841,1155,https://i.ytimg.com/vi/8LZ_iuja1AV/default.jpg,False,False,False,Auto-generated sample description for Music video.
AHkx4gFLT9B,24.30.03,Official Entertainment Highlights,Channel_3669,15,2024-03-29T03:00:00.000Z,music|review|vlog,11654,511,45,105,https://i.ytimg.com/vi/uPsXR5C5DzM/default.jpg,False,False,False,Auto-generated sample description for Entertainment video.
bTfGWU4IXYW,24.20.07,Top 10 Comedy Moments This Week,Channel_3610,4,2024-07-16T06:00:00.000Z,music|live|review,51390,3410,75,113,https://i.ytimg.com/vi/rKgnDxYSF5E/default.jpg,False,False,False,Auto-generated sample description for Comedy video.
F4UxEFSVHxf,24.06.11,Behind the Scenes: News & Politics,Channel_3114,5,2024-11-02T16:00:00.000Z,2024|vlog|official,1873,130,2,36,https://i.ytimg.com/vi/epEzMMB3VoP/default.jpg,False,False,False,Auto-generated sample description for News & Politics video.
P3SjIrB9gJR,24.12.12,Why This Comedy Video Went Viral,Channel_827,19,2024-12-09T11:00:00.000Z,live|music|review,66821,1364,348,1095,https://i.ytimg.com/vi/GC0WjjyUJT_/default.jpg,False,False,False,Auto-generated sample description for Comedy video.
6SahjojnQdU,24.07.03,Top 10 Entertainment Moments This Week,Channel_4435,15,2024-03-05T17:00:00.000Z,official|trending|vlog,1297,33,7,11,https://i.ytimg.com/vi/Dftmb4if9_f/default.jpg,False,False,False,Auto-generated sample description for Entertainment video.
E4vEheAe1BD,24.10.12,Behind the Scenes: Entertainment,Channel_3073,15,2024-12-06T04:00:00.000Z,vlog|music|2024,37383,869,104,523,https://i.ytimg.com/vi/gtts5Itl8x7/default.jpg,False,False,False,Auto-generated sample description for Entertainment video.
kDvTOltkABg,24.05.11,Behind the Scenes: Sports,Channel_2038,13,2024-11-04T11:00:00.000Z,live|trending|review,8074,541,48,59,https://i.ytimg.com/vi/BK3sw0GsGbe/default.jpg,False,False,False,Auto-generated sample description for Sports video.
mKH9EzCBZ8f,24.17.06,Entertainment Compilation 2024,Channel_3493,15,2024-06-13T06:00:00.000Z,live|vlog|trending,83449,3508,442,1502,https://i.ytimg.com/vi/cS0cRrNNbL_/default.jpg,False,False,False,Auto-generated sample description for Entertainment video.
4R_09_pp3Jg,24.01.10,Top 10 Comedy Moments This Week,Channel_2501,19,2024-09-29T09:00:00.000Z,review|trending|live,1342,14,11,25,https://i.ytimg.com/vi/3WQyY8ZBg5v/default.jpg,False,False,False,Auto-generated sample description for Comedy video.
BnwnzjCFWh5,24.03.09,Behind the Scenes: Film & Animation,Channel_1289,16,2024-09-03T00:00:00.000Z,review|2024|official,23406,1684,34,407,https://i.ytimg.com/vi/ZruvrPIMWFZ/default.jpg,False,False,False,Auto-generated sample description for Film & Animation video.
W0n9XYzzaxK,24.03.01,Official Gaming Highlights,Channel_2573,8,2024-01-01T18:00:00.000Z,review|vlog|trending,17800,1359,81,257,https://i.ytimg.com/vi/HI36GN5nZ_V/default.jpg,False,False,False,Auto-generated sample description for Gaming video.
NFcgkPOgWLh,24.29.07,Top 10 Entertainment Moments This Week,Channel_1764,15,2024-07-27T21:00:00.000Z,vlog|review|official,22505,1045,179,287,https://i.ytimg.com/vi/Xu2KgTROlMU/default.jpg,False,False,False,Auto-generated sample description for Entertainment video.
eP1fPrX5k16,24.27.12,Entertainment Compilation 2024,Channel_4521,15,2024-12-25T11:00:00.000Z,vlog|music|trending,38746,485,261,708,https://i.ytimg.com/vi/_X6CpMltH-V/default.jpg,False,False,False,Auto-generated sample description for Entertainment video.
fYRiO5rdxGo,24.01.02,Reacting to Film & Animation Trends,Channel_224,16,2024-01-30T17:00:00.000Z,official|live|2024,8082,270,75,43,https://i.ytimg.com/vi/t3zXFP3fUBW/default.jpg,False,False,False,Auto-generated sample description for Film & Animation video.
gnn9g8qnn91,25.02.02,Why This News & Politics Video Went Viral,Channel_1970,5,2025-01-31T07:00:00.000Z,vlog|review|trending,5777,187,56,67,https://i.ytimg.com/vi/3eY7TrH7Uc9/default.jpg,False,False,False,Auto-generated sample description for News & Politics video.
8nFrw8TGtdc,24.02.07,Why This Gaming Video Went Viral,Channel_3239,8,2024-06-30T17:00:00.000Z,2024|official|music,47381,1901,51,24,https://i.ytimg.com/vi/sMAfPeJIAi8/default.jpg,False,False,False,Auto-generated sample description for Gaming video.
P97-gJmO8Gq,24.18.11,Behind the Scenes: Entertainment,Channel_4719,15,2024-11-17T19:00:00.000Z,official|live|vlog,47928,1974,263,748,https://i.ytimg.com/vi/jT11sx9Bg9F/default.jpg,False,False,False,Auto-generated sample description for Entertainment video.
9AKP19QNah9,24.20.07,Why This People & Blogs Video Went Viral,Channel_4842,12,2024-07-16T17:00:00.000Z,trending|live|2024,5291,360,49,58,https://i.ytimg.com/vi/S5t-hVVyjWY/default.jpg,False,False,False,Auto-generated sample description for People & Blogs video.
ILZ3on47l0t,24.01.03,Top 10 People & Blogs Moments This Week,Channel_457,18,2024-02-28T07:00:00.000Z,live|official|trending,21913,472,184,314,https://i.ytimg.com/vi/tlBxfq_sT9R/default.jpg,False,False,False,Auto-generated sample description for People & Blogs video.
pOwrBeom-XU,24.26.10,Official Entertainment Highlights,Channel_2452,15,2024-10-24T02:00:00.000Z,official|music|trending,183330,11851,362,866,https://i.ytimg.com/vi/THjrL33ghnR/default.jpg,False,False,False,Auto-generated sample description for Entertainment video.
nNBubMLZzOQ,24.08.11,Top 10 People & Blogs Moments This Week,Channel_745,10,2024-11-06T14:00:00.000Z,review|music|vlog,8325,281,67,13,https://i.ytimg.com/vi/p_vh69eS-9s/default.jpg,False,False,False,Auto-generated sample description for People & Blogs video.
1U5ytNXdptH,25.02.02,Why This Comedy Video Went Viral,Channel_1513,19,2025-01-31T00:00:00.000Z,review|trending|2024,62312,1505,505,259,https://i.ytimg.com/vi/DCH_x29g8x6/default.jpg,False,False,False,Auto-generated sample description for Comedy video.
kW9Th5D1SSo,24.28.01,Reacting to Entertainment Trends,Channel_1681,15,2024-01-25T00:00:00.000Z,review|official|vlog,75877,2925,144,324,https://i.ytimg.com/vi/YZSsr6RCFZ2/default.jpg,False,False,False,Auto-generated sample description for Entertainment video.
v424lK3Yzq7,24.17.04,Gaming Compilation 2024,Channel_2762,8,2024-04-15T10:00:00.000Z,official|music|review,35717,471,336,481,https://i.ytimg.com/vi/VTfyHJaAYqP/default.jpg,False,False,False,Auto-generated sample description for Gaming video.
9avZpslmOQC,24.19.10,Top 10 Music Moments This Week,Channel_4932,23,2024-10-17T22:00:00.000Z,vlog|review|live,284965,19953,1739,5581,https://i.ytimg.com/vi/V4XScSqOYBh/default.jpg,False,True,False,Auto-generated sample description for Music video.
od5Iow3gblg,24.21.02,Top 10 Entertainment Moments This Week,Channel_604,15,2024-02-20T05:00:00.000Z,live|trending|music,31514,1942,241,30,https://i.ytimg.com/vi/5sMK5GWuwZX/default.jpg,False,False,False,Auto-generated sample description for Entertainment video.
lZDGQUOM8b1,24.11.04,Official Music Highlights,Channel_4049,23,2024-04-07T19:00:00.000Z,trending|music|official,120990,7329,225,1066,https://i.ytimg.com/vi/Na4ov-bnk-2/default.jpg,False,False,False,Auto-generated sample description for Music video.
JPfDFnVrAUv,24.14.12,Reacting to Gaming Trends,Channel_2654,8,2024-12-13T08:00:00.000Z,live|review|vlog,16436,643,156,218,https://i.ytimg.com/vi/elx_NEkgaml/default.jpg,False,False,False,Auto-generated sample description for Gaming video.
rCHHY_-UuYf,24.04.05,Behind the Scenes: Music,Channel_1283,23,2024-05-01T11:00:00.000Z,2024|trending|music,96991,1902,822,1476,https://i.ytimg.com/vi/OHtExk1fJji/default.jpg,False,False,False,Auto-generated sample description for Music video.
o75b5MICH8s,24.27.12,Official Music Highlights,Channel_3822,23,2024-12-27T15:00:00.000Z,vlog|review|live,16095,557,128,69,https://i.ytimg.com/vi/oKUUbT0Nucr/default.jpg,False,False,False,Auto-generated sample description for Music video.
RVsRvxKrgbL,24.23.10,Top 10 News & Politics Moments This Week,Channel_2851,5,2024-10-22T19:00:00.000Z,trending|vlog|official,43221,2622,326,312,https://i.ytimg.com/vi/Dwly9e9_rtJ/default.jpg,False,False,False,Auto-generated sample description for News & Politics video.
x7KPCdPb3-V,24.21.12,Behind the Scenes: Film & Animation,Channel_2592,16,2024-12-17T03:00:00.000Z,live|official|2024,1126,81,7,10,https://i.ytimg.com/vi/vItV81HcfY2/default.jpg,False,False,False,Auto-generated sample description for Film & Animation video.
rE5bkLiRUif,24.30.03,Why This Comedy Video Went Viral,Channel_905,19,2024-03-26T21:00:00.000Z,2024|review|official,192655,2500,1876,3019,https://i.ytimg.com/vi/8WktEV5WWuY/default.jpg,False,False,False,Auto-generated sample description for Comedy video.
EvDXuVy43Be,25.02.01,Entertainment Compilation 2024,Channel_499,15,2024-12-31T04:00:00.000Z,music|vlog|live,13069,247,29,198,https://i.ytimg.com/vi/pY5gFFrDm2N/default.jpg,False,False,False,Auto-generated sample description for Entertainment video.
_ePbBh9mL1f,24.16.09,Official Entertainment Highlights,Channel_298,15,2024-09-14T14:00:00.000Z,trending|review|official,24478,1063,161,21,https://i.ytimg.com/vi/8vILilkF9Db/default.jpg,False,False,False,Auto-generated sample description for Entertainment video.
VmXkN2ob4XH,24.05.08,Top 10 Music Moments This Week,Channel_1212,23,2024-08-01T06:00:00.000Z,2024|live|music,59319,1153,58,603,https://i.ytimg.com/vi/KxHCstGJxQn/default.jpg,False,False,False,Auto-generated sample description for Music video.
wNd9OxYdY0V,24.03.08,Reacting to Comedy Trends,Channel_2207,19,2024-08-02T00:00:00.000Z,vlog|live|music,13875,401,113,256,https://i.ytimg.com/vi/mCa0E49LhkH/default.jpg,False,False,False,Auto-generated sample description for Comedy video.
zDbaXwDhOdI,24.03.08,Music Compilation 2024,Channel_4444,23,2024-08-02T17:00:00.000Z,live|2024|vlog,14671,671,102,119,https://i.ytimg.com/vi/zNS7zK2Os39/default.jpg,False,False,False,Auto-generated sample description for Music video.
Rlp54F73Zb2,24.08.01,Top 10 Music Moments This Week,Channel_3023,23,2024-01-05T12:00:00.000Z,trending|live|2024,97399,6466,82,334,https://i.ytimg.com/vi/-uKO5KHpSAW/default.jpg,False,False,False,Auto-generated sample description for Music video.
GajUlL26yYL,24.28.11,Why This Music Video Went Viral,Channel_3130,23,2024-11-26T22:00:00.000Z,music|trending|vlog,79218,3089,437,339,https://i.ytimg.com/vi/iEKzlW8VPdA/default.jpg,False,False,False,Auto-generated sample description for Music video.
xUWy68DZ-cm,25.10.01,Behind the Scenes: Howto & Style,Channel_3363,21,2025-01-10T04:00:00.000Z,live|review|vlog,1088,71,2,7,https://i.ytimg.com/vi/mHqnmwQEIbJ/default.jpg,False,False,False,"Auto-generated sample description for Howto & Style video.
Second line inside a quoted CSV field."
ljpwOWY5T0m,24.19.10,Official Comedy Highlights,Channel_1734,19,2024-10-15T05:00:00.000Z,trending|live|official,31201,1594,192,115,https://i.ytimg.com/vi/EfjBZBBQ-U8/default.jpg,False,False,False,Auto-generated sample description for Comedy video.
Xnv41UoGuNn,24.10.09,Official Music Highlights,Channel_495,23,2024-09-08T05:00:00.000Z,review|trending|2024,3314038,37156,19534,14765,https://i.ytimg.com/vi/ecIkiE00se0/default.jpg,False,False,True,Auto-generated sample description for Music video.
l5IUoFH56Cj,24.23.03,Official People & Blogs Highlights,Channel_868,18,2024-03-20T18:00:00.000Z,music|vlog|review,6017,240,10,42,https://i.ytimg.com/vi/ZgaDaQ8C9fX/default.jpg,False,False,False,Auto-generated sample description for People & Blogs video.
iCqur13Qfdp,24.15.07,Comedy Compilation 2024,Channel_439,4,2024-07-11T09:00:00.000Z,review|vlog|official,5486,86,4,26,https://i.ytimg.com/vi/1LeJP4J-pHA/default.jpg,False,False,False,Auto-generated sample description for Comedy video.
pOwNCYQ3VX9,24.25.02,Reacting to Gaming Trends,Channel_2104,17,2024-02-25T12:00:00.000Z,official|live|music,7619,117,15,7,https://i.ytimg.com/vi/t5mj6NQ3nQi/default.jpg,False,False,False,Auto-generated sample description for Gaming video.
S72qRNiCvjK,25.23.01,Reacting to News & Politics Trends,Channel_3508,5,2025-01-22T08:00:00.000Z,music|2024|vlog,69393,1267,475,60,https://i.ytimg.com/vi/jKACV4H40Sa/default.jpg,False,False,False,Auto-generated sample description for News & Politics video.
BkF19qz2w_I,24.15.05,Reacting to Music Trends,Channel_1210,23,2024-05-15T07:00:00.000Z,vlog|live|2024,2913865,134767,13083,29090,https://i.ytimg.com/vi/LfOl8j4U9Du/default.jpg,False,False,False,Auto-generated sample description for Music video.
cgq9FKaz0x9,24.10.07,Reacting to Comedy Trends,Channel_2747,19,2024-07-08T20:00:00.000Z,2024|live|trending,50286,2675,344,947,https://i.ytimg.com/vi/StqLqCs26HQ/default.jpg,False,False,False,Auto-generated sample description for Comedy video.
d9Sn5Bjm3dk,24.23.07,Reacting to Gaming Trends,Channel_1046,17,2024-07-22T01:00:00.000Z,official|vlog|music,2941,159,7,13,https://i.ytimg.com/vi/y2gz1bs8oS4/default.jpg,False,False,False,Auto-generated sample description for Gaming video.
TuifAnCZCUV,25.05.01,Top 10 Autos & Vehicles Moments This Week,Channel_1889,9,2025-01-02T22:00:00.000Z,music|live|vlog,13943,592,10,23,https://i.ytimg.com/vi/Q1wZScDPbJI/default.jpg,False,False,False,Auto-generated sample description for Autos & Vehicles video.
ZAshagNvnBX,24.03.08,Reacting to Entertainment Trends,Channel_326,15,2024-08-02T17:00:00.000Z,2024|live|vlog,80492,2878,273,1272,https://i.ytimg.com/vi/oxV1YjHtfXq/default.jpg,False,False,False,Auto-generated sample description for Entertainment video.
FLqn_opPqtz,24.26.08,Official Travel & Events Highlights,Channel_1504,14,2024-08-24T20:00:00.000Z,trending|vlog|official,30692,1228,137,308,https://i.ytimg.com/vi/lUx69WTTxUF/default.jpg,False,False,False,Auto-generated sample description for Travel & Events video.
I4TP8XwMw1n,24.09.01,Behind the Scenes: Comedy,Channel_3745,19,2024-01-09T19:00:00.000Z,official|live|trending,6477,243,23,40,https://i.ytimg.com/vi/xp4fu2qIOTq/default.jpg,False,False,False,Auto-generated sample description for Comedy video.
qgDM2lc0vx0,24.24.11,Reacting to People & Blogs Trends,Channel_2626,18,2024-11-22T07:00:00.000Z,trending|music|review,45751,1259,346,854,https://i.ytimg.com/vi/Kb13GrPeVQW/default.jpg,False,False,False,Auto-generated sample description for People & Blogs video.
zGo3voSpRVy,24.24.11,Behind the Scenes: Entertainment,Channel_4207,15,2024-11-21T16:00:00.000Z,official|2024|trending,1396,104,2,26,https://i.ytimg.com/vi/5SEL7BXRv_3/default.jpg,False,False,False,Auto-generated sample description for Entertainment video.
XpQ1UaI8h5u,24.29.10,Behind the Scenes: People & Blogs,Channel_2338,12,2024-10-25T10:00:00.000Z,music|review|vlog,40458,1242,166,163,https://i.ytimg.com/vi/37YJSJeT2fv/default.jpg,False,False,False,Auto-generated sample description for People & Blogs video.
tQYPhhSEbSC,24.20.02,Why This Entertainment Video Went Viral,Channel_3439,15,2024-02-17T15:00:00.000Z,official|music|live,39716,830,102,337,https://i.ytimg.com/vi/tLdAd8bCfRJ/default.jpg,False,False,False,Auto-generated sample description for Entertainment video.
B80EQ1g-yYR,25.04.02,Why This Entertainment Video Went Viral,Channel_4003,15,2025-02-01T18:00:00.000Z,2024|official|review,7872,337,66,96,https://i.ytimg.com/vi/hkkeIygk2FT/default.jpg,False,False,False,Auto-generated sample description for Entertainment video.
rOzcbUKfEIN,24.04.07,Behind the Scenes: Music,Channel_4730,23,2024-07-04T07:00:00.000Z,vlog|music|trending,2313421,157965,7872,20054,https://i.ytimg.com/vi/UGao57LTcyO/default.jpg,False,False,False,Auto-generated sample description for Music video.
gOlyPVox1Ja,24.27.11,Official Music Highlights,Channel_4593,23,2024-11-24T09:00:00.000Z,trending|vlog|live,12449,824,83,235,https://i.ytimg.com/vi/5SPYhYZ2Jzd/default.jpg,False,False,False,Auto-generated sample description for Music video.
4yXumLj56GQ,24.14.02,Why This Comedy Video Went Viral,Channel_4323,22,2024-02-14T19:00:00.000Z,official|trending|vlog,59674,1792,582,1110,https://i.ytimg.com/vi/pk1Wn9EJ_Lw/default.jpg,False,False,False,Auto-generated sample description for Comedy video.
a4f9nftftBK,24.28.07,Behind the Scenes: Sports,Channel_1463,13,2024-07-25T01:00:00.000Z,official|music|trending,5036,270,10,82,https://i.ytimg.com/vi/ZkDcD1wpDuG/default.jpg,False,False,False,Auto-generated sample description for Sports video.
AjBvHnmhgwq,24.08.05,Why This Comedy Video Went Viral,Channel_4814,4,2024-05-07T15:00:00.000Z,vlog|music|2024,9664,422,71,12,https://i.ytimg.com/vi/CBHRBMxocVV/default.jpg,False,False,False,Auto-generated sample description for Comedy video.
DpfDgTt5czG,24.22.08,Why This Music Video Went Viral,Channel_573,23,2024-08-18T20:00:00.000Z,trending|vlog|official,255293,19207,2132,2905,https://i.ytimg.com/vi/NhMAa_TTIeQ/default.jpg,False,False,False,Auto-generated sample description for Music video.
WMHOsZKYUd8,24.29.04,Top 10 Education Moments This Week,Channel_1695,24,2024-04-26T14:00:00.000Z,music|vlog|live,1437,61,3,3,https://i.ytimg.com/vi/Inm3tMJCV-R/default.jpg,False,False,False,Auto-generated sample description for Education video.
amguZqDDAs0,24.22.03,Official News & Politics Highlights,Channel_4861,6,2024-03-18T02:00:00.000Z,vlog|live|music,5510,218,24,19,https://i.ytimg.com/vi/bqf5bXL5AOe/default.jpg,False,False,False,Auto-generated sample description for News & Politics video.
8HNjl7f7uEd,24.16.12,Reacting to Comedy Trends,Channel_4440,19,2024-12-15T21:00:00.000Z,review|trending|official,15579,980,54,170,https://i.ytimg.com/vi/ZZ3uj7ySJyJ/default.jpg,False,False,False,Auto-generated sample description for Comedy video.
cvkBcSpt7ij,24.06.08,Official Entertainment Highlights,Channel_4796,15,2024-08-02T16:00:00.000Z,review|trending|official,15431,426,125,12,https://i.ytimg.com/vi/H0OrMq2TrzJ/default.jpg,False,False,False,Auto-generated sample description for Entertainment video.
sVXkbzVuKnV,24.04.04,Why This Gaming Video Went Viral,Channel_2412,8,2024-04-03T00:00:00.000Z,2024|trending|vlog,33341,1030,286,227,https://i.ytimg.com/vi/QjOaoucAvmi/default.jpg,False,False,False,Auto-generated sample description for Gaming video.
UGpEIqB1Bm8,24.21.02,Reacting to Education Trends,Channel_3332,24,2024-02-20T16:00:00.000Z,vlog|review|music,169169,9684,317,2015,https://i.ytimg.com/vi/8BboNimmfLa/default.jpg,False,False,False,Auto-generated sample description for Education video.
Q0Hh_XpNgIx,24.25.05,Reacting to Music Trends,Channel_813,23,2024-05-22T21:00:00.000Z,review|music|2024,18923,1037,178,375,https://i.ytimg.com/vi/ABJhp3ZFBmD/default.jpg,False,False,False,Auto-generated sample description for Music video.
LHzV-NIRzpr,24.17.11,Why This Music Video Went Viral,Channel_517,23,2024-11-17T03:00:00.000Z,2024|vlog|official,72326,864,58,141,https://i.ytimg.com/vi/n1L7dK3Mcgo/default.jpg,False,False,False,Auto-generated sample description for Music video.
gI7vYroXEiR,24.16.03,Howto & Style Compilation 2024,Channel_3784,7,2024-03-16T21:00:00.000Z,review|2024|music,310245,23895,1826,4587,https://i.ytimg.com/vi/T7KCSPnCWGE/default.jpg,False,False,False,Auto-generated sample description for Howto & Style video.
KVr34uNEL-e,24.28.09,Official Entertainment Highlights,Channel_2536,15,2024-09-28T04:00:00.000Z,trending|live|2024,62605,2614,165,841,https://i.ytimg.com/vi/mguW_NscXYe/default.jpg,False,False,False,Auto-generated sample description for Entertainment video.
I73_6mO4Xf0,24.29.02,Music Compilation 2024,Channel_51,23,2024-02-25T02:00:00.000Z,music|vlog|review,7550,75,68,95,https://i.ytimg.com/vi/wccsMzikebu/default.jpg,False,False,False,Auto-generated sample description for Music video.
ZRK5bwp0xDX,24.20.02,Why This Comedy Video Went Viral,Channel_4655,19,2024-02-18T18:00:00.000Z,vlog|official|2024,11424,855,22,122,https://i.ytimg.com/vi/79iJ3V5IMRu/default.jpg,False,False,False,Auto-generated sample description for Comedy video.
CAY7ftv7yUS,24.06.12,Behind the Scenes: Entertainment,Channel_3722,15,2024-12-03T04:00:00.000Z,trending|2024|vlog,21105,255,166,104,https://i.ytimg.com/vi/s4tR0y9M0WF/default.jpg,False,False,False,Auto-generated sample description for Entertainment video.
A-xVBEjBNaF,24.08.04,Reacting to Entertainment Trends,Channel_3264,15,2024-04-07T07:00:00.000Z,music|2024|live,35228,1988,278,282,https://i.ytimg.com/vi/-7kRgXjFgXI/default.jpg,False,False,False,Auto-generated sample description for Entertainment video.
a_zyDgKgL_M,24.23.04,Reacting to Comedy Trends,Channel_724,4,2024-04-20T04:00:00.000Z,2024|music|live,17871,234,15,109,https://i.ytimg.com/vi/D0VuzyDP_O5/default.jpg,False,False,False,Auto-generated sample description for Comedy video.
6IvC_5xdHEB,24.11.12,Why This People & Blogs Video Went Viral,Channel_2702,18,2024-12-09T14:00:00.000Z,live|music|review,7058,527,54,58,https://i.ytimg.com/vi/VnJX87oESdF/default.jpg,False,False,False,Auto-generated sample description for People & Blogs video.
YTjFvaX36xm,24.19.02,Music Compilation 2024,Channel_1395,23,2024-02-16T10:00:00.000Z,official|vlog|2024,31378,1770,57,336,https://i.ytimg.com/vi/R5GAM6QTag2/default.jpg,False,False,False,Auto-generated sample description for Music video.
sGYkPYPMDpc,24.12.02,Why This Nonprofits & Activism Video Went Viral,Channel_673,1,2024-02-08T07:00:00.000Z,music|2024|official,5168,132,42,28,https://i.ytimg.com/vi/1W4FrvXQTAA/default.jpg,False,False,False,Auto-generated sample description for Nonprofits & Activism video.
TwFbcRk20Ts,24.24.11,Top 10 Gaming Moments This Week,Channel_2427,8,2024-11-20T15:00:00.000Z,review|live|music,53011,2665,449,708,https://i.ytimg.com/vi/JWR6Li1LMYx/default.jpg,False,False,False,Auto-generated sample description for Gaming video.
Q3bEGjiJ2xT,24.26.07,Behind the Scenes: Entertainment,Channel_2724,15,2024-07-23T22:00:00.000Z,review|official|music,4954,141,4,12,https://i.ytimg.com/vi/tdJzbROBJhd/default.jpg,False,False,False,Auto-generated sample description for Entertainment video.
lMO6VBCQiT6,24.15.04,Why This Gaming Video Went Viral,Channel_3505,17,2024-04-13T11:00:00.000Z,music|2024|vlog,8557,483,77,126,https://i.ytimg.com/vi/dylxG3Tza-t/default.jpg,False,False,False,Auto-generated sample description for Gaming video.
siO5vDmH4RU,24.28.03,Why This Travel & Events Video Went Viral,Channel_4665,14,2024-03-27T21:00:00.000Z,2024|trending|official,22074,564,70,85,https://i.ytimg.com/vi/pyq7QXbOYqg/default.jpg,False,False,False,Auto-generated sample description for Travel & Events video.
5W9QW38BmVI,24.31.12,Official Comedy Highlights,Channel_3819,4,2024-12-28T12:00:00.000Z,music|official|2024,2164,31,21,33,https://i.ytimg.com/vi/WPka7YUpVsd/default.jpg,False,False,False,Auto-generated sample description for Comedy video.
0d38IN1HkpE,24.15.01,Why This Comedy Video Went Viral,Channel_4351,22,2024-01-15T20:00:00.000Z,vlog|review|trending,67542,2718,515,99,https://i.ytimg.com/vi/v9acWtlthtK/default.jpg,False,False,False,Auto-generated sample description for Comedy video.
nSRm69IFKgs,24.19.07,Official Science & Technology Highlights,Channel_4034,11,2024-07-15T19:00:00.000Z,review|music|live,31343,751,124,195,https://i.ytimg.com/vi/c1CIAvCN2yH/default.jpg,False,False,False,Auto-generated sample description for Science & Technology video.
19Nm4oGMTb7,24.19.02,Official Comedy Highlights,Channel_2001,19,2024-02-16T11:00:00.000Z,trending|official|vlog,8487,285,71,19,https://i.ytimg.com/vi/YJUWl3uJJCB/default.jpg,False,False,False,Auto-generated sample description for Comedy video.
iOosBY6C7Xd,24.21.09,Official Gaming Highlights,Channel_4314,17,2024-09-17T15:00:00.000Z,2024|vlog|music,6177,91,59,116,https://i.ytimg.com/vi/-eLeBAuWznw/default.jpg,False,False,False,Auto-generated sample description for Gaming video.
742A08pEcUh,24.30.11,Behind the Scenes: Entertainment,Channel_2670,15,2024-11-29T15:00:00.000Z,official|live|review,37036,2414,181,183,https://i.ytimg.com/vi/fpsw9ylVLtl/default.jpg,False,False,False,Auto-generated sample description for Entertainment video.
7gxHIUthpLo,24.02.02,Behind the Scenes: Gaming,Channel_3050,17,2024-01-29T14:00:00.000Z,official|trending|music,474,31,1,7,https://i.ytimg.com/vi/UbgRl3VbOrF/default.jpg,False,False,False,Auto-generated sample description for Gaming video.
tgqxT5HXOJG,24.29.09,Behind the Scenes: Comedy,Channel_324,19,2024-09-27T07:00:00.000Z,2024|live|official,448,31,3,4,https://i.ytimg.com/vi/LYfuELd-cx0/default.jpg,False,False,False,Auto-generated sample description for Comedy video.
2fnbEoLOb_b,24.14.05,Gaming Compilation 2024,Channel_4310,17,2024-05-12T05:00:00.000Z,live|official|trending,16478,791,72,121,https://i.ytimg.com/vi/kLLKmjpYH0G/default.jpg,False,False,False,Auto-generated sample description for Gaming video.
8f1MWPHVghc,24.09.04,Reacting to Gaming Trends,Channel_4152,17,2024-04-06T19:00:00.000Z,music|2024|live,1257,91,1,21,https://i.ytimg.com/vi/VflQBJKriN_/default.jpg,False,False,False,Auto-generated sample description for Gaming video.
o5eqdweoCFr,24.11.08,Entertainment Compilation 2024,Channel_4269,15,2024-08-07T07:00:00.000Z,music|trending|review,183726,13029,1315,635,https://i.ytimg.com/vi/lnMy7-AS2_j/default.jpg,False,False,False,Auto-generated sample description for Entertainment video.
xka0gMdz_OA,24.30.09,Reacting to Entertainment Trends,Channel_2973,15,2024-09-28T14:00:00.000Z,review|trending|2024,7315,233,50,51,https://i.ytimg.com/vi/WtzONX5TCA4/default.jpg,False,False,False,Auto-generated sample description for Entertainment video.
P5y6XasVVsc,24.22.04,Official Entertainment Highlights,Channel_1041,15,2024-04-22T09:00:00.000Z,review|official|2024,37974,1033,306,529,https://i.ytimg.com/vi/iLjsqRaGHUo/default.jpg,False,False,False,Auto-generated sample description for Entertainment video.
r9HjUX7ZBwn,24.09.07,Entertainment Compilation 2024,Channel_1375,15,2024-07-08T06:00:00.000Z,live|trending|review,220959,15942,357,679,https://i.ytimg.com/vi/1T-xGGGyg44/default.jpg,False,False,False,Auto-generated sample description for Entertainment video.
fN5H70KNmSg,24.04.09,Reacting to Entertainment Trends,Channel_3974,15,2024-09-03T09:00:00.000Z,trending|vlog|official,36755,1423,313,325,https://i.ytimg.com/vi/Pzs3XqSw8l2/default.jpg,False,False,False,Auto-generated sample description for Entertainment video.
91EQ-KXinzH,24.31.07,Why This People & Blogs Video Went Viral,Channel_724,10,2024-07-31T14:00:00.000Z,vlog|live|music,34831,2104,332,46,https://i.ytimg.com/vi/rdEdA9rdU1u/default.jpg,False,False,False,Auto-generated sample description for People & Blogs video.
oH9Hrig22JX,24.01.03,Howto & Style Compilation 2024,Channel_3517,21,2024-03-01T17:00:00.000Z,live|2024|vlog,33790,990,297,381,https://i.ytimg.com/vi/e7Xc3Lrhrtx/default.jpg,False,False,False,Auto-generated sample description for Howto & Style video.
DJpWK5N9Gdo,24.26.06,Behind the Scenes: Howto & Style,Channel_501,7,2024-06-23T12:00:00.000Z,2024|review|trending,2347,156,14,13,https://i.ytimg.com/vi/oDciaDPXkHG/default.jpg,False,False,False,Auto-generated sample description for Howto & Style video.
26-H57AjCBI,24.07.10,Reacting to Music Trends,Channel_769,23,2024-10-05T06:00:00.000Z,music|2024|review,57114,2172,439,887,https://i.ytimg.com/vi/s7rFQS8FtY9/default.jpg,False,False,False,Auto-generated sample description for Music video.
IyoseZjRRxA,24.06.04,People & Blogs Compilation 2024,Channel_3822,18,2024-04-02T17:00:00.000Z,review|official|live,24486,1644,200,425,https://i.ytimg.com/vi/tySWTSkOps_/default.jpg,False,False,False,Auto-generated sample description for People & Blogs video.
TTDJWsPgLoj,24.19.06,Official Comedy Highlights,Channel_918,4,2024-06-17T04:00:00.000Z,review|2024|trending,22441,287,33,276,https://i.ytimg.com/vi/axowQTIvUgI/default.jpg,False,False,False,Auto-generated sample description for Comedy video.
_lKefGM6UzM,24.31.08,Top 10 Comedy Moments This Week,Channel_1937,19,2024-08-29T19:00:00.000Z,music|2024|vlog,6948,485,53,123,https://i.ytimg.com/vi/2ZfJRtD1rBu/default.jpg,False,False,False,Auto-generated sample description for Comedy video.
htH2ydQD8Nc,24.22.04,Behind the Scenes: Entertainment,Channel_4306,15,2024-04-22T07:00:00.000Z,review|2024|vlog,227495,16540,1597,2025,https://i.ytimg.com/vi/oXJ2J33OzUu/default.jpg,False,False,False,Auto-generated sample description for Entertainment video.
tu-apmrCR4E,24.18.09,Music Compilation 2024,Channel_1727,23,2024-09-16T19:00:00.000Z,trending|live|vlog,11897,464,10,210,https://i.ytimg.com/vi/Vejwu8m28bC/default.jpg,False,False,False,Auto-generated sample description for Music video.
escOFy6_QCj,24.07.10,Top 10 Music Moments This Week,Channel_4327,23,2024-10-06T05:00:00.000Z,official|2024|trending,95433,2893,822,274,https://i.ytimg.com/vi/GFCkUskZ3GG/default.jpg,False,False,False,Auto-generated sample description for Music video.
xj9_DdgS8Tv,24.09.02,Why This Music Video Went Viral,Channel_4066,23,2024-02-09T05:00:00.000Z,official|vlog|trending,47221,2055,81,815,https://i.ytimg.com/vi/yWKrYZjb3Db/default.jpg,True,False,False,Auto-generated sample description for Music video.
vYSFQDuond0,24.16.12,Why This Gaming Video Went Viral,Channel_1115,17,2024-12-13T03:00:00.000Z,trending|official|live,653,35,4,6,https://i.ytimg.com/vi/wkH7LDPGNoa/default.jpg,False,False,False,Auto-generated sample description for Gaming video.
-39Yc5hAUIu,24.08.02,Music Compilation 2024,Channel_3476,23,2024-02-06T06:00:00.000Z,live|trending|review,250433,3137,440,2797,https://i.ytimg.com/vi/k78e-5qEe23/default.jpg,False,False,False,Auto-generated sample description for Music video.
pQ7znNydTYo,24.10.07,Comedy Compilation 2024,Channel_155,19,2024-07-08T09:00:00.000Z,official|music|review,11632,689,60,150,https://i.ytimg.com/vi/dFQlAZfLccn/default.jpg,False,False,False,Auto-generated sample description for Comedy video.
sbbZOSXMvJO,24.05.09,Behind the Scenes: Music,Channel_564,23,2024-09-05T05:00:00.000Z,trending|2024|live,61644,2325,406,1033,https://i.ytimg.com/vi/EZnsLvqw3mZ/default.jpg,False,False,False,Auto-generated sample description for Music video.
JGOvLcPLiCu,24.05.01,Top 10 Gaming Moments This Week,Channel_3684,8,2024-01-02T17:00:00.000Z,music|official|live,24899,1516,194,349,https://i.ytimg.com/vi/V7RDMRUqnPn/default.jpg,False,False,False,Auto-generated sample description for Gaming video.
UylEzZWRsaE,24.05.09,Why This Music Video Went Viral,Channel_2235,23,2024-09-03T07:00:00.000Z,2024|music|live,23363,1484,107,319,https://i.ytimg.com/vi/bTNEmAruVQ2/default.jpg,False,False,False,Auto-generated sample description for Music video.
LRN9E2JC7Hs,24.02.11,Reacting to Comedy Trends,Channel_3303,19,2024-10-29T11:00:00.000Z,live|review|vlog,5189,83,38,41,https://i.ytimg.com/vi/0miYzTjsH4a/default.jpg,False,False,False,Auto-generated sample description for Comedy video.
qjKhmKtlHl4,24.13.06,Official Sports Highlights,Channel_190,13,2024-06-11T18:00:00.000Z,vlog|music|trending,872,55,3,16,https://i.ytimg.com/vi/lOKgvtIh1Gw/default.jpg,True,False,False,Auto-generated sample description for Sports video.
Avchx3B7hd6,24.06.06,Top 10 Education Moments This Week,Channel_2203,24,2024-06-02T03:00:00.000Z,trending|official|live,58184,3143,288,328,https://i.ytimg.com/vi/oboF2lkSfZN/default.jpg,False,False,False,Auto-generated sample description for Education video.
1jkg9YH6CLe,24.16.10,Reacting to Comedy Trends,Channel_1967,19,2024-10-16T13:00:00.000Z,2024|music|trending,9538,211,74,116,https://i.ytimg.com/vi/HeZmJOI3egm/default.jpg,False,False,False,Auto-generated sample description for Comedy video.
Aqd5-wZlQ3I,24.09.01,Behind the Scenes: Music,Channel_1874,23,2024-01-07T18:00:00.000Z,vlog|live|music,204791,13068,1569,3112,https://i.ytimg.com/vi/K4ZJZDDL1Ad/default.jpg,False,False,False,Auto-generated sample description for Music video.
auUtICotVID,24.14.04,Official Nonprofits & Activism Highlights,Channel_1859,2,2024-04-11T18:00:00.000Z,review|vlog|music,5154,149,40,101,https://i.ytimg.com/vi/EVwN5wzcbW5/default.jpg,False,False,False,Auto-generated sample description for Nonprofits & Activism video.
GxAEllAx59A,24.22.01,Why This Film & Animation Video Went Viral,Channel_1142,16,2024-01-20T20:00:00.000Z,music|2024|vlog,6216,190,46,37,https://i.ytimg.com/vi/69gIUvrdQ9J/default.jpg,False,False,False,Auto-generated sample description for Film & Animation video.
CaSo0DbjDwp,24.16.01,Why This Howto & Style Video Went Viral,Channel_4689,21,2024-01-13T07:00:00.000Z,official|2024|live,8808,460,47,136,https://i.ytimg.com/vi/35297ZeRlr5/default.jpg,False,False,False,Auto-generated sample description for Howto & Style video.
2zSSBsjhQSX,24.12.07,Why This Science & Technology Video Went Viral,Channel_3938,3,2024-07-12T09:00:00.000Z,2024|trending|music,724,27,7,11,https://i.ytimg.com/vi/o_rv2VkTSmY/default.jpg,False,False,False,Auto-generated sample description for Science & Technology video.
o7tyoGdHpQF,25.19.01,Why This Comedy Video Went Viral,Channel_2492,22,2025-01-17T08:00:00.000Z,trending|music|live,2572,35,11,13,https://i.ytimg.com/vi/8fx2whcRvgE/default.jpg,False,False,False,Auto-generated sample description for Comedy video.
nK0Rf8iMjVg,24.09.09,Reacting to Comedy Trends,Channel_2094,19,2024-09-05T10:00:00.000Z,2024|official|review,14564,285,56,228,https://i.ytimg.com/vi/qjm5sHAQ7gy/default.jpg,False,False,False,Auto-generated sample description for Comedy video.
2a__MdDodVQ,25.14.01,Reacting to People & Blogs Trends,Channel_1996,12,2025-01-14T18:00:00.000Z,live|official|music,11390,772,12,198,https://i.ytimg.com/vi/UdHrW5s31Xr/default.jpg,False,False,False,Auto-generated sample description for People & Blogs video.
IWxP41qG0PJ,24.09.07,Official Comedy Highlights,Channel_1718,19,2024-07-07T01:00:00.000Z,review|official|live,9596,652,54,72,https://i.ytimg.com/vi/0rjvhKb8NIE/default.jpg,False,False,False,Auto-generated sample description for Comedy video.
DlthHefZz5Y,24.09.01,Top 10 Howto & Style Moments This Week,Channel_580,7,2024-01-07T21:00:00.000Z,official|trending|2024,5510,303,23,23,https://i.ytimg.com/vi/cNUkEuBplF6/default.jpg,False,False,False,Auto-generated sample description for Howto & Style video.
WE9hnt3_-c4,24.10.09,Behind the Scenes: Music,Channel_2195,23,2024-09-08T05:00:00.000Z,music|official|live,37303,2408,240,319,https://i.ytimg.com/vi/wHElNJ2xhIc/default.jpg,False,False,False,Auto-generated sample description for Music video.
bb0SVCG8S9X,24.14.09,Why This Music Video Went Viral,Channel_587,23,2024-09-12T02:00:00.000Z,review|live|trending,230930,17139,1233,1168,https://i.ytimg.com/vi/3gmBmCqld-b/default.jpg,False,False,False,Auto-generated sample description for Music video.
osqMZDNHkL3,24.30.06,Behind the Scenes: Entertainment,Channel_1852,15,2024-06-27T00:00:00.000Z,official|music|live,1253011,79879,8999,12125,https://i.ytimg.com/vi/UanH364BSA1/default.jpg,False,False,False,Auto-generated sample description for Entertainment video.
31i4fx87Sjl,24.13.04,Official Entertainment Highlights,Channel_3698,15,2024-04-11T00:00:00.000Z,vlog|live|official,138048,1431,248,102,https://i.ytimg.com/vi/BOn19andE_7/default.jpg,False,False,False,Auto-generated sample description for Entertainment video.
OJZ9ARxwn52,24.22.11,Entertainment Compilation 2024,Channel_2256,15,2024-11-21T06:00:00.000Z,review|official|trending,482127,19572,1154,5163,https://i.ytimg.com/vi/g7lh0JQ7gft/default.jpg,False,False,False,Auto-generated sample description for Entertainment video.
WdUjiM6tOL4,24.07.06,Travel & Events Compilation 2024,Channel_3157,14,2024-06-03T18:00:00.000Z,music|live|2024,7098,187,26,66,https://i.ytimg.com/vi/RCjKaaexD82/default.jpg,False,False,False,Auto-generated sample description for Travel & Events video.
XKJRwF2G-Uk,25.02.02,Top 10 Music Moments This Week,Channel_2437,23,2025-02-01T17:00:00.000Z,2024|music|live,36793,1521,352,379,https://i.ytimg.com/vi/RSO1xFiDoIw/default.jpg,False,False,False,Auto-generated sample description for Music video.
8AFnG1c3iQc,24.01.10,Why This Sports Video Went Viral,Channel_4292,13,2024-09-27T12:00:00.000Z,official|review|trending,425,8,3,2,https://i.ytimg.com/vi/9NAfduhnHh1/default.jpg,False,False,False,Auto-generated sample description for Sports video.
v8PLBf7oMk5,24.19.11,Why This Entertainment Video Went Viral,Channel_4093,15,2024-11-17T16:00:00.000Z,vlog|music|official,41473,599,154,441,https://i.ytimg.com/vi/7JZH6vB3Ykj/default.jpg,False,False,False,Auto-generated sample description for Entertainment video.
HhGXjmn5vI5,24.30.07,Reacting to Sports Trends,Channel_4516,13,2024-07-29T18:00:00.000Z,trending|music|official,3023,122,3,52,https://i.ytimg.com/vi/1SEJWkwGeal/default.jpg,False,False,False,Auto-generated sample description for Sports video.
Np6wZ9DjsAK,24.24.10,Official Comedy Highlights,Channel_2075,19,2024-10-23T06:00:00.000Z,2024|live|music,7105,235,31,23,https://i.ytimg.com/vi/j8GV2hs18iN/default.jpg,False,False,False,Auto-generated sample description for Comedy video.
i4WG5mGF30e,24.29.09,Reacting to Music Trends,Channel_20,23,2024-09-27T09:00:00.000Z,trending|review|2024,220044,8856,1314,3039,https://i.ytimg.com/vi/5acdiFzfyLb/default.jpg,False,False,False,Auto-generated sample description for Music video.
kBgpSNcOYv0,25.13.01,Behind the Scenes: Gaming,Channel_2684,8,2025-01-10T03:00:00.000Z,trending|official|music,15718,730,138,148,https://i.ytimg.com/vi/-PASL51bIlR/default.jpg,False,False,False,Auto-generated sample description for Gaming video.
FR_h0xuIjEr,24.25.10,Behind the Scenes: People & Blogs,Channel_2129,12,2024-10-23T11:00:00.000Z,live|vlog|trending,55457,3200,376,51,https://i.ytimg.com/vi/9q-1PipMeuf/default.jpg,False,False,False,Auto-generated sample description for People & Blogs video.
dWUvW9-Z62E,24.09.06,Behind the Scenes: News & Politics,Channel_947,5,2024-06-06T04:00:00.000Z,2024|music|vlog,8241,191,75,54,https://i.ytimg.com/vi/LFGieYqZG_w/default.jpg,False,False,False,Auto-generated sample description for News & Politics video.
mH4qNGmP3Jq,24.01.02,Gaming Compilation 2024,Channel_2421,8,2024-01-29T06:00:00.000Z,review|live|trending,171284,12758,1000,1006,https://i.ytimg.com/vi/2ITnSojWlFn/default.jpg,False,False,False,Auto-generated sample description for Gaming video.
QQoHWxFcoB_,24.19.08,Official Entertainment Highlights,Channel_4543,15,2024-08-17T14:00:00.000Z,review|trending|live,23431,364,98,316,https://i.ytimg.com/vi/s7Y2Vr0UFb4/default.jpg,False,False,False,Auto-generated sample description for Entertainment video.
yZ2GG2buJ2Z,24.13.03,Comedy Compilation 2024,Channel_2287,22,2024-03-09T11:00:00.000Z,vlog|official|music,21161,926,87,303,https://i.ytimg.com/vi/q6jDFpH4qEQ/default.jpg,False,False,False,Auto-generated sample description for Comedy video.
mZDlMsiQjXX,24.31.10,Top 10 Film & Animation Moments This Week,Channel_915,16,2024-10-27T02:00:00.000Z,review|live|official,20347,541,191,107,https://i.ytimg.com/vi/DgoT7ytIyok/default.jpg,False,False,False,Auto-generated sample description for Film & Animation video.
KT_q4vZc-n_,24.15.04,Reacting to Comedy Trends,Channel_172,4,2024-04-15T00:00:00.000Z,review|trending|2024,43387,1631,419,511,https://i.ytimg.com/vi/RrPizqc7oE4/default.jpg,False,False,False,Auto-generated sample description for Comedy video.
yGEPL_w97lB,24.03.11,Why This People & Blogs Video Went Viral,Channel_2920,18,2024-11-01T21:00:00.000Z,review|music|trending,6401,300,32,118,https://i.ytimg.com/vi/KFsXjY9WHR0/default.jpg,False,False,False,Auto-generated sample description for People & Blogs video.
YV4X7YFIeTs,24.01.12,Reacting to Music Trends,Channel_289,23,2024-11-30T15:00:00.000Z,trending|vlog|2024,265237,13162,1070,1222,https://i.ytimg.com/vi/gM2Axt7BUK_/default.jpg,False,False,False,Auto-generated sample description for Music video.
NeogY1H4b6y,24.18.12,Entertainment Compilation 2024,Channel_154,15,2024-12-16T12:00:00.000Z,vlog|2024|official,17380,448,101,130,https://i.ytimg.com/vi/zI4Sfcwg0PR/default.jpg,False,False,False,Auto-generated sample description for Entertainment video.
Pk3zS-_ta7n,24.24.11,Reacting to Science & Technology Trends,Channel_4154,11,2024-11-22T22:00:00.000Z,trending|live|2024,33322,1487,129,446,https://i.ytimg.com/vi/k3MVYCqjYkp/default.jpg,False,False,False,Auto-generated sample description for Science & Technology video.
uJr4ieFhhd9,24.07.01,Why This Comedy Video Went Viral,Channel_1976,22,2024-01-06T11:00:00.000Z,2024|music|official,4487,136,5,24,https://i.ytimg.com/vi/vu8ZfF3vYJJ/default.jpg,False,False,False,Auto-generated sample description for Comedy video.
RT9GqWs-65A,24.19.03,Official Science & Technology Highlights,Channel_1099,3,2024-03-15T00:00:00.000Z,live|2024|music,16545,878,34,225,https://i.ytimg.com/vi/En2Ue5VSj_C/default.jpg,False,False,False,Auto-generated sample description for Science & Technology video.
j-7k6GGHwBp,24.04.06,Behind the Scenes: Music,Channel_995,23,2024-06-01T16:00:00.000Z,music|official|review,25210,855,165,194,https://i.ytimg.com/vi/9Fmm4S1CwZ9/default.jpg,True,False,False,Auto-generated sample description for Music video.
51BLYQG7qqA,24.09.04,Official Music Highlights,Channel_1576,23,2024-04-05T00:00:00.000Z,music|trending|official,70770,5098,108,683,https://i.ytimg.com/vi/C_eT2-3hucz/default.jpg,False,False,False,Auto-generated sample description for Music video.
Flru4hkb7hz,24.04.10,Why This Music Video Went Viral,Channel_2260,23,2024-09-30T08:00:00.000Z,official|trending|music,13984,351,60,68,https://i.ytimg.com/vi/78yCLSyYPCO/default.jpg,False,False,False,Auto-generated sample description for Music video.
ybSfOuZ00-W,24.01.05,Why This Comedy Video Went Viral,Channel_3359,4,2024-04-27T11:00:00.000Z,official|music|2024,131645,4540,1231,2336,https://i.ytimg.com/vi/abAdF7Nfd3C/default.jpg,False,False,False,Auto-generated sample description for Comedy video.
hDmDFy87IvI,24.27.07,Top 10 News & Politics Moments This Week,Channel_4328,5,2024-07-25T04:00:00.000Z,review|official|music,4628,252,31,85,https://i.ytimg.com/vi/4_U2QYQG0pk/default.jpg,False,False,False,Auto-generated sample description for News & Politics video.
WhTvGP5Rl4f,24.30.06,Music Compilation 2024,Channel_2358,23,2024-06-29T22:00:00.000Z,trending|official|live,142797,6347,496,1926,https://i.ytimg.com/vi/_WkXSSFrxZ3/default.jpg,False,False,False,Auto-generated sample description for Music video.
73rmqY1EOaO,24.15.01,Entertainment Compilation 2024,Channel_20,15,2024-01-12T18:00:00.000Z,official|trending|music,1730,84,2,16,https://i.ytimg.com/vi/8-00BMxCzrA/default.jpg,False,False,False,Auto-generated sample description for Entertainment video.
B8mlktaZaLT,24.03.03,Why This Entertainment Video Went Viral,Channel_244,15,2024-03-01T00:00:00.000Z,trending|2024|review,47656,3684,152,864,https://i.ytimg.com/vi/wAhikAKv1VQ/default.jpg,False,False,False,Auto-generated sample description for Entertainment video.
yJjR9mNZD8d,24.29.09,Behind the Scenes: Gaming,Channel_108,17,2024-09-26T15:00:00.000Z,live|official|vlog,2449,175,16,34,https://i.ytimg.com/vi/v6gZQdk78t-/default.jpg,False,False,False,Auto-generated sample description for Gaming video.
1moFmFDWSJt,24.06.07,Comedy Compilation 2024,Channel_4172,4,2024-07-05T10:00:00.000Z,live|trending|music,9302,636,53,68,https://i.ytimg.com/vi/1MTD8Z3oGnh/default.jpg,False,False,False,Auto-generated sample description for Comedy video.
_km0_mNqv5U,24.02.11,Why This Comedy Video Went Viral,Channel_789,19,2024-10-29T07:00:00.000Z,music|trending|official,3278,121,5,54,https://i.ytimg.com/vi/5O0QMsd0W4n/default.jpg,False,False,False,Auto-generated sample description for Comedy video.
Hsd2c-GyzxM,24.04.07,Top 10 Music Moments This Week,Channel_4222,23,2024-07-01T16:00:00.000Z,music|review|live,135986,9514,105,1052,https://i.ytimg.com/vi/y1uBt65-_zp/default.jpg,False,False,False,Auto-generated sample description for Music video.
FFRdy4ZCaHd,24.28.12,Comedy Compilation 2024,Channel_2379,19,2024-12-27T18:00:00.000Z,music|trending|vlog,10888,693,103,122,https://i.ytimg.com/vi/YZEmAY8L0zF/default.jpg,False,False,False,Auto-generated sample description for Comedy video.
7fq-Wb18eHg,24.24.06,Top 10 Entertainment Moments This Week,Channel_4383,15,2024-06-20T10:00:00.000Z,live|official|review,168903,3076,339,3352,https://i.ytimg.com/vi/b3dFOTWIjX5/default.jpg,False,False,True,Auto-generated sample description for Entertainment video.
ncBs3BibkFg,24.24.03,Behind the Scenes: Music,Channel_3345,23,2024-03-20T01:00:00.000Z,live|trending|2024,245696,6532,304,2626,https://i.ytimg.com/vi/0vtypnvwZ14/default.jpg,False,False,False,Auto-generated sample description for Music video.
P9_EMYEmRro,24.10.09,Reacting to Comedy Trends,Channel_2091,19,2024-09-09T10:00:00.000Z,review|2024|trending,3029,153,4,31,https://i.ytimg.com/vi/Oz1BAeFVH6t/default.jpg,False,False,False,Auto-generated sample description for Comedy video.
ppIRSWp-dLm,24.25.02,Behind the Scenes: Comedy,Channel_4827,4,2024-02-25T05:00:00.000Z,vlog|review|music,75778,1338,121,770,https://i.ytimg.com/vi/tfmkkGe6rIA/default.jpg,False,False,False,Auto-generated sample description for Comedy video.
U-F_9Fz5mJf,24.08.06,Behind the Scenes: Comedy,Channel_3233,19,2024-06-07T06:00:00.000Z,music|trending|vlog,26628,1104,153,316,https://i.ytimg.com/vi/KFxwdzuUMKe/default.jpg,False,False,False,Auto-generated sample description for Comedy video.
83FmmOiF0YU,24.23.10,Official Comedy Highlights,Channel_1938,4,2024-10-19T01:00:00.000Z,music|2024|vlog,9952,349,17,182,https://i.ytimg.com/vi/kADGDKYCjK4/default.jpg,False,False,False,Auto-generated sample description for Comedy video.
sA5QLgI--9F,24.01.04,Top 10 Sports Moments This Week,Channel_460,13,2024-03-29T18:00:00.000Z,trending|live|review,5861,98,12,109,https://i.ytimg.com/vi/MnJ0PI_pAZ1/default.jpg,False,False,False,Auto-generated sample description for Sports video.
k9BjaOukQ0x,24.06.06,People & Blogs Compilation 2024,Channel_4569,18,2024-06-06T12:00:00.000Z,vlog|live|music,8399,298,11,120,https://i.ytimg.com/vi/qDJsvXG9X1P/default.jpg,False,False,False,Auto-generated sample description for People & Blogs video.
5-ydVR_5oHB,24.14.05,Reacting to People & Blogs Trends,Channel_3548,10,2024-05-14T07:00:00.000Z,trending|vlog|music,7071,413,39,71,https://i.ytimg.com/vi/4iPkqhKWNLL/default.jpg,False,False,False,Auto-generated sample description for People & Blogs video.
-M1ZDM3MhT7,24.25.03,Why This Comedy Video Went Viral,Channel_1335,4,2024-03-22T13:00:00.000Z,music|2024|live,69219,910,35,76,https://i.ytimg.com/vi/N1zniEIzCly/default.jpg,False,False,False,Auto-generated sample description for Comedy video.
Rd2NdB0MaZ5,24.07.12,Top 10 People & Blogs Moments This Week,Channel_1291,18,2024-12-03T18:00:00.000Z,official|vlog|2024,25140,970,150,305,https://i.ytimg.com/vi/xFiqne5xWNt/default.jpg,False,False,False,Auto-generated sample description for People & Blogs video.
1H7-kZPASJE,24.18.10,Why This Sports Video Went Viral,Channel_3583,13,2024-10-17T04:00:00.000Z,trending|review|official,110585,7916,638,1338,https://i.ytimg.com/vi/bP-il_k96e9/default.jpg,False,False,False,Auto-generated sample description for Sports video.
rASoKtDPMLF,24.07.03,Top 10 Film & Animation Moments This Week,Channel_2353,16,2024-03-05T08:00:00.000Z,music|trending|2024,20494,954,20,172,https://i.ytimg.com/vi/Frzm3tWw8a0/default.jpg,False,False,False,Auto-generated sample description for Film & Animation video.
C2gfXfCk8Ir,24.15.01,People & Blogs Compilation 2024,Channel_2123,12,2024-01-12T09:00:00.000Z,official|trending|vlog,10490,465,7,96,https://i.ytimg.com/vi/pWENLv1xVcL/default.jpg,False,False,False,Auto-generated sample description for People & Blogs video.
S92mcuEH2ga,24.06.06,Comedy Compilation 2024,Channel_4955,19,2024-06-06T02:00:00.000Z,official|review|vlog,14825,1099,96,70,https://i.ytimg.com/vi/TXzyOtPx1jO/default.jpg,False,False,False,Auto-generated sample description for Comedy video.
O2rRf2WfyXg,24.28.12,Top 10 Music Moments This Week,Channel_3353,23,2024-12-28T20:00:00.000Z,official|music|2024,32871,1882,259,415,https://i.ytimg.com/vi/DOA9yqALxhc/default.jpg,True,False,False,Auto-generated sample description for Music video.
GOu3d7DffPv,24.16.04,Top 10 Comedy Moments This Week,Channel_1800,4,2024-04-16T18:00:00.000Z,2024|live|music,45403,1711,169,488,https://i.ytimg.com/vi/GQI0kUxxSVP/default.jpg,False,False,False,Auto-generated sample description for Comedy video.
k3IhJuobcb2,24.16.10,Top 10 Comedy Moments This Week,Channel_1014,22,2024-10-16T20:00:00.000Z,vlog|trending|live,13358,138,114,123,https://i.ytimg.com/vi/AV2AYE4AlIh/default.jpg,False,False,False,Auto-generated sample description for Comedy video.
XJU7ht0pNbG,24.21.11,Official Gaming Highlights,Channel_3047,8,2024-11-18T08:00:00.000Z,official|music|live,15198,278,21,287,https://i.ytimg.com/vi/-CAKUgUWyUB/default.jpg,False,False,False,Auto-generated sample description for Gaming video.
wBYsttWh7pD,24.18.10,Why This Sports Video Went Viral,Channel_3865,13,2024-10-16T03:00:00.000Z,trending|vlog|2024,17253,439,10,285,https://i.ytimg.com/vi/0LFPYTmDM7P/default.jpg,False,False,False,Auto-generated sample description for Sports video.
8D6iUx_zChg,24.11.11,Entertainment Compilation 2024,Channel_1136,15,2024-11-08T10:00:00.000Z,review|2024|vlog,26018,1357,173,153,https://i.ytimg.com/vi/s6liFPZJ-iv/default.jpg,False,False,False,Auto-generated sample description for Entertainment video.
FpGd8Gba2Fu,24.26.10,People & Blogs Compilation 2024,Channel_1186,10,2024-10-25T14:00:00.000Z,music|live|review,14158,588,46,63,https://i.ytimg.com/vi/vCcb2oucRBh/default.jpg,False,False,False,Auto-generated sample description for People & Blogs video.
UzWUzfrHj3O,24.09.08,Comedy Compilation 2024,Channel_1138,4,2024-08-05T02:00:00.000Z,live|2024|official,1416,94,2,5,https://i.ytimg.com/vi/azdX-Phm5QO/default.jpg,False,False,False,Auto-generated sample description for Comedy video.
L-X3CfT3SrQ,24.19.07,Top 10 Comedy Moments This Week,Channel_3221,22,2024-07-15T05:00:00.000Z,live|official|trending,12106,177,57,58,https://i.ytimg.com/vi/gJzJqd7S48Y/default.jpg,False,False,False,Auto-generated sample description for Comedy video.
nOX4-ylJssI,24.19.11,Music Compilation 2024,Channel_4406,23,2024-11-18T08:00:00.000Z,trending|live|music,215178,15807,512,1724,https://i.ytimg.com/vi/XscRVLzjuTx/default.jpg,False,False,False,Auto-generated sample description for Music video.
NmvZeAQNxPT,24.24.08,Reacting to Education Trends,Channel_2569,24,2024-08-22T10:00:00.000Z,trending|music|vlog,305778,19557,2653,2579,https://i.ytimg.com/vi/yqXIM-BG9d8/default.jpg,False,False,False,Auto-generated sample description for Education video.
BmwVVv5zWYx,24.08.12,Why This Music Video Went Viral,Channel_2477,23,2024-12-08T17:00:00.000Z,trending|vlog|music,47677,3287,200,564,https://i.ytimg.com/vi/ohDk6G-dKl7/default.jpg,False,False,False,Auto-generated sample description for Music video.
c6idWR6DBlM,25.12.01,Reacting to Entertainment Trends,Channel_1958,15,2025-01-11T08:00:00.000Z,official|vlog|trending,30719,395,199,482,https://i.ytimg.com/vi/5zASkkRUsGl/default.jpg,False,False,False,Auto-generated sample description for Entertainment video.
OBdsu3WUqEo,24.19.07,Why This Howto & Style Video Went Viral,Channel_2336,7,2024-07-17T04:00:00.000Z,review|trending|live,19493,1538,167,373,https://i.ytimg.com/vi/xSR5ohQyA8O/default.jpg,False,False,False,Auto-generated sample description for Howto & Style video.
UBQ3I0hbU3o,24.03.06,Why This Science & Technology Video Went Viral,Channel_728,3,2024-05-31T21:00:00.000Z,review|music|official,46101,1583,59,88,https://i.ytimg.com/vi/WZR4iH1J-xY/default.jpg,False,False,False,Auto-generated sample description for Science & Technology video.
35F9psWB94x,24.24.01,Film & Animation Compilation 2024,Channel_1652,16,2024-01-24T09:00:00.000Z,music|vlog|review,8673,228,64,73,https://i.ytimg.com/vi/LdUd_fRk6Z4/default.jpg,False,False,False,Auto-generated sample description for Film & Animation video.
q-4REC3lzkf,24.28.05,Music Compilation 2024,Channel_4502,23,2024-05-25T03:00:00.000Z,vlog|live|trending,86347,5942,278,1073,https://i.ytimg.com/vi/F061orb-U-c/default.jpg,False,False,False,Auto-generated sample description for Music video.
LD8gm_KcF4x,24.10.01,Reacting to People & Blogs Trends,Channel_1524,12,2024-01-10T02:00:00.000Z,live|official|review,9720,624,18,102,https://i.ytimg.com/vi/lOMBec6qrA1/default.jpg,False,False,False,Auto-generated sample description for People & Blogs video.
3R3Gxt2hGwn,24.15.05,Autos & Vehicles Compilation 2024,Channel_1252,9,2024-05-11T03:00:00.000Z,official|vlog|review,28640,955,111,404,https://i.ytimg.com/vi/emG3ms4mEdQ/default.jpg,False,False,False,Auto-generated sample description for Autos & Vehicles video.
DPAhXTLYXtt,25.18.01,Why This Entertainment Video Went Viral,Channel_66,15,2025-01-18T08:00:00.000Z,official|trending|music,42383,792,167,160,https://i.ytimg.com/vi/4E2TYkk5Hg9/default.jpg,False,False,False,Auto-generated sample description for Entertainment video.
UTzdpT4yZLD,24.16.06,Why This Music Video Went Viral,Channel_229,23,2024-06-15T06:00:00.000Z,vlog|2024|music,963321,57626,2687,6520,https://i.ytimg.com/vi/ouVaTf1Xkan/default.jpg,False,False,False,Auto-generated sample description for Music video.
zgSaMNvlOoq,24.30.07,Official Entertainment Highlights,Channel_2042,15,2024-07-27T08:00:00.000Z,vlog|2024|live,271902,17029,1925,3777,https://i.ytimg.com/vi/2QCAWQ2LF3G/default.jpg,False,True,False,Auto-generated sample description for Entertainment video.
PSvFMFqJkPY,24.26.08,Behind the Scenes: Howto & Style,Channel_4519,21,2024-08-24T10:00:00.000Z,music|vlog|2024,267873,5323,455,3961,https://i.ytimg.com/vi/sQ3ad-CPcpa/default.jpg,False,False,False,Auto-generated sample description for Howto & Style video.
okAkKObNolU,24.21.09,Behind the Scenes: Entertainment,Channel_1046,15,2024-09-20T10:00:00.000Z,live|trending|review,129792,2403,537,1988,https://i.ytimg.com/vi/OT75bve5oV1/default.jpg,False,False,False,Auto-generated sample description for Entertainment video.
WsRPjF1W0ke,24.12.12,Official Entertainment Highlights,Channel_3750,15,2024-12-10T00:00:00.000Z,live|official|vlog,20822,802,184,326,https://i.ytimg.com/vi/VPsmrrnQVZy/default.jpg,False,False,False,Auto-generated sample description for Entertainment video.
3H-6P3uWoKw,24.14.06,Reacting to Entertainment Trends,Channel_1327,15,2024-06-13T14:00:00.000Z,vlog|trending|live,51679,1508,158,418,https://i.ytimg.com/vi/6naX9Z5ORFm/default.jpg,False,False,False,Auto-generated sample description for Entertainment video.
FxBXLQlo3Pl,24.27.10,Comedy Compilation 2024,Channel_3531,22,2024-10-25T07:00:00.000Z,music|trending|review,10821,381,75,5,https://i.ytimg.com/vi/8KZ0oChzdES/default.jpg,False,False,False,Auto-generated sample description for Comedy video.
ZH8rdV8Zbiu,24.16.01,Reacting to Comedy Trends,Channel_744,22,2024-01-12T08:00:00.000Z,live|vlog|review,19584,896,130,361,https://i.ytimg.com/vi/gR7lUnUCz9r/default.jpg,False,False,False,Auto-generated sample description for Comedy video.
5SK3tyR8zpq,24.10.12,Why This Entertainment Video Went Viral,Channel_3667,15,2024-12-09T16:00:00.000Z,live|review|official,68003,3616,182,472,https://i.ytimg.com/vi/eOyFbv1Rt3Z/default.jpg,False,False,False,Auto-generated sample description for Entertainment video.
fhm0zj8-qtb,24.12.06,Official People & Blogs Highlights,Channel_87,12,2024-06-11T08:00:00.000Z,vlog|review|live,11240,726,67,216,https://i.ytimg.com/vi/wCkkiay7L8t/default.jpg,False,False,False,Auto-generated sample description for People & Blogs video.
K2L-jFf6sc1,24.29.03,Official Howto & Style Highlights,Channel_56,7,2024-03-28T18:00:00.000Z,live|trending|review,407666,13286,487,2685,https://i.ytimg.com/vi/J2aZnXJBoxz/default.jpg,False,False,False,Auto-generated sample description for Howto & Style video.
8okhqRw-f2m,24.06.12,Top 10 Nonprofits & Activism Moments This Week,Channel_1152,1,2024-12-04T13:00:00.000Z,2024|music|review,1186,67,2,12,https://i.ytimg.com/vi/mKwGO3IkLRx/default.jpg,False,False,False,Auto-generated sample description for Nonprofits & Activism video.
7zDzc45A7VB,24.02.09,Why This News & Politics Video Went Viral,Channel_4092,6,2024-09-01T12:00:00.000Z,official|2024|review,3921,299,32,33,https://i.ytimg.com/vi/WMbtybTTNkq/default.jpg,False,False,False,Auto-generated sample description for News & Politics video.
GYih0bpJgED,25.31.01,Gaming Compilation 2024,Channel_4061,8,2025-01-31T07:00:00.000Z,2024|trending|music,35855,2439,120,639,https://i.ytimg.com/vi/rCS5ndbyzmY/default.jpg,False,False,False,Auto-generated sample description for Gaming video.
bYwe-bX5QkL,24.05.04,Top 10 Comedy Moments This Week,Channel_514,19,2024-04-04T05:00:00.000Z,2024|official|trending,51665,1135,404,65,https://i.ytimg.com/vi/UO_4SMJpWf4/default.jpg,False,False,False,Auto-generated sample description for Comedy video.
2w6UIzhLg2K,25.18.01,Behind the Scenes: Music,Channel_3665,23,2025-01-15T08:00:00.000Z,music|review|live,81608,1817,175,1141,https://i.ytimg.com/vi/8aIAWInm88H/default.jpg,False,False,False,Auto-generated sample description for Music video.
f6OomdhcisB,24.12.09,Reacting to Comedy Trends,Channel_3603,22,2024-09-11T21:00:00.000Z,music|live|official,9373,634,69,168,https://i.ytimg.com/vi/0wesDUZqgMC/default.jpg,False,False,False,Auto-generated sample description for Comedy video.
CiXO7ptfTgo,24.08.11,Top 10 Howto & Style Moments This Week,Channel_1204,21,2024-11-07T19:00:00.000Z,vlog|live|review,747,45,2,13,https://i.ytimg.com/vi/9kDtchNXXpr/default.jpg,False,False,False,Auto-generated sample description for Howto & Style video.
8m8j1q1_qkI,24.07.09,Why This Education Video Went Viral,Channel_3155,24,2024-09-04T02:00:00.000Z,2024|vlog|official,2435,78,23,2,https://i.ytimg.com/vi/5PevZpT1nWj/default.jpg,False,False,False,Auto-generated sample description for Education video.
ly517LGT9B4,24.21.11,Behind the Scenes: Music,Channel_3489,23,2024-11-19T15:00:00.000Z,vlog|live|2024,7823,555,68,60,https://i.ytimg.com/vi/Tpp9Xyki-wB/default.jpg,False,False,False,Auto-generated sample description for Music video.
VXu0BdWv6Eq,24.08.08,Official People & Blogs Highlights,Channel_118,12,2024-08-04T10:00:00.000Z,vlog|trending|2024,39027,964,42,413,https://i.ytimg.com/vi/E85MwLNFO2M/default.jpg,False,False,False,Auto-generated sample description for People & Blogs video.
CfR7XND5yAK,24.01.08,Reacting to Howto & Style Trends,Channel_3076,7,2024-07-28T04:00:00.000Z,live|review|official,10763,748,87,164,https://i.ytimg.com/vi/ZJIq6vvCmya/default.jpg,False,False,True,Auto-generated sample description for Howto & Style video.
uH1yQcMTz3K,24.18.06,Official Gaming Highlights,Channel_1925,8,2024-06-15T14:00:00.000Z,review|official|live,74528,5090,204,842,https://i.ytimg.com/vi/4eBvaz1jCWr/default.jpg,False,False,False,Auto-generated sample description for Gaming video.
xLkthaSIlCV,24.07.04,Top 10 Music Moments This Week,Channel_3386,23,2024-04-06T01:00:00.000Z,live|review|trending,36712,814,33,130,https://i.ytimg.com/vi/lcTfeem-YQ7/default.jpg,False,False,False,Auto-generated sample description for Music video.
_kko6a-stDQ,24.31.10,Why This News & Politics Video Went Viral,Channel_2431,5,2024-10-30T08:00:00.000Z,review|2024|vlog,4654,304,17,9,https://i.ytimg.com/vi/H7W9OeXzJG7/default.jpg,True,False,False,Auto-generated sample description for News & Politics video.
9Z1JMKogWpv,24.11.04,Official Sports Highlights,Channel_4202,13,2024-04-11T02:00:00.000Z,review|vlog|official,96588,7523,390,1855,https://i.ytimg.com/vi/irsseE_35AM/default.jpg,False,False,False,Auto-generated sample description for Sports video.
srFnrMUmKe0,24.23.07,Why This Entertainment Video Went Viral,Channel_1922,15,2024-07-20T02:00:00.000Z,official|music|live,62940,2998,379,1219,https://i.ytimg.com/vi/xYX_Bn25SdN/default.jpg,False,False,False,Auto-generated sample description for Entertainment video.
5UHrC6tbn_c,24.05.05,Why This People & Blogs Video Went Viral,Channel_1410,18,2024-05-05T13:00:00.000Z,trending|official|vlog,3464,175,29,33,https://i.ytimg.com/vi/DloT6f6kHny/default.jpg,False,False,False,Auto-generated sample description for People & Blogs video.
jaYfMImSCQg,24.23.08,Behind the Scenes: Gaming,Channel_4405,17,2024-08-22T09:00:00.000Z,music|trending|review,6008,272,17,7,https://i.ytimg.com/vi/JW1IUBE6mO8/default.jpg,False,False,False,Auto-generated sample description for Gaming video.
IjpwUnJZGds,24.25.02,Top 10 Comedy Moments This Week,Channel_4801,22,2024-02-22T21:00:00.000Z,official|vlog|trending,2183,38,4,38,https://i.ytimg.com/vi/EhtsbM4v5NC/default.jpg,False,False,False,Auto-generated sample description for Comedy video.
rpEpIkf9o4g,24.28.01,Behind the Scenes: Gaming,Channel_4550,17,2024-01-24T17:00:00.000Z,trending|2024|official,7308,215,28,121,https://i.ytimg.com/vi/TMj_AwyLuQp/default.jpg,False,False,False,Auto-generated sample description for Gaming video.
O1Pi6AHvZte,24.06.01,Reacting to Music Trends,Channel_3465,23,2024-01-06T20:00:00.000Z,review|music|trending,257753,3560,1947,3763,https://i.ytimg.com/vi/LCHVvdTH6aR/default.jpg,False,False,False,Auto-generated sample description for Music video.
-KBgcRc7yPy,24.24.02,Why This Comedy Video Went Viral,Channel_1566,4,2024-02-24T04:00:00.000Z,live|official|vlog,3697,55,10,51,https://i.ytimg.com/vi/GtR86XorZah/default.jpg,False,False,False,Auto-generated sample description for Comedy video.
qJZ_8PjYY0D,24.24.07,Official Music Highlights,Channel_1992,23,2024-07-23T08:00:00.000Z,music|2024|live,329242,4159,2143,3903,https://i.ytimg.com/vi/om2uMJvi1Wi/default.jpg,False,False,False,Auto-generated sample description for Music video.
Mhyy3Y0XYrY,24.29.11,Official Gaming Highlights,Channel_4159,17,2024-11-27T22:00:00.000Z,trending|official|vlog,5215,338,48,77,https://i.ytimg.com/vi/z8pfAQQITA_/default.jpg,False,False,False,Auto-generated sample description for Gaming video.
bG_kSrorpFS,24.02.07,Behind the Scenes: People & Blogs,Channel_4383,10,2024-06-30T10:00:00.000Z,2024|music|official,22629,294,34,227,https://i.ytimg.com/vi/AsecH1hg3P3/default.jpg,False,False,False,Auto-generated sample description for People & Blogs video.
VGf9n7PvL52,24.11.10,Behind the Scenes: Music,Channel_1912,23,2024-10-07T14:00:00.000Z,review|trending|vlog,37359,2650,141,249,https://i.ytimg.com/vi/QctabPxRYJu/default.jpg,False,False,False,Auto-generated sample description for Music video.
oyJ6WjOLaan,24.01.10,Top 10 Music Moments This Week,Channel_4103,23,2024-09-29T07:00:00.000Z,review|trending|music,21734,227,205,29,https://i.ytimg.com/vi/lLEMpwKTyaZ/default.jpg,False,False,False,Auto-generated sample description for Music video.
bYONuvCmclw,24.11.01,Reacting to Music Trends,Channel_2572,23,2024-01-09T06:00:00.000Z,music|live|trending,8316,327,15,126,https://i.ytimg.com/vi/CC8c4heAhuw/default.jpg,False,False,False,Auto-generated sample description for Music video.
YYEsJkclJ9N,24.19.05,Reacting to Music Trends,Channel_525,23,2024-05-19T20:00:00.000Z,official|live|vlog,24494,1308,100,198,https://i.ytimg.com/vi/TtazjqGA8hk/default.jpg,False,False,False,Auto-generated sample description for Music video.
GksyB9v5MTD,24.08.06,Why This Entertainment Video Went Viral,Channel_2836,15,2024-06-04T14:00:00.000Z,music|vlog|2024,81007,2841,321,1187,https://i.ytimg.com/vi/sMqeI-0ADbl/default.jpg,False,False,False,Auto-generated sample description for Entertainment video.
Jq7_V4jdpq5,24.06.11,Top 10 People & Blogs Moments This Week,Channel_4680,10,2024-11-06T03:00:00.000Z,2024|trending|review,1957,90,14,15,https://i.ytimg.com/vi/HQpZ-VcVoa4/default.jpg,False,False,False,Auto-generated sample description for People & Blogs video.
e2u5v8Mju9t,24.06.01,Top 10 Gaming Moments This Week,Channel_1378,8,2024-01-04T15:00:00.000Z,live|official|review,9461,237,70,23,https://i.ytimg.com/vi/DvsAe6hlxXr/default.jpg,False,False,False,Auto-generated sample description for Gaming video.
C1srzx9hcX2,24.29.06,Top 10 Music Moments This Week,Channel_2258,23,2024-06-26T02:00:00.000Z,live|trending|2024,8472,231,14,8,https://i.ytimg.com/vi/vHrx4yL2uf8/default.jpg,False,False,False,Auto-generated sample description for Music video.
5pKDYRFzH78,24.23.02,Official Music Highlights,Channel_1646,23,2024-02-22T02:00:00.000Z,live|trending|vlog,14450,1075,81,203,https://i.ytimg.com/vi/LgIL3U3RNEX/default.jpg,False,False,False,Auto-generated sample description for Music video.
LTZntpc8Q9i,25.27.01,Reacting to Music Trends,Channel_4556,23,2025-01-27T06:00:00.000Z,trending|live|2024,34067,1713,123,198,https://i.ytimg.com/vi/2p8hlC1ESCd/default.jpg,True,False,False,Auto-generated sample description for Music video.
5wc7ODTIv_j,24.29.08,Reacting to Music Trends,Channel_3117,23,2024-08-29T16:00:00.000Z,trending|live|music,26251,820,118,332,https://i.ytimg.com/vi/DDTmW3zoHDK/default.jpg,False,False,False,Auto-generated sample description for Music video.
n_8OBLAC8K8,24.01.07,Behind the Scenes: People & Blogs,Channel_4739,18,2024-07-01T16:00:00.000Z,review|vlog|official,7530,492,19,50,https://i.ytimg.com/vi/OUCdVs81nEa/default.jpg,False,False,False,Auto-generated sample description for People & Blogs video.
EtrQ8UMTSOc,24.21.10,Why This Howto & Style Video Went Viral,Channel_894,7,2024-10-17T08:00:00.000Z,review|official|trending,6074,197,59,36,https://i.ytimg.com/vi/-dJgWfZ7wJH/default.jpg,False,False,False,Auto-generated sample description for Howto & Style video.
raQgMYLfLaH,24.13.04,Top 10 Gaming Moments This Week,Channel_2169,8,2024-04-09T05:00:00.000Z,2024|official|review,83212,5902,637,992,https://i.ytimg.com/vi/--t12tLPyjL/default.jpg,False,False,False,Auto-generated sample description for Gaming video.
4eEzUIFPzD0,24.25.03,Top 10 Entertainment Moments This Week,Channel_1221,15,2024-03-21T06:00:00.000Z,trending|2024|vlog,22354,440,54,57,https://i.ytimg.com/vi/7Pg3z9BwRVH/default.jpg,False,False,False,Auto-generated sample description for Entertainment video.
NUZuzjzX_4N,24.02.07,Top 10 Comedy Moments This Week,Channel_2100,22,2024-07-01T12:00:00.000Z,vlog|review|music,5023,360,48,30,https://i.ytimg.com/vi/IW4j_bi3MPv/default.jpg,False,False,False,Auto-generated sample description for Comedy video.
biCALDXMXKS,24.04.05,Behind the Scenes: Gaming,Channel_2343,8,2024-04-30T03:00:00.000Z,official|review|music,931,47,1,16,https://i.ytimg.com/vi/aMdn5516Vre/default.jpg,True,False,False,Auto-generated sample description for Gaming video.
ioOquZLNgGm,24.23.06,Official Music Highlights,Channel_4420,23,2024-06-22T15:00:00.000Z,2024|review|live,10533,149,29,70,https://i.ytimg.com/vi/KdBcQG2U_4L/default.jpg,False,False,False,Auto-generated sample description for Music video.
Es3yx6Bjouu,24.06.11,Reacting to Comedy Trends,Channel_4699,19,2024-11-05T17:00:00.000Z,review|trending|vlog,4283,44,17,81,https://i.ytimg.com/vi/EaJo0A604a3/default.jpg,False,False,False,Auto-generated sample description for Comedy video.
Cp-KFXt_mGp,24.01.07,Reacting to Sports Trends,Channel_4021,13,2024-07-01T01:00:00.000Z,live|review|vlog,274959,19004,2436,3947,https://i.ytimg.com/vi/EcM16sQA9Fn/default.jpg,False,False,False,Auto-generated sample description for Sports video.
LbujWG125mF,24.29.08,Why This Music Video Went Viral,Channel_1228,23,2024-08-27T13:00:00.000Z,trending|review|2024,49205,1729,35,442,https://i.ytimg.com/vi/qMqxxGCqu7n/default.jpg,False,False,False,Auto-generated sample description for Music video.
-jKohxeVKbQ,24.18.12,Behind the Scenes: Gaming,Channel_1068,17,2024-12-15T08:00:00.000Z,2024|vlog|trending,75815,3513,743,695,https://i.ytimg.com/vi/iJbHo0hSZEc/default.jpg,False,True,False,Auto-generated sample description for Gaming video.
t0OJXhZ-w0D,24.01.11,Top 10 Comedy Moments This Week,Channel_2423,22,2024-10-29T20:00:00.000Z,vlog|official|trending,2060,119,18,18,https://i.ytimg.com/vi/b30EaOZ8UPg/default.jpg,False,False,False,Auto-generated sample description for Comedy video.
M-oDDba9M3u,25.21.01,Behind the Scenes: Entertainment,Channel_3297,15,2025-01-18T06:00:00.000Z,trending|music|vlog,82604,827,734,1216,https://i.ytimg.com/vi/hQa1BU9_XYy/default.jpg,False,False,False,Auto-generated sample description for Entertainment video.
GgVF-14eGkO,24.30.09,Official Entertainment Highlights,Channel_83,15,2024-09-29T13:00:00.000Z,2024|music|live,17601,1232,124,56,https://i.ytimg.com/vi/QshZhO5CIpw/default.jpg,False,False,False,Auto-generated sample description for Entertainment video.
lIR-PZfS1e9,24.09.09,Top 10 Science & Technology Moments This Week,Channel_3824,3,2024-09-06T22:00:00.000Z,2024|music|vlog,33253,2392,61,290,https://i.ytimg.com/vi/xGudOpxVEur/default.jpg,True,False,False,Auto-generated sample description for Science & Technology video.
5D8nKGxoKcu,24.23.11,Official Film & Animation Highlights,Channel_4869,16,2024-11-23T08:00:00.000Z,live|music|vlog,3786,53,13,23,https://i.ytimg.com/vi/qFH1yVO4_OH/default.jpg,False,False,False,Auto-generated sample description for Film & Animation video.
OLivPwmkpY4,24.01.02,Reacting to Comedy Trends,Channel_1556,22,2024-01-28T04:00:00.000Z,review|2024|vlog,30093,338,15,293,https://i.ytimg.com/vi/VIaefJzYQx0/default.jpg,False,False,False,Auto-generated sample description for Comedy video.
dOzffaUJlF0,24.30.11,Reacting to Music Trends,Channel_4853,23,2024-11-30T10:00:00.000Z,review|official|2024,83985,5331,577,120,https://i.ytimg.com/vi/O0R0YYEzfbu/default.jpg,False,False,False,Auto-generated sample description for Music video.
17OpNYHYcYx,24.14.05,Why This Music Video Went Viral,Channel_584,23,2024-05-14T10:00:00.000Z,music|official|trending,173482,7830,109,940,https://i.ytimg.com/vi/wgj6KSM3ZZw/default.jpg,False,False,False,Auto-generated sample description for Music video.
anxAiUYXuY8,24.13.06,Behind the Scenes: Comedy,Channel_2808,4,2024-06-10T14:00:00.000Z,review|official|live,4193,99,25,21,https://i.ytimg.com/vi/Xc0JYrp93SZ/default.jpg,False,False,False,Auto-generated sample description for Comedy video.
pkBD_8w_gHi,24.04.08,Music Compilation 2024,Channel_4543,23,2024-07-31T10:00:00.000Z,official|music|2024,86363,4098,713,390,https://i.ytimg.com/vi/jU9y2ET0kf3/default.jpg,False,False,False,Auto-generated sample description for Music video.
Oon2bCmHlE7,24.26.04,Why This Gaming Video Went Viral,Channel_4804,8,2024-04-26T13:00:00.000Z,live|2024|music,46442,3532,311,531,https://i.ytimg.com/vi/t2HhHf4vd2y/default.jpg,False,False,False,Auto-generated sample description for Gaming video.
v1Ivb5kwjmz,25.10.01,Reacting to Comedy Trends,Channel_4241,4,2025-01-06T05:00:00.000Z,2024|music|live,59794,1788,410,920,https://i.ytimg.com/vi/5dD6oQzM5mz/default.jpg,False,False,False,Auto-generated sample description for Comedy video.
7T6kAKVSstV,24.20.12,Comedy Compilation 2024,Channel_3557,22,2024-12-17T13:00:00.000Z,vlog|review|official,5448,383,41,31,https://i.ytimg.com/vi/af7JJmKuxDJ/default.jpg,False,False,False,Auto-generated sample description for Comedy video.
R7Gp5AwkSKM,24.15.06,Official Music Highlights,Channel_4846,23,2024-06-15T20:00:00.000Z,trending|2024|official,13101,275,41,137,https://i.ytimg.com/vi/or0oaRs0mK6/default.jpg,False,True,False,Auto-generated sample description for Music video.
xPjMYSxYYEj,24.15.10,Music Compilation 2024,Channel_3914,23,2024-10-14T22:00:00.000Z,2024|vlog|music,187246,6137,391,1578,https://i.ytimg.com/vi/lDdWpulw0EG/default.jpg,False,False,False,Auto-generated sample description for Music video.
2ffS-MNTFmn,24.21.08,Official Music Highlights,Channel_1267,23,2024-08-21T19:00:00.000Z,review|trending|music,59320,3785,182,843,https://i.ytimg.com/vi/AZYJa9NpE45/default.jpg,False,False,False,Auto-generated sample description for Music video.
ijnBx4Txje2,24.13.06,Top 10 People & Blogs Moments This Week,Channel_3340,10,2024-06-09T05:00:00.000Z,music|live|2024,127501,9881,90,1305,https://i.ytimg.com/vi/sKcvWdsZuL_/default.jpg,False,False,False,Auto-generated sample description for People & Blogs video.
UBbsgBAiRMp,24.13.12,Top 10 Gaming Moments This Week,Channel_4640,8,2024-12-10T14:00:00.000Z,review|live|trending,4292,122,2,50,https://i.ytimg.com/vi/TdB6_byPMnU/default.jpg,False,False,False,Auto-generated sample description for Gaming video.
IGMQA-Yhh08,24.25.08,Comedy Compilation 2024,Channel_1963,4,2024-08-22T22:00:00.000Z,live|music|2024,4371,262,19,42,https://i.ytimg.com/vi/ZUS1xlsWmy7/default.jpg,False,False,False,Auto-generated sample description for Comedy video.
6zS7dfe7im3,24.24.09,Reacting to Gaming Trends,Channel_4736,17,2024-09-21T16:00:00.000Z,review|music|2024,43200,1738,35,475,https://i.ytimg.com/vi/Jm42lJ4AlK2/default.jpg,False,False,False,Auto-generated sample description for Gaming video.
yjNEbk8infY,25.26.01,Why This Entertainment Video Went Viral,Channel_4125,15,2025-01-23T12:00:00.000Z,live|trending|official,26499,674,35,376,https://i.ytimg.com/vi/r56sx-RVQmr/default.jpg,False,False,False,Auto-generated sample description for Entertainment video.
-hBJZ5LIK3a,25.10.01,Behind the Scenes: News & Politics,Channel_1628,5,2025-01-08T00:00:00.000Z,vlog|2024|live,38785,826,90,176,https://i.ytimg.com/vi/XZwhU5cIv55/default.jpg,False,False,False,Auto-generated sample description for News & Politics video.
iWoznXnBfo4,24.14.05,Behind the Scenes: Entertainment,Channel_3061,15,2024-05-12T21:00:00.000Z,official|2024|vlog,40936,2298,106,787,https://i.ytimg.com/vi/Q6uec5lufiD/default.jpg,False,False,False,Auto-generated sample description for Entertainment video.
2amAENUyYmh,24.10.10,Behind the Scenes: Gaming,Channel_4396,17,2024-10-08T13:00:00.000Z,2024|review|vlog,25976,1594,149,83,https://i.ytimg.com/vi/8K05kH_lsUf/default.jpg,False,False,False,Auto-generated sample description for Gaming video.
ko0Oz89QK1w,24.11.04,Behind the Scenes: Howto & Style,Channel_2466,21,2024-04-10T13:00:00.000Z,music|2024|review,2752,153,10,18,https://i.ytimg.com/vi/XAxA0-4V_xT/default.jpg,False,True,False,Auto-generated sample description for Howto & Style video.
km3ulUtEtCm,24.08.12,Why This Entertainment Video Went Viral,Channel_526,15,2024-12-05T16:00:00.000Z,vlog|music|official,498064,32268,1238,1850,https://i.ytimg.com/vi/X5nS1lsxa22/default.jpg,False,False,False,Auto-generated sample description for Entertainment video.
RbHX4XUReS3,24.01.02,Official Sports Highlights,Channel_2814,13,2024-01-28T03:00:00.000Z,vlog|2024|live,30108,1602,281,181,https://i.ytimg.com/vi/BWK9NFaqb92/default.jpg,False,False,False,Auto-generated sample description for Sports video.
PnouvvINRpO,24.04.05,Reacting to Comedy Trends,Channel_1477,19,2024-04-30T11:00:00.000Z,2024|review|music,9921,440,55,190,https://i.ytimg.com/vi/jEjSp539tET/default.jpg,False,False,False,Auto-generated sample description for Comedy video.
CSkKfCh87Oi,24.29.01,Reacting to Comedy Trends,Channel_2455,19,2024-01-28T07:00:00.000Z,vlog|official|live,28561,1480,31,160,https://i.ytimg.com/vi/OwBWWG7c0E1/default.jpg,False,False,False,Auto-generated sample description for Comedy video.
RWJtsDjMLfi,25.13.01,People & Blogs Compilation 2024,Channel_1468,12,2025-01-13T06:00:00.000Z,live|official|trending,27754,1177,120,388,https://i.ytimg.com/vi/hy-q9o0xB0L/default.jpg,False,False,False,Auto-generated sample description for People & Blogs video.
HekAX2rth2B,24.03.03,Top 10 Science & Technology Moments This Week,Channel_3295,3,2024-02-29T12:00:00.000Z,review|music|2024,1535,107,13,14,https://i.ytimg.com/vi/Zex8RJSHsSD/default.jpg,False,False,False,Auto-generated sample description for Science & Technology video.
dOFel3O95tA,25.30.01,Official Music Highlights,Channel_3755,23,2025-01-26T04:00:00.000Z,official|review|vlog,21378,337,76,298,https://i.ytimg.com/vi/zgSmrxdZy4h/default.jpg,False,False,False,Auto-generated sample description for Music video.
pW89QrV5KYH,24.29.01,Official Comedy Highlights,Channel_2940,22,2024-01-25T06:00:00.000Z,2024|official|trending,3834,216,33,43,https://i.ytimg.com/vi/bXXyk3KUDRD/default.jpg,False,False,False,Auto-generated sample description for Comedy video.
M5mXGMSZdsh,24.08.04,Official Autos & Vehicles Highlights,Channel_2697,9,2024-04-06T19:00:00.000Z,live|review|music,15210,502,91,87,https://i.ytimg.com/vi/2Kbg7XViL5Y/default.jpg,False,False,True,Auto-generated sample description for Autos & Vehicles video.
Cy75S8dH9h4,24.15.03,Behind the Scenes: Gaming,Channel_3650,17,2024-03-15T08:00:00.000Z,2024|vlog|music,10492,405,97,42,https://i.ytimg.com/vi/dLsTt7WVPDL/default.jpg,False,False,False,Auto-generated sample description for Gaming video.
ywcoHdkJoZM,24.22.03,Top 10 Gaming Moments This Week,Channel_1174,17,2024-03-19T08:00:00.000Z,live|official|trending,56424,607,106,732,https://i.ytimg.com/vi/2dSA1uM-PKv/default.jpg,False,False,False,Auto-generated sample description for Gaming video.
EKu16sIB9lL,24.24.09,Official News & Politics Highlights,Channel_4178,6,2024-09-20T11:00:00.000Z,live|trending|2024,14901,367,148,180,https://i.ytimg.com/vi/ZFluanPGLdi/default.jpg,False,True,False,Auto-generated sample description for News & Politics video.
hBfgYHXGm_F,24.13.08,Official Gaming Highlights,Channel_1641,8,2024-08-12T00:00:00.000Z,official|trending|music,19728,290,162,11,https://i.ytimg.com/vi/KRX8uWkimdL/default.jpg,False,False,False,Auto-generated sample description for Gaming video.
0H3zTkkKbmg,24.27.04,Behind the Scenes: Music,Channel_2489,23,2024-04-27T16:00:00.000Z,trending|official|live,32782,1583,190,116,https://i.ytimg.com/vi/FiBOV4k7ME0/default.jpg,False,False,False,Auto-generated sample description for Music video.
6pbxRfqt2YU,24.15.11,Top 10 Entertainment Moments This Week,Channel_4423,15,2024-11-15T08:00:00.000Z,vlog|live|2024,188190,8693,709,1322,https://i.ytimg.com/vi/KnFptsGBbHW/default.jpg,False,False,False,Auto-generated sample description for Entertainment video.
kyqwh9jfGsT,24.25.05,Gaming Compilation 2024,Channel_2929,8,2024-05-25T11:00:00.000Z,trending|review|live,1635,31,13,1,https://i.ytimg.com/vi/KoTh3iqtwjH/default.jpg,False,False,False,Auto-generated sample description for Gaming video.
Hi7EkImh-CN,24.25.08,Music Compilation 2024,Channel_803,23,2024-08-24T10:00:00.000Z,trending|review|official,4940,139,27,78,https://i.ytimg.com/vi/SxGFKOsMDZa/default.jpg,False,False,False,Auto-generated sample description for Music video.
8beIbQyxo8T,24.25.06,Entertainment Compilation 2024,Channel_2929,15,2024-06-25T08:00:00.000Z,music|official|2024,35610,2631,218,456,https://i.ytimg.com/vi/VJWb_ZsznLU/default.jpg,False,False,False,Auto-generated sample description for Entertainment video.
TkLLZJMlCv2,24.08.08,Behind the Scenes: Comedy,Channel_3708,19,2024-08-06T10:00:00.000Z,vlog|music|2024,6585,262,18,8,https://i.ytimg.com/vi/EwVZIx-iP5e/default.jpg,False,False,False,Auto-generated sample description for Comedy video.
ZOnkqq8N5Ai,24.16.07,Behind the Scenes: Sports,Channel_4324,13,2024-07-12T11:00:00.000Z,2024|official|music,9412,489,4,144,https://i.ytimg.com/vi/ZrnSr_FlURZ/default.jpg,False,False,False,Auto-generated sample description for Sports video.
UvZlIuxf4w-,24.23.06,Top 10 Comedy Moments This Week,Channel_273,4,2024-06-23T06:00:00.000Z,2024|live|vlog,39474,2051,125,47,https://i.ytimg.com/vi/e6cTzGwat2D/default.jpg,False,False,False,Auto-generated sample description for Comedy video.
QmMkvleCpOP,24.11.06,Top 10 Gaming Moments This Week,Channel_4532,8,2024-06-09T10:00:00.000Z,live|music|2024,684,21,3,0,https://i.ytimg.com/vi/pTEfzguuA49/default.jpg,False,False,False,Auto-generated sample description for Gaming video.
lwaqD5o-gCU,24.12.12,Why This Music Video Went Viral,Channel_4218,23,2024-12-08T14:00:00.000Z,music|2024|review,13497,1071,10,110,https://i.ytimg.com/vi/EpYGh9XdjOf/default.jpg,False,False,False,Auto-generated sample description for Music video.
x1lHoAr9dMF,24.24.08,Behind the Scenes: People & Blogs,Channel_850,18,2024-08-21T12:00:00.000Z,2024|trending|vlog,1954,118,2,11,https://i.ytimg.com/vi/yeyqAnpgA8l/default.jpg,False,False,False,Auto-generated sample description for People & Blogs video.
XzU-tBjxy2x,24.04.12,Behind the Scenes: Music,Channel_3957,23,2024-12-01T18:00:00.000Z,vlog|official|2024,1137847,27850,5199,19802,https://i.ytimg.com/vi/ZK-jKG4JYvF/default.jpg,False,False,False,Auto-generated sample description for Music video.
l_NFHCA_bIa,24.20.11,Science & Technology Compilation 2024,Channel_1177,3,2024-11-17T10:00:00.000Z,trending|vlog|live,14682,266,25,132,https://i.ytimg.com/vi/nstXBOlsaGu/default.jpg,False,False,False,Auto-generated sample description for Science & Technology video.
2dh7zXdYt6c,24.17.03,Official Comedy Highlights,Channel_3941,22,2024-03-15T10:00:00.000Z,2024|live|official,97777,5870,191,1040,https://i.ytimg.com/vi/0wnJxXkKuTi/default.jpg,False,False,False,Auto-generated sample description for Comedy video.
WBYAzFkFzEw,24.27.04,Reacting to Entertainment Trends,Channel_2452,15,2024-04-27T02:00:00.000Z,2024|review|music,195003,8905,1905,3520,https://i.ytimg.com/vi/y-FruhoOSg3/default.jpg,False,False,False,Auto-generated sample description for Entertainment video.
1eEsoNNZOGK,24.06.04,Behind the Scenes: Comedy,Channel_4921,19,2024-04-02T17:00:00.000Z,trending|vlog|2024,6063,154,54,112,https://i.ytimg.com/vi/eYRvv8uhMFj/default.jpg,False,False,False,Auto-generated sample description for Comedy video.
11LJU86tgac,24.24.10,Why This Entertainment Video Went Viral,Channel_146,15,2024-10-23T08:00:00.000Z,vlog|trending|music,43399,3081,429,840,https://i.ytimg.com/vi/HTTJtQxBlPy/default.jpg,False,False,False,Auto-generated sample description for Entertainment video.
AX1Yi1dje7N,24.21.07,Reacting to People & Blogs Trends,Channel_2820,18,2024-07-17T02:00:00.000Z,music|trending|vlog,36363,1066,169,205,https://i.ytimg.com/vi/THlU8TZiP8x/default.jpg,False,False,False,Auto-generated sample description for People & Blogs video.
IatWZ-ZOJCP,24.11.11,Top 10 Comedy Moments This Week,Channel_4159,4,2024-11-07T20:00:00.000Z,music|official|live,15051,592,59,177,https://i.ytimg.com/vi/zHBtWRx80pS/default.jpg,True,False,False,Auto-generated sample description for Comedy video.
vg-51Trg6s_,24.28.09,Top 10 Comedy Moments This Week,Channel_3050,4,2024-09-26T09:00:00.000Z,trending|2024|vlog,25416,1737,140,328,https://i.ytimg.com/vi/MseR3nQeyal/default.jpg,False,False,False,Auto-generated sample description for Comedy video.
efct-y2C6CR,24.22.08,Reacting to Music Trends,Channel_4477,23,2024-08-22T19:00:00.000Z,review|trending|official,13805,435,104,102,https://i.ytimg.com/vi/GlHE7tRGJnr/default.jpg,False,False,False,Auto-generated sample description for Music video.
Qew9JHg0eY5,24.29.10,Behind the Scenes: News & Politics,Channel_1940,6,2024-10-26T00:00:00.000Z,2024|music|live,47218,2326,71,212,https://i.ytimg.com/vi/zX_16mwsy6C/default.jpg,False,False,False,Auto-generated sample description for News & Politics video.
VcU8hr22f8e,24.08.08,Top 10 Science & Technology Moments This Week,Channel_4284,3,2024-08-06T07:00:00.000Z,music|2024|trending,4531,82,19,87,https://i.ytimg.com/vi/kukZdNepu1R/default.jpg,False,False,False,Auto-generated sample description for Science & Technology video.
zNAJ5mpAOny,24.21.07,Behind the Scenes: Music,Channel_2894,23,2024-07-17T14:00:00.000Z,review|vlog|trending,13354,712,40,58,https://i.ytimg.com/vi/s_HXm2tat3B/default.jpg,False,False,False,Auto-generated sample description for Music video.
cZvM_posFRm,24.15.09,People & Blogs Compilation 2024,Channel_1875,12,2024-09-11T05:00:00.000Z,official|trending|review,1948,113,9,22,https://i.ytimg.com/vi/-tNKy6Xyizj/default.jpg,False,False,False,Auto-generated sample description for People & Blogs video.
k_YSLMi584V,24.15.02,Behind the Scenes: Gaming,Channel_1142,17,2024-02-15T20:00:00.000Z,live|music|2024,1123,58,6,19,https://i.ytimg.com/vi/Q1I6fw2dk3f/default.jpg,False,False,False,Auto-generated sample description for Gaming video.
KWhUKZDRJkP,24.07.07,Top 10 Music Moments This Week,Channel_372,23,2024-07-04T21:00:00.000Z,official|live|trending,74326,5229,218,923,https://i.ytimg.com/vi/3E97vVBuiM3/default.jpg,False,False,False,Auto-generated sample description for Music video.
-Cc3GDy-Gfu,24.30.10,Why This Comedy Video Went Viral,Channel_2685,22,2024-10-27T16:00:00.000Z,live|trending|official,3468,232,9,43,https://i.ytimg.com/vi/ehCUBsIKO40/default.jpg,False,False,False,Auto-generated sample description for Comedy video.
YYe_9y2Y6y7,24.23.05,Behind the Scenes: Comedy,Channel_4370,4,2024-05-22T18:00:00.000Z,review|2024|trending,1796,87,16,5,https://i.ytimg.com/vi/X5n6nyxbsDx/default.jpg,False,False,False,Auto-generated sample description for Comedy video.
u9Z_sCuBva7,24.11.03,Why This Gaming Video Went Viral,Channel_3542,17,2024-03-10T06:00:00.000Z,trending|music|review,3554,227,19,14,https://i.ytimg.com/vi/jTP85KH4X0m/default.jpg,False,False,False,Auto-generated sample description for Gaming video.
EhsLTfaNZ-g,25.28.01,Behind the Scenes: Film & Animation,Channel_4700,16,2025-01-24T07:00:00.000Z,live|2024|music,8213,561,26,132,https://i.ytimg.com/vi/Yquv5gfwZl3/default.jpg,False,False,False,Auto-generated sample description for Film & Animation video.
hXHYddlVTpY,24.02.04,Travel & Events Compilation 2024,Channel_58,14,2024-04-01T05:00:00.000Z,2024|live|trending,2630,145,26,42,https://i.ytimg.com/vi/XPDgC31Ml1V/default.jpg,True,False,False,Auto-generated sample description for Travel & Events video.
ES6Vi5lKTvv,24.25.05,Why This Comedy Video Went Viral,Channel_573,22,2024-05-24T09:00:00.000Z,review|official|trending,4492,122,23,32,https://i.ytimg.com/vi/ohcPBcKfhIL/default.jpg,False,False,False,Auto-generated sample description for Comedy video.
DRhB8egYO2x,24.24.05,Top 10 Music Moments This Week,Channel_1845,23,2024-05-22T17:00:00.000Z,review|2024|trending,516166,20534,2420,5351,https://i.ytimg.com/vi/scZzd9Y0_te/default.jpg,False,False,False,Auto-generated sample description for Music video.
NttF2DpZE4c,24.09.12,Why This Gaming Video Went Viral,Channel_1085,8,2024-12-08T05:00:00.000Z,2024|review|trending,15026,370,11,244,https://i.ytimg.com/vi/z5FQHXZmKrO/default.jpg,False,False,False,Auto-generated sample description for Gaming video.
tREz_ZP9VsG,24.25.01,Official Howto & Style Highlights,Channel_4539,7,2024-01-25T22:00:00.000Z,live|official|music,41096,2379,93,804,https://i.ytimg.com/vi/TRAyXZgQVy4/default.jpg,False,False,False,Auto-generated sample description for Howto & Style video.
Tc7m2q6VL-I,24.06.07,Top 10 Comedy Moments This Week,Channel_4682,22,2024-07-02T02:00:00.000Z,music|official|2024,52072,1434,154,1036,https://i.ytimg.com/vi/THtQwK06uWX/default.jpg,False,False,False,Auto-generated sample description for Comedy video.
bQfFCOcNvST,25.05.01,Reacting to Entertainment Trends,Channel_1702,15,2025-01-02T00:00:00.000Z,vlog|review|trending,213968,3226,156,2039,https://i.ytimg.com/vi/YyRpihATz5U/default.jpg,False,False,False,Auto-generated sample description for Entertainment video.
