video_id,trending_date,title,channel_title,category_id,publish_time,tags,views,likes,dislikes,comment_count,thumbnail_link,comments_disabled,ratings_disabled,video_error_or_removed,description
olfbaUA4gWp,24.09.10,Music Compilation 2024,Channel_1052,15,2024-10-08T02:00:00.000Z,vlog|trending|live,7585,171,9,96,https://i.ytimg.com/vi/BrqF-L1jwvd/default.jpg,False,False,False,Auto-generated sample description for Music video.
P7YxB4W_UWZ,24.09.05,Top 10 Comedy Moments This Week,Channel_3724,12,2024-05-07T16:00:00.000Z,2024|live|review,22903,1719,115,365,https://i.ytimg.com/vi/zyQG7sJdiiU/default.jpg,False,False,True,Auto-generated sample description for Comedy video.
WoQVVyOjEPu,24.22.11,Official Pets & Animals Highlights,Channel_3770,23,2024-11-19T00:00:00.000Z,2024|review|vlog,517975,33312,1657,1768,https://i.ytimg.com/vi/0Gr_QLXYqzM/default.jpg,False,False,False,Auto-generated sample description for Pets & Animals video.
8Xk9aS9dphj,24.10.12,Top 10 Entertainment Moments This Week,Channel_2483,24,2024-12-10T04:00:00.000Z,review|live|official,163256,2493,1149,1618,https://i.ytimg.com/vi/s11NBmtoPot/default.jpg,False,False,False,Auto-generated sample description for Entertainment video.
ga5W4uaV5oc,24.17.02,Official Music Highlights,Channel_13,20,2024-02-17T22:00:00.000Z,live|official|review,53010,1530,354,401,https://i.ytimg.com/vi/hHH90_y9pZL/default.jpg,False,False,False,Auto-generated sample description for Music video.
sFUevpyChxB,25.23.01,Behind the Scenes: Comedy,Channel_1316,12,2025-01-23T11:00:00.000Z,vlog|trending|music,51327,3662,343,345,https://i.ytimg.com/vi/M27EBlfZcbY/default.jpg,False,False,False,Auto-generated sample description for Comedy video.
eP3nPWEz0Rn,24.22.01,Sports Compilation 2024,Channel_285,1,2024-01-18T03:00:00.000Z,official|trending|2024,15330,1163,48,250,https://i.ytimg.com/vi/oug2QwxomCT/default.jpg,False,False,False,Auto-generated sample description for Sports video.
S-bPLvvG6yR,24.30.07,Official Entertainment Highlights,Channel_863,24,2024-07-30T09:00:00.000Z,2024|trending|live,11563,157,24,168,https://i.ytimg.com/vi/Ez3mPf6x329/default.jpg,False,False,False,Auto-generated sample description for Entertainment video.
3T9nXV6KVcs,24.26.02,Behind the Scenes: Music,Channel_1065,20,2024-02-25T12:00:00.000Z,review|official|music,11140,245,33,76,https://i.ytimg.com/vi/rmekwy7gt1Y/default.jpg,False,False,False,Auto-generated sample description for Music video.
-vXRumA3SuH,24.22.07,Top 10 Education Moments This Week,Channel_4654,18,2024-07-22T07:00:00.000Z,official|live|review,569,20,0,9,https://i.ytimg.com/vi/2GceZSWjRGD/default.jpg,False,False,False,Auto-generated sample description for Education video.
isLA3-TefX0,24.03.03,Top 10 Comedy Moments This Week,Channel_1365,12,2024-03-02T22:00:00.000Z,2024|review|music,61849,4006,412,980,https://i.ytimg.com/vi/tnbvg-MFqlh/default.jpg,False,False,False,Auto-generated sample description for Comedy video.
nZIVILpmwRj,24.22.03,Entertainment Compilation 2024,Channel_1760,24,2024-03-19T17:00:00.000Z,review|vlog|trending,38340,1758,21,349,https://i.ytimg.com/vi/Jk-Vdxs9Cnp/default.jpg,False,False,False,Auto-generated sample description for Entertainment video.
yvvhhCuJhd5,24.21.07,Top 10 Travel & Events Moments This Week,Channel_882,4,2024-07-21T11:00:00.000Z,live|music|trending,269177,10637,927,4477,https://i.ytimg.com/vi/5PLw9awcMPR/default.jpg,False,False,False,Auto-generated sample description for Travel & Events video.
LECo2sd64Vv,25.03.02,Music Compilation 2024,Channel_2722,20,2025-02-01T09:00:00.000Z,live|review|music,3937,138,28,66,https://i.ytimg.com/vi/YmyMpv6nyC6/default.jpg,False,False,False,Auto-generated sample description for Music video.
EnlV8M831Kz,24.05.04,Behind the Scenes: News & Politics,Channel_863,22,2024-04-04T06:00:00.000Z,live|review|2024,14382,467,81,197,https://i.ytimg.com/vi/jKURhvOJaDM/default.jpg,False,False,False,Auto-generated sample description for News & Politics video.
8fRw3AWx4Iw,24.23.11,Top 10 Comedy Moments This Week,Channel_2642,12,2024-11-19T20:00:00.000Z,trending|official|live,954,27,2,3,https://i.ytimg.com/vi/1ERdtBRQ9a5/default.jpg,False,False,False,Auto-generated sample description for Comedy video.
ZAHzuJ92liN,24.28.07,Top 10 Music Moments This Week,Channel_2157,19,2024-07-27T16:00:00.000Z,live|trending|review,241797,4741,345,2474,https://i.ytimg.com/vi/EVd09JLG26p/default.jpg,False,False,False,Auto-generated sample description for Music video.
ua5l-2UAxi4,24.31.07,Reacting to Music Trends,Channel_27,19,2024-07-28T17:00:00.000Z,trending|music|vlog,107932,3420,646,1872,https://i.ytimg.com/vi/_80KYNWPMsj/default.jpg,False,False,False,Auto-generated sample description for Music video.
GduYJAYeqVO,24.20.11,Why This Music Video Went Viral,Channel_1481,20,2024-11-17T13:00:00.000Z,official|music|2024,17901,1195,75,135,https://i.ytimg.com/vi/psPKdl5VUEG/default.jpg,False,False,False,Auto-generated sample description for Music video.
vEU0FzhgD4H,24.26.04,Official Entertainment Highlights,Channel_4088,25,2024-04-26T06:00:00.000Z,live|2024|music,33370,804,161,647,https://i.ytimg.com/vi/G96dYbxgjTn/default.jpg,False,False,False,Auto-generated sample description for Entertainment video.
yqccqJt2AYF,24.08.04,Top 10 Music Moments This Week,Channel_3263,19,2024-04-08T01:00:00.000Z,music|trending|official,4850,146,34,15,https://i.ytimg.com/vi/63bWE_nvnCO/default.jpg,False,False,False,Auto-generated sample description for Music video.
Cpd1ymQpaJ3,24.06.02,Top 10 Film & Animation Moments This Week,Channel_3875,3,2024-02-04T20:00:00.000Z,2024|music|live,69612,5110,539,1209,https://i.ytimg.com/vi/_gdwpadRdvX/default.jpg,False,False,False,Auto-generated sample description for Film & Animation video.
KsTbzVC38j6,24.19.02,Music Compilation 2024,Channel_2609,15,2024-02-17T09:00:00.000Z,live|official|2024,65680,3487,251,371,https://i.ytimg.com/vi/DFUwnLieH7n/default.jpg,False,False,False,Auto-generated sample description for Music video.
enkv7H_eOLh,24.12.01,Reacting to Music Trends,Channel_4936,20,2024-01-10T07:00:00.000Z,review|trending|official,11405,143,69,122,https://i.ytimg.com/vi/Y6fWxkVGGYL/default.jpg,False,False,False,Auto-generated sample description for Music video.
ZnO9LE30qTg,24.30.11,Top 10 Music Moments This Week,Channel_4106,15,2024-11-30T18:00:00.000Z,official|review|music,147473,3884,121,918,https://i.ytimg.com/vi/kREiwHFzlnI/default.jpg,False,False,False,Auto-generated sample description for Music video.
Il8ZOEgHu6r,24.13.01,Official Entertainment Highlights,Channel_2759,24,2024-01-09T03:00:00.000Z,official|music|live,27617,2061,58,83,https://i.ytimg.com/vi/3dpi0sj6GeX/default.jpg,False,False,False,Auto-generated sample description for Entertainment video.
VVYqeqqGKVm,24.19.03,Top 10 News & Politics Moments This Week,Channel_583,11,2024-03-19T03:00:00.000Z,trending|review|vlog,20483,979,75,332,https://i.ytimg.com/vi/JN9f8i_Ecxk/default.jpg,False,False,False,Auto-generated sample description for News & Politics video.
G8ZRJS6Zuif,24.02.03,Reacting to News & Politics Trends,Channel_2580,8,2024-02-27T08:00:00.000Z,live|music|2024,746,44,4,10,https://i.ytimg.com/vi/pb11ny4FKCP/default.jpg,False,False,False,Auto-generated sample description for News & Politics video.
cqDN46gJ8rg,24.07.06,Top 10 Comedy Moments This Week,Channel_1583,12,2024-06-07T07:00:00.000Z,review|trending|vlog,29431,1351,48,576,https://i.ytimg.com/vi/mBB5ro-YFvt/default.jpg,False,False,False,Auto-generated sample description for Comedy video.
JHfBc0Iw9qk,24.07.03,Why This Entertainment Video Went Viral,Channel_4152,25,2024-03-05T12:00:00.000Z,official|2024|live,32348,1690,204,163,https://i.ytimg.com/vi/LYw58lGuSMX/default.jpg,False,False,False,Auto-generated sample description for Entertainment video.
BirR3XXmKYT,24.26.05,People & Blogs Compilation 2024,Channel_907,21,2024-05-22T16:00:00.000Z,official|live|2024,4750,120,41,93,https://i.ytimg.com/vi/1hODyvbACac/default.jpg,False,False,False,Auto-generated sample description for People & Blogs video.
ZoQ-NLCHqmp,24.06.08,Behind the Scenes: Music,Channel_2527,19,2024-08-03T05:00:00.000Z,2024|vlog|live,32122,2363,168,364,https://i.ytimg.com/vi/wbog-qw7ok0/default.jpg,False,False,False,Auto-generated sample description for Music video.
DC-DxdxTAQD,24.14.12,Behind the Scenes: Music,Channel_3399,15,2024-12-14T14:00:00.000Z,official|vlog|review,3046,50,17,58,https://i.ytimg.com/vi/aw70Q1f_Jj1/default.jpg,False,False,False,Auto-generated sample description for Music video.
0JlRVzDm-Rh,25.03.01,Reacting to Entertainment Trends,Channel_107,25,2024-12-30T01:00:00.000Z,review|vlog|trending,81189,1666,674,1273,https://i.ytimg.com/vi/Q0kHcjBJzLE/default.jpg,False,False,False,Auto-generated sample description for Entertainment video.
EoRB0_TDTH3,24.05.05,Why This Entertainment Video Went Viral,Channel_2611,25,2024-05-05T03:00:00.000Z,2024|official|live,7216,412,64,65,https://i.ytimg.com/vi/2upyB9ZasbN/default.jpg,False,False,False,Auto-generated sample description for Entertainment video.
m0L3CpxitFC,24.18.02,Reacting to Gaming Trends,Channel_662,17,2024-02-14T15:00:00.000Z,music|vlog|trending,15612,911,57,24,https://i.ytimg.com/vi/gYsOorIbwif/default.jpg,False,False,False,Auto-generated sample description for Gaming video.
yjntgG7v7bb,24.20.10,Top 10 Entertainment Moments This Week,Channel_847,24,2024-10-16T14:00:00.000Z,review|trending|official,98585,6352,961,1410,https://i.ytimg.com/vi/jyvUdUEdCHZ/default.jpg,False,False,False,Auto-generated sample description for Entertainment video.
KD3eNnneF4G,24.26.10,Official Entertainment Highlights,Channel_4606,25,2024-10-22T19:00:00.000Z,2024|music|vlog,52013,3370,231,183,https://i.ytimg.com/vi/LPprX2I9IMC/default.jpg,False,False,False,Auto-generated sample description for Entertainment video.
JKVu4nIjAMm,24.26.03,Why This Music Video Went Viral,Channel_3989,15,2024-03-24T01:00:00.000Z,vlog|trending|music,30992,1925,170,582,https://i.ytimg.com/vi/rkw2I-oX-nj/default.jpg,False,False,False,Auto-generated sample description for Music video.
nhIE3u-p53z,24.20.11,Why This Music Video Went Viral,Channel_1779,15,2024-11-16T13:00:00.000Z,music|2024|official,356889,20556,2943,364,https://i.ytimg.com/vi/sCezVt1bxJ3/default.jpg,False,False,False,Auto-generated sample description for Music video.
N1sDxlYvKm4,24.03.03,Why This Music Video Went Viral,Channel_2043,19,2024-03-03T01:00:00.000Z,live|review|trending,96413,5128,750,1019,https://i.ytimg.com/vi/JeCGsFUdADy/default.jpg,False,False,False,Auto-generated sample description for Music video.
pXtAav5f_Xk,24.19.01,Official Gaming Highlights,Channel_85,17,2024-01-16T03:00:00.000Z,trending|2024|live,82668,4527,489,1190,https://i.ytimg.com/vi/xGrgWz1-5Cw/default.jpg,False,False,False,Auto-generated sample description for Gaming video.
ppv1BEl4KDf,25.13.01,Official Entertainment Highlights,Channel_3997,24,2025-01-12T14:00:00.000Z,music|trending|vlog,19947,1180,151,384,https://i.ytimg.com/vi/if0Pi8MRf8M/default.jpg,False,False,False,Auto-generated sample description for Entertainment video.
DdRSAoKq0hs,24.27.03,Official Music Highlights,Channel_4531,19,2024-03-27T21:00:00.000Z,music|vlog|live,32765,1776,150,110,https://i.ytimg.com/vi/U7Taej15c4A/default.jpg,False,False,False,Auto-generated sample description for Music video.
mv8_IgoY9s5,24.05.12,Why This Comedy Video Went Viral,Channel_4406,12,2024-12-04T15:00:00.000Z,official|2024|music,7707,563,54,13,https://i.ytimg.com/vi/CXXu0w4yLK7/default.jpg,False,False,False,Auto-generated sample description for Comedy video.
jktm_RbmrZb,24.29.07,Top 10 Music Moments This Week,Channel_2609,15,2024-07-27T21:00:00.000Z,live|review|official,44822,876,323,811,https://i.ytimg.com/vi/LcSpG_dtYVh/default.jpg,False,False,False,Auto-generated sample description for Music video.
_WmCV-x0kyu,25.02.01,Behind the Scenes: People & Blogs,Channel_2346,21,2024-12-30T08:00:00.000Z,music|review|vlog,835,53,1,15,https://i.ytimg.com/vi/02XdNSj3gMc/default.jpg,False,False,False,Auto-generated sample description for People & Blogs video.
5vY3FKTDebJ,24.28.01,People & Blogs Compilation 2024,Channel_375,2,2024-01-24T03:00:00.000Z,live|music|trending,663,8,1,6,https://i.ytimg.com/vi/KnWMIHyDPMx/default.jpg,False,False,False,Auto-generated sample description for People & Blogs video.
ObJE-z9iqPY,24.10.11,Behind the Scenes: Music,Channel_4468,15,2024-11-08T08:00:00.000Z,music|review|vlog,9688,655,23,21,https://i.ytimg.com/vi/G8LREnqM18h/default.jpg,False,False,False,Auto-generated sample description for Music video.
HBrkjq1LoSf,24.07.02,Sports Compilation 2024,Channel_2691,1,2024-02-05T16:00:00.000Z,2024|review|official,202738,6519,1012,2611,https://i.ytimg.com/vi/72iwfnCQBLu/default.jpg,False,False,False,Auto-generated sample description for Sports video.
0mPvQGV4rmy,25.10.01,Entertainment Compilation 2024,Channel_1047,25,2025-01-09T17:00:00.000Z,live|2024|vlog,131232,5267,639,1705,https://i.ytimg.com/vi/7v5fRGjByo4/default.jpg,False,False,False,Auto-generated sample description for Entertainment video.
0A0aRa-CiNI,24.30.03,Reacting to Education Trends,Channel_769,6,2024-03-28T01:00:00.000Z,live|music|official,66329,4335,50,183,https://i.ytimg.com/vi/4MZFQxGZXys/default.jpg,False,False,False,Auto-generated sample description for Education video.
a5BYPmkAzu6,25.23.01,Why This Comedy Video Went Viral,Channel_2170,5,2025-01-23T11:00:00.000Z,trending|2024|official,3484,272,17,16,https://i.ytimg.com/vi/fpNxlf4eiIF/default.jpg,False,False,False,
bbmrt2CDgdj,24.09.12,Behind the Scenes: Entertainment,Channel_1346,24,2024-12-05T15:00:00.000Z,trending|vlog|review,410424,23505,2134,5201,https://i.ytimg.com/vi/fsqefTQdTYl/default.jpg,False,False,False,Auto-generated sample description for Entertainment video.
HWx1jBvtn3x,24.23.06,Behind the Scenes: Comedy,Channel_115,5,2024-06-22T12:00:00.000Z,vlog|trending|music,848,48,1,8,https://i.ytimg.com/vi/Wwm8Ecau6iE/default.jpg,False,False,False,Auto-generated sample description for Comedy video.
JKC33QshGna,24.29.12,Top 10 People & Blogs Moments This Week,Channel_3285,21,2024-12-26T08:00:00.000Z,trending|music|live,420847,15769,2439,3450,https://i.ytimg.com/vi/Fe6WTfc7vEA/default.jpg,False,False,False,Auto-generated sample description for People & Blogs video.
ciHAjwtroqY,24.02.11,Why This Howto & Style Video Went Viral,Channel_1034,16,2024-10-31T21:00:00.000Z,official|trending|live,570,21,4,10,https://i.ytimg.com/vi/2tJJYy48mOW/default.jpg,False,False,False,Auto-generated sample description for Howto & Style video.
aDO28tlQxJc,24.21.10,Behind the Scenes: Entertainment,Channel_1853,25,2024-10-19T11:00:00.000Z,vlog|trending|live,105100,7497,813,1764,https://i.ytimg.com/vi/Tr_OZk5kz6W/default.jpg,False,False,False,Auto-generated sample description for Entertainment video.
xPZtH5jzT8v,24.21.07,Why This Sports Video Went Viral,Channel_3380,10,2024-07-21T08:00:00.000Z,vlog|live|2024,30185,1705,108,450,https://i.ytimg.com/vi/bftOpuyiYx2/default.jpg,False,False,False,Auto-generated sample description for Sports video.
J-75EEXuAKw,24.12.05,Reacting to Comedy Trends,Channel_2870,5,2024-05-11T08:00:00.000Z,vlog|live|trending,12371,678,49,14,https://i.ytimg.com/vi/22aZH5RBtST/default.jpg,False,False,False,Auto-generated sample description for Comedy video.
yWQxUPfUufY,24.17.02,Reacting to Comedy Trends,Channel_1665,12,2024-02-17T07:00:00.000Z,live|2024|music,25472,1511,193,489,https://i.ytimg.com/vi/X6odJrPO-9z/default.jpg,False,False,False,Auto-generated sample description for Comedy video.
wBdeDUV5lHv,24.26.05,Official Sports Highlights,Channel_1377,26,2024-05-23T12:00:00.000Z,live|vlog|2024,1198,13,2,14,https://i.ytimg.com/vi/HXYZhKVGQFt/default.jpg,False,False,False,Auto-generated sample description for Sports video.
H6oVJoU_aTG,24.30.01,Official Entertainment Highlights,Channel_1802,25,2024-01-28T00:00:00.000Z,official|review|live,317385,11902,999,3493,https://i.ytimg.com/vi/eMTDEO31V6s/default.jpg,False,False,False,Auto-generated sample description for Entertainment video.
YTQXsQYflaP,24.04.03,Music Compilation 2024,Channel_4539,15,2024-02-29T12:00:00.000Z,review|trending|music,23613,248,164,387,https://i.ytimg.com/vi/bNTzJkYi50K/default.jpg,False,False,False,Auto-generated sample description for Music video.
qGK-7IRGThZ,24.05.01,Comedy Compilation 2024,Channel_4206,12,2024-01-01T06:00:00.000Z,review|music|official,11348,694,23,211,https://i.ytimg.com/vi/L3ILTtHSpf3/default.jpg,False,False,False,Auto-generated sample description for Comedy video.
ZX8nwkg4jcG,24.14.07,Behind the Scenes: Sports,Channel_1107,10,2024-07-13T03:00:00.000Z,official|music|2024,40834,1013,327,735,https://i.ytimg.com/vi/KWVxxSXYvUw/default.jpg,False,False,True,Auto-generated sample description for Sports video.
aSkDw_b-xPM,24.13.02,Comedy Compilation 2024,Channel_3253,12,2024-02-12T12:00:00.000Z,live|review|vlog,86070,1831,298,287,https://i.ytimg.com/vi/fXoQuQg8lyy/default.jpg,False,False,False,Auto-generated sample description for Comedy video.
BU6XVAkNl6g,24.12.03,Comedy Compilation 2024,Channel_3886,12,2024-03-12T17:00:00.000Z,official|vlog|2024,18236,367,15,17,https://i.ytimg.com/vi/JeCXaxMsejl/default.jpg,False,False,False,Auto-generated sample description for Comedy video.
BWNf0A0A2bV,25.30.01,Entertainment Compilation 2024,Channel_2450,25,2025-01-30T06:00:00.000Z,2024|music|review,14864,736,112,203,https://i.ytimg.com/vi/08gFkffQpok/default.jpg,False,False,False,Auto-generated sample description for Entertainment video.
Z6sCzT3RUiq,24.19.11,Behind the Scenes: Sports,Channel_2177,1,2024-11-15T22:00:00.000Z,trending|vlog|official,24881,418,242,289,https://i.ytimg.com/vi/QeP3FVCa044/default.jpg,False,False,False,Auto-generated sample description for Sports video.
NsJWKjl-oDy,24.10.08,Behind the Scenes: Entertainment,Channel_3202,25,2024-08-07T21:00:00.000Z,live|music|trending,24379,1738,112,66,https://i.ytimg.com/vi/UrSsspusi2o/default.jpg,False,False,False,Auto-generated sample description for Entertainment video.
GoJXaa9QnnP,24.14.05,Reacting to People & Blogs Trends,Channel_3726,2,2024-05-13T04:00:00.000Z,vlog|2024|official,8889,620,43,123,https://i.ytimg.com/vi/eIlnbPa_Bov/default.jpg,False,False,False,Auto-generated sample description for People & Blogs video.
9qA0Fp93hqB,24.31.01,Behind the Scenes: Entertainment,Channel_454,25,2024-01-29T17:00:00.000Z,vlog|music|official,42391,3360,127,157,https://i.ytimg.com/vi/suEuLjuV1y6/default.jpg,False,False,False,Auto-generated sample description for Entertainment video.
Mf_g_y6imWj,24.19.08,Education Compilation 2024,Channel_2098,18,2024-08-18T05:00:00.000Z,music|live|official,3709,48,4,68,https://i.ytimg.com/vi/t5ac8bBxKa9/default.jpg,False,False,False,Auto-generated sample description for Education video.
_RNcaslI3_v,24.17.04,Comedy Compilation 2024,Channel_124,5,2024-04-15T08:00:00.000Z,trending|review|2024,2437,35,2,35,https://i.ytimg.com/vi/hjXd9rxA5eR/default.jpg,False,False,False,Auto-generated sample description for Comedy video.
noNgfl5lhox,24.12.11,Reacting to Entertainment Trends,Channel_3430,24,2024-11-12T06:00:00.000Z,vlog|review|2024,79289,3450,691,417,https://i.ytimg.com/vi/YjovylbAmAj/default.jpg,True,False,False,Auto-generated sample description for Entertainment video.
xBiQ_5a-CDa,24.23.02,Official Nonprofits & Activism Highlights,Channel_1500,14,2024-02-23T13:00:00.000Z,trending|2024|live,975,56,4,15,https://i.ytimg.com/vi/jFofClXydKg/default.jpg,False,False,False,Auto-generated sample description for Nonprofits & Activism video.
FZKOR2yJHe4,24.15.08,Behind the Scenes: Entertainment,Channel_4409,25,2024-08-12T16:00:00.000Z,official|trending|2024,288159,15178,297,2263,https://i.ytimg.com/vi/nFptzkq2Afy/default.jpg,False,False,False,Auto-generated sample description for Entertainment video.
ntD3m2YeACF,24.03.05,Behind the Scenes: Entertainment,Channel_3695,24,2024-05-02T07:00:00.000Z,vlog|trending|music,60283,920,245,313,https://i.ytimg.com/vi/O0lR1QzmrAL/default.jpg,False,False,False,Auto-generated sample description for Entertainment video.
oGIp0Ce5_kv,24.05.04,Top 10 People & Blogs Moments This Week,Channel_1418,28,2024-04-04T18:00:00.000Z,music|live|2024,17100,182,56,96,https://i.ytimg.com/vi/UerIL_A9xs6/default.jpg,False,False,False,Auto-generated sample description for People & Blogs video.
egPz-2mDen3,24.31.10,Entertainment Compilation 2024,Channel_4008,25,2024-10-27T15:00:00.000Z,vlog|live|music,19350,1347,80,79,https://i.ytimg.com/vi/aXIu9mW7t1p/default.jpg,False,False,False,Auto-generated sample description for Entertainment video.
IxBaY8L15Bz,24.21.02,Official Comedy Highlights,Channel_3199,12,2024-02-17T12:00:00.000Z,2024|music|trending,13869,812,28,137,https://i.ytimg.com/vi/NY1oDEr1tpz/default.jpg,False,False,False,Auto-generated sample description for Comedy video.
JrVGVxTrGjW,24.10.12,Official Gaming Highlights,Channel_3171,17,2024-12-08T12:00:00.000Z,review|2024|live,12173,868,68,41,https://i.ytimg.com/vi/-xETk9IOiIj/default.jpg,False,False,False,Auto-generated sample description for Gaming video.
AGKp1A4sYUK,24.08.10,Behind the Scenes: News & Politics,Channel_2977,22,2024-10-04T19:00:00.000Z,live|2024|trending,3155,56,21,55,https://i.ytimg.com/vi/-ozwdziCDoa/default.jpg,False,False,False,Auto-generated sample description for News & Politics video.
jBNDp3o9ByE,24.16.06,Top 10 Music Moments This Week,Channel_2828,15,2024-06-12T17:00:00.000Z,official|music|vlog,26331,1684,206,192,https://i.ytimg.com/vi/jVt6-XErQze/default.jpg,False,False,False,Auto-generated sample description for Music video.
v1IDnkJb1fI,24.16.12,Music Compilation 2024,Channel_3821,19,2024-12-12T14:00:00.000Z,review|trending|live,253518,10944,2028,2430,https://i.ytimg.com/vi/wy08cVF1ncQ/default.jpg,False,False,False,Auto-generated sample description for Music video.
h6svTQkNXf0,24.08.04,Official Comedy Highlights,Channel_2739,12,2024-04-05T00:00:00.000Z,vlog|live|review,230520,7633,2259,3228,https://i.ytimg.com/vi/YoyDm6xQzA_/default.jpg,False,False,False,Auto-generated sample description for Comedy video.
rBzyJH3ch2f,24.15.06,Top 10 Music Moments This Week,Channel_13,20,2024-06-15T18:00:00.000Z,review|music|trending,3653,95,20,4,https://i.ytimg.com/vi/XC1Hv_sHqnV/default.jpg,False,False,False,Auto-generated sample description for Music video.
IHwdYrUXUqn,24.24.11,Behind the Scenes: Music,Channel_1658,15,2024-11-20T16:00:00.000Z,music|official|2024,9870,208,85,80,https://i.ytimg.com/vi/9QnH6w2_hJG/default.jpg,False,False,False,Auto-generated sample description for Music video.
GmcyBi7nfyU,24.27.07,Reacting to Film & Animation Trends,Channel_865,3,2024-07-27T13:00:00.000Z,2024|official|vlog,7387,325,6,80,https://i.ytimg.com/vi/GYPCCjYdB7A/default.jpg,False,False,False,Auto-generated sample description for Film & Animation video.
5AOz8_9kxNq,24.25.05,Official Film & Animation Highlights,Channel_4219,27,2024-05-24T11:00:00.000Z,official|review|vlog,15609,652,96,208,https://i.ytimg.com/vi/NTUbLklf-VJ/default.jpg,False,False,False,Auto-generated sample description for Film & Animation video.
z_BtlccC4Ch,24.28.09,Top 10 Entertainment Moments This Week,Channel_2005,25,2024-09-28T17:00:00.000Z,review|trending|live,35552,2337,116,197,https://i.ytimg.com/vi/8pzx-fADvvR/default.jpg,False,False,False,Auto-generated sample description for Entertainment video.
iecoKUuzdXc,24.11.11,Music Compilation 2024,Channel_2448,15,2024-11-07T15:00:00.000Z,vlog|review|live,9154,288,71,30,https://i.ytimg.com/vi/59sVJ-xjLnx/default.jpg,False,False,False,Auto-generated sample description for Music video.
S7rWQQdv5Y5,24.03.12,Official Science & Technology Highlights,Channel_3348,7,2024-12-03T11:00:00.000Z,trending|official|review,19580,848,139,280,https://i.ytimg.com/vi/hKo8sYIVSki/default.jpg,False,False,False,Auto-generated sample description for Science & Technology video.
tlj8jh5yhOR,24.18.07,Reacting to Entertainment Trends,Channel_3068,24,2024-07-15T21:00:00.000Z,official|music|live,308712,4315,2976,1691,https://i.ytimg.com/vi/k-mI2Ivly6M/default.jpg,False,False,False,Auto-generated sample description for Entertainment video.
q4h_CHzCw-t,24.23.08,Top 10 Comedy Moments This Week,Channel_1033,12,2024-08-22T09:00:00.000Z,music|live|trending,80430,2639,263,91,https://i.ytimg.com/vi/g7W5uPKNn4v/default.jpg,False,False,False,Auto-generated sample description for Comedy video.
YqK6P6Hd3o1,25.27.01,Behind the Scenes: Music,Channel_3134,20,2025-01-26T10:00:00.000Z,live|vlog|2024,38456,2917,329,341,https://i.ytimg.com/vi/6V2KEJXqd4u/default.jpg,False,True,False,Auto-generated sample description for Music video.
HT0YcaMr5H0,25.22.01,Official Entertainment Highlights,Channel_1967,24,2025-01-19T16:00:00.000Z,vlog|live|2024,52178,3716,158,252,https://i.ytimg.com/vi/ddHeIUgZ9D0/default.jpg,False,False,False,Auto-generated sample description for Entertainment video.
xbA3X5oHsei,24.13.04,Reacting to Music Trends,Channel_3501,15,2024-04-09T03:00:00.000Z,vlog|official|2024,1670421,96556,2283,25384,https://i.ytimg.com/vi/2wO-_5zjCKp/default.jpg,False,False,False,Auto-generated sample description for Music video.
9jyuGLzr5UW,25.27.01,Behind the Scenes: Music,Channel_1904,15,2025-01-26T02:00:00.000Z,music|2024|official,34658,423,119,587,https://i.ytimg.com/vi/u_WphjLqasx/default.jpg,False,True,False,Auto-generated sample description for Music video.
0TnVj1WzGtU,24.28.08,Why This Film & Animation Video Went Viral,Channel_2121,3,2024-08-25T00:00:00.000Z,live|trending|official,1855,102,5,12,https://i.ytimg.com/vi/j-aRx_AckIX/default.jpg,False,False,False,Auto-generated sample description for Film & Animation video.
tcFi7Bdrqs_,24.03.11,Behind the Scenes: Music,Channel_3269,15,2024-11-02T01:00:00.000Z,trending|live|vlog,89711,6098,627,1173,https://i.ytimg.com/vi/uDefFmkbu2U/default.jpg,False,False,False,Auto-generated sample description for Music video.
2nXG9sRFEGw,24.13.11,Music Compilation 2024,Channel_2339,20,2024-11-13T05:00:00.000Z,music|review|trending,32612,2100,279,259,https://i.ytimg.com/vi/9k5Mxa8UwPW/default.jpg,False,False,False,Auto-generated sample description for Music video.
yic1xlCh1Yu,24.24.10,Top 10 Sports Moments This Week,Channel_4846,10,2024-10-24T00:00:00.000Z,music|2024|live,71952,5268,407,711,https://i.ytimg.com/vi/M9apEZDSu_8/default.jpg,False,False,False,Auto-generated sample description for Sports video.
zh4iCq9REDR,24.14.11,Sports Compilation 2024,Channel_1722,26,2024-11-10T19:00:00.000Z,vlog|2024|music,73687,1364,354,440,https://i.ytimg.com/vi/gVaMHgWNNAS/default.jpg,False,False,False,Auto-generated sample description for Sports video.
SVmuc1TfflQ,24.06.09,Reacting to Entertainment Trends,Channel_4964,24,2024-09-03T09:00:00.000Z,official|trending|vlog,85176,3849,81,441,https://i.ytimg.com/vi/v33hRWwTBKU/default.jpg,False,False,False,Auto-generated sample description for Entertainment video.
gPey503Vd9D,25.27.01,Reacting to Comedy Trends,Channel_2497,12,2025-01-27T14:00:00.000Z,live|official|trending,3568,50,33,4,https://i.ytimg.com/vi/zAJBaC4nvQK/default.jpg,False,False,False,Auto-generated sample description for Comedy video.
B-JxhqqkeNE,24.30.11,Behind the Scenes: Music,Channel_1991,19,2024-11-26T07:00:00.000Z,live|vlog|music,34415,966,278,168,https://i.ytimg.com/vi/yskFlic7Ux9/default.jpg,False,False,False,Auto-generated sample description for Music video.
9pRZSGtl-u1,24.03.02,Reacting to Gaming Trends,Channel_296,17,2024-01-31T12:00:00.000Z,trending|live|music,8114,470,65,38,https://i.ytimg.com/vi/AOkvuDpb6K0/default.jpg,False,False,False,Auto-generated sample description for Gaming video.
luBv_Aq88Jk,24.07.11,Top 10 Howto & Style Moments This Week,Channel_4631,16,2024-11-07T00:00:00.000Z,vlog|review|2024,4875,141,42,89,https://i.ytimg.com/vi/Dj__aW4P2nN/default.jpg,False,False,False,Auto-generated sample description for Howto & Style video.
roiuNJASIdh,24.02.11,Music Compilation 2024,Channel_1311,20,2024-10-29T15:00:00.000Z,vlog|music|2024,119250,6424,1080,151,https://i.ytimg.com/vi/JlcXd-YhLT1/default.jpg,False,False,False,Auto-generated sample description for Music video.
S8Fi0L6cnIT,24.05.11,Official Comedy Highlights,Channel_4146,5,2024-11-01T08:00:00.000Z,review|live|vlog,22214,976,26,405,https://i.ytimg.com/vi/5EUvWAUzuS3/default.jpg,False,False,False,Auto-generated sample description for Comedy video.
p4AeajjCM3b,24.19.12,Official Comedy Highlights,Channel_1876,12,2024-12-17T20:00:00.000Z,2024|trending|music,4764,171,46,64,https://i.ytimg.com/vi/URJs2hu3-Yi/default.jpg,False,False,False,Auto-generated sample description for Comedy video.
gIDG6JXPlBl,24.04.08,Education Compilation 2024,Channel_1586,9,2024-08-04T00:00:00.000Z,trending|music|live,11267,781,59,129,https://i.ytimg.com/vi/0jJatMRHT_N/default.jpg,False,False,False,Auto-generated sample description for Education video.
hxTMHIc1l94,24.11.06,Reacting to Sports Trends,Channel_2862,10,2024-06-11T17:00:00.000Z,official|vlog|review,709134,46526,3433,2987,https://i.ytimg.com/vi/W98GrdIdbVL/default.jpg,False,False,False,Auto-generated sample description for Sports video.
3VUSi_o-mrD,24.19.12,Reacting to Music Trends,Channel_1013,20,2024-12-19T04:00:00.000Z,live|vlog|music,17973,1063,79,219,https://i.ytimg.com/vi/f-pUr-4-gvq/default.jpg,False,False,False,Auto-generated sample description for Music video.
hq-8qDIhsWt,25.26.01,Official Autos & Vehicles Highlights,Channel_4600,29,2025-01-25T16:00:00.000Z,music|trending|vlog,1671,101,15,23,https://i.ytimg.com/vi/uMd8_2PBXE1/default.jpg,False,False,False,Auto-generated sample description for Autos & Vehicles video.
28oZccZJ8tM,24.30.07,Reacting to Music Trends,Channel_1170,20,2024-07-29T09:00:00.000Z,live|vlog|music,54534,3090,377,584,https://i.ytimg.com/vi/CpOQdguya5T/default.jpg,False,True,False,Auto-generated sample description for Music video.
Ls2gGa7TEE0,24.10.12,Why This People & Blogs Video Went Viral,Channel_4642,28,2024-12-09T06:00:00.000Z,trending|review|2024,11973,746,98,77,https://i.ytimg.com/vi/MFuvMgi6AWC/default.jpg,False,False,False,Auto-generated sample description for People & Blogs video.
0ErvExZ3JZu,24.29.04,Official Music Highlights,Channel_1507,20,2024-04-25T17:00:00.000Z,trending|review|vlog,132317,10301,1237,352,https://i.ytimg.com/vi/NHPg8HarZUk/default.jpg,False,False,False,Auto-generated sample description for Music video.
hauBfXX0vEn,24.22.04,Top 10 Music Moments This Week,Channel_3655,15,2024-04-22T15:00:00.000Z,2024|official|trending,51467,572,271,56,https://i.ytimg.com/vi/NBdwIoJnD25/default.jpg,False,False,False,Auto-generated sample description for Music video.
y_FlZ-K_Nu_,25.04.01,Entertainment Compilation 2024,Channel_4433,25,2024-12-31T12:00:00.000Z,official|vlog|review,8412,450,38,65,https://i.ytimg.com/vi/kMWmtLLYTa3/default.jpg,False,False,False,Auto-generated sample description for Entertainment video.
QuXNtTnQLzz,24.17.04,Behind the Scenes: Film & Animation,Channel_3893,3,2024-04-15T21:00:00.000Z,official|trending|music,3994,206,38,11,https://i.ytimg.com/vi/_4aeZjICLRl/default.jpg,False,False,False,Auto-generated sample description for Film & Animation video.
riLHy4XWt77,24.13.11,Top 10 Comedy Moments This Week,Channel_4169,5,2024-11-11T18:00:00.000Z,2024|official|music,7831,625,11,97,https://i.ytimg.com/vi/BsuENs2nBsu/default.jpg,False,False,False,Auto-generated sample description for Comedy video.
CsLRsXRWuNe,24.16.05,Behind the Scenes: Sports,Channel_4559,26,2024-05-16T11:00:00.000Z,2024|review|official,7841,540,63,40,https://i.ytimg.com/vi/-ML2RTAhg3R/default.jpg,False,False,False,Auto-generated sample description for Sports video.
BonmLJvzD2P,24.20.11,Why This Music Video Went Viral,Channel_289,20,2024-11-16T16:00:00.000Z,trending|music|official,105552,7868,361,1954,https://i.ytimg.com/vi/FGpAenY4vQf/default.jpg,False,False,False,Auto-generated sample description for Music video.
y3PmS2sA_g9,24.11.08,Reacting to Sports Trends,Channel_55,26,2024-08-08T02:00:00.000Z,live|review|2024,61657,4568,88,605,https://i.ytimg.com/vi/uuIN5tWUaoR/default.jpg,False,False,False,Auto-generated sample description for Sports video.
UAZwvdB6UkH,24.25.03,Official Science & Technology Highlights,Channel_83,7,2024-03-21T04:00:00.000Z,official|vlog|trending,2729,114,16,8,https://i.ytimg.com/vi/-uUIwf7IECq/default.jpg,False,False,False,Auto-generated sample description for Science & Technology video.
ztaiQgHkrlR,24.16.04,Official Entertainment Highlights,Channel_3330,24,2024-04-14T01:00:00.000Z,review|trending|official,67461,3173,456,888,https://i.ytimg.com/vi/umNVpxHwt01/default.jpg,False,False,False,Auto-generated sample description for Entertainment video.
0GbQrv0QOfE,24.21.06,Why This Comedy Video Went Viral,Channel_4235,12,2024-06-17T17:00:00.000Z,review|trending|live,8920,634,24,104,https://i.ytimg.com/vi/9oNZ_h_s5t-/default.jpg,False,False,False,Auto-generated sample description for Comedy video.
3ibYc3RRJaX,24.11.02,Behind the Scenes: Music,Channel_2244,15,2024-02-11T15:00:00.000Z,live|vlog|review,18259,239,123,55,https://i.ytimg.com/vi/jkCGibP-djv/default.jpg,False,False,False,Auto-generated sample description for Music video.
LUq53icYQd_,24.23.04,Top 10 Entertainment Moments This Week,Channel_4257,25,2024-04-20T09:00:00.000Z,music|review|trending,39162,1595,187,717,https://i.ytimg.com/vi/AyLL9xtzzQz/default.jpg,False,False,False,Auto-generated sample description for Entertainment video.
EuxP0LAZJB9,24.04.05,Official Gaming Highlights,Channel_3511,17,2024-05-01T02:00:00.000Z,official|music|2024,60000,2066,389,760,https://i.ytimg.com/vi/jqGSoaTRm79/default.jpg,False,False,False,Auto-generated sample description for Gaming video.
ToQ3V2ittvm,24.10.04,Official People & Blogs Highlights,Channel_3971,21,2024-04-06T10:00:00.000Z,live|review|2024,13243,427,78,48,https://i.ytimg.com/vi/_yDyjrwwMWu/default.jpg,False,False,False,Auto-generated sample description for People & Blogs video.
8m_l6d9VD24,24.18.09,Official Entertainment Highlights,Channel_1086,25,2024-09-18T15:00:00.000Z,vlog|trending|review,55858,1800,188,1103,https://i.ytimg.com/vi/-799Z8UgQ2_/default.jpg,False,False,False,Auto-generated sample description for Entertainment video.
RayXBRzxLzH,24.21.03,Why This Entertainment Video Went Viral,Channel_3752,25,2024-03-17T16:00:00.000Z,music|review|2024,80469,2463,683,1469,https://i.ytimg.com/vi/y8hFSGzwNtA/default.jpg,False,False,False,Auto-generated sample description for Entertainment video.
jx4tAGpMWs5,24.21.04,Sports Compilation 2024,Channel_364,1,2024-04-20T05:00:00.000Z,live|trending|music,15353,646,45,293,https://i.ytimg.com/vi/MzcYZEi_6i8/default.jpg,False,False,False,Auto-generated sample description for Sports video.
Ujl219W-lDq,24.24.07,Reacting to Sports Trends,Channel_2907,10,2024-07-20T22:00:00.000Z,2024|live|trending,8424,147,49,159,https://i.ytimg.com/vi/srE-ifYaCLu/default.jpg,False,False,False,Auto-generated sample description for Sports video.
d-Drgd7kGN0,24.25.03,Entertainment Compilation 2024,Channel_179,25,2024-03-23T21:00:00.000Z,2024|music|live,74893,3936,664,847,https://i.ytimg.com/vi/IdRZ7WdG8Nu/default.jpg,False,True,False,Auto-generated sample description for Entertainment video.
0CWb8RtUTxj,24.14.09,Why This Music Video Went Viral,Channel_1346,20,2024-09-10T10:00:00.000Z,vlog|2024|trending,20471,768,75,316,https://i.ytimg.com/vi/UptOaf9of_u/default.jpg,False,False,False,Auto-generated sample description for Music video.
gRBsMyfgLZb,24.12.07,Music Compilation 2024,Channel_2831,19,2024-07-11T04:00:00.000Z,vlog|2024|music,67245,732,476,116,https://i.ytimg.com/vi/Y1o515eJDmB/default.jpg,False,False,False,Auto-generated sample description for Music video.
ZPk7KOHSK6t,24.20.03,Reacting to Film & Animation Trends,Channel_2706,3,2024-03-19T21:00:00.000Z,live|music|official,704,12,5,9,https://i.ytimg.com/vi/jirJ55IUX4r/default.jpg,False,False,False,Auto-generated sample description for Film & Animation video.
mlSpJgWAPe8,24.03.12,Behind the Scenes: Sports,Channel_3453,1,2024-12-01T22:00:00.000Z,vlog|trending|2024,23237,1518,180,156,https://i.ytimg.com/vi/3SCSPR-cODz/default.jpg,False,True,False,Auto-generated sample description for Sports video.
E3wNdyZBMZn,24.19.03,Sports Compilation 2024,Channel_1137,26,2024-03-19T15:00:00.000Z,2024|live|music,9259,328,35,89,https://i.ytimg.com/vi/zlucZ-iHTq4/default.jpg,False,False,False,Auto-generated sample description for Sports video.
JkksF3zGAKP,24.28.07,Top 10 Music Moments This Week,Channel_3967,19,2024-07-27T03:00:00.000Z,music|vlog|2024,57638,2349,70,660,https://i.ytimg.com/vi/tHFFZSEBFbu/default.jpg,False,False,False,Auto-generated sample description for Music video.
pCDXuo1SVOY,24.08.09,Top 10 Entertainment Moments This Week,Channel_4659,24,2024-09-08T08:00:00.000Z,review|music|live,26310,1356,86,378,https://i.ytimg.com/vi/AKt0GQwJbdR/default.jpg,False,False,False,Auto-generated sample description for Entertainment video.
9Pq7d7RiPv7,24.10.03,Official Comedy Highlights,Channel_4699,12,2024-03-06T06:00:00.000Z,trending|live|vlog,5859,191,21,111,https://i.ytimg.com/vi/b69yUI189U7/default.jpg,False,False,False,Auto-generated sample description for Comedy video.
_w0QjVaTFSh,24.21.11,Behind the Scenes: Comedy,Channel_1800,12,2024-11-19T13:00:00.000Z,trending|2024|music,28812,1232,162,44,https://i.ytimg.com/vi/nJ5702LRHw_/default.jpg,False,False,False,Auto-generated sample description for Comedy video.
A8N-RlXwTN7,24.24.07,Reacting to Music Trends,Channel_847,20,2024-07-21T00:00:00.000Z,review|live|trending,14374,590,107,29,https://i.ytimg.com/vi/AqmNSwsJ9mY/default.jpg,False,True,False,Auto-generated sample description for Music video.
LnQi5fdc1Xu,24.25.05,Entertainment Compilation 2024,Channel_4205,25,2024-05-24T11:00:00.000Z,official|review|music,96079,7036,482,904,https://i.ytimg.com/vi/NNibo3_vuql/default.jpg,False,False,False,Auto-generated sample description for Entertainment video.
IZRkTXYKu6c,24.12.04,Reacting to Music Trends,Channel_3037,15,2024-04-08T18:00:00.000Z,2024|live|vlog,381599,9041,1442,6230,https://i.ytimg.com/vi/OM7e5UDPqO7/default.jpg,False,True,False,Auto-generated sample description for Music video.
QslGAf3XCMl,24.27.05,Music Compilation 2024,Channel_2243,15,2024-05-26T06:00:00.000Z,review|vlog|live,150755,1831,878,2524,https://i.ytimg.com/vi/7-vTn0x71wl/default.jpg,False,False,False,Auto-generated sample description for Music video.
iL_MO6F9GKu,24.11.07,Music Compilation 2024,Channel_2886,20,2024-07-07T05:00:00.000Z,music|live|review,29746,443,82,390,https://i.ytimg.com/vi/embohb8o1Ck/default.jpg,False,False,False,Auto-generated sample description for Music video.
668ijDCqhHt,24.01.08,Behind the Scenes: People & Blogs,Channel_3620,2,2024-07-28T01:00:00.000Z,music|live|trending,19566,372,46,122,https://i.ytimg.com/vi/XWFDtZ0scVs/default.jpg,False,False,False,Auto-generated sample description for People & Blogs video.
QkRE-sh1lTn,24.07.12,Music Compilation 2024,Channel_4588,15,2024-12-04T06:00:00.000Z,2024|review|music,46712,1508,367,569,https://i.ytimg.com/vi/qSVhuLe0trH/default.jpg,False,False,False,Auto-generated sample description for Music video.
nN-H0AI6ODQ,24.01.07,Top 10 Music Moments This Week,Channel_3746,20,2024-06-27T05:00:00.000Z,official|trending|review,13357,142,117,83,https://i.ytimg.com/vi/qVxR3bL-a-l/default.jpg,False,False,False,Auto-generated sample description for Music video.
WmiViRL9sHl,24.18.04,Top 10 Sports Moments This Week,Channel_4671,1,2024-04-14T15:00:00.000Z,official|trending|review,16572,373,104,74,https://i.ytimg.com/vi/QAccjAZy4Yd/default.jpg,False,False,False,Auto-generated sample description for Sports video.
j0dik7JAwyu,24.22.04,Reacting to Music Trends,Channel_4541,20,2024-04-20T17:00:00.000Z,2024|music|official,47591,889,165,762,https://i.ytimg.com/vi/STG9o-RM4gj/default.jpg,False,False,False,Auto-generated sample description for Music video.
dbNzF_hWj55,24.19.10,Top 10 People & Blogs Moments This Week,Channel_4546,2,2024-10-17T04:00:00.000Z,vlog|live|music,13540,475,126,114,https://i.ytimg.com/vi/6K-9ECY43lo/default.jpg,False,False,False,Auto-generated sample description for People & Blogs video.
3W8nT8n6psf,25.21.01,Official Entertainment Highlights,Channel_3618,24,2025-01-18T18:00:00.000Z,trending|review|live,107435,1170,500,415,https://i.ytimg.com/vi/-R-PMOWkguv/default.jpg,False,False,False,Auto-generated sample description for Entertainment video.
MPoSlyXC1uj,24.08.08,Top 10 Entertainment Moments This Week,Channel_4027,24,2024-08-08T18:00:00.000Z,trending|2024|review,6545,184,23,29,https://i.ytimg.com/vi/zmm-9zORS1D/default.jpg,False,False,False,Auto-generated sample description for Entertainment video.
IGgyAF16fvX,24.10.06,Official Entertainment Highlights,Channel_1656,25,2024-06-10T02:00:00.000Z,review|2024|vlog,41207,774,201,35,https://i.ytimg.com/vi/ihCPxyBkb_w/default.jpg,False,False,False,Auto-generated sample description for Entertainment video.
EMcE8zZiakg,24.30.04,Official People & Blogs Highlights,Channel_4964,21,2024-04-28T18:00:00.000Z,vlog|2024|live,3178,254,7,15,https://i.ytimg.com/vi/t0bkRUn35XZ/default.jpg,False,False,False,Auto-generated sample description for People & Blogs video.
Rr6CrA651Cv,24.06.03,Reacting to Music Trends,Channel_3326,20,2024-03-04T08:00:00.000Z,trending|review|2024,116734,5633,1097,137,https://i.ytimg.com/vi/wpJXpicXRbw/default.jpg,False,False,False,Auto-generated sample description for Music video.
8KQ1P0aFAS3,25.15.01,Top 10 Music Moments This Week,Channel_2065,15,2025-01-11T11:00:00.000Z,trending|live|2024,96395,6990,668,1800,https://i.ytimg.com/vi/VvDy25l5KVa/default.jpg,False,False,False,Auto-generated sample description for Music video.
6s0WmYKWxxh,24.02.11,Why This Education Video Went Viral,Channel_3439,18,2024-11-01T16:00:00.000Z,review|music|official,170477,6006,1149,3252,https://i.ytimg.com/vi/eC_UsChDAjm/default.jpg,False,False,False,Auto-generated sample description for Education video.
9VsSsxuioIg,24.28.07,Official Comedy Highlights,Channel_1100,5,2024-07-25T03:00:00.000Z,review|official|live,2163,80,13,29,https://i.ytimg.com/vi/e_IyK3IpZGq/default.jpg,False,False,False,Auto-generated sample description for Comedy video.
7EcTvRa0SYW,24.20.02,Why This Entertainment Video Went Viral,Channel_929,24,2024-02-16T07:00:00.000Z,trending|review|music,223629,6390,381,2815,https://i.ytimg.com/vi/qL4vCvC552D/default.jpg,False,False,False,Auto-generated sample description for Entertainment video.
sUQj6apUBiX,24.03.11,Why This Sports Video Went Viral,Channel_4943,1,2024-10-30T08:00:00.000Z,vlog|live|2024,53382,3876,276,212,https://i.ytimg.com/vi/hTd8gdGiP_x/default.jpg,False,False,False,Auto-generated sample description for Sports video.
mbvpduSlOuD,24.14.03,Gaming Compilation 2024,Channel_4936,17,2024-03-14T14:00:00.000Z,music|trending|official,10315,696,53,174,https://i.ytimg.com/vi/H36Ix9uk5tR/default.jpg,False,False,False,Auto-generated sample description for Gaming video.
kOC8AIgpzDT,24.13.07,Music Compilation 2024,Channel_2313,19,2024-07-10T17:00:00.000Z,vlog|2024|official,105453,2794,481,1401,https://i.ytimg.com/vi/A1VugRFeVfI/default.jpg,False,False,False,Auto-generated sample description for Music video.
AgO4UOTiqjv,24.31.03,Behind the Scenes: Music,Channel_3290,20,2024-03-27T09:00:00.000Z,review|vlog|trending,44353,2844,200,539,https://i.ytimg.com/vi/tfvULufcCkR/default.jpg,False,False,False,Auto-generated sample description for Music video.
ZGpAkJezqsp,24.29.06,Reacting to Music Trends,Channel_2331,15,2024-06-26T04:00:00.000Z,review|live|2024,110423,8359,789,225,https://i.ytimg.com/vi/-keK2GsQnXB/default.jpg,False,False,False,Auto-generated sample description for Music video.
WHxywNVGPGl,24.03.12,Reacting to Music Trends,Channel_4973,19,2024-12-03T04:00:00.000Z,music|live|official,119570,9377,280,182,https://i.ytimg.com/vi/LVNxx4sZoFs/default.jpg,False,False,False,Auto-generated sample description for Music video.
TVohl68ipJ3,24.05.04,Music Compilation 2024,Channel_1160,20,2024-04-04T12:00:00.000Z,review|2024|official,29069,2262,88,246,https://i.ytimg.com/vi/8y_wn9-FSUb/default.jpg,False,False,False,Auto-generated sample description for Music video.
K3WZeo9NaWW,24.01.10,Entertainment Compilation 2024,Channel_1503,25,2024-09-30T11:00:00.000Z,live|review|official,8707,378,81,118,https://i.ytimg.com/vi/1q5oQpHydj_/default.jpg,False,False,False,Auto-generated sample description for Entertainment video.
1aaAk2p_2ne,24.29.05,People & Blogs Compilation 2024,Channel_2052,21,2024-05-28T03:00:00.000Z,trending|official|vlog,4502,203,10,13,https://i.ytimg.com/vi/Ik2xzirgHrm/default.jpg,False,False,False,Auto-generated sample description for People & Blogs video.
AB2ltpCr6Kh,24.09.01,Film & Animation Compilation 2024,Channel_1787,13,2024-01-07T22:00:00.000Z,vlog|review|music,4715,307,12,75,https://i.ytimg.com/vi/K1C9N6SyHzP/default.jpg,False,False,True,Auto-generated sample description for Film & Animation video.
lVcAUFGyyJp,24.01.06,Behind the Scenes: Entertainment,Channel_2470,25,2024-05-28T22:00:00.000Z,trending|official|2024,27615,1533,138,233,https://i.ytimg.com/vi/B-h6KUiSZQ4/default.jpg,False,False,False,Auto-generated sample description for Entertainment video.
UmL42smvwXZ,24.03.07,Why This Film & Animation Video Went Viral,Channel_611,3,2024-06-29T07:00:00.000Z,2024|music|review,10768,738,20,116,https://i.ytimg.com/vi/0hlyhXEYcyg/default.jpg,False,False,False,Auto-generated sample description for Film & Animation video.
lv8-T4bWays,24.02.11,Official Music Highlights,Channel_4646,15,2024-10-29T02:00:00.000Z,trending|music|official,6283,461,41,49,https://i.ytimg.com/vi/ukQRWHWesEO/default.jpg,False,False,False,Auto-generated sample description for Music video.
WGHoHmzHZ3Q,24.29.02,Reacting to Comedy Trends,Channel_193,5,2024-02-28T10:00:00.000Z,trending|official|music,11932,802,85,26,https://i.ytimg.com/vi/NCXfWMyeyq4/default.jpg,False,False,False,Auto-generated sample description for Comedy video.
bDdFbhLgR2r,24.24.02,Why This Music Video Went Viral,Channel_4305,19,2024-02-20T05:00:00.000Z,trending|official|vlog,385259,9052,1719,2149,https://i.ytimg.com/vi/MRPzlfVSkTF/default.jpg,False,False,False,Auto-generated sample description for Music video.
dd7q8JSj03b,24.11.01,Reacting to Music Trends,Channel_4154,20,2024-01-11T11:00:00.000Z,official|music|vlog,209824,15526,912,1088,https://i.ytimg.com/vi/nMJg8NdQwtT/default.jpg,False,False,False,Auto-generated sample description for Music video.
cbcA7QwLPQs,24.18.08,Music Compilation 2024,Channel_2650,19,2024-08-17T16:00:00.000Z,live|review|2024,53147,2781,109,606,https://i.ytimg.com/vi/uC6ix7OpE3T/default.jpg,False,False,False,Auto-generated sample description for Music video.
09VZjSkfbie,24.07.01,Top 10 Entertainment Moments This Week,Channel_1146,24,2024-01-04T10:00:00.000Z,review|trending|official,28487,1014,40,186,https://i.ytimg.com/vi/4Ed9JB96Xoe/default.jpg,False,False,False,Auto-generated sample description for Entertainment video.
l5COZP1exsB,25.30.01,Why This Music Video Went Viral,Channel_935,20,2025-01-28T07:00:00.000Z,2024|review|music,178465,4684,268,734,https://i.ytimg.com/vi/uT44DN_OlYp/default.jpg,False,False,False,Auto-generated sample description for Music video.
kCAOxc81p4H,24.10.07,Behind the Scenes: Comedy,Channel_3676,12,2024-07-08T16:00:00.000Z,review|music|2024,6024,393,28,13,https://i.ytimg.com/vi/Vw43ntGvsbz/default.jpg,False,False,False,Auto-generated sample description for Comedy video.
lNkp8ZHOv_Z,24.23.11,Reacting to Music Trends,Channel_1655,19,2024-11-20T08:00:00.000Z,music|trending|2024,117616,8352,634,2215,https://i.ytimg.com/vi/VfeMenk3LSm/default.jpg,False,False,False,Auto-generated sample description for Music video.
qqIpJc2ktAk,25.05.01,Why This Entertainment Video Went Viral,Channel_1244,24,2025-01-02T07:00:00.000Z,official|music|live,38254,1826,208,618,https://i.ytimg.com/vi/cE94CnuXSdh/default.jpg,False,False,False,Auto-generated sample description for Entertainment video.
qtPSQmp7v1B,24.22.03,Official Music Highlights,Channel_3605,19,2024-03-22T01:00:00.000Z,vlog|live|2024,45388,3273,215,190,https://i.ytimg.com/vi/rbXUSpL_A0y/default.jpg,False,False,False,Auto-generated sample description for Music video.
Z8sPxyo4eKV,24.28.05,Official Music Highlights,Channel_1602,19,2024-05-27T17:00:00.000Z,review|2024|official,10058,172,88,76,https://i.ytimg.com/vi/gDG9WCyM6SM/default.jpg,False,False,False,Auto-generated sample description for Music video.
0UdDwcOt_hb,24.10.05,Reacting to Music Trends,Channel_358,19,2024-05-08T09:00:00.000Z,trending|2024|vlog,299428,20232,1174,2939,https://i.ytimg.com/vi/ZNE0JxOSpnj/default.jpg,True,False,False,Auto-generated sample description for Music video.
QFg8DdnZwP6,24.06.03,Music Compilation 2024,Channel_2256,20,2024-03-06T12:00:00.000Z,official|trending|live,11572,491,60,11,https://i.ytimg.com/vi/c7TTNRxBpE7/default.jpg,True,False,False,Auto-generated sample description for Music video.
P-e44qtBPpL,24.01.07,Reacting to Music Trends,Channel_376,15,2024-06-28T14:00:00.000Z,trending|live|2024,14835,1088,113,98,https://i.ytimg.com/vi/SkjrdNUBlR7/default.jpg,False,False,False,Auto-generated sample description for Music video.
cgIZGR39_TL,25.07.01,Entertainment Compilation 2024,Channel_2442,25,2025-01-03T14:00:00.000Z,music|live|review,8577,381,24,64,https://i.ytimg.com/vi/F7w40WB5RNF/default.jpg,False,False,False,Auto-generated sample description for Entertainment video.
fLbO97A6NQo,24.24.12,Top 10 Comedy Moments This Week,Channel_267,12,2024-12-20T19:00:00.000Z,vlog|live|music,91697,7113,482,1744,https://i.ytimg.com/vi/apJjZ_P4Hvt/default.jpg,False,True,False,Auto-generated sample description for Comedy video.
W2IV7HW18ui,24.03.11,Why This Sports Video Went Viral,Channel_2970,1,2024-11-01T17:00:00.000Z,official|trending|2024,16547,1025,95,258,https://i.ytimg.com/vi/rwL29C5T06I/default.jpg,False,False,False,Auto-generated sample description for Sports video.
IWxo3Q8egAm,24.09.12,Official Entertainment Highlights,Channel_4492,24,2024-12-07T17:00:00.000Z,vlog|live|review,19987,1426,130,187,https://i.ytimg.com/vi/8vxEi8QRoCK/default.jpg,False,False,False,Auto-generated sample description for Entertainment video.
3Ml9b9g2B51,24.01.05,Why This Entertainment Video Went Viral,Channel_72,25,2024-04-27T20:00:00.000Z,2024|trending|live,512252,29714,3605,3363,https://i.ytimg.com/vi/EYZ7iENfVfs/default.jpg,False,False,False,Auto-generated sample description for Entertainment video.
xCW20jSvd0N,24.20.10,Top 10 Music Moments This Week,Channel_1598,20,2024-10-20T01:00:00.000Z,review|live|music,36345,2687,180,136,https://i.ytimg.com/vi/gooZ2d3NZbE/default.jpg,False,False,False,Auto-generated sample description for Music video.
5v5bFG-fbKx,24.20.08,Behind the Scenes: Music,Channel_4425,19,2024-08-19T14:00:00.000Z,2024|music|live,3827,176,11,37,https://i.ytimg.com/vi/eFHFLxFBfPX/default.jpg,False,False,False,Auto-generated sample description for Music video.
xAieEaXiz2K,24.09.06,Behind the Scenes: People & Blogs,Channel_996,28,2024-06-05T20:00:00.000Z,live|review|2024,8509,412,54,157,https://i.ytimg.com/vi/MgquhuR-lfg/default.jpg,False,False,False,Auto-generated sample description for People & Blogs video.
qY_PEZrN4IU,24.25.01,Music Compilation 2024,Channel_1012,15,2024-01-22T04:00:00.000Z,live|trending|2024,180411,2148,1126,3269,https://i.ytimg.com/vi/Ll8Yf33yOTH/default.jpg,False,False,False,Auto-generated sample description for Music video.
qlJ1plpzoBL,25.22.01,Top 10 Gaming Moments This Week,Channel_1862,17,2025-01-20T15:00:00.000Z,music|official|live,40024,642,158,206,https://i.ytimg.com/vi/e2maIzuFoug/default.jpg,False,False,False,Auto-generated sample description for Gaming video.
XsV5JcpOn-p,24.12.01,Why This Music Video Went Viral,Channel_1744,20,2024-01-11T09:00:00.000Z,official|2024|live,8267,393,75,42,https://i.ytimg.com/vi/uSiUJcER3Bf/default.jpg,False,False,False,Auto-generated sample description for Music video.
-16I3J6gZqV,24.29.07,Reacting to Music Trends,Channel_590,19,2024-07-29T11:00:00.000Z,official|review|trending,165370,7822,536,2577,https://i.ytimg.com/vi/BdjKuGtijc_/default.jpg,False,False,False,Auto-generated sample description for Music video.
OXzCWIPHOcr,24.23.07,Why This Music Video Went Viral,Channel_1679,20,2024-07-20T00:00:00.000Z,music|official|trending,14057,789,121,215,https://i.ytimg.com/vi/k3HQlYxVidH/default.jpg,False,False,False,Auto-generated sample description for Music video.
Kavvonhnppr,24.11.08,Reacting to Film & Animation Trends,Channel_943,27,2024-08-08T11:00:00.000Z,official|live|music,1064,82,3,8,https://i.ytimg.com/vi/abo3S2PHWzN/default.jpg,False,False,False,Auto-generated sample description for Film & Animation video.
px94Y7x9ie2,24.02.08,Comedy Compilation 2024,Channel_4219,12,2024-08-01T20:00:00.000Z,trending|official|live,22447,1414,204,216,https://i.ytimg.com/vi/40yZjXNZtxf/default.jpg,False,False,False,Auto-generated sample description for Comedy video.
HOLsd8wC1O5,24.20.04,Behind the Scenes: Education,Channel_2264,9,2024-04-20T02:00:00.000Z,2024|review|trending,225,2,1,3,https://i.ytimg.com/vi/ZnFHeusMmdc/default.jpg,False,False,False,Auto-generated sample description for Education video.
ehR5EVet4Ma,24.10.11,Behind the Scenes: Education,Channel_2456,18,2024-11-06T19:00:00.000Z,music|trending|2024,781,18,6,14,https://i.ytimg.com/vi/thN-XUcwSh3/default.jpg,False,False,False,Auto-generated sample description for Education video.
_tZhA_Jm4HQ,24.25.06,Why This Music Video Went Viral,Channel_1742,19,2024-06-22T00:00:00.000Z,trending|live|official,428,21,3,4,https://i.ytimg.com/vi/UlKDB7JiV5t/default.jpg,False,False,False,Auto-generated sample description for Music video.
4WysHsJ-MEt,24.23.11,Entertainment Compilation 2024,Channel_4724,24,2024-11-21T17:00:00.000Z,2024|live|music,30978,1812,134,388,https://i.ytimg.com/vi/aouCKBUNxGS/default.jpg,False,False,False,Auto-generated sample description for Entertainment video.
H1FC_ozni1m,24.15.12,Top 10 Sports Moments This Week,Channel_2783,26,2024-12-11T04:00:00.000Z,trending|review|music,823,31,7,3,https://i.ytimg.com/vi/30SlL6e-jgV/default.jpg,False,False,False,Auto-generated sample description for Sports video.
7IyL26izYFG,24.12.11,Official News & Politics Highlights,Channel_3271,22,2024-11-11T00:00:00.000Z,live|2024|vlog,3085,189,22,48,https://i.ytimg.com/vi/xtX_jnY1lEl/default.jpg,False,False,False,Auto-generated sample description for News & Politics video.
zzq0d0wt1_9,24.14.11,Official People & Blogs Highlights,Channel_4636,28,2024-11-13T07:00:00.000Z,music|review|vlog,1909,112,13,12,https://i.ytimg.com/vi/kXF2ecUwMzz/default.jpg,False,False,True,Auto-generated sample description for People & Blogs video.
U2vQnhpDvmT,24.04.10,Why This Film & Animation Video Went Viral,Channel_3877,13,2024-10-03T13:00:00.000Z,review|vlog|live,7182,446,4,130,https://i.ytimg.com/vi/q8f8g5mJQrw/default.jpg,False,False,False,Auto-generated sample description for Film & Animation video.
Uha-nbpTQPm,24.02.06,Behind the Scenes: Comedy,Channel_4507,12,2024-06-01T09:00:00.000Z,review|official|trending,7823,556,41,48,https://i.ytimg.com/vi/8hB7upIbrTK/default.jpg,False,True,False,Auto-generated sample description for Comedy video.
EC5QQuiUVhv,24.10.09,Music Compilation 2024,Channel_3703,15,2024-09-08T21:00:00.000Z,music|live|2024,230018,7809,1909,2194,https://i.ytimg.com/vi/9iIOjBIlCe3/default.jpg,False,False,False,Auto-generated sample description for Music video.
zWDbGHWiVVW,24.14.12,Top 10 Entertainment Moments This Week,Channel_4077,24,2024-12-10T16:00:00.000Z,vlog|music|live,149706,7259,781,2359,https://i.ytimg.com/vi/6_fuPFmSu62/default.jpg,False,False,False,Auto-generated sample description for Entertainment video.
w4QaRdz1hyX,24.07.04,Official Sports Highlights,Channel_1402,10,2024-04-03T02:00:00.000Z,live|music|vlog,9587,256,31,130,https://i.ytimg.com/vi/-2Uepwg66ul/default.jpg,False,False,False,Auto-generated sample description for Sports video.
kwNs24FcGoB,24.16.01,Reacting to News & Politics Trends,Channel_964,11,2024-01-15T07:00:00.000Z,live|review|official,3804,97,14,13,https://i.ytimg.com/vi/Ym8KZ28l1bA/default.jpg,False,False,False,Auto-generated sample description for News & Politics video.
LYqvRpNmvt7,24.13.11,Why This Gaming Video Went Viral,Channel_3120,17,2024-11-11T21:00:00.000Z,official|2024|music,4068,164,30,60,https://i.ytimg.com/vi/kT6gkAzShZ8/default.jpg,False,False,False,Auto-generated sample description for Gaming video.
SjzUZ48-jMq,24.17.08,Music Compilation 2024,Channel_4918,15,2024-08-17T03:00:00.000Z,review|2024|live,661671,8407,1505,11029,https://i.ytimg.com/vi/g9iO8Iq1XzH/default.jpg,False,False,False,Auto-generated sample description for Music video.
dOkykdnQSoX,24.17.10,Top 10 Music Moments This Week,Channel_2545,20,2024-10-15T10:00:00.000Z,music|vlog|official,42013,1949,89,755,https://i.ytimg.com/vi/SQpqzKvx1Ju/default.jpg,False,False,False,Auto-generated sample description for Music video.
cRa5HlUa7wC,24.17.09,Behind the Scenes: Entertainment,Channel_4836,25,2024-09-13T15:00:00.000Z,official|review|live,86921,2927,869,1373,https://i.ytimg.com/vi/4PrFcKte_kb/default.jpg,False,False,False,Auto-generated sample description for Entertainment video.
CeDjPQZgEKK,24.02.10,Why This News & Politics Video Went Viral,Channel_4015,8,2024-10-01T11:00:00.000Z,vlog|music|official,10366,120,82,47,https://i.ytimg.com/vi/OFTj37RcgKT/default.jpg,False,False,False,Auto-generated sample description for News & Politics video.
6BIBrLxFvTb,24.28.06,Reacting to Music Trends,Channel_158,19,2024-06-25T02:00:00.000Z,vlog|music|review,6123,394,13,22,https://i.ytimg.com/vi/M0B07kIR_YD/default.jpg,False,False,False,Auto-generated sample description for Music video.
j1rYqvuOPyC,25.03.02,Official Comedy Highlights,Channel_2878,5,2025-01-30T20:00:00.000Z,music|review|2024,71506,4458,445,586,https://i.ytimg.com/vi/8XBmudGxWvS/default.jpg,False,False,False,Auto-generated sample description for Comedy video.
I0ZrTkxihsL,24.02.02,Official Comedy Highlights,Channel_2576,12,2024-02-02T20:00:00.000Z,vlog|review|music,133165,2483,291,738,https://i.ytimg.com/vi/2uKEs7mVzqp/default.jpg,False,False,False,Auto-generated sample description for Comedy video.
0gt8csDpHVm,24.01.05,Reacting to Music Trends,Channel_3779,15,2024-04-27T18:00:00.000Z,2024|official|review,8153,588,78,39,https://i.ytimg.com/vi/V8dqEkYuCxD/default.jpg,False,False,False,Auto-generated sample description for Music video.
Trgii78Rc-O,24.19.02,Behind the Scenes: Music,Channel_158,20,2024-02-15T10:00:00.000Z,trending|official|review,84525,3463,583,1328,https://i.ytimg.com/vi/9EUrJLn39qi/default.jpg,False,False,False,Auto-generated sample description for Music video.
T7xqP5KszY4,24.16.04,Why This Music Video Went Viral,Channel_4150,20,2024-04-15T07:00:00.000Z,review|vlog|music,296508,6156,2275,4007,https://i.ytimg.com/vi/TOveGm6_O71/default.jpg,False,True,False,Auto-generated sample description for Music video.
UtiKXONasiW,24.22.12,Official Music Highlights,Channel_2260,20,2024-12-18T22:00:00.000Z,vlog|live|2024,228341,5219,1913,2476,https://i.ytimg.com/vi/cmxVXVsO2Bk/default.jpg,False,False,False,Auto-generated sample description for Music video.
HDmQ6kTr1hY,24.20.09,Why This Entertainment Video Went Viral,Channel_2070,25,2024-09-18T07:00:00.000Z,trending|music|vlog,154379,6013,475,1039,https://i.ytimg.com/vi/Cof5KHW5U3k/default.jpg,False,False,False,Auto-generated sample description for Entertainment video.
M3atFFbSvk9,24.28.08,Behind the Scenes: Sports,Channel_2986,10,2024-08-24T12:00:00.000Z,vlog|trending|live,3170,202,4,22,https://i.ytimg.com/vi/trb795KqjrV/default.jpg,False,False,False,Auto-generated sample description for Sports video.
n6N0A4RyfY7,24.28.10,Behind the Scenes: Entertainment,Channel_1094,24,2024-10-24T03:00:00.000Z,review|official|trending,119577,7800,404,368,https://i.ytimg.com/vi/o10NtsEjwvy/default.jpg,False,False,False,Auto-generated sample description for Entertainment video.
U-dYAfZj5DA,24.02.05,Behind the Scenes: Music,Channel_767,20,2024-04-29T09:00:00.000Z,music|trending|vlog,571755,17041,4419,5161,https://i.ytimg.com/vi/zCwMsC3Aisw/default.jpg,False,False,False,Auto-generated sample description for Music video.
bIHeAMN-KG3,24.13.04,Behind the Scenes: Comedy,Channel_4997,5,2024-04-10T14:00:00.000Z,vlog|2024|trending,2944,91,21,20,https://i.ytimg.com/vi/CvsX-pyHnNL/default.jpg,False,False,False,Auto-generated sample description for Comedy video.
Bz19hay1cGv,24.26.04,Music Compilation 2024,Channel_464,15,2024-04-26T18:00:00.000Z,official|music|review,1191349,90519,1810,13155,https://i.ytimg.com/vi/8vQk0JH6FjG/default.jpg,False,False,False,Auto-generated sample description for Music video.
g2P1FwddB6L,25.05.02,Why This Sports Video Went Viral,Channel_1176,1,2025-02-03T10:00:00.000Z,review|music|trending,6242,399,24,86,https://i.ytimg.com/vi/mJ-gkSBrevu/default.jpg,False,False,False,Auto-generated sample description for Sports video.
EqFVv5iXegS,24.27.07,Top 10 Comedy Moments This Week,Channel_1562,5,2024-07-25T18:00:00.000Z,music|vlog|review,48912,3044,115,791,https://i.ytimg.com/vi/URZDhxyOera/default.jpg,False,False,False,Auto-generated sample description for Comedy video.
6g3sOwl44AH,24.23.11,Top 10 Music Moments This Week,Channel_1155,15,2024-11-23T22:00:00.000Z,review|music|live,296172,19846,153,5276,https://i.ytimg.com/vi/9_eFsTl8b80/default.jpg,False,False,False,Auto-generated sample description for Music video.
7aNEvmU2yrF,24.31.08,Film & Animation Compilation 2024,Channel_1995,13,2024-08-27T10:00:00.000Z,vlog|trending|music,16132,352,65,121,https://i.ytimg.com/vi/wZ3tXf9vWyo/default.jpg,False,False,False,Auto-generated sample description for Film & Animation video.
NGKJISsy42N,24.19.10,Entertainment Compilation 2024,Channel_4545,25,2024-10-16T16:00:00.000Z,live|music|trending,88897,3494,636,523,https://i.ytimg.com/vi/_psSnYV2SDM/default.jpg,False,False,False,Auto-generated sample description for Entertainment video.
bpDv-bBef5k,24.17.07,Why This Entertainment Video Went Viral,Channel_1216,25,2024-07-17T18:00:00.000Z,official|review|2024,8662,582,86,13,https://i.ytimg.com/vi/Ym67cGO1VwG/default.jpg,False,False,False,Auto-generated sample description for Entertainment video.
AaIvlyAG8aK,24.11.11,Music Compilation 2024,Channel_2279,20,2024-11-11T01:00:00.000Z,trending|live|official,104753,5885,243,871,https://i.ytimg.com/vi/o8G5J7Iw35o/default.jpg,False,False,False,Auto-generated sample description for Music video.
HpU9jCNvNli,24.13.02,Official Entertainment Highlights,Channel_3064,24,2024-02-12T18:00:00.000Z,trending|review|vlog,14573,971,89,125,https://i.ytimg.com/vi/w8sHc0SY0-0/default.jpg,False,False,False,Auto-generated sample description for Entertainment video.
x30boBHMhzu,25.06.01,Why This Autos & Vehicles Video Went Viral,Channel_569,29,2025-01-03T20:00:00.000Z,official|review|music,23604,1517,29,304,https://i.ytimg.com/vi/rhdUKxGEob6/default.jpg,False,False,False,Auto-generated sample description for Autos & Vehicles video.
d9umegXxaFu,24.18.04,Gaming Compilation 2024,Channel_1731,17,2024-04-16T20:00:00.000Z,music|2024|live,32871,1893,224,393,https://i.ytimg.com/vi/GJF2tfyLomk/default.jpg,False,False,False,Auto-generated sample description for Gaming video.
qfRnQVDBiOK,24.02.04,Official Music Highlights,Channel_4647,19,2024-04-02T11:00:00.000Z,official|review|2024,102315,2851,324,971,https://i.ytimg.com/vi/kzenbfCg1hE/default.jpg,False,False,False,Auto-generated sample description for Music video.
0l3tsDRF3Yt,24.12.06,Behind the Scenes: Music,Channel_1697,20,2024-06-10T16:00:00.000Z,trending|review|vlog,85706,1574,333,721,https://i.ytimg.com/vi/_IbcqfQwVLO/default.jpg,False,False,False,Auto-generated sample description for Music video.
m9u7dw6vGj6,24.06.07,Why This Entertainment Video Went Viral,Channel_3095,25,2024-07-03T14:00:00.000Z,live|review|official,74647,919,346,168,https://i.ytimg.com/vi/38FNrkItX9_/default.jpg,False,False,False,Auto-generated sample description for Entertainment video.
dO94EcUvICf,24.20.03,Why This Entertainment Video Went Viral,Channel_3005,24,2024-03-20T00:00:00.000Z,vlog|trending|music,115086,4208,346,2206,https://i.ytimg.com/vi/YyqVKzYT9Vo/default.jpg,True,False,False,Auto-generated sample description for Entertainment video.
NtdswlD2hR8,24.02.11,Reacting to Film & Animation Trends,Channel_3722,3,2024-11-02T06:00:00.000Z,trending|vlog|live,464,34,1,0,https://i.ytimg.com/vi/9gqD_rPzHBu/default.jpg,False,False,False,Auto-generated sample description for Film & Animation video.
JV6tuXo08Z_,24.17.10,Behind the Scenes: Entertainment,Channel_1396,24,2024-10-17T12:00:00.000Z,2024|live|official,104772,4158,412,1387,https://i.ytimg.com/vi/KWak_8SU3tu/default.jpg,False,False,False,Auto-generated sample description for Entertainment video.
pcOdRzpJZum,24.13.02,Reacting to Film & Animation Trends,Channel_4174,13,2024-02-11T05:00:00.000Z,trending|official|music,6446,462,14,53,https://i.ytimg.com/vi/9S_VlnYC2c6/default.jpg,False,False,False,Auto-generated sample description for Film & Animation video.
6zs8mMTBk7D,24.01.09,Top 10 Film & Animation Moments This Week,Channel_2660,13,2024-08-28T05:00:00.000Z,music|official|vlog,1746,98,6,27,https://i.ytimg.com/vi/K1c2g73HdC8/default.jpg,False,False,False,Auto-generated sample description for Film & Animation video.
e6dNRJwpEPK,24.24.09,Reacting to Music Trends,Channel_4757,19,2024-09-24T00:00:00.000Z,2024|vlog|official,27087,498,185,346,https://i.ytimg.com/vi/yVzN1kwRPRw/default.jpg,False,False,False,Auto-generated sample description for Music video.
q8pj2qPDnBS,24.22.05,Official News & Politics Highlights,Channel_4135,22,2024-05-21T09:00:00.000Z,review|live|vlog,3101,48,12,54,https://i.ytimg.com/vi/zsDQk0Xnh7K/default.jpg,False,False,False,Auto-generated sample description for News & Politics video.
b2pihIZP_wO,24.11.06,Sports Compilation 2024,Channel_4353,10,2024-06-07T04:00:00.000Z,review|2024|vlog,7821,514,65,68,https://i.ytimg.com/vi/QPa6njbwVRf/default.jpg,False,False,False,Auto-generated sample description for Sports video.
7u-SVP35h9h,24.11.05,Behind the Scenes: Music,Channel_692,15,2024-05-11T21:00:00.000Z,vlog|review|2024,31212,1060,143,64,https://i.ytimg.com/vi/j9fJ3dLSY-U/default.jpg,False,False,False,Auto-generated sample description for Music video.
cizzRf7RLkj,24.14.10,Behind the Scenes: Entertainment,Channel_1561,24,2024-10-10T21:00:00.000Z,live|official|music,9838,248,26,188,https://i.ytimg.com/vi/cqI2LbWCLgG/default.jpg,False,False,False,Auto-generated sample description for Entertainment video.
bsLJkyYk17r,24.28.06,Education Compilation 2024,Channel_4289,9,2024-06-28T15:00:00.000Z,vlog|2024|review,8297,483,59,101,https://i.ytimg.com/vi/xa_FqLBT0om/default.jpg,False,False,False,Auto-generated sample description for Education video.
7lpE7Fyv380,24.28.10,Top 10 Entertainment Moments This Week,Channel_3689,25,2024-10-27T17:00:00.000Z,2024|live|music,134394,6229,749,1405,https://i.ytimg.com/vi/YeyYp9q1bN5/default.jpg,False,False,False,Auto-generated sample description for Entertainment video.
xtbSg7NaQf8,24.03.11,Official Music Highlights,Channel_3779,19,2024-11-02T18:00:00.000Z,review|trending|music,12596,140,19,70,https://i.ytimg.com/vi/lTBGTxHOJ07/default.jpg,False,False,False,Auto-generated sample description for Music video.
nnKBcwd09om,24.12.10,Reacting to Music Trends,Channel_4844,20,2024-10-12T08:00:00.000Z,review|music|2024,24082,874,194,231,https://i.ytimg.com/vi/gorX4REPBqv/default.jpg,False,False,False,Auto-generated sample description for Music video.
7kAE093UpMp,24.06.11,Behind the Scenes: Comedy,Channel_4618,5,2024-11-03T00:00:00.000Z,trending|2024|official,15528,912,143,198,https://i.ytimg.com/vi/ppO__kGYV6A/default.jpg,False,False,False,Auto-generated sample description for Comedy video.
wo_QqybG0R3,24.13.03,Top 10 Sports Moments This Week,Channel_4719,26,2024-03-10T01:00:00.000Z,live|music|review,2248,87,11,3,https://i.ytimg.com/vi/N5d8xeZiL7L/default.jpg,False,False,False,Auto-generated sample description for Sports video.
L9F3anq0la6,24.22.08,Behind the Scenes: Entertainment,Channel_305,25,2024-08-18T22:00:00.000Z,review|music|2024,23166,407,214,390,https://i.ytimg.com/vi/4MSnej5Pn36/default.jpg,False,False,False,Auto-generated sample description for Entertainment video.
WaFUkjglJlP,24.25.03,Top 10 News & Politics Moments This Week,Channel_62,11,2024-03-21T15:00:00.000Z,review|live|trending,31904,2449,150,112,https://i.ytimg.com/vi/tu0Q4pZsjBb/default.jpg,False,False,False,Auto-generated sample description for News & Politics video.
4LY3maPiwF-,24.18.02,Music Compilation 2024,Channel_3846,20,2024-02-16T13:00:00.000Z,2024|live|review,315631,15819,1058,5361,https://i.ytimg.com/vi/eP63SRtaPIB/default.jpg,False,False,False,Auto-generated sample description for Music video.
f2M_0GhVaKH,24.17.10,Official Entertainment Highlights,Channel_4518,24,2024-10-17T19:00:00.000Z,review|live|vlog,41579,3153,405,399,https://i.ytimg.com/vi/XsjQr0fZMNm/default.jpg,False,False,False,Auto-generated sample description for Entertainment video.
DRG_5jXeHdV,24.16.08,Education Compilation 2024,Channel_1927,6,2024-08-16T16:00:00.000Z,official|trending|vlog,35131,2046,204,482,https://i.ytimg.com/vi/HHSHpqNZmP6/default.jpg,False,False,False,Auto-generated sample description for Education video.
vdBpnyUUmcC,24.01.12,Behind the Scenes: Music,Channel_456,20,2024-11-28T09:00:00.000Z,review|trending|vlog,16745,445,74,256,https://i.ytimg.com/vi/aDvTLv2MHGL/default.jpg,False,False,False,Auto-generated sample description for Music video.
lLxQQ-EM6g4,24.12.11,Why This Entertainment Video Went Viral,Channel_759,25,2024-11-11T00:00:00.000Z,live|official|music,86019,3724,811,494,https://i.ytimg.com/vi/4NwKQfrfEhl/default.jpg,False,False,False,Auto-generated sample description for Entertainment video.
asM6mUv_WFX,24.25.11,Music Compilation 2024,Channel_4300,19,2024-11-24T14:00:00.000Z,review|2024|music,20750,1334,127,362,https://i.ytimg.com/vi/bKTfzG8xg71/default.jpg,False,False,False,Auto-generated sample description for Music video.
txv7yxX9fCZ,24.08.06,Entertainment Compilation 2024,Channel_2924,25,2024-06-08T04:00:00.000Z,vlog|trending|review,666244,35348,4488,5459,https://i.ytimg.com/vi/iBUwSd91TTO/default.jpg,False,False,False,Auto-generated sample description for Entertainment video.
L9bL8hCKaQr,24.27.09,Reacting to People & Blogs Trends,Channel_4763,2,2024-09-24T05:00:00.000Z,review|official|music,3866,263,30,76,https://i.ytimg.com/vi/oKQw5dve0eZ/default.jpg,False,False,False,Auto-generated sample description for People & Blogs video.
DnDf6j0TujT,24.11.01,Entertainment Compilation 2024,Channel_206,25,2024-01-11T06:00:00.000Z,official|2024|trending,212280,11647,1077,2666,https://i.ytimg.com/vi/8DQr0hfiM-U/default.jpg,False,False,False,Auto-generated sample description for Entertainment video.
-Q3DE4DBxCS,24.08.11,People & Blogs Compilation 2024,Channel_4763,28,2024-11-06T19:00:00.000Z,review|music|vlog,24040,1743,54,45,https://i.ytimg.com/vi/6ne_t0GVWxv/default.jpg,False,False,False,Auto-generated sample description for People & Blogs video.
LA7Wr4gG0I-,24.19.03,Behind the Scenes: Sports,Channel_1147,10,2024-03-16T20:00:00.000Z,2024|vlog|trending,14113,566,95,235,https://i.ytimg.com/vi/5DP1TxAWye1/default.jpg,False,False,False,Auto-generated sample description for Sports video.
zmtOXrEmkWV,24.25.05,Music Compilation 2024,Channel_4889,19,2024-05-24T09:00:00.000Z,official|music|live,2209,35,20,23,https://i.ytimg.com/vi/q0-Zi5jXHZL/default.jpg,False,False,False,Auto-generated sample description for Music video.
EWq6-MyS63R,24.25.09,Behind the Scenes: Music,Channel_1814,20,2024-09-23T16:00:00.000Z,trending|vlog|2024,14543,180,43,148,https://i.ytimg.com/vi/tkCRsHjWnXl/default.jpg,False,False,False,Auto-generated sample description for Music video.
CwGT7ZMvxwf,24.12.05,Entertainment Compilation 2024,Channel_3632,25,2024-05-09T21:00:00.000Z,trending|live|review,881298,35435,6028,13212,https://i.ytimg.com/vi/V_zUMeOC2QT/default.jpg,False,False,False,Auto-generated sample description for Entertainment video.
KINoFawKA7r,24.30.12,Sports Compilation 2024,Channel_802,10,2024-12-26T19:00:00.000Z,live|vlog|trending,81890,4639,362,1532,https://i.ytimg.com/vi/ru9PBv0uYix/default.jpg,False,False,False,Auto-generated sample description for Sports video.
M7X5ruNSMNY,24.05.09,Music Compilation 2024,Channel_1572,15,2024-09-03T17:00:00.000Z,music|trending|official,27168,1691,65,298,https://i.ytimg.com/vi/CelzskIsyEH/default.jpg,False,False,False,Auto-generated sample description for Music video.
btmaEsHGmED,24.11.10,Top 10 Entertainment Moments This Week,Channel_1471,24,2024-10-10T08:00:00.000Z,official|vlog|review,37811,3013,181,114,https://i.ytimg.com/vi/89BB-F9aYzs/default.jpg,False,False,False,Auto-generated sample description for Entertainment video.
KY6wlkmzwan,24.06.07,Why This Gaming Video Went Viral,Channel_2070,17,2024-07-05T15:00:00.000Z,live|2024|trending,11418,876,39,88,https://i.ytimg.com/vi/Tcbj3M29D4Q/default.jpg,False,False,False,Auto-generated sample description for Gaming video.
y7SG7JapNgV,24.23.08,Reacting to Music Trends,Channel_1102,20,2024-08-22T18:00:00.000Z,official|review|live,125378,7405,1236,836,https://i.ytimg.com/vi/tYDUgw3AZhE/default.jpg,False,False,False,Auto-generated sample description for Music video.
XEdCw_pGBFt,24.17.01,Music Compilation 2024,Channel_2834,20,2024-01-14T18:00:00.000Z,vlog|music|2024,130538,4548,202,128,https://i.ytimg.com/vi/f0cLKv7ZaBG/default.jpg,False,False,False,Auto-generated sample description for Music video.
SR1zmTOydMj,24.20.12,Behind the Scenes: Film & Animation,Channel_3147,27,2024-12-17T08:00:00.000Z,music|review|2024,5095,319,20,95,https://i.ytimg.com/vi/W7whQgJD5ii/default.jpg,False,False,False,Auto-generated sample description for Film & Animation video.
6iNDHsQ9_Sl,25.02.02,Top 10 News & Politics Moments This Week,Channel_4261,8,2025-01-30T16:00:00.000Z,vlog|review|live,1804,79,2,12,https://i.ytimg.com/vi/KKMuDGPH0u1/default.jpg,False,False,False,Auto-generated sample description for News & Politics video.
8OKbl7vfNKa,24.25.10,Top 10 Sports Moments This Week,Channel_394,26,2024-10-24T07:00:00.000Z,live|music|official,39310,951,381,416,https://i.ytimg.com/vi/TKroNnb18GC/default.jpg,False,False,False,Auto-generated sample description for Sports video.
YPtytimDuFb,24.15.09,Why This Music Video Went Viral,Channel_1363,20,2024-09-15T20:00:00.000Z,official|review|music,171299,5886,187,1119,https://i.ytimg.com/vi/Jn5o_xzECqV/default.jpg,False,False,False,Auto-generated sample description for Music video.
vcy1UJoh6Tq,25.26.01,Behind the Scenes: Entertainment,Channel_681,25,2025-01-24T05:00:00.000Z,vlog|review|music,27298,1404,195,337,https://i.ytimg.com/vi/3sZoo9lCrvy/default.jpg,False,False,False,Auto-generated sample description for Entertainment video.
pZzs7mUMr90,24.15.05,Reacting to Education Trends,Channel_2566,6,2024-05-15T03:00:00.000Z,music|2024|review,12119,645,72,226,https://i.ytimg.com/vi/BTdhZ8NM3rV/default.jpg,False,False,False,Auto-generated sample description for Education video.
BRIc4IEKMl6,24.25.08,Behind the Scenes: Music,Channel_4148,20,2024-08-21T03:00:00.000Z,vlog|review|music,143473,10041,390,1350,https://i.ytimg.com/vi/g-ixic5nGjt/default.jpg,False,False,False,Auto-generated sample description for Music video.
Hthigc1PM_E,24.14.10,Behind the Scenes: Entertainment,Channel_2510,25,2024-10-13T17:00:00.000Z,music|2024|review,36657,2582,283,229,https://i.ytimg.com/vi/3Mo6JCnO86u/default.jpg,False,False,False,Auto-generated sample description for Entertainment video.
ieZZM8QF588,24.08.05,Why This Entertainment Video Went Viral,Channel_3742,24,2024-05-05T16:00:00.000Z,live|music|official,41042,2776,284,612,https://i.ytimg.com/vi/XsjbG99n2-v/default.jpg,False,False,False,Auto-generated sample description for Entertainment video.
Mu-qpeQYygq,24.19.03,Sports Compilation 2024,Channel_295,1,2024-03-18T20:00:00.000Z,music|official|vlog,5068,146,23,75,https://i.ytimg.com/vi/UelUPBOAoyM/default.jpg,False,False,False,Auto-generated sample description for Sports video.
ZFJp4xnjQ4x,24.21.09,Official Music Highlights,Channel_115,19,2024-09-21T22:00:00.000Z,trending|2024|review,193489,4045,1455,2214,https://i.ytimg.com/vi/5uYGpHp6NB3/default.jpg,False,False,False,Auto-generated sample description for Music video.
E8nMVlzsx6O,24.24.01,Behind the Scenes: Comedy,Channel_2335,5,2024-01-22T17:00:00.000Z,music|2024|vlog,9079,141,49,146,https://i.ytimg.com/vi/iviQ0nfQmk4/default.jpg,False,False,False,Auto-generated sample description for Comedy video.
Z9pk1jLegMO,25.31.01,Education Compilation 2024,Channel_4152,9,2025-01-30T14:00:00.000Z,review|music|official,76551,2816,754,869,https://i.ytimg.com/vi/4MDY6oQrAt2/default.jpg,False,False,False,Auto-generated sample description for Education video.
1MaeiHn9ZwS,24.14.12,Entertainment Compilation 2024,Channel_1581,24,2024-12-14T16:00:00.000Z,live|music|vlog,15699,692,53,154,https://i.ytimg.com/vi/cifJQW-XUtY/default.jpg,False,False,False,Auto-generated sample description for Entertainment video.
43NQ-KHpqSo,24.28.01,Reacting to Sports Trends,Channel_3766,26,2024-01-27T15:00:00.000Z,live|music|2024,292076,11741,375,984,https://i.ytimg.com/vi/k_TCSYFAbfb/default.jpg,False,False,False,Auto-generated sample description for Sports video.
ehPOP1CTTy5,24.13.07,Reacting to Music Trends,Channel_1476,20,2024-07-13T16:00:00.000Z,music|official|2024,235543,8384,2057,3005,https://i.ytimg.com/vi/5cdr0BbcaA0/default.jpg,False,False,False,Auto-generated sample description for Music video.
jrs-72OAfo-,24.27.01,Comedy Compilation 2024,Channel_343,5,2024-01-24T03:00:00.000Z,music|vlog|trending,16485,369,11,124,https://i.ytimg.com/vi/DIU8J3OvFue/default.jpg,False,False,False,Auto-generated sample description for Comedy video.
zEXV93jfJdR,24.30.12,Behind the Scenes: Film & Animation,Channel_3919,13,2024-12-26T03:00:00.000Z,music|official|review,13614,142,90,194,https://i.ytimg.com/vi/CrzMj235IxG/default.jpg,False,False,False,Auto-generated sample description for Film & Animation video.
3OhU4iMC8Hy,24.23.03,Top 10 Music Moments This Week,Channel_1275,15,2024-03-20T16:00:00.000Z,vlog|official|review,241900,11962,722,2280,https://i.ytimg.com/vi/RDaaWM0WZ-b/default.jpg,False,False,False,Auto-generated sample description for Music video.
2Zt2SRl-vPr,24.09.08,Reacting to Science & Technology Trends,Channel_269,7,2024-08-08T22:00:00.000Z,live|review|2024,49792,1378,451,482,https://i.ytimg.com/vi/2nmws30w2Hy/default.jpg,False,False,False,Auto-generated sample description for Science & Technology video.
ql8lw5EzXH7,24.24.12,Top 10 Entertainment Moments This Week,Channel_1230,25,2024-12-24T02:00:00.000Z,live|official|review,43957,2821,155,286,https://i.ytimg.com/vi/CuqAKPy8ZhE/default.jpg,False,False,False,Auto-generated sample description for Entertainment video.
gsJtAOxWXOV,24.20.06,Behind the Scenes: News & Politics,Channel_871,11,2024-06-17T10:00:00.000Z,live|review|official,11910,784,57,68,https://i.ytimg.com/vi/DDXR_jY9BeE/default.jpg,False,False,False,Auto-generated sample description for News & Politics video.
kxYcMRnCmFf,24.02.11,Top 10 Science & Technology Moments This Week,Channel_4239,7,2024-11-02T13:00:00.000Z,trending|review|vlog,913,29,6,12,https://i.ytimg.com/vi/0QS504pfXwd/default.jpg,False,False,False,Auto-generated sample description for Science & Technology video.
796ET0IHH5V,24.10.02,Behind the Scenes: Entertainment,Channel_4271,24,2024-02-09T04:00:00.000Z,2024|music|live,18333,969,115,109,https://i.ytimg.com/vi/4f3IVHZYb3G/default.jpg,False,False,False,Auto-generated sample description for Entertainment video.
pV01hh__Oy6,25.04.02,Reacting to Science & Technology Trends,Channel_2021,7,2025-02-03T11:00:00.000Z,trending|review|live,2490,67,2,14,https://i.ytimg.com/vi/ThP6WHpd9A_/default.jpg,False,False,False,Auto-generated sample description for Science & Technology video.
iceR63LDHNj,24.01.05,Official Gaming Highlights,Channel_2261,17,2024-05-01T13:00:00.000Z,review|live|vlog,48161,2064,37,538,https://i.ytimg.com/vi/8312l25rrJy/default.jpg,False,False,False,Auto-generated sample description for Gaming video.
FkjoPcrFkNL,24.01.04,Reacting to Music Trends,Channel_3118,19,2024-04-01T09:00:00.000Z,2024|official|live,5053,119,16,70,https://i.ytimg.com/vi/AGeLJhmpvPf/default.jpg,False,False,False,Auto-generated sample description for Music video.
1dKxLWi-dNn,25.04.02,Top 10 Comedy Moments This Week,Channel_1668,5,2025-02-01T05:00:00.000Z,2024|vlog|trending,3340,159,27,36,https://i.ytimg.com/vi/goHyUQQhQIM/default.jpg,False,False,False,Auto-generated sample description for Comedy video.
XLqJHzqqB8H,24.31.10,Music Compilation 2024,Channel_3362,20,2024-10-29T07:00:00.000Z,official|trending|2024,186775,6783,1391,3573,https://i.ytimg.com/vi/OezxUNoHfS8/default.jpg,False,False,False,Auto-generated sample description for Music video.
YSnypwemSom,24.09.01,Why This Music Video Went Viral,Channel_1725,19,2024-01-09T21:00:00.000Z,trending|official|live,4006,213,17,19,https://i.ytimg.com/vi/YfzL18V5Jpw/default.jpg,False,False,False,Auto-generated sample description for Music video.
jssvrhR_Vhv,24.21.10,Top 10 People & Blogs Moments This Week,Channel_3689,21,2024-10-21T05:00:00.000Z,review|music|trending,40054,934,208,172,https://i.ytimg.com/vi/-Q1bAy55Fw0/default.jpg,False,False,False,Auto-generated sample description for People & Blogs video.
4jwHcPVRHtE,24.05.10,Top 10 Comedy Moments This Week,Channel_3855,12,2024-10-05T09:00:00.000Z,live|trending|2024,35916,1107,236,164,https://i.ytimg.com/vi/bx8ZIoDDoYj/default.jpg,False,False,False,Auto-generated sample description for Comedy video.
4H-oOQxTJgx,24.22.11,Music Compilation 2024,Channel_2306,15,2024-11-21T01:00:00.000Z,vlog|live|2024,21305,999,87,224,https://i.ytimg.com/vi/l2HoKUF-yC3/default.jpg,False,False,False,Auto-generated sample description for Music video.
qSiEIS7WJ7n,24.21.08,Behind the Scenes: Music,Channel_4976,20,2024-08-21T15:00:00.000Z,music|trending|official,104973,2893,493,1212,https://i.ytimg.com/vi/omdlIOb3kZj/default.jpg,False,False,False,
1h1nILLrsbt,24.24.08,People & Blogs Compilation 2024,Channel_3772,2,2024-08-24T10:00:00.000Z,official|review|vlog,84313,5314,406,1121,https://i.ytimg.com/vi/neERUtq5JpZ/default.jpg,False,False,False,Auto-generated sample description for People & Blogs video.
wkriQ_lXDjf,24.25.01,Top 10 Comedy Moments This Week,Channel_160,5,2024-01-25T13:00:00.000Z,music|review|live,13555,642,7,61,https://i.ytimg.com/vi/y-aCQnVU-RD/default.jpg,False,False,False,Auto-generated sample description for Comedy video.
-ioOX5kUeHe,24.20.07,Music Compilation 2024,Channel_3332,15,2024-07-17T20:00:00.000Z,2024|trending|review,20248,1545,197,99,https://i.ytimg.com/vi/n9C4NYNFaB1/default.jpg,False,False,False,Auto-generated sample description for Music video.
nRGWb0amRKu,25.24.01,Comedy Compilation 2024,Channel_1285,5,2025-01-22T22:00:00.000Z,live|music|vlog,4299,293,25,63,https://i.ytimg.com/vi/37-KghZG29T/default.jpg,False,False,False,Auto-generated sample description for Comedy video.
nNw0R7BCIpD,24.19.06,Behind the Scenes: People & Blogs,Channel_963,2,2024-06-17T13:00:00.000Z,review|live|trending,30079,1605,199,350,https://i.ytimg.com/vi/oKdUJT3muPH/default.jpg,False,False,False,Auto-generated sample description for People & Blogs video.
cVBs-rA0kpQ,24.14.08,People & Blogs Compilation 2024,Channel_4042,28,2024-08-14T11:00:00.000Z,review|2024|trending,5030,345,21,58,https://i.ytimg.com/vi/PmuLl9HBBwm/default.jpg,False,False,False,Auto-generated sample description for People & Blogs video.
vJUbYGIxENp,25.01.02,Music Compilation 2024,Channel_4535,19,2025-01-28T18:00:00.000Z,2024|music|live,6718,411,34,121,https://i.ytimg.com/vi/mjY-QeqsbwG/default.jpg,False,False,False,Auto-generated sample description for Music video.
t5GrSWpvPEF,24.03.03,Top 10 Music Moments This Week,Channel_960,19,2024-03-01T03:00:00.000Z,music|live|vlog,18540,1371,173,234,https://i.ytimg.com/vi/gfqfVnd4WDl/default.jpg,False,False,False,Auto-generated sample description for Music video.
2o2mP7XtM_t,24.25.03,Reacting to Film & Animation Trends,Channel_3885,13,2024-03-22T03:00:00.000Z,vlog|official|trending,2010,90,16,31,https://i.ytimg.com/vi/kelQLRgdAjg/default.jpg,False,False,False,Auto-generated sample description for Film & Animation video.
c_PVWBMcccz,24.24.08,Why This Sports Video Went Viral,Channel_131,1,2024-08-20T19:00:00.000Z,trending|official|review,4149,311,36,38,https://i.ytimg.com/vi/MNH4Ck86PAz/default.jpg,False,False,False,Auto-generated sample description for Sports video.
9V9YCUAtlnO,24.17.08,Reacting to Entertainment Trends,Channel_767,24,2024-08-13T17:00:00.000Z,live|music|review,144392,11267,786,187,https://i.ytimg.com/vi/9M2YMPO1t6V/default.jpg,False,False,False,Auto-generated sample description for Entertainment video.
itobwO-rsyP,24.17.10,Why This Entertainment Video Went Viral,Channel_1657,24,2024-10-13T05:00:00.000Z,live|vlog|2024,11992,489,72,212,https://i.ytimg.com/vi/bQCYS_fKFar/default.jpg,False,False,False,Auto-generated sample description for Entertainment video.
iNinK6rqp2a,25.23.01,Reacting to Film & Animation Trends,Channel_265,27,2025-01-19T10:00:00.000Z,trending|music|vlog,1819,132,15,5,https://i.ytimg.com/vi/hB7_Fc4ikIi/default.jpg,False,False,False,Auto-generated sample description for Film & Animation video.
_J2U3qF_PUr,25.01.02,Top 10 Sports Moments This Week,Channel_315,1,2025-02-01T06:00:00.000Z,official|live|review,4896,320,16,6,https://i.ytimg.com/vi/EWHCctLFfBc/default.jpg,False,False,False,Auto-generated sample description for Sports video.
H5mdwqLLD-d,24.14.07,News & Politics Compilation 2024,Channel_4066,8,2024-07-11T01:00:00.000Z,official|review|live,3587,144,21,70,https://i.ytimg.com/vi/dJILIez6khC/default.jpg,False,False,False,Auto-generated sample description for News & Politics video.
kvti8AUyHUk,24.24.01,Official Entertainment Highlights,Channel_3154,24,2024-01-20T07:00:00.000Z,2024|official|review,323298,7628,1836,2489,https://i.ytimg.com/vi/w-gpdWMDOQn/default.jpg,False,False,False,Auto-generated sample description for Entertainment video.
IhGeZNP8R6j,25.13.01,Why This Music Video Went Viral,Channel_4357,15,2025-01-11T20:00:00.000Z,vlog|2024|review,141066,3613,1331,1122,https://i.ytimg.com/vi/ceWASm6GmwZ/default.jpg,False,False,False,Auto-generated sample description for Music video.
ERpvBTAkOR_,24.11.07,Film & Animation Compilation 2024,Channel_2984,3,2024-07-07T08:00:00.000Z,music|vlog|official,7544,148,17,37,https://i.ytimg.com/vi/L5AqGIATe_s/default.jpg,False,False,False,Auto-generated sample description for Film & Animation video.
bGfnsgM9CGs,24.11.11,Official Music Highlights,Channel_2865,15,2024-11-09T16:00:00.000Z,music|vlog|2024,31855,1265,53,184,https://i.ytimg.com/vi/5OwXz7EhsCQ/default.jpg,False,False,False,Auto-generated sample description for Music video.
_fxGkPamr0m,24.17.10,Official Comedy Highlights,Channel_2042,5,2024-10-15T05:00:00.000Z,live|2024|review,64287,2705,578,526,https://i.ytimg.com/vi/san3cnGcMCg/default.jpg,False,False,False,Auto-generated sample description for Comedy video.
rAqAuXdi4Eo,24.04.03,Official Entertainment Highlights,Channel_4319,25,2024-03-04T22:00:00.000Z,music|trending|official,29653,513,180,347,https://i.ytimg.com/vi/VhqVIv8L3lV/default.jpg,False,False,False,Auto-generated sample description for Entertainment video.
DbpmBOts7iV,24.09.10,Behind the Scenes: Entertainment,Channel_2819,25,2024-10-06T17:00:00.000Z,2024|vlog|review,46298,2055,121,124,https://i.ytimg.com/vi/1zQKaCZxLe2/default.jpg,False,False,False,Auto-generated sample description for Entertainment video.
lJFneertJTd,24.08.06,Top 10 Music Moments This Week,Channel_2779,20,2024-06-05T19:00:00.000Z,review|trending|music,90099,1989,720,1575,https://i.ytimg.com/vi/x8BILRkIFnR/default.jpg,False,False,False,Auto-generated sample description for Music video.
9mwNHKDCrQK,24.19.10,Why This Howto & Style Video Went Viral,Channel_4484,16,2024-10-17T22:00:00.000Z,live|vlog|2024,7534,397,11,22,https://i.ytimg.com/vi/x7jRt0olSdx/default.jpg,False,False,False,Auto-generated sample description for Howto & Style video.
SIGSKcZKVpr,24.05.03,Why This Entertainment Video Went Viral,Channel_4531,24,2024-03-02T00:00:00.000Z,music|vlog|official,11454,169,56,152,https://i.ytimg.com/vi/KRHswgFKcMa/default.jpg,False,False,False,Auto-generated sample description for Entertainment video.
YurGSW-mdOK,24.27.06,Official Music Highlights,Channel_2305,20,2024-06-26T02:00:00.000Z,2024|trending|vlog,34798,1415,260,102,https://i.ytimg.com/vi/NywyqQC8aB_/default.jpg,False,False,False,Auto-generated sample description for Music video.
bmbno4ZqXE8,24.30.04,Behind the Scenes: Entertainment,Channel_1504,24,2024-04-27T20:00:00.000Z,vlog|music|review,15550,902,11,48,https://i.ytimg.com/vi/mblNcy0PoEJ/default.jpg,False,False,False,Auto-generated sample description for Entertainment video.
NH1HAIK8eKi,24.07.04,Official Music Highlights,Channel_4934,19,2024-04-05T09:00:00.000Z,music|official|2024,1194582,24705,11138,19422,https://i.ytimg.com/vi/SMWD1Gk00LV/default.jpg,False,False,False,Auto-generated sample description for Music video.
-og_9bp95hk,24.30.09,Behind the Scenes: Sports,Channel_809,26,2024-09-28T10:00:00.000Z,vlog|live|review,36327,1316,90,490,https://i.ytimg.com/vi/IM1WQiwz8k6/default.jpg,False,False,False,Auto-generated sample description for Sports video.
JotFoRWniCC,25.06.01,Why This Music Video Went Viral,Channel_4379,15,2025-01-03T16:00:00.000Z,official|2024|live,92855,3893,752,1117,https://i.ytimg.com/vi/5hfIH0ImbjU/default.jpg,False,False,False,Auto-generated sample description for Music video.
mnxnAChogX-,24.31.12,Music Compilation 2024,Channel_2100,20,2024-12-29T14:00:00.000Z,2024|trending|music,31088,688,284,415,https://i.ytimg.com/vi/za8S0plCfNh/default.jpg,False,False,False,Auto-generated sample description for Music video.
4JUPK0kRP4Y,24.29.11,Behind the Scenes: Entertainment,Channel_3370,24,2024-11-27T11:00:00.000Z,review|live|official,56230,2127,347,1048,https://i.ytimg.com/vi/W1WyeG3XmhD/default.jpg,False,False,False,Auto-generated sample description for Entertainment video.
NeR6HlMfdBd,24.28.07,Top 10 Entertainment Moments This Week,Channel_2220,25,2024-07-28T19:00:00.000Z,trending|vlog|review,48523,1678,476,725,https://i.ytimg.com/vi/61LXlkDuBAC/default.jpg,False,False,False,Auto-generated sample description for Entertainment video.
c8ik94Rdunz,24.04.02,Why This Sports Video Went Viral,Channel_1441,26,2024-02-03T14:00:00.000Z,vlog|trending|music,147615,8705,92,2104,https://i.ytimg.com/vi/Bb0Vlzlol-Z/default.jpg,False,False,False,Auto-generated sample description for Sports video.
bcvX8zO7eo5,24.27.11,Gaming Compilation 2024,Channel_1709,17,2024-11-24T06:00:00.000Z,music|vlog|trending,23880,1288,110,41,https://i.ytimg.com/vi/80jzYhWco_M/default.jpg,False,False,False,Auto-generated sample description for Gaming video.
lGPlfOWqSIM,24.26.03,Behind the Scenes: News & Politics,Channel_242,22,2024-03-23T10:00:00.000Z,trending|vlog|2024,141641,1973,1412,1307,https://i.ytimg.com/vi/fjOHcnGgdir/default.jpg,False,False,False,Auto-generated sample description for News & Politics video.
VfhnQVORlGg,24.06.05,Reacting to Music Trends,Channel_1617,15,2024-05-05T09:00:00.000Z,official|2024|trending,47427,1470,265,665,https://i.ytimg.com/vi/L86WJZC_9sr/default.jpg,False,False,False,Auto-generated sample description for Music video.
75YEfKEiRyo,24.01.05,Official Music Highlights,Channel_2078,20,2024-04-29T14:00:00.000Z,music|live|vlog,160406,9321,594,954,https://i.ytimg.com/vi/Eo8BBYLqPPk/default.jpg,False,False,False,Auto-generated sample description for Music video.
8_EnbzztkCM,24.19.05,Official Sports Highlights,Channel_1778,10,2024-05-15T05:00:00.000Z,trending|live|2024,37556,2037,248,28,https://i.ytimg.com/vi/NuTil5b6P-7/default.jpg,False,False,False,Auto-generated sample description for Sports video.
aXafkahTVal,24.21.11,Reacting to Education Trends,Channel_892,18,2024-11-20T08:00:00.000Z,official|vlog|live,12074,388,67,134,https://i.ytimg.com/vi/ts9XfANI5gb/default.jpg,False,False,False,Auto-generated sample description for Education video.
jwY_7va4vgg,24.19.07,Behind the Scenes: Entertainment,Channel_441,25,2024-07-15T03:00:00.000Z,music|official|vlog,2183,133,21,27,https://i.ytimg.com/vi/3We-6HwUOAY/default.jpg,False,False,False,Auto-generated sample description for Entertainment video.
4fNaT8xKR_M,24.30.03,Reacting to Entertainment Trends,Channel_784,24,2024-03-27T16:00:00.000Z,trending|2024|official,33671,725,163,384,https://i.ytimg.com/vi/Qz8O-zGrWWi/default.jpg,False,False,False,Auto-generated sample description for Entertainment video.
EaUElz5p9Tt,24.27.06,Reacting to Music Trends,Channel_4013,19,2024-06-25T20:00:00.000Z,music|vlog|review,2489112,197344,23677,14132,https://i.ytimg.com/vi/M5yLNuAY0UN/default.jpg,False,False,False,Auto-generated sample description for Music video.
WlGkJK33KNQ,24.18.05,Top 10 Education Moments This Week,Channel_3743,9,2024-05-18T16:00:00.000Z,music|vlog|2024,199509,4793,1472,2432,https://i.ytimg.com/vi/VvroSfCxcWQ/default.jpg,False,False,False,Auto-generated sample description for Education video.
ZkHlul9fEh1,24.21.05,Reacting to Gaming Trends,Channel_3983,17,2024-05-21T05:00:00.000Z,vlog|review|2024,1851,52,2,2,https://i.ytimg.com/vi/4w_f0vj5lXi/default.jpg,False,False,False,Auto-generated sample description for Gaming video.
bUlJvqqkIkU,24.24.01,Why This News & Politics Video Went Viral,Channel_4157,8,2024-01-22T00:00:00.000Z,official|vlog|music,27648,1875,38,404,https://i.ytimg.com/vi/Tzn6I9bTcS0/default.jpg,False,False,False,Auto-generated sample description for News & Politics video.
UJ6PlNqqbrm,24.18.03,Top 10 Film & Animation Moments This Week,Channel_4693,3,2024-03-18T18:00:00.000Z,trending|vlog|music,11328,546,81,74,https://i.ytimg.com/vi/9O1m0v0U69j/default.jpg,False,False,False,Auto-generated sample description for Film & Animation video.
8dhxSRrFvDR,24.01.06,Official Entertainment Highlights,Channel_3279,25,2024-05-28T13:00:00.000Z,music|review|trending,133605,6827,434,885,https://i.ytimg.com/vi/aFEr8l4X2WJ/default.jpg,False,False,False,Auto-generated sample description for Entertainment video.
5poHTHIf9DX,24.02.08,Official Music Highlights,Channel_1486,19,2024-07-31T22:00:00.000Z,vlog|2024|music,11586,879,28,31,https://i.ytimg.com/vi/wZyyzVhHCX8/default.jpg,False,False,False,Auto-generated sample description for Music video.
8q3t0gV2iIp,24.03.10,Behind the Scenes: Comedy,Channel_1227,5,2024-10-01T14:00:00.000Z,live|official|music,42001,1809,360,686,https://i.ytimg.com/vi/il0vvNtQg91/default.jpg,False,False,False,Auto-generated sample description for Comedy video.
oeECub_Jp7k,24.24.09,Official Entertainment Highlights,Channel_1270,24,2024-09-21T12:00:00.000Z,review|vlog|official,57379,2812,212,1015,https://i.ytimg.com/vi/Qjo9DEi16H1/default.jpg,False,False,False,Auto-generated sample description for Entertainment video.
7elvLeX5XQA,24.24.09,Top 10 Travel & Events Moments This Week,Channel_3288,4,2024-09-23T18:00:00.000Z,live|vlog|review,54002,2130,127,927,https://i.ytimg.com/vi/cl2U4xM17JW/default.jpg,False,False,False,Auto-generated sample description for Travel & Events video.
1iJoOrpFgww,25.09.01,Why This Gaming Video Went Viral,Channel_580,17,2025-01-08T14:00:00.000Z,2024|official|music,7043,244,67,93,https://i.ytimg.com/vi/JwrkQaR_GIQ/default.jpg,False,False,False,Auto-generated sample description for Gaming video.
ierOJcQ669a,24.11.03,Why This Comedy Video Went Viral,Channel_2653,12,2024-03-07T09:00:00.000Z,official|trending|2024,9319,653,47,133,https://i.ytimg.com/vi/eoOOu_eT-HF/default.jpg,False,False,False,Auto-generated sample description for Comedy video.
LJ-SQVHmFxW,24.22.02,Official Sports Highlights,Channel_2418,10,2024-02-20T19:00:00.000Z,review|trending|official,7680,251,16,7,https://i.ytimg.com/vi/DOtsFhOZimT/default.jpg,False,False,False,Auto-generated sample description for Sports video.
asZGd70TSeD,24.27.12,Behind the Scenes: Music,Channel_4324,19,2024-12-26T10:00:00.000Z,official|vlog|trending,112605,7240,905,851,https://i.ytimg.com/vi/4vbhbaxAKlK/default.jpg,False,False,False,Auto-generated sample description for Music video.
4UTnLrcDEED,25.02.01,Entertainment Compilation 2024,Channel_4899,24,2025-01-01T04:00:00.000Z,music|trending|official,66587,1378,663,829,https://i.ytimg.com/vi/WbE14OKO_3N/default.jpg,False,False,False,Auto-generated sample description for Entertainment video.
Tnmk-jnkw_i,24.05.09,Music Compilation 2024,Channel_4933,19,2024-09-04T08:00:00.000Z,official|review|vlog,7772,533,68,46,https://i.ytimg.com/vi/UJmrKKFruvc/default.jpg,False,False,False,Auto-generated sample description for Music video.
LZqWBL5wlQd,24.19.11,Behind the Scenes: Entertainment,Channel_2211,25,2024-11-18T22:00:00.000Z,live|music|official,28837,1731,156,144,https://i.ytimg.com/vi/Sjge-APwbee/default.jpg,False,False,False,Auto-generated sample description for Entertainment video.
bhf-gkBoVhJ,25.10.01,Why This Entertainment Video Went Viral,Channel_1142,25,2025-01-10T17:00:00.000Z,review|music|official,359776,25353,1070,5128,https://i.ytimg.com/vi/0m7KlTpTL_N/default.jpg,False,False,False,Auto-generated sample description for Entertainment video.
_Sd9ihNrAqv,24.20.02,Top 10 Entertainment Moments This Week,Channel_3834,24,2024-02-18T18:00:00.000Z,review|official|2024,24520,1581,156,26,https://i.ytimg.com/vi/7tgDCNwimu-/default.jpg,False,False,False,Auto-generated sample description for Entertainment video.
1coFcGH7bMV,24.03.12,Top 10 Sports Moments This Week,Channel_1220,26,2024-12-02T19:00:00.000Z,review|official|live,2355,91,19,2,https://i.ytimg.com/vi/1oJ_0KvBycj/default.jpg,False,False,False,Auto-generated sample description for Sports video.
MCGQvv8XCti,24.26.06,Official Sports Highlights,Channel_4205,26,2024-06-23T20:00:00.000Z,official|music|live,56348,4152,444,685,https://i.ytimg.com/vi/EByHz9IOF9M/default.jpg,False,False,False,Auto-generated sample description for Sports video.
LR0mNaF4Eh7,24.03.12,Top 10 Entertainment Moments This Week,Channel_845,25,2024-12-02T08:00:00.000Z,music|live|2024,63243,2831,90,1031,https://i.ytimg.com/vi/GVaW8VOdQ62/default.jpg,False,False,False,Auto-generated sample description for Entertainment video.
X8GftxtSWuR,24.22.06,Music Compilation 2024,Channel_760,15,2024-06-22T02:00:00.000Z,official|2024|vlog,46889,1038,445,717,https://i.ytimg.com/vi/XsGx1-9VAzz/default.jpg,True,True,False,Auto-generated sample description for Music video.
I_omLtJ3G7G,24.20.08,Official Sports Highlights,Channel_489,10,2024-08-20T18:00:00.000Z,vlog|music|official,2036,49,7,39,https://i.ytimg.com/vi/0mZnKWL4b4g/default.jpg,False,False,False,Auto-generated sample description for Sports video.
utCq2xCHhob,24.24.08,Why This Entertainment Video Went Viral,Channel_3271,24,2024-08-22T06:00:00.000Z,live|review|trending,136877,9949,1122,1999,https://i.ytimg.com/vi/UdXSfLEidXe/default.jpg,False,False,False,Auto-generated sample description for Entertainment video.
N6ZKZbaH_Po,24.03.04,Official Entertainment Highlights,Channel_1791,25,2024-04-02T03:00:00.000Z,review|2024|trending,114365,2763,620,61,https://i.ytimg.com/vi/2Zr0bzyBn4y/default.jpg,False,False,False,Auto-generated sample description for Entertainment video.
H1k_rvH4RLx,24.07.12,Reacting to Entertainment Trends,Channel_1977,25,2024-12-04T03:00:00.000Z,trending|vlog|live,330215,25201,682,1653,https://i.ytimg.com/vi/z2RZ-PKEacO/default.jpg,False,False,False,Auto-generated sample description for Entertainment video.
mx85qLCfA9R,24.28.07,Behind the Scenes: Music,Channel_3950,20,2024-07-26T04:00:00.000Z,official|review|live,159445,8830,482,2410,https://i.ytimg.com/vi/JkslywkHfB5/default.jpg,False,False,False,Auto-generated sample description for Music video.
3RXSFJYFsxp,24.14.08,Top 10 Entertainment Moments This Week,Channel_3184,25,2024-08-10T05:00:00.000Z,trending|live|vlog,33938,2705,171,117,https://i.ytimg.com/vi/XOtaG-VLdl8/default.jpg,False,False,False,Auto-generated sample description for Entertainment video.
FloF4NQZZtL,24.12.04,Top 10 Entertainment Moments This Week,Channel_1158,24,2024-04-10T14:00:00.000Z,vlog|review|official,15465,293,94,217,https://i.ytimg.com/vi/NVY952o3lVg/default.jpg,False,False,False,Auto-generated sample description for Entertainment video.
n-sGVX7obWm,24.01.07,Why This Music Video Went Viral,Channel_467,20,2024-06-29T16:00:00.000Z,review|trending|vlog,13777,669,81,197,https://i.ytimg.com/vi/rn7c4fmXgGJ/default.jpg,False,False,False,Auto-generated sample description for Music video.
takdr3vW0sS,24.02.05,Official People & Blogs Highlights,Channel_1977,2,2024-04-30T01:00:00.000Z,trending|vlog|review,5940,168,33,57,https://i.ytimg.com/vi/sbbxNLEjEqf/default.jpg,False,False,False,Auto-generated sample description for People & Blogs video.
JDDYE0M83s5,25.02.02,Official Music Highlights,Channel_3274,19,2025-01-29T19:00:00.000Z,music|official|live,43970,1639,176,565,https://i.ytimg.com/vi/SXivcI_l624/default.jpg,False,False,False,Auto-generated sample description for Music video.
GRMfuA9uy6t,24.02.02,Reacting to Sports Trends,Channel_4387,1,2024-01-29T19:00:00.000Z,live|music|trending,48012,729,152,302,https://i.ytimg.com/vi/bmGt7w3CoVt/default.jpg,False,False,False,Auto-generated sample description for Sports video.
89YAgpCZG1V,24.03.03,Reacting to Comedy Trends,Channel_4211,5,2024-02-29T22:00:00.000Z,review|vlog|official,2370,171,17,21,https://i.ytimg.com/vi/ohYrv6XGlln/default.jpg,False,False,False,Auto-generated sample description for Comedy video.
C4nYb9DfVpj,24.06.08,Why This Music Video Went Viral,Channel_4841,19,2024-08-05T22:00:00.000Z,2024|music|review,12850,244,103,207,https://i.ytimg.com/vi/A1iOP5wmGns/default.jpg,False,False,False,Auto-generated sample description for Music video.
DcQeIIS0Z-F,24.02.12,Behind the Scenes: People & Blogs,Channel_2560,2,2024-11-28T06:00:00.000Z,vlog|music|trending,67693,3663,507,1244,https://i.ytimg.com/vi/9_bDiq9s8lg/default.jpg,False,False,False,Auto-generated sample description for People & Blogs video.
_psTbleg6nM,24.02.08,Why This Entertainment Video Went Viral,Channel_3173,25,2024-08-02T09:00:00.000Z,2024|review|vlog,79147,1039,546,810,https://i.ytimg.com/vi/JUEmnUT535u/default.jpg,False,False,False,Auto-generated sample description for Entertainment video.
3Vb8mtHYHfQ,24.05.08,Why This Music Video Went Viral,Channel_1598,19,2024-08-04T05:00:00.000Z,music|official|review,101884,6413,277,1298,https://i.ytimg.com/vi/XL0Lk-_Ao3F/default.jpg,False,False,False,Auto-generated sample description for Music video.
FtssciJTA2H,24.21.01,Why This Pets & Animals Video Went Viral,Channel_576,23,2024-01-19T13:00:00.000Z,live|vlog|official,7359,527,69,59,https://i.ytimg.com/vi/MAYMGJprL5T/default.jpg,False,False,True,Auto-generated sample description for Pets & Animals video.
MG7XbknaM2G,24.24.12,Education Compilation 2024,Channel_1144,9,2024-12-23T09:00:00.000Z,vlog|music|live,91546,3747,615,589,https://i.ytimg.com/vi/b9PRmH6Bwxp/default.jpg,False,False,False,Auto-generated sample description for Education video.
eHh632-cGtX,24.14.10,Why This Entertainment Video Went Viral,Channel_3908,25,2024-10-12T12:00:00.000Z,review|music|official,88892,3117,114,313,https://i.ytimg.com/vi/2aXYJcfumZK/default.jpg,False,False,False,Auto-generated sample description for Entertainment video.
THruYTd0CeM,24.02.06,Why This Music Video Went Viral,Channel_765,19,2024-05-30T11:00:00.000Z,2024|review|live,302059,6489,1287,2789,https://i.ytimg.com/vi/LNRBUrQ0meD/default.jpg,False,False,False,Auto-generated sample description for Music video.
4Se3Tf0wPrA,24.01.09,Reacting to Music Trends,Channel_1140,20,2024-08-29T03:00:00.000Z,review|vlog|trending,53842,2842,312,237,https://i.ytimg.com/vi/-VbroaY-HF0/default.jpg,False,False,False,Auto-generated sample description for Music video.
kR1ztNesjky,24.10.02,Official Music Highlights,Channel_2649,20,2024-02-09T20:00:00.000Z,music|official|review,112733,5715,980,876,https://i.ytimg.com/vi/J_Nrpff0FDv/default.jpg,False,False,False,Auto-generated sample description for Music video.
hsAHFlS6RJS,24.05.12,Reacting to Music Trends,Channel_556,19,2024-12-03T16:00:00.000Z,music|live|official,39215,1204,176,417,https://i.ytimg.com/vi/AWgWb-8pAiD/default.jpg,False,False,False,Auto-generated sample description for Music video.
Q3CC5sQwY26,24.21.01,Why This Music Video Went Viral,Channel_51,20,2024-01-18T07:00:00.000Z,live|music|official,68036,4717,71,819,https://i.ytimg.com/vi/kbCea-04tgf/default.jpg,True,False,False,Auto-generated sample description for Music video.
qdAbRkrK7Gl,24.21.02,Reacting to Entertainment Trends,Channel_1507,24,2024-02-20T05:00:00.000Z,2024|official|vlog,12354,887,64,26,https://i.ytimg.com/vi/EZVJwZGRaB7/default.jpg,False,False,False,Auto-generated sample description for Entertainment video.
S2cxL_Hfnch,24.11.03,Why This Entertainment Video Went Viral,Channel_1488,24,2024-03-10T17:00:00.000Z,live|music|review,21542,1189,44,90,https://i.ytimg.com/vi/pRVE0QHGAQu/default.jpg,False,False,False,Auto-generated sample description for Entertainment video.
LsrCJn-Hy6p,24.25.11,Official Music Highlights,Channel_3581,15,2024-11-25T07:00:00.000Z,vlog|music|review,21903,880,62,168,https://i.ytimg.com/vi/MzAFiGBKBBP/default.jpg,False,False,False,Auto-generated sample description for Music video.
7IdbP0cC6iB,24.05.07,Reacting to Entertainment Trends,Channel_4737,25,2024-07-04T12:00:00.000Z,review|music|2024,1675,20,15,23,https://i.ytimg.com/vi/WFNmryZokoA/default.jpg,False,False,False,Auto-generated sample description for Entertainment video.
YjfmVSrQ1N8,24.01.11,Music Compilation 2024,Channel_3916,15,2024-10-31T02:00:00.000Z,official|trending|vlog,52530,3557,397,317,https://i.ytimg.com/vi/TIGtjzi6gUT/default.jpg,False,False,False,Auto-generated sample description for Music video.
XtDhVhyhQog,24.10.05,Official Music Highlights,Channel_345,15,2024-05-10T08:00:00.000Z,music|review|live,2669,71,7,48,https://i.ytimg.com/vi/OAwTmE1yCm8/default.jpg,False,False,False,Auto-generated sample description for Music video.
pLYzlbrTKKB,24.18.03,Official Music Highlights,Channel_3152,15,2024-03-15T04:00:00.000Z,live|vlog|music,8620,218,15,62,https://i.ytimg.com/vi/7FvwDe3Vi96/default.jpg,False,False,False,Auto-generated sample description for Music video.
gCM2i-H-iHO,24.24.08,Top 10 Music Moments This Week,Channel_2641,15,2024-08-22T15:00:00.000Z,review|live|music,167972,1826,1209,2243,https://i.ytimg.com/vi/FmDGjFTofo6/default.jpg,False,False,False,Auto-generated sample description for Music video.
LHgRjL-AVOV,25.02.01,Top 10 Music Moments This Week,Channel_1073,15,2024-12-29T11:00:00.000Z,vlog|live|review,16524,348,82,218,https://i.ytimg.com/vi/4NqUzvKswFq/default.jpg,False,False,False,Auto-generated sample description for Music video.
hRfcybnZrbu,24.28.07,Reacting to Entertainment Trends,Channel_4326,25,2024-07-28T17:00:00.000Z,official|music|trending,30054,1771,248,445,https://i.ytimg.com/vi/TGqpl5r0v8Y/default.jpg,False,False,False,Auto-generated sample description for Entertainment video.
yZOXCC8oJMo,24.28.04,Official Music Highlights,Channel_4165,20,2024-04-27T05:00:00.000Z,review|trending|official,193731,13100,1270,356,https://i.ytimg.com/vi/2UEdaVwBELH/default.jpg,False,False,False,Auto-generated sample description for Music video.
GoIlZ-2KTf4,25.25.01,Behind the Scenes: Film & Animation,Channel_3461,27,2025-01-22T19:00:00.000Z,official|music|trending,44238,3155,308,357,https://i.ytimg.com/vi/6-477I-pNwq/default.jpg,False,False,False,Auto-generated sample description for Film & Animation video.
uWvAcnFZTM1,24.05.09,Reacting to Comedy Trends,Channel_3768,5,2024-09-04T16:00:00.000Z,vlog|official|2024,9706,561,42,34,https://i.ytimg.com/vi/AUKhr-hRpHm/default.jpg,False,False,False,Auto-generated sample description for Comedy video.
mErNhXg9hcq,24.11.01,Why This Music Video Went Viral,Channel_1372,20,2024-01-07T14:00:00.000Z,vlog|official|review,24610,1717,148,41,https://i.ytimg.com/vi/L4PcZznSWqS/default.jpg,False,False,False,Auto-generated sample description for Music video.
kZLI39_YwsG,24.08.09,Official Comedy Highlights,Channel_3181,5,2024-09-08T11:00:00.000Z,official|vlog|review,14895,173,27,68,https://i.ytimg.com/vi/voteuOEBBdz/default.jpg,False,False,False,Auto-generated sample description for Comedy video.
uRN0Yt9BoW0,24.19.08,Reacting to Music Trends,Channel_1302,19,2024-08-19T21:00:00.000Z,vlog|live|official,50625,3587,236,173,https://i.ytimg.com/vi/S0aIP-6JcLD/default.jpg,False,False,False,Auto-generated sample description for Music video.
wPUZ_st9ec1,24.16.10,Howto & Style Compilation 2024,Channel_35,16,2024-10-12T03:00:00.000Z,vlog|music|official,5643,280,21,101,https://i.ytimg.com/vi/Ia8U52x91mo/default.jpg,False,False,False,Auto-generated sample description for Howto & Style video.
LsrP-9x917-,24.26.12,Official People & Blogs Highlights,Channel_3668,21,2024-12-25T00:00:00.000Z,official|music|2024,8458,376,24,111,https://i.ytimg.com/vi/j_GdXDPRrNO/default.jpg,False,False,False,Auto-generated sample description for People & Blogs video.
i74eOiE1pPX,24.03.10,Reacting to Entertainment Trends,Channel_1465,24,2024-10-03T16:00:00.000Z,review|music|vlog,15705,578,13,38,https://i.ytimg.com/vi/0mmMOoX8qWr/default.jpg,False,False,False,Auto-generated sample description for Entertainment video.
wCsBiHutzSM,24.01.07,Behind the Scenes: Comedy,Channel_324,12,2024-07-01T12:00:00.000Z,vlog|review|music,3825,189,26,13,https://i.ytimg.com/vi/IZemMG7TBbO/default.jpg,False,False,False,Auto-generated sample description for Comedy video.
DDqCIKoaz2j,24.17.12,Behind the Scenes: News & Politics,Channel_2506,11,2024-12-13T14:00:00.000Z,trending|live|music,22214,1651,196,150,https://i.ytimg.com/vi/pU1RGTBNu2t/default.jpg,False,False,False,Auto-generated sample description for News & Politics video.
yNWttILWWAj,24.03.08,Reacting to Education Trends,Channel_1089,18,2024-07-31T09:00:00.000Z,vlog|music|review,2243,119,11,7,https://i.ytimg.com/vi/BZDpIs_8yLm/default.jpg,True,False,False,Auto-generated sample description for Education video.
Ax6r37zK1kJ,24.12.09,Reacting to Film & Animation Trends,Channel_2791,13,2024-09-10T18:00:00.000Z,trending|live|music,121399,8309,1176,556,https://i.ytimg.com/vi/fctxDZdYRpk/default.jpg,False,False,False,Auto-generated sample description for Film & Animation video.
JqJNwKlHWC3,24.17.07,Top 10 People & Blogs Moments This Week,Channel_3901,21,2024-07-14T05:00:00.000Z,vlog|official|2024,41047,1881,126,398,https://i.ytimg.com/vi/u0jxoF0tik-/default.jpg,False,False,False,Auto-generated sample description for People & Blogs video.
J86t7Pss7CW,24.29.06,Top 10 Music Moments This Week,Channel_3593,19,2024-06-28T12:00:00.000Z,trending|live|vlog,675465,24266,3043,5233,https://i.ytimg.com/vi/bpB53UqtvTD/default.jpg,False,False,False,Auto-generated sample description for Music video.
djkFrFPcwlB,25.07.01,Why This Entertainment Video Went Viral,Channel_805,25,2025-01-07T04:00:00.000Z,live|official|trending,228286,17118,1247,3280,https://i.ytimg.com/vi/Sgw6D051_d0/default.jpg,False,False,False,Auto-generated sample description for Entertainment video.
hrs9lcPDaAl,24.30.06,People & Blogs Compilation 2024,Channel_2745,28,2024-06-29T04:00:00.000Z,review|live|trending,49402,2022,180,564,https://i.ytimg.com/vi/yFkwl1iBTzx/default.jpg,False,False,False,Auto-generated sample description for People & Blogs video.
K_gX4aSabXY,24.28.01,Reacting to Music Trends,Channel_1432,15,2024-01-27T16:00:00.000Z,2024|live|review,74835,3563,230,201,https://i.ytimg.com/vi/Qrag1HjEW-9/default.jpg,False,False,False,Auto-generated sample description for Music video.
IeW7IUCZsJE,24.06.09,Why This Entertainment Video Went Viral,Channel_1565,25,2024-09-02T01:00:00.000Z,music|trending|review,100684,6754,528,311,https://i.ytimg.com/vi/wjycsP33XEm/default.jpg,False,False,False,Auto-generated sample description for Entertainment video.
2f9Afyo3DUo,24.17.08,Official Entertainment Highlights,Channel_4112,24,2024-08-14T03:00:00.000Z,trending|review|2024,60285,2299,184,864,https://i.ytimg.com/vi/lMyAv_Af-yf/default.jpg,False,False,False,Auto-generated sample description for Entertainment video.
VX8suLBAvHg,24.16.04,Behind the Scenes: Education,Channel_986,9,2024-04-12T09:00:00.000Z,music|review|2024,106470,7726,892,625,https://i.ytimg.com/vi/bnLSAbZSHym/default.jpg,False,False,False,Auto-generated sample description for Education video.
_WVegd6zTdd,24.25.01,Entertainment Compilation 2024,Channel_2486,25,2024-01-23T17:00:00.000Z,music|review|live,33913,1089,229,39,https://i.ytimg.com/vi/D2XWMt6Rwf0/default.jpg,False,False,False,Auto-generated sample description for Entertainment video.
HXSvcMB24rh,24.14.06,Music Compilation 2024,Channel_686,19,2024-06-14T22:00:00.000Z,2024|official|review,33618,921,186,374,https://i.ytimg.com/vi/71zZ4f6tNpy/default.jpg,False,False,False,Auto-generated sample description for Music video.
80h88QO2tww,24.19.06,Top 10 Entertainment Moments This Week,Channel_3899,24,2024-06-19T03:00:00.000Z,official|vlog|live,89479,6265,220,1676,https://i.ytimg.com/vi/484O8a3KNjD/default.jpg,False,False,False,Auto-generated sample description for Entertainment video.
C-PV5Y6Xbo5,24.19.02,Top 10 Pets & Animals Moments This Week,Channel_601,23,2024-02-17T10:00:00.000Z,trending|review|live,5198,386,48,59,https://i.ytimg.com/vi/jA3ql3R_1AC/default.jpg,False,False,False,Auto-generated sample description for Pets & Animals video.
wkaQ_iOCvVO,24.08.10,Top 10 Entertainment Moments This Week,Channel_2103,25,2024-10-08T09:00:00.000Z,review|2024|music,144291,2210,595,1118,https://i.ytimg.com/vi/3PegRGbwRrc/default.jpg,False,False,False,Auto-generated sample description for Entertainment video.
kXEYm4tW_j4,24.12.12,Behind the Scenes: Entertainment,Channel_2110,24,2024-12-12T15:00:00.000Z,official|vlog|review,19470,1131,131,70,https://i.ytimg.com/vi/AMKN69rGEAR/default.jpg,False,False,False,Auto-generated sample description for Entertainment video.
dr-Tt19F3tL,24.31.07,Top 10 Entertainment Moments This Week,Channel_4704,25,2024-07-28T04:00:00.000Z,trending|review|2024,18183,1421,79,93,https://i.ytimg.com/vi/jFLeCyS_sGx/default.jpg,False,False,False,Auto-generated sample description for Entertainment video.
teusQEG3XLV,24.08.05,Official Music Highlights,Channel_1549,15,2024-05-08T20:00:00.000Z,trending|live|music,27447,1813,174,385,https://i.ytimg.com/vi/x6wWbr7_ygP/default.jpg,False,False,False,Auto-generated sample description for Music video.
p2lgTppyE--,24.21.07,Why This Film & Animation Video Went Viral,Channel_1855,27,2024-07-18T02:00:00.000Z,music|review|vlog,11003,874,105,114,https://i.ytimg.com/vi/GCnishbcC8S/default.jpg,False,False,False,Auto-generated sample description for Film & Animation video.
SB9j67OgnA2,25.25.01,Top 10 Music Moments This Week,Channel_4043,20,2025-01-22T22:00:00.000Z,vlog|2024|live,29361,939,131,526,https://i.ytimg.com/vi/I3Pg4C2B1oG/default.jpg,True,False,False,Auto-generated sample description for Music video.
duHl0PmRDSD,24.23.09,Top 10 Entertainment Moments This Week,Channel_4544,24,2024-09-19T08:00:00.000Z,official|review|2024,104993,1383,477,661,https://i.ytimg.com/vi/NoFGl99ImlJ/default.jpg,False,False,False,Auto-generated sample description for Entertainment video.
wK45PAudgb4,24.27.09,Official Entertainment Highlights,Channel_3779,25,2024-09-27T12:00:00.000Z,trending|music|official,14014,884,85,76,https://i.ytimg.com/vi/9pUe94yNgrO/default.jpg,False,False,False,Auto-generated sample description for Entertainment video.
XUKcQGNHTUA,24.24.04,Education Compilation 2024,Channel_1574,6,2024-04-20T12:00:00.000Z,music|live|vlog,13462,1000,33,115,https://i.ytimg.com/vi/qrHku-0VFQN/default.jpg,False,False,False,Auto-generated sample description for Education video.
rl-81qw9lUi,24.09.11,Reacting to Music Trends,Channel_610,15,2024-11-05T22:00:00.000Z,vlog|music|live,185987,12702,1574,1033,https://i.ytimg.com/vi/9-id9hU6nKW/default.jpg,False,False,False,Auto-generated sample description for Music video.
k5YnqaPcifv,24.31.08,Reacting to Entertainment Trends,Channel_3351,25,2024-08-28T08:00:00.000Z,vlog|official|live,114699,2365,187,654,https://i.ytimg.com/vi/pQ3Sg9h6-_N/default.jpg,False,False,False,Auto-generated sample description for Entertainment video.
n6f4QALNXt5,24.15.04,Entertainment Compilation 2024,Channel_3327,25,2024-04-15T18:00:00.000Z,official|review|vlog,21782,492,198,36,https://i.ytimg.com/vi/mCe6DWSmx9H/default.jpg,False,False,False,Auto-generated sample description for Entertainment video.
sUT3AS3PTtK,24.11.03,Top 10 Entertainment Moments This Week,Channel_173,24,2024-03-10T05:00:00.000Z,official|live|music,11782,922,108,192,https://i.ytimg.com/vi/Y8FE5CyXskn/default.jpg,False,False,False,Auto-generated sample description for Entertainment video.
MHHJ6cEz_yb,24.21.01,Why This Music Video Went Viral,Channel_1200,19,2024-01-21T12:00:00.000Z,live|review|official,381541,29733,792,5746,https://i.ytimg.com/vi/tEMiEQdO0x0/default.jpg,False,False,False,Auto-generated sample description for Music video.
g6bY7xghc6m,24.20.09,Film & Animation Compilation 2024,Channel_961,13,2024-09-17T06:00:00.000Z,music|vlog|review,35600,929,330,461,https://i.ytimg.com/vi/MB8bsOuoqwm/default.jpg,False,False,False,Auto-generated sample description for Film & Animation video.
Vx10uJ5cCiD,25.21.01,Top 10 Music Moments This Week,Channel_4525,19,2025-01-19T22:00:00.000Z,review|live|vlog,18378,777,128,319,https://i.ytimg.com/vi/qIcQoGElXHi/default.jpg,False,False,False,Auto-generated sample description for Music video.
WzGoZ10_3FL,24.26.05,Why This Gaming Video Went Viral,Channel_3020,17,2024-05-24T15:00:00.000Z,live|trending|music,7867,204,18,50,https://i.ytimg.com/vi/O4HmuN5Z_iA/default.jpg,False,False,False,Auto-generated sample description for Gaming video.
-XrGWF358t6,24.25.09,Top 10 Entertainment Moments This Week,Channel_1120,25,2024-09-23T12:00:00.000Z,trending|live|2024,23750,1853,22,18,https://i.ytimg.com/vi/HXBaScW4teg/default.jpg,False,False,False,Auto-generated sample description for Entertainment video.
6LyuGCaxma5,24.27.06,Behind the Scenes: Music,Channel_3602,20,2024-06-27T13:00:00.000Z,music|official|vlog,4803,101,28,89,https://i.ytimg.com/vi/VV2YyFz-I3p/default.jpg,False,False,False,Auto-generated sample description for Music video.
NqR0iHtCDoj,25.15.01,Why This Gaming Video Went Viral,Channel_4885,17,2025-01-15T14:00:00.000Z,vlog|live|official,118153,1523,701,1419,https://i.ytimg.com/vi/8elPg5xRM5N/default.jpg,False,False,False,Auto-generated sample description for Gaming video.
8kDbYY17pw1,24.31.10,Music Compilation 2024,Channel_2817,19,2024-10-31T21:00:00.000Z,review|trending|vlog,94199,3115,686,532,https://i.ytimg.com/vi/tu8k3g75X3R/default.jpg,False,False,False,Auto-generated sample description for Music video.
imQwWsLBDOM,24.27.09,Official Sports Highlights,Channel_411,26,2024-09-27T06:00:00.000Z,trending|vlog|music,17246,824,55,123,https://i.ytimg.com/vi/A8-5OP4DXCE/default.jpg,True,False,False,Auto-generated sample description for Sports video.
Xnhk8TBA-zD,24.27.12,Official Music Highlights,Channel_4253,20,2024-12-25T22:00:00.000Z,live|2024|vlog,68380,3676,196,1316,https://i.ytimg.com/vi/Iix_8iO6Swh/default.jpg,False,False,False,Auto-generated sample description for Music video.
uhx_bwzqWns,24.24.10,Why This Comedy Video Went Viral,Channel_682,12,2024-10-23T11:00:00.000Z,music|live|review,74694,1655,710,1334,https://i.ytimg.com/vi/06d0pg876nO/default.jpg,False,False,False,Auto-generated sample description for Comedy video.
jVGUTeOPOdl,24.31.10,Music Compilation 2024,Channel_3537,19,2024-10-28T10:00:00.000Z,official|2024|trending,124219,1325,680,1706,https://i.ytimg.com/vi/LX5CX-v66IW/default.jpg,False,False,False,Auto-generated sample description for Music video.
kHaQ390H96i,24.19.05,Behind the Scenes: Music,Channel_3391,19,2024-05-17T08:00:00.000Z,music|official|review,6301,165,11,44,https://i.ytimg.com/vi/DBUIY-VZvTQ/default.jpg,False,False,False,Auto-generated sample description for Music video.
Px_9J8ytWHz,24.20.05,Why This Music Video Went Viral,Channel_1899,15,2024-05-20T00:00:00.000Z,official|2024|music,30842,1367,235,100,https://i.ytimg.com/vi/E9lPpmxNZCS/default.jpg,False,False,False,Auto-generated sample description for Music video.
KxLyk9hanCA,24.28.03,Behind the Scenes: Entertainment,Channel_682,24,2024-03-24T03:00:00.000Z,official|trending|music,3286843,234417,11195,27402,https://i.ytimg.com/vi/d21NKjp4i5q/default.jpg,False,False,False,Auto-generated sample description for Entertainment video.
T0fqKUhDTxf,24.16.03,Music Compilation 2024,Channel_4198,15,2024-03-13T16:00:00.000Z,music|live|2024,390476,23171,3466,4675,https://i.ytimg.com/vi/JDzU9hPmkP7/default.jpg,False,False,False,Auto-generated sample description for Music video.
8xc6fVjed2M,24.26.09,Official Music Highlights,Channel_4491,19,2024-09-25T05:00:00.000Z,official|vlog|trending,88758,4719,452,620,https://i.ytimg.com/vi/bCBufxz82Fa/default.jpg,False,False,False,Auto-generated sample description for Music video.
BIHQIca-nRv,24.19.10,Why This Music Video Went Viral,Channel_552,19,2024-10-17T06:00:00.000Z,music|official|review,57489,3048,494,718,https://i.ytimg.com/vi/G4ILoa6Rbqb/default.jpg,False,False,False,Auto-generated sample description for Music video.
t47XrdhehFX,24.29.12,Music Compilation 2024,Channel_4425,19,2024-12-26T09:00:00.000Z,vlog|music|live,540608,22937,3813,2164,https://i.ytimg.com/vi/8HXJLj_2s7U/default.jpg,False,False,False,Auto-generated sample description for Music video.
BGHWE81WXBp,25.06.01,Official Music Highlights,Channel_1428,20,2025-01-04T15:00:00.000Z,music|official|vlog,751944,46062,4549,2173,https://i.ytimg.com/vi/66VuhK7M6gD/default.jpg,False,False,False,Auto-generated sample description for Music video.
_2WJ90BYr1M,24.21.11,Official People & Blogs Highlights,Channel_2522,21,2024-11-18T06:00:00.000Z,music|live|official,22651,640,176,192,https://i.ytimg.com/vi/35WRFSAbtVJ/default.jpg,False,False,False,Auto-generated sample description for People & Blogs video.
Nxa4ZfH6zZs,24.28.07,News & Politics Compilation 2024,Channel_3926,8,2024-07-26T02:00:00.000Z,official|vlog|review,17441,1371,137,248,https://i.ytimg.com/vi/UzXFpsHrSgU/default.jpg,False,False,False,Auto-generated sample description for News & Politics video.
C8vOVveZcX8,24.30.08,Reacting to Music Trends,Channel_1110,15,2024-08-26T10:00:00.000Z,official|trending|live,72333,1051,510,246,https://i.ytimg.com/vi/7DGdfVSjVhm/default.jpg,False,False,False,Auto-generated sample description for Music video.
ydQJXRJsx2S,24.09.03,Entertainment Compilation 2024,Channel_2651,24,2024-03-05T14:00:00.000Z,2024|vlog|official,2330,51,13,22,https://i.ytimg.com/vi/9QXJOfjQF9A/default.jpg,False,False,False,Auto-generated sample description for Entertainment video.
6ATu7Lh-dcB,24.28.09,Entertainment Compilation 2024,Channel_1388,25,2024-09-28T22:00:00.000Z,review|2024|official,7096,175,19,80,https://i.ytimg.com/vi/LzLUF6u5-UF/default.jpg,False,False,False,Auto-generated sample description for Entertainment video.
IY8mLWF5f6C,24.05.07,Official People & Blogs Highlights,Channel_3024,2,2024-07-03T16:00:00.000Z,music|2024|review,7603,601,11,147,https://i.ytimg.com/vi/rbhqGt6_7kn/default.jpg,False,False,False,Auto-generated sample description for People & Blogs video.
xCEnahIZmgQ,24.11.01,Reacting to Travel & Events Trends,Channel_490,4,2024-01-09T06:00:00.000Z,official|live|2024,19253,1416,40,290,https://i.ytimg.com/vi/YNx4-JujSqt/default.jpg,False,False,False,Auto-generated sample description for Travel & Events video.
hvmnpCPKsA0,24.06.04,Reacting to Sports Trends,Channel_1783,26,2024-04-05T02:00:00.000Z,music|vlog|review,2304,81,7,8,https://i.ytimg.com/vi/ZGsSCNv_8PW/default.jpg,False,False,False,Auto-generated sample description for Sports video.
J1FGVNO0OkM,24.15.07,Education Compilation 2024,Channel_4188,9,2024-07-15T03:00:00.000Z,live|trending|vlog,1008,30,9,5,https://i.ytimg.com/vi/YQSFzIMmxR_/default.jpg,False,False,False,Auto-generated sample description for Education video.
cZHhwQ48g3R,24.07.11,Official People & Blogs Highlights,Channel_4355,28,2024-11-07T09:00:00.000Z,official|trending|vlog,11064,372,41,93,https://i.ytimg.com/vi/ONlkHPq_Djx/default.jpg,False,False,False,Auto-generated sample description for People & Blogs video.
JTGqmk2JH1m,24.13.05,Reacting to Entertainment Trends,Channel_3409,25,2024-05-09T11:00:00.000Z,review|live|2024,79380,3995,788,261,https://i.ytimg.com/vi/DCirZR6RsRz/default.jpg,False,False,False,Auto-generated sample description for Entertainment video.
_pK9st43jD4,24.05.11,Education Compilation 2024,Channel_2607,6,2024-11-05T13:00:00.000Z,review|trending|vlog,458485,30061,3378,2968,https://i.ytimg.com/vi/ZNqvFory05S/default.jpg,False,False,False,Auto-generated sample description for Education video.
XB6nHgow4Jn,24.23.09,Official Comedy Highlights,Channel_2529,5,2024-09-21T18:00:00.000Z,2024|review|trending,28530,941,101,429,https://i.ytimg.com/vi/QU1AlBSiiDr/default.jpg,False,False,False,Auto-generated sample description for Comedy video.
6tKfZH6ZH89,24.03.05,Top 10 People & Blogs Moments This Week,Channel_967,28,2024-04-30T15:00:00.000Z,review|music|2024,212090,3126,1706,415,https://i.ytimg.com/vi/lvRkon53nXr/default.jpg,False,False,False,Auto-generated sample description for People & Blogs video.
vmW86pPgatl,24.18.10,Official Film & Animation Highlights,Channel_124,13,2024-10-18T17:00:00.000Z,music|trending|live,1705,89,3,26,https://i.ytimg.com/vi/AJGxz08nGsQ/default.jpg,False,False,False,Auto-generated sample description for Film & Animation video.
XhXdnic5E7Y,24.06.02,Why This Music Video Went Viral,Channel_4801,19,2024-02-06T13:00:00.000Z,review|music|live,16703,448,87,330,https://i.ytimg.com/vi/GQZv1u7VYEq/default.jpg,False,False,False,Auto-generated sample description for Music video.
rjoLqxJtlkI,25.28.01,Why This Comedy Video Went Viral,Channel_693,12,2025-01-24T18:00:00.000Z,live|vlog|trending,17483,812,84,226,https://i.ytimg.com/vi/L7va2scKvTl/default.jpg,False,False,False,Auto-generated sample description for Comedy video.
2wHNQu0_SRC,24.26.06,Reacting to Music Trends,Channel_4278,20,2024-06-23T05:00:00.000Z,live|review|official,252754,20100,859,294,https://i.ytimg.com/vi/xuREwhIi-lb/default.jpg,False,False,False,Auto-generated sample description for Music video.
L9vWNS-8Iwc,24.17.12,Official Entertainment Highlights,Channel_2110,25,2024-12-16T11:00:00.000Z,review|trending|music,147710,7143,479,669,https://i.ytimg.com/vi/z8tAtff9rnA/default.jpg,False,False,False,Auto-generated sample description for Entertainment video.
zpZ_CHFSkfL,25.02.02,Reacting to Music Trends,Channel_2226,20,2025-02-01T08:00:00.000Z,trending|2024|official,12708,886,59,51,https://i.ytimg.com/vi/p3OueARkxqx/default.jpg,False,False,False,Auto-generated sample description for Music video.
HJaRWcYXHwD,24.26.07,Why This People & Blogs Video Went Viral,Channel_4187,2,2024-07-22T15:00:00.000Z,vlog|trending|live,298309,5569,2821,5655,https://i.ytimg.com/vi/EzOYY1KHzpK/default.jpg,False,False,False,Auto-generated sample description for People & Blogs video.
3X-WZ1JoD08,24.28.02,Music Compilation 2024,Channel_1144,20,2024-02-25T17:00:00.000Z,2024|vlog|trending,11080,628,107,42,https://i.ytimg.com/vi/uCC-qIfWPSZ/default.jpg,False,False,False,Auto-generated sample description for Music video.
wqTHweE7_RI,24.25.12,Why This Music Video Went Viral,Channel_2997,20,2024-12-23T19:00:00.000Z,music|trending|live,80437,2507,563,815,https://i.ytimg.com/vi/uzeWF1eMmLM/default.jpg,False,False,False,Auto-generated sample description for Music video.
eMDT9DuQC2B,24.28.06,Behind the Scenes: News & Politics,Channel_1409,11,2024-06-24T20:00:00.000Z,live|trending|2024,4662,256,6,41,https://i.ytimg.com/vi/xPQCIMJlyOs/default.jpg,False,False,False,Auto-generated sample description for News & Politics video.
nmjTXZoPANG,24.02.06,Reacting to Entertainment Trends,Channel_1012,24,2024-06-01T20:00:00.000Z,vlog|review|official,20895,1445,131,17,https://i.ytimg.com/vi/E4qBOW43JfA/default.jpg,False,False,False,Auto-generated sample description for Entertainment video.
_c_yHYsCz_f,24.13.07,Why This Music Video Went Viral,Channel_483,20,2024-07-11T20:00:00.000Z,2024|music|vlog,5969,296,36,58,https://i.ytimg.com/vi/uwi-493P3JG/default.jpg,False,False,False,Auto-generated sample description for Music video.
XDVX0f0GgHo,24.21.10,Why This Sports Video Went Viral,Channel_1766,1,2024-10-19T05:00:00.000Z,2024|official|trending,135751,5346,1013,1325,https://i.ytimg.com/vi/dLc8nUMuPi4/default.jpg,False,False,False,Auto-generated sample description for Sports video.
rWjElE_kgph,24.25.10,Sports Compilation 2024,Channel_2656,26,2024-10-22T08:00:00.000Z,2024|vlog|live,2182,102,14,29,https://i.ytimg.com/vi/Iw7SeuL9eta/default.jpg,False,False,False,Auto-generated sample description for Sports video.
BI1O3NktwlZ,24.13.01,Why This Music Video Went Viral,Channel_1613,19,2024-01-11T17:00:00.000Z,live|2024|review,21156,790,106,178,https://i.ytimg.com/vi/gQ-QGnF8eAf/default.jpg,False,False,False,Auto-generated sample description for Music video.
pqlbLNbEqJa,24.20.10,Official Comedy Highlights,Channel_2702,12,2024-10-16T11:00:00.000Z,2024|vlog|live,12074,341,76,128,https://i.ytimg.com/vi/S0luc8Bywi6/default.jpg,False,False,False,Auto-generated sample description for Comedy video.
R1nZ_Brw6mP,25.12.01,Why This Comedy Video Went Viral,Channel_4112,5,2025-01-12T19:00:00.000Z,official|music|vlog,6978,369,28,45,https://i.ytimg.com/vi/ybrDFsVt_om/default.jpg,False,False,False,Auto-generated sample description for Comedy video.
m-pU04Pm5FS,24.20.04,Behind the Scenes: Music,Channel_1421,15,2024-04-20T09:00:00.000Z,2024|live|official,11548,816,24,214,https://i.ytimg.com/vi/8BndgOPeAKc/default.jpg,False,False,False,Auto-generated sample description for Music video.
z2t2m9lyjQo,24.12.04,Music Compilation 2024,Channel_3221,15,2024-04-11T14:00:00.000Z,official|music|2024,22335,518,102,411,https://i.ytimg.com/vi/GlzA186x-KB/default.jpg,False,False,False,Auto-generated sample description for Music video.
d2tJNaJE6Cm,24.19.12,Music Compilation 2024,Channel_4208,15,2024-12-18T21:00:00.000Z,live|2024|review,228919,6922,1596,3554,https://i.ytimg.com/vi/4gKJ_smdkIA/default.jpg,False,False,False,Auto-generated sample description for Music video.
X0a3T_bGnyW,24.16.11,Official Entertainment Highlights,Channel_430,24,2024-11-16T22:00:00.000Z,official|trending|music,44222,592,324,183,https://i.ytimg.com/vi/sctIfmRpPpJ/default.jpg,False,False,False,Auto-generated sample description for Entertainment video.
_SuQr9X_ujc,24.30.03,Music Compilation 2024,Channel_3072,20,2024-03-27T20:00:00.000Z,official|live|2024,26729,1247,122,235,https://i.ytimg.com/vi/wK8zJQdHphE/default.jpg,False,False,False,Auto-generated sample description for Music video.
BVUl539DVfE,24.22.12,Why This Science & Technology Video Went Viral,Channel_4184,7,2024-12-18T12:00:00.000Z,music|official|vlog,17324,178,134,14,https://i.ytimg.com/vi/zQMS54khJL6/default.jpg,False,False,False,Auto-generated sample description for Science & Technology video.
VUzqgWXdpuQ,24.12.03,Behind the Scenes: Entertainment,Channel_584,24,2024-03-10T16:00:00.000Z,2024|music|official,22712,1648,171,266,https://i.ytimg.com/vi/TIV7IYORX67/default.jpg,False,False,False,Auto-generated sample description for Entertainment video.
wf6sHhMyKAO,24.21.02,Official Entertainment Highlights,Channel_1416,24,2024-02-19T09:00:00.000Z,live|trending|music,7668,376,20,64,https://i.ytimg.com/vi/2Hl1EZ5A44z/default.jpg,False,False,False,Auto-generated sample description for Entertainment video.
baMowIotgIQ,24.21.01,Music Compilation 2024,Channel_4285,19,2024-01-20T13:00:00.000Z,review|live|music,153388,7194,1401,2971,https://i.ytimg.com/vi/Y7rvFa_Rt3R/default.jpg,False,False,False,Auto-generated sample description for Music video.
KucNyF3trnJ,24.27.09,Behind the Scenes: Autos & Vehicles,Channel_2355,29,2024-09-26T01:00:00.000Z,music|2024|trending,719,32,0,3,https://i.ytimg.com/vi/CSqbd7W9xeC/default.jpg,False,False,False,Auto-generated sample description for Autos & Vehicles video.
QRjrqi2_wZy,24.19.02,Reacting to Music Trends,Channel_1234,15,2024-02-15T02:00:00.000Z,review|official|music,31028,1822,214,209,https://i.ytimg.com/vi/yvOd-w-jeG1/default.jpg,False,False,False,Auto-generated sample description for Music video.
zsfvQ1rZqD4,24.23.02,Film & Animation Compilation 2024,Channel_1281,3,2024-02-20T04:00:00.000Z,trending|vlog|2024,6910,250,58,17,https://i.ytimg.com/vi/POk_KtIHoZU/default.jpg,False,False,False,Auto-generated sample description for Film & Animation video.
FxZvHiNGyhj,24.17.11,Why This Sports Video Went Viral,Channel_1573,1,2024-11-16T09:00:00.000Z,trending|2024|vlog,8191,450,22,128,https://i.ytimg.com/vi/CZM61NEbQ-N/default.jpg,False,False,False,Auto-generated sample description for Sports video.
BD3GkeA6aFa,24.25.07,Why This Music Video Went Viral,Channel_80,15,2024-07-24T18:00:00.000Z,music|vlog|review,45685,1275,87,571,https://i.ytimg.com/vi/YjmwQmW6m30/default.jpg,False,False,False,Auto-generated sample description for Music video.
rvAlUW8Mqzr,24.27.06,Behind the Scenes: Music,Channel_937,19,2024-06-25T02:00:00.000Z,live|trending|review,944120,51772,6759,8082,https://i.ytimg.com/vi/nHLOWKsUxqW/default.jpg,False,False,False,Auto-generated sample description for Music video.
a5kMwo7pnUt,24.12.05,Official Comedy Highlights,Channel_4947,5,2024-05-10T17:00:00.000Z,official|music|trending,117480,2109,692,100,https://i.ytimg.com/vi/iG62sndATzg/default.jpg,False,False,False,Auto-generated sample description for Comedy video.
3RW0todlpGu,24.05.11,Music Compilation 2024,Channel_2403,20,2024-11-03T05:00:00.000Z,2024|trending|vlog,27985,1164,35,217,https://i.ytimg.com/vi/3D-YawKBqsh/default.jpg,False,False,False,Auto-generated sample description for Music video.
lUWh4wQ-VTd,24.14.01,Why This Entertainment Video Went Viral,Channel_2071,25,2024-01-13T02:00:00.000Z,review|music|vlog,42305,2949,69,475,https://i.ytimg.com/vi/IRwMs6LpvVT/default.jpg,False,False,False,Auto-generated sample description for Entertainment video.
5wr94UKresV,24.02.12,Behind the Scenes: Entertainment,Channel_2146,24,2024-12-01T05:00:00.000Z,trending|official|vlog,1189781,15321,11276,10517,https://i.ytimg.com/vi/7uFuPTa7RAt/default.jpg,False,False,False,Auto-generated sample description for Entertainment video.
Lsa1uP7_FQu,24.17.09,Why This People & Blogs Video Went Viral,Channel_656,21,2024-09-17T19:00:00.000Z,live|vlog|music,144612,5284,769,2354,https://i.ytimg.com/vi/UZW14G3i1Yz/default.jpg,False,False,False,Auto-generated sample description for People & Blogs video.
YtTNqawyGqN,24.17.10,Why This Music Video Went Viral,Channel_1123,20,2024-10-16T19:00:00.000Z,live|vlog|trending,9139,475,57,109,https://i.ytimg.com/vi/m6qLKdiI_ts/default.jpg,False,False,False,Auto-generated sample description for Music video.
bNOmmVhL8mF,24.19.06,Why This Entertainment Video Went Viral,Channel_3167,24,2024-06-15T08:00:00.000Z,vlog|music|trending,165858,2517,332,2204,https://i.ytimg.com/vi/Q9sK4wCO7Jv/default.jpg,False,False,False,Auto-generated sample description for Entertainment video.
oUmee0TClY7,24.02.07,Reacting to Music Trends,Channel_3030,19,2024-07-02T09:00:00.000Z,review|live|trending,87482,4174,424,505,https://i.ytimg.com/vi/_98KTmbh6L5/default.jpg,False,False,False,Auto-generated sample description for Music video.
iKqN6BT1pY8,24.29.06,Gaming Compilation 2024,Channel_2697,17,2024-06-28T07:00:00.000Z,review|official|trending,10442,424,27,140,https://i.ytimg.com/vi/GQACcmICDm7/default.jpg,False,False,True,Auto-generated sample description for Gaming video.
xKHyM5c24G8,24.22.11,Official Music Highlights,Channel_3563,15,2024-11-20T18:00:00.000Z,trending|official|2024,142473,6441,579,183,https://i.ytimg.com/vi/1gm_7Ra-_Hq/default.jpg,False,False,False,Auto-generated sample description for Music video.
Vt3bvAdg8MX,24.09.05,Reacting to Comedy Trends,Channel_1031,5,2024-05-05T10:00:00.000Z,trending|live|2024,48290,2108,101,511,https://i.ytimg.com/vi/HbYnNqHtoHZ/default.jpg,False,False,False,Auto-generated sample description for Comedy video.
srvw2jT62Zd,24.06.01,Why This Music Video Went Viral,Channel_4854,20,2024-01-06T20:00:00.000Z,vlog|official|live,400185,10049,688,7097,https://i.ytimg.com/vi/tRHn7dLbHzs/default.jpg,False,False,False,Auto-generated sample description for Music video.
FjRznwme1Nx,24.23.02,Reacting to Music Trends,Channel_3520,19,2024-02-23T01:00:00.000Z,official|trending|music,51526,1574,148,206,https://i.ytimg.com/vi/5p95fUBfHDd/default.jpg,False,False,False,Auto-generated sample description for Music video.
RdZPt15I-Wg,24.05.11,Top 10 Education Moments This Week,Channel_2505,6,2024-11-03T22:00:00.000Z,music|vlog|2024,3521,175,11,48,https://i.ytimg.com/vi/35qej8c90ep/default.jpg,False,False,False,Auto-generated sample description for Education video.
S0Ag4mDG0wQ,25.07.01,Behind the Scenes: Music,Channel_469,15,2025-01-06T11:00:00.000Z,vlog|music|trending,98492,7375,618,1235,https://i.ytimg.com/vi/Nj1X59wfVyd/default.jpg,False,False,False,Auto-generated sample description for Music video.
mk8WSG3AbIM,24.21.12,Behind the Scenes: Entertainment,Channel_1556,24,2024-12-18T06:00:00.000Z,trending|official|2024,157367,10849,162,423,https://i.ytimg.com/vi/dinRHcmQQ5h/default.jpg,False,False,False,Auto-generated sample description for Entertainment video.
M3VWIcHhOvx,24.20.07,Reacting to Film & Animation Trends,Channel_1212,13,2024-07-19T00:00:00.000Z,official|2024|live,337811,7410,2567,6619,https://i.ytimg.com/vi/1rPwY8SANhY/default.jpg,False,False,False,Auto-generated sample description for Film & Animation video.
4gll5nd4m3m,24.09.12,Why This Education Video Went Viral,Channel_381,18,2024-12-09T10:00:00.000Z,trending|official|live,968,73,4,18,https://i.ytimg.com/vi/XLRPb5Bup5L/default.jpg,False,False,False,Auto-generated sample description for Education video.
ofgNhIe9Bmg,24.01.05,Official Sports Highlights,Channel_771,10,2024-04-30T09:00:00.000Z,official|trending|vlog,7659,81,66,65,https://i.ytimg.com/vi/NvHXfjzhAyB/default.jpg,False,False,False,Auto-generated sample description for Sports video.
9GomyqIu1Gr,24.14.06,Official Sports Highlights,Channel_26,10,2024-06-10T21:00:00.000Z,trending|official|live,67059,3359,197,723,https://i.ytimg.com/vi/WrdZr8PEHoA/default.jpg,False,False,False,Auto-generated sample description for Sports video.
HUSduV7i8Yd,24.21.01,Official Entertainment Highlights,Channel_2276,24,2024-01-20T19:00:00.000Z,2024|live|music,406937,31568,1653,901,https://i.ytimg.com/vi/MLUW0iQkKaM/default.jpg,False,False,False,Auto-generated sample description for Entertainment video.
QfhWuTJSrTD,24.29.08,Official Film & Animation Highlights,Channel_1388,3,2024-08-25T10:00:00.000Z,music|trending|live,1588,66,0,17,https://i.ytimg.com/vi/jYGzv8kwmWh/default.jpg,False,False,False,Auto-generated sample description for Film & Animation video.
bpIW5LNOGpa,24.04.12,Music Compilation 2024,Channel_3223,15,2024-12-01T06:00:00.000Z,trending|2024|music,62197,2209,455,418,https://i.ytimg.com/vi/1hXW32DvfYX/default.jpg,False,False,False,Auto-generated sample description for Music video.
WUu9QCBWEOU,24.10.09,Behind the Scenes: People & Blogs,Channel_4477,28,2024-09-10T12:00:00.000Z,music|2024|vlog,31251,533,202,249,https://i.ytimg.com/vi/2zWlbdl7iqQ/default.jpg,True,False,False,Auto-generated sample description for People & Blogs video.
9Q_SKCcNGy1,24.04.01,Why This Music Video Went Viral,Channel_646,19,2024-01-01T06:00:00.000Z,vlog|official|music,178254,10522,881,1710,https://i.ytimg.com/vi/IqQYrngFKNs/default.jpg,False,False,False,Auto-generated sample description for Music video.
Hqw-ZjFk6Re,24.29.09,Reacting to Music Trends,Channel_4842,20,2024-09-28T18:00:00.000Z,vlog|review|music,42269,2121,238,408,https://i.ytimg.com/vi/bbZebQegx3G/default.jpg,False,False,False,Auto-generated sample description for Music video.
R6cXTfLaNRN,24.19.01,Music Compilation 2024,Channel_4952,20,2024-01-19T06:00:00.000Z,live|vlog|2024,19619,531,15,38,https://i.ytimg.com/vi/NKDDgyCYlwS/default.jpg,False,False,False,Auto-generated sample description for Music video.
Dn0qJwAtKCd,24.25.11,Reacting to News & Politics Trends,Channel_4453,11,2024-11-25T12:00:00.000Z,live|2024|review,3179,64,2,22,https://i.ytimg.com/vi/qKXMBFCNuQ6/default.jpg,False,False,False,Auto-generated sample description for News & Politics video.
E5a4jEp5I-j,24.05.10,Why This Music Video Went Viral,Channel_4245,15,2024-10-05T11:00:00.000Z,2024|trending|vlog,32167,1161,118,325,https://i.ytimg.com/vi/3ec8jM0m4zt/default.jpg,False,False,False,Auto-generated sample description for Music video.
Z0HowWgMGFx,24.31.12,Reacting to Gaming Trends,Channel_2818,17,2024-12-31T12:00:00.000Z,2024|trending|official,18431,1329,130,245,https://i.ytimg.com/vi/L8cs7TagmIN/default.jpg,False,False,False,Auto-generated sample description for Gaming video.
oC7XTcMhlTM,24.13.01,Why This Comedy Video Went Viral,Channel_5000,12,2024-01-12T01:00:00.000Z,music|trending|live,5588,119,38,46,https://i.ytimg.com/vi/SXsuRLd38tX/default.jpg,False,False,False,Auto-generated sample description for Comedy video.
Px4DKzCJ-sV,24.20.11,Why This Comedy Video Went Viral,Channel_3216,12,2024-11-17T18:00:00.000Z,review|vlog|music,1130,24,1,8,https://i.ytimg.com/vi/FbqabSZerVA/default.jpg,False,False,False,Auto-generated sample description for Comedy video.
jvUeKg0lhK7,24.09.01,Official Music Highlights,Channel_3820,20,2024-01-07T19:00:00.000Z,vlog|trending|2024,18228,746,48,57,https://i.ytimg.com/vi/pTXCHGtOId3/default.jpg,False,False,False,Auto-generated sample description for Music video.
un5l8uoygUb,24.28.09,Comedy Compilation 2024,Channel_3637,5,2024-09-25T18:00:00.000Z,official|trending|live,13879,652,40,122,https://i.ytimg.com/vi/RY34AKbgcJ4/default.jpg,False,False,False,Auto-generated sample description for Comedy video.
X906p836G52,24.07.05,Science & Technology Compilation 2024,Channel_3878,7,2024-05-03T18:00:00.000Z,2024|trending|music,8188,216,55,146,https://i.ytimg.com/vi/NyY5E3FyDEK/default.jpg,False,False,False,Auto-generated sample description for Science & Technology video.
LXV-olMgacq,24.13.12,Music Compilation 2024,Channel_2588,20,2024-12-12T00:00:00.000Z,official|music|trending,64162,1379,191,882,https://i.ytimg.com/vi/_BeQVG2UvXU/default.jpg,False,False,False,Auto-generated sample description for Music video.
QiUm7rakzPE,24.28.07,Official Music Highlights,Channel_4512,19,2024-07-26T14:00:00.000Z,music|vlog|2024,14616,577,114,150,https://i.ytimg.com/vi/mFnFbJ2vZ2u/default.jpg,False,False,False,Auto-generated sample description for Music video.
TdoRaORW5A8,24.12.07,Why This Music Video Went Viral,Channel_1168,20,2024-07-10T06:00:00.000Z,music|2024|vlog,13848,242,9,230,https://i.ytimg.com/vi/DTks61lw1DP/default.jpg,False,False,False,Auto-generated sample description for Music video.
T0KvWxEOSUV,24.13.12,Why This Sports Video Went Viral,Channel_2034,1,2024-12-09T12:00:00.000Z,official|review|live,19402,359,106,51,https://i.ytimg.com/vi/Z6_uFvXLkjy/default.jpg,False,False,False,Auto-generated sample description for Sports video.
dqPyG3V1gPy,24.26.12,Behind the Scenes: Entertainment,Channel_3603,24,2024-12-22T20:00:00.000Z,review|2024|live,344831,23127,1292,1110,https://i.ytimg.com/vi/rNwMd8hdpWG/default.jpg,False,False,False,Auto-generated sample description for Entertainment video.
tV_9LaKB2J7,24.18.02,Official Entertainment Highlights,Channel_1780,25,2024-02-14T18:00:00.000Z,music|review|trending,3157,163,16,50,https://i.ytimg.com/vi/mDbnJTjJBai/default.jpg,False,False,False,Auto-generated sample description for Entertainment video.
9XpGVDQgUQh,24.07.03,Why This Music Video Went Viral,Channel_1203,19,2024-03-04T07:00:00.000Z,official|vlog|2024,16114,598,108,295,https://i.ytimg.com/vi/k-uZZewX7YC/default.jpg,False,False,False,Auto-generated sample description for Music video.
9H6Jyr8sY_b,24.23.06,Official Entertainment Highlights,Channel_2980,25,2024-06-22T20:00:00.000Z,trending|vlog|review,184517,10267,1127,400,https://i.ytimg.com/vi/avaoz0QLyUi/default.jpg,False,False,False,Auto-generated sample description for Entertainment video.
P47iBUeQPvb,24.08.11,Gaming Compilation 2024,Channel_261,17,2024-11-05T10:00:00.000Z,live|music|vlog,13202,462,52,110,https://i.ytimg.com/vi/SJBfEgQsytX/default.jpg,False,False,False,Auto-generated sample description for Gaming video.
yZ-ohnSkLjJ,24.15.06,Behind the Scenes: Comedy,Channel_740,5,2024-06-12T22:00:00.000Z,review|live|official,3728,265,8,10,https://i.ytimg.com/vi/Ekq5PU6VZ4E/default.jpg,False,False,False,Auto-generated sample description for Comedy video.
ZY3mw44HzBU,24.23.06,Why This Music Video Went Viral,Channel_2927,15,2024-06-19T16:00:00.000Z,trending|vlog|review,4849,180,16,92,https://i.ytimg.com/vi/PP72RjLL3el/default.jpg,True,False,False,Auto-generated sample description for Music video.
pCAziEKLWXD,25.24.01,Reacting to Music Trends,Channel_4293,19,2025-01-22T19:00:00.000Z,trending|review|music,85124,2237,275,80,https://i.ytimg.com/vi/OaA6QP-DIVL/default.jpg,False,False,False,Auto-generated sample description for Music video.
Mss7Hi-Zxdi,24.19.12,Behind the Scenes: Entertainment,Channel_1335,25,2024-12-19T03:00:00.000Z,music|vlog|official,29700,616,26,93,https://i.ytimg.com/vi/_UNsvqKwTck/default.jpg,False,False,False,Auto-generated sample description for Entertainment video.
BurWRqfNoF_,24.19.11,Music Compilation 2024,Channel_4751,15,2024-11-18T22:00:00.000Z,review|official|music,241573,9434,1260,1232,https://i.ytimg.com/vi/FbPpdOeN94t/default.jpg,False,False,False,Auto-generated sample description for Music video.
vEvFveKoKRm,24.29.11,Official Music Highlights,Channel_1128,15,2024-11-29T13:00:00.000Z,review|2024|official,129703,8723,1156,215,https://i.ytimg.com/vi/9VqNA1mWW3q/default.jpg,False,False,False,Auto-generated sample description for Music video.
DkFd41r5qui,24.19.07,Top 10 Entertainment Moments This Week,Channel_255,25,2024-07-15T00:00:00.000Z,music|2024|live,39767,1070,321,505,https://i.ytimg.com/vi/B8EJDLvnvh2/default.jpg,False,False,False,Auto-generated sample description for Entertainment video.
cnxq6khcORI,24.08.08,Why This Film & Animation Video Went Viral,Channel_4822,13,2024-08-04T22:00:00.000Z,music|official|review,17095,1163,120,31,https://i.ytimg.com/vi/y8C6Nr6oQCC/default.jpg,False,False,False,Auto-generated sample description for Film & Animation video.
23c-VZXwQS3,24.06.03,Official Music Highlights,Channel_4217,20,2024-03-05T01:00:00.000Z,music|live|review,35205,778,68,536,https://i.ytimg.com/vi/PDhIOt9FApZ/default.jpg,False,False,False,Auto-generated sample description for Music video.
H-Jlji0-YTv,24.09.09,Reacting to Music Trends,Channel_2514,15,2024-09-05T13:00:00.000Z,live|vlog|review,150298,4746,1109,497,https://i.ytimg.com/vi/WPIAL14NdkB/default.jpg,False,False,False,Auto-generated sample description for Music video.
nxv1imqFI61,24.08.04,Behind the Scenes: Sports,Channel_4873,26,2024-04-06T22:00:00.000Z,vlog|trending|music,70939,1309,308,36,https://i.ytimg.com/vi/kC-G5FwHAPw/default.jpg,False,False,False,Auto-generated sample description for Sports video.
x7-yJ5LvUa1,24.22.09,Top 10 News & Politics Moments This Week,Channel_3513,11,2024-09-18T02:00:00.000Z,music|2024|trending,165865,1934,1469,2959,https://i.ytimg.com/vi/EvgQBxs3T5-/default.jpg,False,False,False,Auto-generated sample description for News & Politics video.
3H4zzMvmCMj,24.23.03,Behind the Scenes: Entertainment,Channel_4750,24,2024-03-22T09:00:00.000Z,official|live|trending,57959,1395,546,1024,https://i.ytimg.com/vi/_du2ZRU-fm9/default.jpg,False,False,False,Auto-generated sample description for Entertainment video.
GUfF6uL6SLw,24.10.08,Reacting to Music Trends,Channel_229,20,2024-08-08T12:00:00.000Z,2024|music|live,587282,42419,5171,2305,https://i.ytimg.com/vi/VCtLg5NAYkP/default.jpg,False,False,False,Auto-generated sample description for Music video.
8k-sX4_e06h,24.23.12,People & Blogs Compilation 2024,Channel_30,28,2024-12-21T07:00:00.000Z,live|vlog|trending,4232,233,13,30,https://i.ytimg.com/vi/Dg22t6H_1S9/default.jpg,False,False,False,Auto-generated sample description for People & Blogs video.
udXkAEAFP4w,24.10.09,Why This People & Blogs Video Went Viral,Channel_277,28,2024-09-08T14:00:00.000Z,live|music|review,48998,3430,349,314,https://i.ytimg.com/vi/D5uV-LdcsYC/default.jpg,False,True,False,Auto-generated sample description for People & Blogs video.
hf-jchoLtJF,24.18.10,Official Entertainment Highlights,Channel_3449,24,2024-10-17T02:00:00.000Z,live|official|music,78089,2784,416,1485,https://i.ytimg.com/vi/o9HPpU7JNql/default.jpg,False,False,False,Auto-generated sample description for Entertainment video.
HkqzcJx5vgO,24.29.12,Official Comedy Highlights,Channel_628,5,2024-12-27T21:00:00.000Z,vlog|official|live,19712,819,10,369,https://i.ytimg.com/vi/rC2nWB2JFPo/default.jpg,False,False,False,Auto-generated sample description for Comedy video.
mOufw6LkhJL,24.12.03,Top 10 Music Moments This Week,Channel_68,19,2024-03-08T05:00:00.000Z,trending|official|2024,13841,824,74,27,https://i.ytimg.com/vi/LVjHJrQIs8O/default.jpg,False,False,False,Auto-generated sample description for Music video.
jODYJ0YE2Ww,24.26.12,Top 10 Entertainment Moments This Week,Channel_4488,25,2024-12-26T06:00:00.000Z,official|live|review,16958,270,85,45,https://i.ytimg.com/vi/ftk-E92BQbq/default.jpg,False,False,False,Auto-generated sample description for Entertainment video.
l4KSAAmJTFx,24.27.10,Reacting to Music Trends,Channel_726,20,2024-10-24T00:00:00.000Z,official|trending|music,45328,3014,242,56,https://i.ytimg.com/vi/lLAwgsW8Nw0/default.jpg,False,False,False,Auto-generated sample description for Music video.
zT45PhlYKF0,24.24.04,Behind the Scenes: Entertainment,Channel_1961,25,2024-04-23T14:00:00.000Z,trending|vlog|live,6446,158,30,4,https://i.ytimg.com/vi/YQvzMFhb6Fj/default.jpg,False,False,False,Auto-generated sample description for Entertainment video.
l3FTgt7i2_l,24.18.12,Why This Entertainment Video Went Viral,Channel_2098,24,2024-12-16T11:00:00.000Z,official|vlog|review,18265,1044,137,316,https://i.ytimg.com/vi/UcVZp8bU1Ga/default.jpg,False,False,False,Auto-generated sample description for Entertainment video.
6ehWs1zUXgm,24.15.09,Top 10 Music Moments This Week,Channel_121,15,2024-09-12T07:00:00.000Z,trending|vlog|2024,230730,15109,1157,4592,https://i.ytimg.com/vi/MZ58LtsKvIw/default.jpg,False,False,False,Auto-generated sample description for Music video.
5kn9TgoZ86T,24.10.09,Official News & Politics Highlights,Channel_1562,11,2024-09-07T02:00:00.000Z,live|review|official,14933,1127,55,206,https://i.ytimg.com/vi/PBPzBulvolF/default.jpg,False,False,False,Auto-generated sample description for News & Politics video.
2f50G9k5yEq,24.14.12,Top 10 Music Moments This Week,Channel_3246,15,2024-12-10T03:00:00.000Z,trending|official|music,128132,4700,181,2088,https://i.ytimg.com/vi/Qk0LsapgJos/default.jpg,False,False,False,Auto-generated sample description for Music video.
zRgPgDDMr9j,24.06.12,Official News & Politics Highlights,Channel_2982,22,2024-12-02T12:00:00.000Z,music|trending|review,4647,78,46,2,https://i.ytimg.com/vi/4p6izQ0t-QL/default.jpg,False,False,False,Auto-generated sample description for News & Politics video.
sPHhKzXVmmv,24.31.08,Top 10 Music Moments This Week,Channel_4114,19,2024-08-28T14:00:00.000Z,2024|music|vlog,10140,357,86,145,https://i.ytimg.com/vi/TdwGCLe055i/default.jpg,False,False,False,Auto-generated sample description for Music video.
jSd8LxfjGl1,24.05.12,Why This People & Blogs Video Went Viral,Channel_1059,2,2024-12-03T09:00:00.000Z,live|2024|trending,22843,416,50,90,https://i.ytimg.com/vi/WEcL5YCFOEG/default.jpg,False,False,False,Auto-generated sample description for People & Blogs video.
my8MExZggBJ,24.23.11,Top 10 Entertainment Moments This Week,Channel_4659,24,2024-11-20T03:00:00.000Z,live|trending|2024,3947,280,2,8,https://i.ytimg.com/vi/kHvj4Tu3YkU/default.jpg,False,False,False,Auto-generated sample description for Entertainment video.
yz_B1z0OsTK,24.15.07,People & Blogs Compilation 2024,Channel_3556,2,2024-07-11T14:00:00.000Z,music|live|vlog,622,40,0,4,https://i.ytimg.com/vi/mHgIKeEWJnw/default.jpg,False,False,False,Auto-generated sample description for People & Blogs video.
e7QtOaC9__0,25.08.01,Why This Gaming Video Went Viral,Channel_4430,17,2025-01-08T01:00:00.000Z,official|music|live,301384,16914,585,4823,https://i.ytimg.com/vi/FW2ZOAJJx2r/default.jpg,False,False,False,Auto-generated sample description for Gaming video.
gNp-jp5gwzy,24.07.11,Behind the Scenes: Music,Channel_1416,19,2024-11-03T06:00:00.000Z,music|trending|official,31313,2242,208,297,https://i.ytimg.com/vi/B8eFb-Mu7ww/default.jpg,False,False,False,Auto-generated sample description for Music video.
f_TyDqZAxQb,24.27.01,Reacting to Music Trends,Channel_2023,19,2024-01-26T20:00:00.000Z,trending|2024|review,7150,515,61,133,https://i.ytimg.com/vi/r5WcFbCKOqf/default.jpg,False,False,False,Auto-generated sample description for Music video.
kTdr5CvtuHD,24.22.07,Official News & Politics Highlights,Channel_2357,8,2024-07-21T03:00:00.000Z,official|trending|music,676,24,1,6,https://i.ytimg.com/vi/cTTxREI8nG6/default.jpg,False,False,False,Auto-generated sample description for News & Politics video.
A62u2Vh_0HB,24.10.11,Behind the Scenes: Entertainment,Channel_4035,24,2024-11-09T15:00:00.000Z,review|vlog|live,3662,209,22,52,https://i.ytimg.com/vi/Bhu9aGVMTHn/default.jpg,False,False,False,Auto-generated sample description for Entertainment video.
AfGaHTSApqr,24.06.02,Entertainment Compilation 2024,Channel_1740,25,2024-02-06T22:00:00.000Z,music|live|trending,40877,1743,49,733,https://i.ytimg.com/vi/JR_LEfJuiXS/default.jpg,False,False,False,Auto-generated sample description for Entertainment video.
ceckn85XSf4,24.14.01,Official News & Politics Highlights,Channel_3830,22,2024-01-11T00:00:00.000Z,official|2024|live,32346,974,294,535,https://i.ytimg.com/vi/Iqqk8OfAfpB/default.jpg,False,False,False,Auto-generated sample description for News & Politics video.
KOB7Fr0z9_C,24.05.01,Why This Sports Video Went Viral,Channel_1965,26,2024-01-05T11:00:00.000Z,music|live|official,12488,137,121,160,https://i.ytimg.com/vi/LJGz__RUKz_/default.jpg,True,False,False,Auto-generated sample description for Sports video.
R3ipHNUbaYa,25.30.01,Official Nonprofits & Activism Highlights,Channel_303,14,2025-01-27T01:00:00.000Z,live|review|official,4246,50,17,21,https://i.ytimg.com/vi/RX2I0cys6-b/default.jpg,False,False,False,Auto-generated sample description for Nonprofits & Activism video.
W5tKIFLkYOq,25.16.01,Behind the Scenes: Sports,Channel_443,10,2025-01-15T04:00:00.000Z,2024|review|live,3152,211,7,54,https://i.ytimg.com/vi/NPmFdqP0rZf/default.jpg,False,False,False,Auto-generated sample description for Sports video.
He8s9G1LRFy,24.05.05,Official Film & Animation Highlights,Channel_396,3,2024-05-04T04:00:00.000Z,official|music|2024,3416,137,28,57,https://i.ytimg.com/vi/tYoZESFqx_-/default.jpg,False,False,False,Auto-generated sample description for Film & Animation video.
ai9rlt0nEQ7,24.20.11,Reacting to Entertainment Trends,Channel_4914,24,2024-11-18T02:00:00.000Z,vlog|trending|2024,12668,567,95,141,https://i.ytimg.com/vi/JbdZECUV5Ub/default.jpg,False,False,False,Auto-generated sample description for Entertainment video.
px3lgsVJU7P,24.04.06,Top 10 Sports Moments This Week,Channel_1145,10,2024-06-01T06:00:00.000Z,2024|music|trending,9910,182,36,179,https://i.ytimg.com/vi/SoXmV-oHoN7/default.jpg,False,False,False,Auto-generated sample description for Sports video.
qzcrsnVo6So,24.15.03,Top 10 Sports Moments This Week,Channel_3028,26,2024-03-15T08:00:00.000Z,trending|live|official,5795,253,18,37,https://i.ytimg.com/vi/ZnthPqdQl5K/default.jpg,False,False,False,Auto-generated sample description for Sports video.
3OPVL-pEFXo,24.28.12,Top 10 Music Moments This Week,Channel_741,20,2024-12-25T13:00:00.000Z,music|official|vlog,30021,2180,87,156,https://i.ytimg.com/vi/8WBbXR7bAx2/default.jpg,False,False,False,Auto-generated sample description for Music video.
WXCx0qd_svs,25.10.01,Behind the Scenes: Entertainment,Channel_4593,24,2025-01-10T16:00:00.000Z,vlog|music|live,32297,1826,243,259,https://i.ytimg.com/vi/KLMfVDRF2gG/default.jpg,False,False,False,Auto-generated sample description for Entertainment video.
-FUC5IWGHii,24.09.09,Top 10 Music Moments This Week,Channel_1556,19,2024-09-07T10:00:00.000Z,trending|vlog|2024,165363,2749,902,368,https://i.ytimg.com/vi/z3jn7VV7Hqi/default.jpg,False,False,False,Auto-generated sample description for Music video.
KeFP1Af9_yt,24.15.08,Why This Entertainment Video Went Viral,Channel_3614,24,2024-08-14T21:00:00.000Z,2024|official|live,68650,1889,242,679,https://i.ytimg.com/vi/Oy2yc0BkVDq/default.jpg,False,False,False,"Auto-generated sample description for Entertainment video.
Second line inside a quoted CSV field."
7oV6KsPEZAw,24.16.06,Behind the Scenes: Music,Channel_103,19,2024-06-14T20:00:00.000Z,official|vlog|live,13727,1023,100,94,https://i.ytimg.com/vi/S4tvzOoFsNE/default.jpg,False,False,False,Auto-generated sample description for Music video.
ov9_sztzwnW,25.03.02,Reacting to Music Trends,Channel_3959,19,2025-01-31T22:00:00.000Z,trending|2024|vlog,46404,2163,105,549,https://i.ytimg.com/vi/Zgvib-IOKmL/default.jpg,False,False,False,Auto-generated sample description for Music video.
L3B9qdvhkZU,24.25.12,Behind the Scenes: Entertainment,Channel_1458,24,2024-12-25T05:00:00.000Z,review|2024|music,34574,2318,329,605,https://i.ytimg.com/vi/bPZYtFd5BDH/default.jpg,False,False,False,Auto-generated sample description for Entertainment video.
qTruqPwtpPo,24.08.12,Behind the Scenes: Comedy,Channel_1557,12,2024-12-06T19:00:00.000Z,vlog|music|review,8972,503,84,178,https://i.ytimg.com/vi/HNtETCnIHe9/default.jpg,False,False,False,Auto-generated sample description for Comedy video.
HK35viwM7am,24.22.09,Entertainment Compilation 2024,Channel_842,25,2024-09-19T03:00:00.000Z,official|live|trending,9724,533,6,155,https://i.ytimg.com/vi/S_jTWNLoscN/default.jpg,False,False,False,Auto-generated sample description for Entertainment video.
F8VQUrE7zYo,24.22.11,Reacting to Entertainment Trends,Channel_4510,24,2024-11-21T04:00:00.000Z,music|live|official,76141,4961,643,414,https://i.ytimg.com/vi/raB-xCxnfBl/default.jpg,False,False,False,Auto-generated sample description for Entertainment video.
UUr0UvTPh4s,24.25.10,Entertainment Compilation 2024,Channel_2022,24,2024-10-21T20:00:00.000Z,trending|vlog|official,19529,1295,176,16,https://i.ytimg.com/vi/iX5Afqkvrsw/default.jpg,False,False,False,Auto-generated sample description for Entertainment video.
toV5ESOSaYB,24.10.05,Comedy Compilation 2024,Channel_3285,12,2024-05-06T11:00:00.000Z,2024|trending|review,11999,265,62,216,https://i.ytimg.com/vi/KikACymAcxu/default.jpg,True,False,False,Auto-generated sample description for Comedy video.
ztfcTEPkMGv,24.22.04,Top 10 Comedy Moments This Week,Channel_4388,5,2024-04-19T06:00:00.000Z,trending|music|vlog,2188,118,21,16,https://i.ytimg.com/vi/ptrd9h8AI9C/default.jpg,False,False,False,Auto-generated sample description for Comedy video.
YExqtb4Jhxx,24.06.12,Why This Travel & Events Video Went Viral,Channel_3385,4,2024-12-03T12:00:00.000Z,official|vlog|live,4756,102,14,52,https://i.ytimg.com/vi/0pAxHW-MWJS/default.jpg,False,False,False,Auto-generated sample description for Travel & Events video.
gbrTr34P6Ej,24.30.06,Top 10 Music Moments This Week,Channel_1883,20,2024-06-28T06:00:00.000Z,official|review|trending,133204,8232,880,87,https://i.ytimg.com/vi/r4kSqEy1nB1/default.jpg,False,False,False,Auto-generated sample description for Music video.
nqyJFFS5Zjw,25.31.01,Top 10 Education Moments This Week,Channel_3865,9,2025-01-31T17:00:00.000Z,vlog|official|music,15454,501,31,256,https://i.ytimg.com/vi/CJOALdLtqWj/default.jpg,False,False,True,Auto-generated sample description for Education video.
nwJF-CroO9i,24.22.11,Autos & Vehicles Compilation 2024,Channel_1071,29,2024-11-18T05:00:00.000Z,music|2024|trending,6100,234,39,82,https://i.ytimg.com/vi/DE2fHCn_hDN/default.jpg,False,False,False,Auto-generated sample description for Autos & Vehicles video.
Yl8v8z7mtEp,24.15.07,Reacting to Film & Animation Trends,Channel_1649,27,2024-07-15T07:00:00.000Z,music|official|live,2824,52,23,26,https://i.ytimg.com/vi/jjqupOM2F4T/default.jpg,False,False,False,Auto-generated sample description for Film & Animation video.
zkYIe-JM0t9,24.14.11,Official Sports Highlights,Channel_669,1,2024-11-10T19:00:00.000Z,vlog|live|2024,54581,3455,143,1083,https://i.ytimg.com/vi/eZnECYUTf9T/default.jpg,False,False,False,Auto-generated sample description for Sports video.
DXsOBwAsV6h,24.08.02,Top 10 Entertainment Moments This Week,Channel_1622,24,2024-02-08T13:00:00.000Z,review|vlog|2024,12622,538,116,111,https://i.ytimg.com/vi/vyPk07tR6TW/default.jpg,False,False,False,Auto-generated sample description for Entertainment video.
HMfIvZDJjMq,24.25.02,Official Music Highlights,Channel_876,15,2024-02-25T08:00:00.000Z,review|live|official,111962,8937,774,515,https://i.ytimg.com/vi/CEJXmjqjYNj/default.jpg,False,False,False,Auto-generated sample description for Music video.
sfZf8QwCDoN,24.26.06,Official Music Highlights,Channel_4200,15,2024-06-23T03:00:00.000Z,live|trending|music,126857,8222,856,1590,https://i.ytimg.com/vi/joKZXPLl-VB/default.jpg,False,False,False,Auto-generated sample description for Music video.
wWoQnlsvSne,24.09.03,Why This Comedy Video Went Viral,Channel_3070,12,2024-03-08T11:00:00.000Z,trending|vlog|official,12254,384,82,96,https://i.ytimg.com/vi/-ECTuaIWU6T/default.jpg,False,False,False,Auto-generated sample description for Comedy video.
AIpFp4Vug38,24.11.01,Behind the Scenes: Entertainment,Channel_4070,25,2024-01-07T03:00:00.000Z,vlog|music|review,379119,5040,3261,3600,https://i.ytimg.com/vi/l-VzfcjMZAZ/default.jpg,False,False,False,Auto-generated sample description for Entertainment video.
X1BFz3FDENI,24.10.08,Top 10 Entertainment Moments This Week,Channel_4587,25,2024-08-06T14:00:00.000Z,official|review|live,20457,1305,181,138,https://i.ytimg.com/vi/FHNtAU3U1uR/default.jpg,False,False,False,Auto-generated sample description for Entertainment video.
XqNePlxRjg8,24.03.02,Reacting to People & Blogs Trends,Channel_450,2,2024-02-03T10:00:00.000Z,2024|live|review,26928,2063,168,472,https://i.ytimg.com/vi/PxJGda--nuj/default.jpg,False,False,False,Auto-generated sample description for People & Blogs video.
2xKLZsYs_9I,24.24.03,Behind the Scenes: Music,Channel_2299,15,2024-03-21T07:00:00.000Z,live|official|music,142875,3778,1039,246,https://i.ytimg.com/vi/ow2nilb3d16/default.jpg,False,False,False,Auto-generated sample description for Music video.
yeWaC3KC00T,24.30.09,Reacting to Music Trends,Channel_3294,19,2024-09-27T14:00:00.000Z,live|review|music,49479,3324,395,982,https://i.ytimg.com/vi/ueSS6K22aGT/default.jpg,False,False,False,Auto-generated sample description for Music video.
M_TxLagpjRp,24.24.02,Behind the Scenes: Music,Channel_123,19,2024-02-20T13:00:00.000Z,live|vlog|review,302174,13877,2595,273,https://i.ytimg.com/vi/ZXnOHfg-Zgn/default.jpg,False,False,False,Auto-generated sample description for Music video.
6VBB_Qt-1bt,25.18.01,Top 10 Comedy Moments This Week,Channel_4955,5,2025-01-16T09:00:00.000Z,official|music|review,27385,1944,101,262,https://i.ytimg.com/vi/DvpPxMPMTZW/default.jpg,False,False,False,Auto-generated sample description for Comedy video.
bl1EBEUYyGQ,24.15.08,Behind the Scenes: Entertainment,Channel_631,25,2024-08-11T22:00:00.000Z,review|live|2024,268503,7654,368,5150,https://i.ytimg.com/vi/p6Njb8KVdeR/default.jpg,False,False,False,Auto-generated sample description for Entertainment video.
rP9dIJvi6dR,24.04.07,Official Sports Highlights,Channel_4188,26,2024-06-30T18:00:00.000Z,official|review|music,114956,4942,581,429,https://i.ytimg.com/vi/ZgVDbghzemN/default.jpg,False,False,False,Auto-generated sample description for Sports video.
rLLkNwRUkTD,24.25.03,Behind the Scenes: Gaming,Channel_3112,17,2024-03-21T14:00:00.000Z,official|2024|music,2671,206,1,28,https://i.ytimg.com/vi/B1S24XZ10de/default.jpg,False,False,False,Auto-generated sample description for Gaming video.
DnMXgI2J2Kk,24.23.04,Behind the Scenes: Entertainment,Channel_3183,25,2024-04-22T12:00:00.000Z,music|2024|vlog,42790,3023,170,439,https://i.ytimg.com/vi/uWse8KjxFaL/default.jpg,False,False,False,Auto-generated sample description for Entertainment video.
iKpl7g-xlax,24.03.05,Official People & Blogs Highlights,Channel_339,21,2024-04-29T14:00:00.000Z,trending|review|music,24373,1036,174,426,https://i.ytimg.com/vi/NVvl5pE9-LG/default.jpg,False,False,False,Auto-generated sample description for People & Blogs video.
s3TRonWWtk_,24.26.04,Top 10 Music Moments This Week,Channel_1257,20,2024-04-24T03:00:00.000Z,vlog|music|live,6088,130,42,54,https://i.ytimg.com/vi/q28pUETUroy/default.jpg,False,False,False,Auto-generated sample description for Music video.
jKGlOxGrw1s,24.03.11,Behind the Scenes: Entertainment,Channel_1663,25,2024-11-02T03:00:00.000Z,music|official|live,4905,278,15,2,https://i.ytimg.com/vi/-pxBMlISSMh/default.jpg,False,False,False,Auto-generated sample description for Entertainment video.
Eobl4Tezl1e,24.17.09,Reacting to Music Trends,Channel_2269,19,2024-09-17T03:00:00.000Z,review|trending|vlog,368283,12505,1882,6018,https://i.ytimg.com/vi/2M6ZO7rQs8w/default.jpg,False,True,False,Auto-generated sample description for Music video.
3xYIuUc9wVg,24.06.11,Behind the Scenes: Music,Channel_2155,20,2024-11-05T16:00:00.000Z,review|trending|vlog,11411,313,29,6,https://i.ytimg.com/vi/O8m8i46a9Ll/default.jpg,False,False,False,Auto-generated sample description for Music video.
pshhivatQ9J,24.03.12,Music Compilation 2024,Channel_502,15,2024-12-02T05:00:00.000Z,live|review|official,51862,3370,74,491,https://i.ytimg.com/vi/cbv_YqH5yIY/default.jpg,False,False,False,Auto-generated sample description for Music video.
Zz0AmUKGjDd,24.17.06,Entertainment Compilation 2024,Channel_4975,24,2024-06-16T11:00:00.000Z,vlog|2024|review,131090,7488,641,1174,https://i.ytimg.com/vi/YUuJ1Tmftav/default.jpg,False,False,False,Auto-generated sample description for Entertainment video.
P8ZRdDwKL16,24.26.08,Top 10 Sports Moments This Week,Channel_3446,10,2024-08-22T14:00:00.000Z,trending|2024|vlog,14943,480,75,118,https://i.ytimg.com/vi/tgW8Wt_PSHU/default.jpg,False,False,False,Auto-generated sample description for Sports video.
0MscuV9ulDZ,24.26.07,Top 10 Film & Animation Moments This Week,Channel_1128,13,2024-07-22T19:00:00.000Z,trending|official|review,60258,3701,86,923,https://i.ytimg.com/vi/SlJiMD0CC-7/default.jpg,False,False,False,Auto-generated sample description for Film & Animation video.
y4aMfBeicIB,24.11.07,Music Compilation 2024,Channel_4791,19,2024-07-07T08:00:00.000Z,official|live|music,11269,845,77,168,https://i.ytimg.com/vi/pT9gc359XF3/default.jpg,False,False,False,Auto-generated sample description for Music video.
kX0ca2Gwv5B,24.21.10,Top 10 Howto & Style Moments This Week,Channel_1074,16,2024-10-17T17:00:00.000Z,music|2024|live,13029,623,15,71,https://i.ytimg.com/vi/7Gwc4XTvcch/default.jpg,False,False,False,Auto-generated sample description for Howto & Style video.
G5W9W_x7zHG,24.21.09,Comedy Compilation 2024,Channel_366,12,2024-09-18T19:00:00.000Z,review|official|vlog,207852,11895,1970,2282,https://i.ytimg.com/vi/Bc_F2vrfnKP/default.jpg,False,False,False,Auto-generated sample description for Comedy video.
viucFaB7cfO,24.07.10,News & Politics Compilation 2024,Channel_2164,11,2024-10-07T12:00:00.000Z,live|review|vlog,13143,625,72,172,https://i.ytimg.com/vi/Gruui1vnbNi/default.jpg,True,False,False,Auto-generated sample description for News & Politics video.
T1h7DeRArhF,24.03.03,Top 10 Entertainment Moments This Week,Channel_3662,25,2024-02-28T03:00:00.000Z,trending|review|official,4510,200,10,39,https://i.ytimg.com/vi/3v04AyE3PtE/default.jpg,False,False,False,Auto-generated sample description for Entertainment video.
a6MmgcvgIxU,24.08.01,Behind the Scenes: Music,Channel_2237,20,2024-01-08T00:00:00.000Z,review|trending|2024,107515,6948,65,652,https://i.ytimg.com/vi/scR_wL9cq-X/default.jpg,False,False,False,Auto-generated sample description for Music video.
hFhj83yQVRH,24.10.04,Music Compilation 2024,Channel_4798,15,2024-04-08T19:00:00.000Z,2024|review|official,30148,493,243,318,https://i.ytimg.com/vi/oLP_njs3g-5/default.jpg,False,False,False,Auto-generated sample description for Music video.
mTaDAZG4a_i,25.10.01,Entertainment Compilation 2024,Channel_939,25,2025-01-08T08:00:00.000Z,official|music|vlog,11366,565,78,129,https://i.ytimg.com/vi/thP7FisRgix/default.jpg,False,False,False,Auto-generated sample description for Entertainment video.
9LtNItdV7cr,24.26.07,Top 10 Entertainment Moments This Week,Channel_4002,25,2024-07-24T14:00:00.000Z,review|official|2024,729718,39860,7063,11636,https://i.ytimg.com/vi/qhkdFUlC_i2/default.jpg,False,False,False,Auto-generated sample description for Entertainment video.
HCI5IGlT18F,24.24.09,Behind the Scenes: Comedy,Channel_2389,5,2024-09-24T21:00:00.000Z,official|live|2024,13776,530,43,189,https://i.ytimg.com/vi/8EFwTDscy6x/default.jpg,False,False,False,Auto-generated sample description for Comedy video.
I2HYrWGqZqG,24.16.07,Top 10 Music Moments This Week,Channel_4124,20,2024-07-15T15:00:00.000Z,vlog|live|music,32099,1216,176,90,https://i.ytimg.com/vi/CtrGyLERm2P/default.jpg,False,False,False,Auto-generated sample description for Music video.
FY8rGHZbeKf,24.15.01,Why This Music Video Went Viral,Channel_2850,15,2024-01-11T06:00:00.000Z,trending|review|vlog,84709,2422,339,1541,https://i.ytimg.com/vi/1N6bl8eE4Jb/default.jpg,False,False,False,Auto-generated sample description for Music video.
2rlXpj5UjWC,24.05.09,Top 10 Music Moments This Week,Channel_74,19,2024-09-01T14:00:00.000Z,2024|live|official,114869,4344,552,1519,https://i.ytimg.com/vi/sqSE3Grd6z3/default.jpg,False,False,False,Auto-generated sample description for Music video.
IA0FafcRkYd,25.18.01,Why This Entertainment Video Went Viral,Channel_3386,24,2025-01-14T21:00:00.000Z,trending|2024|review,30357,1344,293,91,https://i.ytimg.com/vi/1skl4sPmO82/default.jpg,False,False,False,Auto-generated sample description for Entertainment video.
Gdji3BftzGV,24.24.08,Reacting to Sports Trends,Channel_542,1,2024-08-24T05:00:00.000Z,vlog|live|official,5213,262,44,34,https://i.ytimg.com/vi/EokSadnnbVo/default.jpg,False,False,True,Auto-generated sample description for Sports video.
OHMy4Ru2mnj,24.26.08,Official Music Highlights,Channel_1900,19,2024-08-23T01:00:00.000Z,trending|review|vlog,819509,64483,952,2348,https://i.ytimg.com/vi/cgtm--OxFgF/default.jpg,False,False,False,Auto-generated sample description for Music video.
WHK1IoT5-Cx,24.30.04,Official Music Highlights,Channel_2411,15,2024-04-30T18:00:00.000Z,vlog|trending|live,398508,15551,3062,1082,https://i.ytimg.com/vi/pG-hMssR4iV/default.jpg,False,False,False,Auto-generated sample description for Music video.
qak1X5QCHG4,24.02.12,Why This Music Video Went Viral,Channel_3319,19,2024-11-30T06:00:00.000Z,music|trending|official,104571,5592,298,1032,https://i.ytimg.com/vi/Ak_xCWkJ0RD/default.jpg,False,False,False,Auto-generated sample description for Music video.
vyZpIeJj2AD,24.09.02,Official Comedy Highlights,Channel_318,5,2024-02-05T17:00:00.000Z,live|trending|official,12281,731,47,212,https://i.ytimg.com/vi/6V-Ur40CK05/default.jpg,False,False,False,Auto-generated sample description for Comedy video.
GKN9Ts_niAb,24.05.06,Top 10 Entertainment Moments This Week,Channel_3972,25,2024-06-03T05:00:00.000Z,trending|music|official,28636,1758,79,247,https://i.ytimg.com/vi/MCnoQe-Loi2/default.jpg,False,False,False,Auto-generated sample description for Entertainment video.
eBj6mC4Zavw,24.28.06,Official Music Highlights,Channel_1465,19,2024-06-26T09:00:00.000Z,vlog|review|official,23071,1003,225,330,https://i.ytimg.com/vi/cSXM3LzAFLV/default.jpg,False,False,False,Auto-generated sample description for Music video.
qiMTnXUYBUr,24.24.05,Official Comedy Highlights,Channel_2386,12,2024-05-23T06:00:00.000Z,vlog|2024|live,51129,1305,278,696,https://i.ytimg.com/vi/Cye3Nvsa_VM/default.jpg,False,False,False,Auto-generated sample description for Comedy video.
2qBMQU7VMm8,24.27.04,Reacting to Entertainment Trends,Channel_4964,24,2024-04-24T22:00:00.000Z,official|2024|music,225769,6119,1749,2924,https://i.ytimg.com/vi/yfed46KavpC/default.jpg,False,False,False,Auto-generated sample description for Entertainment video.
-SqwuLeI1Bi,24.03.04,Why This People & Blogs Video Went Viral,Channel_3948,2,2024-04-03T18:00:00.000Z,official|review|live,8369,569,64,85,https://i.ytimg.com/vi/Z_ijm-3hxn7/default.jpg,False,False,False,Auto-generated sample description for People & Blogs video.
8KuRMmTH8kY,24.08.01,Why This Music Video Went Viral,Channel_4000,20,2024-01-04T07:00:00.000Z,music|review|2024,34556,2322,280,441,https://i.ytimg.com/vi/nqTxKj6KOgK/default.jpg,False,False,False,Auto-generated sample description for Music video.
p28ErJNLuRb,24.05.04,Behind the Scenes: Music,Channel_2647,19,2024-04-01T07:00:00.000Z,trending|2024|vlog,392738,26211,431,7401,https://i.ytimg.com/vi/k2dK26ivHIY/default.jpg,False,True,False,Auto-generated sample description for Music video.
qhZVnxM3K4A,24.06.03,People & Blogs Compilation 2024,Channel_249,2,2024-03-03T02:00:00.000Z,vlog|official|trending,19163,1054,110,333,https://i.ytimg.com/vi/n-ynCwF1awm/default.jpg,False,False,False,Auto-generated sample description for People & Blogs video.
b_NlZ5Xzowi,24.05.06,Behind the Scenes: Film & Animation,Channel_4198,13,2024-06-05T07:00:00.000Z,live|music|vlog,1314,98,5,19,https://i.ytimg.com/vi/0E25bueCQWD/default.jpg,False,False,False,Auto-generated sample description for Film & Animation video.
sX5_fp5yoG3,24.13.12,Reacting to Comedy Trends,Channel_1277,5,2024-12-09T04:00:00.000Z,music|2024|review,14785,323,45,90,https://i.ytimg.com/vi/9KPZF4yYJXD/default.jpg,False,False,False,Auto-generated sample description for Comedy video.
_dCDBjaeKC2,24.11.01,Behind the Scenes: Entertainment,Channel_3285,24,2024-01-08T16:00:00.000Z,official|review|vlog,246457,10465,1819,1654,https://i.ytimg.com/vi/cb27di1YWIS/default.jpg,False,False,False,Auto-generated sample description for Entertainment video.
61LR8XxVrtf,24.26.01,Official Entertainment Highlights,Channel_4546,24,2024-01-22T20:00:00.000Z,live|2024|review,10951,798,81,96,https://i.ytimg.com/vi/9ua4xk_U6Mt/default.jpg,False,False,False,Auto-generated sample description for Entertainment video.
AawBDBOEXrO,25.01.01,Reacting to Comedy Trends,Channel_1945,5,2024-12-30T15:00:00.000Z,official|vlog|live,17403,1109,92,89,https://i.ytimg.com/vi/JKPVox7IYmn/default.jpg,False,False,False,Auto-generated sample description for Comedy video.
3ZHkhBZafFp,24.03.01,Why This Comedy Video Went Viral,Channel_2106,5,2024-01-03T05:00:00.000Z,trending|vlog|official,5800,265,6,77,https://i.ytimg.com/vi/pKONiM4ISn4/default.jpg,False,False,False,Auto-generated sample description for Comedy video.
S_g8e_Q9s_h,24.24.10,Top 10 Entertainment Moments This Week,Channel_59,25,2024-10-21T22:00:00.000Z,trending|official|vlog,4258,149,32,73,https://i.ytimg.com/vi/c8WbRgxXD3Z/default.jpg,False,False,False,Auto-generated sample description for Entertainment video.
L0ACVNUsyTY,24.06.11,Why This News & Politics Video Went Viral,Channel_2236,11,2024-11-03T14:00:00.000Z,2024|official|trending,64145,2536,216,609,https://i.ytimg.com/vi/6JKEW8ys0_9/default.jpg,False,False,False,Auto-generated sample description for News & Politics video.
66CKlbIZVJr,24.16.08,Why This Music Video Went Viral,Channel_3688,15,2024-08-12T00:00:00.000Z,live|vlog|music,46446,2847,91,316,https://i.ytimg.com/vi/Mo8J8_CS0Wl/default.jpg,False,True,False,Auto-generated sample description for Music video.
-9VQWyaMmZJ,24.12.08,Reacting to People & Blogs Trends,Channel_546,21,2024-08-12T05:00:00.000Z,music|vlog|review,280,4,1,1,https://i.ytimg.com/vi/KMKGFn0Fhsm/default.jpg,False,False,False,Auto-generated sample description for People & Blogs video.
W5N6o5Ze6dR,24.08.08,Official Film & Animation Highlights,Channel_527,3,2024-08-08T09:00:00.000Z,trending|review|music,2446,90,14,11,https://i.ytimg.com/vi/tAqR5A138SR/default.jpg,False,False,False,Auto-generated sample description for Film & Animation video.
u5CrHhLvHpX,24.19.08,Top 10 Sports Moments This Week,Channel_2317,26,2024-08-16T00:00:00.000Z,vlog|live|official,81834,3982,761,1330,https://i.ytimg.com/vi/V54JZCmnBdt/default.jpg,False,False,False,Auto-generated sample description for Sports video.
QeBuMowcA6F,24.21.11,Why This Sports Video Went Viral,Channel_2166,1,2024-11-21T18:00:00.000Z,music|review|official,11147,763,66,6,https://i.ytimg.com/vi/GySu-sZUeDw/default.jpg,False,False,False,Auto-generated sample description for Sports video.
p3FccA8Nztr,24.10.04,Top 10 Entertainment Moments This Week,Channel_2726,25,2024-04-09T00:00:00.000Z,trending|official|live,8790,411,53,156,https://i.ytimg.com/vi/snbesC4hwKm/default.jpg,False,False,False,Auto-generated sample description for Entertainment video.
WBkMxfUKoeV,24.21.11,Behind the Scenes: Music,Channel_1174,15,2024-11-21T00:00:00.000Z,trending|official|review,33393,828,230,530,https://i.ytimg.com/vi/6ae0sqhLWQz/default.jpg,False,False,False,Auto-generated sample description for Music video.
bHUYsikDN1o,24.22.11,Top 10 Education Moments This Week,Channel_735,9,2024-11-20T20:00:00.000Z,vlog|official|review,630,29,0,0,https://i.ytimg.com/vi/xbLLMbIjzmU/default.jpg,False,False,False,Auto-generated sample description for Education video.
wOQlkeyKVom,24.13.04,Reacting to Music Trends,Channel_1154,15,2024-04-12T04:00:00.000Z,music|vlog|trending,328028,19407,233,5913,https://i.ytimg.com/vi/wiWc-YaCuNS/default.jpg,False,False,False,Auto-generated sample description for Music video.
UMxD47zv3Il,24.25.09,Top 10 Film & Animation Moments This Week,Channel_2977,27,2024-09-24T04:00:00.000Z,2024|official|live,34209,1274,249,349,https://i.ytimg.com/vi/gJBOr6CnU0l/default.jpg,False,False,False,Auto-generated sample description for Film & Animation video.
VY96lH9KI9y,24.07.02,Top 10 Music Moments This Week,Channel_3396,19,2024-02-06T02:00:00.000Z,2024|live|official,80260,4019,182,1304,https://i.ytimg.com/vi/7qbMIHaKrrX/default.jpg,False,False,False,Auto-generated sample description for Music video.
liC5YwFdyHe,24.21.05,Why This Film & Animation Video Went Viral,Channel_2286,3,2024-05-18T03:00:00.000Z,music|review|trending,7172,110,4,69,https://i.ytimg.com/vi/xyrXErcUOOS/default.jpg,False,False,False,Auto-generated sample description for Film & Animation video.
yRRl53WFrH5,25.01.02,Reacting to Sports Trends,Channel_3997,26,2025-01-31T17:00:00.000Z,live|2024|trending,18713,346,50,142,https://i.ytimg.com/vi/QSytMV9tDWd/default.jpg,False,False,False,Auto-generated sample description for Sports video.
Ey2PPXnLvfP,24.24.10,Top 10 News & Politics Moments This Week,Channel_1958,8,2024-10-21T12:00:00.000Z,official|music|trending,28117,1176,115,531,https://i.ytimg.com/vi/YBFBAPbSRTb/default.jpg,False,False,False,Auto-generated sample description for News & Politics video.
s-CH2SP4jqY,25.28.01,Reacting to People & Blogs Trends,Channel_2138,2,2025-01-28T01:00:00.000Z,live|music|vlog,2391,49,9,20,https://i.ytimg.com/vi/VdFCICnNBT3/default.jpg,False,False,False,Auto-generated sample description for People & Blogs video.
HOs2sxnf0zl,24.06.12,People & Blogs Compilation 2024,Channel_694,2,2024-12-04T17:00:00.000Z,official|vlog|review,5059,110,35,38,https://i.ytimg.com/vi/M93tYIN634K/default.jpg,False,False,False,Auto-generated sample description for People & Blogs video.
3fhIAF-G5A8,24.10.04,Behind the Scenes: Entertainment,Channel_812,25,2024-04-08T01:00:00.000Z,official|music|live,4209,71,25,51,https://i.ytimg.com/vi/hzi-6GKK2GZ/default.jpg,False,False,False,Auto-generated sample description for Entertainment video.
YM2oKfJY1bK,25.30.01,Why This Education Video Went Viral,Channel_2970,9,2025-01-26T02:00:00.000Z,music|official|trending,10600,590,26,42,https://i.ytimg.com/vi/pUK3phB048Y/default.jpg,False,False,False,Auto-generated sample description for Education video.
SywtYkD_iEM,25.02.01,Top 10 Sports Moments This Week,Channel_3414,10,2024-12-30T16:00:00.000Z,live|trending|official,91376,4939,340,1591,https://i.ytimg.com/vi/YIymXA_f9NO/default.jpg,False,False,False,Auto-generated sample description for Sports video.
lmPSwMe2zli,24.20.07,Sports Compilation 2024,Channel_3402,26,2024-07-17T08:00:00.000Z,vlog|2024|official,54449,841,543,43,https://i.ytimg.com/vi/JOdOxsmT4GJ/default.jpg,False,False,False,Auto-generated sample description for Sports video.
QoCNIBNrG8q,24.07.02,Why This Music Video Went Viral,Channel_1228,20,2024-02-07T22:00:00.000Z,review|2024|music,440112,23749,532,2252,https://i.ytimg.com/vi/kj7kASJ12lG/default.jpg,True,False,False,Auto-generated sample description for Music video.
fUGzJNihzQU,24.01.12,Behind the Scenes: Music,Channel_3470,15,2024-11-28T14:00:00.000Z,live|official|vlog,6111,109,53,71,https://i.ytimg.com/vi/wu1xZkWH9R3/default.jpg,False,False,False,Auto-generated sample description for Music video.
q9euwYeW8tE,24.23.03,Top 10 Music Moments This Week,Channel_4412,20,2024-03-21T07:00:00.000Z,music|official|vlog,327953,9252,3077,4280,https://i.ytimg.com/vi/mtENJq3Ffew/default.jpg,False,False,False,Auto-generated sample description for Music video.
yb8OaLa6zlm,24.05.01,Behind the Scenes: Film & Animation,Channel_3168,13,2024-01-01T07:00:00.000Z,live|music|official,9535,627,32,132,https://i.ytimg.com/vi/7nUr33edhdx/default.jpg,False,False,False,Auto-generated sample description for Film & Animation video.
vglwnxNXCP_,24.01.03,Reacting to Music Trends,Channel_1707,19,2024-02-28T02:00:00.000Z,2024|trending|live,27630,959,14,26,https://i.ytimg.com/vi/D_gpXop0rkl/default.jpg,False,False,False,Auto-generated sample description for Music video.
QQikJ1BZPok,24.08.03,Behind the Scenes: Music,Channel_559,15,2024-03-08T06:00:00.000Z,2024|review|vlog,67323,1072,589,910,https://i.ytimg.com/vi/nKaF2MhWwK4/default.jpg,False,True,False,Auto-generated sample description for Music video.
paAiHGW3S07,24.08.03,Official Music Highlights,Channel_374,20,2024-03-08T14:00:00.000Z,official|live|vlog,92441,5616,313,144,https://i.ytimg.com/vi/VAWDmLAuj-z/default.jpg,False,False,False,Auto-generated sample description for Music video.
qlFyBsWzn1Q,24.06.07,Reacting to Entertainment Trends,Channel_3993,24,2024-07-02T10:00:00.000Z,live|review|vlog,14776,781,103,43,https://i.ytimg.com/vi/yVjpT1zHG_J/default.jpg,False,False,False,Auto-generated sample description for Entertainment video.
GeteP4tFLLF,24.07.09,Music Compilation 2024,Channel_2859,15,2024-09-04T16:00:00.000Z,vlog|music|trending,18860,725,31,264,https://i.ytimg.com/vi/O42867ILo_t/default.jpg,False,False,False,Auto-generated sample description for Music video.
fH-L6oqNyIK,25.09.01,Why This News & Politics Video Went Viral,Channel_1327,8,2025-01-05T16:00:00.000Z,music|review|trending,9737,695,33,39,https://i.ytimg.com/vi/SAP9aEjf0su/default.jpg,True,False,False,Auto-generated sample description for News & Politics video.
qiVzNQCGSuN,24.17.07,Behind the Scenes: Music,Channel_4968,15,2024-07-17T00:00:00.000Z,vlog|review|2024,370808,28684,617,4454,https://i.ytimg.com/vi/AbRPXjdy860/default.jpg,False,False,False,Auto-generated sample description for Music video.
RfUtGLS3sC9,24.26.12,Top 10 Entertainment Moments This Week,Channel_4269,24,2024-12-22T22:00:00.000Z,music|2024|official,146839,2093,1396,2837,https://i.ytimg.com/vi/OmrtTNI9hXE/default.jpg,False,False,False,Auto-generated sample description for Entertainment video.
oqadVwl9AjJ,24.12.07,Top 10 Entertainment Moments This Week,Channel_3284,24,2024-07-10T16:00:00.000Z,official|vlog|music,159204,3794,468,2755,https://i.ytimg.com/vi/EUbKXwSq31R/default.jpg,False,False,False,Auto-generated sample description for Entertainment video.
62dCCdGQY3S,24.25.05,Top 10 Entertainment Moments This Week,Channel_2016,24,2024-05-23T14:00:00.000Z,music|review|trending,334042,10000,2541,3632,https://i.ytimg.com/vi/ktuVDrfnqlF/default.jpg,False,False,False,Auto-generated sample description for Entertainment video.
aJVirlbpIl2,24.17.07,Film & Animation Compilation 2024,Channel_4866,27,2024-07-13T22:00:00.000Z,music|trending|official,52594,3021,255,1000,https://i.ytimg.com/vi/VSb7dV-B-iu/default.jpg,False,False,False,Auto-generated sample description for Film & Animation video.
XF0odJDJjX3,24.09.08,Entertainment Compilation 2024,Channel_2714,25,2024-08-08T04:00:00.000Z,vlog|official|live,58648,3720,366,638,https://i.ytimg.com/vi/2DBsC-mO32u/default.jpg,False,False,False,Auto-generated sample description for Entertainment video.
J8XAwASc0Kt,24.27.02,Behind the Scenes: Film & Animation,Channel_122,27,2024-02-25T01:00:00.000Z,trending|vlog|official,16949,1054,28,200,https://i.ytimg.com/vi/zoX4xOCFEkY/default.jpg,False,False,False,Auto-generated sample description for Film & Animation video.
9gBkf9DTrbB,24.28.02,Behind the Scenes: Music,Channel_1785,20,2024-02-28T07:00:00.000Z,official|music|2024,121912,9063,72,1168,https://i.ytimg.com/vi/AQ_rat-b3DD/default.jpg,False,False,False,Auto-generated sample description for Music video.
-sETnQX6LZ3,24.27.12,Why This Comedy Video Went Viral,Channel_4301,12,2024-12-26T15:00:00.000Z,trending|2024|music,25916,1552,174,118,https://i.ytimg.com/vi/l9cXzgEXdL2/default.jpg,False,False,False,Auto-generated sample description for Comedy video.
5NL_ULdOmxB,24.25.02,Official Music Highlights,Channel_1833,20,2024-02-24T04:00:00.000Z,live|official|review,42219,1286,354,427,https://i.ytimg.com/vi/OikMOPaEzUu/default.jpg,False,False,False,Auto-generated sample description for Music video.
pQ_iO4bkpBp,24.12.05,Behind the Scenes: News & Politics,Channel_4751,11,2024-05-11T00:00:00.000Z,trending|live|music,20551,1058,198,115,https://i.ytimg.com/vi/q75qsAEpFP4/default.jpg,False,False,False,Auto-generated sample description for News & Politics video.
YO-UAdNfgJp,24.22.12,Reacting to Comedy Trends,Channel_2308,5,2024-12-22T19:00:00.000Z,2024|vlog|review,35879,2777,270,100,https://i.ytimg.com/vi/hnagpWeETnR/default.jpg,False,False,False,Auto-generated sample description for Comedy video.
oNH2_u-1hfv,24.23.03,Top 10 Music Moments This Week,Channel_303,15,2024-03-21T18:00:00.000Z,trending|vlog|2024,203966,12235,1618,1928,https://i.ytimg.com/vi/SzD4wNqU1xM/default.jpg,False,False,False,Auto-generated sample description for Music video.
STX3nM0k5aN,24.19.08,Behind the Scenes: Music,Channel_2642,15,2024-08-16T09:00:00.000Z,official|live|review,7610,157,29,112,https://i.ytimg.com/vi/mlU9o1q9Oua/default.jpg,False,False,False,Auto-generated sample description for Music video.
UsmL9Z_r1zt,24.09.08,Entertainment Compilation 2024,Channel_684,24,2024-08-06T18:00:00.000Z,trending|review|2024,5825,293,20,73,https://i.ytimg.com/vi/blDPIk3r7yo/default.jpg,False,False,False,Auto-generated sample description for Entertainment video.
eiRVv9UMRVg,24.01.09,Reacting to Music Trends,Channel_3828,15,2024-08-28T18:00:00.000Z,vlog|official|trending,5096,57,10,35,https://i.ytimg.com/vi/F4XBbOmf8aG/default.jpg,False,False,False,Auto-generated sample description for Music video.
Vel7jsV7FQ7,24.02.09,Official Sports Highlights,Channel_1337,1,2024-08-31T09:00:00.000Z,music|live|2024,98947,6037,633,879,https://i.ytimg.com/vi/2yZ6eF52AH4/default.jpg,False,False,False,Auto-generated sample description for Sports video.
3c2ZWndNPnT,25.20.01,Why This Entertainment Video Went Viral,Channel_1759,25,2025-01-16T02:00:00.000Z,2024|vlog|official,73636,3642,107,788,https://i.ytimg.com/vi/be5YUBKoA0B/default.jpg,False,False,False,Auto-generated sample description for Entertainment video.
80JkwOKoSlS,24.10.01,Music Compilation 2024,Channel_4227,20,2024-01-07T08:00:00.000Z,music|trending|review,299461,14748,1095,200,https://i.ytimg.com/vi/KxMDKNV2ZAB/default.jpg,False,False,False,Auto-generated sample description for Music video.
Fuwz-iMs45L,24.05.06,Behind the Scenes: Comedy,Channel_4262,12,2024-06-01T12:00:00.000Z,review|music|2024,23517,489,120,241,https://i.ytimg.com/vi/Agas7CQVTIk/default.jpg,False,False,False,Auto-generated sample description for Comedy video.
_XGF8EjKKO3,25.11.01,Behind the Scenes: Film & Animation,Channel_4699,13,2025-01-11T21:00:00.000Z,review|vlog|trending,2866,56,19,3,https://i.ytimg.com/vi/K5QIFtp2dGy/default.jpg,False,False,False,Auto-generated sample description for Film & Animation video.
YGaPJFTlQhp,25.25.01,Reacting to Science & Technology Trends,Channel_931,7,2025-01-23T05:00:00.000Z,review|vlog|live,5576,366,27,54,https://i.ytimg.com/vi/v8sxTkwTl-w/default.jpg,False,False,False,Auto-generated sample description for Science & Technology video.
IxL7nSm2p_j,24.05.09,Why This Entertainment Video Went Viral,Channel_4522,25,2024-09-01T02:00:00.000Z,live|trending|2024,888126,27683,7623,12851,https://i.ytimg.com/vi/fOwBbOZzXt1/default.jpg,False,False,False,Auto-generated sample description for Entertainment video.
mE3QgLLO9TP,24.14.08,Top 10 Comedy Moments This Week,Channel_1171,12,2024-08-12T07:00:00.000Z,vlog|official|2024,49238,2336,133,524,https://i.ytimg.com/vi/lf84rN3NiN-/default.jpg,False,False,False,Auto-generated sample description for Comedy video.
qxfny4hu95P,24.20.01,Sports Compilation 2024,Channel_936,26,2024-01-20T00:00:00.000Z,music|live|2024,7690,452,43,135,https://i.ytimg.com/vi/Q5teKvq_czo/default.jpg,False,False,False,Auto-generated sample description for Sports video.
kFRZhZ6SA3x,24.26.04,Official Music Highlights,Channel_192,15,2024-04-23T11:00:00.000Z,trending|vlog|review,1300,60,3,1,https://i.ytimg.com/vi/7dT1l-g7n-y/default.jpg,False,False,False,Auto-generated sample description for Music video.
OMyJhQnXNBM,24.11.04,Reacting to Entertainment Trends,Channel_4069,24,2024-04-11T18:00:00.000Z,vlog|2024|review,17421,1348,41,183,https://i.ytimg.com/vi/u8lNpYt1Wl3/default.jpg,False,False,False,Auto-generated sample description for Entertainment video.
ecSHrCBzW4T,24.28.05,Top 10 Sports Moments This Week,Channel_3772,1,2024-05-24T00:00:00.000Z,trending|2024|music,4408,265,25,47,https://i.ytimg.com/vi/RD0wf-6zaSx/default.jpg,False,False,False,Auto-generated sample description for Sports video.
Gr57RXDOJ1Z,24.04.11,Why This Music Video Went Viral,Channel_75,19,2024-11-01T11:00:00.000Z,official|review|live,42445,825,70,276,https://i.ytimg.com/vi/qB-vGU6JHra/default.jpg,False,False,False,Auto-generated sample description for Music video.
mUjeD3TGqk-,25.15.01,Why This Music Video Went Viral,Channel_4045,15,2025-01-13T16:00:00.000Z,vlog|music|review,60713,4532,125,407,https://i.ytimg.com/vi/J1xIEx_-8yp/default.jpg,False,False,False,Auto-generated sample description for Music video.
CYnO26C6_3n,24.17.04,Why This Music Video Went Viral,Channel_329,15,2024-04-15T16:00:00.000Z,music|trending|review,620621,8867,760,2188,https://i.ytimg.com/vi/qOYluqTPTit/default.jpg,False,False,False,Auto-generated sample description for Music video.
07E5m4VKVY_,24.09.06,People & Blogs Compilation 2024,Channel_4037,28,2024-06-07T17:00:00.000Z,music|trending|live,24460,1584,85,52,https://i.ytimg.com/vi/uhqf6msSEJS/default.jpg,False,False,False,Auto-generated sample description for People & Blogs video.
9z2axRWbcZu,24.22.08,Official Entertainment Highlights,Channel_547,24,2024-08-20T20:00:00.000Z,music|official|2024,993189,69452,7959,15470,https://i.ytimg.com/vi/XA6mWVbRNmZ/default.jpg,False,False,False,Auto-generated sample description for Entertainment video.
8elIhhK_ZIw,24.13.11,Top 10 Film & Animation Moments This Week,Channel_249,13,2024-11-12T22:00:00.000Z,live|2024|official,315,7,2,2,https://i.ytimg.com/vi/sA5_epp7YP8/default.jpg,False,False,False,Auto-generated sample description for Film & Animation video.
y4feO1peC4b,24.07.05,Reacting to Entertainment Trends,Channel_2073,24,2024-05-05T11:00:00.000Z,2024|official|live,75100,1645,376,995,https://i.ytimg.com/vi/7D0H8Mk5h0-/default.jpg,False,False,False,Auto-generated sample description for Entertainment video.
6BhdO0Mahx-,24.23.04,Reacting to Science & Technology Trends,Channel_1037,7,2024-04-21T00:00:00.000Z,2024|review|trending,5296,61,13,85,https://i.ytimg.com/vi/glv7WlXOM2E/default.jpg,False,False,False,Auto-generated sample description for Science & Technology video.
2TuXc7oDv9_,24.28.10,Reacting to Sports Trends,Channel_2995,26,2024-10-25T20:00:00.000Z,2024|review|trending,66698,4179,295,777,https://i.ytimg.com/vi/xnG23fJQf1I/default.jpg,False,False,False,Auto-generated sample description for Sports video.
YSm3Bo9DbpB,24.08.03,Behind the Scenes: Education,Channel_3276,18,2024-03-05T07:00:00.000Z,music|live|2024,2914,49,13,51,https://i.ytimg.com/vi/HIA813tX35w/default.jpg,False,False,False,Auto-generated sample description for Education video.
O0WXsMlwiyN,24.13.12,Official News & Politics Highlights,Channel_2118,11,2024-12-10T20:00:00.000Z,official|review|vlog,7555,106,66,36,https://i.ytimg.com/vi/SHT_kNdE3Ky/default.jpg,False,False,False,Auto-generated sample description for News & Politics video.
GFPdwHlH72B,24.05.07,Reacting to Music Trends,Channel_2455,15,2024-07-04T02:00:00.000Z,music|trending|review,146891,11351,1364,1543,https://i.ytimg.com/vi/s1ueSHqa3tP/default.jpg,False,False,False,Auto-generated sample description for Music video.
oggHEBu_RBn,24.05.02,Behind the Scenes: Sports,Channel_3084,10,2024-02-05T05:00:00.000Z,trending|review|official,10451,197,98,51,https://i.ytimg.com/vi/7jTMjBO0uaj/default.jpg,False,False,False,Auto-generated sample description for Sports video.
tIJvL4qUZr2,24.13.06,Behind the Scenes: Sports,Channel_4485,26,2024-06-10T16:00:00.000Z,2024|music|vlog,6527,333,21,105,https://i.ytimg.com/vi/aNcKufFbKBR/default.jpg,False,False,False,Auto-generated sample description for Sports video.
yY7RqB7FRZW,24.11.03,Official Music Highlights,Channel_2311,15,2024-03-10T15:00:00.000Z,music|vlog|review,40493,565,344,573,https://i.ytimg.com/vi/6vRlw2PlDTg/default.jpg,False,False,False,Auto-generated sample description for Music video.
KeBflkkzuKp,24.05.08,Reacting to News & Politics Trends,Channel_862,8,2024-08-05T03:00:00.000Z,trending|official|review,2430,63,18,19,https://i.ytimg.com/vi/Iwp4QRMqdRj/default.jpg,False,False,False,Auto-generated sample description for News & Politics video.
i0vf3BTWm3l,24.06.03,Official Entertainment Highlights,Channel_4346,24,2024-03-05T01:00:00.000Z,review|trending|music,2192,94,18,33,https://i.ytimg.com/vi/5KtnanU3MJf/default.jpg,False,False,False,Auto-generated sample description for Entertainment video.
W9XYopRhIaa,24.27.08,Why This Comedy Video Went Viral,Channel_635,12,2024-08-24T13:00:00.000Z,live|2024|official,61560,2838,502,474,https://i.ytimg.com/vi/JHxDxjmGyvK/default.jpg,False,True,False,Auto-generated sample description for Comedy video.
JiGiSzc9zhc,24.22.04,Top 10 Comedy Moments This Week,Channel_825,5,2024-04-18T16:00:00.000Z,review|official|2024,99642,2665,455,1943,https://i.ytimg.com/vi/laA1jwICZ3p/default.jpg,False,False,False,Auto-generated sample description for Comedy video.
S2im5rElJXg,24.31.12,Official People & Blogs Highlights,Channel_3059,21,2024-12-30T22:00:00.000Z,vlog|2024|official,4570,202,7,69,https://i.ytimg.com/vi/Go72il0UKa5/default.jpg,False,False,False,Auto-generated sample description for People & Blogs video.
byvzrl4Vo9S,24.11.04,Top 10 Sports Moments This Week,Channel_2318,1,2024-04-09T14:00:00.000Z,review|music|2024,6664,239,42,32,https://i.ytimg.com/vi/gis63bTHbg2/default.jpg,False,False,False,Auto-generated sample description for Sports video.
UcNIZcQJMr3,24.26.02,Top 10 Entertainment Moments This Week,Channel_2996,25,2024-02-23T05:00:00.000Z,trending|music|review,68738,1959,607,651,https://i.ytimg.com/vi/Q_4w1-qmuTc/default.jpg,False,False,False,Auto-generated sample description for Entertainment video.
ghM5WRsazL5,24.07.09,Reacting to Music Trends,Channel_2948,20,2024-09-03T14:00:00.000Z,official|vlog|music,156740,2001,688,1588,https://i.ytimg.com/vi/-wDfEdpey63/default.jpg,False,False,False,Auto-generated sample description for Music video.
LY0IX28pzci,24.09.08,Official Film & Animation Highlights,Channel_2426,13,2024-08-06T05:00:00.000Z,trending|vlog|music,7269,129,16,136,https://i.ytimg.com/vi/GpwWbD9r-V0/default.jpg,False,False,False,Auto-generated sample description for Film & Animation video.
Eu9-ZqwTJ7o,24.14.10,Music Compilation 2024,Channel_917,19,2024-10-13T06:00:00.000Z,vlog|review|music,11125,397,7,175,https://i.ytimg.com/vi/1GRkybM99b3/default.jpg,False,False,False,Auto-generated sample description for Music video.
AfF4UBUSrPQ,24.01.06,Music Compilation 2024,Channel_2818,15,2024-05-30T22:00:00.000Z,review|music|trending,38284,2179,126,250,https://i.ytimg.com/vi/FZsWIbntTiM/default.jpg,False,False,False,Auto-generated sample description for Music video.
fpP-peAfeah,25.02.02,Official Music Highlights,Channel_4140,19,2025-01-31T11:00:00.000Z,music|2024|vlog,50302,2158,368,891,https://i.ytimg.com/vi/JsQedPmqeod/default.jpg,False,False,False,Auto-generated sample description for Music video.
VVTflXrwCrL,24.29.07,Music Compilation 2024,Channel_4046,20,2024-07-26T04:00:00.000Z,2024|review|trending,13735,886,92,104,https://i.ytimg.com/vi/7MYiTGdT_qz/default.jpg,False,False,False,Auto-generated sample description for Music video.
wbczzGDFyyk,24.21.03,Entertainment Compilation 2024,Channel_3853,24,2024-03-18T16:00:00.000Z,vlog|music|live,44172,1522,50,211,https://i.ytimg.com/vi/4KpgZENuvAI/default.jpg,False,True,False,Auto-generated sample description for Entertainment video.
0geBbG8JzoC,24.01.09,Music Compilation 2024,Channel_149,19,2024-08-29T15:00:00.000Z,2024|review|live,19783,733,177,350,https://i.ytimg.com/vi/UQGkMiafmwn/default.jpg,False,False,False,Auto-generated sample description for Music video.
IqMUWuox5Xs,24.23.11,Why This Entertainment Video Went Viral,Channel_1863,24,2024-11-19T15:00:00.000Z,vlog|official|music,117649,3028,621,407,https://i.ytimg.com/vi/JSEMN1niu9Q/default.jpg,False,False,False,Auto-generated sample description for Entertainment video.
onqgm3bdAN4,24.11.12,Why This Film & Animation Video Went Viral,Channel_3351,3,2024-12-07T04:00:00.000Z,official|trending|live,10650,486,78,185,https://i.ytimg.com/vi/aFQhT4EHdyw/default.jpg,False,False,False,Auto-generated sample description for Film & Animation video.
-OdzzdsGxBi,24.31.01,Official Entertainment Highlights,Channel_4697,25,2024-01-31T05:00:00.000Z,trending|vlog|live,15254,1187,96,255,https://i.ytimg.com/vi/8I9nbHU0hZM/default.jpg,False,False,False,Auto-generated sample description for Entertainment video.
pkt2wqaHStG,24.15.11,Why This Sports Video Went Viral,Channel_1667,10,2024-11-13T12:00:00.000Z,live|official|vlog,14496,1123,96,137,https://i.ytimg.com/vi/MofYP1S5IFF/default.jpg,False,False,False,Auto-generated sample description for Sports video.
MFdYmiI4pc8,24.05.07,Official Entertainment Highlights,Channel_2968,25,2024-07-03T09:00:00.000Z,official|vlog|live,43824,2008,289,707,https://i.ytimg.com/vi/CbB4ICw8RCm/default.jpg,False,False,False,Auto-generated sample description for Entertainment video.
nN_Ks8dWRPm,24.06.01,Reacting to Music Trends,Channel_411,19,2024-01-05T10:00:00.000Z,vlog|trending|2024,69391,2748,593,869,https://i.ytimg.com/vi/OL-kSEQt0HD/default.jpg,False,False,False,Auto-generated sample description for Music video.
JsM0L4irmsA,24.03.08,Reacting to Comedy Trends,Channel_2026,5,2024-08-02T11:00:00.000Z,2024|review|live,4860,128,35,61,https://i.ytimg.com/vi/el6pgnBFQjY/default.jpg,False,False,False,Auto-generated sample description for Comedy video.
kDgLCp73tb2,24.31.12,Music Compilation 2024,Channel_890,15,2024-12-31T18:00:00.000Z,vlog|review|live,62862,4731,487,384,https://i.ytimg.com/vi/Xnky-27Ep4y/default.jpg,False,False,False,Auto-generated sample description for Music video.
Rey_UG53Qcn,24.18.04,Why This Entertainment Video Went Viral,Channel_4535,25,2024-04-16T05:00:00.000Z,official|review|live,118199,3892,878,1266,https://i.ytimg.com/vi/o33nqxBq0_Z/default.jpg,False,False,False,Auto-generated sample description for Entertainment video.
l2Mxve1j-no,25.05.02,Official Entertainment Highlights,Channel_3562,25,2025-02-03T04:00:00.000Z,live|music|official,18871,860,56,237,https://i.ytimg.com/vi/a-0CPFFyALn/default.jpg,False,False,False,Auto-generated sample description for Entertainment video.
8oNap8Dod4B,24.20.05,Official Entertainment Highlights,Channel_2234,24,2024-05-20T07:00:00.000Z,review|music|official,42049,1063,370,806,https://i.ytimg.com/vi/3qqGLbmY8Go/default.jpg,False,False,False,Auto-generated sample description for Entertainment video.
JdFHrQk8KCu,24.25.09,Official Howto & Style Highlights,Channel_2386,16,2024-09-25T21:00:00.000Z,2024|review|live,148869,1765,776,518,https://i.ytimg.com/vi/JSP7z5Kqo9U/default.jpg,False,False,False,Auto-generated sample description for Howto & Style video.
Z-qNaYyF_WJ,24.08.09,Why This Music Video Went Viral,Channel_3311,20,2024-09-05T12:00:00.000Z,vlog|official|music,82644,5631,179,1528,https://i.ytimg.com/vi/qkuF5b6byLL/default.jpg,False,False,False,Auto-generated sample description for Music video.
XQKkyq4EgBE,25.03.01,Comedy Compilation 2024,Channel_613,12,2025-01-02T09:00:00.000Z,review|music|official,5168,60,24,77,https://i.ytimg.com/vi/8LRRQGeJokc/default.jpg,False,True,False,Auto-generated sample description for Comedy video.
Zh8zKHEptkl,24.15.03,Why This Music Video Went Viral,Channel_3127,20,2024-03-14T00:00:00.000Z,review|trending|2024,56777,4285,152,1037,https://i.ytimg.com/vi/DOdkTl3b2z1/default.jpg,True,False,False,Auto-generated sample description for Music video.
KvvnNZ-dLSG,24.18.02,Reacting to Music Trends,Channel_2512,15,2024-02-17T14:00:00.000Z,official|music|trending,6295,216,57,70,https://i.ytimg.com/vi/HT69vZyPDlX/default.jpg,False,False,False,Auto-generated sample description for Music video.
ZeZT_vR6C1A,24.28.05,Why This Entertainment Video Went Viral,Channel_2931,25,2024-05-26T09:00:00.000Z,vlog|official|trending,119589,7777,1179,1404,https://i.ytimg.com/vi/v4wiuVt-7da/default.jpg,False,False,False,Auto-generated sample description for Entertainment video.
tqRzQAeBUHU,25.10.01,Reacting to Pets & Animals Trends,Channel_3802,23,2025-01-06T01:00:00.000Z,trending|vlog|official,3662,44,10,72,https://i.ytimg.com/vi/KtLquP5qr3O/default.jpg,False,False,False,Auto-generated sample description for Pets & Animals video.
uRoOcWtyLCn,24.09.09,Top 10 Howto & Style Moments This Week,Channel_1492,16,2024-09-08T18:00:00.000Z,music|2024|review,39055,398,358,750,https://i.ytimg.com/vi/u5U1kAUmdZE/default.jpg,False,False,False,Auto-generated sample description for Howto & Style video.
dpq-ai_ZHjq,24.20.09,Official Music Highlights,Channel_4469,20,2024-09-16T19:00:00.000Z,official|music|review,13222,809,77,85,https://i.ytimg.com/vi/f4clVewES6l/default.jpg,True,False,False,Auto-generated sample description for Music video.
6x8ESo88I6A,24.09.04,Music Compilation 2024,Channel_4680,15,2024-04-06T21:00:00.000Z,music|official|trending,46291,1906,40,594,https://i.ytimg.com/vi/rbv8DxytFMY/default.jpg,False,False,True,Auto-generated sample description for Music video.
XjGubhmZN4W,24.08.02,Official Sports Highlights,Channel_2226,10,2024-02-04T13:00:00.000Z,official|review|live,23875,1461,58,54,https://i.ytimg.com/vi/PEbuHAvIxOk/default.jpg,False,False,False,Auto-generated sample description for Sports video.
CFa_8zoLpxJ,24.22.09,Behind the Scenes: Comedy,Channel_424,12,2024-09-18T19:00:00.000Z,official|live|review,5197,328,4,38,https://i.ytimg.com/vi/-KEc58g4pVU/default.jpg,False,False,False,Auto-generated sample description for Comedy video.
Odg0jlPi0LP,25.05.01,Top 10 Music Moments This Week,Channel_232,15,2025-01-04T13:00:00.000Z,trending|live|official,45873,1944,49,269,https://i.ytimg.com/vi/b-VgujpgfEr/default.jpg,False,False,False,Auto-generated sample description for Music video.
hXeMA1ArOqa,25.13.01,Behind the Scenes: Comedy,Channel_2233,12,2025-01-09T10:00:00.000Z,vlog|review|trending,464,8,3,3,https://i.ytimg.com/vi/ty_zKv970v9/default.jpg,False,False,False,Auto-generated sample description for Comedy video.
3H_pG7cCKHt,25.26.01,Top 10 People & Blogs Moments This Week,Channel_2260,21,2025-01-25T18:00:00.000Z,music|official|review,10078,207,31,42,https://i.ytimg.com/vi/AjDMUCbI4DE/default.jpg,False,False,False,Auto-generated sample description for People & Blogs video.
6w7CSph5lHf,24.23.05,Reacting to Entertainment Trends,Channel_4878,24,2024-05-19T01:00:00.000Z,official|live|review,57930,2741,363,146,https://i.ytimg.com/vi/3dwHJYjN3Sw/default.jpg,False,False,False,Auto-generated sample description for Entertainment video.
3Q4BsGs-3pX,24.08.02,Top 10 Music Moments This Week,Channel_1538,19,2024-02-05T07:00:00.000Z,2024|official|vlog,30443,1853,281,198,https://i.ytimg.com/vi/vXCF5G6rkEn/default.jpg,False,False,False,Auto-generated sample description for Music video.
92Vt1NV0fgi,24.14.02,Why This People & Blogs Video Went Viral,Channel_1282,28,2024-02-13T18:00:00.000Z,2024|official|review,376,5,2,5,https://i.ytimg.com/vi/RoKOcuAKOnO/default.jpg,False,False,False,Auto-generated sample description for People & Blogs video.
b_3btiznCGU,24.13.07,Entertainment Compilation 2024,Channel_1799,25,2024-07-11T06:00:00.000Z,music|2024|review,121179,4043,901,1610,https://i.ytimg.com/vi/8KadD2S_aPW/default.jpg,False,False,False,Auto-generated sample description for Entertainment video.
bMa0KSFiktY,24.10.02,Top 10 Comedy Moments This Week,Channel_4560,5,2024-02-10T06:00:00.000Z,review|trending|2024,15536,579,80,145,https://i.ytimg.com/vi/SEYrw74Y4Gp/default.jpg,False,False,False,Auto-generated sample description for Comedy video.
xZkA8mtnlXN,24.17.05,Top 10 Music Moments This Week,Channel_4472,19,2024-05-17T04:00:00.000Z,vlog|music|trending,5145,203,35,11,https://i.ytimg.com/vi/loHJ-ELBCv3/default.jpg,False,False,False,Auto-generated sample description for Music video.
e0KIj3kKKIH,24.01.05,Official Entertainment Highlights,Channel_2616,25,2024-04-27T21:00:00.000Z,review|vlog|trending,77961,1494,168,596,https://i.ytimg.com/vi/9I44wrscojq/default.jpg,False,True,False,Auto-generated sample description for Entertainment video.
3kf224GjRXU,24.05.07,Why This Comedy Video Went Viral,Channel_296,12,2024-07-05T00:00:00.000Z,live|2024|official,42856,1031,224,435,https://i.ytimg.com/vi/BuTPm5sx8IB/default.jpg,False,False,False,Auto-generated sample description for Comedy video.
zZzKIQZXnud,24.31.03,Music Compilation 2024,Channel_85,15,2024-03-30T17:00:00.000Z,trending|vlog|music,56933,1971,342,1003,https://i.ytimg.com/vi/_NW9hrZ7wjO/default.jpg,False,False,False,Auto-generated sample description for Music video.
kgMS9aNf5Ld,25.08.01,Reacting to Sports Trends,Channel_3363,26,2025-01-08T02:00:00.000Z,2024|vlog|official,18084,1003,45,333,https://i.ytimg.com/vi/W8AZLeQpGCC/default.jpg,False,False,False,Auto-generated sample description for Sports video.
8B60xq_W1RX,24.25.04,Entertainment Compilation 2024,Channel_3862,24,2024-04-25T13:00:00.000Z,vlog|2024|trending,346218,25551,429,5244,https://i.ytimg.com/vi/udsSBtQpyKM/default.jpg,False,False,False,Auto-generated sample description for Entertainment video.
Oj48fajr7Rg,24.09.07,Behind the Scenes: Entertainment,Channel_4058,25,2024-07-05T12:00:00.000Z,review|trending|2024,85650,4878,60,438,https://i.ytimg.com/vi/wr9lvbDgwEA/default.jpg,False,False,False,Auto-generated sample description for Entertainment video.
9LiirAaJ74W,24.31.12,Entertainment Compilation 2024,Channel_3771,25,2024-12-27T14:00:00.000Z,2024|vlog|trending,54948,4114,128,946,https://i.ytimg.com/vi/BxSGe0qAgGk/default.jpg,False,False,False,Auto-generated sample description for Entertainment video.
Fdu-GtlGFdY,24.18.08,Sports Compilation 2024,Channel_4680,10,2024-08-14T20:00:00.000Z,official|trending|live,25123,1480,14,147,https://i.ytimg.com/vi/OvjOSjgqV22/default.jpg,False,False,False,Auto-generated sample description for Sports video.
1Mk6cY0fuKw,24.16.02,Why This News & Politics Video Went Viral,Channel_1361,22,2024-02-14T11:00:00.000Z,trending|music|live,3540,247,28,55,https://i.ytimg.com/vi/Zm368gco1b2/default.jpg,False,False,False,Auto-generated sample description for News & Politics video.
xY-v_bKD_mY,24.11.08,Top 10 Entertainment Moments This Week,Channel_1964,24,2024-08-09T18:00:00.000Z,review|official|2024,63172,3223,523,1209,https://i.ytimg.com/vi/EifmEFUtLvd/default.jpg,False,False,False,Auto-generated sample description for Entertainment video.
W9iW5OeCW-O,24.29.10,Reacting to Comedy Trends,Channel_3184,12,2024-10-27T07:00:00.000Z,music|trending|official,14485,627,139,238,https://i.ytimg.com/vi/l_AxsTMAZyt/default.jpg,False,False,False,Auto-generated sample description for Comedy video.
LLcpu6ubSMP,24.22.10,Official People & Blogs Highlights,Channel_1424,2,2024-10-19T02:00:00.000Z,live|2024|music,31820,2403,317,471,https://i.ytimg.com/vi/I98zPLP6lOF/default.jpg,False,False,False,Auto-generated sample description for People & Blogs video.
sh0Eb8tqaOW,24.15.07,Behind the Scenes: Sports,Channel_1191,10,2024-07-12T02:00:00.000Z,live|vlog|review,730,51,0,13,https://i.ytimg.com/vi/oeyVKSRoqye/default.jpg,True,False,False,Auto-generated sample description for Sports video.
zBwvwz4PzBM,24.06.02,Top 10 Entertainment Moments This Week,Channel_721,24,2024-02-02T19:00:00.000Z,live|vlog|review,170758,11028,1223,1927,https://i.ytimg.com/vi/j0qEYxIOgnc/default.jpg,False,False,False,Auto-generated sample description for Entertainment video.
G6TlXnw5O_B,25.19.01,Top 10 News & Politics Moments This Week,Channel_2505,22,2025-01-19T01:00:00.000Z,trending|review|official,6330,78,48,36,https://i.ytimg.com/vi/JRApsdPbdYM/default.jpg,False,False,False,Auto-generated sample description for News & Politics video.
leibb2CKRgG,24.23.05,Why This Entertainment Video Went Viral,Channel_1388,25,2024-05-21T20:00:00.000Z,official|trending|live,20826,1306,139,305,https://i.ytimg.com/vi/ysQVTWuKNd4/default.jpg,False,False,False,Auto-generated sample description for Entertainment video.
wmC_gDsdwJx,24.03.06,Official Music Highlights,Channel_1009,15,2024-06-03T16:00:00.000Z,trending|music|2024,40012,2549,221,483,https://i.ytimg.com/vi/hdN8dIWD1Nl/default.jpg,False,False,False,Auto-generated sample description for Music video.
MXB_XODMN4z,24.05.04,Music Compilation 2024,Channel_1958,20,2024-04-03T07:00:00.000Z,review|trending|music,11224,447,85,63,https://i.ytimg.com/vi/gPA7I7C_jZU/default.jpg,False,False,False,Auto-generated sample description for Music video.
MC2M74J14EV,24.14.08,Sports Compilation 2024,Channel_793,1,2024-08-11T08:00:00.000Z,vlog|live|trending,5488,317,20,47,https://i.ytimg.com/vi/PmpA_FGmjWt/default.jpg,False,False,False,Auto-generated sample description for Sports video.
b6NCB0ZnwWV,24.25.03,Official Sports Highlights,Channel_3103,26,2024-03-21T10:00:00.000Z,vlog|official|review,8863,558,48,67,https://i.ytimg.com/vi/zqhwiXFHRTY/default.jpg,False,False,False,Auto-generated sample description for Sports video.
ZsUKTtv-fju,25.05.01,Behind the Scenes: Music,Channel_3041,20,2025-01-01T00:00:00.000Z,review|official|trending,7609,190,51,89,https://i.ytimg.com/vi/yYmr6YxzD9S/default.jpg,False,False,False,Auto-generated sample description for Music video.
COrZbGflA7L,24.06.01,Reacting to Entertainment Trends,Channel_3181,24,2024-01-06T18:00:00.000Z,2024|live|trending,84483,5431,346,548,https://i.ytimg.com/vi/OCLfqEA2e84/default.jpg,False,False,False,Auto-generated sample description for Entertainment video.
Swy_OL-Dg6G,24.23.06,Top 10 Music Moments This Week,Channel_2388,15,2024-06-19T17:00:00.000Z,live|review|trending,681887,20019,5974,4169,https://i.ytimg.com/vi/P57RnrsHiyJ/default.jpg,False,False,False,Auto-generated sample description for Music video.
GdKDfafSn-D,24.12.04,Reacting to Comedy Trends,Channel_2580,5,2024-04-11T09:00:00.000Z,live|music|vlog,5800,275,3,20,https://i.ytimg.com/vi/rA77RLUs1xx/default.jpg,False,False,False,Auto-generated sample description for Comedy video.
cMceMtvxY5l,25.02.02,Film & Animation Compilation 2024,Channel_3680,3,2025-02-01T19:00:00.000Z,review|vlog|live,7664,297,56,11,https://i.ytimg.com/vi/dlvVWTpvF8z/default.jpg,False,False,False,Auto-generated sample description for Film & Animation video.
Vng4zd1sAJ3,24.27.01,Entertainment Compilation 2024,Channel_988,24,2024-01-24T22:00:00.000Z,trending|official|live,28182,2182,264,230,https://i.ytimg.com/vi/YjCuTBpE4dG/default.jpg,False,False,False,Auto-generated sample description for Entertainment video.
oArufGbb5jN,24.08.07,Behind the Scenes: Education,Channel_3315,9,2024-07-07T17:00:00.000Z,review|music|official,27104,792,224,308,https://i.ytimg.com/vi/8y6c22yxv9o/default.jpg,False,True,False,Auto-generated sample description for Education video.
ifM8r1QCHpB,24.14.08,Top 10 Entertainment Moments This Week,Channel_1280,25,2024-08-13T07:00:00.000Z,2024|review|music,117517,6541,772,2284,https://i.ytimg.com/vi/TZZs69pH9QK/default.jpg,False,False,False,Auto-generated sample description for Entertainment video.
JY0DD22AfTC,24.22.05,Official Music Highlights,Channel_3692,15,2024-05-20T04:00:00.000Z,trending|2024|review,67371,1237,410,546,https://i.ytimg.com/vi/DwoPKlWIkPe/default.jpg,False,False,False,Auto-generated sample description for Music video.
hZbLbziVyCg,24.02.08,Reacting to Music Trends,Channel_3722,19,2024-07-29T17:00:00.000Z,trending|live|2024,21981,1154,70,398,https://i.ytimg.com/vi/Z81VRep2kZX/default.jpg,False,False,False,Auto-generated sample description for Music video.
b3F6M9y2LdG,24.13.10,Music Compilation 2024,Channel_3037,15,2024-10-10T12:00:00.000Z,trending|music|2024,55987,3971,147,359,https://i.ytimg.com/vi/MFpfeEwF8LE/default.jpg,False,False,False,Auto-generated sample description for Music video.
zx0tWNa0uMK,24.10.09,Why This People & Blogs Video Went Viral,Channel_1045,2,2024-09-07T18:00:00.000Z,review|music|2024,47697,858,100,617,https://i.ytimg.com/vi/HUfmur-ffIB/default.jpg,False,False,False,Auto-generated sample description for People & Blogs video.
L7MF81sYV-j,24.06.11,Why This Music Video Went Viral,Channel_4832,19,2024-11-02T15:00:00.000Z,live|trending|official,30010,447,126,232,https://i.ytimg.com/vi/r3cAgeaIIJR/default.jpg,False,False,False,Auto-generated sample description for Music video.
CPHeRP1i9MU,24.27.01,Behind the Scenes: Music,Channel_1408,15,2024-01-25T11:00:00.000Z,music|vlog|live,50522,1526,267,237,https://i.ytimg.com/vi/AFGpN3JDojd/default.jpg,False,False,False,Auto-generated sample description for Music video.
djMty8Hzruy,24.13.10,Top 10 Music Moments This Week,Channel_257,19,2024-10-11T01:00:00.000Z,trending|vlog|2024,35296,2135,233,68,https://i.ytimg.com/vi/rJ5uoJUg0m8/default.jpg,False,False,False,Auto-generated sample description for Music video.
ewAibE00nFY,24.27.03,Behind the Scenes: Music,Channel_4581,20,2024-03-26T11:00:00.000Z,review|live|trending,187227,8411,1422,1501,https://i.ytimg.com/vi/9F8Vz9hCnAM/default.jpg,False,False,False,Auto-generated sample description for Music video.
J2hj70q6_WV,24.29.08,Reacting to Music Trends,Channel_3709,15,2024-08-25T17:00:00.000Z,music|vlog|live,33234,1428,80,321,https://i.ytimg.com/vi/JDbdtsytnNP/default.jpg,False,False,False,Auto-generated sample description for Music video.
FP4q96ZBG9m,24.07.11,Music Compilation 2024,Channel_4668,20,2024-11-04T18:00:00.000Z,2024|vlog|music,105729,7670,613,1517,https://i.ytimg.com/vi/BhNw2a8yUFG/default.jpg,False,False,False,Auto-generated sample description for Music video.
RIvTev8HFoc,24.31.01,Music Compilation 2024,Channel_1906,20,2024-01-29T04:00:00.000Z,trending|2024|music,85988,3706,821,714,https://i.ytimg.com/vi/mOb3crgmVnU/default.jpg,False,False,False,Auto-generated sample description for Music video.
mbA7X8Z4WUi,24.10.03,Behind the Scenes: Comedy,Channel_2876,5,2024-03-07T13:00:00.000Z,vlog|music|trending,11450,240,46,145,https://i.ytimg.com/vi/iZn0vIfOzyY/default.jpg,False,False,False,Auto-generated sample description for Comedy video.
VZaoB2NenWo,24.21.12,Music Compilation 2024,Channel_1101,15,2024-12-21T08:00:00.000Z,official|music|live,38718,2177,111,772,https://i.ytimg.com/vi/n7N0ifBgfG7/default.jpg,False,False,False,Auto-generated sample description for Music video.
pVaERNXHDoi,25.22.01,Official Comedy Highlights,Channel_33,5,2025-01-22T16:00:00.000Z,official|live|review,7833,552,65,141,https://i.ytimg.com/vi/nnhXSX24S7_/default.jpg,False,False,False,Auto-generated sample description for Comedy video.
Eb0sg_tv4gK,24.30.06,Top 10 Sports Moments This Week,Channel_360,1,2024-06-30T18:00:00.000Z,official|live|2024,5024,103,12,8,https://i.ytimg.com/vi/aJza3mnGB3z/default.jpg,False,False,False,Auto-generated sample description for Sports video.
Cl33ESc8vUx,24.13.07,Why This People & Blogs Video Went Viral,Channel_2341,2,2024-07-10T19:00:00.000Z,official|live|2024,7180,536,13,6,https://i.ytimg.com/vi/a00wux_Blq_/default.jpg,False,False,False,Auto-generated sample description for People & Blogs video.
zIFkc0lAE0y,24.19.09,Music Compilation 2024,Channel_2928,20,2024-09-18T11:00:00.000Z,music|official|vlog,27420,1566,226,158,https://i.ytimg.com/vi/x0lvq2B5KDP/default.jpg,False,False,False,Auto-generated sample description for Music video.
M2l_gMhM-s-,24.29.03,Reacting to Comedy Trends,Channel_249,5,2024-03-29T16:00:00.000Z,2024|live|music,10639,272,90,150,https://i.ytimg.com/vi/i0ru9BDF6Kg/default.jpg,False,False,False,Auto-generated sample description for Comedy video.
w0Q3kou4McW,24.22.04,Official Entertainment Highlights,Channel_2586,25,2024-04-18T10:00:00.000Z,trending|official|2024,3183,95,28,58,https://i.ytimg.com/vi/lT68VyIX77K/default.jpg,False,False,False,Auto-generated sample description for Entertainment video.
zD-QVhNrF60,24.05.05,Behind the Scenes: Entertainment,Channel_4813,24,2024-05-02T11:00:00.000Z,official|trending|vlog,67848,1009,286,591,https://i.ytimg.com/vi/KadEalrm5Tb/default.jpg,False,False,False,Auto-generated sample description for Entertainment video.
rJrhpJ5OV6C,24.05.11,Sports Compilation 2024,Channel_2817,1,2024-11-03T02:00:00.000Z,music|live|trending,63710,2204,477,695,https://i.ytimg.com/vi/MD8hyN5LlEI/default.jpg,False,False,False,Auto-generated sample description for Sports video.
2oCg_N7y5fx,24.06.06,Why This Music Video Went Viral,Channel_35,20,2024-06-03T12:00:00.000Z,official|live|vlog,42015,1454,299,477,https://i.ytimg.com/vi/nTKYRC0Lmxy/default.jpg,False,False,False,Auto-generated sample description for Music video.
CWRR2SJxN2s,24.14.03,Official Sports Highlights,Channel_4077,1,2024-03-13T19:00:00.000Z,live|review|2024,9865,623,84,147,https://i.ytimg.com/vi/QtQpJEGmWzC/default.jpg,False,False,False,Auto-generated sample description for Sports video.
2bVhVEQ6D20,24.15.03,Behind the Scenes: Comedy,Channel_3626,5,2024-03-13T22:00:00.000Z,vlog|live|2024,26983,2141,89,155,https://i.ytimg.com/vi/L4TM_1ljt9L/default.jpg,False,False,False,Auto-generated sample description for Comedy video.
bNvYhBLIA_k,24.26.11,People & Blogs Compilation 2024,Channel_3474,28,2024-11-22T02:00:00.000Z,music|live|2024,5953,80,13,10,https://i.ytimg.com/vi/yUn2Ilzl7jj/default.jpg,False,False,False,Auto-generated sample description for People & Blogs video.
YDumJWBZrlE,24.14.01,Official Music Highlights,Channel_2801,19,2024-01-12T10:00:00.000Z,official|vlog|2024,20510,1510,89,220,https://i.ytimg.com/vi/wZx-O61lDmQ/default.jpg,False,False,False,Auto-generated sample description for Music video.
LqTXeF-PpJu,24.04.09,Official Sports Highlights,Channel_4360,1,2024-09-03T11:00:00.000Z,vlog|official|trending,792,62,0,4,https://i.ytimg.com/vi/2_BVxX1KAlH/default.jpg,False,False,False,Auto-generated sample description for Sports video.
GKGFTRh8pqB,24.27.01,Entertainment Compilation 2024,Channel_240,25,2024-01-23T11:00:00.000Z,review|trending|vlog,254103,5900,1499,701,https://i.ytimg.com/vi/UlFFEHywqf2/default.jpg,True,True,False,Auto-generated sample description for Entertainment video.
I1FvvnC0kje,24.25.03,Official Entertainment Highlights,Channel_2385,25,2024-03-25T13:00:00.000Z,music|official|trending,73514,2246,48,1385,https://i.ytimg.com/vi/h98Wfyyy82j/default.jpg,False,False,False,Auto-generated sample description for Entertainment video.
wpKAka4QCQ8,24.07.06,Reacting to Music Trends,Channel_3694,20,2024-06-07T18:00:00.000Z,official|trending|2024,5677,124,8,61,https://i.ytimg.com/vi/VQQvTxB55qn/default.jpg,False,False,False,Auto-generated sample description for Music video.
s1kuNqm1QUi,24.06.01,Official Entertainment Highlights,Channel_3440,24,2024-01-05T00:00:00.000Z,review|vlog|live,23826,952,64,56,https://i.ytimg.com/vi/ffPX9NgNtKK/default.jpg,False,False,False,Auto-generated sample description for Entertainment video.
URnBlvpdhdu,24.18.03,Official Entertainment Highlights,Channel_4039,24,2024-03-17T11:00:00.000Z,official|vlog|review,10601,398,49,97,https://i.ytimg.com/vi/e58Yqp4ZVo-/default.jpg,False,False,False,Auto-generated sample description for Entertainment video.
49ESutQsoFR,24.20.04,Official Entertainment Highlights,Channel_1543,24,2024-04-16T04:00:00.000Z,live|vlog|music,12982,171,13,215,https://i.ytimg.com/vi/cTQjYIpr4Fy/default.jpg,False,False,False,Auto-generated sample description for Entertainment video.
AXuvdYVO5ja,24.14.04,Music Compilation 2024,Channel_3547,19,2024-04-13T17:00:00.000Z,review|trending|music,22588,1199,13,126,https://i.ytimg.com/vi/SLBk9KYKhPu/default.jpg,False,False,False,Auto-generated sample description for Music video.
vShAig3Oj9q,24.13.08,Why This Entertainment Video Went Viral,Channel_3715,25,2024-08-10T16:00:00.000Z,live|trending|review,296289,22290,2919,883,https://i.ytimg.com/vi/2I-0RwMbDJ-/default.jpg,False,False,False,Auto-generated sample description for Entertainment video.
8taUqUpisek,24.08.08,Official Music Highlights,Channel_2620,19,2024-08-05T13:00:00.000Z,2024|live|official,133305,8129,940,207,https://i.ytimg.com/vi/j47N1Gno9_l/default.jpg,False,False,False,Auto-generated sample description for Music video.
oDJ9qdaeuxu,24.14.05,Why This Music Video Went Viral,Channel_191,15,2024-05-11T18:00:00.000Z,official|music|2024,356159,13769,1827,6896,https://i.ytimg.com/vi/I6WKwgF8uvT/default.jpg,False,False,False,Auto-generated sample description for Music video.
4T055-iCJmp,24.21.02,Why This Sports Video Went Viral,Channel_4479,1,2024-02-18T20:00:00.000Z,vlog|live|official,120713,4708,676,1942,https://i.ytimg.com/vi/rnut8PdQpAi/default.jpg,False,False,False,Auto-generated sample description for Sports video.
NLzAD47H-tU,24.15.02,Music Compilation 2024,Channel_963,15,2024-02-11T02:00:00.000Z,official|trending|music,6891,73,10,22,https://i.ytimg.com/vi/XC-onzISGId/default.jpg,False,False,False,Auto-generated sample description for Music video.
ZT9fPFTYEqP,24.21.12,Top 10 Comedy Moments This Week,Channel_3046,5,2024-12-18T06:00:00.000Z,music|review|trending,27947,1884,163,351,https://i.ytimg.com/vi/6kYVbpD4PHe/default.jpg,True,False,False,Auto-generated sample description for Comedy video.
ez1opSQmw-Q,24.21.07,Behind the Scenes: Film & Animation,Channel_3659,3,2024-07-20T05:00:00.000Z,trending|official|review,8833,667,41,151,https://i.ytimg.com/vi/_cMRvXg8QdO/default.jpg,False,False,False,Auto-generated sample description for Film & Animation video.
Flm2ahiYqOh,24.09.12,Reacting to Music Trends,Channel_354,19,2024-12-05T20:00:00.000Z,vlog|music|review,98728,2769,77,252,https://i.ytimg.com/vi/5K2RM0Cr_Rb/default.jpg,False,False,False,Auto-generated sample description for Music video.
Yk0SXJrIBY5,24.11.07,Reacting to Sports Trends,Channel_2758,26,2024-07-08T05:00:00.000Z,review|2024|trending,4939,372,25,47,https://i.ytimg.com/vi/QgYaj3vj6B1/default.jpg,False,False,False,Auto-generated sample description for Sports video.
arW2eyZ0qJ0,24.24.05,Comedy Compilation 2024,Channel_309,5,2024-05-20T04:00:00.000Z,vlog|trending|music,24291,1900,51,48,https://i.ytimg.com/vi/v3_1trWvR-5/default.jpg,False,False,False,Auto-generated sample description for Comedy video.
1T6RgeCMMSm,24.25.03,Behind the Scenes: Music,Channel_748,15,2024-03-24T09:00:00.000Z,official|live|music,8964,315,59,83,https://i.ytimg.com/vi/6OXcvTM3PYX/default.jpg,True,False,False,Auto-generated sample description for Music video.
Qc_PQ70kUb0,24.12.10,Top 10 Entertainment Moments This Week,Channel_2960,25,2024-10-10T08:00:00.000Z,official|2024|review,52850,3549,158,666,https://i.ytimg.com/vi/vdbJPwj_Ys2/default.jpg,False,True,False,Auto-generated sample description for Entertainment video.
uILaJ_r17qF,24.15.07,Gaming Compilation 2024,Channel_2110,17,2024-07-14T17:00:00.000Z,music|review|2024,1015,36,4,6,https://i.ytimg.com/vi/w51bI1agyRG/default.jpg,False,False,False,Auto-generated sample description for Gaming video.
ohRhEgPfgZo,24.06.08,Entertainment Compilation 2024,Channel_4573,24,2024-08-05T21:00:00.000Z,music|live|review,120230,3036,573,1470,https://i.ytimg.com/vi/p9L8Sc_DAoZ/default.jpg,False,False,False,Auto-generated sample description for Entertainment video.
Bd103GP-_hu,24.16.11,Behind the Scenes: Music,Channel_949,19,2024-11-13T00:00:00.000Z,2024|live|trending,52436,2710,323,831,https://i.ytimg.com/vi/OYx7FJH6vzu/default.jpg,False,False,False,Auto-generated sample description for Music video.
LUPTIysdRLX,24.23.10,Music Compilation 2024,Channel_309,20,2024-10-22T05:00:00.000Z,live|trending|2024,242063,12346,849,4402,https://i.ytimg.com/vi/a3uT9XILdym/default.jpg,False,False,False,Auto-generated sample description for Music video.
3hA3Ap9NvPf,24.04.06,Sports Compilation 2024,Channel_776,10,2024-06-01T09:00:00.000Z,live|trending|review,1917,142,9,33,https://i.ytimg.com/vi/W39yq-lLVep/default.jpg,False,False,False,Auto-generated sample description for Sports video.
1Db7de8Cw8u,24.12.03,Top 10 Music Moments This Week,Channel_3622,15,2024-03-11T02:00:00.000Z,vlog|music|review,252240,4975,1871,1316,https://i.ytimg.com/vi/8Mi5vYiIb2f/default.jpg,False,False,False,Auto-generated sample description for Music video.
6GOLC8K0Y72,24.04.10,Top 10 Music Moments This Week,Channel_826,20,2024-10-04T03:00:00.000Z,live|music|official,48818,1654,459,638,https://i.ytimg.com/vi/83_PJ7FEaz6/default.jpg,False,False,False,Auto-generated sample description for Music video.
1poEg19Oosl,24.19.08,Behind the Scenes: Sports,Channel_2262,1,2024-08-18T11:00:00.000Z,live|trending|official,17179,934,140,128,https://i.ytimg.com/vi/7crGXenBVCM/default.jpg,False,False,False,Auto-generated sample description for Sports video.
ChdFZFevr_-,24.14.09,Sports Compilation 2024,Channel_557,10,2024-09-12T18:00:00.000Z,music|review|live,31304,1044,154,96,https://i.ytimg.com/vi/3dI9WHIWUWR/default.jpg,False,False,False,Auto-generated sample description for Sports video.
wMKEOQV5iZJ,25.07.01,Why This Howto & Style Video Went Viral,Channel_1177,16,2025-01-05T17:00:00.000Z,review|trending|vlog,946,26,8,13,https://i.ytimg.com/vi/sjgPyFo1Xpj/default.jpg,False,False,False,Auto-generated sample description for Howto & Style video.
2SeZgjElQni,24.08.10,Official People & Blogs Highlights,Channel_434,21,2024-10-07T10:00:00.000Z,vlog|review|music,22226,1512,188,266,https://i.ytimg.com/vi/5QGXq0A6bxH/default.jpg,False,False,False,Auto-generated sample description for People & Blogs video.
t4oRGNhgou6,24.13.08,Official Music Highlights,Channel_750,19,2024-08-12T07:00:00.000Z,2024|official|trending,185858,10363,1274,2503,https://i.ytimg.com/vi/HlIk59m-yTw/default.jpg,False,False,False,Auto-generated sample description for Music video.
oc7NsnuD2JP,25.02.01,Official Entertainment Highlights,Channel_3138,24,2024-12-29T01:00:00.000Z,music|live|official,129299,2632,836,2001,https://i.ytimg.com/vi/mfX3l6hc3uv/default.jpg,False,False,False,Auto-generated sample description for Entertainment video.
66vNOdA1BPv,24.01.06,Behind the Scenes: Entertainment,Channel_1160,24,2024-05-31T14:00:00.000Z,2024|live|music,8137,252,60,161,https://i.ytimg.com/vi/BCP_yNrSlan/default.jpg,False,False,False,Auto-generated sample description for Entertainment video.
BhNBfFqXMri,24.03.03,Why This Sports Video Went Viral,Channel_4406,1,2024-02-28T15:00:00.000Z,live|vlog|2024,3925,80,3,57,https://i.ytimg.com/vi/CQp5RXycsrq/default.jpg,False,False,False,Auto-generated sample description for Sports video.
3rTnKjIkeE0,24.15.03,Top 10 Entertainment Moments This Week,Channel_4348,25,2024-03-13T08:00:00.000Z,trending|review|vlog,4952,153,8,45,https://i.ytimg.com/vi/loW_eg9YKjS/default.jpg,False,False,False,Auto-generated sample description for Entertainment video.
c6hiJQ3nasO,25.14.01,Why This Entertainment Video Went Viral,Channel_689,25,2025-01-12T14:00:00.000Z,official|2024|music,33060,835,87,574,https://i.ytimg.com/vi/DafXcOTCHbB/default.jpg,False,False,False,Auto-generated sample description for Entertainment video.
DUYNkCLR_s1,24.27.09,Why This Music Video Went Viral,Channel_1120,15,2024-09-24T05:00:00.000Z,live|official|review,24225,460,218,110,https://i.ytimg.com/vi/xVNGBp8Oeyn/default.jpg,False,False,False,Auto-generated sample description for Music video.
YsGw4iqPnUR,24.29.08,Reacting to Music Trends,Channel_4386,19,2024-08-27T16:00:00.000Z,vlog|live|trending,53011,3279,242,654,https://i.ytimg.com/vi/nOUS9qaXxh8/default.jpg,False,False,False,Auto-generated sample description for Music video.
G_uUjtHfilL,24.01.03,Music Compilation 2024,Channel_3644,15,2024-02-29T16:00:00.000Z,music|official|vlog,54272,3142,114,717,https://i.ytimg.com/vi/DIwP0eiSqW6/default.jpg,False,False,False,Auto-generated sample description for Music video.
9Elhdp_GhnH,24.15.12,Entertainment Compilation 2024,Channel_4298,25,2024-12-13T02:00:00.000Z,trending|live|official,91511,1481,446,344,https://i.ytimg.com/vi/C0G_XEudOr0/default.jpg,False,False,False,Auto-generated sample description for Entertainment video.
oEfU1M-Q24m,24.09.03,Official Howto & Style Highlights,Channel_3643,16,2024-03-09T08:00:00.000Z,official|music|review,248,16,0,2,https://i.ytimg.com/vi/vruaMlOl6R0/default.jpg,False,False,False,Auto-generated sample description for Howto & Style video.
3FnvVdYtHAs,24.09.09,Top 10 Gaming Moments This Week,Channel_4671,17,2024-09-08T06:00:00.000Z,2024|vlog|trending,4721,48,46,40,https://i.ytimg.com/vi/xRAv20UJhII/default.jpg,False,False,False,Auto-generated sample description for Gaming video.
RMc4nBqhIii,24.13.03,Entertainment Compilation 2024,Channel_3175,25,2024-03-11T21:00:00.000Z,review|live|vlog,182654,11520,1207,2770,https://i.ytimg.com/vi/xhh_e_OiU-8/default.jpg,False,False,False,Auto-generated sample description for Entertainment video.
KYk7-3WPJvS,25.23.01,Why This Music Video Went Viral,Channel_693,20,2025-01-21T00:00:00.000Z,trending|review|live,485431,29865,1561,5631,https://i.ytimg.com/vi/oFoIn6zB4cZ/default.jpg,False,False,False,Auto-generated sample description for Music video.
pBkMUM8bluG,25.05.01,Behind the Scenes: News & Politics,Channel_3602,8,2025-01-01T12:00:00.000Z,trending|2024|vlog,138874,4692,488,2096,https://i.ytimg.com/vi/QlvpiC_NA75/default.jpg,False,False,False,Auto-generated sample description for News & Politics video.
dStX68ukx2B,24.09.09,Reacting to Music Trends,Channel_3416,20,2024-09-07T04:00:00.000Z,vlog|live|review,11128,288,14,100,https://i.ytimg.com/vi/Qw708JptB7E/default.jpg,False,False,False,Auto-generated sample description for Music video.
hw4PTJZ-x04,25.02.02,Entertainment Compilation 2024,Channel_329,24,2025-01-29T16:00:00.000Z,vlog|trending|official,27184,1488,176,334,https://i.ytimg.com/vi/-e_G5a88uSJ/default.jpg,False,False,False,Auto-generated sample description for Entertainment video.
Kmn4KBGqFNL,24.03.06,Why This Music Video Went Viral,Channel_1689,15,2024-06-01T02:00:00.000Z,live|official|review,130591,9164,183,1413,https://i.ytimg.com/vi/9jWcTvqTipm/default.jpg,False,False,False,Auto-generated sample description for Music video.
7gCZSALas6M,25.18.01,Top 10 Music Moments This Week,Channel_563,19,2025-01-14T17:00:00.000Z,2024|trending|official,279283,14165,2308,2284,https://i.ytimg.com/vi/StRxvirvcay/default.jpg,False,False,False,Auto-generated sample description for Music video.
-SlENDZUhB9,24.13.01,Music Compilation 2024,Channel_4834,20,2024-01-12T03:00:00.000Z,music|2024|vlog,102257,7764,84,1733,https://i.ytimg.com/vi/9wyT1jFuSdp/default.jpg,False,False,False,Auto-generated sample description for Music video.
uj8jFFss5ID,24.27.04,Top 10 Music Moments This Week,Channel_1568,19,2024-04-25T22:00:00.000Z,vlog|review|live,584474,42642,3992,8586,https://i.ytimg.com/vi/a7baRxfG857/default.jpg,False,False,False,Auto-generated sample description for Music video.
sT9zYKDmGaA,24.01.10,Autos & Vehicles Compilation 2024,Channel_1989,29,2024-09-28T21:00:00.000Z,review|music|2024,24995,1613,99,179,https://i.ytimg.com/vi/tCnAxXCr4jP/default.jpg,False,False,False,Auto-generated sample description for Autos & Vehicles video.
88NjRFbVtcW,24.03.09,Official Music Highlights,Channel_832,19,2024-08-31T04:00:00.000Z,music|vlog|2024,27269,2117,99,299,https://i.ytimg.com/vi/JAPNXy2CZj5/default.jpg,False,False,False,Auto-generated sample description for Music video.
Ei1aMfFGT0S,24.23.07,Reacting to Music Trends,Channel_3343,20,2024-07-23T13:00:00.000Z,review|official|vlog,39061,2323,213,656,https://i.ytimg.com/vi/LRyJcU67csh/default.jpg,False,False,False,Auto-generated sample description for Music video.
Iq5vdYP4ank,24.11.07,Official Entertainment Highlights,Channel_908,24,2024-07-10T06:00:00.000Z,review|2024|official,33901,1293,203,576,https://i.ytimg.com/vi/Hf6JSXEk3z9/default.jpg,False,False,False,Auto-generated sample description for Entertainment video.
jG_jtb_3ZRN,24.29.06,Why This News & Politics Video Went Viral,Channel_3255,8,2024-06-27T10:00:00.000Z,live|music|2024,2228,67,8,11,https://i.ytimg.com/vi/LoWq-dSXY3-/default.jpg,False,False,False,Auto-generated sample description for News & Politics video.
HWVpo48841b,24.25.07,People & Blogs Compilation 2024,Channel_4391,2,2024-07-23T19:00:00.000Z,music|official|review,2637,134,10,47,https://i.ytimg.com/vi/zT-wz-tQ6-h/default.jpg,False,False,False,Auto-generated sample description for People & Blogs video.
5zBof74BoiJ,24.18.08,Behind the Scenes: Film & Animation,Channel_3121,27,2024-08-16T02:00:00.000Z,review|music|2024,2218,136,4,43,https://i.ytimg.com/vi/2fBIGhgpL5s/default.jpg,False,False,False,Auto-generated sample description for Film & Animation video.
yCkYiJncF18,24.22.05,Official Entertainment Highlights,Channel_3152,24,2024-05-22T03:00:00.000Z,review|music|live,16565,244,49,306,https://i.ytimg.com/vi/BVSAAxQp4yj/default.jpg,False,False,False,Auto-generated sample description for Entertainment video.
gdRf3wWK2nm,24.26.01,Why This Gaming Video Went Viral,Channel_740,17,2024-01-25T04:00:00.000Z,vlog|live|music,2623,128,17,50,https://i.ytimg.com/vi/dbd_shhr_DC/default.jpg,False,False,False,Auto-generated sample description for Gaming video.
IWdTImHUKDT,24.10.03,Top 10 Sports Moments This Week,Channel_3513,1,2024-03-06T21:00:00.000Z,trending|music|live,24362,450,107,399,https://i.ytimg.com/vi/DROVHRmsWeE/default.jpg,False,False,False,Auto-generated sample description for Sports video.
EakKyLHuJtl,24.14.08,Why This Sports Video Went Viral,Channel_1895,10,2024-08-12T02:00:00.000Z,vlog|live|review,11359,797,82,84,https://i.ytimg.com/vi/OFt4V2VPjV-/default.jpg,False,False,False,Auto-generated sample description for Sports video.
nASM6CYUJR1,25.26.01,Why This Sports Video Went Viral,Channel_4689,1,2025-01-25T01:00:00.000Z,2024|official|review,46355,2362,191,622,https://i.ytimg.com/vi/90O5qGCS1-4/default.jpg,False,False,False,Auto-generated sample description for Sports video.
7owO4uALW2j,24.01.09,Why This Gaming Video Went Viral,Channel_2446,17,2024-09-01T11:00:00.000Z,2024|live|trending,18531,1426,105,56,https://i.ytimg.com/vi/iI8n5vQNKFs/default.jpg,False,False,False,Auto-generated sample description for Gaming video.
sQ_ItswjWtr,24.06.03,Behind the Scenes: Music,Channel_1785,20,2024-03-04T00:00:00.000Z,music|live|official,5727,341,3,110,https://i.ytimg.com/vi/shoRynQDyN1/default.jpg,False,False,False,Auto-generated sample description for Music video.
P99RjAiiCNc,25.31.01,Why This Sports Video Went Viral,Channel_983,10,2025-01-29T07:00:00.000Z,music|trending|2024,11883,593,41,48,https://i.ytimg.com/vi/8nWhd1Ntorc/default.jpg,False,False,False,Auto-generated sample description for Sports video.
fiWP1iv8gUK,24.22.12,Official Music Highlights,Channel_2684,20,2024-12-18T04:00:00.000Z,vlog|official|review,97823,6709,231,292,https://i.ytimg.com/vi/CzwITZIbOdJ/default.jpg,False,False,False,Auto-generated sample description for Music video.
7AOX1nXOX1-,24.02.05,Official Sports Highlights,Channel_4241,26,2024-04-29T01:00:00.000Z,live|trending|vlog,46713,3159,54,901,https://i.ytimg.com/vi/rBbOdM3AYfT/default.jpg,False,False,False,Auto-generated sample description for Sports video.
_W9bpPujiOb,24.23.03,People & Blogs Compilation 2024,Channel_1951,28,2024-03-21T11:00:00.000Z,live|official|trending,21082,728,129,38,https://i.ytimg.com/vi/4NRgKUqWPgx/default.jpg,False,False,False,Auto-generated sample description for People & Blogs video.
T6VI4fINIaF,24.18.04,Why This Entertainment Video Went Viral,Channel_1500,25,2024-04-18T07:00:00.000Z,trending|official|review,210642,12850,811,1766,https://i.ytimg.com/vi/59IQ-dVAyep/default.jpg,False,False,False,Auto-generated sample description for Entertainment video.
0VG-vAeaX90,24.26.01,Behind the Scenes: Music,Channel_3391,19,2024-01-24T06:00:00.000Z,trending|music|vlog,8490,187,62,11,https://i.ytimg.com/vi/t8JMcXTdBFz/default.jpg,False,False,False,Auto-generated sample description for Music video.
lF9kNKxYGat,24.27.01,Music Compilation 2024,Channel_4134,19,2024-01-24T19:00:00.000Z,2024|trending|music,140936,8238,1373,1036,https://i.ytimg.com/vi/sXGcY0cFi_R/default.jpg,False,False,False,Auto-generated sample description for Music video.
6EB9ssFqPkv,24.30.08,Behind the Scenes: Music,Channel_3000,19,2024-08-26T05:00:00.000Z,review|official|vlog,320068,5067,1609,2292,https://i.ytimg.com/vi/Svjs7wmh_qA/default.jpg,False,False,False,Auto-generated sample description for Music video.
L3aEhbxwg-H,24.14.12,Behind the Scenes: Sports,Channel_324,10,2024-12-12T00:00:00.000Z,music|review|2024,12134,758,20,152,https://i.ytimg.com/vi/JzbENLFF3yu/default.jpg,False,False,False,Auto-generated sample description for Sports video.
lBtnQ5oWohZ,24.01.11,Reacting to Entertainment Trends,Channel_1594,25,2024-10-28T04:00:00.000Z,official|live|trending,2495,108,20,34,https://i.ytimg.com/vi/Ul1lxX8Ex76/default.jpg,False,False,False,Auto-generated sample description for Entertainment video.
RyKfWXpXGKp,24.12.01,People & Blogs Compilation 2024,Channel_1948,21,2024-01-12T19:00:00.000Z,music|official|trending,649,9,5,1,https://i.ytimg.com/vi/OqQve9Uymgs/default.jpg,False,False,False,Auto-generated sample description for People & Blogs video.
y8UcL__uicV,24.30.05,Behind the Scenes: Music,Channel_3463,20,2024-05-29T04:00:00.000Z,official|2024|vlog,8061,90,71,11,https://i.ytimg.com/vi/euzT4SNYrnZ/default.jpg,False,False,False,Auto-generated sample description for Music video.
MfJNNgsACWJ,24.15.10,Official Comedy Highlights,Channel_1632,12,2024-10-15T07:00:00.000Z,review|music|vlog,7076,510,55,125,https://i.ytimg.com/vi/R4_85ZkM5iW/default.jpg,False,False,False,Auto-generated sample description for Comedy video.
jOOTEgMXhhK,24.14.10,Official Education Highlights,Channel_416,9,2024-10-12T06:00:00.000Z,official|live|review,4129,144,27,5,https://i.ytimg.com/vi/ntgc8ZTOeAM/default.jpg,False,False,False,Auto-generated sample description for Education video.
