video_id,trending_date,title,channel_title,category_id,publish_time,tags,views,likes,dislikes,comment_count,thumbnail_link,comments_disabled,ratings_disabled,video_error_or_removed,description
DHCZgmKWopL,24.23.05,Official Music Highlights,Channel_557,11,2024-05-23T16:00:00.000Z,2024|official|live,42727,3417,138,547,https://i.ytimg.com/vi/GyltCHAMM5x/default.jpg,False,False,False,Auto-generated sample description for Music video.
36Pyo3fYWAP,24.18.05,Top 10 Entertainment Moments This Week,Channel_1745,14,2024-05-15T17:00:00.000Z,2024|vlog|review,21063,858,201,287,https://i.ytimg.com/vi/qMBRSrnIZRi/default.jpg,False,False,True,Auto-generated sample description for Entertainment video.
OgZLkm8SAtz,24.25.02,Official Comedy Highlights,Channel_3038,7,2024-02-21T16:00:00.000Z,2024|official|vlog,14481,739,18,266,https://i.ytimg.com/vi/ZRs5Oydhhi3/default.jpg,False,False,False,Auto-generated sample description for Comedy video.
NglOrljSGiF,24.24.07,Behind the Scenes: Music,Channel_309,11,2024-07-22T02:00:00.000Z,2024|trending|review,21104,1126,81,277,https://i.ytimg.com/vi/yomcMFqdIqZ/default.jpg,False,False,False,Auto-generated sample description for Music video.
a_K8Rp9sZIO,24.10.06,Behind the Scenes: Entertainment,Channel_3337,14,2024-06-07T00:00:00.000Z,2024|live|review,749678,9396,5080,2693,https://i.ytimg.com/vi/zmYF6fcsbti/default.jpg,False,False,False,Auto-generated sample description for Entertainment video.
M_PAUwdMJTk,24.02.05,Top 10 Music Moments This Week,Channel_2929,3,2024-05-02T08:00:00.000Z,trending|2024|official,559301,30055,2999,10925,https://i.ytimg.com/vi/Nq7ScnWG7ZS/default.jpg,False,False,False,Auto-generated sample description for Music video.
F0NdxjZUgQa,24.19.11,Music Compilation 2024,Channel_1628,3,2024-11-15T00:00:00.000Z,vlog|review|trending,41789,2347,243,369,https://i.ytimg.com/vi/H0yW1JC5smc/default.jpg,False,False,False,Auto-generated sample description for Music video.
p5aCARPtxhe,24.01.06,Behind the Scenes: Entertainment,Channel_244,14,2024-05-29T12:00:00.000Z,vlog|2024|music,1552,70,3,23,https://i.ytimg.com/vi/-yhpRsqQgux/default.jpg,False,False,False,Auto-generated sample description for Entertainment video.
lXbDf8U75nH,24.27.06,Top 10 Gaming Moments This Week,Channel_840,6,2024-06-25T09:00:00.000Z,live|2024|trending,112823,2786,1050,221,https://i.ytimg.com/vi/Su5ytZv3G7i/default.jpg,False,False,False,Auto-generated sample description for Gaming video.
71sOVob9_TJ,24.11.01,Behind the Scenes: Music,Channel_3339,3,2024-01-11T06:00:00.000Z,2024|music|live,144364,3176,404,1581,https://i.ytimg.com/vi/tXgCw5gVTvl/default.jpg,False,False,False,Auto-generated sample description for Music video.
loFZphRmb5H,24.28.08,Why This Music Video Went Viral,Channel_2139,3,2024-08-28T20:00:00.000Z,official|live|2024,190602,6048,913,2737,https://i.ytimg.com/vi/Tl5_w--LxA-/default.jpg,False,False,False,Auto-generated sample description for Music video.
4hsehC9me4h,24.07.12,Behind the Scenes: Comedy,Channel_4705,7,2024-12-03T15:00:00.000Z,vlog|official|review,169654,5917,1584,1354,https://i.ytimg.com/vi/E99ife0h82d/default.jpg,False,False,False,Auto-generated sample description for Comedy video.
Nw1pCIc_JTE,24.18.08,Reacting to Music Trends,Channel_4643,11,2024-08-15T07:00:00.000Z,review|live|vlog,2899,83,13,26,https://i.ytimg.com/vi/2EG9880WtP5/default.jpg,False,False,False,Auto-generated sample description for Music video.
zBpqZT17LfR,24.22.04,Behind the Scenes: Comedy,Channel_3927,7,2024-04-20T03:00:00.000Z,2024|review|vlog,18962,1045,67,272,https://i.ytimg.com/vi/ZIJrIA2zn48/default.jpg,False,False,False,Auto-generated sample description for Comedy video.
WddvwI-M8bJ,24.07.09,Why This Music Video Went Viral,Channel_3841,11,2024-09-05T05:00:00.000Z,2024|live|vlog,231707,9022,258,3751,https://i.ytimg.com/vi/7V03OaoF5By/default.jpg,False,False,False,Auto-generated sample description for Music video.
OrI8-Ft1UtK,24.30.10,Top 10 Science & Technology Moments This Week,Channel_1314,12,2024-10-28T10:00:00.000Z,2024|trending|vlog,13803,420,39,118,https://i.ytimg.com/vi/uLBmLdaz50b/default.jpg,False,False,False,Auto-generated sample description for Science & Technology video.
iMVrynb9JCW,24.18.06,Music Compilation 2024,Channel_1139,3,2024-06-15T10:00:00.000Z,review|live|official,9810,408,36,34,https://i.ytimg.com/vi/m2mUDdwlnMu/default.jpg,False,False,True,Auto-generated sample description for Music video.
lIBY8LmmYLe,24.27.02,Music Compilation 2024,Channel_721,3,2024-02-26T20:00:00.000Z,2024|vlog|review,135149,10472,341,2649,https://i.ytimg.com/vi/TsAhz07keW8/default.jpg,False,False,False,Auto-generated sample description for Music video.
8XLqlAU3T5C,24.02.10,Behind the Scenes: Music,Channel_2242,11,2024-09-30T09:00:00.000Z,review|live|trending,55144,3087,120,50,https://i.ytimg.com/vi/rrQq3C-vVMb/default.jpg,False,False,False,Auto-generated sample description for Music video.
ctYmJV4ETFU,24.08.02,Top 10 Music Moments This Week,Channel_698,11,2024-02-07T02:00:00.000Z,official|music|trending,444106,28960,2299,5727,https://i.ytimg.com/vi/h9DigXQaOBk/default.jpg,False,False,False,Auto-generated sample description for Music video.
WFHe2XZbNsF,24.25.10,Official Entertainment Highlights,Channel_25,14,2024-10-23T15:00:00.000Z,music|trending|review,33014,957,147,132,https://i.ytimg.com/vi/TmRoX_c4kqn/default.jpg,False,False,False,Auto-generated sample description for Entertainment video.
rVapF68-anr,24.20.07,Why This Music Video Went Viral,Channel_451,3,2024-07-17T02:00:00.000Z,official|vlog|trending,100286,4145,484,370,https://i.ytimg.com/vi/DfdlmeN2hyL/default.jpg,False,False,False,Auto-generated sample description for Music video.
cRBjQ50VhUl,24.16.11,Comedy Compilation 2024,Channel_4086,4,2024-11-12T13:00:00.000Z,live|review|music,6280,426,44,100,https://i.ytimg.com/vi/bYL8gjH6mlB/default.jpg,False,False,False,Auto-generated sample description for Comedy video.
dNmYg-JrJaV,24.22.02,Reacting to Entertainment Trends,Channel_1065,14,2024-02-20T18:00:00.000Z,trending|live|review,55554,2414,400,838,https://i.ytimg.com/vi/Hb1v1RmqVZO/default.jpg,False,False,False,Auto-generated sample description for Entertainment video.
TdJlrP8TYzW,24.22.11,Top 10 Music Moments This Week,Channel_1580,3,2024-11-21T09:00:00.000Z,vlog|live|2024,10053,437,90,89,https://i.ytimg.com/vi/3v6-0nyX3bV/default.jpg,False,False,False,Auto-generated sample description for Music video.
MzOh16fS3Il,24.12.04,Top 10 Music Moments This Week,Channel_4681,3,2024-04-10T05:00:00.000Z,vlog|official|trending,40644,570,120,251,https://i.ytimg.com/vi/ypcs_JmwTzu/default.jpg,False,False,False,Auto-generated sample description for Music video.
OJNFUg0AiAT,24.01.02,Behind the Scenes: Music,Channel_2876,3,2024-01-30T08:00:00.000Z,official|music|live,65301,3683,83,965,https://i.ytimg.com/vi/V6CR5tDbH52/default.jpg,False,False,False,Auto-generated sample description for Music video.
uhgqYEbTr7O,24.10.11,Reacting to Music Trends,Channel_4835,11,2024-11-09T16:00:00.000Z,trending|vlog|review,9670,141,39,74,https://i.ytimg.com/vi/GNJYFRnYaBB/default.jpg,False,False,False,Auto-generated sample description for Music video.
d8B4j0sGTeh,24.14.04,Reacting to Music Trends,Channel_1007,3,2024-04-14T10:00:00.000Z,live|vlog|trending,600390,41971,3391,8286,https://i.ytimg.com/vi/Z24qotj4UaY/default.jpg,False,False,False,Auto-generated sample description for Music video.
Yg5ubMafSSF,24.14.10,Reacting to Entertainment Trends,Channel_617,14,2024-10-10T09:00:00.000Z,trending|vlog|music,88041,4361,584,1007,https://i.ytimg.com/vi/S0WGWAZyaz_/default.jpg,False,False,False,Auto-generated sample description for Entertainment video.
LbAutxgU1l-,24.05.09,Behind the Scenes: Music,Channel_2014,11,2024-09-03T02:00:00.000Z,vlog|music|live,297647,12185,1712,4963,https://i.ytimg.com/vi/rM4i0I79bLz/default.jpg,False,False,False,Auto-generated sample description for Music video.
K2xw1jqa_ml,24.30.03,Official Comedy Highlights,Channel_689,7,2024-03-30T03:00:00.000Z,review|music|trending,10823,419,100,54,https://i.ytimg.com/vi/QULe3Inv4-j/default.jpg,False,False,False,Auto-generated sample description for Comedy video.
RCyTrJ8RHBM,24.19.06,Comedy Compilation 2024,Channel_4261,7,2024-06-19T01:00:00.000Z,live|music|official,5389,410,13,95,https://i.ytimg.com/vi/pL5hOKFppAq/default.jpg,False,False,False,Auto-generated sample description for Comedy video.
wuQ9XXrLCOT,24.02.02,Behind the Scenes: Comedy,Channel_3436,4,2024-01-29T19:00:00.000Z,music|vlog|official,29579,1727,131,588,https://i.ytimg.com/vi/pe7lsymW5Ml/default.jpg,False,True,False,Auto-generated sample description for Comedy video.
WcRiffdTVYs,24.27.07,Top 10 Entertainment Moments This Week,Channel_1891,14,2024-07-23T19:00:00.000Z,live|official|vlog,60826,2196,164,698,https://i.ytimg.com/vi/ynQkhy_dNJM/default.jpg,False,False,False,Auto-generated sample description for Entertainment video.
mn-OpiFrKlU,24.08.01,Top 10 Music Moments This Week,Channel_4911,11,2024-01-06T03:00:00.000Z,2024|official|live,7863,468,56,151,https://i.ytimg.com/vi/hEugvQOLkdL/default.jpg,False,True,False,Auto-generated sample description for Music video.
4mQvzQSc_e0,24.06.01,Reacting to Entertainment Trends,Channel_3425,14,2024-01-02T08:00:00.000Z,trending|review|music,453329,4960,2888,4236,https://i.ytimg.com/vi/S-W4AXFbAO7/default.jpg,False,False,False,Auto-generated sample description for Entertainment video.
5KMc21TMK1A,24.17.04,Reacting to Gaming Trends,Channel_1029,16,2024-04-15T14:00:00.000Z,vlog|2024|review,2126,102,14,38,https://i.ytimg.com/vi/U5sm4FK3HMH/default.jpg,False,False,False,Auto-generated sample description for Gaming video.
OKkKA3wMCuV,24.19.12,Reacting to Entertainment Trends,Channel_3590,14,2024-12-18T00:00:00.000Z,trending|live|2024,135229,8501,800,1946,https://i.ytimg.com/vi/e-F1Wovsqrs/default.jpg,False,False,False,Auto-generated sample description for Entertainment video.
7n35X-0YDB4,24.01.10,Reacting to Music Trends,Channel_3631,11,2024-09-28T16:00:00.000Z,trending|music|official,5626,313,24,43,https://i.ytimg.com/vi/qGQMU8JaZIT/default.jpg,False,False,False,Auto-generated sample description for Music video.
cgbk7Ln9OzT,25.20.01,Gaming Compilation 2024,Channel_3796,16,2025-01-16T06:00:00.000Z,music|official|vlog,3050,189,23,20,https://i.ytimg.com/vi/-mfHYQ1pb8F/default.jpg,False,False,False,Auto-generated sample description for Gaming video.
qzReJBLOI0a,24.27.05,Official Entertainment Highlights,Channel_4648,14,2024-05-24T18:00:00.000Z,live|review|2024,84446,3248,200,657,https://i.ytimg.com/vi/CR-vL4ESlLd/default.jpg,False,False,False,Auto-generated sample description for Entertainment video.
sZ4jZ-Z3DIy,24.07.12,Reacting to Film & Animation Trends,Channel_1666,9,2024-12-05T07:00:00.000Z,review|2024|official,11110,794,99,43,https://i.ytimg.com/vi/2JVXpGHgwc2/default.jpg,False,False,False,Auto-generated sample description for Film & Animation video.
k7hO9QQC4Aj,24.21.07,Music Compilation 2024,Channel_3734,11,2024-07-18T04:00:00.000Z,music|vlog|official,68536,4862,293,475,https://i.ytimg.com/vi/4wgymsoGRGD/default.jpg,False,False,False,Auto-generated sample description for Music video.
iPDvBSZHStO,24.14.12,Top 10 Music Moments This Week,Channel_22,11,2024-12-12T15:00:00.000Z,live|trending|2024,276936,2770,1235,1830,https://i.ytimg.com/vi/-qCgiGy51Au/default.jpg,False,False,False,Auto-generated sample description for Music video.
uLYpQeI5LGq,24.08.10,Reacting to Travel & Events Trends,Channel_418,13,2024-10-05T10:00:00.000Z,official|review|vlog,24468,617,34,160,https://i.ytimg.com/vi/yFtsQc5SeYE/default.jpg,False,False,False,Auto-generated sample description for Travel & Events video.
baRAsNB3zDN,24.17.08,Official Music Highlights,Channel_882,3,2024-08-14T15:00:00.000Z,review|music|vlog,50874,721,124,1006,https://i.ytimg.com/vi/AVewfkmqbg0/default.jpg,False,False,False,Auto-generated sample description for Music video.
qBcqthD9RKd,24.27.12,Nonprofits & Activism Compilation 2024,Channel_4160,5,2024-12-23T17:00:00.000Z,live|official|music,3328,60,30,42,https://i.ytimg.com/vi/sZtOoqSBq0F/default.jpg,False,False,False,Auto-generated sample description for Nonprofits & Activism video.
DPWpqym3RM8,24.09.06,Official Entertainment Highlights,Channel_3467,14,2024-06-07T09:00:00.000Z,official|live|music,6332,186,27,64,https://i.ytimg.com/vi/-L0z78gk7oX/default.jpg,False,False,False,Auto-generated sample description for Entertainment video.
BcVYWGFoRSJ,24.12.10,Official Entertainment Highlights,Channel_761,14,2024-10-08T20:00:00.000Z,vlog|review|trending,449257,24106,1989,4135,https://i.ytimg.com/vi/WXb2huV20BM/default.jpg,False,False,False,Auto-generated sample description for Entertainment video.
14mHDCnJSsy,24.11.11,Music Compilation 2024,Channel_2366,11,2024-11-10T04:00:00.000Z,live|2024|music,254513,14644,1718,1437,https://i.ytimg.com/vi/lKMzYv-pOFY/default.jpg,False,False,False,Auto-generated sample description for Music video.
9IfeYUr5nME,24.07.04,Music Compilation 2024,Channel_71,11,2024-04-04T06:00:00.000Z,trending|official|live,18653,214,102,87,https://i.ytimg.com/vi/BoXgwWcHTIQ/default.jpg,False,False,False,Auto-generated sample description for Music video.
o_RQNk_A3ov,24.18.08,Official Music Highlights,Channel_3336,3,2024-08-14T04:00:00.000Z,vlog|review|music,9204,584,47,47,https://i.ytimg.com/vi/JKf0nW6fGgZ/default.jpg,False,False,False,Auto-generated sample description for Music video.
pEPIBEU7WJ_,24.20.12,Entertainment Compilation 2024,Channel_2516,14,2024-12-17T10:00:00.000Z,review|trending|2024,69075,2188,117,1315,https://i.ytimg.com/vi/K2w5c7BEa9_/default.jpg,False,False,False,Auto-generated sample description for Entertainment video.
Jic4tZ7tK_t,24.24.11,Top 10 Music Moments This Week,Channel_367,11,2024-11-21T06:00:00.000Z,review|vlog|music,263684,8280,1364,792,https://i.ytimg.com/vi/jtwZEJY1lE1/default.jpg,False,False,False,Auto-generated sample description for Music video.
Jn5iZ7GU3yz,24.07.11,Behind the Scenes: Entertainment,Channel_4808,14,2024-11-03T21:00:00.000Z,music|trending|2024,620540,23737,808,2093,https://i.ytimg.com/vi/Nm9V4EexWqA/default.jpg,False,False,False,Auto-generated sample description for Entertainment video.
JRLLjwagCpC,25.31.01,Reacting to Music Trends,Channel_2449,3,2025-01-29T06:00:00.000Z,live|music|trending,11449,128,39,122,https://i.ytimg.com/vi/G8Qf_6VOnBU/default.jpg,False,False,False,Auto-generated sample description for Music video.
dMpJQ8ecAaI,24.27.09,Music Compilation 2024,Channel_1328,11,2024-09-24T05:00:00.000Z,vlog|2024|official,16458,186,11,110,https://i.ytimg.com/vi/7RnbsJRv6WV/default.jpg,False,False,False,Auto-generated sample description for Music video.
mazgh-tM-kV,25.19.01,Reacting to Music Trends,Channel_398,3,2025-01-15T14:00:00.000Z,trending|2024|official,351686,5903,2578,1628,https://i.ytimg.com/vi/JcPILw_8AuY/default.jpg,False,False,False,Auto-generated sample description for Music video.
uT3UKiooT4O,24.15.11,Behind the Scenes: Music,Channel_364,3,2024-11-13T00:00:00.000Z,review|trending|vlog,15058,260,96,88,https://i.ytimg.com/vi/XagZaZmpGai/default.jpg,False,False,False,Auto-generated sample description for Music video.
OLY6W2kOqFi,24.15.03,Film & Animation Compilation 2024,Channel_2177,9,2024-03-13T22:00:00.000Z,live|review|2024,228360,13076,1533,2736,https://i.ytimg.com/vi/tXozA09vVXp/default.jpg,False,False,False,Auto-generated sample description for Film & Animation video.
ihhZ6Fs0-GV,24.08.01,Music Compilation 2024,Channel_1111,11,2024-01-07T04:00:00.000Z,vlog|2024|review,74583,1423,281,1090,https://i.ytimg.com/vi/euLFn4YXIA0/default.jpg,False,False,False,Auto-generated sample description for Music video.
ZOcGQEnxgTQ,24.08.11,Reacting to Entertainment Trends,Channel_4097,14,2024-11-08T05:00:00.000Z,live|review|2024,135457,9878,1234,989,https://i.ytimg.com/vi/iJKc-1rtJ0m/default.jpg,False,False,False,Auto-generated sample description for Entertainment video.
THkKpP6fyao,24.08.05,Official Entertainment Highlights,Channel_1132,14,2024-05-07T22:00:00.000Z,vlog|live|2024,962602,29688,2671,2668,https://i.ytimg.com/vi/xTfFBwpEQIp/default.jpg,False,False,False,
JxKxLxUgLSv,24.16.11,Reacting to Travel & Events Trends,Channel_2402,13,2024-11-12T07:00:00.000Z,vlog|trending|2024,6275,412,17,104,https://i.ytimg.com/vi/jlfbITu-g4P/default.jpg,False,False,False,Auto-generated sample description for Travel & Events video.
Vy-8ifnr77N,24.28.11,Reacting to Comedy Trends,Channel_1867,4,2024-11-28T01:00:00.000Z,2024|trending|vlog,13718,659,128,14,https://i.ytimg.com/vi/Hlzpj2I5XSB/default.jpg,False,False,False,Auto-generated sample description for Comedy video.
I0dR7UZYNGO,24.16.02,Reacting to Entertainment Trends,Channel_1868,14,2024-02-12T11:00:00.000Z,official|live|music,19405,324,132,71,https://i.ytimg.com/vi/kTl9Jt4Ig1E/default.jpg,False,False,False,Auto-generated sample description for Entertainment video.
J_UH_DmozaG,24.03.08,Reacting to Music Trends,Channel_1390,3,2024-07-30T00:00:00.000Z,vlog|trending|music,16213,340,72,108,https://i.ytimg.com/vi/GrCPF1KZ2Ot/default.jpg,False,False,False,Auto-generated sample description for Music video.
OppS3pMWh1i,24.31.08,Why This Music Video Went Viral,Channel_1151,11,2024-08-27T20:00:00.000Z,vlog|2024|music,19178,1272,182,95,https://i.ytimg.com/vi/AsPMP5j_77I/default.jpg,False,False,False,Auto-generated sample description for Music video.
GE5J3XCy1k9,25.27.01,Behind the Scenes: Music,Channel_274,11,2025-01-23T05:00:00.000Z,live|review|vlog,19265,856,123,244,https://i.ytimg.com/vi/NVDJ3MXqA4E/default.jpg,False,False,False,Auto-generated sample description for Music video.
TpNxxRdhLh7,24.09.09,Official Science & Technology Highlights,Channel_297,12,2024-09-07T00:00:00.000Z,review|trending|2024,4746,187,38,41,https://i.ytimg.com/vi/ad8fsQmfeki/default.jpg,False,False,False,Auto-generated sample description for Science & Technology video.
8bJnVR_5PXc,24.01.10,Reacting to Music Trends,Channel_4365,3,2024-09-29T10:00:00.000Z,review|official|2024,73130,4655,82,779,https://i.ytimg.com/vi/LF6K5e4OFWI/default.jpg,False,False,False,Auto-generated sample description for Music video.
oNrHby6KfA0,24.02.06,Reacting to Entertainment Trends,Channel_4841,14,2024-05-29T14:00:00.000Z,official|vlog|2024,6501,163,8,81,https://i.ytimg.com/vi/PmkUudWCTYx/default.jpg,False,False,False,Auto-generated sample description for Entertainment video.
CpcpWiBl3DZ,24.15.04,Reacting to Music Trends,Channel_2637,3,2024-04-11T19:00:00.000Z,official|review|vlog,240477,14981,1101,4571,https://i.ytimg.com/vi/km_ld2F84t3/default.jpg,False,False,False,Auto-generated sample description for Music video.
8pJFcxXFqq4,24.16.07,Behind the Scenes: Music,Channel_38,3,2024-07-13T10:00:00.000Z,official|live|trending,1007883,11192,2923,17154,https://i.ytimg.com/vi/t6lyekfBFWM/default.jpg,False,False,False,Auto-generated sample description for Music video.
6g1toNm0GxF,24.01.09,Comedy Compilation 2024,Channel_3602,7,2024-08-30T11:00:00.000Z,live|2024|official,97774,6396,669,166,https://i.ytimg.com/vi/oT2UeVd2443/default.jpg,False,False,False,Auto-generated sample description for Comedy video.
6ehVF-8xYeN,24.16.12,Top 10 Music Moments This Week,Channel_2038,11,2024-12-12T18:00:00.000Z,live|trending|review,63770,4261,421,944,https://i.ytimg.com/vi/vh9Vse8-X4e/default.jpg,False,False,False,Auto-generated sample description for Music video.
LmR8w6SYcUV,24.06.05,Behind the Scenes: Film & Animation,Channel_1390,9,2024-05-05T17:00:00.000Z,vlog|review|music,12749,158,11,74,https://i.ytimg.com/vi/T6DVjgYamKx/default.jpg,True,False,False,Auto-generated sample description for Film & Animation video.
71XVXN_rldf,24.25.06,Top 10 Music Moments This Week,Channel_3197,3,2024-06-21T01:00:00.000Z,trending|music|official,45519,3435,142,177,https://i.ytimg.com/vi/BU20uNeHIEA/default.jpg,False,False,False,Auto-generated sample description for Music video.
q8tezohulOt,24.24.02,Official Education Highlights,Channel_593,10,2024-02-22T02:00:00.000Z,review|live|trending,6336,495,11,49,https://i.ytimg.com/vi/x-VaLSImNkP/default.jpg,False,False,False,Auto-generated sample description for Education video.
s2kglgvriZx,24.06.11,Music Compilation 2024,Channel_2396,3,2024-11-02T05:00:00.000Z,trending|vlog|2024,22954,1435,153,262,https://i.ytimg.com/vi/V1YEryntYYk/default.jpg,False,False,False,Auto-generated sample description for Music video.
geiOBv8F8ik,24.21.05,Official Nonprofits & Activism Highlights,Channel_4719,17,2024-05-20T08:00:00.000Z,2024|trending|music,11380,471,82,143,https://i.ytimg.com/vi/JTlsglDikmh/default.jpg,False,False,False,Auto-generated sample description for Nonprofits & Activism video.
odm47rGDfDw,24.09.02,Official Music Highlights,Channel_3172,11,2024-02-08T10:00:00.000Z,vlog|music|trending,34710,1872,165,643,https://i.ytimg.com/vi/QNJIIEa-g50/default.jpg,False,False,False,Auto-generated sample description for Music video.
n3Ny16zPs8z,24.09.10,Comedy Compilation 2024,Channel_2907,4,2024-10-08T10:00:00.000Z,official|review|live,112575,6221,489,1079,https://i.ytimg.com/vi/LNQelwlnCjl/default.jpg,False,False,False,Auto-generated sample description for Comedy video.
x9jZ-t_NJ_s,24.24.02,Official Entertainment Highlights,Channel_3999,14,2024-02-20T18:00:00.000Z,live|official|2024,1550051,120813,12453,9913,https://i.ytimg.com/vi/tKKsv_eQkIf/default.jpg,False,False,False,Auto-generated sample description for Entertainment video.
1JPIy_cCXnH,24.03.12,Behind the Scenes: Music,Channel_2865,3,2024-11-29T11:00:00.000Z,2024|review|trending,151717,1855,133,251,https://i.ytimg.com/vi/VPSyaLsEsif/default.jpg,False,False,False,Auto-generated sample description for Music video.
wUbt4Re0DtT,24.20.01,Official Music Highlights,Channel_4012,11,2024-01-20T04:00:00.000Z,2024|music|live,244874,13199,308,3522,https://i.ytimg.com/vi/kPo5WfNUfyH/default.jpg,False,False,False,Auto-generated sample description for Music video.
EA87Yri6c5E,24.16.02,Top 10 Music Moments This Week,Channel_3345,3,2024-02-12T16:00:00.000Z,music|review|trending,41851,2437,387,713,https://i.ytimg.com/vi/2RzjberU83X/default.jpg,False,False,False,Auto-generated sample description for Music video.
yVV3tm75_bm,24.09.08,Official Music Highlights,Channel_2929,3,2024-08-08T15:00:00.000Z,live|music|official,49762,956,360,870,https://i.ytimg.com/vi/yOKTxfSk2n7/default.jpg,False,False,False,Auto-generated sample description for Music video.
PbKDq3f0opm,24.24.04,Gaming Compilation 2024,Channel_3789,16,2024-04-23T18:00:00.000Z,review|official|2024,2221,31,11,16,https://i.ytimg.com/vi/eKId7NTu9IT/default.jpg,False,False,False,Auto-generated sample description for Gaming video.
Bula1ddV4Qb,24.01.06,Behind the Scenes: Comedy,Channel_1640,7,2024-05-29T12:00:00.000Z,vlog|2024|official,6385,370,5,49,https://i.ytimg.com/vi/yRvzpQ3RSxx/default.jpg,False,False,False,Auto-generated sample description for Comedy video.
oi3Bied-77W,24.02.02,Official Music Highlights,Channel_1662,3,2024-01-30T11:00:00.000Z,vlog|review|music,7263,574,43,27,https://i.ytimg.com/vi/Orp9V0vg33A/default.jpg,False,False,False,Auto-generated sample description for Music video.
0Fdn3D-yhqt,24.25.10,Official Gaming Highlights,Channel_3828,6,2024-10-25T10:00:00.000Z,official|2024|trending,9165,496,24,79,https://i.ytimg.com/vi/uomC36p18Gu/default.jpg,False,False,False,Auto-generated sample description for Gaming video.
YFko6KSTNgv,25.09.01,Entertainment Compilation 2024,Channel_4124,14,2025-01-08T05:00:00.000Z,live|2024|music,113505,2576,58,684,https://i.ytimg.com/vi/KkERUP54mx_/default.jpg,False,False,False,Auto-generated sample description for Entertainment video.
V7dokw2O2-P,24.27.07,Behind the Scenes: Music,Channel_2226,11,2024-07-26T08:00:00.000Z,trending|live|music,9472,519,71,161,https://i.ytimg.com/vi/YXJ8VqvAX__/default.jpg,False,False,False,Auto-generated sample description for Music video.
b8c8zcMyNIq,24.29.06,Reacting to Music Trends,Channel_3521,3,2024-06-28T13:00:00.000Z,live|official|2024,3892,283,7,72,https://i.ytimg.com/vi/ecB5BNp6uij/default.jpg,False,False,False,Auto-generated sample description for Music video.
psVunUiYzUS,24.23.08,Reacting to Music Trends,Channel_1216,11,2024-08-20T10:00:00.000Z,music|live|2024,54191,2822,517,204,https://i.ytimg.com/vi/7PO6oYWGrxH/default.jpg,False,False,False,Auto-generated sample description for Music video.
cpKmEDBJ0qR,24.12.01,Reacting to Travel & Events Trends,Channel_4849,15,2024-01-12T16:00:00.000Z,review|live|2024,51499,2549,371,312,https://i.ytimg.com/vi/-K8cc0MBU_6/default.jpg,False,False,False,Auto-generated sample description for Travel & Events video.
hqxskNQu5IQ,24.11.08,Reacting to Education Trends,Channel_3354,10,2024-08-09T13:00:00.000Z,review|music|live,2524,40,11,38,https://i.ytimg.com/vi/YOTc-EiFveX/default.jpg,False,False,False,Auto-generated sample description for Education video.
uebBss_BZQ1,24.28.06,Official Music Highlights,Channel_3628,3,2024-06-25T13:00:00.000Z,review|trending|vlog,1201,17,5,5,https://i.ytimg.com/vi/8sYASgTJuvt/default.jpg,False,False,False,Auto-generated sample description for Music video.
1O2oWDXIxG8,24.23.07,Top 10 Music Moments This Week,Channel_964,3,2024-07-20T02:00:00.000Z,review|vlog|official,49166,3266,25,712,https://i.ytimg.com/vi/oYpnVVo7jbs/default.jpg,False,False,False,Auto-generated sample description for Music video.
mnb6Mp-Ojls,24.13.10,Behind the Scenes: Science & Technology,Channel_3895,12,2024-10-09T21:00:00.000Z,2024|review|live,9416,173,80,10,https://i.ytimg.com/vi/BpXc8ri_y7g/default.jpg,False,False,False,Auto-generated sample description for Science & Technology video.
eFmB_cdhq91,24.15.08,Reacting to Music Trends,Channel_854,11,2024-08-13T12:00:00.000Z,2024|trending|review,176943,11945,1135,1303,https://i.ytimg.com/vi/wAzs2p59rgH/default.jpg,False,False,False,Auto-generated sample description for Music video.
bKIgn9Rgko8,24.16.12,Top 10 Comedy Moments This Week,Channel_2384,7,2024-12-15T22:00:00.000Z,review|2024|vlog,1935,79,15,38,https://i.ytimg.com/vi/uvrf34-5XAb/default.jpg,False,False,False,Auto-generated sample description for Comedy video.
zQoi7-GxdBl,24.06.04,Why This People & Blogs Video Went Viral,Channel_1893,8,2024-04-06T00:00:00.000Z,vlog|live|trending,56166,1538,112,832,https://i.ytimg.com/vi/_sDduGeyJwO/default.jpg,False,False,False,Auto-generated sample description for People & Blogs video.
1XOSrJjSO-S,24.26.03,Behind the Scenes: Music,Channel_594,11,2024-03-23T22:00:00.000Z,live|2024|review,437221,18878,1005,8268,https://i.ytimg.com/vi/hmADFk4tx_h/default.jpg,True,False,False,Auto-generated sample description for Music video.
BKUZM38vKR9,24.23.05,Reacting to Music Trends,Channel_775,3,2024-05-23T06:00:00.000Z,live|official|trending,386828,14428,2262,427,https://i.ytimg.com/vi/NoarmqpGRUl/default.jpg,False,False,False,Auto-generated sample description for Music video.
dPRkwFPYybn,24.12.11,Reacting to Entertainment Trends,Channel_670,14,2024-11-11T21:00:00.000Z,trending|review|music,42739,819,208,284,https://i.ytimg.com/vi/PHlV2kXa4fz/default.jpg,False,False,False,Auto-generated sample description for Entertainment video.
VH6dp37WNzm,24.26.08,Why This Music Video Went Viral,Channel_757,3,2024-08-26T17:00:00.000Z,2024|live|review,23306,1366,188,148,https://i.ytimg.com/vi/YOErqTjwxZ3/default.jpg,False,False,False,Auto-generated sample description for Music video.
CCe22Hf3RI5,24.01.02,Top 10 Music Moments This Week,Channel_563,3,2024-01-31T17:00:00.000Z,official|review|music,439070,8467,4021,1416,https://i.ytimg.com/vi/e1Nc_1-gs4-/default.jpg,False,False,False,Auto-generated sample description for Music video.
EQLR0Q2Rlt2,24.07.10,Reacting to Comedy Trends,Channel_3000,4,2024-10-04T04:00:00.000Z,vlog|review|trending,50635,3623,194,344,https://i.ytimg.com/vi/AJW2vz5Sxee/default.jpg,False,False,False,Auto-generated sample description for Comedy video.
0LXQj9AtWhy,24.17.11,Why This Music Video Went Viral,Channel_728,3,2024-11-15T15:00:00.000Z,vlog|trending|music,57531,2364,535,845,https://i.ytimg.com/vi/6iFNda0dGRK/default.jpg,False,False,False,Auto-generated sample description for Music video.
CjTKKxbcjUb,24.19.01,Top 10 Entertainment Moments This Week,Channel_4999,14,2024-01-15T15:00:00.000Z,official|vlog|trending,35553,529,132,100,https://i.ytimg.com/vi/Lj2jazog3fC/default.jpg,False,False,False,Auto-generated sample description for Entertainment video.
yxmku7TWIx2,24.04.07,Behind the Scenes: Entertainment,Channel_2273,14,2024-07-01T14:00:00.000Z,live|review|2024,10796,843,95,127,https://i.ytimg.com/vi/MIhOg9vuy4J/default.jpg,False,False,False,Auto-generated sample description for Entertainment video.
CQl0rkI-CF9,24.13.04,Official Film & Animation Highlights,Channel_680,9,2024-04-11T16:00:00.000Z,trending|live|review,17572,1344,123,139,https://i.ytimg.com/vi/D0IQkk1WsH2/default.jpg,False,False,False,Auto-generated sample description for Film & Animation video.
Mymc9s7WX7Z,24.20.04,Top 10 Music Moments This Week,Channel_3122,11,2024-04-19T10:00:00.000Z,2024|music|official,36150,1744,154,456,https://i.ytimg.com/vi/RS8rYx8fNJR/default.jpg,False,False,False,Auto-generated sample description for Music video.
Ibe0fMYtIBK,24.20.05,Official Gaming Highlights,Channel_3854,16,2024-05-20T12:00:00.000Z,2024|review|music,33932,448,76,441,https://i.ytimg.com/vi/Fj8LnHhfvMO/default.jpg,False,False,False,Auto-generated sample description for Gaming video.
vriJmABa_aW,24.27.10,Top 10 Music Moments This Week,Channel_1913,11,2024-10-24T11:00:00.000Z,trending|official|2024,30413,931,272,274,https://i.ytimg.com/vi/R3IaLSxHmcX/default.jpg,False,False,False,Auto-generated sample description for Music video.
acC7U8-1yr6,24.15.09,Official Music Highlights,Channel_1039,11,2024-09-13T19:00:00.000Z,live|official|2024,23944,515,44,205,https://i.ytimg.com/vi/DHzoy6A5lr3/default.jpg,False,False,False,Auto-generated sample description for Music video.
UpEiD2Bulil,24.13.10,Behind the Scenes: Music,Channel_2781,3,2024-10-12T16:00:00.000Z,review|live|2024,6004,399,13,90,https://i.ytimg.com/vi/mDIbhsh4AEM/default.jpg,False,False,False,Auto-generated sample description for Music video.
AOVxsn3Bs0a,24.30.03,Comedy Compilation 2024,Channel_1413,7,2024-03-30T03:00:00.000Z,trending|music|vlog,24340,836,39,416,https://i.ytimg.com/vi/tyAofMu3EvO/default.jpg,True,True,False,Auto-generated sample description for Comedy video.
e9uqZjK035N,24.17.10,Official Music Highlights,Channel_2237,11,2024-10-15T02:00:00.000Z,vlog|trending|review,242652,9665,2391,4389,https://i.ytimg.com/vi/ejw3qgYql2v/default.jpg,False,False,False,Auto-generated sample description for Music video.
gJ_laz4-zAO,24.21.12,Why This Comedy Video Went Viral,Channel_4447,4,2024-12-18T03:00:00.000Z,music|vlog|trending,14037,1050,35,119,https://i.ytimg.com/vi/7Ox4dCbT1D5/default.jpg,False,False,False,Auto-generated sample description for Comedy video.
ZY0BOoClxHO,24.10.11,Reacting to Entertainment Trends,Channel_3803,14,2024-11-10T03:00:00.000Z,music|2024|live,139611,7881,1282,1123,https://i.ytimg.com/vi/gMSfSL00H20/default.jpg,False,False,False,Auto-generated sample description for Entertainment video.
CgtHg8x6cKy,24.14.11,Music Compilation 2024,Channel_3350,11,2024-11-11T18:00:00.000Z,music|vlog|live,77937,5018,349,387,https://i.ytimg.com/vi/xg0dXPLQVrk/default.jpg,False,False,False,Auto-generated sample description for Music video.
46v3qJOEQyz,24.07.05,Why This Music Video Went Viral,Channel_3454,11,2024-05-03T19:00:00.000Z,trending|music|official,268917,18669,803,2451,https://i.ytimg.com/vi/dEJKQybBnK2/default.jpg,False,False,False,Auto-generated sample description for Music video.
jfyGWorP_Q7,24.15.03,Official Music Highlights,Channel_3307,3,2024-03-11T13:00:00.000Z,live|trending|review,56241,2469,248,1023,https://i.ytimg.com/vi/V5emkz4rBpE/default.jpg,False,False,False,Auto-generated sample description for Music video.
uJvOLrKNKxr,25.03.01,Reacting to Film & Animation Trends,Channel_4110,9,2024-12-30T18:00:00.000Z,official|trending|2024,52472,3694,108,29,https://i.ytimg.com/vi/r4YIJMlqxqs/default.jpg,False,False,False,Auto-generated sample description for Film & Animation video.
-iG2EkhPEs2,24.09.12,Top 10 Comedy Moments This Week,Channel_4889,4,2024-12-09T16:00:00.000Z,live|vlog|official,16562,1090,136,97,https://i.ytimg.com/vi/qAdo8RkzTYk/default.jpg,False,False,False,Auto-generated sample description for Comedy video.
grL3HAyMJJf,24.18.08,Top 10 Entertainment Moments This Week,Channel_4388,14,2024-08-18T22:00:00.000Z,vlog|2024|live,1180321,82769,5699,15929,https://i.ytimg.com/vi/IKd7E3xfDOR/default.jpg,False,False,False,Auto-generated sample description for Entertainment video.
b6dSGWSdy2m,25.02.01,Reacting to Film & Animation Trends,Channel_2261,9,2024-12-29T13:00:00.000Z,2024|trending|vlog,19644,841,35,132,https://i.ytimg.com/vi/mHGRUu_4GSn/default.jpg,False,False,False,Auto-generated sample description for Film & Animation video.
0NJIAI5RxTw,24.22.04,Official Entertainment Highlights,Channel_1004,14,2024-04-22T02:00:00.000Z,trending|vlog|live,68546,2654,651,196,https://i.ytimg.com/vi/Tkns2s5y9Ev/default.jpg,False,False,False,Auto-generated sample description for Entertainment video.
i8mP8TKI331,24.14.01,Official Music Highlights,Channel_3497,11,2024-01-13T16:00:00.000Z,trending|live|music,153058,10724,1494,2299,https://i.ytimg.com/vi/-XAslNCwoH5/default.jpg,False,False,False,Auto-generated sample description for Music video.
XaF5e2lbhJM,24.26.07,Behind the Scenes: Music,Channel_1446,11,2024-07-24T06:00:00.000Z,2024|official|trending,140964,7266,309,1604,https://i.ytimg.com/vi/JBnpqxMXm04/default.jpg,False,False,False,Auto-generated sample description for Music video.
kxgyeaUhdxL,24.26.01,Why This Music Video Went Viral,Channel_737,3,2024-01-25T06:00:00.000Z,vlog|review|2024,33642,859,216,600,https://i.ytimg.com/vi/LjoLulRFUhd/default.jpg,False,False,False,Auto-generated sample description for Music video.
mrkQur9m_px,24.27.05,Behind the Scenes: Gaming,Channel_1322,6,2024-05-27T16:00:00.000Z,review|vlog|2024,713,37,1,1,https://i.ytimg.com/vi/eeWOPn8gDfq/default.jpg,False,False,False,Auto-generated sample description for Gaming video.
6UqHsTTvvZ7,24.28.09,Music Compilation 2024,Channel_1397,11,2024-09-28T15:00:00.000Z,review|music|official,73912,4658,705,1224,https://i.ytimg.com/vi/puDVa_2GH0L/default.jpg,False,False,False,Auto-generated sample description for Music video.
jbj6IZYqiCc,24.13.12,Top 10 Entertainment Moments This Week,Channel_2446,14,2024-12-12T12:00:00.000Z,2024|live|music,276958,6652,2199,4651,https://i.ytimg.com/vi/uk9XqTVQKiC/default.jpg,False,False,False,Auto-generated sample description for Entertainment video.
mcCysZuZE41,24.25.04,Official Music Highlights,Channel_3424,11,2024-04-22T01:00:00.000Z,vlog|live|music,6344,132,5,24,https://i.ytimg.com/vi/kt7uTDpGeyx/default.jpg,False,False,False,Auto-generated sample description for Music video.
Cl3CWDwZBym,24.21.01,Gaming Compilation 2024,Channel_44,16,2024-01-21T21:00:00.000Z,live|review|2024,5541,422,39,13,https://i.ytimg.com/vi/JIGCTgnv54P/default.jpg,False,False,False,Auto-generated sample description for Gaming video.
iufdUo7EwTd,24.31.10,Official Music Highlights,Channel_3756,3,2024-10-28T11:00:00.000Z,live|music|trending,42600,2429,212,456,https://i.ytimg.com/vi/AsZIQAgS4G0/default.jpg,False,False,False,Auto-generated sample description for Music video.
IDn0SSe52ZD,24.13.05,Official Music Highlights,Channel_1248,3,2024-05-11T05:00:00.000Z,review|live|vlog,308475,13225,749,4710,https://i.ytimg.com/vi/RpI5nn4-9F5/default.jpg,False,False,False,Auto-generated sample description for Music video.
nacJeuT6UuJ,24.02.01,Top 10 Comedy Moments This Week,Channel_1573,7,2024-01-01T21:00:00.000Z,trending|2024|music,16175,903,45,191,https://i.ytimg.com/vi/2I30zrxNy7v/default.jpg,False,False,False,Auto-generated sample description for Comedy video.
keyZIn-CLUx,24.20.08,Reacting to Gaming Trends,Channel_1316,6,2024-08-17T08:00:00.000Z,review|live|official,45203,606,26,287,https://i.ytimg.com/vi/kzQcmWIa8s6/default.jpg,False,False,False,Auto-generated sample description for Gaming video.
nBSVxspIqQO,24.18.10,Reacting to Music Trends,Channel_1943,3,2024-10-15T17:00:00.000Z,live|2024|vlog,26237,1402,248,240,https://i.ytimg.com/vi/i7kmAIIrabV/default.jpg,False,True,False,Auto-generated sample description for Music video.
Z5ZG4nMLYf2,24.04.09,Reacting to Music Trends,Channel_534,11,2024-09-03T21:00:00.000Z,music|trending|2024,208988,4337,931,311,https://i.ytimg.com/vi/gGzN3k9Sr03/default.jpg,False,False,False,Auto-generated sample description for Music video.
QkE-iOBAbLV,24.11.11,Why This Music Video Went Viral,Channel_2479,11,2024-11-07T12:00:00.000Z,trending|review|music,25325,658,61,61,https://i.ytimg.com/vi/hYaAYuy5H8G/default.jpg,False,False,False,Auto-generated sample description for Music video.
bg5MNlu9RJJ,24.01.11,Top 10 Music Moments This Week,Channel_3494,3,2024-10-28T01:00:00.000Z,live|vlog|trending,5899,311,15,48,https://i.ytimg.com/vi/r8B82SZ8IlG/default.jpg,False,False,False,Auto-generated sample description for Music video.
68MHu_YRn99,24.17.05,Reacting to Music Trends,Channel_3190,11,2024-05-15T19:00:00.000Z,official|review|live,118724,5168,1185,1560,https://i.ytimg.com/vi/E_ocXaGtO1l/default.jpg,False,False,False,Auto-generated sample description for Music video.
spktW-Mvm4N,24.26.02,Gaming Compilation 2024,Channel_1841,16,2024-02-23T13:00:00.000Z,music|trending|live,1800,41,7,13,https://i.ytimg.com/vi/mqwiT1H9NbO/default.jpg,False,False,False,Auto-generated sample description for Gaming video.
uoMb2ZXLFEW,24.08.10,Official Education Highlights,Channel_1587,10,2024-10-05T06:00:00.000Z,official|review|music,23425,1582,144,413,https://i.ytimg.com/vi/BmjIBD9JWvS/default.jpg,False,False,True,Auto-generated sample description for Education video.
BwQ4mOL-0Ue,24.13.09,Music Compilation 2024,Channel_4446,11,2024-09-13T19:00:00.000Z,official|trending|music,22301,523,165,219,https://i.ytimg.com/vi/L3iq5VK2mwD/default.jpg,False,False,False,Auto-generated sample description for Music video.
3XE7K8H57ur,24.14.05,Reacting to Music Trends,Channel_2835,11,2024-05-12T00:00:00.000Z,live|2024|vlog,77608,3246,100,657,https://i.ytimg.com/vi/eDPQZ8UIXLh/default.jpg,False,False,False,Auto-generated sample description for Music video.
h9HAEg8JKjl,24.21.11,Official Comedy Highlights,Channel_2572,4,2024-11-19T16:00:00.000Z,2024|live|vlog,76942,3682,442,596,https://i.ytimg.com/vi/5RKRunWxoAq/default.jpg,False,False,False,Auto-generated sample description for Comedy video.
hVMOMZ65gvd,24.22.07,Music Compilation 2024,Channel_2654,11,2024-07-21T13:00:00.000Z,review|trending|official,20847,232,88,129,https://i.ytimg.com/vi/kHOlIvohQhQ/default.jpg,False,False,False,Auto-generated sample description for Music video.
5_ua4MRY_tf,24.12.06,Why This Music Video Went Viral,Channel_4012,11,2024-06-10T10:00:00.000Z,review|trending|vlog,195645,10073,331,3276,https://i.ytimg.com/vi/9SI5Y2uYW84/default.jpg,False,False,False,Auto-generated sample description for Music video.
QEc_nu8H1Wf,24.25.10,Official Travel & Events Highlights,Channel_3007,15,2024-10-25T05:00:00.000Z,live|music|vlog,3924,69,20,30,https://i.ytimg.com/vi/kmwBI0aD5f_/default.jpg,False,False,False,Auto-generated sample description for Travel & Events video.
lAWQ9gqicFW,24.20.08,Top 10 Entertainment Moments This Week,Channel_2169,14,2024-08-18T11:00:00.000Z,music|trending|review,35379,854,291,275,https://i.ytimg.com/vi/AmTwv8dT-Sm/default.jpg,False,False,False,Auto-generated sample description for Entertainment video.
5qjzlwBaWTI,24.07.06,Comedy Compilation 2024,Channel_3950,7,2024-06-04T18:00:00.000Z,official|trending|review,27112,1840,239,389,https://i.ytimg.com/vi/ePbUJPNBvHS/default.jpg,False,False,False,Auto-generated sample description for Comedy video.
r0usGf9aqD9,24.15.08,Official Entertainment Highlights,Channel_3255,14,2024-08-15T09:00:00.000Z,2024|live|music,76599,5916,218,51,https://i.ytimg.com/vi/4Mcz8JtOaBK/default.jpg,False,False,False,Auto-generated sample description for Entertainment video.
UQLCWt7tmOb,24.22.01,Why This Comedy Video Went Viral,Channel_4427,4,2024-01-20T15:00:00.000Z,2024|trending|official,7090,233,13,105,https://i.ytimg.com/vi/C4jSOC6-p1b/default.jpg,False,True,False,Auto-generated sample description for Comedy video.
BEpZzM3fjBv,24.01.08,Reacting to Film & Animation Trends,Channel_1290,9,2024-07-29T14:00:00.000Z,trending|live|review,7435,508,68,42,https://i.ytimg.com/vi/QVphC2yORrr/default.jpg,False,False,False,Auto-generated sample description for Film & Animation video.
8MTZyD25ewG,24.11.05,Entertainment Compilation 2024,Channel_1520,14,2024-05-09T07:00:00.000Z,review|music|2024,95527,1234,560,902,https://i.ytimg.com/vi/PUfJyCwXEW5/default.jpg,False,False,False,Auto-generated sample description for Entertainment video.
v4DXiuqrIvN,24.21.06,Why This Music Video Went Viral,Channel_2153,11,2024-06-21T06:00:00.000Z,review|live|vlog,12809,251,24,214,https://i.ytimg.com/vi/XTk7QO0Fzwv/default.jpg,False,False,False,Auto-generated sample description for Music video.
AOoUT6omCC4,24.26.02,Why This Music Video Went Viral,Channel_3805,11,2024-02-26T07:00:00.000Z,official|vlog|music,5271,400,39,88,https://i.ytimg.com/vi/8dX85WIZu9w/default.jpg,False,False,False,Auto-generated sample description for Music video.
wp14uWA1f7i,24.23.11,Top 10 Science & Technology Moments This Week,Channel_441,12,2024-11-22T17:00:00.000Z,trending|review|live,4836,170,33,57,https://i.ytimg.com/vi/8UN5m-tfXgZ/default.jpg,False,False,False,Auto-generated sample description for Science & Technology video.
WBXCEJ7Vj0_,24.20.12,Top 10 Nonprofits & Activism Moments This Week,Channel_1283,17,2024-12-18T06:00:00.000Z,trending|live|vlog,18704,458,139,38,https://i.ytimg.com/vi/jH6DIRVMs_z/default.jpg,False,False,False,Auto-generated sample description for Nonprofits & Activism video.
m1nrGmVjt6b,24.01.10,Comedy Compilation 2024,Channel_1035,4,2024-09-30T00:00:00.000Z,live|music|2024,167999,9548,851,3192,https://i.ytimg.com/vi/dFrSBDvPswT/default.jpg,False,False,False,Auto-generated sample description for Comedy video.
hqqGT-ISAlm,24.02.06,Top 10 Entertainment Moments This Week,Channel_724,14,2024-05-31T08:00:00.000Z,official|music|review,14601,885,42,31,https://i.ytimg.com/vi/KOFgnZoeRqx/default.jpg,False,False,False,Auto-generated sample description for Entertainment video.
gOjKRM_iwNo,24.10.05,Why This Gaming Video Went Viral,Channel_2432,6,2024-05-07T17:00:00.000Z,vlog|trending|music,5145,228,32,9,https://i.ytimg.com/vi/WipScv45CYy/default.jpg,False,False,False,Auto-generated sample description for Gaming video.
_OK-YlOM1kO,24.03.01,Film & Animation Compilation 2024,Channel_3514,9,2024-01-03T11:00:00.000Z,review|music|live,30950,1154,265,265,https://i.ytimg.com/vi/YWpNfnowfdz/default.jpg,False,False,False,Auto-generated sample description for Film & Animation video.
VHweC_D_jOv,24.30.03,Why This Entertainment Video Went Viral,Channel_3015,14,2024-03-26T16:00:00.000Z,live|music|vlog,13304,848,72,205,https://i.ytimg.com/vi/udv0QBdqpa_/default.jpg,False,False,False,Auto-generated sample description for Entertainment video.
PFOkgaSAP6o,24.20.10,Why This Gaming Video Went Viral,Channel_4214,6,2024-10-16T02:00:00.000Z,vlog|2024|review,37679,871,144,478,https://i.ytimg.com/vi/dqAir8BHF5r/default.jpg,False,False,False,Auto-generated sample description for Gaming video.
_9AKoymb6Tg,24.12.10,Behind the Scenes: Music,Channel_4169,11,2024-10-10T04:00:00.000Z,2024|review|trending,17025,1163,80,170,https://i.ytimg.com/vi/ZiF7nhP4Qks/default.jpg,False,False,False,Auto-generated sample description for Music video.
45BNcnyi9Y3,24.07.07,Entertainment Compilation 2024,Channel_1707,14,2024-07-07T15:00:00.000Z,live|official|trending,82370,1932,408,193,https://i.ytimg.com/vi/3B7SDq7eakZ/default.jpg,False,False,False,Auto-generated sample description for Entertainment video.
Iyt8Di5koRN,24.31.01,Reacting to Music Trends,Channel_4603,11,2024-01-30T21:00:00.000Z,live|2024|review,129889,6821,102,2072,https://i.ytimg.com/vi/gxpc-aPg5ip/default.jpg,False,False,False,Auto-generated sample description for Music video.
imvpIHkQhk9,24.18.12,Music Compilation 2024,Channel_3187,11,2024-12-15T11:00:00.000Z,vlog|2024|music,55548,1567,299,852,https://i.ytimg.com/vi/t09_B1wnFGi/default.jpg,False,False,True,Auto-generated sample description for Music video.
yKlbfxP2gnL,25.10.01,Reacting to Comedy Trends,Channel_3785,4,2025-01-08T04:00:00.000Z,music|trending|2024,186976,7144,1089,1227,https://i.ytimg.com/vi/QrT-GveFv0E/default.jpg,False,False,False,Auto-generated sample description for Comedy video.
F-tcXe6HpS-,24.15.09,Behind the Scenes: Entertainment,Channel_2353,14,2024-09-15T11:00:00.000Z,live|official|trending,4595,159,4,51,https://i.ytimg.com/vi/mapYwi4ZEv1/default.jpg,False,False,False,Auto-generated sample description for Entertainment video.
AWP2ROF6a_3,24.19.11,Music Compilation 2024,Channel_4789,3,2024-11-17T11:00:00.000Z,review|trending|vlog,155078,9381,445,559,https://i.ytimg.com/vi/78tf2k7-24e/default.jpg,False,False,False,Auto-generated sample description for Music video.
9yJNsWk--pQ,24.05.04,Why This Music Video Went Viral,Channel_125,3,2024-04-01T04:00:00.000Z,live|trending|review,60834,4195,408,789,https://i.ytimg.com/vi/MqajWylric5/default.jpg,False,False,False,Auto-generated sample description for Music video.
IxZCbBL18EX,24.25.03,Why This Music Video Went Viral,Channel_4946,3,2024-03-23T00:00:00.000Z,music|vlog|2024,325649,15131,2022,6170,https://i.ytimg.com/vi/igAM2jCnArf/default.jpg,False,False,False,Auto-generated sample description for Music video.
fVtui46r4Ab,24.20.12,Reacting to People & Blogs Trends,Channel_312,8,2024-12-16T17:00:00.000Z,2024|vlog|review,5895,210,40,112,https://i.ytimg.com/vi/fxPlQmlZx7I/default.jpg,False,False,False,Auto-generated sample description for People & Blogs video.
8KBxo5JLTC3,24.09.03,Entertainment Compilation 2024,Channel_4707,14,2024-03-05T18:00:00.000Z,2024|vlog|live,10276,133,62,71,https://i.ytimg.com/vi/MbN4B9YzSoz/default.jpg,False,False,False,Auto-generated sample description for Entertainment video.
RbY2KXkgu_a,24.01.11,Behind the Scenes: Music,Channel_926,11,2024-11-01T10:00:00.000Z,trending|vlog|music,11853,436,9,133,https://i.ytimg.com/vi/ZndLVlF7pGN/default.jpg,False,False,False,Auto-generated sample description for Music video.
1f5qLm18GHL,24.26.04,Why This Music Video Went Viral,Channel_4721,11,2024-04-23T07:00:00.000Z,music|vlog|trending,28382,1269,183,393,https://i.ytimg.com/vi/rsYlqj3gOWv/default.jpg,False,False,False,Auto-generated sample description for Music video.
_mDla8CoTNR,24.30.01,Top 10 People & Blogs Moments This Week,Channel_1805,8,2024-01-26T12:00:00.000Z,review|music|official,11891,737,23,213,https://i.ytimg.com/vi/ZmoOHAA8PLa/default.jpg,False,False,False,Auto-generated sample description for People & Blogs video.
PiT7_Lal8wI,24.02.06,Official Entertainment Highlights,Channel_1759,14,2024-05-30T03:00:00.000Z,2024|live|official,82747,1815,281,897,https://i.ytimg.com/vi/SryHa271X-T/default.jpg,False,False,False,Auto-generated sample description for Entertainment video.
wMnigWRDc5R,24.13.01,Behind the Scenes: Music,Channel_2929,3,2024-01-10T05:00:00.000Z,music|vlog|live,29857,1513,191,481,https://i.ytimg.com/vi/5MWpWVnQpfX/default.jpg,False,False,False,Auto-generated sample description for Music video.
jJUchA_F4ew,25.09.01,Top 10 Music Moments This Week,Channel_1785,11,2025-01-07T08:00:00.000Z,trending|music|review,41351,1753,263,229,https://i.ytimg.com/vi/AhiiHE0dQ_b/default.jpg,False,False,False,Auto-generated sample description for Music video.
xpuLocobo3D,24.04.10,Top 10 Music Moments This Week,Channel_4959,3,2024-10-02T15:00:00.000Z,official|2024|vlog,18976,830,86,56,https://i.ytimg.com/vi/RN1J54Ql0PC/default.jpg,False,False,False,Auto-generated sample description for Music video.
Epjav1eC14s,24.12.03,Entertainment Compilation 2024,Channel_1382,14,2024-03-10T13:00:00.000Z,official|trending|music,1331,95,12,3,https://i.ytimg.com/vi/QXXBBOEEx_3/default.jpg,False,False,False,Auto-generated sample description for Entertainment video.
AkIALOvMTgn,24.25.04,Entertainment Compilation 2024,Channel_2050,14,2024-04-22T06:00:00.000Z,trending|official|2024,275721,11302,853,4620,https://i.ytimg.com/vi/rPlOMDHXtkj/default.jpg,False,False,False,Auto-generated sample description for Entertainment video.
mGW2hRZmoQU,24.09.04,Top 10 Music Moments This Week,Channel_2876,3,2024-04-07T19:00:00.000Z,review|live|music,25105,575,113,237,https://i.ytimg.com/vi/XAbLZoXCD3L/default.jpg,False,False,False,Auto-generated sample description for Music video.
m5rIIluT_VT,24.27.11,Top 10 Entertainment Moments This Week,Channel_1019,14,2024-11-23T01:00:00.000Z,review|official|vlog,11351,805,61,14,https://i.ytimg.com/vi/ovXCynbB1Tb/default.jpg,False,False,False,Auto-generated sample description for Entertainment video.
GuSA1nse9HD,24.30.05,Behind the Scenes: Music,Channel_1378,3,2024-05-30T19:00:00.000Z,review|vlog|trending,273928,18772,1863,3428,https://i.ytimg.com/vi/8PvvvamOrr3/default.jpg,False,False,False,Auto-generated sample description for Music video.
TuZ1NP2Mv2j,25.08.01,Entertainment Compilation 2024,Channel_2585,14,2025-01-05T01:00:00.000Z,live|review|2024,134378,3993,144,1871,https://i.ytimg.com/vi/gNKp9Os4PB2/default.jpg,False,False,False,Auto-generated sample description for Entertainment video.
wmDQOMXHe24,25.22.01,Why This Music Video Went Viral,Channel_3455,11,2025-01-19T07:00:00.000Z,live|2024|trending,11322,232,84,162,https://i.ytimg.com/vi/U77thbjau17/default.jpg,False,False,False,Auto-generated sample description for Music video.
In2XNRNUGPT,24.19.04,Reacting to Gaming Trends,Channel_2058,6,2024-04-19T01:00:00.000Z,music|official|review,11946,452,54,184,https://i.ytimg.com/vi/4jmVaFoXcgG/default.jpg,False,False,False,Auto-generated sample description for Gaming video.
MKtVNUchCJ4,24.05.08,Reacting to Music Trends,Channel_4338,11,2024-08-05T19:00:00.000Z,official|trending|vlog,5944,303,32,94,https://i.ytimg.com/vi/a25wiFrXa4h/default.jpg,False,False,False,Auto-generated sample description for Music video.
aYs66Ubd2Sg,24.05.10,Official Music Highlights,Channel_1202,3,2024-10-05T18:00:00.000Z,music|trending|review,70782,4371,644,1006,https://i.ytimg.com/vi/AD8jVnRWXm4/default.jpg,False,False,False,Auto-generated sample description for Music video.
43lbfxEI71-,24.07.10,Top 10 Music Moments This Week,Channel_600,11,2024-10-06T19:00:00.000Z,official|vlog|trending,11018,774,59,174,https://i.ytimg.com/vi/nlDZc--lfjC/default.jpg,False,False,False,Auto-generated sample description for Music video.
3GDw8Iz9csc,24.13.02,Behind the Scenes: Film & Animation,Channel_2812,9,2024-02-10T07:00:00.000Z,2024|review|music,3490,109,11,25,https://i.ytimg.com/vi/HaujHlEgClz/default.jpg,False,False,False,Auto-generated sample description for Film & Animation video.
tcm27KuMN4q,24.19.09,Why This People & Blogs Video Went Viral,Channel_3331,8,2024-09-19T15:00:00.000Z,live|official|2024,6172,289,42,96,https://i.ytimg.com/vi/qu3OILomzml/default.jpg,False,False,False,Auto-generated sample description for People & Blogs video.
9JsFOFt33Pt,24.09.03,Reacting to Music Trends,Channel_1669,3,2024-03-08T19:00:00.000Z,review|music|live,46143,1679,173,758,https://i.ytimg.com/vi/PRcEz6Mi_gd/default.jpg,False,False,False,Auto-generated sample description for Music video.
WgkYV0UVJkl,24.12.12,Why This Entertainment Video Went Viral,Channel_1416,14,2024-12-12T08:00:00.000Z,vlog|live|2024,17540,759,165,38,https://i.ytimg.com/vi/gU_ueGTV_nD/default.jpg,False,False,False,Auto-generated sample description for Entertainment video.
aNB_rbTsxAb,24.29.01,Reacting to Music Trends,Channel_4281,11,2024-01-27T17:00:00.000Z,live|trending|2024,22573,1097,171,333,https://i.ytimg.com/vi/_xbmFuLjfua/default.jpg,False,False,False,Auto-generated sample description for Music video.
oqwPYN8D0py,24.21.07,Official Autos & Vehicles Highlights,Channel_4636,1,2024-07-20T04:00:00.000Z,vlog|music|trending,21375,300,26,64,https://i.ytimg.com/vi/xhWLm0v0tEq/default.jpg,False,False,False,Auto-generated sample description for Autos & Vehicles video.
PLECufB6EGz,24.14.07,Top 10 Comedy Moments This Week,Channel_627,7,2024-07-11T05:00:00.000Z,official|vlog|trending,5114,82,8,11,https://i.ytimg.com/vi/S-TLdd3wvEz/default.jpg,False,False,False,Auto-generated sample description for Comedy video.
oaQYbZzbWLI,24.08.02,Official Travel & Events Highlights,Channel_2888,15,2024-02-05T07:00:00.000Z,live|music|vlog,1306,70,10,22,https://i.ytimg.com/vi/nrR3QkTuI5y/default.jpg,False,False,False,Auto-generated sample description for Travel & Events video.
rha50HOsqFL,24.16.03,Top 10 Comedy Moments This Week,Channel_2126,7,2024-03-13T17:00:00.000Z,music|vlog|trending,13410,997,107,194,https://i.ytimg.com/vi/dX1koh98Sr9/default.jpg,False,False,False,Auto-generated sample description for Comedy video.
vAl0t4j1zJH,24.24.09,Behind the Scenes: Comedy,Channel_949,7,2024-09-20T00:00:00.000Z,music|live|trending,99933,1480,923,1297,https://i.ytimg.com/vi/rMAZb5LwkYx/default.jpg,False,False,False,Auto-generated sample description for Comedy video.
bY1ckMKE7Rz,24.31.01,Music Compilation 2024,Channel_646,3,2024-01-29T20:00:00.000Z,2024|music|review,59214,2397,190,235,https://i.ytimg.com/vi/KI-rnYmuDAK/default.jpg,False,False,False,Auto-generated sample description for Music video.
wuWUxpZOqou,24.02.09,Why This People & Blogs Video Went Viral,Channel_3300,8,2024-09-02T09:00:00.000Z,trending|review|official,112649,8524,996,1988,https://i.ytimg.com/vi/izepHjnoHUA/default.jpg,False,False,False,Auto-generated sample description for People & Blogs video.
YZGY5POb_ad,24.13.09,Why This Music Video Went Viral,Channel_681,3,2024-09-12T13:00:00.000Z,music|trending|review,21294,418,77,229,https://i.ytimg.com/vi/6dP0HdKITph/default.jpg,False,False,False,Auto-generated sample description for Music video.
r3NekqZpV8c,24.20.07,Why This Entertainment Video Went Viral,Channel_3530,14,2024-07-16T19:00:00.000Z,trending|vlog|live,726803,11739,2513,6286,https://i.ytimg.com/vi/b1841nBTuFl/default.jpg,False,False,False,Auto-generated sample description for Entertainment video.
s04ntVTN50I,24.20.09,Why This Music Video Went Viral,Channel_3081,11,2024-09-17T04:00:00.000Z,vlog|trending|music,31430,1528,15,195,https://i.ytimg.com/vi/90BzDjLdWqA/default.jpg,False,False,False,Auto-generated sample description for Music video.
6t3S8pnYKhg,24.04.07,Top 10 Comedy Moments This Week,Channel_1828,4,2024-07-03T16:00:00.000Z,music|review|live,7625,346,42,36,https://i.ytimg.com/vi/R3mHXl-yzBI/default.jpg,False,False,False,Auto-generated sample description for Comedy video.
WQWerXdbtn0,24.18.12,Official Music Highlights,Channel_2523,3,2024-12-14T21:00:00.000Z,official|live|trending,142545,6895,866,2513,https://i.ytimg.com/vi/I1zswQ0TY69/default.jpg,False,False,False,Auto-generated sample description for Music video.
IY9dP60YMrA,24.29.07,Official Music Highlights,Channel_3956,11,2024-07-26T05:00:00.000Z,live|music|vlog,26613,2025,18,497,https://i.ytimg.com/vi/ZzinwYWs2Hg/default.jpg,False,False,False,Auto-generated sample description for Music video.
RhoZq1GvkNG,24.01.04,Behind the Scenes: Pets & Animals,Channel_3534,2,2024-04-01T03:00:00.000Z,trending|review|music,2199,114,6,26,https://i.ytimg.com/vi/purMjca6yko/default.jpg,False,False,False,Auto-generated sample description for Pets & Animals video.
QdcPe-aMI7F,24.06.01,Why This Gaming Video Went Viral,Channel_1890,16,2024-01-06T11:00:00.000Z,review|vlog|2024,3122,123,9,36,https://i.ytimg.com/vi/cxAud-XeL7c/default.jpg,False,False,False,Auto-generated sample description for Gaming video.
TuGmlYnSuVw,24.29.04,Official Music Highlights,Channel_2992,3,2024-04-29T10:00:00.000Z,trending|live|official,9484,227,65,170,https://i.ytimg.com/vi/K3_0a9BYQ3g/default.jpg,False,False,False,Auto-generated sample description for Music video.
m0ebmvp-GNt,24.13.02,Top 10 Music Moments This Week,Channel_369,3,2024-02-13T07:00:00.000Z,vlog|official|music,555,35,3,3,https://i.ytimg.com/vi/XOJUGucbk05/default.jpg,False,False,False,Auto-generated sample description for Music video.
dU68dc_5NAg,24.15.06,Top 10 Music Moments This Week,Channel_1692,3,2024-06-15T19:00:00.000Z,trending|2024|live,140821,10389,1144,1679,https://i.ytimg.com/vi/G4owSvQ5nQB/default.jpg,False,False,False,Auto-generated sample description for Music video.
M80x2e05O7t,24.22.08,Why This Entertainment Video Went Viral,Channel_2040,14,2024-08-22T12:00:00.000Z,live|trending|official,145483,8115,447,80,https://i.ytimg.com/vi/q_eTFBnpyao/default.jpg,False,False,False,Auto-generated sample description for Entertainment video.
KFgVDOB0e8A,24.28.11,Why This Gaming Video Went Viral,Channel_1049,16,2024-11-28T12:00:00.000Z,trending|music|official,7105,248,35,68,https://i.ytimg.com/vi/COqP0iJ_R7z/default.jpg,False,False,False,Auto-generated sample description for Gaming video.
zh71_nuRrRo,25.22.01,Music Compilation 2024,Channel_3765,11,2025-01-21T03:00:00.000Z,trending|live|music,145719,5384,1095,1472,https://i.ytimg.com/vi/42rm6reA9XX/default.jpg,False,False,False,Auto-generated sample description for Music video.
IaDuGlu6IhT,24.21.12,Behind the Scenes: Entertainment,Channel_3941,14,2024-12-17T20:00:00.000Z,2024|trending|music,893,48,4,7,https://i.ytimg.com/vi/HE_iqHmkSc7/default.jpg,False,False,False,Auto-generated sample description for Entertainment video.
wyLcMX8py4p,25.17.01,Behind the Scenes: Gaming,Channel_2487,6,2025-01-15T06:00:00.000Z,music|live|official,9717,718,18,137,https://i.ytimg.com/vi/0qKRvw5ZjGB/default.jpg,False,False,False,Auto-generated sample description for Gaming video.
DeK9Q1x7gdC,25.16.01,Reacting to Music Trends,Channel_4322,3,2025-01-13T17:00:00.000Z,review|music|2024,14520,601,40,86,https://i.ytimg.com/vi/zBjYeMACWUY/default.jpg,False,False,False,Auto-generated sample description for Music video.
xG8Z2j-ulCb,24.10.11,Reacting to Music Trends,Channel_2415,11,2024-11-07T04:00:00.000Z,music|official|live,15610,414,123,118,https://i.ytimg.com/vi/Obcyjcf478t/default.jpg,False,False,False,Auto-generated sample description for Music video.
9cOhVH1i9ry,24.24.11,Behind the Scenes: Gaming,Channel_546,6,2024-11-20T21:00:00.000Z,trending|music|review,3636,125,29,58,https://i.ytimg.com/vi/rSu3YytCtBp/default.jpg,False,False,False,Auto-generated sample description for Gaming video.
L1U6kWRqbtK,25.20.01,Reacting to Comedy Trends,Channel_3486,7,2025-01-19T03:00:00.000Z,review|official|vlog,13807,632,14,253,https://i.ytimg.com/vi/5OY9IfYL16n/default.jpg,False,False,False,Auto-generated sample description for Comedy video.
MHy9-t10MN6,24.09.10,Behind the Scenes: Entertainment,Channel_2823,14,2024-10-05T06:00:00.000Z,2024|trending|vlog,25803,1635,24,111,https://i.ytimg.com/vi/rPkWylQ97vj/default.jpg,False,False,False,Auto-generated sample description for Entertainment video.
mWIj3xbOA2b,24.23.03,Official Comedy Highlights,Channel_2953,7,2024-03-21T13:00:00.000Z,vlog|live|music,37492,936,344,564,https://i.ytimg.com/vi/dLhSPFgJPRH/default.jpg,False,False,False,Auto-generated sample description for Comedy video.
PwcmTs8O3--,24.07.02,Reacting to Music Trends,Channel_3952,3,2024-02-07T04:00:00.000Z,live|2024|trending,525589,23191,618,5284,https://i.ytimg.com/vi/H4u3N7xduaZ/default.jpg,False,False,False,Auto-generated sample description for Music video.
Azsb5L6GWTH,24.17.12,Top 10 Music Moments This Week,Channel_4999,11,2024-12-17T07:00:00.000Z,live|2024|official,237228,11084,1302,2894,https://i.ytimg.com/vi/mAk1YDM9IfU/default.jpg,False,False,False,Auto-generated sample description for Music video.
LRTuI7I3Wpm,25.07.01,Top 10 Nonprofits & Activism Moments This Week,Channel_4450,5,2025-01-04T07:00:00.000Z,music|live|2024,3073,36,7,26,https://i.ytimg.com/vi/eq6nzBbnSf4/default.jpg,False,False,False,Auto-generated sample description for Nonprofits & Activism video.
FuXSelzSYgM,25.17.01,Behind the Scenes: Comedy,Channel_1163,4,2025-01-13T10:00:00.000Z,vlog|live|music,117765,8443,361,272,https://i.ytimg.com/vi/Y76JRaT7TRh/default.jpg,False,False,False,Auto-generated sample description for Comedy video.
DYiecESBNv4,24.04.09,Reacting to Entertainment Trends,Channel_3309,14,2024-08-31T21:00:00.000Z,review|official|music,277941,11673,421,409,https://i.ytimg.com/vi/ID3hTwJ3M7R/default.jpg,False,False,False,Auto-generated sample description for Entertainment video.
kr_8Ou90Lsl,24.02.05,Reacting to Comedy Trends,Channel_3876,7,2024-05-02T05:00:00.000Z,music|2024|live,11043,235,99,113,https://i.ytimg.com/vi/4xK1LoAzX4J/default.jpg,False,True,False,Auto-generated sample description for Comedy video.
rMs0-9IVGw-,25.11.01,Gaming Compilation 2024,Channel_4846,16,2025-01-07T09:00:00.000Z,live|official|review,10490,137,44,57,https://i.ytimg.com/vi/JNH7e5ebtFg/default.jpg,False,False,False,Auto-generated sample description for Gaming video.
XQ74Jo3Qzlc,24.12.07,Reacting to Music Trends,Channel_2482,3,2024-07-09T02:00:00.000Z,review|vlog|trending,35288,1735,286,357,https://i.ytimg.com/vi/PzMc5LXZWL7/default.jpg,False,False,False,Auto-generated sample description for Music video.
CcfcMp7LPsg,24.08.05,Top 10 Travel & Events Moments This Week,Channel_4137,13,2024-05-04T21:00:00.000Z,2024|trending|music,2957,201,4,26,https://i.ytimg.com/vi/q4gaTrQpNyX/default.jpg,False,False,False,Auto-generated sample description for Travel & Events video.
H7kVH1QrjfH,24.01.02,Why This Entertainment Video Went Viral,Channel_3402,14,2024-02-01T11:00:00.000Z,vlog|trending|live,23838,1638,107,423,https://i.ytimg.com/vi/Njf8CswTMvj/default.jpg,True,False,False,Auto-generated sample description for Entertainment video.
7CZzMF-w2Aa,25.23.01,Top 10 Music Moments This Week,Channel_1255,11,2025-01-22T08:00:00.000Z,vlog|review|music,10768,490,97,25,https://i.ytimg.com/vi/bVUB_ZdEurU/default.jpg,False,False,False,Auto-generated sample description for Music video.
F1JYF4imiV4,24.11.05,Reacting to Music Trends,Channel_3442,3,2024-05-08T10:00:00.000Z,trending|vlog|live,191392,11410,1219,2227,https://i.ytimg.com/vi/chlG7KnypKS/default.jpg,False,False,False,Auto-generated sample description for Music video.
DpRQreBs_7w,24.15.09,Reacting to Autos & Vehicles Trends,Channel_2118,1,2024-09-15T09:00:00.000Z,trending|official|2024,2468,95,6,40,https://i.ytimg.com/vi/z_oodOR8djH/default.jpg,False,False,False,Auto-generated sample description for Autos & Vehicles video.
qxb37kSkXIa,24.03.06,Official Entertainment Highlights,Channel_4078,14,2024-05-30T13:00:00.000Z,music|trending|official,13755,935,92,120,https://i.ytimg.com/vi/vPbcTqPe6Is/default.jpg,False,False,False,Auto-generated sample description for Entertainment video.
SasWZdVFaVg,24.29.02,Top 10 Entertainment Moments This Week,Channel_1382,14,2024-02-27T15:00:00.000Z,music|trending|live,128704,6633,569,2298,https://i.ytimg.com/vi/FaPAFV9YHNe/default.jpg,False,False,False,Auto-generated sample description for Entertainment video.
EDtRL76C7qg,24.20.09,Why This Entertainment Video Went Viral,Channel_2272,14,2024-09-16T16:00:00.000Z,review|trending|official,138283,9218,1185,950,https://i.ytimg.com/vi/rXDb_NLFVwD/default.jpg,False,False,False,Auto-generated sample description for Entertainment video.
2odl7Gvmed0,24.09.12,Reacting to Music Trends,Channel_4984,11,2024-12-06T04:00:00.000Z,music|review|2024,68120,4540,497,565,https://i.ytimg.com/vi/zlZ9qgrEpfA/default.jpg,False,False,False,Auto-generated sample description for Music video.
urDWPMYuU_7,24.10.09,Behind the Scenes: Nonprofits & Activism,Channel_3874,5,2024-09-10T00:00:00.000Z,review|trending|2024,74894,1550,260,452,https://i.ytimg.com/vi/Ta5X0cSqYIL/default.jpg,False,False,False,Auto-generated sample description for Nonprofits & Activism video.
yQXgg6VKskq,25.14.01,Comedy Compilation 2024,Channel_3414,4,2025-01-14T03:00:00.000Z,music|live|2024,11871,670,62,223,https://i.ytimg.com/vi/2H_-21Okjbt/default.jpg,False,False,False,Auto-generated sample description for Comedy video.
94hbpjSnz8g,25.11.01,Top 10 Entertainment Moments This Week,Channel_1562,14,2025-01-07T20:00:00.000Z,2024|music|live,275519,17464,541,1878,https://i.ytimg.com/vi/RLXL_J_iHiI/default.jpg,False,False,False,Auto-generated sample description for Entertainment video.
ud0gIwvwiqr,24.04.01,Entertainment Compilation 2024,Channel_2947,14,2024-01-02T18:00:00.000Z,vlog|review|music,20367,770,118,106,https://i.ytimg.com/vi/c5ZAoQepZt0/default.jpg,False,False,False,Auto-generated sample description for Entertainment video.
mjbdo6nozfL,24.09.08,Top 10 Music Moments This Week,Channel_994,11,2024-08-06T22:00:00.000Z,live|official|2024,67046,1142,82,1088,https://i.ytimg.com/vi/3rSpmkOkZoO/default.jpg,False,False,False,Auto-generated sample description for Music video.
8BOF0wUCFtj,24.06.02,Reacting to Gaming Trends,Channel_1235,16,2024-02-02T11:00:00.000Z,live|2024|trending,4321,289,4,12,https://i.ytimg.com/vi/3rXxWTinZYa/default.jpg,False,False,False,Auto-generated sample description for Gaming video.
5d9unUN4kmT,24.21.02,Why This Gaming Video Went Viral,Channel_3820,16,2024-02-20T19:00:00.000Z,music|2024|live,23701,1783,176,418,https://i.ytimg.com/vi/JEX6wi2hHIa/default.jpg,False,False,False,Auto-generated sample description for Gaming video.
5BUfZ0uGGLK,24.08.08,Music Compilation 2024,Channel_671,3,2024-08-04T09:00:00.000Z,2024|vlog|review,72579,2877,41,236,https://i.ytimg.com/vi/gJKy99S6Lun/default.jpg,False,False,False,Auto-generated sample description for Music video.
x7KDaT1iPLv,24.28.03,Reacting to Music Trends,Channel_528,11,2024-03-26T05:00:00.000Z,trending|music|official,23667,1684,72,194,https://i.ytimg.com/vi/-vG4yS4FOW4/default.jpg,False,False,False,Auto-generated sample description for Music video.
OcYn8vr_pHE,24.17.11,Why This Entertainment Video Went Viral,Channel_988,14,2024-11-15T22:00:00.000Z,official|music|vlog,5941,181,24,25,https://i.ytimg.com/vi/8E04mFATa7Q/default.jpg,False,False,False,Auto-generated sample description for Entertainment video.
v5guSvs8SNP,24.31.05,Official Entertainment Highlights,Channel_3395,14,2024-05-28T13:00:00.000Z,review|music|official,67990,1879,74,1330,https://i.ytimg.com/vi/DdvgBa0NQRd/default.jpg,False,False,False,Auto-generated sample description for Entertainment video.
ibAr0jX4j9E,24.10.01,Top 10 Music Moments This Week,Channel_4598,3,2024-01-08T21:00:00.000Z,trending|vlog|official,23814,526,231,190,https://i.ytimg.com/vi/XT9oHLXDMqM/default.jpg,False,False,False,Auto-generated sample description for Music video.
Y56Ia0ED-xL,24.25.10,Behind the Scenes: Music,Channel_4017,11,2024-10-22T05:00:00.000Z,official|2024|live,1465864,29109,7501,13608,https://i.ytimg.com/vi/RcJ6zo-0YOJ/default.jpg,False,False,False,Auto-generated sample description for Music video.
PjPQ8GgxBEC,24.24.02,Official Comedy Highlights,Channel_1327,7,2024-02-24T15:00:00.000Z,2024|vlog|official,31019,686,292,47,https://i.ytimg.com/vi/XQgA0SZ-pCF/default.jpg,False,False,False,Auto-generated sample description for Comedy video.
oJvJ42Eok54,24.04.04,Gaming Compilation 2024,Channel_4864,16,2024-03-31T10:00:00.000Z,2024|review|live,138464,3804,640,1663,https://i.ytimg.com/vi/QTX6AvekD8t/default.jpg,False,False,False,Auto-generated sample description for Gaming video.
LhWzyfUz6H6,24.23.06,Music Compilation 2024,Channel_2627,3,2024-06-22T22:00:00.000Z,official|vlog|trending,136102,10378,527,74,https://i.ytimg.com/vi/xrrLPQwSQlC/default.jpg,False,False,False,Auto-generated sample description for Music video.
xBxGq00UyBa,24.28.10,Why This Education Video Went Viral,Channel_1771,10,2024-10-28T14:00:00.000Z,official|vlog|music,8623,298,33,75,https://i.ytimg.com/vi/9aLipTxCJGo/default.jpg,False,False,False,Auto-generated sample description for Education video.
m58L8axiVp0,24.11.11,Reacting to Music Trends,Channel_1168,11,2024-11-07T07:00:00.000Z,official|vlog|music,177406,14065,1025,1934,https://i.ytimg.com/vi/jSxQuWz939d/default.jpg,False,False,False,Auto-generated sample description for Music video.
DUbYjCKva9X,24.24.06,Official Music Highlights,Channel_3604,11,2024-06-22T21:00:00.000Z,vlog|official|music,36884,1903,40,402,https://i.ytimg.com/vi/pqSi327d-VB/default.jpg,False,False,False,Auto-generated sample description for Music video.
wZ-Nt6SXM7m,24.11.09,Why This Entertainment Video Went Viral,Channel_4287,14,2024-09-07T03:00:00.000Z,review|music|live,1918,60,18,25,https://i.ytimg.com/vi/m6PxgZcsyVE/default.jpg,True,False,False,Auto-generated sample description for Entertainment video.
cku9yr0UX41,24.30.11,Music Compilation 2024,Channel_2905,11,2024-11-29T09:00:00.000Z,trending|vlog|2024,27132,1772,259,101,https://i.ytimg.com/vi/D4TeswT6bYP/default.jpg,False,False,False,Auto-generated sample description for Music video.
1upzyCIri1G,25.26.01,Official Music Highlights,Channel_315,11,2025-01-24T14:00:00.000Z,trending|official|live,4901,248,5,50,https://i.ytimg.com/vi/A0UFdc9fQv0/default.jpg,False,False,False,Auto-generated sample description for Music video.
s5mgePN5Kzj,24.15.09,Reacting to Entertainment Trends,Channel_1446,14,2024-09-11T15:00:00.000Z,live|review|trending,462199,26107,2874,302,https://i.ytimg.com/vi/PgCyQt8cHxf/default.jpg,False,False,False,Auto-generated sample description for Entertainment video.
_AXV-786siB,24.20.05,Top 10 Music Moments This Week,Channel_1560,3,2024-05-19T14:00:00.000Z,official|vlog|music,3957,189,16,30,https://i.ytimg.com/vi/v04OMig3Sy7/default.jpg,False,False,False,Auto-generated sample description for Music video.
ccAQHiTPfos,24.07.10,Behind the Scenes: Entertainment,Channel_4932,14,2024-10-03T22:00:00.000Z,review|vlog|trending,203342,14857,1660,2044,https://i.ytimg.com/vi/PuaLge0LNNZ/default.jpg,False,False,False,Auto-generated sample description for Entertainment video.
9znbDhYK1vo,24.10.10,Reacting to Education Trends,Channel_2938,10,2024-10-09T20:00:00.000Z,vlog|music|official,2283,172,12,17,https://i.ytimg.com/vi/gmsqRJ230A_/default.jpg,False,False,False,Auto-generated sample description for Education video.
iP7ocOXLODX,24.30.10,Music Compilation 2024,Channel_2926,11,2024-10-28T09:00:00.000Z,2024|vlog|trending,44307,911,281,841,https://i.ytimg.com/vi/d6Vy2acmSvQ/default.jpg,False,False,False,Auto-generated sample description for Music video.
ozTqmORSZym,24.27.06,Top 10 Music Moments This Week,Channel_4641,11,2024-06-25T18:00:00.000Z,review|vlog|2024,82334,2724,317,506,https://i.ytimg.com/vi/LDRkckGM80f/default.jpg,False,False,False,Auto-generated sample description for Music video.
NuZnPkXNQCs,24.28.08,Why This Gaming Video Went Viral,Channel_2667,6,2024-08-26T07:00:00.000Z,trending|live|2024,10617,127,47,163,https://i.ytimg.com/vi/hZnpTjUpThs/default.jpg,True,False,False,Auto-generated sample description for Gaming video.
M8XXNzOoDMh,24.08.12,Gaming Compilation 2024,Channel_1526,6,2024-12-04T11:00:00.000Z,2024|vlog|music,29491,1718,268,351,https://i.ytimg.com/vi/gC4EArE8FlZ/default.jpg,False,False,False,Auto-generated sample description for Gaming video.
iGr0HJbOQCi,24.09.05,Reacting to Music Trends,Channel_4047,3,2024-05-06T07:00:00.000Z,review|official|2024,165065,3790,1115,3178,https://i.ytimg.com/vi/vtojlCMPtYx/default.jpg,False,False,False,Auto-generated sample description for Music video.
edRxWimX1I_,24.25.06,Top 10 Music Moments This Week,Channel_3391,3,2024-06-25T12:00:00.000Z,official|2024|trending,230783,9037,1440,622,https://i.ytimg.com/vi/lMWj7pLae-t/default.jpg,False,False,False,Auto-generated sample description for Music video.
0AtlgzdJQRD,24.25.03,Top 10 Comedy Moments This Week,Channel_2083,4,2024-03-24T09:00:00.000Z,live|2024|vlog,40620,2205,166,795,https://i.ytimg.com/vi/QJh2hVsV0iF/default.jpg,False,False,False,Auto-generated sample description for Comedy video.
JsQkwgphXkw,24.21.03,Behind the Scenes: Music,Channel_2514,3,2024-03-17T12:00:00.000Z,vlog|official|trending,59505,2086,517,707,https://i.ytimg.com/vi/TrGmFLW3RCz/default.jpg,False,False,False,Auto-generated sample description for Music video.
YzTYcTaioNB,24.22.11,Official Music Highlights,Channel_4295,11,2024-11-21T19:00:00.000Z,vlog|official|2024,29244,689,36,221,https://i.ytimg.com/vi/ZwO0obkgttz/default.jpg,False,False,False,Auto-generated sample description for Music video.
NdsztPdzRs5,24.06.04,Why This Gaming Video Went Viral,Channel_4958,6,2024-04-04T09:00:00.000Z,review|live|official,3436,241,21,16,https://i.ytimg.com/vi/tv5dSqYO_Ho/default.jpg,True,False,False,Auto-generated sample description for Gaming video.
XrwsBybvvyt,24.11.06,Travel & Events Compilation 2024,Channel_20,13,2024-06-07T11:00:00.000Z,vlog|live|official,4254,159,8,9,https://i.ytimg.com/vi/hfci86e23XP/default.jpg,False,False,False,Auto-generated sample description for Travel & Events video.
Ye1Ab_g_nS2,25.11.01,Official Gaming Highlights,Channel_193,16,2025-01-08T04:00:00.000Z,trending|official|review,35411,1219,97,79,https://i.ytimg.com/vi/F_JQbSgCfI6/default.jpg,False,False,False,Auto-generated sample description for Gaming video.
G6vHjI8DYzF,24.27.05,Reacting to Music Trends,Channel_4262,11,2024-05-25T14:00:00.000Z,vlog|trending|2024,87374,1253,422,1475,https://i.ytimg.com/vi/HFex4pwuK9w/default.jpg,False,False,False,Auto-generated sample description for Music video.
taahLmCILoH,24.09.02,Why This Comedy Video Went Viral,Channel_3320,7,2024-02-06T06:00:00.000Z,vlog|music|live,97048,3875,153,302,https://i.ytimg.com/vi/7vn5PDtS1sq/default.jpg,False,False,False,Auto-generated sample description for Comedy video.
UBDxJkVZ62M,24.24.03,Behind the Scenes: Comedy,Channel_1054,4,2024-03-21T10:00:00.000Z,review|trending|live,10728,275,74,156,https://i.ytimg.com/vi/pmMPnHOA1SS/default.jpg,False,False,False,Auto-generated sample description for Comedy video.
zoxc7DgcTmH,24.04.08,Why This Comedy Video Went Viral,Channel_2552,4,2024-07-31T14:00:00.000Z,review|trending|music,10514,785,83,43,https://i.ytimg.com/vi/g0vPLEy-Gv4/default.jpg,False,False,False,Auto-generated sample description for Comedy video.
yTK-Dcxg5ie,25.10.01,Reacting to Music Trends,Channel_2949,3,2025-01-10T19:00:00.000Z,live|official|review,30330,1781,19,300,https://i.ytimg.com/vi/Eag21UWaAN4/default.jpg,False,False,False,Auto-generated sample description for Music video.
q0HgIBekA68,24.30.11,Why This People & Blogs Video Went Viral,Channel_3281,8,2024-11-27T13:00:00.000Z,official|vlog|review,9209,354,15,16,https://i.ytimg.com/vi/OrCEQ7fxx0n/default.jpg,False,False,False,Auto-generated sample description for People & Blogs video.
Lh07oW3jLJL,25.04.01,Why This Music Video Went Viral,Channel_4767,3,2025-01-02T22:00:00.000Z,review|live|2024,139972,5409,993,2263,https://i.ytimg.com/vi/UhhgNrNdKMU/default.jpg,False,False,False,Auto-generated sample description for Music video.
_SpuIXSlyz3,24.02.05,Top 10 Music Moments This Week,Channel_1048,3,2024-05-01T17:00:00.000Z,music|live|2024,11137,772,21,75,https://i.ytimg.com/vi/I6y0PCtqXi5/default.jpg,False,False,False,Auto-generated sample description for Music video.
UqYk8JerOqr,25.02.01,Top 10 Music Moments This Week,Channel_441,3,2024-12-29T08:00:00.000Z,live|trending|2024,12146,243,88,138,https://i.ytimg.com/vi/BnyYXisEedI/default.jpg,False,False,False,Auto-generated sample description for Music video.
pxdPh4U1pRD,25.07.01,Why This Gaming Video Went Viral,Channel_532,6,2025-01-05T15:00:00.000Z,vlog|review|trending,20140,1125,141,134,https://i.ytimg.com/vi/MIqvo7LjVD6/default.jpg,False,True,False,Auto-generated sample description for Gaming video.
L1MAbXNzhpt,24.16.07,Reacting to Music Trends,Channel_4193,3,2024-07-14T08:00:00.000Z,review|2024|vlog,6819,126,45,68,https://i.ytimg.com/vi/l9qtHcvgzla/default.jpg,False,False,False,Auto-generated sample description for Music video.
hFFjuLe9q42,24.22.06,Behind the Scenes: Music,Channel_3168,3,2024-06-22T20:00:00.000Z,2024|trending|music,41363,1534,218,483,https://i.ytimg.com/vi/u7FLbV09hQ6/default.jpg,False,False,False,Auto-generated sample description for Music video.
y-ryN_PyfY7,24.17.01,Top 10 Film & Animation Moments This Week,Channel_3029,9,2024-01-13T03:00:00.000Z,live|2024|review,7948,247,62,26,https://i.ytimg.com/vi/_h0I0HCa0AS/default.jpg,False,False,False,Auto-generated sample description for Film & Animation video.
_1J62sOQbwH,24.28.10,Top 10 Music Moments This Week,Channel_1966,3,2024-10-28T02:00:00.000Z,official|live|review,94967,3198,861,200,https://i.ytimg.com/vi/xm1g3Wc6Dk0/default.jpg,False,False,False,Auto-generated sample description for Music video.
lAft4PJFwgb,24.21.11,Official Comedy Highlights,Channel_3368,7,2024-11-21T15:00:00.000Z,vlog|2024|live,3867,209,30,28,https://i.ytimg.com/vi/SrQmliG9N7r/default.jpg,False,False,False,Auto-generated sample description for Comedy video.
L_PM6cmOsPu,24.21.10,Science & Technology Compilation 2024,Channel_3412,12,2024-10-18T07:00:00.000Z,music|vlog|official,24484,312,198,444,https://i.ytimg.com/vi/qky9IHplmPX/default.jpg,False,False,False,Auto-generated sample description for Science & Technology video.
KDuQYM9GC69,24.11.11,Comedy Compilation 2024,Channel_3363,4,2024-11-07T11:00:00.000Z,vlog|official|review,15189,621,51,84,https://i.ytimg.com/vi/YMFMJYkJH2l/default.jpg,True,False,False,Auto-generated sample description for Comedy video.
QMTqEFMawMK,24.18.03,Top 10 Autos & Vehicles Moments This Week,Channel_3861,1,2024-03-17T20:00:00.000Z,review|music|vlog,18824,670,36,152,https://i.ytimg.com/vi/7gvL7Q7oPNH/default.jpg,False,False,False,Auto-generated sample description for Autos & Vehicles video.
GZa6c0yLK3x,24.24.02,Autos & Vehicles Compilation 2024,Channel_2743,1,2024-02-24T17:00:00.000Z,music|trending|vlog,21905,382,67,152,https://i.ytimg.com/vi/7vpelGsWL5Z/default.jpg,False,False,False,Auto-generated sample description for Autos & Vehicles video.
kYWGgqWDuqI,24.16.02,Reacting to Entertainment Trends,Channel_1930,14,2024-02-14T14:00:00.000Z,vlog|review|official,27316,591,48,393,https://i.ytimg.com/vi/fKCJsFzAEHG/default.jpg,False,False,False,Auto-generated sample description for Entertainment video.
kPVa-iPS1TD,24.05.07,Top 10 Music Moments This Week,Channel_4816,11,2024-07-03T20:00:00.000Z,trending|2024|review,23195,1471,185,16,https://i.ytimg.com/vi/fuzGPXUNviH/default.jpg,False,False,False,Auto-generated sample description for Music video.
yqOoyWZjT0k,24.08.02,Official Gaming Highlights,Channel_4759,16,2024-02-07T22:00:00.000Z,music|live|trending,71259,3129,152,903,https://i.ytimg.com/vi/n5qAFuE5hUw/default.jpg,False,False,False,Auto-generated sample description for Gaming video.
IFNKJLZoWwP,24.16.07,Official People & Blogs Highlights,Channel_3144,8,2024-07-16T01:00:00.000Z,vlog|music|2024,14140,756,98,267,https://i.ytimg.com/vi/48lstd67T3z/default.jpg,False,False,False,Auto-generated sample description for People & Blogs video.
PPLWgWt4645,24.15.03,Reacting to Music Trends,Channel_4573,11,2024-03-11T02:00:00.000Z,2024|vlog|trending,643779,18296,901,1687,https://i.ytimg.com/vi/8OGNAFSNVnS/default.jpg,False,False,False,Auto-generated sample description for Music video.
fCDul8kwZR6,24.06.04,Why This Music Video Went Viral,Channel_2134,11,2024-04-05T08:00:00.000Z,official|music|live,235335,12904,1470,1522,https://i.ytimg.com/vi/qjG1Z-GAPLH/default.jpg,False,False,False,Auto-generated sample description for Music video.
5d73bs2huHE,24.20.06,Why This Music Video Went Viral,Channel_1854,3,2024-06-18T20:00:00.000Z,trending|2024|review,680308,39969,1632,5677,https://i.ytimg.com/vi/4aJ-kHYWtfX/default.jpg,False,False,False,Auto-generated sample description for Music video.
47I8uM2yO_P,24.21.06,Music Compilation 2024,Channel_4756,3,2024-06-21T16:00:00.000Z,trending|2024|live,39267,1620,296,332,https://i.ytimg.com/vi/tHPVcAOPGcN/default.jpg,False,False,False,Auto-generated sample description for Music video.
VUMl63XRLw1,24.26.01,Top 10 Science & Technology Moments This Week,Channel_4253,12,2024-01-23T20:00:00.000Z,vlog|2024|review,1584,34,5,2,https://i.ytimg.com/vi/gjPCRtX6Wk0/default.jpg,False,True,False,Auto-generated sample description for Science & Technology video.
K25HYwUOGf6,24.15.03,Why This Music Video Went Viral,Channel_2139,3,2024-03-13T14:00:00.000Z,trending|music|official,34530,2609,263,272,https://i.ytimg.com/vi/df5U_tH4zoQ/default.jpg,False,False,False,Auto-generated sample description for Music video.
3mGyGOqHBoc,24.20.02,Top 10 Music Moments This Week,Channel_3403,3,2024-02-20T09:00:00.000Z,review|2024|trending,126267,1525,1129,792,https://i.ytimg.com/vi/ffNwUEvWXvO/default.jpg,False,False,False,Auto-generated sample description for Music video.
x2n87n_rkHU,24.20.01,Gaming Compilation 2024,Channel_2111,16,2024-01-20T02:00:00.000Z,review|official|trending,2676,97,24,17,https://i.ytimg.com/vi/eXL6idSormD/default.jpg,False,False,False,Auto-generated sample description for Gaming video.
4I8D-dXNcLR,24.21.10,Reacting to Music Trends,Channel_1885,11,2024-10-20T19:00:00.000Z,vlog|trending|music,21533,1608,193,376,https://i.ytimg.com/vi/Ynuxj5nGLBT/default.jpg,False,False,False,Auto-generated sample description for Music video.
yfjZh9XLvHq,24.18.09,Official Comedy Highlights,Channel_1273,4,2024-09-14T04:00:00.000Z,music|live|vlog,17951,794,36,262,https://i.ytimg.com/vi/lFOX4tKRE01/default.jpg,False,False,False,Auto-generated sample description for Comedy video.
rlsSMpoZ49r,24.26.03,Behind the Scenes: Music,Channel_2682,11,2024-03-22T18:00:00.000Z,2024|review|trending,113319,7156,689,842,https://i.ytimg.com/vi/g0xhJdVcQfO/default.jpg,False,False,False,Auto-generated sample description for Music video.
DOWSbzLfqZL,24.05.02,Why This Entertainment Video Went Viral,Channel_2291,14,2024-02-05T20:00:00.000Z,vlog|2024|review,30292,1214,247,293,https://i.ytimg.com/vi/VlcRoHAPZ1F/default.jpg,True,False,False,Auto-generated sample description for Entertainment video.
_G60yIzfo5Y,24.17.11,Top 10 Comedy Moments This Week,Channel_4989,7,2024-11-17T20:00:00.000Z,live|vlog|2024,683,18,1,5,https://i.ytimg.com/vi/yT-bb73hlX5/default.jpg,False,False,False,Auto-generated sample description for Comedy video.
aWPOlADPkTr,24.08.12,Entertainment Compilation 2024,Channel_1026,14,2024-12-08T12:00:00.000Z,vlog|trending|2024,16659,440,116,140,https://i.ytimg.com/vi/9HCmVuTX30g/default.jpg,False,False,False,Auto-generated sample description for Entertainment video.
8GDIr5m7B95,24.07.04,Official Music Highlights,Channel_3372,11,2024-04-07T21:00:00.000Z,trending|vlog|live,114941,7449,866,349,https://i.ytimg.com/vi/TmszyWFRfs2/default.jpg,False,False,False,Auto-generated sample description for Music video.
y9P7otO9jLO,24.10.03,Top 10 Comedy Moments This Week,Channel_3453,4,2024-03-10T20:00:00.000Z,trending|review|music,12169,370,45,37,https://i.ytimg.com/vi/r-FhYsXmL8c/default.jpg,False,False,False,Auto-generated sample description for Comedy video.
hnXaxkuLtaP,24.09.11,Reacting to Comedy Trends,Channel_2783,7,2024-11-09T22:00:00.000Z,review|trending|music,31184,344,77,529,https://i.ytimg.com/vi/uyT3vLj5PJr/default.jpg,False,False,False,Auto-generated sample description for Comedy video.
NZE6yyw2Uu_,24.27.10,Reacting to Science & Technology Trends,Channel_1030,12,2024-10-25T11:00:00.000Z,2024|review|vlog,4503,195,23,63,https://i.ytimg.com/vi/LT_yjrXL6jR/default.jpg,False,False,False,Auto-generated sample description for Science & Technology video.
11mPHtHGfQK,24.03.05,Top 10 Entertainment Moments This Week,Channel_3836,14,2024-04-29T18:00:00.000Z,vlog|2024|trending,75809,3560,387,1208,https://i.ytimg.com/vi/_26aXcKgGMd/default.jpg,False,False,False,Auto-generated sample description for Entertainment video.
2QoHrnaON9t,24.22.06,Behind the Scenes: Music,Channel_1060,3,2024-06-18T13:00:00.000Z,official|trending|2024,118031,2540,657,499,https://i.ytimg.com/vi/uwep0bb4ttx/default.jpg,False,False,False,Auto-generated sample description for Music video.
chThoyfv1hl,24.17.02,Top 10 Film & Animation Moments This Week,Channel_2310,9,2024-02-16T12:00:00.000Z,live|official|2024,6736,451,62,111,https://i.ytimg.com/vi/FnwSC5_vnPQ/default.jpg,False,False,False,Auto-generated sample description for Film & Animation video.
uSRrJQR37Gj,24.07.04,Official Comedy Highlights,Channel_4614,7,2024-04-03T17:00:00.000Z,trending|vlog|music,8540,664,41,41,https://i.ytimg.com/vi/E3yMP0fDY8N/default.jpg,False,False,False,Auto-generated sample description for Comedy video.
6qmjYGCnYpt,24.07.08,Entertainment Compilation 2024,Channel_596,14,2024-08-07T14:00:00.000Z,trending|review|2024,47466,573,359,139,https://i.ytimg.com/vi/Y88AGXSHyag/default.jpg,False,False,False,Auto-generated sample description for Entertainment video.
p01j-rGkUxB,24.25.10,Why This Entertainment Video Went Viral,Channel_2782,14,2024-10-22T20:00:00.000Z,review|2024|live,35103,794,332,573,https://i.ytimg.com/vi/37C7vyo0kEy/default.jpg,False,False,False,Auto-generated sample description for Entertainment video.
xKu9r027FnI,24.25.12,Top 10 Entertainment Moments This Week,Channel_3293,14,2024-12-24T08:00:00.000Z,vlog|trending|music,9542,428,20,187,https://i.ytimg.com/vi/CIl-ZZniTJw/default.jpg,False,False,False,Auto-generated sample description for Entertainment video.
cwu9ctAS_2L,24.07.05,Official Music Highlights,Channel_4890,11,2024-05-04T08:00:00.000Z,trending|vlog|official,2950,108,18,25,https://i.ytimg.com/vi/mk-SF9qxfHq/default.jpg,False,False,False,Auto-generated sample description for Music video.
AhZ3HT99uDk,24.08.01,Reacting to Gaming Trends,Channel_4173,16,2024-01-07T20:00:00.000Z,trending|music|2024,10083,644,84,111,https://i.ytimg.com/vi/QpK6uv6YOUG/default.jpg,False,False,False,Auto-generated sample description for Gaming video.
bD7aMeTHxLX,24.26.03,Official Nonprofits & Activism Highlights,Channel_2210,17,2024-03-26T20:00:00.000Z,trending|vlog|review,618,36,6,6,https://i.ytimg.com/vi/nmtLcVNKrbk/default.jpg,False,False,False,Auto-generated sample description for Nonprofits & Activism video.
u4k6dU-yba7,24.01.10,Reacting to Music Trends,Channel_667,11,2024-09-27T07:00:00.000Z,vlog|official|review,21443,715,148,211,https://i.ytimg.com/vi/LYN_0eqlZVa/default.jpg,False,False,False,Auto-generated sample description for Music video.
_kGbL57Mj21,24.26.11,Reacting to Music Trends,Channel_4920,3,2024-11-24T00:00:00.000Z,trending|live|2024,26487,876,164,332,https://i.ytimg.com/vi/DepIqiqgL-s/default.jpg,False,False,False,Auto-generated sample description for Music video.
VNisdJ4BrQY,24.17.06,Reacting to Comedy Trends,Channel_4902,4,2024-06-15T05:00:00.000Z,music|2024|official,60571,1649,392,1098,https://i.ytimg.com/vi/SM4Vw6Oxo_y/default.jpg,False,False,False,Auto-generated sample description for Comedy video.
H9C-G_bFM-3,24.13.12,Top 10 Comedy Moments This Week,Channel_4992,4,2024-12-10T08:00:00.000Z,music|review|vlog,3705,207,35,40,https://i.ytimg.com/vi/hfV0H2zVS2o/default.jpg,False,False,False,Auto-generated sample description for Comedy video.
lF5DR-Lk0U4,24.23.06,Why This Entertainment Video Went Viral,Channel_4233,14,2024-06-21T17:00:00.000Z,music|2024|review,54550,4199,193,761,https://i.ytimg.com/vi/cW0WkL64MNq/default.jpg,False,False,False,Auto-generated sample description for Entertainment video.
8iCOyLxV3qA,24.05.12,Why This Music Video Went Viral,Channel_2267,11,2024-12-02T17:00:00.000Z,live|official|review,36007,544,51,40,https://i.ytimg.com/vi/4V-zLP0NOqD/default.jpg,False,False,False,Auto-generated sample description for Music video.
zZb9Dr9gQZ6,24.30.10,Comedy Compilation 2024,Channel_707,4,2024-10-27T01:00:00.000Z,review|official|vlog,196,12,1,2,https://i.ytimg.com/vi/g8kcvc3HlON/default.jpg,False,False,False,Auto-generated sample description for Comedy video.
dCmYuWAbPpn,24.28.11,Why This Music Video Went Viral,Channel_2202,3,2024-11-27T16:00:00.000Z,live|review|2024,124756,2604,1197,2378,https://i.ytimg.com/vi/hK9SliSI547/default.jpg,True,False,False,Auto-generated sample description for Music video.
JGDsbNCMcTY,24.05.04,Reacting to Gaming Trends,Channel_3975,6,2024-04-03T20:00:00.000Z,live|official|trending,140709,4711,383,2678,https://i.ytimg.com/vi/spsoyGd3uDO/default.jpg,False,False,False,Auto-generated sample description for Gaming video.
udLWIQZeANH,24.27.08,Behind the Scenes: Music,Channel_3161,3,2024-08-23T10:00:00.000Z,review|live|music,89006,5482,584,799,https://i.ytimg.com/vi/9sJMxFB3vwE/default.jpg,False,False,False,Auto-generated sample description for Music video.
ypUO03uHN1x,24.15.03,Official Gaming Highlights,Channel_1841,16,2024-03-11T09:00:00.000Z,trending|vlog|2024,23383,1022,190,134,https://i.ytimg.com/vi/SWt4GvbsuW1/default.jpg,False,False,False,Auto-generated sample description for Gaming video.
b61RAyDLl0n,24.13.04,Reacting to Music Trends,Channel_1626,3,2024-04-13T19:00:00.000Z,trending|music|official,16114,823,39,259,https://i.ytimg.com/vi/AFc2ijazj6i/default.jpg,False,False,False,Auto-generated sample description for Music video.
S4_3q6ovG9l,24.13.12,Reacting to Education Trends,Channel_2910,10,2024-12-11T02:00:00.000Z,2024|vlog|official,16904,318,153,246,https://i.ytimg.com/vi/DAsuThz64H0/default.jpg,False,False,False,Auto-generated sample description for Education video.
MuOTlYo2Erv,24.23.07,Top 10 Music Moments This Week,Channel_2413,11,2024-07-23T07:00:00.000Z,music|official|trending,610716,29762,3045,11884,https://i.ytimg.com/vi/apBplEP-3Wq/default.jpg,False,False,False,Auto-generated sample description for Music video.
gxFsLhjr6VZ,24.17.07,Behind the Scenes: Entertainment,Channel_4075,14,2024-07-15T00:00:00.000Z,official|trending|vlog,16387,1171,31,283,https://i.ytimg.com/vi/LRBD_z8lFzq/default.jpg,False,False,False,Auto-generated sample description for Entertainment video.
avgO-99cpNK,24.31.12,Behind the Scenes: People & Blogs,Channel_169,8,2024-12-28T11:00:00.000Z,review|music|trending,1787,75,16,26,https://i.ytimg.com/vi/sVUiv3qSwVk/default.jpg,False,False,False,Auto-generated sample description for People & Blogs video.
gxMlbwYygm2,24.11.10,Reacting to Film & Animation Trends,Channel_2888,9,2024-10-11T13:00:00.000Z,vlog|live|trending,6013,185,4,110,https://i.ytimg.com/vi/QVp4LX0X4aT/default.jpg,False,False,False,Auto-generated sample description for Film & Animation video.
9XdOseQ5peE,24.19.04,Official Entertainment Highlights,Channel_4760,14,2024-04-18T03:00:00.000Z,vlog|trending|live,98370,4587,954,1710,https://i.ytimg.com/vi/CAlHrBCqgbv/default.jpg,False,False,True,Auto-generated sample description for Entertainment video.
CtQIhVlpEJD,25.02.01,Behind the Scenes: Music,Channel_2470,11,2025-01-01T05:00:00.000Z,2024|trending|live,8340,101,30,64,https://i.ytimg.com/vi/NfnLOspsykq/default.jpg,False,False,False,Auto-generated sample description for Music video.
DS8BotAsRfl,24.03.06,Film & Animation Compilation 2024,Channel_2526,9,2024-05-31T00:00:00.000Z,live|official|trending,4153,264,24,31,https://i.ytimg.com/vi/g4n6pN8Mcit/default.jpg,False,False,False,Auto-generated sample description for Film & Animation video.
44RxuAEjHna,24.29.10,Why This Entertainment Video Went Viral,Channel_188,14,2024-10-26T02:00:00.000Z,trending|music|official,23227,322,23,323,https://i.ytimg.com/vi/pTckGhEiv5y/default.jpg,False,False,False,Auto-generated sample description for Entertainment video.
4-F7t2RkMWH,24.03.08,Behind the Scenes: Entertainment,Channel_1200,14,2024-08-02T12:00:00.000Z,review|live|music,3772,193,5,14,https://i.ytimg.com/vi/5MzmGpVFw8g/default.jpg,False,False,False,Auto-generated sample description for Entertainment video.
OWQ1x4CxW-Q,24.19.09,Official Music Highlights,Channel_3770,3,2024-09-16T01:00:00.000Z,trending|vlog|review,22963,766,18,339,https://i.ytimg.com/vi/NeF4zTK7Iub/default.jpg,False,False,False,Auto-generated sample description for Music video.
abzKJyyZUJW,24.04.06,Top 10 Music Moments This Week,Channel_4880,3,2024-06-02T20:00:00.000Z,music|live|official,27540,1405,60,422,https://i.ytimg.com/vi/TH_hqcDwj24/default.jpg,False,False,False,Auto-generated sample description for Music video.
b_fH4GXGZs-,24.17.09,Why This Entertainment Video Went Viral,Channel_3690,14,2024-09-16T22:00:00.000Z,trending|music|2024,24090,1206,197,198,https://i.ytimg.com/vi/39JwnF2UYW0/default.jpg,False,False,False,Auto-generated sample description for Entertainment video.
VkXB5lV_eGB,24.19.08,Top 10 People & Blogs Moments This Week,Channel_1422,8,2024-08-19T16:00:00.000Z,music|live|official,19272,1430,117,314,https://i.ytimg.com/vi/6n-dbh2uTa9/default.jpg,False,False,False,Auto-generated sample description for People & Blogs video.
m68vfo4VpWs,24.16.09,Entertainment Compilation 2024,Channel_4376,14,2024-09-14T03:00:00.000Z,vlog|live|2024,5884,184,38,48,https://i.ytimg.com/vi/EuRpTprss8b/default.jpg,False,True,False,Auto-generated sample description for Entertainment video.
tezc1kWO56y,24.12.06,Why This Entertainment Video Went Viral,Channel_4923,14,2024-06-09T18:00:00.000Z,official|vlog|review,23184,754,142,421,https://i.ytimg.com/vi/zGHY5yEGzmj/default.jpg,False,False,False,Auto-generated sample description for Entertainment video.
nI1T3xhhgOu,24.18.09,Behind the Scenes: Science & Technology,Channel_2992,12,2024-09-16T18:00:00.000Z,review|2024|official,60005,1796,88,1043,https://i.ytimg.com/vi/zj-PLk9_Ijn/default.jpg,False,False,False,Auto-generated sample description for Science & Technology video.
WgLAxvsNElc,25.27.01,Top 10 Music Moments This Week,Channel_3281,11,2025-01-23T20:00:00.000Z,official|live|2024,19754,1283,26,341,https://i.ytimg.com/vi/XfhpUMhi9oH/default.jpg,False,False,False,Auto-generated sample description for Music video.
cfhfUKp57gX,24.02.09,Official Gaming Highlights,Channel_2944,16,2024-08-30T13:00:00.000Z,live|vlog|official,23268,346,161,342,https://i.ytimg.com/vi/HL9VSfRLaIF/default.jpg,False,False,False,Auto-generated sample description for Gaming video.
HirIPigLWz6,24.03.03,Why This Music Video Went Viral,Channel_4237,11,2024-03-03T17:00:00.000Z,music|trending|2024,314123,16421,3085,4481,https://i.ytimg.com/vi/wf_Qs0hQk9L/default.jpg,False,False,False,Auto-generated sample description for Music video.
tYyj_zRTbet,24.16.04,Official Gaming Highlights,Channel_2217,16,2024-04-15T07:00:00.000Z,trending|music|official,39648,3077,337,478,https://i.ytimg.com/vi/cNzOyJnVk4g/default.jpg,False,False,False,Auto-generated sample description for Gaming video.
diuUpOCaZbl,25.22.01,Behind the Scenes: Entertainment,Channel_124,14,2025-01-22T15:00:00.000Z,live|official|trending,36159,1578,24,205,https://i.ytimg.com/vi/fCR3SzMZf7d/default.jpg,False,False,False,Auto-generated sample description for Entertainment video.
1Jj5NqIU6DM,25.24.01,Official Film & Animation Highlights,Channel_4753,9,2025-01-21T12:00:00.000Z,vlog|review|2024,6050,432,54,28,https://i.ytimg.com/vi/SeoXf_ZNqzM/default.jpg,False,False,False,Auto-generated sample description for Film & Animation video.
Waqv3HaB7CY,25.29.01,Why This Music Video Went Viral,Channel_95,3,2025-01-29T15:00:00.000Z,2024|live|trending,116532,6411,475,1163,https://i.ytimg.com/vi/i10gexgk94_/default.jpg,False,False,False,Auto-generated sample description for Music video.
TD-YCxN-E4O,24.16.10,Reacting to Comedy Trends,Channel_2924,7,2024-10-13T21:00:00.000Z,live|trending|vlog,101884,2830,460,348,https://i.ytimg.com/vi/CguvF_6DPWp/default.jpg,False,False,False,Auto-generated sample description for Comedy video.
zBb70v0jZCV,24.10.01,Why This Science & Technology Video Went Viral,Channel_346,12,2024-01-09T13:00:00.000Z,live|trending|review,68606,5213,567,1134,https://i.ytimg.com/vi/FW-dDISWznS/default.jpg,False,False,False,Auto-generated sample description for Science & Technology video.
oboGHzB_5j8,24.13.11,Reacting to Gaming Trends,Channel_802,6,2024-11-12T13:00:00.000Z,vlog|review|official,22313,638,105,269,https://i.ytimg.com/vi/rq0X8O8U_qS/default.jpg,False,False,False,
VtvpBjfMKw3,24.15.08,Why This Education Video Went Viral,Channel_2301,10,2024-08-11T00:00:00.000Z,live|trending|music,14700,773,8,42,https://i.ytimg.com/vi/AlQ7MQJNzCi/default.jpg,False,False,False,Auto-generated sample description for Education video.
tQKfUOD5NiQ,24.21.10,Why This People & Blogs Video Went Viral,Channel_3410,8,2024-10-18T11:00:00.000Z,2024|live|music,12512,437,67,39,https://i.ytimg.com/vi/CDKqs7cDkur/default.jpg,False,False,False,Auto-generated sample description for People & Blogs video.
Ogt_1APaawV,24.04.01,Reacting to Autos & Vehicles Trends,Channel_425,1,2024-01-02T18:00:00.000Z,official|music|2024,4078,154,23,77,https://i.ytimg.com/vi/OOlNcKNLyHq/default.jpg,False,False,False,Auto-generated sample description for Autos & Vehicles video.
P-WnDV98_Ko,24.22.06,Music Compilation 2024,Channel_911,11,2024-06-21T10:00:00.000Z,trending|live|vlog,84406,6424,158,1419,https://i.ytimg.com/vi/Q9x6Rzk7k_7/default.jpg,False,False,False,Auto-generated sample description for Music video.
oRDORNSrZDn,24.21.01,Reacting to Comedy Trends,Channel_1689,7,2024-01-19T03:00:00.000Z,official|vlog|2024,6660,309,39,98,https://i.ytimg.com/vi/Sfw7fM8Zh23/default.jpg,False,False,False,Auto-generated sample description for Comedy video.
v64KCnAIV0T,24.24.01,Behind the Scenes: Entertainment,Channel_1567,14,2024-01-20T12:00:00.000Z,review|vlog|music,13152,545,32,215,https://i.ytimg.com/vi/Pl6lYLHAO49/default.jpg,False,False,False,Auto-generated sample description for Entertainment video.
0wIj8J4BX-o,24.24.10,Why This Music Video Went Viral,Channel_1442,3,2024-10-21T09:00:00.000Z,vlog|music|review,70485,5552,290,39,https://i.ytimg.com/vi/Rz89jf1SPjx/default.jpg,False,False,False,Auto-generated sample description for Music video.
h8s0FBaAB6O,24.30.11,Reacting to Travel & Events Trends,Channel_3337,13,2024-11-30T09:00:00.000Z,review|official|live,7760,507,25,28,https://i.ytimg.com/vi/IhO4excb3j1/default.jpg,False,False,False,Auto-generated sample description for Travel & Events video.
gJj22OA12Pw,24.04.11,Reacting to Music Trends,Channel_519,11,2024-11-04T15:00:00.000Z,2024|official|music,18663,1185,157,205,https://i.ytimg.com/vi/oHKIxvWZU1s/default.jpg,False,False,False,Auto-generated sample description for Music video.
9BZoeoFi2AK,24.03.10,Official Entertainment Highlights,Channel_1259,14,2024-09-30T20:00:00.000Z,music|official|vlog,40152,1959,125,393,https://i.ytimg.com/vi/HBI0c7dKmFJ/default.jpg,False,False,False,Auto-generated sample description for Entertainment video.
DkVAUf2lI46,24.13.03,Comedy Compilation 2024,Channel_2109,7,2024-03-11T09:00:00.000Z,vlog|live|music,10186,749,42,50,https://i.ytimg.com/vi/bVaVZZX7abT/default.jpg,False,False,False,Auto-generated sample description for Comedy video.
CmT7unj34G2,24.04.06,Behind the Scenes: Music,Channel_3806,3,2024-06-03T03:00:00.000Z,2024|music|official,149109,9781,1292,1129,https://i.ytimg.com/vi/a_r6z1DNBYD/default.jpg,False,False,False,Auto-generated sample description for Music video.
z62z_LwZISJ,24.19.05,Comedy Compilation 2024,Channel_406,4,2024-05-17T11:00:00.000Z,review|music|2024,68929,928,444,575,https://i.ytimg.com/vi/AfSTa2Nm7Or/default.jpg,False,False,False,Auto-generated sample description for Comedy video.
IWvdWAQj_AK,24.30.07,Why This Music Video Went Viral,Channel_3244,11,2024-07-28T21:00:00.000Z,trending|2024|review,46496,1104,436,167,https://i.ytimg.com/vi/ECiKyeAayO2/default.jpg,False,False,False,Auto-generated sample description for Music video.
V3iacRbsZrM,24.13.05,Official Film & Animation Highlights,Channel_1464,9,2024-05-09T01:00:00.000Z,music|live|2024,11842,945,55,113,https://i.ytimg.com/vi/fl8zb_oddgc/default.jpg,False,False,False,Auto-generated sample description for Film & Animation video.
BkhHX99Gssc,24.09.11,Music Compilation 2024,Channel_491,3,2024-11-05T01:00:00.000Z,official|trending|live,280633,16567,281,4942,https://i.ytimg.com/vi/So1KGOWf8r3/default.jpg,False,False,False,Auto-generated sample description for Music video.
ixgxdE1cbzL,24.04.03,Why This Education Video Went Viral,Channel_2549,10,2024-03-03T06:00:00.000Z,official|vlog|2024,3280,165,8,34,https://i.ytimg.com/vi/D-nyR5-_p7N/default.jpg,False,False,False,Auto-generated sample description for Education video.
OeqKrNXwy3z,24.27.02,Reacting to Comedy Trends,Channel_4638,4,2024-02-24T00:00:00.000Z,review|vlog|official,2793,92,25,30,https://i.ytimg.com/vi/WL5QRKRmnIS/default.jpg,False,False,False,Auto-generated sample description for Comedy video.
K7CkpAeR09Z,24.22.11,Music Compilation 2024,Channel_3143,11,2024-11-21T12:00:00.000Z,live|official|2024,13973,596,104,163,https://i.ytimg.com/vi/0aEIILLqCCs/default.jpg,False,False,False,Auto-generated sample description for Music video.
5FsotHHFdF9,24.03.07,Reacting to Music Trends,Channel_1936,11,2024-07-01T04:00:00.000Z,vlog|review|2024,59584,1844,514,1059,https://i.ytimg.com/vi/XkaKgf5SdQV/default.jpg,False,False,False,Auto-generated sample description for Music video.
GlnxSlgmIMM,24.01.02,Reacting to Music Trends,Channel_4857,3,2024-01-30T09:00:00.000Z,official|live|trending,123695,5715,560,291,https://i.ytimg.com/vi/kK5m0BTl3gK/default.jpg,False,False,False,Auto-generated sample description for Music video.
74e2v49F4fj,24.18.06,Reacting to People & Blogs Trends,Channel_1358,8,2024-06-17T18:00:00.000Z,review|official|live,95978,2626,226,823,https://i.ytimg.com/vi/dVd1jK1dABR/default.jpg,False,False,False,Auto-generated sample description for People & Blogs video.
y7ziZ0i5XbZ,24.27.09,Reacting to Music Trends,Channel_1752,3,2024-09-25T13:00:00.000Z,live|vlog|official,9720,470,60,190,https://i.ytimg.com/vi/qLq1Esm0m-F/default.jpg,False,False,False,Auto-generated sample description for Music video.
GpRiGvjZYiO,25.02.02,Reacting to Entertainment Trends,Channel_3092,14,2025-01-29T20:00:00.000Z,music|2024|review,266112,8722,530,5238,https://i.ytimg.com/vi/i1B9X-R4GDE/default.jpg,False,False,False,Auto-generated sample description for Entertainment video.
UVAB9xoU1il,24.12.10,Music Compilation 2024,Channel_2487,3,2024-10-12T15:00:00.000Z,official|trending|2024,4984,74,30,44,https://i.ytimg.com/vi/CGP5mFhfydh/default.jpg,False,False,False,Auto-generated sample description for Music video.
vIl1UZcYNNF,24.18.06,Official Film & Animation Highlights,Channel_499,9,2024-06-16T14:00:00.000Z,vlog|official|trending,2596,161,21,8,https://i.ytimg.com/vi/z8Fplh1qBoC/default.jpg,False,False,False,Auto-generated sample description for Film & Animation video.
cYWm6esJsPK,24.24.06,Reacting to Music Trends,Channel_4868,11,2024-06-23T12:00:00.000Z,vlog|live|review,123353,2073,695,254,https://i.ytimg.com/vi/fK5hG9a4fLi/default.jpg,False,False,False,Auto-generated sample description for Music video.
F2ZPyrRgYdz,24.14.03,Music Compilation 2024,Channel_661,11,2024-03-14T02:00:00.000Z,live|2024|trending,497165,14530,4686,9278,https://i.ytimg.com/vi/POWL7S86KOw/default.jpg,False,False,False,Auto-generated sample description for Music video.
4KUJGpfUJ4u,24.19.07,Entertainment Compilation 2024,Channel_4224,14,2024-07-18T11:00:00.000Z,trending|live|vlog,786175,8677,4431,10108,https://i.ytimg.com/vi/fkbEgbTDvdm/default.jpg,False,False,False,Auto-generated sample description for Entertainment video.
ocpQn9tb7ed,24.25.12,Official Entertainment Highlights,Channel_1720,14,2024-12-24T04:00:00.000Z,vlog|2024|music,68583,4200,327,112,https://i.ytimg.com/vi/VDK_v3WbWpF/default.jpg,False,False,False,Auto-generated sample description for Entertainment video.
uLNzQtpJiio,24.06.07,Behind the Scenes: Music,Channel_1316,3,2024-07-04T07:00:00.000Z,music|official|live,20269,696,202,235,https://i.ytimg.com/vi/KYoTjiWozwO/default.jpg,False,False,False,Auto-generated sample description for Music video.
VgPwu9cBSBS,24.22.03,Music Compilation 2024,Channel_811,11,2024-03-20T05:00:00.000Z,2024|live|trending,40678,683,57,536,https://i.ytimg.com/vi/m3-aux59yV2/default.jpg,False,False,False,Auto-generated sample description for Music video.
HhQ0oJi7EkR,24.29.07,Gaming Compilation 2024,Channel_4514,6,2024-07-29T22:00:00.000Z,2024|official|review,641,36,1,8,https://i.ytimg.com/vi/Tn5nrk58RzY/default.jpg,False,False,False,Auto-generated sample description for Gaming video.
362a8-Eud0m,25.31.01,Reacting to Comedy Trends,Channel_3956,7,2025-01-29T22:00:00.000Z,trending|music|review,91041,2527,327,758,https://i.ytimg.com/vi/oIo5LDBoHU9/default.jpg,False,False,False,Auto-generated sample description for Comedy video.
dD-7hKwa3pn,24.17.04,Comedy Compilation 2024,Channel_4455,4,2024-04-14T08:00:00.000Z,official|vlog|music,16220,511,74,301,https://i.ytimg.com/vi/gwE73COEqvs/default.jpg,False,False,False,Auto-generated sample description for Comedy video.
Yg9mE57HZDW,24.31.12,Behind the Scenes: Music,Channel_2111,11,2024-12-28T21:00:00.000Z,live|official|trending,5227,68,27,19,https://i.ytimg.com/vi/YQPKPqx7mMt/default.jpg,False,False,False,Auto-generated sample description for Music video.
7vR7XjOP5EV,24.14.11,Official Entertainment Highlights,Channel_4955,14,2024-11-13T08:00:00.000Z,music|vlog|2024,702656,30330,6370,2108,https://i.ytimg.com/vi/bm9lcOFYY10/default.jpg,False,False,False,Auto-generated sample description for Entertainment video.
Dqfuci7wu9A,24.13.11,Why This Music Video Went Viral,Channel_3649,11,2024-11-13T02:00:00.000Z,official|trending|music,6724,309,11,8,https://i.ytimg.com/vi/qGlzKqHmPqi/default.jpg,False,False,False,Auto-generated sample description for Music video.
LjTPlBcB01s,24.05.03,Why This Music Video Went Viral,Channel_2166,3,2024-03-04T22:00:00.000Z,live|review|music,422352,14106,1282,4426,https://i.ytimg.com/vi/-5oRN0d0c7g/default.jpg,False,False,False,Auto-generated sample description for Music video.
QndUiAQuMLP,24.11.10,Music Compilation 2024,Channel_1607,3,2024-10-11T14:00:00.000Z,live|vlog|official,6896,525,22,24,https://i.ytimg.com/vi/X7LH6Xcrv_b/default.jpg,False,False,False,Auto-generated sample description for Music video.
tS151t20-q0,24.21.06,Behind the Scenes: Comedy,Channel_4559,4,2024-06-18T15:00:00.000Z,live|trending|music,154578,11246,218,2706,https://i.ytimg.com/vi/T11W8hzCn1U/default.jpg,False,False,False,Auto-generated sample description for Comedy video.
hJu24Mm8FP-,24.28.06,Official Music Highlights,Channel_4350,11,2024-06-26T19:00:00.000Z,vlog|review|live,3803,255,14,21,https://i.ytimg.com/vi/oedoWwFXL5U/default.jpg,False,False,False,Auto-generated sample description for Music video.
jKyYUPOZUSh,24.09.07,Top 10 Entertainment Moments This Week,Channel_978,14,2024-07-09T13:00:00.000Z,review|music|trending,14733,1086,110,108,https://i.ytimg.com/vi/mN1eTLMWNMc/default.jpg,False,False,False,Auto-generated sample description for Entertainment video.
eGpV8SSiogS,24.27.04,Official Entertainment Highlights,Channel_3763,14,2024-04-24T14:00:00.000Z,vlog|review|official,97111,3355,156,985,https://i.ytimg.com/vi/tK-Ef64WnYk/default.jpg,False,False,False,Auto-generated sample description for Entertainment video.
e9hBC0fPpsZ,24.10.03,Why This Entertainment Video Went Viral,Channel_1471,14,2024-03-06T21:00:00.000Z,music|official|trending,259971,19668,1989,5006,https://i.ytimg.com/vi/M1a9sZ36HWj/default.jpg,False,False,False,Auto-generated sample description for Entertainment video.
UoAzM7JV0x5,24.26.05,Reacting to Travel & Events Trends,Channel_2568,15,2024-05-22T21:00:00.000Z,review|vlog|official,141317,11291,1170,1196,https://i.ytimg.com/vi/2qtpqgvI6l5/default.jpg,False,False,False,Auto-generated sample description for Travel & Events video.
rUmyLWt9tRS,24.18.02,Official Music Highlights,Channel_3726,11,2024-02-16T13:00:00.000Z,official|review|vlog,77319,2160,108,196,https://i.ytimg.com/vi/rXJAgY4ACnb/default.jpg,False,False,False,Auto-generated sample description for Music video.
MBXltV2Esw8,24.25.08,Top 10 Music Moments This Week,Channel_1701,3,2024-08-21T06:00:00.000Z,music|trending|2024,68512,2146,143,932,https://i.ytimg.com/vi/UyO0S884dGN/default.jpg,False,False,False,Auto-generated sample description for Music video.
3KSeokKUYuB,24.23.08,Official Music Highlights,Channel_4660,3,2024-08-23T06:00:00.000Z,review|official|2024,76146,1003,448,44,https://i.ytimg.com/vi/GTCt8KE2SH9/default.jpg,False,False,False,Auto-generated sample description for Music video.
vRY61XPmGQ_,25.15.01,Why This Music Video Went Viral,Channel_4717,11,2025-01-15T10:00:00.000Z,2024|review|vlog,13907,631,39,162,https://i.ytimg.com/vi/Oc3NDi1mjCu/default.jpg,False,False,False,Auto-generated sample description for Music video.
SyfR8s5JBD9,24.18.03,Behind the Scenes: Music,Channel_4645,3,2024-03-16T17:00:00.000Z,music|trending|official,616,16,4,1,https://i.ytimg.com/vi/gYYC1GD8VEp/default.jpg,False,False,False,Auto-generated sample description for Music video.
UWBUIS6AOhi,24.09.08,Reacting to Music Trends,Channel_2255,11,2024-08-06T15:00:00.000Z,official|live|2024,292066,9582,1674,5009,https://i.ytimg.com/vi/qBDY1LvP_Hc/default.jpg,False,False,False,Auto-generated sample description for Music video.
p-XzFMARPgc,24.10.03,Music Compilation 2024,Channel_1098,11,2024-03-08T16:00:00.000Z,trending|music|vlog,2814709,211853,4204,5555,https://i.ytimg.com/vi/0dTZBeib-YK/default.jpg,False,False,False,Auto-generated sample description for Music video.
jnza3LrDDkd,24.05.02,Top 10 Music Moments This Week,Channel_3852,3,2024-02-04T06:00:00.000Z,official|live|music,45995,1734,437,541,https://i.ytimg.com/vi/gRfw3zXZmDC/default.jpg,False,False,False,Auto-generated sample description for Music video.
m3qrjkoBEFL,24.17.11,Top 10 Entertainment Moments This Week,Channel_2107,14,2024-11-13T08:00:00.000Z,live|trending|official,232780,8895,1041,3242,https://i.ytimg.com/vi/SEVL32lGKX9/default.jpg,False,False,False,Auto-generated sample description for Entertainment video.
EvRnBe6ugj3,24.18.10,Reacting to People & Blogs Trends,Channel_650,8,2024-10-17T15:00:00.000Z,live|2024|trending,1529,24,3,27,https://i.ytimg.com/vi/vN2RtCjVpik/default.jpg,True,False,False,Auto-generated sample description for People & Blogs video.
Qcm8wK-LxYZ,25.26.01,Top 10 Music Moments This Week,Channel_4089,3,2025-01-25T03:00:00.000Z,official|trending|music,11635,606,87,192,https://i.ytimg.com/vi/cv-5cTsIrhx/default.jpg,False,False,False,Auto-generated sample description for Music video.
2l_a1ibvOzq,24.12.03,Behind the Scenes: Gaming,Channel_2866,6,2024-03-08T05:00:00.000Z,music|2024|official,5252,338,36,7,https://i.ytimg.com/vi/XIKY8Tf2SdU/default.jpg,False,False,False,Auto-generated sample description for Gaming video.
KNxTzWAwLGi,24.16.12,Gaming Compilation 2024,Channel_843,16,2024-12-12T14:00:00.000Z,official|vlog|music,106242,6034,341,1644,https://i.ytimg.com/vi/elekkcaFUe9/default.jpg,False,False,False,Auto-generated sample description for Gaming video.
HPhptW1NDia,25.12.01,Official Entertainment Highlights,Channel_2406,14,2025-01-08T17:00:00.000Z,trending|2024|music,220112,9614,1881,195,https://i.ytimg.com/vi/hbE03EJTbmN/default.jpg,False,False,False,Auto-generated sample description for Entertainment video.
aGaZF54Rxtw,24.03.01,Top 10 Entertainment Moments This Week,Channel_3671,14,2024-01-03T16:00:00.000Z,live|official|review,61264,3374,381,1170,https://i.ytimg.com/vi/zqQDEPMI3ET/default.jpg,False,False,False,Auto-generated sample description for Entertainment video.
YEDYBUZ7Kz4,24.03.05,Behind the Scenes: Entertainment,Channel_3526,14,2024-04-30T17:00:00.000Z,official|live|trending,26479,1086,75,235,https://i.ytimg.com/vi/kM28MeZYcdL/default.jpg,False,False,False,Auto-generated sample description for Entertainment video.
5Zk8tkX55G2,24.18.12,Behind the Scenes: Education,Channel_852,10,2024-12-15T07:00:00.000Z,vlog|2024|official,22665,257,181,315,https://i.ytimg.com/vi/z7o0BWmJMIo/default.jpg,False,False,False,Auto-generated sample description for Education video.
2PLHXeWkK_L,24.06.01,Music Compilation 2024,Channel_3439,11,2024-01-04T19:00:00.000Z,2024|trending|official,17452,762,81,50,https://i.ytimg.com/vi/Do4MXmvCCGN/default.jpg,False,False,False,Auto-generated sample description for Music video.
H9axnAyOPL3,24.09.09,Top 10 Entertainment Moments This Week,Channel_3415,14,2024-09-09T04:00:00.000Z,live|trending|music,19443,1169,185,146,https://i.ytimg.com/vi/rdDW_nqNOgC/default.jpg,False,False,False,Auto-generated sample description for Entertainment video.
fPDpnrm4UcJ,24.27.02,Why This Music Video Went Viral,Channel_4817,3,2024-02-23T16:00:00.000Z,review|official|trending,27839,645,166,230,https://i.ytimg.com/vi/NIJoR7aWG67/default.jpg,False,False,False,Auto-generated sample description for Music video.
cDDRwREvhwN,24.02.08,Official Comedy Highlights,Channel_3849,7,2024-07-29T13:00:00.000Z,official|music|trending,18691,1249,152,283,https://i.ytimg.com/vi/Gc0qfvyNeQ_/default.jpg,False,False,False,Auto-generated sample description for Comedy video.
81h_ml_84Gf,24.22.05,Why This Music Video Went Viral,Channel_2815,3,2024-05-21T19:00:00.000Z,trending|vlog|official,132357,7097,1289,801,https://i.ytimg.com/vi/OiGyuxGV7oK/default.jpg,False,False,False,Auto-generated sample description for Music video.
6oBK2VDgR1z,24.30.04,Why This Gaming Video Went Viral,Channel_162,6,2024-04-29T05:00:00.000Z,trending|vlog|review,56196,4103,30,522,https://i.ytimg.com/vi/96iJt2dEN0u/default.jpg,False,False,False,Auto-generated sample description for Gaming video.
9jyDo6kQz46,24.19.10,Reacting to Music Trends,Channel_3767,3,2024-10-17T00:00:00.000Z,review|vlog|official,21915,625,74,355,https://i.ytimg.com/vi/54Mjn0Te4tr/default.jpg,False,False,False,Auto-generated sample description for Music video.
rxkeT6WwDCm,25.11.01,Music Compilation 2024,Channel_2284,11,2025-01-09T18:00:00.000Z,live|vlog|review,51582,1967,122,923,https://i.ytimg.com/vi/UY9OHufAHhM/default.jpg,False,False,False,Auto-generated sample description for Music video.
vJGnSnBUnn6,24.16.07,Behind the Scenes: Music,Channel_225,11,2024-07-16T16:00:00.000Z,music|trending|official,5591,125,14,46,https://i.ytimg.com/vi/yFV6f4L7bQQ/default.jpg,False,False,False,Auto-generated sample description for Music video.
k1nZGZ0-4r5,24.27.12,Behind the Scenes: Music,Channel_407,11,2024-12-23T06:00:00.000Z,vlog|live|2024,95640,7304,610,236,https://i.ytimg.com/vi/gwzw61BeZWW/default.jpg,False,False,False,Auto-generated sample description for Music video.
GIcXvpcWSVu,24.22.07,Why This Entertainment Video Went Viral,Channel_4863,14,2024-07-19T00:00:00.000Z,vlog|2024|trending,137149,9437,1128,799,https://i.ytimg.com/vi/CGQuheaKVvD/default.jpg,False,False,False,Auto-generated sample description for Entertainment video.
aThH0Y5YgVd,24.18.01,Top 10 Comedy Moments This Week,Channel_2707,4,2024-01-16T07:00:00.000Z,live|2024|trending,107900,5650,799,420,https://i.ytimg.com/vi/G7jqVkk4ecb/default.jpg,False,False,False,Auto-generated sample description for Comedy video.
AdLPfmV0nky,24.11.02,Behind the Scenes: Entertainment,Channel_962,14,2024-02-11T04:00:00.000Z,vlog|trending|review,40772,2805,386,788,https://i.ytimg.com/vi/0neVLkGhbiS/default.jpg,False,False,False,Auto-generated sample description for Entertainment video.
CrKvumnDojB,24.02.05,Why This Entertainment Video Went Viral,Channel_4876,14,2024-04-28T02:00:00.000Z,vlog|music|trending,85222,6292,56,1385,https://i.ytimg.com/vi/5IH5Fev67Tu/default.jpg,False,False,False,Auto-generated sample description for Entertainment video.
n8PBMurvYRa,25.31.01,Reacting to Autos & Vehicles Trends,Channel_529,1,2025-01-31T02:00:00.000Z,music|vlog|live,2047,90,6,27,https://i.ytimg.com/vi/LNGP8abaN8Q/default.jpg,False,False,False,Auto-generated sample description for Autos & Vehicles video.
teUj5a3JpSt,24.15.01,Behind the Scenes: Entertainment,Channel_4155,14,2024-01-14T17:00:00.000Z,2024|live|review,55891,1365,331,412,https://i.ytimg.com/vi/L8I0bO0vmCE/default.jpg,False,False,False,Auto-generated sample description for Entertainment video.
wZDNODreL-F,24.02.12,Entertainment Compilation 2024,Channel_4240,14,2024-11-30T10:00:00.000Z,music|2024|official,9408,489,81,184,https://i.ytimg.com/vi/Fs5aoDmci39/default.jpg,False,False,False,Auto-generated sample description for Entertainment video.
EQ3gwMoIYXX,25.05.02,Official Comedy Highlights,Channel_3887,7,2025-02-01T18:00:00.000Z,music|official|review,5560,343,24,17,https://i.ytimg.com/vi/0BfYFOP3Ilb/default.jpg,False,False,False,Auto-generated sample description for Comedy video.
u-coh-M0DRj,24.19.02,Official Comedy Highlights,Channel_232,7,2024-02-17T01:00:00.000Z,vlog|official|live,6527,96,58,30,https://i.ytimg.com/vi/jL6y_vXbnNH/default.jpg,False,False,False,Auto-generated sample description for Comedy video.
UeVzcjauH6H,24.25.03,Top 10 Education Moments This Week,Channel_4779,10,2024-03-25T05:00:00.000Z,review|vlog|trending,40342,1744,186,721,https://i.ytimg.com/vi/BY5kMrKyeKC/default.jpg,False,False,False,Auto-generated sample description for Education video.
kdxG5aN0Md3,24.28.02,Reacting to Comedy Trends,Channel_457,4,2024-02-28T15:00:00.000Z,music|review|live,3419,261,4,37,https://i.ytimg.com/vi/VPxld7Aqz11/default.jpg,False,False,False,Auto-generated sample description for Comedy video.
DKehLftTe39,24.02.05,Why This Travel & Events Video Went Viral,Channel_4593,13,2024-04-30T10:00:00.000Z,review|vlog|music,6025,441,33,46,https://i.ytimg.com/vi/2TvZlfcuPd7/default.jpg,False,False,False,Auto-generated sample description for Travel & Events video.
sWl65TuGFeS,24.26.04,Why This Music Video Went Viral,Channel_2265,11,2024-04-23T01:00:00.000Z,live|music|trending,66175,4261,68,517,https://i.ytimg.com/vi/WLA7v4GHX98/default.jpg,False,False,False,Auto-generated sample description for Music video.
VTa6X5UHUEF,24.12.12,Reacting to Music Trends,Channel_3894,3,2024-12-10T02:00:00.000Z,music|live|official,25274,984,137,254,https://i.ytimg.com/vi/9HSOZGb98mt/default.jpg,False,False,False,Auto-generated sample description for Music video.
tQ-4ln4uvlu,24.08.05,Entertainment Compilation 2024,Channel_2391,14,2024-05-07T05:00:00.000Z,vlog|music|trending,106511,3851,587,1969,https://i.ytimg.com/vi/tg_QGqmaeOl/default.jpg,False,False,False,Auto-generated sample description for Entertainment video.
vv4Jx3twfg6,24.14.10,Top 10 Gaming Moments This Week,Channel_2323,6,2024-10-14T01:00:00.000Z,trending|vlog|live,15953,368,154,223,https://i.ytimg.com/vi/2zclTIRbHT4/default.jpg,True,False,False,Auto-generated sample description for Gaming video.
9CKwO4oOwrL,24.14.11,Behind the Scenes: Comedy,Channel_141,4,2024-11-11T01:00:00.000Z,official|2024|vlog,13232,181,36,207,https://i.ytimg.com/vi/RoClxBn19-j/default.jpg,False,False,False,Auto-generated sample description for Comedy video.
s_5m4rdiy6I,24.05.12,Behind the Scenes: Entertainment,Channel_4307,14,2024-12-04T08:00:00.000Z,live|trending|2024,55211,3094,249,437,https://i.ytimg.com/vi/LpVL_YsgRTn/default.jpg,False,False,False,Auto-generated sample description for Entertainment video.
uOjNcWmiD9O,24.12.09,Official Education Highlights,Channel_1362,10,2024-09-08T02:00:00.000Z,2024|vlog|review,18889,1081,148,80,https://i.ytimg.com/vi/ReR9XeZ8odw/default.jpg,False,False,False,Auto-generated sample description for Education video.
Xk2IDmn-u-m,24.22.07,Travel & Events Compilation 2024,Channel_786,15,2024-07-18T06:00:00.000Z,vlog|official|trending,90674,6241,570,1521,https://i.ytimg.com/vi/WbZ1h0OvxQM/default.jpg,False,False,False,Auto-generated sample description for Travel & Events video.
ICQ4vBVvHdZ,24.19.01,Top 10 Comedy Moments This Week,Channel_1633,4,2024-01-16T19:00:00.000Z,2024|review|official,43558,2247,135,484,https://i.ytimg.com/vi/eCa3VFaiRXr/default.jpg,False,False,False,Auto-generated sample description for Comedy video.
pu-yJvdKWIp,24.21.09,Why This Music Video Went Viral,Channel_2754,11,2024-09-20T15:00:00.000Z,vlog|2024|trending,43952,644,361,626,https://i.ytimg.com/vi/zUcg5duJ8ZT/default.jpg,False,False,False,Auto-generated sample description for Music video.
Liiw-9HyBiR,24.22.05,Music Compilation 2024,Channel_1860,3,2024-05-21T21:00:00.000Z,music|live|2024,201770,10299,1051,3427,https://i.ytimg.com/vi/-0TibRTVf4d/default.jpg,False,False,False,Auto-generated sample description for Music video.
26FOkb6DEKg,24.27.06,Reacting to Gaming Trends,Channel_2313,16,2024-06-26T08:00:00.000Z,vlog|music|review,79689,6217,163,838,https://i.ytimg.com/vi/Zkw5IhL4dfS/default.jpg,False,False,False,Auto-generated sample description for Gaming video.
DCSU94_Zusk,24.29.03,Reacting to Pets & Animals Trends,Channel_3927,2,2024-03-29T18:00:00.000Z,trending|review|official,20732,1317,106,182,https://i.ytimg.com/vi/7kRENT_6BO8/default.jpg,False,False,False,Auto-generated sample description for Pets & Animals video.
M99JI2puBGR,24.08.05,Comedy Compilation 2024,Channel_1487,4,2024-05-08T12:00:00.000Z,music|live|trending,65187,1585,245,303,https://i.ytimg.com/vi/ruQ9XjG6Xrv/default.jpg,False,False,False,Auto-generated sample description for Comedy video.
tP-b7YZ1y3e,24.07.12,Official Music Highlights,Channel_408,3,2024-12-04T00:00:00.000Z,vlog|live|2024,86956,1451,399,1707,https://i.ytimg.com/vi/5lv_ham7pSX/default.jpg,False,False,False,Auto-generated sample description for Music video.
g5UfASJkO4k,24.04.12,Reacting to Comedy Trends,Channel_4211,4,2024-12-04T06:00:00.000Z,trending|music|live,33644,1135,244,608,https://i.ytimg.com/vi/_1YXxumKTbL/default.jpg,False,False,False,Auto-generated sample description for Comedy video.
AMNX7oWIkge,24.02.12,Official Gaming Highlights,Channel_4088,16,2024-11-30T22:00:00.000Z,live|2024|trending,18766,1118,69,114,https://i.ytimg.com/vi/wcxO9OoAoBB/default.jpg,False,False,False,Auto-generated sample description for Gaming video.
RAWbmWaH7R_,24.29.03,Official Comedy Highlights,Channel_1673,7,2024-03-28T01:00:00.000Z,review|live|2024,919,27,1,2,https://i.ytimg.com/vi/w55Yuae2ZkQ/default.jpg,False,False,False,Auto-generated sample description for Comedy video.
RRxXQNmHZYO,24.23.08,Behind the Scenes: People & Blogs,Channel_4725,8,2024-08-23T09:00:00.000Z,2024|live|music,6290,338,5,124,https://i.ytimg.com/vi/Ag8dLTJ0Wiz/default.jpg,False,False,False,Auto-generated sample description for People & Blogs video.
BU89gI06dCs,24.18.01,Official Entertainment Highlights,Channel_4553,14,2024-01-14T02:00:00.000Z,review|trending|vlog,26360,1066,86,500,https://i.ytimg.com/vi/aT93UTAASzq/default.jpg,False,False,False,Auto-generated sample description for Entertainment video.
q3lWsT5Xzp-,24.07.12,Top 10 Pets & Animals Moments This Week,Channel_2154,2,2024-12-07T12:00:00.000Z,2024|music|official,4168,150,36,27,https://i.ytimg.com/vi/3pDNaFj1i3a/default.jpg,True,False,False,Auto-generated sample description for Pets & Animals video.
sqAW8hXEX_I,24.22.03,Official Entertainment Highlights,Channel_1111,14,2024-03-20T02:00:00.000Z,vlog|music|live,60764,2888,320,675,https://i.ytimg.com/vi/fkgIuGVwAVw/default.jpg,False,False,False,Auto-generated sample description for Entertainment video.
Hj73Hx044dm,25.08.01,Top 10 Gaming Moments This Week,Channel_2695,16,2025-01-06T12:00:00.000Z,official|music|2024,10313,803,19,9,https://i.ytimg.com/vi/cpHt02LWsQa/default.jpg,False,False,False,Auto-generated sample description for Gaming video.
QCVPzsN6Up5,24.10.02,Official People & Blogs Highlights,Channel_906,8,2024-02-06T05:00:00.000Z,trending|review|live,44070,3021,183,237,https://i.ytimg.com/vi/5TKmMeg8zB8/default.jpg,False,False,False,Auto-generated sample description for People & Blogs video.
pWNaEfIVc3-,24.28.10,Official Music Highlights,Channel_3343,3,2024-10-24T04:00:00.000Z,live|official|2024,53889,676,196,410,https://i.ytimg.com/vi/tBM4ABDs4ry/default.jpg,False,False,False,Auto-generated sample description for Music video.
Har5OFv8kL5,25.18.01,Music Compilation 2024,Channel_2598,11,2025-01-15T03:00:00.000Z,vlog|music|live,9111,474,69,118,https://i.ytimg.com/vi/-vaWLQ3zaro/default.jpg,False,False,False,Auto-generated sample description for Music video.
yZg3WVEUN5D,25.16.01,Why This Entertainment Video Went Viral,Channel_4688,14,2025-01-12T19:00:00.000Z,live|vlog|2024,131826,8621,704,1505,https://i.ytimg.com/vi/SlSFIEE77OA/default.jpg,False,False,False,Auto-generated sample description for Entertainment video.
C2Gm4lqJ1lB,25.20.01,Why This Comedy Video Went Viral,Channel_4552,7,2025-01-16T18:00:00.000Z,live|official|music,19236,1279,52,39,https://i.ytimg.com/vi/j928qDVjJQ5/default.jpg,False,False,False,Auto-generated sample description for Comedy video.
CdqjStBFASy,24.13.08,Why This Entertainment Video Went Viral,Channel_880,14,2024-08-11T08:00:00.000Z,official|music|review,49707,2961,350,426,https://i.ytimg.com/vi/XqcuqhwzLYN/default.jpg,False,False,False,Auto-generated sample description for Entertainment video.
tsv6hbV5717,24.11.12,Comedy Compilation 2024,Channel_871,4,2024-12-11T17:00:00.000Z,official|trending|review,14326,456,66,265,https://i.ytimg.com/vi/8bcXal5p7mQ/default.jpg,False,False,False,Auto-generated sample description for Comedy video.
-ofLc5IV7h8,24.15.08,Music Compilation 2024,Channel_2089,3,2024-08-14T04:00:00.000Z,trending|review|official,77942,2470,194,596,https://i.ytimg.com/vi/b6SZWgMwLBw/default.jpg,False,False,False,Auto-generated sample description for Music video.
zgJuYmhQWZs,24.18.03,Official Music Highlights,Channel_306,11,2024-03-14T14:00:00.000Z,2024|trending|official,19462,369,101,12,https://i.ytimg.com/vi/sG0C9exDJSA/default.jpg,False,False,False,Auto-generated sample description for Music video.
Sh95ek0qKNj,24.14.04,Top 10 Music Moments This Week,Channel_2022,11,2024-04-14T16:00:00.000Z,review|2024|vlog,4118,194,39,81,https://i.ytimg.com/vi/3F2hKv_8tkm/default.jpg,False,False,False,Auto-generated sample description for Music video.
2fZ3_HPVk7t,24.23.02,Official Music Highlights,Channel_4305,3,2024-02-22T11:00:00.000Z,official|vlog|music,227507,15400,1944,4257,https://i.ytimg.com/vi/aQuK6nVG5rz/default.jpg,False,False,False,Auto-generated sample description for Music video.
iRS-kMhjbKa,24.24.11,Why This Music Video Went Viral,Channel_2465,3,2024-11-21T13:00:00.000Z,review|trending|live,46676,3187,368,888,https://i.ytimg.com/vi/M6zx2bs8ens/default.jpg,False,False,False,Auto-generated sample description for Music video.
rE1iz_6uXNG,24.03.09,Behind the Scenes: Music,Channel_3879,11,2024-09-02T04:00:00.000Z,official|2024|review,29199,620,147,198,https://i.ytimg.com/vi/veTHMV02Z_h/default.jpg,False,False,False,Auto-generated sample description for Music video.
j4p5geMY_wa,24.04.07,Behind the Scenes: Music,Channel_1749,11,2024-07-02T02:00:00.000Z,music|trending|2024,3567,256,18,64,https://i.ytimg.com/vi/JhM24J7W68U/default.jpg,False,False,False,Auto-generated sample description for Music video.
px5tHZUyhXY,24.03.09,Top 10 Music Moments This Week,Channel_4580,11,2024-08-31T03:00:00.000Z,live|official|music,69435,2502,265,97,https://i.ytimg.com/vi/weW9s1e4XbB/default.jpg,False,False,False,Auto-generated sample description for Music video.
MO3nad20NOP,24.26.10,Behind the Scenes: Comedy,Channel_4894,7,2024-10-26T15:00:00.000Z,trending|live|music,5167,119,12,72,https://i.ytimg.com/vi/jcyX9VLwb87/default.jpg,False,False,False,Auto-generated sample description for Comedy video.
yrPVcnHE9T-,24.05.01,Why This Entertainment Video Went Viral,Channel_2926,14,2024-01-05T02:00:00.000Z,music|live|official,40603,2904,172,647,https://i.ytimg.com/vi/zgROxKlz-C1/default.jpg,False,False,False,Auto-generated sample description for Entertainment video.
HXQeUovRzOV,24.11.05,Reacting to Music Trends,Channel_3674,11,2024-05-08T04:00:00.000Z,official|vlog|live,61743,3435,65,707,https://i.ytimg.com/vi/4zbK1Szy41C/default.jpg,False,False,False,Auto-generated sample description for Music video.
8F3pPpsY9Zh,24.27.02,Top 10 Music Moments This Week,Channel_4926,3,2024-02-26T12:00:00.000Z,official|vlog|music,9163,397,60,124,https://i.ytimg.com/vi/aqKKsPx59im/default.jpg,False,False,False,Auto-generated sample description for Music video.
uWU92vGOCKt,24.18.01,Top 10 Music Moments This Week,Channel_2223,11,2024-01-15T00:00:00.000Z,live|2024|trending,50962,571,70,106,https://i.ytimg.com/vi/4RHcxyU5yWF/default.jpg,False,False,False,Auto-generated sample description for Music video.
RGJWlLmPjP4,24.19.07,Behind the Scenes: Music,Channel_1826,3,2024-07-15T21:00:00.000Z,trending|music|live,87129,3332,452,1628,https://i.ytimg.com/vi/_6xRBLrV_2p/default.jpg,False,False,False,Auto-generated sample description for Music video.
EY8dUZGTNrd,24.12.12,Music Compilation 2024,Channel_736,11,2024-12-10T08:00:00.000Z,review|trending|2024,253440,19064,693,1994,https://i.ytimg.com/vi/ELY_RAQ59LL/default.jpg,True,False,False,Auto-generated sample description for Music video.
6mM6Ee0jrKu,24.23.11,Behind the Scenes: Music,Channel_3906,11,2024-11-19T09:00:00.000Z,live|2024|review,12491,654,59,32,https://i.ytimg.com/vi/3ZJUs6hAthm/default.jpg,False,False,False,Auto-generated sample description for Music video.
10pfEtl9sb7,24.21.09,Top 10 Entertainment Moments This Week,Channel_2457,14,2024-09-20T19:00:00.000Z,live|music|official,11111,214,86,93,https://i.ytimg.com/vi/8fDMbKrv0cc/default.jpg,False,False,False,Auto-generated sample description for Entertainment video.
LUFkKtGtO4K,24.14.03,Official Music Highlights,Channel_3439,3,2024-03-12T19:00:00.000Z,2024|music|review,5771,157,51,47,https://i.ytimg.com/vi/zShsN3rKPma/default.jpg,False,False,False,Auto-generated sample description for Music video.
0Kw_o6lrQvD,24.07.11,Official People & Blogs Highlights,Channel_426,8,2024-11-05T02:00:00.000Z,trending|live|vlog,39627,1507,158,378,https://i.ytimg.com/vi/6vN2JjmnMCg/default.jpg,False,False,False,Auto-generated sample description for People & Blogs video.
G0CbF_X-DtD,24.01.08,Reacting to Music Trends,Channel_1226,3,2024-08-01T15:00:00.000Z,2024|live|music,35177,2671,307,237,https://i.ytimg.com/vi/oSPGXbUp7dM/default.jpg,False,False,False,Auto-generated sample description for Music video.
lOVg-MU6eSs,24.16.08,Official Gaming Highlights,Channel_1222,6,2024-08-15T20:00:00.000Z,music|live|review,4862,188,12,19,https://i.ytimg.com/vi/Pf9tf1SyniM/default.jpg,False,False,False,Auto-generated sample description for Gaming video.
c5sKQaTc6Ky,24.04.11,Music Compilation 2024,Channel_843,11,2024-10-31T00:00:00.000Z,2024|vlog|official,7648,184,61,13,https://i.ytimg.com/vi/pQbBKBgiWLJ/default.jpg,False,False,False,Auto-generated sample description for Music video.
e4vthUvMhVR,24.04.09,Behind the Scenes: Music,Channel_51,3,2024-08-31T03:00:00.000Z,live|vlog|trending,17378,457,50,13,https://i.ytimg.com/vi/9IOC4VafaUp/default.jpg,False,False,False,Auto-generated sample description for Music video.
XhcC6sUjK9q,24.26.05,Entertainment Compilation 2024,Channel_3703,14,2024-05-22T13:00:00.000Z,trending|review|live,219163,8805,1332,3568,https://i.ytimg.com/vi/b4yzbla4Vuk/default.jpg,False,False,False,Auto-generated sample description for Entertainment video.
MHkmBtLBw9e,24.27.10,Behind the Scenes: People & Blogs,Channel_1315,8,2024-10-26T04:00:00.000Z,trending|vlog|music,7805,169,20,23,https://i.ytimg.com/vi/TLTpo95d2gD/default.jpg,False,False,False,Auto-generated sample description for People & Blogs video.
Kh7HAasEgJw,24.26.07,Reacting to Comedy Trends,Channel_2319,7,2024-07-23T16:00:00.000Z,live|music|review,5181,232,32,20,https://i.ytimg.com/vi/L7YdUhPi1_z/default.jpg,False,False,False,Auto-generated sample description for Comedy video.
rj96TmmkzSp,24.13.12,Reacting to Entertainment Trends,Channel_2194,14,2024-12-11T14:00:00.000Z,official|review|vlog,67369,4707,288,1239,https://i.ytimg.com/vi/y5dVdoaPw4x/default.jpg,False,False,False,Auto-generated sample description for Entertainment video.
qw8hGktROdG,24.14.12,Top 10 Entertainment Moments This Week,Channel_3846,14,2024-12-12T13:00:00.000Z,review|2024|music,5768433,280154,22867,92236,https://i.ytimg.com/vi/Jzd-k5yZlUi/default.jpg,False,False,False,Auto-generated sample description for Entertainment video.
LOjbwgoItgB,24.22.05,Official Music Highlights,Channel_446,3,2024-05-19T06:00:00.000Z,trending|music|2024,33420,1882,222,267,https://i.ytimg.com/vi/-nZkBZ7uLsL/default.jpg,False,False,False,Auto-generated sample description for Music video.
HUmPECBHmAN,24.08.08,Top 10 Gaming Moments This Week,Channel_3271,16,2024-08-04T05:00:00.000Z,vlog|review|live,391526,11026,2616,4117,https://i.ytimg.com/vi/BWXCQe4xpS5/default.jpg,False,False,False,Auto-generated sample description for Gaming video.
MOGdySHCKt1,24.20.02,Why This Entertainment Video Went Viral,Channel_3874,14,2024-02-20T06:00:00.000Z,2024|review|music,7379,187,61,106,https://i.ytimg.com/vi/-JK3Ad4Yzui/default.jpg,False,False,False,Auto-generated sample description for Entertainment video.
Uszvu8TNK_T,24.09.11,Official Comedy Highlights,Channel_4483,7,2024-11-08T20:00:00.000Z,live|2024|music,106603,6449,568,1349,https://i.ytimg.com/vi/BEzT0v5qpHE/default.jpg,False,False,False,Auto-generated sample description for Comedy video.
pMk-lifR1T9,24.30.07,Behind the Scenes: Music,Channel_1045,3,2024-07-26T06:00:00.000Z,review|2024|official,36988,2932,342,381,https://i.ytimg.com/vi/Z4UXz09uqHx/default.jpg,False,False,False,Auto-generated sample description for Music video.
hOTw5o_8UgC,24.26.08,Music Compilation 2024,Channel_402,3,2024-08-22T21:00:00.000Z,vlog|live|trending,83694,4586,85,1606,https://i.ytimg.com/vi/z8on7jNMzim/default.jpg,False,False,False,Auto-generated sample description for Music video.
3xoCZ_lsSq1,24.19.08,Behind the Scenes: Music,Channel_45,3,2024-08-17T20:00:00.000Z,music|trending|2024,31867,2183,55,476,https://i.ytimg.com/vi/SpAFMs358Bj/default.jpg,False,False,False,Auto-generated sample description for Music video.
pENux9TmjgS,24.02.01,Reacting to Music Trends,Channel_1683,3,2024-01-02T16:00:00.000Z,live|music|official,23694,841,14,285,https://i.ytimg.com/vi/9xf6PC8pjmB/default.jpg,False,False,False,Auto-generated sample description for Music video.
VK8NQTvs9Q_,24.18.02,Official Comedy Highlights,Channel_1336,7,2024-02-15T09:00:00.000Z,live|official|music,64779,3249,326,938,https://i.ytimg.com/vi/YsZWQIFk9fj/default.jpg,False,False,False,Auto-generated sample description for Comedy video.
2CIIm4ylHfF,24.28.03,Official Music Highlights,Channel_4701,3,2024-03-26T11:00:00.000Z,vlog|music|review,63297,4798,621,166,https://i.ytimg.com/vi/e28XWVKy6Lu/default.jpg,False,False,False,Auto-generated sample description for Music video.
35K7AuYsHeU,24.04.04,Behind the Scenes: Music,Channel_4396,11,2024-04-01T14:00:00.000Z,live|official|review,23625,1804,56,176,https://i.ytimg.com/vi/juw4Efm5fCC/default.jpg,False,False,False,Auto-generated sample description for Music video.
4zbPp7DT21f,24.28.01,Behind the Scenes: Music,Channel_289,11,2024-01-25T15:00:00.000Z,vlog|music|trending,2939,186,21,16,https://i.ytimg.com/vi/39d1GOUhXEV/default.jpg,False,False,False,Auto-generated sample description for Music video.
2u2PztJlUG6,24.05.12,Official Comedy Highlights,Channel_946,4,2024-12-05T09:00:00.000Z,2024|vlog|live,1158,49,5,12,https://i.ytimg.com/vi/lEOIO4KqA8l/default.jpg,False,False,False,Auto-generated sample description for Comedy video.
Sxfgvk1aJSd,24.26.06,Behind the Scenes: Music,Channel_4600,3,2024-06-24T18:00:00.000Z,2024|review|live,17283,303,18,60,https://i.ytimg.com/vi/ONSGyJgKN4w/default.jpg,False,False,False,Auto-generated sample description for Music video.
y62MftBK_WZ,24.03.09,Behind the Scenes: Music,Channel_1046,11,2024-09-01T16:00:00.000Z,music|official|vlog,11801,152,51,111,https://i.ytimg.com/vi/-1cvfkoJADz/default.jpg,False,False,False,Auto-generated sample description for Music video.
orJoTA7SCwD,24.10.10,Top 10 Gaming Moments This Week,Channel_468,16,2024-10-08T06:00:00.000Z,2024|review|live,23119,268,64,151,https://i.ytimg.com/vi/1HY3sY5kGnx/default.jpg,False,False,False,Auto-generated sample description for Gaming video.
YIcs1X6sxVc,24.05.08,Behind the Scenes: Science & Technology,Channel_393,12,2024-08-01T09:00:00.000Z,live|vlog|2024,3864,146,17,41,https://i.ytimg.com/vi/xLmUgyfrD-5/default.jpg,False,False,False,Auto-generated sample description for Science & Technology video.
teU5llY5m0f,24.05.05,People & Blogs Compilation 2024,Channel_899,8,2024-05-02T08:00:00.000Z,music|2024|live,9713,629,45,40,https://i.ytimg.com/vi/b7jTe39l-RH/default.jpg,False,False,False,Auto-generated sample description for People & Blogs video.
PbKPoycIPQq,24.24.12,Official Comedy Highlights,Channel_4128,4,2024-12-21T09:00:00.000Z,official|live|trending,6397,243,23,3,https://i.ytimg.com/vi/lYz7RTcRKAB/default.jpg,False,False,False,Auto-generated sample description for Comedy video.
K_twsJ8hIg8,24.21.08,Behind the Scenes: Comedy,Channel_2194,7,2024-08-17T15:00:00.000Z,live|review|vlog,2646,74,20,44,https://i.ytimg.com/vi/oxvE2JOm63K/default.jpg,False,False,False,Auto-generated sample description for Comedy video.
F3p1R_3jTvl,25.28.01,Music Compilation 2024,Channel_4177,3,2025-01-24T20:00:00.000Z,2024|live|vlog,390265,5271,1980,3915,https://i.ytimg.com/vi/35BbOAtSds-/default.jpg,False,False,False,Auto-generated sample description for Music video.
U0dFCBcFj_L,24.24.06,Music Compilation 2024,Channel_3172,11,2024-06-23T11:00:00.000Z,2024|music|vlog,13137,305,75,21,https://i.ytimg.com/vi/ckQ7ROvkG_r/default.jpg,False,False,False,Auto-generated sample description for Music video.
hU5PiIKjkhj,24.22.03,Comedy Compilation 2024,Channel_315,4,2024-03-19T10:00:00.000Z,review|2024|official,64940,4096,384,861,https://i.ytimg.com/vi/IFqUCRQCYka/default.jpg,False,False,False,Auto-generated sample description for Comedy video.
ZbmHssRwcUr,24.11.07,Top 10 Music Moments This Week,Channel_2141,3,2024-07-07T04:00:00.000Z,trending|vlog|2024,501125,28162,2249,3121,https://i.ytimg.com/vi/cyK1qbz_Lco/default.jpg,False,False,False,Auto-generated sample description for Music video.
VC4iadmjSvd,24.18.02,Behind the Scenes: Entertainment,Channel_4406,14,2024-02-17T09:00:00.000Z,official|2024|music,1281,83,2,14,https://i.ytimg.com/vi/Sq4rh7eNr-J/default.jpg,False,False,False,Auto-generated sample description for Entertainment video.
ShXvzeBV0NK,24.16.06,Comedy Compilation 2024,Channel_2618,7,2024-06-16T04:00:00.000Z,music|official|2024,18902,1088,46,370,https://i.ytimg.com/vi/1b7h4n5Zg3K/default.jpg,False,False,False,Auto-generated sample description for Comedy video.
inMJFpnkN_D,24.24.12,Entertainment Compilation 2024,Channel_3211,14,2024-12-21T03:00:00.000Z,vlog|2024|trending,39653,1795,118,372,https://i.ytimg.com/vi/ro5DhQnOdz2/default.jpg,False,False,False,Auto-generated sample description for Entertainment video.
6ZMNDERord5,24.08.05,Top 10 Comedy Moments This Week,Channel_3799,4,2024-05-05T11:00:00.000Z,music|trending|2024,83213,6130,745,765,https://i.ytimg.com/vi/GlTsJ6qgu6L/default.jpg,False,False,False,Auto-generated sample description for Comedy video.
vNc7O9Z1GBI,25.17.01,Reacting to Music Trends,Channel_4215,11,2025-01-16T04:00:00.000Z,music|review|vlog,82686,3246,731,438,https://i.ytimg.com/vi/y5e_1HKJgJK/default.jpg,False,False,False,Auto-generated sample description for Music video.
fqlgYONqktI,24.15.05,Reacting to Music Trends,Channel_283,3,2024-05-12T08:00:00.000Z,review|trending|music,93357,2968,386,339,https://i.ytimg.com/vi/d_flDsnTgqC/default.jpg,False,False,False,Auto-generated sample description for Music video.
tKo3P_KCPRL,24.13.07,Top 10 Music Moments This Week,Channel_427,11,2024-07-12T11:00:00.000Z,music|vlog|live,94867,3187,498,1312,https://i.ytimg.com/vi/whWR0znWnNm/default.jpg,False,False,False,Auto-generated sample description for Music video.
ntDTmCDzLfp,24.12.07,Top 10 Music Moments This Week,Channel_3717,11,2024-07-08T00:00:00.000Z,live|2024|trending,26833,1585,78,457,https://i.ytimg.com/vi/xirNGFti_lu/default.jpg,False,False,False,Auto-generated sample description for Music video.
CugRPTApmPW,24.10.12,Behind the Scenes: Entertainment,Channel_1381,14,2024-12-09T08:00:00.000Z,vlog|2024|live,5947,262,53,110,https://i.ytimg.com/vi/h3puSmXNP9L/default.jpg,False,False,False,Auto-generated sample description for Entertainment video.
26EDrD9924h,24.19.05,Why This Gaming Video Went Viral,Channel_4613,16,2024-05-17T22:00:00.000Z,review|vlog|trending,20551,1361,196,168,https://i.ytimg.com/vi/GGoedmV5d9N/default.jpg,False,False,False,Auto-generated sample description for Gaming video.
3ivIPMDYxiw,24.16.02,Official Comedy Highlights,Channel_2368,7,2024-02-13T07:00:00.000Z,vlog|music|trending,349,15,2,0,https://i.ytimg.com/vi/lTKzdK2nURA/default.jpg,False,False,False,Auto-generated sample description for Comedy video.
u5w4NDqLW_n,24.10.08,Top 10 Music Moments This Week,Channel_2575,3,2024-08-09T19:00:00.000Z,official|trending|live,161956,4142,528,1188,https://i.ytimg.com/vi/xMoUlf5m7a-/default.jpg,False,False,False,Auto-generated sample description for Music video.
oNGc50o5oUn,24.01.12,Official Music Highlights,Channel_599,11,2024-11-29T06:00:00.000Z,review|trending|music,409,20,4,6,https://i.ytimg.com/vi/czo3tGi8-Br/default.jpg,False,False,False,Auto-generated sample description for Music video.
gPKs_KmVUcD,24.04.11,Why This Science & Technology Video Went Viral,Channel_644,12,2024-11-04T18:00:00.000Z,2024|live|vlog,7439,349,37,55,https://i.ytimg.com/vi/DMkLD0Iq6fV/default.jpg,False,False,False,Auto-generated sample description for Science & Technology video.
y_3aq2HLg6k,24.28.08,Why This Music Video Went Viral,Channel_110,3,2024-08-26T14:00:00.000Z,2024|official|vlog,12235,831,79,118,https://i.ytimg.com/vi/tX-0kb9iVlq/default.jpg,False,False,False,Auto-generated sample description for Music video.
9FfFSr9lfOn,24.26.02,Top 10 Comedy Moments This Week,Channel_1982,4,2024-02-25T02:00:00.000Z,vlog|official|music,14560,570,87,259,https://i.ytimg.com/vi/Lvh4HNgwVOb/default.jpg,False,False,False,Auto-generated sample description for Comedy video.
St9JprvQJD9,24.20.06,Reacting to Entertainment Trends,Channel_780,14,2024-06-20T14:00:00.000Z,live|review|official,35155,2187,276,256,https://i.ytimg.com/vi/jRjbmqiETHW/default.jpg,False,False,False,Auto-generated sample description for Entertainment video.
jej6orjSeLH,25.02.02,Reacting to Film & Animation Trends,Channel_4334,9,2025-01-31T07:00:00.000Z,music|live|review,26383,1298,53,186,https://i.ytimg.com/vi/Y4Rz7kVm-IG/default.jpg,False,False,False,Auto-generated sample description for Film & Animation video.
NnSpxpLDsmD,24.22.06,Top 10 Gaming Moments This Week,Channel_709,6,2024-06-21T21:00:00.000Z,2024|trending|official,1789,115,10,17,https://i.ytimg.com/vi/GSM_UI_KDkr/default.jpg,False,False,False,Auto-generated sample description for Gaming video.
owhR6QceZQA,24.29.12,Reacting to Entertainment Trends,Channel_1274,14,2024-12-26T13:00:00.000Z,music|live|2024,359182,5521,1078,6305,https://i.ytimg.com/vi/0NDKL6yspuZ/default.jpg,True,False,False,Auto-generated sample description for Entertainment video.
_U0FD1jaNY4,24.24.12,Behind the Scenes: Music,Channel_2477,3,2024-12-22T07:00:00.000Z,2024|trending|music,5208,410,9,77,https://i.ytimg.com/vi/4usX2I7CZUe/default.jpg,False,False,False,Auto-generated sample description for Music video.
Sop6MhkNI_t,24.29.08,Reacting to Music Trends,Channel_1724,3,2024-08-25T00:00:00.000Z,live|review|music,151182,9012,951,971,https://i.ytimg.com/vi/NVLEv2AZDxZ/default.jpg,False,False,False,Auto-generated sample description for Music video.
YL10K1ChzTI,24.31.10,Behind the Scenes: Music,Channel_2497,3,2024-10-29T01:00:00.000Z,review|vlog|music,19493,755,63,143,https://i.ytimg.com/vi/gCq5VLcm66V/default.jpg,False,False,False,Auto-generated sample description for Music video.
FyGCv3a82Rc,24.28.01,Why This Entertainment Video Went Viral,Channel_2048,14,2024-01-25T01:00:00.000Z,review|2024|music,27711,1011,136,149,https://i.ytimg.com/vi/9Jg4roatoMj/default.jpg,False,False,False,Auto-generated sample description for Entertainment video.
mdlUrmLKbf2,24.23.02,Why This Music Video Went Viral,Channel_467,11,2024-02-23T14:00:00.000Z,trending|2024|vlog,1953,41,13,32,https://i.ytimg.com/vi/C_DvGQi1bt-/default.jpg,False,False,False,Auto-generated sample description for Music video.
soMI9AqjdjZ,24.12.06,Music Compilation 2024,Channel_3138,3,2024-06-11T01:00:00.000Z,music|2024|official,1088703,59582,7650,14588,https://i.ytimg.com/vi/pmEGQPP8gWb/default.jpg,False,False,False,Auto-generated sample description for Music video.
izrTnMWM6N3,25.13.01,Music Compilation 2024,Channel_1046,3,2025-01-12T13:00:00.000Z,trending|official|2024,18191,949,32,91,https://i.ytimg.com/vi/2KbOcOe7ghx/default.jpg,False,False,False,Auto-generated sample description for Music video.
RZj3Qj91ExP,24.19.04,Music Compilation 2024,Channel_2120,3,2024-04-19T20:00:00.000Z,trending|vlog|review,8147,488,65,116,https://i.ytimg.com/vi/ovmxoxexLWj/default.jpg,False,False,False,Auto-generated sample description for Music video.
c3-jJSdA1ZI,24.22.12,Official Nonprofits & Activism Highlights,Channel_3011,5,2024-12-19T13:00:00.000Z,official|trending|vlog,4447,163,36,50,https://i.ytimg.com/vi/DAPVehEgFM9/default.jpg,False,False,False,Auto-generated sample description for Nonprofits & Activism video.
3M3xbW5fAZ7,24.02.05,Official Music Highlights,Channel_530,3,2024-04-29T07:00:00.000Z,vlog|official|review,88038,4141,125,706,https://i.ytimg.com/vi/RK445wyKMhF/default.jpg,False,False,False,Auto-generated sample description for Music video.
1V_KMaQA-3d,24.21.01,Music Compilation 2024,Channel_3622,11,2024-01-19T10:00:00.000Z,music|vlog|live,473795,34811,1583,1069,https://i.ytimg.com/vi/4Z10oswXVBF/default.jpg,False,False,False,Auto-generated sample description for Music video.
bQlbgexpgYx,24.28.04,Top 10 Entertainment Moments This Week,Channel_1938,14,2024-04-25T08:00:00.000Z,official|vlog|review,38922,1848,23,498,https://i.ytimg.com/vi/D4MbhVqWl8k/default.jpg,False,False,False,Auto-generated sample description for Entertainment video.
PDGNnHAi-W8,24.30.09,Entertainment Compilation 2024,Channel_4210,14,2024-09-26T14:00:00.000Z,trending|music|live,3222,158,7,40,https://i.ytimg.com/vi/QPH7bdNZaf_/default.jpg,False,False,False,Auto-generated sample description for Entertainment video.
kH41PGkG5W5,24.09.06,Top 10 Film & Animation Moments This Week,Channel_4024,9,2024-06-07T03:00:00.000Z,live|music|official,5651,63,5,25,https://i.ytimg.com/vi/D1RuSHJwEYw/default.jpg,False,False,False,Auto-generated sample description for Film & Animation video.
WIYpdC95sYS,24.15.10,Top 10 Music Moments This Week,Channel_4303,3,2024-10-13T10:00:00.000Z,2024|review|vlog,51124,3201,34,277,https://i.ytimg.com/vi/8m625MVil_K/default.jpg,False,False,False,Auto-generated sample description for Music video.
5A3WHF9CE2D,24.03.11,Behind the Scenes: Music,Channel_1348,3,2024-10-30T00:00:00.000Z,music|vlog|trending,49811,3936,259,447,https://i.ytimg.com/vi/WVpemfgfAKu/default.jpg,False,False,False,Auto-generated sample description for Music video.
RrzDLpcQ9li,24.22.09,Behind the Scenes: Comedy,Channel_4910,7,2024-09-22T02:00:00.000Z,music|trending|review,35867,2619,336,84,https://i.ytimg.com/vi/AtlSXWH4188/default.jpg,False,False,False,Auto-generated sample description for Comedy video.
g3P8jXFLlkP,25.30.01,Behind the Scenes: Education,Channel_1025,10,2025-01-28T09:00:00.000Z,trending|review|official,356,22,1,4,https://i.ytimg.com/vi/LhlFmzOK_Se/default.jpg,False,False,False,Auto-generated sample description for Education video.
dthc2FzDBOM,24.05.07,Official Music Highlights,Channel_3140,3,2024-07-04T15:00:00.000Z,2024|trending|official,18256,641,34,166,https://i.ytimg.com/vi/OPnAxm3EOYh/default.jpg,False,False,False,Auto-generated sample description for Music video.
SNg0LS22pEi,24.28.08,Music Compilation 2024,Channel_1443,3,2024-08-27T09:00:00.000Z,music|official|live,18881,1119,147,298,https://i.ytimg.com/vi/dNEKhj_ESCQ/default.jpg,False,False,False,Auto-generated sample description for Music video.
CjOAb2q7HUD,24.05.11,Music Compilation 2024,Channel_4145,3,2024-11-04T02:00:00.000Z,music|review|live,20756,733,114,376,https://i.ytimg.com/vi/Br0VHkDQ4t-/default.jpg,False,False,False,Auto-generated sample description for Music video.
yfeBHPAxozo,24.03.01,Top 10 Travel & Events Moments This Week,Channel_538,13,2024-01-02T06:00:00.000Z,vlog|review|trending,12388,649,56,231,https://i.ytimg.com/vi/gPqm-D0JGcS/default.jpg,False,False,False,Auto-generated sample description for Travel & Events video.
zcxJrYC-Dsb,24.13.10,Behind the Scenes: Music,Channel_1263,3,2024-10-12T03:00:00.000Z,vlog|2024|review,8110,647,38,75,https://i.ytimg.com/vi/xplZxAR5D7v/default.jpg,False,False,False,Auto-generated sample description for Music video.
LUDh9UV54ee,24.07.04,Official Entertainment Highlights,Channel_158,14,2024-04-04T22:00:00.000Z,live|2024|music,451745,20957,2012,1028,https://i.ytimg.com/vi/0ymvDmbiYvV/default.jpg,False,False,False,Auto-generated sample description for Entertainment video.
EGXxdr-PGZu,24.10.04,Reacting to Entertainment Trends,Channel_4003,14,2024-04-07T19:00:00.000Z,vlog|2024|live,57099,889,62,223,https://i.ytimg.com/vi/p3z5ioZ-R96/default.jpg,False,False,False,Auto-generated sample description for Entertainment video.
K61pHzlJUzu,24.06.08,Why This Gaming Video Went Viral,Channel_4113,6,2024-08-02T15:00:00.000Z,music|official|live,2505,27,24,34,https://i.ytimg.com/vi/aW1UMURIYTj/default.jpg,False,False,False,Auto-generated sample description for Gaming video.
ek-4Eu6SOQH,24.15.11,Official Music Highlights,Channel_215,11,2024-11-12T00:00:00.000Z,live|trending|2024,46931,993,153,896,https://i.ytimg.com/vi/YdJfEuLYEe8/default.jpg,False,False,True,Auto-generated sample description for Music video.
889KrcmjqiW,24.03.06,Top 10 Comedy Moments This Week,Channel_488,4,2024-05-30T11:00:00.000Z,review|vlog|official,2952,32,15,1,https://i.ytimg.com/vi/c54u9BB6lcR/default.jpg,False,False,False,Auto-generated sample description for Comedy video.
fJTazx-ssyB,24.16.08,Official Science & Technology Highlights,Channel_894,12,2024-08-12T06:00:00.000Z,music|2024|review,1644,47,5,29,https://i.ytimg.com/vi/L3v-hSpWyFq/default.jpg,False,False,False,Auto-generated sample description for Science & Technology video.
ilkWupYi_P_,24.18.05,Why This Music Video Went Viral,Channel_304,3,2024-05-18T11:00:00.000Z,live|2024|official,499571,31074,2815,846,https://i.ytimg.com/vi/TSHMPFuxcBy/default.jpg,False,False,False,Auto-generated sample description for Music video.
i0k8NCiIgas,25.13.01,Why This Comedy Video Went Viral,Channel_1197,7,2025-01-09T15:00:00.000Z,official|vlog|2024,48117,2964,282,454,https://i.ytimg.com/vi/13fAlGa-NPM/default.jpg,False,False,False,Auto-generated sample description for Comedy video.
OccmhL1qR4A,25.10.01,Behind the Scenes: Entertainment,Channel_2585,14,2025-01-08T13:00:00.000Z,review|trending|official,11064,854,61,34,https://i.ytimg.com/vi/DFClgchEOqw/default.jpg,False,False,False,Auto-generated sample description for Entertainment video.
mFZpBvtUS_o,24.14.07,Top 10 Music Moments This Week,Channel_3781,11,2024-07-10T06:00:00.000Z,official|review|music,111252,6952,89,1048,https://i.ytimg.com/vi/lO9ZQVhuMIu/default.jpg,False,False,False,Auto-generated sample description for Music video.
lN9CN4OzhzN,24.06.09,Music Compilation 2024,Channel_3015,3,2024-09-02T00:00:00.000Z,2024|official|trending,82735,2325,388,608,https://i.ytimg.com/vi/u0HMEb-aIMK/default.jpg,False,False,False,Auto-generated sample description for Music video.
lLPPhhLIVuY,24.26.06,Reacting to Music Trends,Channel_2257,3,2024-06-25T03:00:00.000Z,music|2024|trending,776,23,4,4,https://i.ytimg.com/vi/xDxxvbI_IGn/default.jpg,False,False,False,Auto-generated sample description for Music video.
MhwE7Xy_xso,25.01.02,Reacting to Gaming Trends,Channel_3657,16,2025-01-30T02:00:00.000Z,official|live|2024,66779,733,169,1160,https://i.ytimg.com/vi/NUK8H80hL8A/default.jpg,False,False,False,Auto-generated sample description for Gaming video.
8TX5ePmhwOE,24.31.05,Top 10 Comedy Moments This Week,Channel_4070,7,2024-05-30T20:00:00.000Z,review|official|vlog,11225,140,41,208,https://i.ytimg.com/vi/f110XkHUX2T/default.jpg,False,False,False,Auto-generated sample description for Comedy video.
WHQ9Zo9eIc2,24.22.11,Official Music Highlights,Channel_2370,3,2024-11-21T20:00:00.000Z,live|official|trending,103036,4016,274,930,https://i.ytimg.com/vi/cyIn3QZ3S8H/default.jpg,False,False,False,Auto-generated sample description for Music video.
cJvVZDppB_N,24.12.02,Reacting to People & Blogs Trends,Channel_4829,8,2024-02-10T18:00:00.000Z,music|review|live,9395,715,27,74,https://i.ytimg.com/vi/Pcg9crdr1WV/default.jpg,False,False,False,Auto-generated sample description for People & Blogs video.
_qcZP1gAXGr,24.09.04,Reacting to Comedy Trends,Channel_4763,7,2024-04-09T12:00:00.000Z,2024|vlog|review,13822,825,35,152,https://i.ytimg.com/vi/D8FmBdQAi_C/default.jpg,False,False,False,Auto-generated sample description for Comedy video.
Qs5DlEpafHN,24.06.10,Music Compilation 2024,Channel_1483,11,2024-10-02T21:00:00.000Z,music|official|2024,30790,384,303,398,https://i.ytimg.com/vi/upxKoALRzi3/default.jpg,False,False,False,Auto-generated sample description for Music video.
Us3kM_WaYN3,24.18.01,Behind the Scenes: Music,Channel_1315,11,2024-01-16T00:00:00.000Z,trending|music|live,36449,2095,267,184,https://i.ytimg.com/vi/8ooiIa-NjUG/default.jpg,False,False,False,Auto-generated sample description for Music video.
H7BhxhvuCpX,24.20.11,Reacting to Music Trends,Channel_3093,11,2024-11-16T12:00:00.000Z,vlog|live|official,181353,8848,510,3143,https://i.ytimg.com/vi/QbkXs9UqhWH/default.jpg,False,False,False,Auto-generated sample description for Music video.
fq4mout0AUz,24.08.05,Reacting to Entertainment Trends,Channel_4472,14,2024-05-04T11:00:00.000Z,trending|2024|music,192645,9266,122,1028,https://i.ytimg.com/vi/2WzvHyETp-X/default.jpg,False,False,False,Auto-generated sample description for Entertainment video.
CNr-fjs6d8l,24.26.06,Official Film & Animation Highlights,Channel_3154,9,2024-06-23T10:00:00.000Z,official|music|vlog,14953,536,59,266,https://i.ytimg.com/vi/Kih6B_93u0p/default.jpg,False,False,False,Auto-generated sample description for Film & Animation video.
RJtLwdIC9bx,24.17.01,Top 10 Music Moments This Week,Channel_1073,11,2024-01-13T13:00:00.000Z,music|2024|review,12882,974,107,48,https://i.ytimg.com/vi/MKAeQtjKom0/default.jpg,False,False,False,Auto-generated sample description for Music video.
BcHPJb1wpgg,24.17.06,Behind the Scenes: Film & Animation,Channel_150,9,2024-06-17T18:00:00.000Z,trending|review|vlog,21097,1434,67,87,https://i.ytimg.com/vi/s_aqumJra8N/default.jpg,False,False,False,Auto-generated sample description for Film & Animation video.
SIY-zKYDklP,24.09.01,Top 10 Entertainment Moments This Week,Channel_2578,14,2024-01-06T18:00:00.000Z,review|music|live,70042,2326,140,1316,https://i.ytimg.com/vi/x9mZPxGt8Ug/default.jpg,False,False,False,Auto-generated sample description for Entertainment video.
UnKRvVACkP3,25.07.01,Top 10 People & Blogs Moments This Week,Channel_2298,8,2025-01-05T01:00:00.000Z,official|music|trending,3403,99,32,37,https://i.ytimg.com/vi/Q-z5M61t2nV/default.jpg,False,False,False,Auto-generated sample description for People & Blogs video.
E3kEB1ZbqWN,24.04.09,Behind the Scenes: Comedy,Channel_4091,4,2024-09-01T07:00:00.000Z,trending|music|vlog,15206,275,44,103,https://i.ytimg.com/vi/XKqxIJJMCrD/default.jpg,False,False,False,Auto-generated sample description for Comedy video.
764GqQlTPs6,24.10.08,Top 10 Entertainment Moments This Week,Channel_998,14,2024-08-09T06:00:00.000Z,vlog|official|trending,23334,271,216,128,https://i.ytimg.com/vi/pashAroJtqz/default.jpg,False,False,False,Auto-generated sample description for Entertainment video.
cLfdMYi1XIF,24.13.05,Music Compilation 2024,Channel_468,11,2024-05-10T22:00:00.000Z,official|trending|live,848873,11901,4303,15018,https://i.ytimg.com/vi/uYvTqSQGejr/default.jpg,False,False,False,Auto-generated sample description for Music video.
ZeZyCae8fh_,24.03.08,Official Science & Technology Highlights,Channel_3198,12,2024-08-02T05:00:00.000Z,official|live|2024,8339,593,35,37,https://i.ytimg.com/vi/9FAnWKur8fE/default.jpg,False,False,False,Auto-generated sample description for Science & Technology video.
vSN85pRxjZK,24.17.12,Reacting to Music Trends,Channel_2692,11,2024-12-17T09:00:00.000Z,trending|2024|official,142422,1773,1062,1437,https://i.ytimg.com/vi/igt7m4rwWvZ/default.jpg,False,False,False,Auto-generated sample description for Music video.
SrHlhL-iJz5,24.20.08,Top 10 Music Moments This Week,Channel_3067,11,2024-08-16T00:00:00.000Z,live|2024|music,18153,517,101,340,https://i.ytimg.com/vi/bNbSwctpmy4/default.jpg,False,False,False,Auto-generated sample description for Music video.
4astt0BtHlB,24.28.12,Why This Music Video Went Viral,Channel_3132,3,2024-12-25T04:00:00.000Z,official|review|live,5064,313,21,53,https://i.ytimg.com/vi/qtSoB-mpYcv/default.jpg,False,False,False,Auto-generated sample description for Music video.
CqOjRvsHprT,24.21.04,Behind the Scenes: Comedy,Channel_3618,7,2024-04-18T09:00:00.000Z,official|trending|vlog,66617,3168,356,699,https://i.ytimg.com/vi/R1UvOk4TS4Y/default.jpg,False,False,False,Auto-generated sample description for Comedy video.
XmdaH9A_XGv,24.09.11,Gaming Compilation 2024,Channel_3829,16,2024-11-09T02:00:00.000Z,official|2024|trending,2981,148,1,5,https://i.ytimg.com/vi/ODGSLmr_FtG/default.jpg,False,False,False,Auto-generated sample description for Gaming video.
yBaQVMuO-Gz,24.10.09,Music Compilation 2024,Channel_1061,11,2024-09-06T21:00:00.000Z,trending|2024|review,90480,6540,531,637,https://i.ytimg.com/vi/4URY3k-7rgJ/default.jpg,False,False,False,Auto-generated sample description for Music video.
UinK6LLzeoI,25.19.01,Behind the Scenes: Music,Channel_2055,3,2025-01-17T09:00:00.000Z,official|vlog|live,17563,1291,129,176,https://i.ytimg.com/vi/S_3Pv9uJD5W/default.jpg,False,False,False,Auto-generated sample description for Music video.
sAwPeRyqtT3,24.01.07,Top 10 Comedy Moments This Week,Channel_2414,4,2024-06-28T03:00:00.000Z,review|trending|official,182009,13675,291,1405,https://i.ytimg.com/vi/Bu3bSbuADxd/default.jpg,False,False,False,Auto-generated sample description for Comedy video.
wFuaV9NIlYT,24.30.10,Why This Music Video Went Viral,Channel_1107,3,2024-10-27T17:00:00.000Z,2024|official|review,1893156,133860,1932,4387,https://i.ytimg.com/vi/HKecQwKD91v/default.jpg,False,False,False,Auto-generated sample description for Music video.
5IDtrFEsN_E,24.15.08,Behind the Scenes: Comedy,Channel_3172,7,2024-08-15T01:00:00.000Z,live|vlog|official,17438,505,152,281,https://i.ytimg.com/vi/u5cppeQrW4f/default.jpg,False,False,False,Auto-generated sample description for Comedy video.
7k9wQTd4Al3,24.20.05,Why This Music Video Went Viral,Channel_2077,3,2024-05-20T09:00:00.000Z,vlog|official|music,19287,481,131,76,https://i.ytimg.com/vi/64xFWl_dw9l/default.jpg,True,False,False,Auto-generated sample description for Music video.
jiEjwpIj4gD,24.30.08,Top 10 Entertainment Moments This Week,Channel_213,14,2024-08-27T08:00:00.000Z,trending|music|live,348886,5458,1699,1817,https://i.ytimg.com/vi/-ZiqWvo7PpJ/default.jpg,False,False,False,Auto-generated sample description for Entertainment video.
GVfoEOULVIU,24.27.09,Behind the Scenes: People & Blogs,Channel_3620,8,2024-09-25T12:00:00.000Z,live|official|vlog,6117,105,47,25,https://i.ytimg.com/vi/r_m3rhslSpg/default.jpg,False,False,False,Auto-generated sample description for People & Blogs video.
waaa5xzQNZB,25.05.01,Entertainment Compilation 2024,Channel_4363,14,2025-01-01T21:00:00.000Z,review|2024|music,138278,3981,784,2684,https://i.ytimg.com/vi/e-_AzqcTv5v/default.jpg,False,False,False,Auto-generated sample description for Entertainment video.
WRFwA4Hsr3P,24.27.09,Official Music Highlights,Channel_3874,11,2024-09-24T04:00:00.000Z,official|live|2024,22474,517,49,277,https://i.ytimg.com/vi/_UF8mk2g7zH/default.jpg,False,False,False,Auto-generated sample description for Music video.
Ax-rEHp9IVC,24.04.01,Music Compilation 2024,Channel_4855,11,2024-01-03T19:00:00.000Z,official|2024|trending,34919,652,241,33,https://i.ytimg.com/vi/_T63dhod3pm/default.jpg,False,False,False,Auto-generated sample description for Music video.
C-dM3yUEoCf,24.31.03,Top 10 Music Moments This Week,Channel_1229,3,2024-03-31T00:00:00.000Z,review|2024|live,108453,2246,673,1219,https://i.ytimg.com/vi/8Rgc2HJi5ya/default.jpg,False,False,False,Auto-generated sample description for Music video.
F3eh0_cwKwm,24.21.04,Reacting to Music Trends,Channel_3531,3,2024-04-20T01:00:00.000Z,live|2024|trending,154790,9520,714,2523,https://i.ytimg.com/vi/0QlJU6PsEmB/default.jpg,False,False,False,Auto-generated sample description for Music video.
Eitk1wh8SLy,24.23.05,Top 10 Education Moments This Week,Channel_3231,10,2024-05-23T10:00:00.000Z,music|review|2024,38436,2963,271,461,https://i.ytimg.com/vi/DaCUBg-RJEE/default.jpg,False,False,False,Auto-generated sample description for Education video.
DP6H9lUksDP,24.11.02,Behind the Scenes: Gaming,Channel_4067,6,2024-02-11T22:00:00.000Z,live|music|vlog,9579,296,26,122,https://i.ytimg.com/vi/yEYQOUc221b/default.jpg,False,False,False,Auto-generated sample description for Gaming video.
GCMBWEwjZSp,24.11.08,Entertainment Compilation 2024,Channel_240,14,2024-08-08T21:00:00.000Z,music|2024|vlog,8742,449,62,72,https://i.ytimg.com/vi/5rZ7NqBeRj-/default.jpg,False,False,False,
HpWdfdwWknh,25.23.01,Behind the Scenes: Music,Channel_314,11,2025-01-23T00:00:00.000Z,vlog|trending|live,30686,1582,61,512,https://i.ytimg.com/vi/7jn1CkVOoIr/default.jpg,False,False,False,Auto-generated sample description for Music video.
v54dt3OgDcY,24.13.10,Top 10 Gaming Moments This Week,Channel_382,6,2024-10-09T19:00:00.000Z,2024|review|vlog,4223,71,7,11,https://i.ytimg.com/vi/Kiva3HUBL7E/default.jpg,False,False,False,Auto-generated sample description for Gaming video.
B8PL9O5SMSE,24.21.04,Behind the Scenes: Film & Animation,Channel_1342,9,2024-04-17T14:00:00.000Z,trending|2024|vlog,4539,62,29,28,https://i.ytimg.com/vi/8mlK2GmgKV8/default.jpg,False,False,False,Auto-generated sample description for Film & Animation video.
y8hlmiwhGxn,24.19.09,Official Comedy Highlights,Channel_1444,7,2024-09-18T16:00:00.000Z,review|vlog|trending,54174,2659,469,680,https://i.ytimg.com/vi/JFG95YKY8uK/default.jpg,False,False,False,Auto-generated sample description for Comedy video.
EBYFHaLJn--,24.13.02,Music Compilation 2024,Channel_158,11,2024-02-13T03:00:00.000Z,official|2024|review,370762,27583,783,5156,https://i.ytimg.com/vi/VIzwAg6H7wO/default.jpg,False,False,False,Auto-generated sample description for Music video.
e4tBsW4XVER,24.08.05,Top 10 Music Moments This Week,Channel_2878,3,2024-05-04T08:00:00.000Z,2024|review|trending,67055,3499,314,123,https://i.ytimg.com/vi/CYQs3WgeZmq/default.jpg,False,False,False,Auto-generated sample description for Music video.
uGag4yVNTmi,24.27.03,Official Film & Animation Highlights,Channel_1422,9,2024-03-26T09:00:00.000Z,vlog|trending|live,5428,262,32,25,https://i.ytimg.com/vi/P41pdC1q_Xj/default.jpg,False,False,True,Auto-generated sample description for Film & Animation video.
XoZ7qMQPPTM,24.20.06,Gaming Compilation 2024,Channel_4034,6,2024-06-20T11:00:00.000Z,trending|review|live,18492,1241,116,55,https://i.ytimg.com/vi/jvXrG-OobfH/default.jpg,False,False,False,Auto-generated sample description for Gaming video.
DVkbemAcSdt,24.24.12,Top 10 Entertainment Moments This Week,Channel_3781,14,2024-12-21T03:00:00.000Z,trending|2024|official,15824,186,110,137,https://i.ytimg.com/vi/GEtY083NYz4/default.jpg,False,False,False,Auto-generated sample description for Entertainment video.
kD3_6ozOFbx,25.12.01,Official Gaming Highlights,Channel_4543,6,2025-01-09T19:00:00.000Z,review|official|music,14368,393,69,150,https://i.ytimg.com/vi/rzFoFktQUgx/default.jpg,False,False,True,Auto-generated sample description for Gaming video.
5QWGlQ9eyA5,24.04.10,Why This Entertainment Video Went Viral,Channel_2805,14,2024-10-03T06:00:00.000Z,2024|vlog|official,116205,1296,785,1437,https://i.ytimg.com/vi/vR04pGnquQU/default.jpg,False,False,False,Auto-generated sample description for Entertainment video.
8sJPAcKXvY9,24.12.06,Why This Music Video Went Viral,Channel_3496,3,2024-06-11T03:00:00.000Z,trending|vlog|2024,206238,15683,2029,333,https://i.ytimg.com/vi/BOoHXQZbv9H/default.jpg,False,False,False,Auto-generated sample description for Music video.
GiPvfrtZxnE,24.25.09,Top 10 Entertainment Moments This Week,Channel_1819,14,2024-09-22T13:00:00.000Z,2024|music|live,8174,425,19,41,https://i.ytimg.com/vi/jxCC09qVSqk/default.jpg,False,False,False,Auto-generated sample description for Entertainment video.
QMtYIpc2yM2,24.08.11,Why This People & Blogs Video Went Viral,Channel_297,8,2024-11-04T17:00:00.000Z,vlog|official|live,2695,65,5,52,https://i.ytimg.com/vi/uuEviWRsedZ/default.jpg,False,False,False,Auto-generated sample description for People & Blogs video.
0duCujrHEMd,24.14.03,Top 10 Comedy Moments This Week,Channel_4373,7,2024-03-13T07:00:00.000Z,review|music|2024,64381,4287,531,1154,https://i.ytimg.com/vi/bZEHUS6VP-A/default.jpg,False,False,False,Auto-generated sample description for Comedy video.
y4AQRkylHc-,24.07.08,Top 10 Music Moments This Week,Channel_702,11,2024-08-05T12:00:00.000Z,review|official|vlog,98389,2735,118,324,https://i.ytimg.com/vi/rfINXVa7a-N/default.jpg,False,False,False,Auto-generated sample description for Music video.
GNhfjQQiqZp,24.11.06,Why This Comedy Video Went Viral,Channel_4710,7,2024-06-09T21:00:00.000Z,official|trending|vlog,46476,1196,273,315,https://i.ytimg.com/vi/IUY_tvD8aFv/default.jpg,False,False,False,Auto-generated sample description for Comedy video.
FCBMe6GQGZM,24.28.06,Comedy Compilation 2024,Channel_4974,4,2024-06-24T14:00:00.000Z,official|review|vlog,2741,51,21,49,https://i.ytimg.com/vi/7cNpk73USAX/default.jpg,False,False,False,Auto-generated sample description for Comedy video.
YBJAqQRE2dI,24.05.04,Behind the Scenes: Music,Channel_1773,3,2024-04-02T18:00:00.000Z,trending|official|review,7988,232,20,148,https://i.ytimg.com/vi/xfafAFnhlLm/default.jpg,False,False,False,Auto-generated sample description for Music video.
j3M5LJ4q1Vb,24.23.08,Reacting to People & Blogs Trends,Channel_2079,8,2024-08-19T13:00:00.000Z,trending|vlog|2024,23362,1699,95,213,https://i.ytimg.com/vi/m-lg1S9s2ba/default.jpg,False,False,False,Auto-generated sample description for People & Blogs video.
u_SWkGgmr_h,24.31.12,Reacting to Gaming Trends,Channel_1077,6,2024-12-28T05:00:00.000Z,trending|vlog|live,100417,6719,401,1923,https://i.ytimg.com/vi/4MFj606XNLS/default.jpg,False,False,False,Auto-generated sample description for Gaming video.
HrFjtE44_69,24.07.04,Official Entertainment Highlights,Channel_2769,14,2024-04-07T07:00:00.000Z,music|vlog|trending,7638,293,45,82,https://i.ytimg.com/vi/1y0qF2KfjNe/default.jpg,False,False,False,Auto-generated sample description for Entertainment video.
xIbphXIpNWw,24.23.10,Behind the Scenes: Music,Channel_1692,3,2024-10-23T19:00:00.000Z,vlog|official|trending,13251,969,115,89,https://i.ytimg.com/vi/QdMmrOhq-00/default.jpg,False,False,False,Auto-generated sample description for Music video.
O1P5MmEzMFv,24.29.11,Behind the Scenes: Music,Channel_4588,3,2024-11-28T21:00:00.000Z,trending|music|review,272378,13631,192,1732,https://i.ytimg.com/vi/bMJtvNi3mzv/default.jpg,False,False,False,Auto-generated sample description for Music video.
D-O47TUyWrs,24.28.07,Why This Film & Animation Video Went Viral,Channel_252,9,2024-07-25T09:00:00.000Z,2024|music|official,4986,375,23,8,https://i.ytimg.com/vi/sFqlHmPHdIe/default.jpg,False,False,False,Auto-generated sample description for Film & Animation video.
2G-r-p5bFWb,24.22.05,Behind the Scenes: Music,Channel_1230,11,2024-05-18T11:00:00.000Z,vlog|review|2024,252413,8316,294,239,https://i.ytimg.com/vi/BB4ziztK8El/default.jpg,False,False,False,Auto-generated sample description for Music video.
dyNAg5cGnW3,24.02.05,Behind the Scenes: Gaming,Channel_3218,6,2024-05-02T15:00:00.000Z,live|vlog|2024,1260,60,11,24,https://i.ytimg.com/vi/n2q9rjdVJQe/default.jpg,False,False,False,Auto-generated sample description for Gaming video.
Z4iWmoYCsJ7,24.19.04,Official Entertainment Highlights,Channel_1435,14,2024-04-19T01:00:00.000Z,live|official|2024,253526,19819,1291,759,https://i.ytimg.com/vi/uLkcqthGp1C/default.jpg,False,False,False,Auto-generated sample description for Entertainment video.
vpOovhM_kbB,24.05.07,Reacting to Gaming Trends,Channel_977,6,2024-07-04T05:00:00.000Z,2024|music|official,3099,146,9,45,https://i.ytimg.com/vi/oVU-ibQuDH0/default.jpg,False,False,False,Auto-generated sample description for Gaming video.
ZOWhdJi-MJQ,24.09.10,Reacting to Comedy Trends,Channel_1060,7,2024-10-06T03:00:00.000Z,2024|vlog|music,38148,2874,136,444,https://i.ytimg.com/vi/qimJQGrSAlp/default.jpg,False,False,False,Auto-generated sample description for Comedy video.
IDTcBIMvfOW,24.09.07,Why This Comedy Video Went Viral,Channel_1075,7,2024-07-09T04:00:00.000Z,live|music|2024,25743,1594,52,236,https://i.ytimg.com/vi/6Dc8baXnYjO/default.jpg,False,False,False,Auto-generated sample description for Comedy video.
v62o_UGb70K,24.12.04,Official Comedy Highlights,Channel_2941,4,2024-04-12T08:00:00.000Z,music|official|vlog,53484,1785,335,877,https://i.ytimg.com/vi/t4LwhZtqXg8/default.jpg,False,False,False,Auto-generated sample description for Comedy video.
CRwR4yvoOZV,24.18.10,Behind the Scenes: Music,Channel_1488,11,2024-10-15T09:00:00.000Z,music|trending|vlog,175177,11716,209,2440,https://i.ytimg.com/vi/omavPqLyhcH/default.jpg,False,False,False,Auto-generated sample description for Music video.
ie2kps6r3dL,24.31.05,Gaming Compilation 2024,Channel_1209,16,2024-05-30T00:00:00.000Z,live|official|vlog,2412,118,23,13,https://i.ytimg.com/vi/EE06it4uFaq/default.jpg,False,False,False,Auto-generated sample description for Gaming video.
g0oxy0Uj482,24.10.08,Official Entertainment Highlights,Channel_3778,14,2024-08-09T15:00:00.000Z,live|vlog|trending,82600,5943,443,599,https://i.ytimg.com/vi/WYXGzyySrts/default.jpg,True,False,False,Auto-generated sample description for Entertainment video.
dn70maeUSIi,24.04.02,Why This People & Blogs Video Went Viral,Channel_83,8,2024-02-01T14:00:00.000Z,live|official|trending,34772,482,131,79,https://i.ytimg.com/vi/A14gmlyifgw/default.jpg,False,False,False,Auto-generated sample description for People & Blogs video.
Co0TTU-c7fX,24.13.10,Behind the Scenes: Gaming,Channel_2048,6,2024-10-10T19:00:00.000Z,music|2024|official,19843,1503,85,12,https://i.ytimg.com/vi/isXmzjr0Y-t/default.jpg,False,False,False,Auto-generated sample description for Gaming video.
kwDZyu6YctS,24.13.07,Behind the Scenes: Entertainment,Channel_4366,14,2024-07-13T19:00:00.000Z,music|vlog|2024,57272,2752,293,89,https://i.ytimg.com/vi/jEXB305x2E4/default.jpg,False,False,False,Auto-generated sample description for Entertainment video.
OkoA439TiaH,24.06.04,Top 10 Music Moments This Week,Channel_3365,11,2024-04-02T02:00:00.000Z,live|official|2024,10429,314,76,196,https://i.ytimg.com/vi/Qwsy1PTZENe/default.jpg,False,False,False,Auto-generated sample description for Music video.
y0-DKvfEHhy,24.01.02,Why This Music Video Went Viral,Channel_4611,11,2024-01-29T15:00:00.000Z,review|official|vlog,68390,3318,447,759,https://i.ytimg.com/vi/5Hah9k_0nLx/default.jpg,False,False,False,Auto-generated sample description for Music video.
SPbvPbw046P,24.19.01,Top 10 Travel & Events Moments This Week,Channel_805,15,2024-01-18T04:00:00.000Z,live|vlog|review,5451,263,43,96,https://i.ytimg.com/vi/G2WdvmH953l/default.jpg,False,False,False,Auto-generated sample description for Travel & Events video.
lPk9vGmOauq,24.27.10,Top 10 Music Moments This Week,Channel_2522,3,2024-10-23T20:00:00.000Z,2024|music|trending,82959,3731,614,532,https://i.ytimg.com/vi/pyliHb11wB2/default.jpg,False,False,False,Auto-generated sample description for Music video.
RQ2oxOGGcTJ,24.14.09,Official Music Highlights,Channel_4157,11,2024-09-12T12:00:00.000Z,2024|review|live,9545,588,66,179,https://i.ytimg.com/vi/-aUQdROSQPm/default.jpg,False,False,False,Auto-generated sample description for Music video.
tcM0rzHTZmJ,24.08.12,Behind the Scenes: Music,Channel_2380,11,2024-12-06T03:00:00.000Z,2024|vlog|trending,117502,2864,912,1663,https://i.ytimg.com/vi/7rH6ru2s-vw/default.jpg,False,False,False,Auto-generated sample description for Music video.
FdHYDUNMglX,24.30.10,Behind the Scenes: Entertainment,Channel_2823,14,2024-10-30T10:00:00.000Z,vlog|live|music,54815,1916,209,538,https://i.ytimg.com/vi/mHM1hmid6ay/default.jpg,False,False,False,Auto-generated sample description for Entertainment video.
p8SGgiEzfam,24.05.01,Top 10 Music Moments This Week,Channel_2284,3,2024-01-03T09:00:00.000Z,2024|trending|review,12133,554,55,173,https://i.ytimg.com/vi/dy9CleAOV7l/default.jpg,False,False,False,Auto-generated sample description for Music video.
HpeSe9s6qVW,24.05.07,Reacting to Film & Animation Trends,Channel_3543,9,2024-07-03T08:00:00.000Z,official|review|trending,5894,233,57,80,https://i.ytimg.com/vi/TkBTb-3mGpX/default.jpg,False,False,False,Auto-generated sample description for Film & Animation video.
c9hfm08NRTf,24.17.08,Behind the Scenes: Autos & Vehicles,Channel_3106,1,2024-08-16T11:00:00.000Z,review|official|vlog,2428,191,3,18,https://i.ytimg.com/vi/EMBrcE1ezGe/default.jpg,False,False,False,Auto-generated sample description for Autos & Vehicles video.
tkADrD1WuhQ,24.12.06,Official Music Highlights,Channel_2116,3,2024-06-11T07:00:00.000Z,2024|official|review,33131,1536,272,509,https://i.ytimg.com/vi/CzFVSXzmi7U/default.jpg,False,False,False,Auto-generated sample description for Music video.
QhOrU82w4w1,24.21.08,Reacting to Music Trends,Channel_3240,3,2024-08-18T14:00:00.000Z,live|official|vlog,371331,10311,945,1104,https://i.ytimg.com/vi/J2UhegXL8-p/default.jpg,False,False,False,Auto-generated sample description for Music video.
Z3n-noq4vuA,24.20.07,Behind the Scenes: Gaming,Channel_4413,16,2024-07-20T09:00:00.000Z,2024|official|review,2218,28,14,37,https://i.ytimg.com/vi/kszI44PT8kE/default.jpg,False,False,False,Auto-generated sample description for Gaming video.
PyF6sApmLMX,24.10.06,Top 10 Comedy Moments This Week,Channel_189,7,2024-06-08T21:00:00.000Z,music|live|official,3227,209,10,51,https://i.ytimg.com/vi/bKA1Nvulk7k/default.jpg,False,False,False,Auto-generated sample description for Comedy video.
Q6PZ77YLmuW,24.05.10,Reacting to Comedy Trends,Channel_4317,4,2024-10-03T13:00:00.000Z,review|trending|live,55784,826,369,493,https://i.ytimg.com/vi/yFXAkUOdIhK/default.jpg,False,False,False,Auto-generated sample description for Comedy video.
IuYQU43g_d9,25.02.02,Why This Music Video Went Viral,Channel_1207,11,2025-01-30T13:00:00.000Z,vlog|2024|music,56514,873,67,381,https://i.ytimg.com/vi/2XE8L1b3pyx/default.jpg,False,False,False,Auto-generated sample description for Music video.
Z7WA1Y-tXjt,24.14.01,Top 10 Entertainment Moments This Week,Channel_1528,14,2024-01-13T13:00:00.000Z,vlog|2024|review,30577,917,170,48,https://i.ytimg.com/vi/Wpyeoo3yhCK/default.jpg,False,False,True,Auto-generated sample description for Entertainment video.
G-EmKMEeVmx,24.12.05,Official Music Highlights,Channel_1663,3,2024-05-08T03:00:00.000Z,official|2024|review,67985,1346,336,1197,https://i.ytimg.com/vi/99P_hN9OfeQ/default.jpg,False,False,False,Auto-generated sample description for Music video.
dowjZxzFMgw,24.05.07,Top 10 Music Moments This Week,Channel_1311,11,2024-07-05T07:00:00.000Z,live|review|2024,106906,8110,388,202,https://i.ytimg.com/vi/sxDyGo2zKxi/default.jpg,False,False,False,Auto-generated sample description for Music video.
kZthV_hbVRc,24.04.12,Top 10 Film & Animation Moments This Week,Channel_2461,9,2024-12-04T17:00:00.000Z,vlog|official|2024,5896,289,41,116,https://i.ytimg.com/vi/96wWzZfOOx3/default.jpg,False,False,False,Auto-generated sample description for Film & Animation video.
GZ5Oi9w21rx,24.04.11,Science & Technology Compilation 2024,Channel_758,12,2024-11-04T16:00:00.000Z,music|vlog|2024,25048,1216,141,398,https://i.ytimg.com/vi/5Q7ners17zc/default.jpg,False,False,False,Auto-generated sample description for Science & Technology video.
7n8FTmjTEBc,25.28.01,Reacting to Comedy Trends,Channel_3488,7,2025-01-28T01:00:00.000Z,review|music|official,6603,319,11,102,https://i.ytimg.com/vi/ZKmXk0kzR4G/default.jpg,False,False,False,Auto-generated sample description for Comedy video.
9SLfws-6kgO,24.29.02,Behind the Scenes: Gaming,Channel_3910,6,2024-02-28T03:00:00.000Z,2024|music|live,113101,8005,184,315,https://i.ytimg.com/vi/mLSzLlXs6t0/default.jpg,False,False,False,Auto-generated sample description for Gaming video.
CILddXDDHej,24.07.10,Reacting to Science & Technology Trends,Channel_2256,12,2024-10-04T12:00:00.000Z,trending|official|vlog,5796,184,13,30,https://i.ytimg.com/vi/qqj3SrmhJNO/default.jpg,False,False,False,Auto-generated sample description for Science & Technology video.
yIp7u8FFpvL,24.27.12,Gaming Compilation 2024,Channel_326,16,2024-12-25T04:00:00.000Z,trending|review|official,8472,214,53,108,https://i.ytimg.com/vi/tlhM9JPW1MZ/default.jpg,False,False,False,Auto-generated sample description for Gaming video.
2I3SLFKpZ6p,24.07.08,Behind the Scenes: Gaming,Channel_2908,6,2024-08-05T15:00:00.000Z,review|music|live,21349,1283,144,240,https://i.ytimg.com/vi/YVY8PsvS7HB/default.jpg,False,False,False,Auto-generated sample description for Gaming video.
lIblmhgYMtw,24.31.07,Travel & Events Compilation 2024,Channel_4954,13,2024-07-31T02:00:00.000Z,trending|review|music,43916,1664,226,104,https://i.ytimg.com/vi/-dSKbJMCDH_/default.jpg,False,False,False,Auto-generated sample description for Travel & Events video.
QXRrDcHvPZL,24.18.10,Science & Technology Compilation 2024,Channel_1865,12,2024-10-14T09:00:00.000Z,2024|review|music,1212,39,10,20,https://i.ytimg.com/vi/NU14L0T0FFt/default.jpg,False,False,False,Auto-generated sample description for Science & Technology video.
bpFMU-kxeN_,24.23.12,Official Music Highlights,Channel_3847,3,2024-12-21T05:00:00.000Z,live|2024|trending,704908,16246,2172,6495,https://i.ytimg.com/vi/jjtX58BIIIa/default.jpg,False,False,False,Auto-generated sample description for Music video.
JUzf5kGVL5j,24.25.03,Gaming Compilation 2024,Channel_2450,16,2024-03-24T13:00:00.000Z,trending|official|review,4088,227,24,56,https://i.ytimg.com/vi/xMF-5_Z_BrM/default.jpg,False,False,False,Auto-generated sample description for Gaming video.
9bQKnwFZ2Iy,24.02.10,Top 10 Gaming Moments This Week,Channel_3971,6,2024-09-29T10:00:00.000Z,live|trending|review,104869,7818,573,840,https://i.ytimg.com/vi/Juopfl_nkNC/default.jpg,False,False,False,Auto-generated sample description for Gaming video.
QvIAiDnc2RP,24.19.10,Behind the Scenes: Music,Channel_4833,3,2024-10-15T00:00:00.000Z,music|vlog|review,76027,4713,391,449,https://i.ytimg.com/vi/I-r91A6ak8n/default.jpg,False,False,False,Auto-generated sample description for Music video.
rC26SBbZdQa,24.07.12,Official Gaming Highlights,Channel_2071,16,2024-12-05T00:00:00.000Z,music|vlog|review,2102,78,7,8,https://i.ytimg.com/vi/sZ9kngG8Mrf/default.jpg,False,False,False,Auto-generated sample description for Gaming video.
DVJRsBjliXT,24.02.05,Reacting to Music Trends,Channel_4992,11,2024-05-01T17:00:00.000Z,vlog|official|live,64163,2517,548,218,https://i.ytimg.com/vi/-68Zugl1HPV/default.jpg,False,False,False,Auto-generated sample description for Music video.
C43Lp5NI1aV,24.05.03,Reacting to Music Trends,Channel_2478,11,2024-03-05T13:00:00.000Z,official|review|live,24523,1737,54,17,https://i.ytimg.com/vi/80NgrFfC_MC/default.jpg,False,False,False,Auto-generated sample description for Music video.
QYy1WwS4zRB,24.21.08,Behind the Scenes: Music,Channel_1099,11,2024-08-17T20:00:00.000Z,music|review|vlog,45834,1496,266,549,https://i.ytimg.com/vi/PvttAPgmMjZ/default.jpg,False,False,False,Auto-generated sample description for Music video.
4bXKG0Fr2vy,24.29.08,Official Gaming Highlights,Channel_1987,16,2024-08-29T21:00:00.000Z,trending|2024|vlog,14404,221,19,216,https://i.ytimg.com/vi/7qXKHhqTm5E/default.jpg,False,False,False,Auto-generated sample description for Gaming video.
T-oK1DdTCqU,24.26.01,Reacting to Science & Technology Trends,Channel_3276,12,2024-01-23T02:00:00.000Z,trending|music|official,983,40,2,8,https://i.ytimg.com/vi/T2tTbcYMRay/default.jpg,False,False,False,Auto-generated sample description for Science & Technology video.
veQ8IiZx6WB,24.15.01,Why This Travel & Events Video Went Viral,Channel_3011,13,2024-01-12T06:00:00.000Z,trending|review|2024,99412,5487,666,1872,https://i.ytimg.com/vi/fGJ4sWlacrp/default.jpg,False,False,False,Auto-generated sample description for Travel & Events video.
mgwleRjFHEq,24.27.07,Music Compilation 2024,Channel_4410,11,2024-07-23T21:00:00.000Z,2024|vlog|music,619090,9482,2314,6935,https://i.ytimg.com/vi/Nv8aT7H3YrX/default.jpg,False,False,False,Auto-generated sample description for Music video.
meEAH6rFNKV,24.19.07,Behind the Scenes: Pets & Animals,Channel_877,2,2024-07-18T08:00:00.000Z,live|review|official,68295,1592,352,1216,https://i.ytimg.com/vi/W_yAtNrrRdS/default.jpg,False,False,False,Auto-generated sample description for Pets & Animals video.
6QvFTkBNrCV,24.17.01,Behind the Scenes: Music,Channel_3471,3,2024-01-16T08:00:00.000Z,official|music|vlog,144522,6345,1021,76,https://i.ytimg.com/vi/TeqY9qfwG9q/default.jpg,False,False,False,Auto-generated sample description for Music video.
-DLPi_xNppN,24.02.10,Why This Entertainment Video Went Viral,Channel_4494,14,2024-09-30T16:00:00.000Z,review|live|2024,5089,186,27,92,https://i.ytimg.com/vi/Ecp852kQg95/default.jpg,False,False,False,Auto-generated sample description for Entertainment video.
Y5_5aNlVsKr,24.22.02,Top 10 Comedy Moments This Week,Channel_2461,4,2024-02-19T22:00:00.000Z,music|review|live,6116,443,25,16,https://i.ytimg.com/vi/hDz26CsUp9m/default.jpg,False,False,False,Auto-generated sample description for Comedy video.
nUOwNwyBK1O,24.12.12,Reacting to Music Trends,Channel_4691,3,2024-12-12T00:00:00.000Z,official|music|live,18416,991,47,266,https://i.ytimg.com/vi/gPIJSQhmbXc/default.jpg,False,False,False,Auto-generated sample description for Music video.
cPAze9tKt-H,24.08.11,Why This Music Video Went Viral,Channel_3719,3,2024-11-05T03:00:00.000Z,vlog|trending|official,349151,27042,2669,504,https://i.ytimg.com/vi/YWv6ESLSR7D/default.jpg,False,False,False,Auto-generated sample description for Music video.
ENcTSNn2Foe,24.31.03,Reacting to Comedy Trends,Channel_4247,7,2024-03-29T08:00:00.000Z,vlog|2024|official,8545,163,69,94,https://i.ytimg.com/vi/fpXs6gXT3Bj/default.jpg,False,False,False,Auto-generated sample description for Comedy video.
yQm4LRsPr4y,24.04.06,Gaming Compilation 2024,Channel_4128,16,2024-06-03T20:00:00.000Z,live|trending|vlog,1355,32,9,23,https://i.ytimg.com/vi/oMdAbDz6Fmc/default.jpg,False,False,False,Auto-generated sample description for Gaming video.
EyBm6sBkISy,24.29.07,Why This Music Video Went Viral,Channel_2258,3,2024-07-28T22:00:00.000Z,vlog|2024|music,58904,2097,276,163,https://i.ytimg.com/vi/Iw8DhVSUWQI/default.jpg,False,False,False,Auto-generated sample description for Music video.
mOyLkPI59cG,25.28.01,Why This Music Video Went Viral,Channel_3731,11,2025-01-28T04:00:00.000Z,live|vlog|trending,111166,8335,770,1220,https://i.ytimg.com/vi/ObGUq6YjsV-/default.jpg,False,False,False,Auto-generated sample description for Music video.
TqITgGYrJEf,24.16.04,Official Music Highlights,Channel_356,3,2024-04-12T16:00:00.000Z,trending|music|review,12757,376,82,12,https://i.ytimg.com/vi/a3iNJZHD79X/default.jpg,False,False,False,Auto-generated sample description for Music video.
LYmZPP0L6Ye,24.14.10,Why This Music Video Went Viral,Channel_2815,3,2024-10-13T01:00:00.000Z,review|trending|live,4913,107,27,27,https://i.ytimg.com/vi/7FohVaScdUo/default.jpg,False,False,False,Auto-generated sample description for Music video.
5495uF2O_Ua,24.10.07,Reacting to Music Trends,Channel_4254,11,2024-07-10T07:00:00.000Z,music|live|trending,383667,8390,1123,5246,https://i.ytimg.com/vi/U5KAyPGIATs/default.jpg,False,False,False,Auto-generated sample description for Music video.
_XwLHS49WZV,24.06.06,Why This Entertainment Video Went Viral,Channel_3290,14,2024-06-02T06:00:00.000Z,vlog|trending|review,144525,9091,184,374,https://i.ytimg.com/vi/H-DtktFkt-0/default.jpg,False,False,False,Auto-generated sample description for Entertainment video.
O3LRwkngoDY,25.14.01,Top 10 Music Moments This Week,Channel_4592,11,2025-01-10T05:00:00.000Z,music|vlog|trending,96386,3835,743,623,https://i.ytimg.com/vi/Di08kob_KL_/default.jpg,False,False,False,Auto-generated sample description for Music video.
k0e00OEsPqY,25.01.01,Top 10 Entertainment Moments This Week,Channel_1022,14,2024-12-30T11:00:00.000Z,music|official|2024,140668,4513,1067,140,https://i.ytimg.com/vi/KBLbnqvBUk5/default.jpg,False,False,False,Auto-generated sample description for Entertainment video.
mXBB0NChxd-,24.09.12,Why This Nonprofits & Activism Video Went Viral,Channel_453,17,2024-12-06T21:00:00.000Z,vlog|review|official,25691,1775,66,111,https://i.ytimg.com/vi/QzIC3IEiDkC/default.jpg,False,False,False,Auto-generated sample description for Nonprofits & Activism video.
5qir0QxXfMG,24.19.11,Entertainment Compilation 2024,Channel_77,14,2024-11-17T12:00:00.000Z,review|2024|live,128944,2089,1088,975,https://i.ytimg.com/vi/2WDQXnQgQ-5/default.jpg,False,False,False,Auto-generated sample description for Entertainment video.
60GT5AsUu9e,24.11.01,Top 10 Comedy Moments This Week,Channel_1663,4,2024-01-07T00:00:00.000Z,review|music|live,1679,74,14,9,https://i.ytimg.com/vi/9hLWlM6fMfm/default.jpg,False,False,False,Auto-generated sample description for Comedy video.
rQg_AeGd_Rb,24.19.06,Behind the Scenes: Music,Channel_1986,3,2024-06-19T09:00:00.000Z,vlog|2024|review,6213,73,52,101,https://i.ytimg.com/vi/2vucpV0GnCB/default.jpg,False,False,False,Auto-generated sample description for Music video.
I7iRUXD0E5E,24.01.10,Music Compilation 2024,Channel_4291,11,2024-09-28T04:00:00.000Z,trending|music|2024,382434,13540,3551,5865,https://i.ytimg.com/vi/h6DYYwuQGv3/default.jpg,False,False,False,Auto-generated sample description for Music video.
QMQyITqZ0N5,24.20.07,Music Compilation 2024,Channel_755,11,2024-07-19T06:00:00.000Z,trending|official|live,27432,680,226,28,https://i.ytimg.com/vi/4vlGUMMrKO-/default.jpg,False,False,False,Auto-generated sample description for Music video.
Og7pJlQwMAv,24.11.06,Reacting to Music Trends,Channel_3500,3,2024-06-08T12:00:00.000Z,review|vlog|2024,45621,2217,171,242,https://i.ytimg.com/vi/sTqtS6yBvo4/default.jpg,False,False,False,Auto-generated sample description for Music video.
I1NYWxuEeLd,24.14.06,Why This Music Video Went Viral,Channel_1936,11,2024-06-12T20:00:00.000Z,vlog|live|music,36269,571,320,244,https://i.ytimg.com/vi/Oebt8sYkSzt/default.jpg,False,False,False,Auto-generated sample description for Music video.
qt-8GK_-XL9,24.24.02,Behind the Scenes: Music,Channel_2579,3,2024-02-22T09:00:00.000Z,music|2024|vlog,160083,11357,818,2510,https://i.ytimg.com/vi/ttc-NsmVxeE/default.jpg,False,False,False,Auto-generated sample description for Music video.
fGnfzSVvUtV,24.08.09,Reacting to Music Trends,Channel_463,11,2024-09-05T14:00:00.000Z,music|official|2024,59044,2677,553,235,https://i.ytimg.com/vi/1CzGUHbTKTI/default.jpg,False,False,False,Auto-generated sample description for Music video.
LKLoiEbUtJx,24.12.01,Behind the Scenes: Comedy,Channel_336,4,2024-01-10T05:00:00.000Z,vlog|trending|review,2810,43,15,13,https://i.ytimg.com/vi/r_eZ4Ciu4yS/default.jpg,False,False,False,Auto-generated sample description for Comedy video.
CVYApaY5GoR,24.12.05,Why This Entertainment Video Went Viral,Channel_169,14,2024-05-08T09:00:00.000Z,official|vlog|music,3249,127,8,38,https://i.ytimg.com/vi/PcaiZXV1-nk/default.jpg,False,False,False,Auto-generated sample description for Entertainment video.
DfMqAdazAFr,24.07.01,Official Music Highlights,Channel_2029,3,2024-01-07T17:00:00.000Z,vlog|trending|review,4718,106,42,63,https://i.ytimg.com/vi/xXPCPOMWj4c/default.jpg,False,False,False,Auto-generated sample description for Music video.
tfm3EVBB2pj,24.08.10,People & Blogs Compilation 2024,Channel_1580,8,2024-10-08T05:00:00.000Z,review|live|official,7063,556,61,139,https://i.ytimg.com/vi/qvHAvDcigd2/default.jpg,False,False,False,Auto-generated sample description for People & Blogs video.
dyO4OK27psS,24.29.07,Official Music Highlights,Channel_4389,3,2024-07-28T11:00:00.000Z,vlog|official|live,9079,202,32,77,https://i.ytimg.com/vi/tU0B-LH0Hyh/default.jpg,False,False,False,Auto-generated sample description for Music video.
qO8BIAOGUD5,24.27.12,Official Travel & Events Highlights,Channel_4382,13,2024-12-27T02:00:00.000Z,vlog|live|trending,3327,259,31,10,https://i.ytimg.com/vi/gaSBLmQ2FvK/default.jpg,False,False,False,Auto-generated sample description for Travel & Events video.
lWNDuSPuhee,24.04.05,Reacting to Entertainment Trends,Channel_3090,14,2024-05-02T10:00:00.000Z,review|trending|vlog,23569,359,164,113,https://i.ytimg.com/vi/nZDQhrMMpMq/default.jpg,False,False,False,Auto-generated sample description for Entertainment video.
h8xGXQL3So6,24.03.02,Reacting to Entertainment Trends,Channel_612,14,2024-01-30T20:00:00.000Z,music|trending|vlog,2766,39,6,33,https://i.ytimg.com/vi/8M8qlrSCATI/default.jpg,False,False,False,Auto-generated sample description for Entertainment video.
YnPUX4bjLKj,25.14.01,Top 10 Music Moments This Week,Channel_2184,3,2025-01-14T02:00:00.000Z,official|music|vlog,65523,2099,93,736,https://i.ytimg.com/vi/GuNOvF29x7U/default.jpg,False,False,False,Auto-generated sample description for Music video.
HHJ4cQF5Yxo,24.22.12,Behind the Scenes: Music,Channel_3801,11,2024-12-21T18:00:00.000Z,vlog|official|trending,31455,1281,117,70,https://i.ytimg.com/vi/JBQVAyJDp6w/default.jpg,False,False,False,Auto-generated sample description for Music video.
g5vZLTRFoqw,25.06.02,Top 10 Entertainment Moments This Week,Channel_4480,14,2025-02-02T10:00:00.000Z,review|official|live,266524,6295,329,3178,https://i.ytimg.com/vi/8W1B8N7PgWH/default.jpg,False,False,False,Auto-generated sample description for Entertainment video.
qzsXISNIS9Y,24.11.03,Why This Comedy Video Went Viral,Channel_3287,7,2024-03-08T14:00:00.000Z,music|live|2024,42586,2478,378,736,https://i.ytimg.com/vi/_bknBCokBVj/default.jpg,False,False,False,Auto-generated sample description for Comedy video.
Ji714-NdzR7,24.06.12,People & Blogs Compilation 2024,Channel_4222,8,2024-12-03T17:00:00.000Z,review|trending|official,427,12,1,1,https://i.ytimg.com/vi/xZ_k9mR3xHa/default.jpg,False,False,False,Auto-generated sample description for People & Blogs video.
fCP-eUVT8Yt,24.24.08,Behind the Scenes: Gaming,Channel_829,6,2024-08-21T00:00:00.000Z,2024|review|music,11289,261,70,34,https://i.ytimg.com/vi/nJHeQGVvKVB/default.jpg,False,True,False,Auto-generated sample description for Gaming video.
G24ZZzPoGeT,24.16.05,Reacting to Music Trends,Channel_2617,11,2024-05-13T22:00:00.000Z,vlog|trending|official,13419,856,62,61,https://i.ytimg.com/vi/KPqi7ppbIDY/default.jpg,False,False,False,Auto-generated sample description for Music video.
ZD6KT9IGOfy,24.01.02,Behind the Scenes: Pets & Animals,Channel_2869,2,2024-01-30T09:00:00.000Z,official|vlog|review,507,15,4,7,https://i.ytimg.com/vi/irVNBXMJC8d/default.jpg,False,False,False,Auto-generated sample description for Pets & Animals video.
tYSYEjgn9PQ,24.06.11,Entertainment Compilation 2024,Channel_3640,14,2024-11-03T05:00:00.000Z,vlog|official|music,64245,3509,245,1126,https://i.ytimg.com/vi/8KRVU_wRfSc/default.jpg,False,False,False,Auto-generated sample description for Entertainment video.
oSc16QrYhCC,25.11.01,Reacting to Gaming Trends,Channel_73,16,2025-01-11T19:00:00.000Z,live|official|review,31352,913,94,140,https://i.ytimg.com/vi/qkDiQ611HWb/default.jpg,False,False,False,Auto-generated sample description for Gaming video.
Nbvx5Ck8SGi,24.14.01,Behind the Scenes: Entertainment,Channel_2276,14,2024-01-13T17:00:00.000Z,2024|trending|live,24286,409,32,437,https://i.ytimg.com/vi/_209qEF4UJ4/default.jpg,False,False,False,Auto-generated sample description for Entertainment video.
-ZN6wyL_67E,24.18.09,Entertainment Compilation 2024,Channel_4043,14,2024-09-16T09:00:00.000Z,live|trending|vlog,72564,3299,701,241,https://i.ytimg.com/vi/jWBjWmHND_C/default.jpg,False,False,False,Auto-generated sample description for Entertainment video.
i__gzgAoQQj,24.09.08,Top 10 Gaming Moments This Week,Channel_202,16,2024-08-08T18:00:00.000Z,vlog|trending|live,5349,178,17,65,https://i.ytimg.com/vi/hymS-vZvx-I/default.jpg,False,False,False,Auto-generated sample description for Gaming video.
U8BQWFa98pz,24.16.06,Top 10 Comedy Moments This Week,Channel_3120,4,2024-06-13T22:00:00.000Z,official|review|vlog,36966,2269,45,188,https://i.ytimg.com/vi/ZHUaO_xZD8Q/default.jpg,False,False,False,Auto-generated sample description for Comedy video.
7U81fP47zTA,24.14.10,Reacting to People & Blogs Trends,Channel_729,8,2024-10-13T10:00:00.000Z,trending|review|live,55959,4028,232,48,https://i.ytimg.com/vi/ma1zH1oy5IT/default.jpg,False,False,False,Auto-generated sample description for People & Blogs video.
aV7rmILE9Dz,24.20.12,Reacting to Gaming Trends,Channel_898,6,2024-12-17T03:00:00.000Z,review|trending|live,41939,2779,272,519,https://i.ytimg.com/vi/VyL_N6v26lz/default.jpg,False,False,False,Auto-generated sample description for Gaming video.
qj_s5NAVWws,24.14.06,Music Compilation 2024,Channel_408,11,2024-06-11T19:00:00.000Z,trending|music|live,23483,998,97,198,https://i.ytimg.com/vi/c2gcPpzClMj/default.jpg,False,False,False,Auto-generated sample description for Music video.
4jJTBTNzmwR,24.15.07,Why This Entertainment Video Went Viral,Channel_1332,14,2024-07-12T21:00:00.000Z,live|official|vlog,41318,2836,324,60,https://i.ytimg.com/vi/liVxI0AWhOy/default.jpg,False,False,False,Auto-generated sample description for Entertainment video.
ntd8Ul45lS8,24.16.02,Official Film & Animation Highlights,Channel_1071,9,2024-02-14T08:00:00.000Z,2024|music|review,23830,337,119,319,https://i.ytimg.com/vi/J1EbQZWbW4M/default.jpg,False,False,False,Auto-generated sample description for Film & Animation video.
0GgxLzpX_7y,24.14.03,Top 10 Music Moments This Week,Channel_4724,11,2024-03-13T08:00:00.000Z,official|live|2024,31946,2118,312,235,https://i.ytimg.com/vi/AbQ19PI6JvS/default.jpg,False,True,False,Auto-generated sample description for Music video.
6Wz7z0nS00w,25.11.01,Reacting to Entertainment Trends,Channel_638,14,2025-01-10T15:00:00.000Z,2024|live|review,735365,16368,2379,14572,https://i.ytimg.com/vi/yGrwo07etq9/default.jpg,False,False,False,Auto-generated sample description for Entertainment video.
Nl1-9RiWL2g,25.03.02,Top 10 Music Moments This Week,Channel_1964,11,2025-02-03T07:00:00.000Z,2024|live|review,66924,4459,128,848,https://i.ytimg.com/vi/kztRP7MYYUa/default.jpg,False,False,False,Auto-generated sample description for Music video.
JeHgpLGha0s,24.27.06,Top 10 Music Moments This Week,Channel_4691,3,2024-06-25T02:00:00.000Z,official|vlog|music,23133,1222,195,38,https://i.ytimg.com/vi/lQBAI9qiyPv/default.jpg,False,False,False,Auto-generated sample description for Music video.
rSnlTMCTS2-,24.28.11,Official Entertainment Highlights,Channel_657,14,2024-11-24T03:00:00.000Z,live|review|official,56268,4457,241,995,https://i.ytimg.com/vi/WXfaa7VCxqQ/default.jpg,False,False,False,Auto-generated sample description for Entertainment video.
OExYrI_wfZk,24.20.06,Reacting to Comedy Trends,Channel_2299,7,2024-06-20T05:00:00.000Z,review|music|vlog,2536,39,15,38,https://i.ytimg.com/vi/Dcsg6PHZnVm/default.jpg,False,False,False,Auto-generated sample description for Comedy video.
cgmo31JMG9G,24.05.07,Top 10 Science & Technology Moments This Week,Channel_3990,12,2024-07-01T19:00:00.000Z,trending|2024|vlog,5998,90,23,69,https://i.ytimg.com/vi/H7KeGsKa4Xq/default.jpg,False,False,False,Auto-generated sample description for Science & Technology video.
azTAoMutXP8,24.07.09,Why This Entertainment Video Went Viral,Channel_4888,14,2024-09-05T18:00:00.000Z,trending|official|live,234104,8026,777,1345,https://i.ytimg.com/vi/Y4aq0e_0RQx/default.jpg,False,False,False,Auto-generated sample description for Entertainment video.
GXmQRSX1dKV,24.10.09,Reacting to Gaming Trends,Channel_208,6,2024-09-06T14:00:00.000Z,2024|trending|live,29895,1644,20,23,https://i.ytimg.com/vi/V7uCGQ3sDb3/default.jpg,False,False,False,Auto-generated sample description for Gaming video.
RhaYQGNl4JZ,24.21.09,Entertainment Compilation 2024,Channel_4134,14,2024-09-21T18:00:00.000Z,music|official|live,6317,490,35,76,https://i.ytimg.com/vi/Asb6Opi9e1Y/default.jpg,False,False,False,Auto-generated sample description for Entertainment video.
g4cpymUzV1C,24.15.03,Music Compilation 2024,Channel_3102,11,2024-03-11T00:00:00.000Z,trending|music|2024,3691,238,16,53,https://i.ytimg.com/vi/s1U51lekhgl/default.jpg,False,False,False,Auto-generated sample description for Music video.
xh5OZJjSJO3,24.15.04,Top 10 Music Moments This Week,Channel_2446,3,2024-04-12T03:00:00.000Z,2024|music|review,241714,18795,940,3242,https://i.ytimg.com/vi/wWPCiCQV9WA/default.jpg,False,False,False,Auto-generated sample description for Music video.
5F7KbzSFiCV,24.22.08,Top 10 Music Moments This Week,Channel_2634,3,2024-08-22T20:00:00.000Z,official|live|vlog,12475,345,110,219,https://i.ytimg.com/vi/6CbYyvb94FS/default.jpg,False,False,False,Auto-generated sample description for Music video.
HpYirN3dBiB,24.02.12,Behind the Scenes: Music,Channel_4252,3,2024-12-02T00:00:00.000Z,official|music|trending,245716,3564,874,4858,https://i.ytimg.com/vi/-Y6RNSPZOMd/default.jpg,False,False,False,Auto-generated sample description for Music video.
znzeBOJFQp3,24.14.12,Music Compilation 2024,Channel_4790,11,2024-12-13T11:00:00.000Z,music|trending|vlog,112676,4994,758,643,https://i.ytimg.com/vi/wHJr91-Jqcf/default.jpg,False,False,False,Auto-generated sample description for Music video.
rfC_UXUiGwc,24.18.01,Why This Music Video Went Viral,Channel_4013,3,2024-01-14T07:00:00.000Z,2024|trending|official,163383,11532,638,762,https://i.ytimg.com/vi/cdGS2zDITV7/default.jpg,True,False,False,Auto-generated sample description for Music video.
8vWcNPJXoz3,24.15.05,People & Blogs Compilation 2024,Channel_894,8,2024-05-14T17:00:00.000Z,trending|official|live,1417,77,6,12,https://i.ytimg.com/vi/Ncaoodj7GmI/default.jpg,False,False,False,Auto-generated sample description for People & Blogs video.
Y7c3IDbqJWB,24.06.06,Reacting to Music Trends,Channel_952,3,2024-06-03T07:00:00.000Z,live|review|trending,16917,518,8,47,https://i.ytimg.com/vi/Nv-Y9ksHGLC/default.jpg,False,False,False,Auto-generated sample description for Music video.
gRd7aiXknR1,24.15.09,Official Music Highlights,Channel_882,3,2024-09-13T17:00:00.000Z,music|review|trending,129248,3459,714,2133,https://i.ytimg.com/vi/N6x9sha7riS/default.jpg,False,False,True,Auto-generated sample description for Music video.
Kwasg151My7,24.29.04,Official Comedy Highlights,Channel_37,7,2024-04-28T15:00:00.000Z,vlog|trending|official,20295,994,67,393,https://i.ytimg.com/vi/e351UsqHxLG/default.jpg,False,False,False,Auto-generated sample description for Comedy video.
ArQNsIRxsN3,24.03.02,Behind the Scenes: Comedy,Channel_2119,4,2024-01-31T13:00:00.000Z,live|official|vlog,44318,611,62,218,https://i.ytimg.com/vi/sslKJy-SAM1/default.jpg,False,False,False,Auto-generated sample description for Comedy video.
08LIGE7H3zJ,24.17.11,People & Blogs Compilation 2024,Channel_1739,8,2024-11-15T00:00:00.000Z,official|review|vlog,15236,578,48,286,https://i.ytimg.com/vi/5iM3TRjX8jy/default.jpg,False,False,False,Auto-generated sample description for People & Blogs video.
OJYQQs7oavU,24.03.01,Why This Music Video Went Viral,Channel_3075,11,2024-01-02T14:00:00.000Z,official|vlog|2024,111063,5409,732,452,https://i.ytimg.com/vi/f6p7Rmbxo4Q/default.jpg,False,False,False,Auto-generated sample description for Music video.
FRVcpTQ-Jcn,25.02.02,Comedy Compilation 2024,Channel_271,7,2025-01-31T03:00:00.000Z,2024|vlog|trending,9082,364,28,38,https://i.ytimg.com/vi/l80BxHJ0IAY/default.jpg,False,False,False,Auto-generated sample description for Comedy video.
hmeKcD5yfB3,24.04.06,Reacting to Gaming Trends,Channel_1382,6,2024-06-03T02:00:00.000Z,live|2024|trending,22770,1128,222,42,https://i.ytimg.com/vi/KDwJ7CWP7H2/default.jpg,False,False,False,Auto-generated sample description for Gaming video.
29FwDKIg3Hw,24.05.11,Why This Comedy Video Went Viral,Channel_2171,7,2024-11-04T02:00:00.000Z,2024|live|music,10697,580,47,105,https://i.ytimg.com/vi/9WNUYA-aG1b/default.jpg,False,False,False,Auto-generated sample description for Comedy video.
27mJ528B9cq,24.23.03,Top 10 Music Moments This Week,Channel_1530,3,2024-03-19T07:00:00.000Z,review|2024|music,3747,166,27,46,https://i.ytimg.com/vi/HDaYQUtoqVY/default.jpg,False,False,False,Auto-generated sample description for Music video.
QDEx0cfZjgZ,24.25.03,Reacting to Music Trends,Channel_4790,11,2024-03-22T02:00:00.000Z,review|vlog|live,45319,2207,61,199,https://i.ytimg.com/vi/TuqrIv8YWtr/default.jpg,False,False,False,Auto-generated sample description for Music video.
VGLztmjg7aW,24.06.12,Top 10 Music Moments This Week,Channel_300,3,2024-12-04T05:00:00.000Z,live|music|official,273880,18446,1406,5408,https://i.ytimg.com/vi/o1ahpNhTXpt/default.jpg,False,False,False,Auto-generated sample description for Music video.
Y811E7dpKBg,24.24.10,Behind the Scenes: Comedy,Channel_2853,7,2024-10-20T05:00:00.000Z,music|official|trending,7918,227,11,77,https://i.ytimg.com/vi/wA94dpz1y-Y/default.jpg,False,False,False,Auto-generated sample description for Comedy video.
1qazPRBIy3Z,24.07.11,Official Music Highlights,Channel_4991,11,2024-11-05T11:00:00.000Z,live|music|2024,13779,200,120,259,https://i.ytimg.com/vi/ZCeqVevj68S/default.jpg,False,False,False,Auto-generated sample description for Music video.
ENxW6B0fG0c,24.10.04,Official Music Highlights,Channel_1708,11,2024-04-06T19:00:00.000Z,vlog|music|review,54983,2237,492,492,https://i.ytimg.com/vi/t6RqS7U9xk7/default.jpg,False,False,False,Auto-generated sample description for Music video.
rD7m43FqFm4,24.19.05,Official Gaming Highlights,Channel_1094,16,2024-05-15T18:00:00.000Z,review|2024|live,164450,9955,1613,2162,https://i.ytimg.com/vi/BKnE135qvyV/default.jpg,False,False,False,Auto-generated sample description for Gaming video.
bOXgEAPv8bC,24.11.05,Official Travel & Events Highlights,Channel_3397,13,2024-05-07T06:00:00.000Z,live|review|2024,7535,465,33,48,https://i.ytimg.com/vi/Ihs3XMlSJHq/default.jpg,False,False,False,Auto-generated sample description for Travel & Events video.
XFK_gKDmnP4,24.30.04,Music Compilation 2024,Channel_3818,3,2024-04-30T05:00:00.000Z,official|music|2024,5633,270,17,64,https://i.ytimg.com/vi/0op0T8XHZ-O/default.jpg,False,False,False,Auto-generated sample description for Music video.
EjbBz5C29kT,24.27.06,Why This Pets & Animals Video Went Viral,Channel_4551,2,2024-06-24T12:00:00.000Z,review|2024|official,52368,1882,271,894,https://i.ytimg.com/vi/XVNz2CbJoiO/default.jpg,False,False,False,Auto-generated sample description for Pets & Animals video.
J8zdiJ9fZAC,24.30.09,Why This Music Video Went Viral,Channel_642,3,2024-09-27T04:00:00.000Z,trending|vlog|music,5398,68,46,77,https://i.ytimg.com/vi/ZM7f4armp82/default.jpg,False,False,False,Auto-generated sample description for Music video.
G_sBuU0T5Yw,24.13.12,Official Autos & Vehicles Highlights,Channel_4501,1,2024-12-13T02:00:00.000Z,live|2024|vlog,36078,2772,57,650,https://i.ytimg.com/vi/i8riKojqpEc/default.jpg,False,False,False,Auto-generated sample description for Autos & Vehicles video.
PbjUjN8uWd6,24.18.11,Reacting to Entertainment Trends,Channel_1264,14,2024-11-14T02:00:00.000Z,official|music|live,4693,47,12,75,https://i.ytimg.com/vi/m6We9fyltTQ/default.jpg,False,False,False,Auto-generated sample description for Entertainment video.
KFrjcngfqz0,24.21.07,Official Music Highlights,Channel_228,11,2024-07-21T12:00:00.000Z,official|music|trending,274553,6332,1711,775,https://i.ytimg.com/vi/6azlzYp0X7C/default.jpg,False,False,False,Auto-generated sample description for Music video.
uNNFIjQE67Y,24.29.02,Behind the Scenes: Film & Animation,Channel_2604,9,2024-02-27T14:00:00.000Z,review|live|official,3831,115,5,37,https://i.ytimg.com/vi/RSNefFxSmYb/default.jpg,False,False,False,Auto-generated sample description for Film & Animation video.
9ZTxTbyVZSs,24.07.04,Why This Music Video Went Viral,Channel_2314,11,2024-04-04T09:00:00.000Z,live|trending|music,24754,1375,60,332,https://i.ytimg.com/vi/XnN6wTOZct4/default.jpg,False,False,False,Auto-generated sample description for Music video.
PgJptoMjK58,24.17.03,Reacting to Music Trends,Channel_3152,3,2024-03-13T09:00:00.000Z,music|official|vlog,91773,5051,235,584,https://i.ytimg.com/vi/nSIl6PwubV8/default.jpg,False,False,False,Auto-generated sample description for Music video.
TsNauKraUxy,24.24.03,Reacting to Comedy Trends,Channel_2849,4,2024-03-22T13:00:00.000Z,music|2024|official,33956,2069,151,30,https://i.ytimg.com/vi/5x5EgVzDo0v/default.jpg,False,False,False,Auto-generated sample description for Comedy video.
hRwdUBwETl7,24.20.12,Official Gaming Highlights,Channel_199,16,2024-12-19T13:00:00.000Z,official|live|review,6595,173,37,55,https://i.ytimg.com/vi/-CHq8toJvkd/default.jpg,False,False,False,Auto-generated sample description for Gaming video.
9KJO6q0YTgQ,24.20.08,Behind the Scenes: Music,Channel_1208,3,2024-08-17T22:00:00.000Z,official|music|live,163484,9342,1328,1428,https://i.ytimg.com/vi/_7EEuXyO5wK/default.jpg,False,False,False,Auto-generated sample description for Music video.
NeeWl3jRKeU,25.14.01,Why This Music Video Went Viral,Channel_4001,3,2025-01-12T20:00:00.000Z,live|music|review,35950,839,141,468,https://i.ytimg.com/vi/Xe7WB-yLiDN/default.jpg,False,False,False,Auto-generated sample description for Music video.
_65UT3PPx6q,24.21.09,Reacting to Entertainment Trends,Channel_1479,14,2024-09-17T01:00:00.000Z,music|trending|official,24011,633,205,291,https://i.ytimg.com/vi/fVgG5CLumuG/default.jpg,False,False,False,Auto-generated sample description for Entertainment video.
6pRxtEuOode,24.30.04,Official Travel & Events Highlights,Channel_2923,15,2024-04-29T10:00:00.000Z,trending|vlog|official,30416,2303,237,542,https://i.ytimg.com/vi/QHVcDNiTWTz/default.jpg,False,False,False,Auto-generated sample description for Travel & Events video.
bxqmBeYGN68,24.12.04,Official Music Highlights,Channel_637,3,2024-04-08T03:00:00.000Z,live|vlog|trending,9247,550,12,148,https://i.ytimg.com/vi/L2mBevCOoie/default.jpg,False,False,False,Auto-generated sample description for Music video.
fEO1POmFwKu,24.05.02,Reacting to Entertainment Trends,Channel_1201,14,2024-02-04T22:00:00.000Z,live|2024|music,29006,1803,17,78,https://i.ytimg.com/vi/5QSey7UDGBy/default.jpg,False,False,False,Auto-generated sample description for Entertainment video.
IPvvueo5LJ1,24.29.01,Reacting to Comedy Trends,Channel_4136,7,2024-01-26T19:00:00.000Z,live|2024|official,17676,353,79,164,https://i.ytimg.com/vi/Ns_wbd5Jk9A/default.jpg,False,False,False,Auto-generated sample description for Comedy video.
lDsfDkr7hdp,25.19.01,Behind the Scenes: Music,Channel_1562,3,2025-01-17T13:00:00.000Z,music|live|review,25141,1345,97,270,https://i.ytimg.com/vi/lydW9Evsbvv/default.jpg,False,False,False,Auto-generated sample description for Music video.
_uiUvWSuz7n,25.30.01,Reacting to Music Trends,Channel_2954,3,2025-01-26T19:00:00.000Z,trending|vlog|official,89569,4414,667,187,https://i.ytimg.com/vi/-xWPT7Fg5cr/default.jpg,False,False,False,Auto-generated sample description for Music video.
JoaFEaFaaOR,24.13.05,Reacting to Gaming Trends,Channel_1722,6,2024-05-12T22:00:00.000Z,review|vlog|trending,6541,99,9,119,https://i.ytimg.com/vi/IUsOy9AM9va/default.jpg,False,False,False,Auto-generated sample description for Gaming video.
uQYd3bzX7BL,24.20.12,Behind the Scenes: Entertainment,Channel_2909,14,2024-12-16T18:00:00.000Z,vlog|review|2024,181628,7491,689,2091,https://i.ytimg.com/vi/zNkl_Zy2pzP/default.jpg,False,False,False,Auto-generated sample description for Entertainment video.
_2vt8uTrBGn,24.07.06,Official Entertainment Highlights,Channel_14,14,2024-06-06T15:00:00.000Z,official|trending|live,148903,10789,1201,2717,https://i.ytimg.com/vi/2EyIoWxeGHW/default.jpg,False,False,False,Auto-generated sample description for Entertainment video.
xGud0XSHFxm,24.24.05,Official Music Highlights,Channel_4360,11,2024-05-21T12:00:00.000Z,review|trending|2024,152200,9747,290,1592,https://i.ytimg.com/vi/on2UvsVB5VE/default.jpg,True,False,False,Auto-generated sample description for Music video.
BxFOdP2mDtO,24.02.02,Top 10 Music Moments This Week,Channel_2052,3,2024-01-30T04:00:00.000Z,vlog|2024|review,1223368,12405,11426,16655,https://i.ytimg.com/vi/Fbq0oyyi7d3/default.jpg,True,False,False,Auto-generated sample description for Music video.
ulAdqWksNE1,24.30.06,Reacting to Comedy Trends,Channel_580,7,2024-06-29T10:00:00.000Z,2024|vlog|review,492,31,0,4,https://i.ytimg.com/vi/9l2LPocGpoB/default.jpg,False,False,False,Auto-generated sample description for Comedy video.
v-vXMYy9sSN,24.29.07,Official Music Highlights,Channel_2059,3,2024-07-29T22:00:00.000Z,music|live|review,249316,14336,595,4618,https://i.ytimg.com/vi/dNdxIzTjvGO/default.jpg,False,False,False,Auto-generated sample description for Music video.
EBrssIv6Emu,24.13.02,Reacting to Music Trends,Channel_4099,3,2024-02-09T11:00:00.000Z,live|vlog|2024,154873,11785,1070,2115,https://i.ytimg.com/vi/nsjCoQquEnE/default.jpg,False,False,False,Auto-generated sample description for Music video.
n2HnfGEittZ,24.13.07,Why This Music Video Went Viral,Channel_1851,3,2024-07-13T07:00:00.000Z,review|music|official,46451,1430,101,156,https://i.ytimg.com/vi/HexwhdSvijr/default.jpg,False,False,False,Auto-generated sample description for Music video.
ebylSy6eNm1,24.28.09,Top 10 Film & Animation Moments This Week,Channel_371,9,2024-09-24T15:00:00.000Z,review|live|official,20362,367,104,303,https://i.ytimg.com/vi/Snent1Ojie4/default.jpg,False,False,False,Auto-generated sample description for Film & Animation video.
02nhc20sRbK,25.01.01,Why This Comedy Video Went Viral,Channel_1373,7,2024-12-30T17:00:00.000Z,2024|music|review,3651,129,18,43,https://i.ytimg.com/vi/nG1DRVaZ8Xv/default.jpg,False,False,False,Auto-generated sample description for Comedy video.
8EW19JRRIRR,25.03.01,Official Gaming Highlights,Channel_2139,6,2025-01-03T17:00:00.000Z,official|vlog|review,6879,372,40,22,https://i.ytimg.com/vi/Ef-6zqgJ-AD/default.jpg,False,False,False,Auto-generated sample description for Gaming video.
erpLJKJJLNv,24.28.03,Official Comedy Highlights,Channel_1817,7,2024-03-24T18:00:00.000Z,live|music|review,10196,275,17,46,https://i.ytimg.com/vi/gJnd8elf4Tn/default.jpg,False,False,False,Auto-generated sample description for Comedy video.
KKBHo_IUrLQ,24.20.11,Reacting to Comedy Trends,Channel_2858,7,2024-11-18T07:00:00.000Z,music|2024|vlog,26937,556,258,456,https://i.ytimg.com/vi/a2pZ3FkBJWd/default.jpg,False,False,False,Auto-generated sample description for Comedy video.
6xxe5NQ7L7h,24.30.07,Top 10 Entertainment Moments This Week,Channel_2299,14,2024-07-29T06:00:00.000Z,live|2024|music,156279,4470,1424,1306,https://i.ytimg.com/vi/for9VYmqzrS/default.jpg,False,False,False,Auto-generated sample description for Entertainment video.
zmtqSj8Xnh8,24.25.11,Official Film & Animation Highlights,Channel_1296,9,2024-11-21T20:00:00.000Z,trending|review|vlog,518,29,0,1,https://i.ytimg.com/vi/6GNSUb_PN7X/default.jpg,False,False,False,Auto-generated sample description for Film & Animation video.
fRQxCx_04QC,24.11.01,Reacting to Comedy Trends,Channel_142,7,2024-01-11T11:00:00.000Z,trending|2024|review,25781,1637,30,98,https://i.ytimg.com/vi/Sl_q8PjyNOS/default.jpg,False,False,False,Auto-generated sample description for Comedy video.
5IyU6rnKWrV,24.29.01,Behind the Scenes: Music,Channel_2196,3,2024-01-26T20:00:00.000Z,review|official|music,56807,968,132,89,https://i.ytimg.com/vi/JkoU6S7IIIp/default.jpg,False,False,False,Auto-generated sample description for Music video.
1xgFq7H4PPr,24.23.06,Official Gaming Highlights,Channel_2707,16,2024-06-21T15:00:00.000Z,music|trending|vlog,2102,102,15,9,https://i.ytimg.com/vi/EopqyViXf-W/default.jpg,False,False,False,Auto-generated sample description for Gaming video.
WAT3-L0c8Dj,24.11.10,Behind the Scenes: Music,Channel_84,3,2024-10-10T14:00:00.000Z,2024|live|official,121244,9240,1061,2246,https://i.ytimg.com/vi/QoCpx_mG_Kb/default.jpg,False,False,False,Auto-generated sample description for Music video.
ANrRbyUTecE,24.22.08,Reacting to Music Trends,Channel_307,3,2024-08-21T10:00:00.000Z,review|vlog|music,66271,2677,195,688,https://i.ytimg.com/vi/BS82dXGSLbg/default.jpg,False,False,False,Auto-generated sample description for Music video.
0TzDzdEuwt_,24.08.04,Why This Entertainment Video Went Viral,Channel_1652,14,2024-04-08T07:00:00.000Z,music|official|2024,6524,519,8,66,https://i.ytimg.com/vi/tTrfl8ML80K/default.jpg,False,False,False,Auto-generated sample description for Entertainment video.
KOz0baHe0xB,24.20.08,Top 10 Comedy Moments This Week,Channel_4968,7,2024-08-16T09:00:00.000Z,official|trending|vlog,10095,616,24,120,https://i.ytimg.com/vi/rgH5CFgM63E/default.jpg,False,False,False,Auto-generated sample description for Comedy video.
NKb5kn8EyN6,24.08.03,Comedy Compilation 2024,Channel_912,4,2024-03-07T18:00:00.000Z,official|review|vlog,192444,15047,433,2144,https://i.ytimg.com/vi/Ru19lNi5GTo/default.jpg,False,False,False,Auto-generated sample description for Comedy video.
ybAKslSvHsK,24.03.11,Official Comedy Highlights,Channel_2105,4,2024-10-30T02:00:00.000Z,music|vlog|trending,5456,64,10,26,https://i.ytimg.com/vi/5TD0uHo977E/default.jpg,False,False,False,Auto-generated sample description for Comedy video.
TvMP2fzu7uq,24.17.05,Comedy Compilation 2024,Channel_92,4,2024-05-17T13:00:00.000Z,vlog|2024|live,1775,30,15,17,https://i.ytimg.com/vi/x3z6OWGf5Eb/default.jpg,False,False,False,Auto-generated sample description for Comedy video.
dEfGx2Nl2p3,24.10.01,Top 10 Comedy Moments This Week,Channel_593,4,2024-01-08T10:00:00.000Z,2024|official|trending,6995,521,47,59,https://i.ytimg.com/vi/zX6KtMAHlKO/default.jpg,False,False,False,Auto-generated sample description for Comedy video.
bQTRwRaGlaY,24.15.02,Behind the Scenes: Comedy,Channel_1144,4,2024-02-12T20:00:00.000Z,official|live|music,1566,97,3,24,https://i.ytimg.com/vi/MorV66Yh4mO/default.jpg,False,False,False,Auto-generated sample description for Comedy video.
I4Fh-up3zOm,24.07.03,Behind the Scenes: Music,Channel_315,11,2024-03-03T18:00:00.000Z,music|official|live,20275,821,142,344,https://i.ytimg.com/vi/e5xKqgSXdVu/default.jpg,False,False,False,Auto-generated sample description for Music video.
mFA6bkUf6wo,24.04.10,Top 10 Comedy Moments This Week,Channel_1360,4,2024-10-02T04:00:00.000Z,vlog|official|trending,10196,301,8,57,https://i.ytimg.com/vi/Fd_2-GQhW6O/default.jpg,False,False,False,Auto-generated sample description for Comedy video.
uS9YgsRjS-w,24.25.10,Comedy Compilation 2024,Channel_279,4,2024-10-21T00:00:00.000Z,live|vlog|2024,21148,1031,11,288,https://i.ytimg.com/vi/bX_H6tViXgx/default.jpg,False,False,False,Auto-generated sample description for Comedy video.
VOu_TiLAGPE,24.08.08,Behind the Scenes: Comedy,Channel_3709,4,2024-08-08T16:00:00.000Z,live|official|music,12769,877,83,194,https://i.ytimg.com/vi/Nr7FtppLpgo/default.jpg,False,False,False,Auto-generated sample description for Comedy video.
fTG9yTW4NGO,24.10.07,Comedy Compilation 2024,Channel_3571,7,2024-07-08T06:00:00.000Z,review|official|trending,274032,19163,1893,588,https://i.ytimg.com/vi/rOKQe_KdzIm/default.jpg,False,False,False,Auto-generated sample description for Comedy video.
8ILjufjcAiA,24.15.02,Music Compilation 2024,Channel_4842,11,2024-02-12T10:00:00.000Z,official|live|vlog,6210,407,57,95,https://i.ytimg.com/vi/qNb9FpNSolo/default.jpg,True,False,False,Auto-generated sample description for Music video.
BtVNacGqtkM,24.08.02,Travel & Events Compilation 2024,Channel_3080,15,2024-02-04T08:00:00.000Z,review|live|trending,8743,489,27,69,https://i.ytimg.com/vi/GOQ2H9p_Way/default.jpg,False,False,False,Auto-generated sample description for Travel & Events video.
8k5mt2rPNUU,24.04.09,Entertainment Compilation 2024,Channel_1227,14,2024-09-02T00:00:00.000Z,music|2024|review,53821,2461,177,493,https://i.ytimg.com/vi/RO3fgYuXgJL/default.jpg,False,False,False,Auto-generated sample description for Entertainment video.
wN8e5HItsGJ,24.27.06,Official Music Highlights,Channel_2195,11,2024-06-26T11:00:00.000Z,vlog|music|official,14164,490,34,283,https://i.ytimg.com/vi/kabOkJ0cPf7/default.jpg,False,False,False,Auto-generated sample description for Music video.
zA2vQ_8z6XZ,24.02.11,Top 10 Comedy Moments This Week,Channel_2426,4,2024-11-02T08:00:00.000Z,live|review|vlog,26149,1711,51,285,https://i.ytimg.com/vi/ywvSvRdlKfD/default.jpg,False,True,False,Auto-generated sample description for Comedy video.
uGrVif6zkcK,24.27.09,Top 10 Music Moments This Week,Channel_2178,11,2024-09-23T05:00:00.000Z,live|official|vlog,222834,13582,1006,3282,https://i.ytimg.com/vi/QQrbwRJ1iNf/default.jpg,False,False,False,Auto-generated sample description for Music video.
M9SlYFjlGXs,24.30.08,People & Blogs Compilation 2024,Channel_2599,8,2024-08-29T21:00:00.000Z,live|vlog|review,6728,512,50,116,https://i.ytimg.com/vi/0-RJ4xswmtd/default.jpg,False,False,False,Auto-generated sample description for People & Blogs video.
bFQUQB9LrCt,24.15.05,Reacting to Music Trends,Channel_3971,11,2024-05-11T21:00:00.000Z,music|live|trending,49471,3712,202,789,https://i.ytimg.com/vi/Ro89e7OJDkG/default.jpg,False,False,False,Auto-generated sample description for Music video.
-kGspSqBYWW,24.06.09,Comedy Compilation 2024,Channel_1778,7,2024-09-05T11:00:00.000Z,vlog|2024|live,1529,109,7,30,https://i.ytimg.com/vi/trYI58AgB-g/default.jpg,False,False,False,Auto-generated sample description for Comedy video.
PNRitKJ5ID1,24.20.03,Behind the Scenes: Music,Channel_2876,11,2024-03-16T01:00:00.000Z,music|live|review,117656,2879,136,1485,https://i.ytimg.com/vi/7JxHXcJZbqp/default.jpg,False,False,False,Auto-generated sample description for Music video.
XUuweg_3AyT,24.23.01,Top 10 Music Moments This Week,Channel_361,11,2024-01-19T20:00:00.000Z,2024|trending|official,38800,976,94,626,https://i.ytimg.com/vi/y1L8i5ZMG5G/default.jpg,False,False,False,Auto-generated sample description for Music video.
qhWhhPsmG9L,24.11.03,Behind the Scenes: Entertainment,Channel_3505,14,2024-03-11T06:00:00.000Z,official|review|trending,16442,514,114,294,https://i.ytimg.com/vi/SfrKIFaEq8-/default.jpg,True,False,False,Auto-generated sample description for Entertainment video.
Y_h65Aeyb-f,25.14.01,Music Compilation 2024,Channel_2824,11,2025-01-11T09:00:00.000Z,music|vlog|official,37279,1302,72,662,https://i.ytimg.com/vi/2Oe4IDdYlEQ/default.jpg,False,False,False,Auto-generated sample description for Music video.
bBF3UXBmDQd,24.23.06,Behind the Scenes: Entertainment,Channel_688,14,2024-06-22T01:00:00.000Z,vlog|trending|official,6883,408,47,49,https://i.ytimg.com/vi/rUPlUT-P_C1/default.jpg,False,False,False,Auto-generated sample description for Entertainment video.
hfSXU7lo3iD,24.25.08,Reacting to Music Trends,Channel_1029,11,2024-08-23T22:00:00.000Z,music|review|live,153612,8032,1367,929,https://i.ytimg.com/vi/qA-5vymaZFV/default.jpg,False,False,False,Auto-generated sample description for Music video.
PAjG-mIZvNI,24.14.08,Official Entertainment Highlights,Channel_3926,14,2024-08-10T06:00:00.000Z,trending|music|official,36733,1790,334,65,https://i.ytimg.com/vi/-J53ogmFLCO/default.jpg,False,False,False,Auto-generated sample description for Entertainment video.
7CyVI8uY7dz,25.20.01,Top 10 Comedy Moments This Week,Channel_126,7,2025-01-18T01:00:00.000Z,trending|live|official,62642,2201,143,357,https://i.ytimg.com/vi/Y9hmFg2g513/default.jpg,False,False,False,Auto-generated sample description for Comedy video.
EvfVPdVo9l0,24.14.03,Top 10 Entertainment Moments This Week,Channel_1536,14,2024-03-10T09:00:00.000Z,2024|music|official,44718,1823,113,781,https://i.ytimg.com/vi/9HMFLrMjWFz/default.jpg,False,False,False,Auto-generated sample description for Entertainment video.
F1CZ1ns0HSY,24.09.09,Reacting to Entertainment Trends,Channel_947,14,2024-09-07T11:00:00.000Z,trending|2024|official,77671,4840,227,1200,https://i.ytimg.com/vi/oeOlxcDC5fe/default.jpg,False,False,False,Auto-generated sample description for Entertainment video.
gcEXopRtdP9,24.20.05,Top 10 Music Moments This Week,Channel_41,3,2024-05-17T19:00:00.000Z,music|review|2024,79490,1298,251,477,https://i.ytimg.com/vi/7-sa3bdjKy4/default.jpg,False,False,False,Auto-generated sample description for Music video.
GEgSipjMqfZ,24.15.04,Why This Music Video Went Viral,Channel_3550,11,2024-04-14T09:00:00.000Z,official|music|trending,8014,228,76,51,https://i.ytimg.com/vi/-pkg1jhRTxO/default.jpg,False,False,False,Auto-generated sample description for Music video.
kDjmPFvYTi7,24.05.12,Top 10 Music Moments This Week,Channel_4188,3,2024-12-05T14:00:00.000Z,review|trending|official,23499,857,176,211,https://i.ytimg.com/vi/CkLEs0texf0/default.jpg,False,False,False,Auto-generated sample description for Music video.
Bi_1VSFUp_7,24.30.09,Reacting to Music Trends,Channel_4350,11,2024-09-27T07:00:00.000Z,vlog|music|review,71278,2376,107,1226,https://i.ytimg.com/vi/1RjL98-DU8k/default.jpg,False,False,False,Auto-generated sample description for Music video.
dz7iOUufIuW,24.06.08,Reacting to Music Trends,Channel_1608,3,2024-08-04T08:00:00.000Z,official|live|trending,47548,1646,364,238,https://i.ytimg.com/vi/GWWZ8QiTu3v/default.jpg,False,False,False,Auto-generated sample description for Music video.
xg3Us3VCopS,24.21.03,Why This Music Video Went Viral,Channel_3953,11,2024-03-18T01:00:00.000Z,review|music|official,278502,20324,2401,2841,https://i.ytimg.com/vi/FxwKWvl2jPa/default.jpg,False,False,False,Auto-generated sample description for Music video.
MhjWUk9U9Za,24.01.11,Why This Gaming Video Went Viral,Channel_2579,6,2024-10-30T01:00:00.000Z,vlog|2024|review,20337,404,63,179,https://i.ytimg.com/vi/NUtNY-wBtg9/default.jpg,False,False,False,Auto-generated sample description for Gaming video.
4mVIIjng9K3,24.19.02,Reacting to Music Trends,Channel_4218,3,2024-02-19T19:00:00.000Z,music|official|trending,23439,1804,66,301,https://i.ytimg.com/vi/Q2FNa8UEMLJ/default.jpg,False,False,False,Auto-generated sample description for Music video.
puFHFk-uCQY,24.13.05,Why This Entertainment Video Went Viral,Channel_2844,14,2024-05-12T10:00:00.000Z,review|music|trending,5715,235,12,41,https://i.ytimg.com/vi/5jrpl-XwKof/default.jpg,False,False,False,Auto-generated sample description for Entertainment video.
zKjgID7Zua1,24.06.10,Top 10 Gaming Moments This Week,Channel_1428,6,2024-10-05T13:00:00.000Z,music|2024|official,9139,382,7,6,https://i.ytimg.com/vi/JCJO_ur0Bd-/default.jpg,False,False,False,Auto-generated sample description for Gaming video.
zbowDkiZhi1,24.02.09,Top 10 Comedy Moments This Week,Channel_1636,7,2024-08-31T12:00:00.000Z,music|official|live,45401,2209,113,769,https://i.ytimg.com/vi/zbBXyn8QxXY/default.jpg,False,False,False,Auto-generated sample description for Comedy video.
QZhv6c8p-yD,24.08.11,Comedy Compilation 2024,Channel_1642,7,2024-11-05T05:00:00.000Z,trending|official|vlog,5543,389,22,81,https://i.ytimg.com/vi/v5V9EO-tU3X/default.jpg,False,False,False,Auto-generated sample description for Comedy video.
4ft60mgNDik,24.31.03,Reacting to Comedy Trends,Channel_4841,7,2024-03-27T04:00:00.000Z,review|vlog|music,348,9,2,5,https://i.ytimg.com/vi/29jW5Mzxqde/default.jpg,False,False,False,Auto-generated sample description for Comedy video.
raDokB7WsMA,25.18.01,Official Comedy Highlights,Channel_1631,7,2025-01-17T03:00:00.000Z,music|official|live,64285,2473,416,1204,https://i.ytimg.com/vi/AdUHEujgDAI/default.jpg,False,False,False,Auto-generated sample description for Comedy video.
iFqXr3r0FXJ,24.30.01,Why This Travel & Events Video Went Viral,Channel_175,15,2024-01-27T07:00:00.000Z,music|trending|official,192,13,0,1,https://i.ytimg.com/vi/Vt27sUX4Bqd/default.jpg,False,False,False,Auto-generated sample description for Travel & Events video.
v_nanjXHydY,24.09.01,Music Compilation 2024,Channel_4369,11,2024-01-08T14:00:00.000Z,review|vlog|live,42601,1109,201,446,https://i.ytimg.com/vi/3TKU1ux2OCn/default.jpg,False,False,False,Auto-generated sample description for Music video.
r85w9JkjlYM,24.18.01,Why This Comedy Video Went Viral,Channel_4959,4,2024-01-17T08:00:00.000Z,official|music|vlog,113924,6825,637,409,https://i.ytimg.com/vi/TP4WnlQIsqd/default.jpg,False,False,False,Auto-generated sample description for Comedy video.
-9LuWX8TYGb,24.02.09,Why This Entertainment Video Went Viral,Channel_572,14,2024-08-31T08:00:00.000Z,live|official|trending,4338,305,26,39,https://i.ytimg.com/vi/rKzOb6WHhHc/default.jpg,False,False,False,Auto-generated sample description for Entertainment video.
xCNocnYjQLe,24.19.03,Official Music Highlights,Channel_3475,3,2024-03-17T12:00:00.000Z,review|trending|live,12014,643,43,35,https://i.ytimg.com/vi/jfVXYsxssUk/default.jpg,False,False,False,Auto-generated sample description for Music video.
bDxowcEaLoY,24.30.10,Behind the Scenes: Comedy,Channel_3981,7,2024-10-30T07:00:00.000Z,live|2024|vlog,241164,10258,1060,4287,https://i.ytimg.com/vi/dE4Xa7vOzFr/default.jpg,True,False,False,Auto-generated sample description for Comedy video.
ormxXIqXjpf,25.22.01,Why This Comedy Video Went Viral,Channel_2962,7,2025-01-20T18:00:00.000Z,live|vlog|official,4261,270,37,62,https://i.ytimg.com/vi/QXm-zdJ1yr3/default.jpg,False,False,False,Auto-generated sample description for Comedy video.
68i1Ebwdh-_,24.20.04,Behind the Scenes: Comedy,Channel_4966,7,2024-04-19T18:00:00.000Z,trending|2024|vlog,24314,912,187,259,https://i.ytimg.com/vi/dKuTXyf1nnr/default.jpg,False,False,False,Auto-generated sample description for Comedy video.
-K2iTL0VZPD,24.30.01,Top 10 Music Moments This Week,Channel_1704,11,2024-01-28T18:00:00.000Z,live|trending|vlog,34599,812,328,435,https://i.ytimg.com/vi/bh4ZkjfhQMa/default.jpg,False,False,False,Auto-generated sample description for Music video.
qo5ILK1dhrO,24.05.11,Top 10 Music Moments This Week,Channel_69,3,2024-11-03T14:00:00.000Z,official|2024|trending,68615,2627,633,652,https://i.ytimg.com/vi/OccHXSjYTJN/default.jpg,False,False,False,Auto-generated sample description for Music video.
obe4hDakKYD,24.28.03,Why This Entertainment Video Went Viral,Channel_175,14,2024-03-26T05:00:00.000Z,review|2024|official,17850,1003,163,71,https://i.ytimg.com/vi/vD4TSPWRp5Y/default.jpg,False,False,False,Auto-generated sample description for Entertainment video.
Fa61HEDcxF3,24.02.08,Music Compilation 2024,Channel_3052,11,2024-07-31T11:00:00.000Z,vlog|2024|music,6533,367,28,7,https://i.ytimg.com/vi/hmwMsUCuC2u/default.jpg,False,False,False,Auto-generated sample description for Music video.
xB4Mti7UK78,24.30.08,Official Travel & Events Highlights,Channel_3929,15,2024-08-30T18:00:00.000Z,official|trending|live,15582,280,112,93,https://i.ytimg.com/vi/aJZVszUS-tp/default.jpg,False,False,False,Auto-generated sample description for Travel & Events video.
X5-zghAq1q3,24.28.07,Behind the Scenes: Music,Channel_3449,11,2024-07-28T16:00:00.000Z,review|vlog|live,69953,3830,460,1182,https://i.ytimg.com/vi/Ipgk3gOkqkV/default.jpg,False,False,False,Auto-generated sample description for Music video.
pHCpgm7M_R6,24.18.01,Official Comedy Highlights,Channel_984,4,2024-01-17T17:00:00.000Z,review|live|official,5255,415,27,5,https://i.ytimg.com/vi/VcfqwT7YszW/default.jpg,False,False,False,Auto-generated sample description for Comedy video.
U6OXfht-CfG,24.12.01,Reacting to Music Trends,Channel_3426,3,2024-01-08T22:00:00.000Z,vlog|trending|review,70203,4892,541,588,https://i.ytimg.com/vi/blPeoJAybq5/default.jpg,False,False,False,Auto-generated sample description for Music video.
xSH-CTWbEF_,24.15.06,Behind the Scenes: People & Blogs,Channel_106,8,2024-06-14T15:00:00.000Z,vlog|2024|review,84043,5019,500,1405,https://i.ytimg.com/vi/iLXhDukHIDK/default.jpg,False,False,False,Auto-generated sample description for People & Blogs video.
5Wg6wFANyHq,24.29.10,Official Music Highlights,Channel_2500,3,2024-10-28T07:00:00.000Z,official|trending|vlog,627702,9889,4943,3606,https://i.ytimg.com/vi/SWoJBmK43Mc/default.jpg,False,False,False,Auto-generated sample description for Music video.
fVhrt1ybgaW,24.26.04,Official Gaming Highlights,Channel_449,16,2024-04-23T12:00:00.000Z,2024|review|official,44233,1514,167,194,https://i.ytimg.com/vi/YsIeG7eI71s/default.jpg,False,False,False,Auto-generated sample description for Gaming video.
JasOvSAhQkJ,24.19.10,Entertainment Compilation 2024,Channel_1191,14,2024-10-18T16:00:00.000Z,2024|music|trending,142703,3743,485,1743,https://i.ytimg.com/vi/jFGnPXJmdP8/default.jpg,False,False,False,Auto-generated sample description for Entertainment video.
UJdskAHDWY-,24.24.10,Behind the Scenes: Music,Channel_180,3,2024-10-22T16:00:00.000Z,vlog|review|music,430301,24964,756,6151,https://i.ytimg.com/vi/yKjehOW05jU/default.jpg,False,False,False,Auto-generated sample description for Music video.
Q-79FzybOmW,24.10.06,Why This Entertainment Video Went Viral,Channel_2480,14,2024-06-07T19:00:00.000Z,trending|official|live,1944,96,1,22,https://i.ytimg.com/vi/fxdMRsz6Hie/default.jpg,False,False,False,Auto-generated sample description for Entertainment video.
yWWJ7akeOFE,24.03.08,Top 10 Music Moments This Week,Channel_4710,11,2024-07-30T12:00:00.000Z,music|2024|live,220392,4543,2117,1247,https://i.ytimg.com/vi/Qiplxx9wT6z/default.jpg,False,False,False,Auto-generated sample description for Music video.
oxuKfixbtm2,24.26.04,Why This Music Video Went Viral,Channel_4390,3,2024-04-26T17:00:00.000Z,vlog|2024|trending,63129,2910,202,926,https://i.ytimg.com/vi/EJsGsriBnv1/default.jpg,False,False,False,Auto-generated sample description for Music video.
QlJEJeBnuNM,24.15.08,Music Compilation 2024,Channel_3767,11,2024-08-14T05:00:00.000Z,music|vlog|official,273097,11712,1479,1994,https://i.ytimg.com/vi/QR9f66cQQQG/default.jpg,False,False,False,Auto-generated sample description for Music video.
1tbbFX8VaXU,24.03.07,Official Music Highlights,Channel_4936,3,2024-07-01T10:00:00.000Z,trending|vlog|review,29634,1402,71,322,https://i.ytimg.com/vi/kzap9wCHMqy/default.jpg,False,False,False,Auto-generated sample description for Music video.
mH5JojariPj,24.10.04,Official Music Highlights,Channel_4187,3,2024-04-10T15:00:00.000Z,music|vlog|trending,29913,1665,234,406,https://i.ytimg.com/vi/cW-xVFBh3_h/default.jpg,False,False,False,Auto-generated sample description for Music video.
IWSGqHCskkC,24.18.03,Comedy Compilation 2024,Channel_2914,4,2024-03-15T17:00:00.000Z,music|official|vlog,15163,450,94,191,https://i.ytimg.com/vi/4-kxWuwUqCo/default.jpg,False,False,True,Auto-generated sample description for Comedy video.
li5QlxQu0E_,24.26.12,Comedy Compilation 2024,Channel_1235,7,2024-12-26T02:00:00.000Z,live|music|review,520401,34194,3991,7275,https://i.ytimg.com/vi/vRl3vj2W_y6/default.jpg,False,False,False,Auto-generated sample description for Comedy video.
lTHUMatgsfI,24.01.10,Behind the Scenes: Entertainment,Channel_3858,14,2024-09-28T21:00:00.000Z,official|2024|live,11647,348,101,139,https://i.ytimg.com/vi/6dTCWZXK4pF/default.jpg,False,False,False,Auto-generated sample description for Entertainment video.
VBCazjVyQ-A,24.31.10,Why This Music Video Went Viral,Channel_4199,3,2024-10-27T09:00:00.000Z,official|music|vlog,1374,88,9,9,https://i.ytimg.com/vi/BMU02j1-lG5/default.jpg,True,False,False,Auto-generated sample description for Music video.
NZPIdI7Xjr4,24.06.05,Entertainment Compilation 2024,Channel_3109,14,2024-05-05T07:00:00.000Z,review|vlog|2024,3221,50,31,27,https://i.ytimg.com/vi/J4tI5Kz0f8X/default.jpg,False,False,False,Auto-generated sample description for Entertainment video.
sm70rW0rF3q,24.29.10,Behind the Scenes: Music,Channel_2140,3,2024-10-28T13:00:00.000Z,trending|review|2024,41922,3098,179,834,https://i.ytimg.com/vi/H6zdQDe4lp5/default.jpg,False,False,False,Auto-generated sample description for Music video.
Apv6yonutRb,24.10.10,Official Comedy Highlights,Channel_2115,4,2024-10-09T12:00:00.000Z,music|vlog|2024,62250,2617,349,342,https://i.ytimg.com/vi/9BUaCisjFHU/default.jpg,False,False,False,Auto-generated sample description for Comedy video.
xNVuNj_tMjC,24.06.07,Behind the Scenes: Entertainment,Channel_4464,14,2024-07-02T17:00:00.000Z,live|music|trending,320309,14002,3030,3812,https://i.ytimg.com/vi/7B4nokMHH1K/default.jpg,False,False,False,Auto-generated sample description for Entertainment video.
XL72zKb8MXp,25.02.01,Top 10 Music Moments This Week,Channel_4855,11,2024-12-29T19:00:00.000Z,live|official|music,4632,312,7,47,https://i.ytimg.com/vi/W6CmAhHjQnn/default.jpg,False,False,False,Auto-generated sample description for Music video.
UU7phPsXR7f,24.14.07,Entertainment Compilation 2024,Channel_2326,14,2024-07-14T00:00:00.000Z,2024|official|live,55466,1846,38,939,https://i.ytimg.com/vi/iLqOyHRVCho/default.jpg,False,False,False,Auto-generated sample description for Entertainment video.
ZpL2nZsBqGn,24.16.06,Top 10 Entertainment Moments This Week,Channel_3066,14,2024-06-16T08:00:00.000Z,trending|live|music,12061,450,33,57,https://i.ytimg.com/vi/P_LkLmftPbF/default.jpg,False,False,False,Auto-generated sample description for Entertainment video.
JDmcMm5XvJo,24.08.03,Behind the Scenes: Music,Channel_1968,3,2024-03-07T10:00:00.000Z,trending|music|live,17258,1093,150,163,https://i.ytimg.com/vi/-u-bR9WPLzm/default.jpg,False,False,False,Auto-generated sample description for Music video.
4lfxDJbUtJM,24.21.02,Official Entertainment Highlights,Channel_2998,14,2024-02-19T10:00:00.000Z,music|live|trending,84582,856,825,141,https://i.ytimg.com/vi/jHiqYfF6jQ_/default.jpg,False,False,False,Auto-generated sample description for Entertainment video.
w79Ev8YJRwF,24.24.12,Reacting to Entertainment Trends,Channel_1170,14,2024-12-22T14:00:00.000Z,official|vlog|music,28947,1806,286,54,https://i.ytimg.com/vi/x-so9wdDCLC/default.jpg,False,False,False,Auto-generated sample description for Entertainment video.
u9wfZA6HV0-,24.13.09,Official Music Highlights,Channel_3442,11,2024-09-09T18:00:00.000Z,vlog|official|review,26756,1338,193,352,https://i.ytimg.com/vi/KCiN8UW-tuw/default.jpg,False,False,False,Auto-generated sample description for Music video.
mP57gzOk9S2,24.21.07,Reacting to Gaming Trends,Channel_3978,16,2024-07-18T00:00:00.000Z,music|review|trending,11334,398,70,120,https://i.ytimg.com/vi/tq7vFK1wDLo/default.jpg,False,False,False,Auto-generated sample description for Gaming video.
f52MBlm00QK,24.02.12,Official Gaming Highlights,Channel_3737,16,2024-11-28T18:00:00.000Z,live|music|review,24456,364,198,101,https://i.ytimg.com/vi/1jJpeF2rCvw/default.jpg,False,False,False,Auto-generated sample description for Gaming video.
QSAs6Fj0tH5,24.02.10,Behind the Scenes: Gaming,Channel_3324,6,2024-10-02T15:00:00.000Z,2024|vlog|trending,31194,557,87,288,https://i.ytimg.com/vi/vgNOoex1ekf/default.jpg,False,False,False,Auto-generated sample description for Gaming video.
a0K7eh_IaIu,24.31.03,Official Entertainment Highlights,Channel_1608,14,2024-03-27T20:00:00.000Z,music|2024|review,44237,3268,247,643,https://i.ytimg.com/vi/t3Ls2x-BmK8/default.jpg,False,False,False,Auto-generated sample description for Entertainment video.
wwxFRc5ZPDp,24.03.04,Top 10 Music Moments This Week,Channel_4328,3,2024-03-31T17:00:00.000Z,2024|live|official,4739,340,8,80,https://i.ytimg.com/vi/Uc7GYJtnk3y/default.jpg,False,False,False,Auto-generated sample description for Music video.
ypfO955nYcA,24.04.09,Why This Comedy Video Went Viral,Channel_186,7,2024-09-04T03:00:00.000Z,review|official|trending,13510,135,15,79,https://i.ytimg.com/vi/Wq9JNGKVTlz/default.jpg,False,False,False,Auto-generated sample description for Comedy video.
lgFY_UP5Mki,24.26.11,Entertainment Compilation 2024,Channel_3269,14,2024-11-26T13:00:00.000Z,official|2024|music,12341,729,95,86,https://i.ytimg.com/vi/wZjMC0UmvVG/default.jpg,False,False,False,Auto-generated sample description for Entertainment video.
gHQ0SsNQmj9,24.04.12,Behind the Scenes: Music,Channel_1239,11,2024-12-03T18:00:00.000Z,official|review|2024,1077288,18273,9053,10248,https://i.ytimg.com/vi/Ft3FXSyUYnQ/default.jpg,False,False,False,Auto-generated sample description for Music video.
SsoMl1lNVCG,24.12.06,Reacting to Music Trends,Channel_766,11,2024-06-12T12:00:00.000Z,live|review|trending,4801,122,27,76,https://i.ytimg.com/vi/LAzXXfN77y2/default.jpg,False,False,False,Auto-generated sample description for Music video.
rmSRxjRcIg1,24.05.02,Reacting to Music Trends,Channel_51,3,2024-02-02T15:00:00.000Z,live|trending|official,44247,1274,334,186,https://i.ytimg.com/vi/2LKGSjb18iL/default.jpg,False,False,False,Auto-generated sample description for Music video.
4njiEGrGqDX,24.10.08,Top 10 People & Blogs Moments This Week,Channel_3725,8,2024-08-10T20:00:00.000Z,music|live|2024,44725,1035,146,27,https://i.ytimg.com/vi/zFUw0CDtwgc/default.jpg,False,False,False,Auto-generated sample description for People & Blogs video.
Hv2WNgSfbyR,25.02.02,Reacting to Music Trends,Channel_494,3,2025-01-29T04:00:00.000Z,music|vlog|2024,7661,585,26,4,https://i.ytimg.com/vi/-dou-If0woP/default.jpg,True,False,False,Auto-generated sample description for Music video.
gUeDoRSkjtB,24.15.08,Top 10 Comedy Moments This Week,Channel_2536,7,2024-08-13T07:00:00.000Z,vlog|live|review,40727,627,368,812,https://i.ytimg.com/vi/C03TbMK_V-I/default.jpg,False,False,False,Auto-generated sample description for Comedy video.
iDxtYIx4A4S,24.03.02,Reacting to Nonprofits & Activism Trends,Channel_2923,5,2024-02-02T17:00:00.000Z,vlog|live|review,67378,4027,267,862,https://i.ytimg.com/vi/L6DLBMjlavq/default.jpg,False,False,False,Auto-generated sample description for Nonprofits & Activism video.
Ti35VFgzFqW,24.12.02,Travel & Events Compilation 2024,Channel_3065,13,2024-02-08T02:00:00.000Z,trending|music|official,34001,2340,128,192,https://i.ytimg.com/vi/HXZCPKMhmGW/default.jpg,False,False,False,Auto-generated sample description for Travel & Events video.
eDZWcvXUiYO,24.14.12,Top 10 Entertainment Moments This Week,Channel_4678,14,2024-12-11T10:00:00.000Z,official|music|vlog,95954,7124,918,525,https://i.ytimg.com/vi/L1Ah7k2_YhF/default.jpg,False,False,False,Auto-generated sample description for Entertainment video.
DbKnYjdioKG,24.20.03,Why This Travel & Events Video Went Viral,Channel_1712,15,2024-03-19T02:00:00.000Z,review|trending|official,1414,44,2,12,https://i.ytimg.com/vi/U6JlkmZuOhP/default.jpg,False,False,False,Auto-generated sample description for Travel & Events video.
Gdvz_hXPEGC,24.07.02,Music Compilation 2024,Channel_4459,11,2024-02-03T04:00:00.000Z,review|music|live,22547,498,36,316,https://i.ytimg.com/vi/agoB_M4lD0h/default.jpg,False,False,False,Auto-generated sample description for Music video.
Ycoy4N6eOzi,24.11.09,Behind the Scenes: Science & Technology,Channel_936,12,2024-09-11T10:00:00.000Z,trending|music|live,34913,2601,92,325,https://i.ytimg.com/vi/J0ZDhgOTEiL/default.jpg,False,False,False,Auto-generated sample description for Science & Technology video.
HGXl8wGuGWv,24.29.03,Gaming Compilation 2024,Channel_3127,6,2024-03-29T03:00:00.000Z,official|review|music,13968,642,36,265,https://i.ytimg.com/vi/tuKYFLLd-4V/default.jpg,False,False,False,Auto-generated sample description for Gaming video.
OEEzwqsq5WI,24.17.11,Film & Animation Compilation 2024,Channel_3287,9,2024-11-15T09:00:00.000Z,official|music|review,4842,190,8,9,https://i.ytimg.com/vi/BA_qhi4W-1r/default.jpg,False,False,False,Auto-generated sample description for Film & Animation video.
Ol_5ecWAKhT,24.12.09,Reacting to Music Trends,Channel_485,11,2024-09-09T03:00:00.000Z,2024|review|live,47578,1092,57,32,https://i.ytimg.com/vi/qUbrBMblfwW/default.jpg,False,False,False,Auto-generated sample description for Music video.
GGf1xNo5yq-,24.01.04,Reacting to Music Trends,Channel_2172,3,2024-03-28T02:00:00.000Z,2024|trending|review,40767,965,283,589,https://i.ytimg.com/vi/KgYQ8MzFQUf/default.jpg,False,False,False,Auto-generated sample description for Music video.
Lk8pJcI1h5B,24.24.05,Music Compilation 2024,Channel_3448,3,2024-05-23T03:00:00.000Z,music|official|trending,100829,1835,427,1700,https://i.ytimg.com/vi/D8ESwdTZfab/default.jpg,False,False,False,Auto-generated sample description for Music video.
nR3UPGpIdJG,24.10.05,Official Comedy Highlights,Channel_4625,7,2024-05-08T13:00:00.000Z,vlog|official|2024,11191,676,60,220,https://i.ytimg.com/vi/GiIsRc46X5y/default.jpg,False,False,False,Auto-generated sample description for Comedy video.
o6kB0IuNM4q,24.29.06,Top 10 Music Moments This Week,Channel_4833,11,2024-06-28T01:00:00.000Z,trending|vlog|official,6139,83,51,4,https://i.ytimg.com/vi/t-KacI5szlx/default.jpg,False,True,False,Auto-generated sample description for Music video.
S__0DIOK9Cy,24.29.11,Official Music Highlights,Channel_4305,3,2024-11-25T12:00:00.000Z,official|vlog|review,105109,6677,407,2009,https://i.ytimg.com/vi/ipGYEhNMcw2/default.jpg,False,False,False,Auto-generated sample description for Music video.
U7VV1XNRrVm,25.02.01,Behind the Scenes: Gaming,Channel_3007,6,2024-12-29T19:00:00.000Z,official|live|music,10159,600,94,184,https://i.ytimg.com/vi/Dpi7C3DLAll/default.jpg,False,False,False,Auto-generated sample description for Gaming video.
AGuRQw45Qst,24.21.01,Behind the Scenes: Music,Channel_2908,11,2024-01-18T17:00:00.000Z,music|vlog|live,20932,1231,89,157,https://i.ytimg.com/vi/m8AsMRPWgV3/default.jpg,True,False,False,Auto-generated sample description for Music video.
jAYxAW4FuFH,24.19.12,Top 10 Comedy Moments This Week,Channel_2609,7,2024-12-18T06:00:00.000Z,official|live|review,48651,821,376,846,https://i.ytimg.com/vi/_ZSvY2pnfME/default.jpg,False,False,False,Auto-generated sample description for Comedy video.
OKFtV6upPRp,24.25.04,Behind the Scenes: Gaming,Channel_4950,16,2024-04-24T16:00:00.000Z,2024|music|vlog,1580,35,10,16,https://i.ytimg.com/vi/zB7DsNH7yVH/default.jpg,False,False,False,Auto-generated sample description for Gaming video.
w1d2DAC6MFo,25.26.01,Music Compilation 2024,Channel_1856,3,2025-01-24T07:00:00.000Z,vlog|2024|music,71148,5345,620,311,https://i.ytimg.com/vi/XmWd6pUa42X/default.jpg,False,False,False,Auto-generated sample description for Music video.
HL5gTh4irED,24.21.07,Reacting to Comedy Trends,Channel_1811,7,2024-07-18T15:00:00.000Z,official|live|2024,880,41,2,5,https://i.ytimg.com/vi/TXBDpBqGKw0/default.jpg,False,False,False,Auto-generated sample description for Comedy video.
O3fDBSQ-Kl-,24.26.03,Reacting to Gaming Trends,Channel_1851,6,2024-03-25T18:00:00.000Z,official|trending|music,12445,774,49,248,https://i.ytimg.com/vi/JIODxtD9OoX/default.jpg,False,False,False,Auto-generated sample description for Gaming video.
Cq1XcshJxeN,24.31.03,Reacting to Gaming Trends,Channel_1912,6,2024-03-28T19:00:00.000Z,trending|2024|review,20300,1245,151,212,https://i.ytimg.com/vi/sFv-rIYFbWk/default.jpg,False,False,False,Auto-generated sample description for Gaming video.
HgcEyemB98Q,24.09.01,Top 10 Entertainment Moments This Week,Channel_2913,14,2024-01-06T11:00:00.000Z,review|live|music,27555,1386,95,477,https://i.ytimg.com/vi/twbtvyZ5X0j/default.jpg,False,False,False,Auto-generated sample description for Entertainment video.
xqONPQ4PPZh,24.04.08,Music Compilation 2024,Channel_4206,3,2024-08-02T08:00:00.000Z,official|2024|vlog,10429,509,58,138,https://i.ytimg.com/vi/xLcXvWvObiS/default.jpg,False,False,False,Auto-generated sample description for Music video.
_ts-kVSHOso,24.15.07,Official Film & Animation Highlights,Channel_734,9,2024-07-14T03:00:00.000Z,music|live|trending,2828,110,5,37,https://i.ytimg.com/vi/7ovrdWXIYTi/default.jpg,False,False,False,Auto-generated sample description for Film & Animation video.
_kNYA1p-0we,24.02.11,Why This Nonprofits & Activism Video Went Viral,Channel_304,5,2024-10-29T18:00:00.000Z,music|trending|vlog,993,37,8,17,https://i.ytimg.com/vi/Ojnd_Ay8XNL/default.jpg,False,False,False,Auto-generated sample description for Nonprofits & Activism video.
Y8B_NYzLgm-,24.27.04,Top 10 Music Moments This Week,Channel_2264,3,2024-04-25T05:00:00.000Z,2024|review|live,64200,853,181,519,https://i.ytimg.com/vi/bSwG3OD3xKY/default.jpg,False,False,False,Auto-generated sample description for Music video.
NJjmq_wkUEr,24.13.02,Reacting to Music Trends,Channel_3277,3,2024-02-09T05:00:00.000Z,live|music|official,91493,2682,365,1139,https://i.ytimg.com/vi/ITPqKMz0Q1M/default.jpg,True,False,False,Auto-generated sample description for Music video.
HL3PjWSVGWH,24.03.04,Top 10 Film & Animation Moments This Week,Channel_2529,9,2024-03-30T02:00:00.000Z,music|2024|review,26714,1594,220,397,https://i.ytimg.com/vi/yL7BGd1s85z/default.jpg,True,False,False,Auto-generated sample description for Film & Animation video.
TPeMnAiaHcg,24.11.12,Entertainment Compilation 2024,Channel_1323,14,2024-12-07T02:00:00.000Z,trending|review|2024,186039,1868,151,3465,https://i.ytimg.com/vi/QZCvBQ3VyDm/default.jpg,False,False,False,Auto-generated sample description for Entertainment video.
RxsYkX_SzfS,24.05.08,Behind the Scenes: Music,Channel_174,3,2024-08-03T19:00:00.000Z,vlog|trending|2024,3629,171,26,37,https://i.ytimg.com/vi/DytdQbGgnVa/default.jpg,False,False,False,Auto-generated sample description for Music video.
2jteE9Y9gQG,24.24.01,Official Music Highlights,Channel_3756,3,2024-01-23T21:00:00.000Z,2024|vlog|music,76269,5528,683,270,https://i.ytimg.com/vi/JFIIKfuxeTA/default.jpg,False,False,False,Auto-generated sample description for Music video.
ld0iA6Sftc8,24.10.01,Music Compilation 2024,Channel_1961,11,2024-01-09T08:00:00.000Z,vlog|review|live,76088,5457,508,44,https://i.ytimg.com/vi/iJDvti_qsr3/default.jpg,False,False,False,Auto-generated sample description for Music video.
TsKSIuyQsij,24.30.09,Top 10 Autos & Vehicles Moments This Week,Channel_3682,1,2024-09-30T22:00:00.000Z,live|official|music,15052,226,95,187,https://i.ytimg.com/vi/_9VJpkepZzS/default.jpg,False,False,False,Auto-generated sample description for Autos & Vehicles video.
93FxEzgoWde,24.07.02,Why This Gaming Video Went Viral,Channel_4619,6,2024-02-04T21:00:00.000Z,official|live|2024,59823,2994,209,1031,https://i.ytimg.com/vi/jv8oTl81s6A/default.jpg,False,False,False,Auto-generated sample description for Gaming video.
ZURoFEnLySw,24.11.06,Why This Music Video Went Viral,Channel_1485,3,2024-06-07T06:00:00.000Z,vlog|review|trending,142687,3990,80,2625,https://i.ytimg.com/vi/ub-Jc86mKEn/default.jpg,False,False,False,Auto-generated sample description for Music video.
5XyEl6JWh3z,24.29.03,Behind the Scenes: Entertainment,Channel_2339,14,2024-03-25T11:00:00.000Z,trending|official|review,34995,1509,77,592,https://i.ytimg.com/vi/_W2AokSwH0Z/default.jpg,False,False,False,Auto-generated sample description for Entertainment video.
6wDn61FTfmL,24.23.12,Behind the Scenes: Music,Channel_1731,3,2024-12-22T07:00:00.000Z,vlog|music|review,201963,13054,1109,1723,https://i.ytimg.com/vi/tbJ0NELfj9y/default.jpg,False,False,True,Auto-generated sample description for Music video.
dxg8nXwBFV6,24.27.07,Top 10 Comedy Moments This Week,Channel_2087,7,2024-07-24T13:00:00.000Z,2024|trending|live,7777,216,45,94,https://i.ytimg.com/vi/2W3wCBXn3Yt/default.jpg,False,False,False,Auto-generated sample description for Comedy video.
GX0AOzZWuhn,24.01.02,Official Music Highlights,Channel_3829,11,2024-01-28T04:00:00.000Z,live|trending|official,40651,1703,379,205,https://i.ytimg.com/vi/Nc9vYIuQc0I/default.jpg,False,False,False,Auto-generated sample description for Music video.
uxxGc7Btq39,24.22.02,Why This Entertainment Video Went Viral,Channel_3366,14,2024-02-22T15:00:00.000Z,vlog|live|trending,33668,927,127,492,https://i.ytimg.com/vi/A15Vllw6auQ/default.jpg,False,False,False,Auto-generated sample description for Entertainment video.
YHgUI1r4KJo,24.12.03,Reacting to Music Trends,Channel_3047,3,2024-03-09T11:00:00.000Z,2024|vlog|trending,7167,270,69,21,https://i.ytimg.com/vi/XfEH2I8QtCI/default.jpg,False,False,False,Auto-generated sample description for Music video.
PvIpf5ZSWcr,24.06.01,Official Music Highlights,Channel_4661,11,2024-01-06T18:00:00.000Z,2024|music|vlog,19182,489,163,226,https://i.ytimg.com/vi/u6rVhIfuU1V/default.jpg,False,False,False,Auto-generated sample description for Music video.
jjku6T5ktHL,24.08.07,Behind the Scenes: Entertainment,Channel_2387,14,2024-07-05T15:00:00.000Z,music|trending|review,59874,2767,397,757,https://i.ytimg.com/vi/n8RPnWnPuMV/default.jpg,False,False,False,Auto-generated sample description for Entertainment video.
T_18h0Syzr1,24.07.03,Reacting to Gaming Trends,Channel_1082,16,2024-03-07T00:00:00.000Z,live|music|2024,19988,459,178,312,https://i.ytimg.com/vi/3Z7W5VmvDxm/default.jpg,False,False,False,Auto-generated sample description for Gaming video.
TxhqEQA-t2x,24.07.09,Reacting to Music Trends,Channel_4974,3,2024-09-06T02:00:00.000Z,official|vlog|music,98002,5312,114,1197,https://i.ytimg.com/vi/1kv88tMqHLt/default.jpg,False,False,False,Auto-generated sample description for Music video.
4n--7_6UQzm,24.18.03,Why This Music Video Went Viral,Channel_2137,11,2024-03-18T07:00:00.000Z,review|trending|official,14790,515,50,183,https://i.ytimg.com/vi/h59VkW-hhSZ/default.jpg,False,False,False,Auto-generated sample description for Music video.
m5dgEWPHd5k,24.26.09,Why This Gaming Video Went Viral,Channel_3990,16,2024-09-25T11:00:00.000Z,review|vlog|official,2682,28,13,49,https://i.ytimg.com/vi/t05TJFkss3V/default.jpg,False,False,False,Auto-generated sample description for Gaming video.
g0YFEET5yZN,24.20.10,Music Compilation 2024,Channel_2564,11,2024-10-16T00:00:00.000Z,music|official|live,16111,403,142,283,https://i.ytimg.com/vi/ooBdT9qezYT/default.jpg,False,False,False,Auto-generated sample description for Music video.
YHE9slP5HVl,24.01.04,Why This Music Video Went Viral,Channel_4909,3,2024-03-30T03:00:00.000Z,review|2024|trending,330029,24601,2316,1385,https://i.ytimg.com/vi/HPrF9w9MlQs/default.jpg,False,False,False,Auto-generated sample description for Music video.
EUwoKExjHSI,24.05.08,Music Compilation 2024,Channel_2702,3,2024-08-01T04:00:00.000Z,live|vlog|2024,218392,2904,2120,2841,https://i.ytimg.com/vi/00lhcSjryWB/default.jpg,False,False,False,Auto-generated sample description for Music video.
y4vnmV4yRYm,24.05.01,Official Music Highlights,Channel_902,11,2024-01-05T15:00:00.000Z,trending|music|live,16269,1253,54,235,https://i.ytimg.com/vi/HRhM6BDwQhP/default.jpg,False,False,False,Auto-generated sample description for Music video.
nPVdsw3H1Ke,24.14.11,Official Music Highlights,Channel_1010,3,2024-11-12T11:00:00.000Z,live|official|2024,151030,5478,1390,1531,https://i.ytimg.com/vi/9a9hX-HKOzF/default.jpg,False,False,False,Auto-generated sample description for Music video.
2PtvAypMYJ_,24.03.10,Reacting to Entertainment Trends,Channel_2206,14,2024-10-02T07:00:00.000Z,vlog|2024|music,61754,4509,162,800,https://i.ytimg.com/vi/U4Q6Plzrx5T/default.jpg,False,False,False,Auto-generated sample description for Entertainment video.
4PhpGNnn5Mi,24.14.09,Behind the Scenes: Comedy,Channel_2311,7,2024-09-14T01:00:00.000Z,vlog|trending|2024,799,27,3,7,https://i.ytimg.com/vi/No9V6kgNvYI/default.jpg,False,False,False,Auto-generated sample description for Comedy video.
ni6Lgcv5U8Z,24.15.06,Gaming Compilation 2024,Channel_4978,16,2024-06-12T21:00:00.000Z,live|trending|2024,6491,508,64,102,https://i.ytimg.com/vi/a2vw5aCYiXS/default.jpg,False,False,False,Auto-generated sample description for Gaming video.
_eVb7QpQeHR,24.07.10,Behind the Scenes: Music,Channel_3232,11,2024-10-07T19:00:00.000Z,live|vlog|official,16191,739,148,271,https://i.ytimg.com/vi/VA-sHhfokEp/default.jpg,False,False,False,Auto-generated sample description for Music video.
EqzRtEcL_wm,24.23.05,Why This Music Video Went Viral,Channel_333,11,2024-05-21T03:00:00.000Z,official|music|review,13144,245,96,59,https://i.ytimg.com/vi/5zdcPhtd93B/default.jpg,False,False,False,Auto-generated sample description for Music video.
cs2XxOkQZve,24.29.07,Reacting to Entertainment Trends,Channel_610,14,2024-07-26T16:00:00.000Z,2024|trending|vlog,33343,2268,175,130,https://i.ytimg.com/vi/DxRxjaaE_9E/default.jpg,False,False,False,Auto-generated sample description for Entertainment video.
jwuaA43tRH0,24.14.07,Top 10 People & Blogs Moments This Week,Channel_3744,8,2024-07-10T18:00:00.000Z,trending|official|review,15736,873,90,105,https://i.ytimg.com/vi/gXteXAK5nvb/default.jpg,False,False,False,Auto-generated sample description for People & Blogs video.
vl3dpP01Vvd,24.05.06,Why This Film & Animation Video Went Viral,Channel_3480,9,2024-06-02T21:00:00.000Z,2024|official|trending,37962,1145,343,327,https://i.ytimg.com/vi/4DeaO8KdEYc/default.jpg,False,False,False,Auto-generated sample description for Film & Animation video.
nymzqW-x4A0,24.06.08,Reacting to Film & Animation Trends,Channel_4161,9,2024-08-03T17:00:00.000Z,official|music|trending,1005,16,3,10,https://i.ytimg.com/vi/08-fSIRsO_E/default.jpg,False,False,False,Auto-generated sample description for Film & Animation video.
oOPK5ctmaLM,24.13.03,Behind the Scenes: Entertainment,Channel_2164,14,2024-03-10T00:00:00.000Z,live|official|vlog,146010,9497,1105,772,https://i.ytimg.com/vi/3ST6l7BkL2A/default.jpg,False,False,False,Auto-generated sample description for Entertainment video.
Cf0bYf4P22I,24.26.11,Comedy Compilation 2024,Channel_3239,4,2024-11-22T17:00:00.000Z,live|official|vlog,15412,847,26,285,https://i.ytimg.com/vi/qx2KP7pLyTB/default.jpg,False,False,False,Auto-generated sample description for Comedy video.
fvmlNCO_I55,24.01.04,Top 10 Entertainment Moments This Week,Channel_376,14,2024-03-28T11:00:00.000Z,vlog|2024|official,53514,1160,363,985,https://i.ytimg.com/vi/OhkeZ-YUnXb/default.jpg,False,False,False,Auto-generated sample description for Entertainment video.
mGaIM6fDEVI,24.19.02,Behind the Scenes: Comedy,Channel_666,4,2024-02-18T12:00:00.000Z,vlog|2024|trending,7907,274,65,103,https://i.ytimg.com/vi/XCvo9-LFy6R/default.jpg,False,False,False,Auto-generated sample description for Comedy video.
wIujsrv2p7j,24.03.03,Why This Music Video Went Viral,Channel_3601,11,2024-02-28T08:00:00.000Z,vlog|trending|2024,7971,287,54,77,https://i.ytimg.com/vi/f4bNkt85isc/default.jpg,False,False,False,Auto-generated sample description for Music video.
2Fi0TKzEsSh,24.24.07,Reacting to Gaming Trends,Channel_3636,6,2024-07-21T01:00:00.000Z,live|music|review,9711,306,49,39,https://i.ytimg.com/vi/vQMvA2ZYQGD/default.jpg,False,False,False,Auto-generated sample description for Gaming video.
DnE1jmTYF5c,24.08.01,Reacting to Entertainment Trends,Channel_4996,14,2024-01-05T14:00:00.000Z,official|review|trending,12783,931,33,169,https://i.ytimg.com/vi/1zY5KYP3dY8/default.jpg,False,False,False,Auto-generated sample description for Entertainment video.
afVFeR-3G93,24.12.12,Official Gaming Highlights,Channel_2645,16,2024-12-09T01:00:00.000Z,live|official|trending,7209,443,18,44,https://i.ytimg.com/vi/jFiJHCuNsO0/default.jpg,False,False,False,Auto-generated sample description for Gaming video.
DJVvOdtyWQY,24.13.02,Why This Music Video Went Viral,Channel_250,11,2024-02-11T16:00:00.000Z,vlog|live|music,81882,2978,441,1075,https://i.ytimg.com/vi/aEwWjQB_KnC/default.jpg,False,False,False,Auto-generated sample description for Music video.
jmBjacb9soY,24.02.10,Why This Music Video Went Viral,Channel_86,11,2024-10-01T16:00:00.000Z,vlog|2024|official,95148,3054,290,1387,https://i.ytimg.com/vi/1hbQS6tR5Li/default.jpg,False,False,False,Auto-generated sample description for Music video.
wvHu3icephD,24.17.01,Why This Music Video Went Viral,Channel_2946,11,2024-01-17T09:00:00.000Z,trending|official|review,14221,448,45,111,https://i.ytimg.com/vi/9SNBm1iILKa/default.jpg,False,False,False,Auto-generated sample description for Music video.
wRE-MU3bZF9,24.01.10,Comedy Compilation 2024,Channel_2309,7,2024-10-01T09:00:00.000Z,vlog|trending|music,381074,11090,860,5140,https://i.ytimg.com/vi/oIBFPdGjLhS/default.jpg,False,False,False,Auto-generated sample description for Comedy video.
qS2eNOT9njL,24.21.08,Reacting to Science & Technology Trends,Channel_2548,12,2024-08-17T08:00:00.000Z,live|official|music,7465,515,73,134,https://i.ytimg.com/vi/Y_Im4P2KxyU/default.jpg,False,False,False,Auto-generated sample description for Science & Technology video.
515MbC8skV7,24.23.05,Reacting to Entertainment Trends,Channel_1978,14,2024-05-19T18:00:00.000Z,official|review|trending,7103,537,51,39,https://i.ytimg.com/vi/Wpj7PmNUpdq/default.jpg,False,False,False,Auto-generated sample description for Entertainment video.
LOEatcDt2-i,24.26.01,Why This Music Video Went Viral,Channel_3055,11,2024-01-24T10:00:00.000Z,trending|live|official,4670,188,10,60,https://i.ytimg.com/vi/mLhFaFARKtJ/default.jpg,False,False,False,Auto-generated sample description for Music video.
x-Bv5DqkDej,24.02.04,Why This Music Video Went Viral,Channel_3908,3,2024-03-30T03:00:00.000Z,live|music|2024,9135,392,67,115,https://i.ytimg.com/vi/F0EO6vto1qA/default.jpg,False,False,False,Auto-generated sample description for Music video.
9asiNoS9312,24.01.04,Top 10 Comedy Moments This Week,Channel_3057,4,2024-03-31T13:00:00.000Z,2024|official|music,10894,278,38,162,https://i.ytimg.com/vi/rAvL-Ne9s12/default.jpg,False,False,False,Auto-generated sample description for Comedy video.
655x_8H-ztd,24.11.10,Reacting to Music Trends,Channel_408,11,2024-10-09T06:00:00.000Z,music|review|2024,157782,1924,979,1679,https://i.ytimg.com/vi/uvvom7bX0-7/default.jpg,False,False,False,Auto-generated sample description for Music video.
OxGANfb2poH,24.06.06,Official Music Highlights,Channel_2253,3,2024-06-06T16:00:00.000Z,live|review|music,95931,6791,637,1290,https://i.ytimg.com/vi/84LR4Mg_QjG/default.jpg,False,False,False,Auto-generated sample description for Music video.
g-HqfJI0NCH,24.13.05,Why This Music Video Went Viral,Channel_3640,11,2024-05-09T12:00:00.000Z,music|2024|trending,100730,1885,668,637,https://i.ytimg.com/vi/11pAzzJ_-Wl/default.jpg,False,False,False,Auto-generated sample description for Music video.
m9zjA2PDJ9m,24.30.06,Official Music Highlights,Channel_4574,3,2024-06-29T07:00:00.000Z,vlog|2024|music,112546,7604,636,2116,https://i.ytimg.com/vi/t32xs4wdgUk/default.jpg,False,False,False,Auto-generated sample description for Music video.
0oPSQeaX8Ik,24.01.10,Reacting to Entertainment Trends,Channel_2597,14,2024-10-01T05:00:00.000Z,review|vlog|live,77069,6058,640,270,https://i.ytimg.com/vi/EVjjZDInPkW/default.jpg,False,False,False,Auto-generated sample description for Entertainment video.
slrfHdep0-v,24.19.07,Top 10 Gaming Moments This Week,Channel_622,16,2024-07-17T17:00:00.000Z,music|trending|official,25841,773,211,44,https://i.ytimg.com/vi/-ZSquoMTRUc/default.jpg,False,False,False,Auto-generated sample description for Gaming video.
v0rMkhXIsn9,24.13.12,Comedy Compilation 2024,Channel_4290,4,2024-12-09T07:00:00.000Z,live|review|2024,4071,73,10,3,https://i.ytimg.com/vi/IQsBXJ2-B6-/default.jpg,False,False,False,Auto-generated sample description for Comedy video.
6s9P48gvaEi,24.13.12,Reacting to Music Trends,Channel_739,11,2024-12-09T13:00:00.000Z,live|trending|review,62240,2481,214,774,https://i.ytimg.com/vi/ZzuSHppBpck/default.jpg,False,False,False,Auto-generated sample description for Music video.
4nPRMoLQzKT,24.22.06,Behind the Scenes: Music,Channel_3284,11,2024-06-20T04:00:00.000Z,vlog|2024|review,357541,17769,979,967,https://i.ytimg.com/vi/LM6iTYOLrO0/default.jpg,False,False,False,Auto-generated sample description for Music video.
l9LUxtXWgfX,24.04.07,Top 10 Comedy Moments This Week,Channel_4943,7,2024-07-02T22:00:00.000Z,music|official|review,128671,4977,564,618,https://i.ytimg.com/vi/QZvlid59zns/default.jpg,False,False,False,Auto-generated sample description for Comedy video.
04gvfgiykRD,24.14.02,Official Comedy Highlights,Channel_660,7,2024-02-13T01:00:00.000Z,vlog|music|official,52664,1068,431,91,https://i.ytimg.com/vi/YlJKV_nX5pG/default.jpg,False,False,False,Auto-generated sample description for Comedy video.
qXaJmyz4IaY,24.17.01,Reacting to Entertainment Trends,Channel_4570,14,2024-01-17T05:00:00.000Z,trending|2024|live,34015,2009,307,426,https://i.ytimg.com/vi/p_SyggahGih/default.jpg,False,False,False,Auto-generated sample description for Entertainment video.
pCuxViaRJdK,24.06.08,Music Compilation 2024,Channel_1337,11,2024-08-02T10:00:00.000Z,vlog|official|live,52521,3926,252,143,https://i.ytimg.com/vi/F7E6vcsAHmp/default.jpg,False,False,False,Auto-generated sample description for Music video.
x0FLvoUmtGR,24.08.06,Top 10 Music Moments This Week,Channel_296,3,2024-06-04T12:00:00.000Z,trending|music|live,18603,1025,177,104,https://i.ytimg.com/vi/beTUBvT47yQ/default.jpg,False,False,False,Auto-generated sample description for Music video.
_2Ya_eLv0xY,24.20.03,Top 10 Travel & Events Moments This Week,Channel_372,15,2024-03-19T10:00:00.000Z,review|2024|trending,16917,1325,115,203,https://i.ytimg.com/vi/K6nHWcqQDI9/default.jpg,False,False,False,Auto-generated sample description for Travel & Events video.
OsN7QMQEe8b,24.22.01,Official Music Highlights,Channel_4234,11,2024-01-21T14:00:00.000Z,vlog|2024|official,27575,1699,240,232,https://i.ytimg.com/vi/OQ0FO9okyFV/default.jpg,False,False,False,Auto-generated sample description for Music video.
WrtaPovYpI7,24.12.09,Top 10 Travel & Events Moments This Week,Channel_3786,15,2024-09-09T01:00:00.000Z,live|official|music,57986,2930,307,151,https://i.ytimg.com/vi/5WObIiA4vOc/default.jpg,False,False,False,Auto-generated sample description for Travel & Events video.
evQDigoz5NP,24.23.09,Reacting to Comedy Trends,Channel_1563,4,2024-09-23T09:00:00.000Z,trending|vlog|live,6715,400,14,115,https://i.ytimg.com/vi/B5BJY7g2NvC/default.jpg,False,False,False,Auto-generated sample description for Comedy video.
tprMtlnT_o1,25.03.01,Reacting to Comedy Trends,Channel_1546,7,2025-01-03T22:00:00.000Z,live|trending|vlog,224499,4726,1402,1641,https://i.ytimg.com/vi/CASL5vqL9Lp/default.jpg,False,False,False,Auto-generated sample description for Comedy video.
oAzBCR97csq,24.17.05,Why This People & Blogs Video Went Viral,Channel_3973,8,2024-05-17T21:00:00.000Z,live|review|trending,7367,197,64,57,https://i.ytimg.com/vi/hePSPVGICLy/default.jpg,False,False,False,Auto-generated sample description for People & Blogs video.
W7NYtlmmYQB,24.26.11,Top 10 Music Moments This Week,Channel_3613,3,2024-11-24T03:00:00.000Z,official|trending|music,96358,6703,415,146,https://i.ytimg.com/vi/2012Z0aAXxT/default.jpg,False,False,False,Auto-generated sample description for Music video.
UhxnTAa9dVG,24.05.09,Why This Music Video Went Viral,Channel_4102,3,2024-09-03T14:00:00.000Z,2024|review|vlog,57453,4519,363,1025,https://i.ytimg.com/vi/YWMJPOuDQFL/default.jpg,False,False,False,Auto-generated sample description for Music video.
dacTgQrYJLE,24.26.11,Behind the Scenes: Entertainment,Channel_2619,14,2024-11-26T14:00:00.000Z,official|2024|review,53789,2688,446,886,https://i.ytimg.com/vi/D19RnhtZtsz/default.jpg,False,False,False,Auto-generated sample description for Entertainment video.
jMG4dDQmwgE,24.21.11,Top 10 Music Moments This Week,Channel_1211,3,2024-11-18T22:00:00.000Z,2024|trending|music,235228,7525,2140,764,https://i.ytimg.com/vi/NZvsvWzyFxQ/default.jpg,False,False,False,Auto-generated sample description for Music video.
NAWqNEGSilN,25.05.01,Why This Music Video Went Viral,Channel_1401,3,2025-01-02T11:00:00.000Z,vlog|live|2024,141902,5152,1189,368,https://i.ytimg.com/vi/p8tcDn4mxs2/default.jpg,False,False,False,Auto-generated sample description for Music video.
uF7alILAxXb,25.15.01,Entertainment Compilation 2024,Channel_1073,14,2025-01-11T21:00:00.000Z,music|review|official,84302,1146,155,1655,https://i.ytimg.com/vi/VaLmdi0YQFy/default.jpg,False,False,False,Auto-generated sample description for Entertainment video.
e0o2RFYfxuT,24.21.01,Behind the Scenes: Entertainment,Channel_3563,14,2024-01-17T14:00:00.000Z,music|trending|2024,480317,15913,4743,8422,https://i.ytimg.com/vi/trlysXMqBWZ/default.jpg,False,False,False,Auto-generated sample description for Entertainment video.
OJo5OL5mfqt,24.03.10,Top 10 Entertainment Moments This Week,Channel_1269,14,2024-09-30T22:00:00.000Z,live|trending|official,22610,1159,121,69,https://i.ytimg.com/vi/tQBTr3m_Kf5/default.jpg,False,False,False,Auto-generated sample description for Entertainment video.
R7EEZdb2IeF,24.14.05,Reacting to Music Trends,Channel_3752,11,2024-05-11T18:00:00.000Z,music|trending|live,163299,7719,917,2089,https://i.ytimg.com/vi/BjP228vfYNM/default.jpg,False,False,False,Auto-generated sample description for Music video.
9DjvNqcHtH1,24.22.10,Top 10 Film & Animation Moments This Week,Channel_3887,9,2024-10-19T02:00:00.000Z,vlog|review|live,11365,419,32,63,https://i.ytimg.com/vi/3xpM-5SXCd9/default.jpg,False,False,False,Auto-generated sample description for Film & Animation video.
7jVSpY8Nvjh,24.27.02,Why This Gaming Video Went Viral,Channel_3143,6,2024-02-23T14:00:00.000Z,official|review|trending,81854,2770,567,1047,https://i.ytimg.com/vi/Atul4MMYFDO/default.jpg,False,False,True,Auto-generated sample description for Gaming video.
5I-4wa9BQ-W,24.04.03,Why This Gaming Video Went Viral,Channel_910,6,2024-02-29T19:00:00.000Z,music|live|trending,5741,333,55,73,https://i.ytimg.com/vi/V9BfDmp-mSe/default.jpg,False,False,False,Auto-generated sample description for Gaming video.
erzLP4Fk9-J,24.12.03,Behind the Scenes: Music,Channel_2712,3,2024-03-10T21:00:00.000Z,live|music|vlog,9215,426,63,139,https://i.ytimg.com/vi/Gx-AWkK96Ci/default.jpg,False,False,False,Auto-generated sample description for Music video.
8lU5ONy2FXa,24.11.01,Reacting to Entertainment Trends,Channel_3887,14,2024-01-09T08:00:00.000Z,2024|live|vlog,29790,1197,284,448,https://i.ytimg.com/vi/z7xOuany43c/default.jpg,False,False,False,Auto-generated sample description for Entertainment video.
ItgRqWvd2G4,24.18.05,Official Music Highlights,Channel_3323,11,2024-05-15T10:00:00.000Z,review|vlog|music,43806,2152,402,831,https://i.ytimg.com/vi/Nk1mzk1uSh_/default.jpg,True,False,False,Auto-generated sample description for Music video.
XPNztByc_0Q,24.26.02,Reacting to Music Trends,Channel_4863,11,2024-02-23T08:00:00.000Z,trending|2024|vlog,57760,1034,415,525,https://i.ytimg.com/vi/A-4vDdbcbbL/default.jpg,False,False,False,Auto-generated sample description for Music video.
YTttv5yq7Ct,24.08.10,Official Music Highlights,Channel_3090,3,2024-10-05T02:00:00.000Z,official|trending|vlog,6575,83,50,29,https://i.ytimg.com/vi/LqngJjDxNg_/default.jpg,False,False,False,Auto-generated sample description for Music video.
Q5Lfz5CuuDG,24.23.02,Reacting to Music Trends,Channel_4217,3,2024-02-20T21:00:00.000Z,music|2024|live,2213,47,15,34,https://i.ytimg.com/vi/jo3J2sZMRWf/default.jpg,False,False,False,Auto-generated sample description for Music video.
9O2IDFgR3wf,24.25.10,Top 10 Music Moments This Week,Channel_3464,11,2024-10-25T04:00:00.000Z,live|official|music,160053,4269,364,578,https://i.ytimg.com/vi/shO4YkYo4DD/default.jpg,False,False,False,Auto-generated sample description for Music video.
1xPIqUezHkE,24.11.08,Top 10 Education Moments This Week,Channel_2303,10,2024-08-07T02:00:00.000Z,music|review|vlog,93070,4859,660,1030,https://i.ytimg.com/vi/EYmG1_EWe_-/default.jpg,False,False,False,Auto-generated sample description for Education video.
m7s_WG79emb,24.12.12,Behind the Scenes: Entertainment,Channel_1540,14,2024-12-11T16:00:00.000Z,official|live|vlog,26275,1231,30,259,https://i.ytimg.com/vi/CZ3CSHKzHD7/default.jpg,False,False,False,Auto-generated sample description for Entertainment video.
HCD41svNWgv,24.23.12,Gaming Compilation 2024,Channel_2268,16,2024-12-19T22:00:00.000Z,music|2024|vlog,2897,225,26,16,https://i.ytimg.com/vi/kQSp3x_XUvM/default.jpg,False,False,False,Auto-generated sample description for Gaming video.
LiQZ64CWWrY,24.04.08,Music Compilation 2024,Channel_3599,11,2024-08-03T08:00:00.000Z,vlog|music|trending,323447,8006,958,3466,https://i.ytimg.com/vi/PimQXz3T_xg/default.jpg,False,False,False,Auto-generated sample description for Music video.
yhhLCyTm3Qh,25.20.01,Why This Entertainment Video Went Viral,Channel_102,14,2025-01-17T07:00:00.000Z,official|2024|review,363702,5834,2462,4269,https://i.ytimg.com/vi/FYI8Sja3kSm/default.jpg,False,False,False,Auto-generated sample description for Entertainment video.
aYFeHcU3ueZ,24.06.01,Music Compilation 2024,Channel_3975,11,2024-01-02T00:00:00.000Z,2024|music|review,45334,3002,131,860,https://i.ytimg.com/vi/Ad01747XW_G/default.jpg,False,False,False,Auto-generated sample description for Music video.
cbrR9xddZWY,24.31.07,Why This Comedy Video Went Viral,Channel_1816,4,2024-07-28T15:00:00.000Z,vlog|music|live,2921,58,2,56,https://i.ytimg.com/vi/PozoKD-3syN/default.jpg,False,False,False,Auto-generated sample description for Comedy video.
Ybkbj4owx_Q,24.05.04,Comedy Compilation 2024,Channel_20,4,2024-04-02T17:00:00.000Z,trending|official|2024,14160,504,27,219,https://i.ytimg.com/vi/E44p9UqfQNJ/default.jpg,False,False,False,Auto-generated sample description for Comedy video.
KeOyc9Uqf5f,24.30.04,Reacting to Music Trends,Channel_3773,11,2024-04-30T20:00:00.000Z,music|live|official,226331,17014,644,2499,https://i.ytimg.com/vi/Rh_VJJYnjg6/default.jpg,False,False,False,Auto-generated sample description for Music video.
y2JWXSZkufJ,25.29.01,Why This Music Video Went Viral,Channel_1640,3,2025-01-29T02:00:00.000Z,review|trending|music,38986,2852,333,589,https://i.ytimg.com/vi/rrSzoqr1ad-/default.jpg,False,False,False,Auto-generated sample description for Music video.
gO4rbUoKFr6,24.07.01,Music Compilation 2024,Channel_4607,11,2024-01-05T19:00:00.000Z,music|2024|live,28791,1217,190,317,https://i.ytimg.com/vi/qjYJkWzRwwy/default.jpg,False,False,False,Auto-generated sample description for Music video.
Xbl2oxqC7uw,24.25.09,Official Music Highlights,Channel_4352,11,2024-09-21T09:00:00.000Z,review|official|vlog,40300,1014,191,402,https://i.ytimg.com/vi/-76WLL9Frjo/default.jpg,False,False,False,Auto-generated sample description for Music video.
x_1RDCyAyzW,24.09.11,Behind the Scenes: Music,Channel_3676,3,2024-11-08T05:00:00.000Z,review|vlog|live,237382,13470,2115,4301,https://i.ytimg.com/vi/Zy-Xc3ttjM8/default.jpg,False,False,False,Auto-generated sample description for Music video.
EHCcx4-rg1N,24.04.05,Entertainment Compilation 2024,Channel_3147,14,2024-05-02T12:00:00.000Z,music|trending|2024,22632,616,219,307,https://i.ytimg.com/vi/fp9dtW1JeIE/default.jpg,False,False,False,Auto-generated sample description for Entertainment video.
u_pHOsNmhyG,24.23.12,Top 10 Music Moments This Week,Channel_455,3,2024-12-22T19:00:00.000Z,vlog|trending|live,25998,1019,178,459,https://i.ytimg.com/vi/N3WTBrvPpWc/default.jpg,False,False,False,Auto-generated sample description for Music video.
NovxPj-yt4T,24.02.12,Top 10 Music Moments This Week,Channel_4675,3,2024-11-30T03:00:00.000Z,trending|vlog|2024,5138857,345657,27659,62338,https://i.ytimg.com/vi/cE1JtQB3Pfd/default.jpg,False,False,False,Auto-generated sample description for Music video.
b6_M5SCiU-1,24.29.11,Behind the Scenes: Music,Channel_2389,3,2024-11-27T18:00:00.000Z,review|live|2024,8424,316,73,113,https://i.ytimg.com/vi/XJ3Yftd50Gj/default.jpg,False,False,False,Auto-generated sample description for Music video.
FM-xi_Eg-Sr,24.22.08,Reacting to Music Trends,Channel_3337,3,2024-08-20T15:00:00.000Z,2024|live|music,38691,2749,384,592,https://i.ytimg.com/vi/7yN0OPWLRqW/default.jpg,False,False,False,Auto-generated sample description for Music video.
ij9NMVZlTaG,24.04.05,Behind the Scenes: Music,Channel_840,11,2024-05-02T15:00:00.000Z,trending|live|2024,2319,38,23,45,https://i.ytimg.com/vi/K3E3QRgZKdP/default.jpg,False,False,False,Auto-generated sample description for Music video.
JWugCWpNX3-,25.20.01,Reacting to Entertainment Trends,Channel_1812,14,2025-01-19T16:00:00.000Z,review|live|vlog,246236,17526,925,3856,https://i.ytimg.com/vi/tLfGLs0Ucyr/default.jpg,False,False,False,Auto-generated sample description for Entertainment video.
amP4SnfezBc,25.11.01,Why This Music Video Went Viral,Channel_4103,11,2025-01-07T16:00:00.000Z,vlog|official|2024,1803352,108712,6908,29260,https://i.ytimg.com/vi/t0AqWFpxxio/default.jpg,False,False,False,Auto-generated sample description for Music video.
O8P7Zu4DqNk,24.12.05,Comedy Compilation 2024,Channel_2900,7,2024-05-11T06:00:00.000Z,official|review|2024,3788,266,23,12,https://i.ytimg.com/vi/OAEVzm1vDxu/default.jpg,False,False,False,Auto-generated sample description for Comedy video.
Tadxcbdkxsr,24.10.03,Official Entertainment Highlights,Channel_4893,14,2024-03-09T10:00:00.000Z,2024|live|vlog,8480,201,83,119,https://i.ytimg.com/vi/q8rrLhCRN3-/default.jpg,False,False,False,Auto-generated sample description for Entertainment video.
rXmUTxjw6s8,24.12.04,Comedy Compilation 2024,Channel_3646,7,2024-04-10T15:00:00.000Z,music|review|2024,156444,6741,813,2468,https://i.ytimg.com/vi/p_1YQC9cpvt/default.jpg,False,False,False,Auto-generated sample description for Comedy video.
lRDcow4taA-,24.07.02,Official Music Highlights,Channel_1338,11,2024-02-06T21:00:00.000Z,review|2024|trending,9982,763,94,118,https://i.ytimg.com/vi/HtgqjqUSqW3/default.jpg,False,False,False,Auto-generated sample description for Music video.
B-xJZTfh2bw,24.11.05,Behind the Scenes: Entertainment,Channel_346,14,2024-05-08T19:00:00.000Z,official|2024|vlog,358943,21606,554,5927,https://i.ytimg.com/vi/7UscbeoafZJ/default.jpg,False,False,False,Auto-generated sample description for Entertainment video.
1Egn1216aVe,25.27.01,Top 10 Entertainment Moments This Week,Channel_316,14,2025-01-25T21:00:00.000Z,review|vlog|2024,46744,620,429,857,https://i.ytimg.com/vi/V6VHv2kc7YA/default.jpg,False,False,False,Auto-generated sample description for Entertainment video.
eHVNf0zOOHC,24.10.10,Gaming Compilation 2024,Channel_2394,6,2024-10-09T03:00:00.000Z,vlog|2024|trending,30781,1544,228,76,https://i.ytimg.com/vi/SZS_nwvxZwp/default.jpg,False,False,False,Auto-generated sample description for Gaming video.
MVZ-12lyIQz,24.09.11,Behind the Scenes: Film & Animation,Channel_2712,9,2024-11-08T17:00:00.000Z,review|trending|music,16737,471,23,158,https://i.ytimg.com/vi/nteM17HFugM/default.jpg,False,False,False,Auto-generated sample description for Film & Animation video.
ix_3IzlrWmT,24.28.02,Behind the Scenes: Film & Animation,Channel_4732,9,2024-02-28T12:00:00.000Z,2024|official|music,342975,18418,2096,677,https://i.ytimg.com/vi/aXHKqRgdg4k/default.jpg,False,False,False,Auto-generated sample description for Film & Animation video.
_Wa0_vt_8qG,24.29.05,Top 10 Music Moments This Week,Channel_4203,11,2024-05-29T07:00:00.000Z,vlog|2024|live,22651,583,93,346,https://i.ytimg.com/vi/dThhp24AJc3/default.jpg,False,False,False,Auto-generated sample description for Music video.
ab1tTcJO2eT,24.23.12,Music Compilation 2024,Channel_2623,3,2024-12-19T21:00:00.000Z,live|2024|music,107384,2352,80,2012,https://i.ytimg.com/vi/gIM6-242paR/default.jpg,False,False,False,Auto-generated sample description for Music video.
xs6HBwqgxJJ,24.26.01,Official Entertainment Highlights,Channel_2128,14,2024-01-23T08:00:00.000Z,music|official|trending,28454,1513,209,199,https://i.ytimg.com/vi/cEm5VPdf-MC/default.jpg,False,False,False,Auto-generated sample description for Entertainment video.
KAZL00Hwz8-,24.11.03,Top 10 Music Moments This Week,Channel_2951,11,2024-03-09T16:00:00.000Z,live|vlog|official,190811,9373,1589,1111,https://i.ytimg.com/vi/x3WSFAmeOA4/default.jpg,False,False,False,Auto-generated sample description for Music video.
4_PRyacNIW-,24.20.04,Why This Music Video Went Viral,Channel_2444,11,2024-04-18T15:00:00.000Z,review|vlog|trending,22378,908,78,351,https://i.ytimg.com/vi/LLEbm7Nk9-L/default.jpg,False,False,False,Auto-generated sample description for Music video.
GbKJotLtoQs,24.16.11,Reacting to Music Trends,Channel_1431,3,2024-11-14T17:00:00.000Z,official|2024|vlog,6254,451,18,93,https://i.ytimg.com/vi/YhvNrpGbpKY/default.jpg,False,True,False,Auto-generated sample description for Music video.
lwI4DL5gbVw,24.03.10,Official Music Highlights,Channel_1364,3,2024-09-30T13:00:00.000Z,review|music|2024,13757,1007,85,52,https://i.ytimg.com/vi/NKmVAZ3MawD/default.jpg,False,False,False,Auto-generated sample description for Music video.
aEdXeI7jFa6,24.01.06,Official People & Blogs Highlights,Channel_1297,8,2024-06-01T08:00:00.000Z,music|vlog|2024,64492,2987,110,909,https://i.ytimg.com/vi/V7yTRsduZAI/default.jpg,False,False,False,Auto-generated sample description for People & Blogs video.
OAzdIwqcU3Y,24.10.02,Why This Music Video Went Viral,Channel_2789,3,2024-02-07T01:00:00.000Z,live|official|2024,143997,2780,928,403,https://i.ytimg.com/vi/0S4j2cZofo6/default.jpg,False,False,False,Auto-generated sample description for Music video.
R5M0ak8jP-0,24.11.06,Entertainment Compilation 2024,Channel_2041,14,2024-06-08T07:00:00.000Z,2024|live|vlog,9409,366,77,148,https://i.ytimg.com/vi/Qx4Cc7udj2C/default.jpg,False,False,False,Auto-generated sample description for Entertainment video.
h7K1sd5Utkp,24.26.10,Official Comedy Highlights,Channel_1924,7,2024-10-24T22:00:00.000Z,music|trending|vlog,283959,17565,2578,2953,https://i.ytimg.com/vi/y8LAJvPJ6tP/default.jpg,False,False,False,
uxRYrlQ9GTQ,24.30.12,Behind the Scenes: Entertainment,Channel_3053,14,2024-12-30T10:00:00.000Z,official|vlog|trending,72258,4397,420,256,https://i.ytimg.com/vi/r3Heswu1mQe/default.jpg,False,True,False,Auto-generated sample description for Entertainment video.
h-OO-5gpHGK,24.23.01,Why This Comedy Video Went Viral,Channel_1575,4,2024-01-23T11:00:00.000Z,official|music|vlog,11419,468,92,110,https://i.ytimg.com/vi/ipKexi370Vr/default.jpg,False,False,False,Auto-generated sample description for Comedy video.
XsRLCpMltDA,24.12.09,Reacting to Gaming Trends,Channel_4497,16,2024-09-12T10:00:00.000Z,review|2024|live,24237,1621,49,86,https://i.ytimg.com/vi/2Vvt7p-dQV3/default.jpg,False,False,False,Auto-generated sample description for Gaming video.
Fk7cEQGA2nj,24.07.10,Why This Film & Animation Video Went Viral,Channel_2174,9,2024-10-04T10:00:00.000Z,vlog|music|official,25239,1924,126,67,https://i.ytimg.com/vi/QjSlc0lVw7c/default.jpg,False,False,False,Auto-generated sample description for Film & Animation video.
sdQ5pfpxBWo,24.26.01,Official Music Highlights,Channel_391,3,2024-01-25T07:00:00.000Z,vlog|review|trending,509282,39245,263,9001,https://i.ytimg.com/vi/xAmf8hUxT9d/default.jpg,False,False,False,Auto-generated sample description for Music video.
aeppPm1VMw_,24.21.02,Film & Animation Compilation 2024,Channel_2168,9,2024-02-20T13:00:00.000Z,official|vlog|2024,73469,4171,101,62,https://i.ytimg.com/vi/FxqR_vNLQHc/default.jpg,False,False,False,Auto-generated sample description for Film & Animation video.
qZiZZ6nyxHw,24.31.05,Music Compilation 2024,Channel_196,11,2024-05-29T16:00:00.000Z,official|2024|live,154179,10127,266,137,https://i.ytimg.com/vi/ScXMM9-wM8i/default.jpg,False,True,False,Auto-generated sample description for Music video.
W4WX3cARoVh,24.05.03,Why This Music Video Went Viral,Channel_3974,3,2024-03-03T07:00:00.000Z,2024|live|vlog,29459,728,93,449,https://i.ytimg.com/vi/DJjCxyna2u2/default.jpg,False,False,False,Auto-generated sample description for Music video.
rqYxsgkzDmw,24.10.06,Behind the Scenes: Music,Channel_834,3,2024-06-06T00:00:00.000Z,review|official|2024,16200,278,13,234,https://i.ytimg.com/vi/Y29xbwud17N/default.jpg,False,True,False,Auto-generated sample description for Music video.
fRy9r0MAKSU,24.14.09,Music Compilation 2024,Channel_4518,11,2024-09-14T22:00:00.000Z,music|live|review,95672,3346,891,683,https://i.ytimg.com/vi/nJfGHuW2oqu/default.jpg,False,False,False,Auto-generated sample description for Music video.
Gz0j8txzC51,24.28.05,Reacting to Music Trends,Channel_993,11,2024-05-28T22:00:00.000Z,vlog|2024|official,87722,3155,123,623,https://i.ytimg.com/vi/amCM4BDyMgd/default.jpg,False,False,False,Auto-generated sample description for Music video.
PcyLLNwKt4U,24.14.03,Top 10 Comedy Moments This Week,Channel_903,7,2024-03-11T08:00:00.000Z,review|music|official,873,34,0,6,https://i.ytimg.com/vi/T0O7ssA-DaQ/default.jpg,False,False,False,Auto-generated sample description for Comedy video.
2mPEpxTpn9H,24.07.01,Education Compilation 2024,Channel_3511,10,2024-01-04T10:00:00.000Z,vlog|review|trending,7428,151,62,98,https://i.ytimg.com/vi/S2SmFmvh00N/default.jpg,False,False,False,Auto-generated sample description for Education video.
LsbpULObjc4,24.26.12,Entertainment Compilation 2024,Channel_1059,14,2024-12-25T19:00:00.000Z,live|music|vlog,56648,895,404,286,https://i.ytimg.com/vi/2Xfyco5j7ml/default.jpg,False,False,False,Auto-generated sample description for Entertainment video.
bz2AH_6kdD6,24.21.01,Music Compilation 2024,Channel_1925,3,2024-01-18T01:00:00.000Z,2024|official|live,230588,14433,1478,3786,https://i.ytimg.com/vi/thXYZCOzeg6/default.jpg,False,False,False,Auto-generated sample description for Music video.
vBidiIA5gwg,24.03.02,Top 10 Entertainment Moments This Week,Channel_3116,14,2024-02-01T10:00:00.000Z,trending|vlog|live,5342,114,3,34,https://i.ytimg.com/vi/_9maEfd__Md/default.jpg,False,False,False,Auto-generated sample description for Entertainment video.
A7kMs12D5Bv,24.22.02,Music Compilation 2024,Channel_1472,3,2024-02-21T22:00:00.000Z,live|music|vlog,66467,5203,126,64,https://i.ytimg.com/vi/FTAMlLbpC2T/default.jpg,False,False,False,Auto-generated sample description for Music video.
WSCnz_zIgZx,24.27.11,Music Compilation 2024,Channel_4072,11,2024-11-25T11:00:00.000Z,review|trending|2024,32401,792,179,192,https://i.ytimg.com/vi/H0fs9N_PMBP/default.jpg,False,False,False,Auto-generated sample description for Music video.
gbu6l2U0CW5,24.18.11,Film & Animation Compilation 2024,Channel_973,9,2024-11-16T04:00:00.000Z,music|trending|2024,7613,484,68,23,https://i.ytimg.com/vi/A8lR_aDjiva/default.jpg,False,False,False,Auto-generated sample description for Film & Animation video.
q7tlz83PeXU,24.20.10,Reacting to Entertainment Trends,Channel_3093,14,2024-10-17T18:00:00.000Z,live|music|vlog,46110,2464,90,582,https://i.ytimg.com/vi/DcMpG6S1t0A/default.jpg,False,False,False,Auto-generated sample description for Entertainment video.
D5q3t_TNbZr,24.01.06,Behind the Scenes: Gaming,Channel_3727,6,2024-05-30T17:00:00.000Z,review|trending|live,12164,273,25,239,https://i.ytimg.com/vi/52-Bs_OHkD3/default.jpg,False,False,False,Auto-generated sample description for Gaming video.
7Bt4i2LAGXo,25.10.01,Gaming Compilation 2024,Channel_1176,16,2025-01-07T10:00:00.000Z,2024|trending|official,57771,608,527,915,https://i.ytimg.com/vi/IME1-XyLwdo/default.jpg,False,False,False,Auto-generated sample description for Gaming video.
IEJtCM43c0T,24.06.03,Music Compilation 2024,Channel_1372,3,2024-03-06T21:00:00.000Z,live|review|music,36281,2390,197,68,https://i.ytimg.com/vi/DTwOBL0czn5/default.jpg,False,False,False,Auto-generated sample description for Music video.
9at2MZ8f7ym,24.25.03,Reacting to Music Trends,Channel_1719,11,2024-03-25T16:00:00.000Z,live|trending|vlog,51717,3230,26,215,https://i.ytimg.com/vi/qQNtiAalHks/default.jpg,False,False,False,Auto-generated sample description for Music video.
f3D8TgMaO_d,24.07.12,Music Compilation 2024,Channel_4320,11,2024-12-05T08:00:00.000Z,2024|trending|music,50636,1166,331,246,https://i.ytimg.com/vi/Bc_o8dj3O0X/default.jpg,False,False,False,Auto-generated sample description for Music video.
zVezqAp9qi1,24.18.07,Behind the Scenes: Pets & Animals,Channel_796,2,2024-07-17T09:00:00.000Z,music|live|vlog,8537,325,41,51,https://i.ytimg.com/vi/zzfd9lJG-89/default.jpg,False,False,False,Auto-generated sample description for Pets & Animals video.
1HinCgpH2GI,24.16.07,Official Music Highlights,Channel_4413,3,2024-07-12T06:00:00.000Z,review|music|trending,51704,938,56,203,https://i.ytimg.com/vi/Yft56yR_hZn/default.jpg,False,False,False,Auto-generated sample description for Music video.
IvugjPirUyl,24.25.09,Top 10 Gaming Moments This Week,Channel_3827,16,2024-09-22T14:00:00.000Z,official|review|vlog,4960,348,7,97,https://i.ytimg.com/vi/n4SZbZ4CCje/default.jpg,False,False,False,Auto-generated sample description for Gaming video.
tv5XhI1dVHC,24.15.10,Official Film & Animation Highlights,Channel_4482,9,2024-10-14T19:00:00.000Z,vlog|music|2024,15985,289,124,48,https://i.ytimg.com/vi/NV2iBEO8hXx/default.jpg,False,False,False,Auto-generated sample description for Film & Animation video.
aWm6RHUPQxL,24.13.09,Reacting to Gaming Trends,Channel_2982,6,2024-09-11T08:00:00.000Z,trending|official|vlog,20417,1103,160,305,https://i.ytimg.com/vi/SLFEUEUWgAF/default.jpg,False,False,False,Auto-generated sample description for Gaming video.
C2aPPY7f_Lh,24.01.02,Why This People & Blogs Video Went Viral,Channel_3489,8,2024-01-28T06:00:00.000Z,2024|live|vlog,2657,183,15,6,https://i.ytimg.com/vi/Gl2OgF79fc2/default.jpg,False,False,False,Auto-generated sample description for People & Blogs video.
hQcjy4_l7AJ,24.17.05,Music Compilation 2024,Channel_1276,3,2024-05-17T21:00:00.000Z,official|trending|live,66336,4705,645,264,https://i.ytimg.com/vi/GWJNKtJvIyI/default.jpg,False,False,False,Auto-generated sample description for Music video.
yPL4PnLOGlv,24.17.02,Top 10 Travel & Events Moments This Week,Channel_3111,15,2024-02-14T14:00:00.000Z,vlog|music|review,1611,87,13,12,https://i.ytimg.com/vi/K-eh44eMXQY/default.jpg,False,False,False,Auto-generated sample description for Travel & Events video.
kv3SWoOeJTq,24.08.06,Official Comedy Highlights,Channel_4098,7,2024-06-06T13:00:00.000Z,live|vlog|2024,21671,578,102,248,https://i.ytimg.com/vi/8TNKhb0yEFH/default.jpg,False,False,False,Auto-generated sample description for Comedy video.
RoRGX6tGPaw,24.04.12,Official Science & Technology Highlights,Channel_1613,12,2024-11-30T18:00:00.000Z,review|music|trending,1812,56,7,20,https://i.ytimg.com/vi/HldlJHa7Pkz/default.jpg,False,False,False,Auto-generated sample description for Science & Technology video.
Q9iOg81PYLU,24.05.03,Reacting to Music Trends,Channel_559,3,2024-03-01T02:00:00.000Z,music|2024|vlog,1075849,54205,8872,4681,https://i.ytimg.com/vi/d7rFFCeTOhd/default.jpg,False,False,False,Auto-generated sample description for Music video.
hm6NIUcfchY,24.15.09,Reacting to Entertainment Trends,Channel_4011,14,2024-09-12T16:00:00.000Z,music|live|vlog,702361,38915,1476,458,https://i.ytimg.com/vi/kiC1iVtwXCU/default.jpg,False,False,False,Auto-generated sample description for Entertainment video.
Z5dvtNdj32o,24.10.05,Why This Comedy Video Went Viral,Channel_4180,7,2024-05-09T21:00:00.000Z,trending|2024|review,25077,309,120,96,https://i.ytimg.com/vi/nTyqMz_cjii/default.jpg,False,False,False,Auto-generated sample description for Comedy video.
ElIWYG7ln7v,24.30.04,Behind the Scenes: Music,Channel_2690,11,2024-04-27T05:00:00.000Z,2024|music|live,28115,833,84,448,https://i.ytimg.com/vi/rIx4kdhSmRq/default.jpg,False,False,False,Auto-generated sample description for Music video.
u7Z6AjKfmf3,24.09.07,Reacting to Entertainment Trends,Channel_4123,14,2024-07-06T14:00:00.000Z,trending|2024|music,23244,1583,165,161,https://i.ytimg.com/vi/AFd8qxSu39F/default.jpg,False,False,False,Auto-generated sample description for Entertainment video.
YnvaOdvI49v,24.09.03,Official Music Highlights,Channel_4633,11,2024-03-06T08:00:00.000Z,trending|live|official,49499,1289,486,247,https://i.ytimg.com/vi/Mk5HJoKeYl2/default.jpg,False,False,False,Auto-generated sample description for Music video.
ssP7AX8tX7X,25.25.01,Reacting to Entertainment Trends,Channel_4858,14,2025-01-21T11:00:00.000Z,review|official|vlog,3377,114,3,13,https://i.ytimg.com/vi/0hcUiu_Pz3N/default.jpg,False,False,False,Auto-generated sample description for Entertainment video.
o1-fJFEIewv,24.26.07,Behind the Scenes: Music,Channel_2907,3,2024-07-26T11:00:00.000Z,live|music|vlog,303369,23960,972,3240,https://i.ytimg.com/vi/eCFGxDuroNM/default.jpg,False,False,False,Auto-generated sample description for Music video.
7pUWZgzW2Fd,24.30.05,Behind the Scenes: Music,Channel_2724,11,2024-05-28T06:00:00.000Z,trending|music|review,147051,8726,1319,2357,https://i.ytimg.com/vi/GF9SSGfZiZw/default.jpg,False,False,False,Auto-generated sample description for Music video.
w1nu9AAy1yG,24.24.02,Behind the Scenes: Film & Animation,Channel_420,9,2024-02-21T16:00:00.000Z,trending|2024|review,2248,35,9,27,https://i.ytimg.com/vi/NRe4X1WVCj0/default.jpg,False,False,False,Auto-generated sample description for Film & Animation video.
-I1tI2ahowr,25.01.02,Gaming Compilation 2024,Channel_1468,6,2025-01-30T12:00:00.000Z,vlog|music|review,78909,1483,667,142,https://i.ytimg.com/vi/T0V2dg_pj2g/default.jpg,False,False,False,Auto-generated sample description for Gaming video.
iAGrdhW4GYV,24.29.05,Why This Music Video Went Viral,Channel_3016,3,2024-05-28T20:00:00.000Z,trending|review|vlog,5665,273,50,45,https://i.ytimg.com/vi/k8pRnzBxLZJ/default.jpg,False,False,False,Auto-generated sample description for Music video.
LWEp3ybYW3L,24.24.11,Why This Music Video Went Viral,Channel_759,3,2024-11-24T22:00:00.000Z,review|vlog|trending,20832,305,50,92,https://i.ytimg.com/vi/1nFPW3eT3z4/default.jpg,False,False,False,Auto-generated sample description for Music video.
CH2wigUCmhL,24.05.06,Why This Film & Animation Video Went Viral,Channel_815,9,2024-06-02T18:00:00.000Z,vlog|live|review,5175,102,38,47,https://i.ytimg.com/vi/CPsafobbgjc/default.jpg,False,False,False,Auto-generated sample description for Film & Animation video.
3bL50WMa29R,24.17.04,Reacting to Gaming Trends,Channel_483,6,2024-04-16T21:00:00.000Z,official|music|live,2287,42,9,2,https://i.ytimg.com/vi/6mv-C_TYz9k/default.jpg,False,False,False,Auto-generated sample description for Gaming video.
nk-Pt6YD7_b,24.22.03,Music Compilation 2024,Channel_3107,3,2024-03-22T12:00:00.000Z,2024|official|trending,393884,25320,1464,1316,https://i.ytimg.com/vi/VVfIZodLlVu/default.jpg,False,False,False,Auto-generated sample description for Music video.
v6X9ATwxS5l,24.20.04,Reacting to Entertainment Trends,Channel_825,14,2024-04-18T22:00:00.000Z,live|official|2024,5394,417,31,27,https://i.ytimg.com/vi/EOixQlUx9RH/default.jpg,False,False,False,Auto-generated sample description for Entertainment video.
AHRUT9z7nwf,24.09.07,Top 10 Travel & Events Moments This Week,Channel_4407,15,2024-07-06T07:00:00.000Z,vlog|live|review,95360,2337,737,1295,https://i.ytimg.com/vi/kub-0TCP2pn/default.jpg,False,False,False,Auto-generated sample description for Travel & Events video.
9Ig2aouMPZP,24.18.07,Why This Music Video Went Viral,Channel_3319,3,2024-07-18T03:00:00.000Z,trending|vlog|live,343885,12348,3099,2104,https://i.ytimg.com/vi/iOukT6164r5/default.jpg,False,False,False,Auto-generated sample description for Music video.
33ARuE9cwv0,24.25.12,Why This Entertainment Video Went Viral,Channel_4375,14,2024-12-25T15:00:00.000Z,vlog|review|trending,20622,430,163,55,https://i.ytimg.com/vi/Z8IhCXORNTD/default.jpg,False,False,False,Auto-generated sample description for Entertainment video.
M3HP8rTl5Is,24.12.02,Reacting to Music Trends,Channel_237,3,2024-02-11T17:00:00.000Z,vlog|trending|official,14190,360,141,111,https://i.ytimg.com/vi/JTcB7moV3RY/default.jpg,False,False,False,Auto-generated sample description for Music video.
GhfXiWO_ev_,25.28.01,Top 10 Comedy Moments This Week,Channel_1684,4,2025-01-28T07:00:00.000Z,review|live|official,1574,28,13,13,https://i.ytimg.com/vi/q_eSFxcrhIV/default.jpg,False,False,False,Auto-generated sample description for Comedy video.
Z4RDKqX9GHG,24.26.11,Music Compilation 2024,Channel_46,3,2024-11-23T15:00:00.000Z,music|2024|vlog,55596,1150,200,862,https://i.ytimg.com/vi/o09QWfnPUBY/default.jpg,False,False,False,Auto-generated sample description for Music video.
8V48K9rH5A4,25.08.01,Official Music Highlights,Channel_1990,11,2025-01-05T04:00:00.000Z,review|music|live,267407,6470,1001,3386,https://i.ytimg.com/vi/cim9bAmGl0f/default.jpg,False,False,False,Auto-generated sample description for Music video.
D17qmCxi2iu,24.03.02,Official Comedy Highlights,Channel_4457,7,2024-02-01T13:00:00.000Z,official|music|live,54416,1243,53,478,https://i.ytimg.com/vi/bKZp3Q9ANTR/default.jpg,False,False,False,Auto-generated sample description for Comedy video.
Uio-Z7GLVQS,24.10.11,Behind the Scenes: Entertainment,Channel_4721,14,2024-11-06T07:00:00.000Z,trending|vlog|live,45092,1038,372,252,https://i.ytimg.com/vi/yZb4AFbbodT/default.jpg,False,False,False,Auto-generated sample description for Entertainment video.
JMm3c2ef5rw,24.08.12,Official Music Highlights,Channel_122,11,2024-12-07T12:00:00.000Z,review|official|live,12998,1022,108,182,https://i.ytimg.com/vi/F-Sg1pTGSUd/default.jpg,False,False,False,Auto-generated sample description for Music video.
z7BZBn6pnqD,24.28.08,Official Music Highlights,Channel_1403,3,2024-08-24T19:00:00.000Z,official|live|trending,51981,975,208,907,https://i.ytimg.com/vi/90D2FZRI7-l/default.jpg,False,False,False,Auto-generated sample description for Music video.
ezZeBvTHaMU,24.19.05,Reacting to Entertainment Trends,Channel_678,14,2024-05-15T13:00:00.000Z,official|trending|vlog,654893,25099,2348,9047,https://i.ytimg.com/vi/99GdWodrrHt/default.jpg,False,False,False,Auto-generated sample description for Entertainment video.
fJ4lrTIsT7-,24.20.04,Why This Entertainment Video Went Viral,Channel_1408,14,2024-04-18T14:00:00.000Z,live|trending|vlog,203928,8496,454,2842,https://i.ytimg.com/vi/UIpKd77_lnN/default.jpg,False,False,False,Auto-generated sample description for Entertainment video.
ssGflSm4etg,24.01.08,Why This Comedy Video Went Viral,Channel_2318,4,2024-07-30T04:00:00.000Z,music|review|2024,19737,333,64,182,https://i.ytimg.com/vi/nMz0XGutSH7/default.jpg,False,False,False,Auto-generated sample description for Comedy video.
jlexexdXkOj,24.06.02,Why This Comedy Video Went Viral,Channel_2764,7,2024-02-05T01:00:00.000Z,review|music|vlog,34814,2403,85,204,https://i.ytimg.com/vi/AsRnxKb_tye/default.jpg,False,False,False,Auto-generated sample description for Comedy video.
MkR9AiNq6hj,24.30.06,Official Science & Technology Highlights,Channel_3884,12,2024-06-26T13:00:00.000Z,official|vlog|trending,17935,1116,153,264,https://i.ytimg.com/vi/yf2homTRZwL/default.jpg,False,False,False,Auto-generated sample description for Science & Technology video.
2gc2R-HFbBO,24.03.02,Music Compilation 2024,Channel_4219,11,2024-01-30T06:00:00.000Z,2024|review|trending,107336,2898,81,817,https://i.ytimg.com/vi/WCHOGFh6z1s/default.jpg,False,False,False,Auto-generated sample description for Music video.
Dh6YZB7zGX-,25.30.01,Entertainment Compilation 2024,Channel_659,14,2025-01-28T22:00:00.000Z,2024|live|trending,283025,10379,648,2149,https://i.ytimg.com/vi/aEYU2sJCIq_/default.jpg,False,False,False,Auto-generated sample description for Entertainment video.
dGDZ42rJQQv,24.19.01,Reacting to Music Trends,Channel_3593,11,2024-01-17T14:00:00.000Z,music|live|trending,24586,484,146,116,https://i.ytimg.com/vi/f_MooENuzse/default.jpg,False,False,False,Auto-generated sample description for Music video.
Uc64x6rWw3R,24.30.11,Why This Comedy Video Went Viral,Channel_4755,4,2024-11-29T14:00:00.000Z,2024|music|vlog,35100,1370,18,225,https://i.ytimg.com/vi/8mo8Ejm2X_u/default.jpg,False,False,False,Auto-generated sample description for Comedy video.
Gr0_iXKnXTw,24.15.01,Top 10 Comedy Moments This Week,Channel_3803,7,2024-01-15T20:00:00.000Z,live|trending|review,17414,946,46,262,https://i.ytimg.com/vi/3zDZThWt4J_/default.jpg,False,False,False,Auto-generated sample description for Comedy video.
o_yamd9ISgo,24.11.08,Comedy Compilation 2024,Channel_3510,7,2024-08-07T11:00:00.000Z,2024|vlog|review,2071,124,14,15,https://i.ytimg.com/vi/pa2cstAX-PJ/default.jpg,False,False,False,Auto-generated sample description for Comedy video.
6urjr527tM2,24.24.12,Reacting to Comedy Trends,Channel_1601,7,2024-12-23T22:00:00.000Z,music|2024|review,42777,2701,176,600,https://i.ytimg.com/vi/4WlJkoPwZ1C/default.jpg,False,False,False,Auto-generated sample description for Comedy video.
EiARAbMnfng,24.08.11,Official Comedy Highlights,Channel_4808,4,2024-11-08T19:00:00.000Z,music|2024|vlog,11167,132,68,101,https://i.ytimg.com/vi/zndfzdlPN0I/default.jpg,False,False,False,Auto-generated sample description for Comedy video.
Pj6XbFXSqTI,24.07.04,Why This Music Video Went Viral,Channel_4657,11,2024-04-05T00:00:00.000Z,trending|official|review,9093,600,75,65,https://i.ytimg.com/vi/ugCy8gDX5hC/default.jpg,False,False,False,Auto-generated sample description for Music video.
wKYUQluaddU,24.04.08,Why This Film & Animation Video Went Viral,Channel_2098,9,2024-08-01T08:00:00.000Z,trending|music|2024,9007,464,43,20,https://i.ytimg.com/vi/u-Dw-zsFPh-/default.jpg,False,False,False,Auto-generated sample description for Film & Animation video.
uv1-uIjmZks,24.02.03,Top 10 Music Moments This Week,Channel_2424,11,2024-03-02T04:00:00.000Z,vlog|live|music,2112,110,11,13,https://i.ytimg.com/vi/uF-w5FsKwso/default.jpg,False,False,False,Auto-generated sample description for Music video.
30q8Ggt7ypg,24.20.11,Behind the Scenes: Gaming,Channel_3979,16,2024-11-18T20:00:00.000Z,trending|music|live,16217,1170,45,108,https://i.ytimg.com/vi/dJOwSzKOypF/default.jpg,False,False,False,Auto-generated sample description for Gaming video.
aq1sjeX4_f3,24.17.08,Reacting to Music Trends,Channel_1538,3,2024-08-14T17:00:00.000Z,official|vlog|2024,6280,118,51,35,https://i.ytimg.com/vi/TGklUNS0SJU/default.jpg,False,False,False,Auto-generated sample description for Music video.
yHcnOJeLYv5,24.28.07,Official Entertainment Highlights,Channel_3613,14,2024-07-25T11:00:00.000Z,2024|music|live,5786,144,16,25,https://i.ytimg.com/vi/c8wfOjEDgqB/default.jpg,False,False,False,Auto-generated sample description for Entertainment video.
lZ6QOplYPeW,24.23.08,Behind the Scenes: Comedy,Channel_3060,7,2024-08-20T16:00:00.000Z,live|2024|trending,15330,787,55,124,https://i.ytimg.com/vi/4KOeRRZDZAY/default.jpg,False,False,False,Auto-generated sample description for Comedy video.
bgR69P6qWYJ,24.07.10,Behind the Scenes: Music,Channel_1900,3,2024-10-03T05:00:00.000Z,2024|live|trending,453288,32750,441,373,https://i.ytimg.com/vi/otKk9gIHT82/default.jpg,False,False,False,Auto-generated sample description for Music video.
qhGNfFvtX2K,24.02.06,Why This Entertainment Video Went Viral,Channel_4345,14,2024-06-01T04:00:00.000Z,vlog|live|review,9996,443,44,47,https://i.ytimg.com/vi/lJP6szYQr0A/default.jpg,True,False,False,Auto-generated sample description for Entertainment video.
Bo8yAQf4gyw,24.03.02,Top 10 Music Moments This Week,Channel_4829,11,2024-01-31T14:00:00.000Z,live|2024|review,67685,5278,438,929,https://i.ytimg.com/vi/i9BHFEx383t/default.jpg,False,False,False,Auto-generated sample description for Music video.
WFRcUpzoyRW,24.13.05,Why This Comedy Video Went Viral,Channel_3114,4,2024-05-10T08:00:00.000Z,trending|2024|official,1651,94,1,27,https://i.ytimg.com/vi/1R3mFmG2iAD/default.jpg,False,False,False,Auto-generated sample description for Comedy video.
7FpdRKm7F4F,24.23.06,Top 10 Comedy Moments This Week,Channel_4675,4,2024-06-19T03:00:00.000Z,2024|music|vlog,340,14,3,2,https://i.ytimg.com/vi/LshgDh9leYs/default.jpg,False,False,False,Auto-generated sample description for Comedy video.
f5OLmFGsy1b,24.26.05,Behind the Scenes: Gaming,Channel_202,6,2024-05-26T21:00:00.000Z,trending|2024|vlog,4766,195,27,69,https://i.ytimg.com/vi/pAQGqbxaGUl/default.jpg,False,False,False,Auto-generated sample description for Gaming video.
WsR4eKdEYxe,24.09.02,Why This Gaming Video Went Viral,Channel_1265,16,2024-02-05T09:00:00.000Z,2024|vlog|review,3401,101,1,53,https://i.ytimg.com/vi/vCoEku1ppVA/default.jpg,False,False,False,Auto-generated sample description for Gaming video.
2EcUdk2Ni2Z,24.20.01,Music Compilation 2024,Channel_3318,3,2024-01-18T08:00:00.000Z,live|review|official,75871,3315,295,394,https://i.ytimg.com/vi/jSB0frpJ0Es/default.jpg,False,False,False,Auto-generated sample description for Music video.
i8HpneZsKnA,25.22.01,Reacting to Autos & Vehicles Trends,Channel_3230,1,2025-01-20T02:00:00.000Z,official|vlog|2024,134155,4239,838,1244,https://i.ytimg.com/vi/ETAsHKqaB-_/default.jpg,False,False,False,Auto-generated sample description for Autos & Vehicles video.
eF-_dmOyrgC,24.21.11,Reacting to Entertainment Trends,Channel_1481,14,2024-11-19T20:00:00.000Z,review|2024|official,383889,25067,3544,2708,https://i.ytimg.com/vi/HnyKqNZkAju/default.jpg,False,False,False,Auto-generated sample description for Entertainment video.
BAaQKUZcuTX,24.28.11,Why This Entertainment Video Went Viral,Channel_2131,14,2024-11-28T02:00:00.000Z,trending|vlog|music,88334,1492,777,1699,https://i.ytimg.com/vi/MXNHil7WRC4/default.jpg,False,False,False,Auto-generated sample description for Entertainment video.
TCykbOK-9Z_,24.03.08,Music Compilation 2024,Channel_319,11,2024-08-01T20:00:00.000Z,music|official|review,626765,18458,3729,350,https://i.ytimg.com/vi/DpMTH7Pm_xz/default.jpg,False,False,False,Auto-generated sample description for Music video.
LNIRdzbR3EK,25.05.01,Reacting to Entertainment Trends,Channel_415,14,2025-01-02T21:00:00.000Z,review|trending|live,22606,999,155,147,https://i.ytimg.com/vi/24g_EUHgaY_/default.jpg,False,False,False,Auto-generated sample description for Entertainment video.
vXLrDGEfkK6,24.21.08,Top 10 People & Blogs Moments This Week,Channel_3091,8,2024-08-21T05:00:00.000Z,vlog|official|live,23655,875,122,184,https://i.ytimg.com/vi/L8tbKOrjc1x/default.jpg,False,False,False,Auto-generated sample description for People & Blogs video.
Gy2jt5mvjqw,24.21.08,Behind the Scenes: Music,Channel_4839,3,2024-08-20T16:00:00.000Z,official|2024|music,100971,2876,616,1429,https://i.ytimg.com/vi/TdZNzE1ULRo/default.jpg,False,False,False,Auto-generated sample description for Music video.
s4fjbGFkrro,24.13.06,Official Comedy Highlights,Channel_2141,4,2024-06-11T15:00:00.000Z,2024|official|review,21402,812,125,82,https://i.ytimg.com/vi/lJtbIPnf2rW/default.jpg,False,False,False,Auto-generated sample description for Comedy video.
Wz1atIXxStM,24.17.11,Why This Entertainment Video Went Viral,Channel_2560,14,2024-11-13T09:00:00.000Z,2024|vlog|review,78153,1523,187,1473,https://i.ytimg.com/vi/bkoyfaDPz3Q/default.jpg,False,True,False,Auto-generated sample description for Entertainment video.
punNzXQQI3L,25.16.01,Music Compilation 2024,Channel_3961,11,2025-01-14T12:00:00.000Z,official|2024|live,11099,171,110,120,https://i.ytimg.com/vi/iSOe_xbnRTm/default.jpg,False,False,False,Auto-generated sample description for Music video.
k3XmCNGai6d,24.31.03,Why This Film & Animation Video Went Viral,Channel_514,9,2024-03-28T09:00:00.000Z,vlog|music|official,908,39,4,10,https://i.ytimg.com/vi/8Sk4BBEeRqK/default.jpg,False,False,False,Auto-generated sample description for Film & Animation video.
eOcHwHC7ZXi,24.22.07,Top 10 Gaming Moments This Week,Channel_757,16,2024-07-18T20:00:00.000Z,music|trending|official,4567,254,44,61,https://i.ytimg.com/vi/AOfbLnK89E6/default.jpg,False,False,False,Auto-generated sample description for Gaming video.
-KkQjlt22eM,24.12.09,Official Film & Animation Highlights,Channel_1546,9,2024-09-10T12:00:00.000Z,official|review|vlog,20586,1218,109,257,https://i.ytimg.com/vi/UN22cRBsh99/default.jpg,False,False,False,Auto-generated sample description for Film & Animation video.
60mzROL2RxB,24.06.08,Reacting to Comedy Trends,Channel_4775,4,2024-08-02T00:00:00.000Z,review|music|2024,42064,1297,386,301,https://i.ytimg.com/vi/MIVPUGgKjKm/default.jpg,False,False,False,Auto-generated sample description for Comedy video.
U7cW3Jlrwky,24.17.11,Behind the Scenes: Music,Channel_1500,3,2024-11-16T18:00:00.000Z,review|2024|live,7700,244,58,127,https://i.ytimg.com/vi/oIBD4kO4sn4/default.jpg,False,False,False,Auto-generated sample description for Music video.
NbrHIx8fuji,25.10.01,Behind the Scenes: Gaming,Channel_3797,6,2025-01-09T02:00:00.000Z,vlog|review|live,2063,98,17,21,https://i.ytimg.com/vi/_xj8XSMa7SL/default.jpg,False,False,False,Auto-generated sample description for Gaming video.
7MXlaqL24EJ,24.20.07,Top 10 Music Moments This Week,Channel_4485,11,2024-07-17T02:00:00.000Z,official|music|vlog,167783,13082,1085,1874,https://i.ytimg.com/vi/g50IzuVgmEC/default.jpg,False,False,False,Auto-generated sample description for Music video.
l9XZEuM5Wzq,24.29.07,Official Entertainment Highlights,Channel_52,14,2024-07-28T16:00:00.000Z,vlog|live|official,7955,243,6,154,https://i.ytimg.com/vi/HSwQqxsyFv_/default.jpg,False,False,False,Auto-generated sample description for Entertainment video.
P-6k0Ukxgu9,24.13.03,Official Travel & Events Highlights,Channel_4021,15,2024-03-13T17:00:00.000Z,vlog|live|review,2142,166,17,7,https://i.ytimg.com/vi/n5r9A7q7B-M/default.jpg,False,False,False,Auto-generated sample description for Travel & Events video.
Kgx1ATTfygt,25.10.01,Behind the Scenes: Music,Channel_2227,11,2025-01-09T02:00:00.000Z,2024|live|trending,1199063,76711,1401,8982,https://i.ytimg.com/vi/ypSrWMLqcoe/default.jpg,False,False,False,Auto-generated sample description for Music video.
0L43PgBXGJm,24.06.10,Why This Comedy Video Went Viral,Channel_3002,4,2024-10-06T19:00:00.000Z,music|live|review,13931,274,31,261,https://i.ytimg.com/vi/S2MPpLm6y8I/default.jpg,False,False,False,Auto-generated sample description for Comedy video.
J3QVhQPmhaM,24.13.05,Official Entertainment Highlights,Channel_2712,14,2024-05-10T08:00:00.000Z,live|review|vlog,53028,3693,129,113,https://i.ytimg.com/vi/4vkvpxz7H-E/default.jpg,False,False,False,Auto-generated sample description for Entertainment video.
2OaqO5M6oBC,24.18.05,Entertainment Compilation 2024,Channel_3780,14,2024-05-17T16:00:00.000Z,live|music|review,11473,322,57,110,https://i.ytimg.com/vi/SOZPjTik-ec/default.jpg,False,False,False,Auto-generated sample description for Entertainment video.
b4Rua3tVbGn,24.18.06,Official Music Highlights,Channel_751,11,2024-06-16T08:00:00.000Z,official|review|vlog,117921,3380,580,825,https://i.ytimg.com/vi/rZcuIgCyif-/default.jpg,False,False,False,Auto-generated sample description for Music video.
udtQsMaQYkS,24.08.06,Why This Gaming Video Went Viral,Channel_4446,16,2024-06-07T22:00:00.000Z,live|2024|official,11930,774,81,161,https://i.ytimg.com/vi/bBf0PxaT7qF/default.jpg,False,False,False,Auto-generated sample description for Gaming video.
nLNWV4UH9MR,24.09.08,Official Comedy Highlights,Channel_2680,7,2024-08-05T00:00:00.000Z,music|vlog|review,112296,7568,852,217,https://i.ytimg.com/vi/jIDvIMX1h5M/default.jpg,False,False,False,Auto-generated sample description for Comedy video.
Re_rcDAGlAm,24.08.05,Top 10 Music Moments This Week,Channel_3019,11,2024-05-08T14:00:00.000Z,live|vlog|review,36097,936,254,524,https://i.ytimg.com/vi/GjDDCzqieCL/default.jpg,False,False,False,Auto-generated sample description for Music video.
adViL8wgjMg,24.13.03,Top 10 People & Blogs Moments This Week,Channel_1766,8,2024-03-09T03:00:00.000Z,2024|trending|review,138751,3958,1142,812,https://i.ytimg.com/vi/8nirumQkZQ6/default.jpg,False,False,False,Auto-generated sample description for People & Blogs video.
fjAxOZW04uh,24.15.08,Official Entertainment Highlights,Channel_1221,14,2024-08-15T17:00:00.000Z,music|review|trending,77792,3634,438,902,https://i.ytimg.com/vi/YIhirdAtk_h/default.jpg,False,False,False,Auto-generated sample description for Entertainment video.
ApJ5XYdjZS2,24.14.03,Top 10 Music Moments This Week,Channel_2469,3,2024-03-13T14:00:00.000Z,live|2024|review,79809,3311,147,1504,https://i.ytimg.com/vi/JTTWbnqE4dA/default.jpg,False,False,False,Auto-generated sample description for Music video.
piFm6oBEv_p,24.26.08,Official Entertainment Highlights,Channel_3612,14,2024-08-24T20:00:00.000Z,2024|trending|review,2148,147,8,6,https://i.ytimg.com/vi/4yxqFWAcE_l/default.jpg,False,False,False,Auto-generated sample description for Entertainment video.
_oXjrtaTOT7,24.04.09,Official Entertainment Highlights,Channel_1303,14,2024-08-31T18:00:00.000Z,vlog|official|2024,22497,753,11,37,https://i.ytimg.com/vi/OwDY3bTD6Mg/default.jpg,False,False,False,Auto-generated sample description for Entertainment video.
I80Xvz5vk47,24.16.08,Top 10 Music Moments This Week,Channel_1799,11,2024-08-14T05:00:00.000Z,trending|2024|official,141612,2096,167,1199,https://i.ytimg.com/vi/TSREy0njE5O/default.jpg,False,False,False,Auto-generated sample description for Music video.
iKJd2y0sWcM,24.14.01,Music Compilation 2024,Channel_4339,3,2024-01-12T08:00:00.000Z,review|vlog|live,68327,4463,649,1016,https://i.ytimg.com/vi/Yja1sI8ZcIb/default.jpg,False,False,False,Auto-generated sample description for Music video.
vU3dQaa8QZI,24.06.11,Official Music Highlights,Channel_1771,11,2024-11-06T05:00:00.000Z,live|trending|vlog,128109,3249,754,324,https://i.ytimg.com/vi/nKhCUwzuJkI/default.jpg,False,False,False,Auto-generated sample description for Music video.
kvIpxqUB4lX,24.17.04,Official Music Highlights,Channel_1405,11,2024-04-16T00:00:00.000Z,trending|2024|vlog,14668,227,92,198,https://i.ytimg.com/vi/QJJR0nVynAw/default.jpg,False,False,False,Auto-generated sample description for Music video.
cUD53tVRwdU,24.11.06,Behind the Scenes: Pets & Animals,Channel_2564,2,2024-06-07T15:00:00.000Z,official|live|review,3719,86,3,58,https://i.ytimg.com/vi/TO82ZXLFfLn/default.jpg,False,False,False,Auto-generated sample description for Pets & Animals video.
9JlB2S_gWA8,24.10.02,Reacting to Comedy Trends,Channel_4316,4,2024-02-10T15:00:00.000Z,2024|live|review,10373,394,94,129,https://i.ytimg.com/vi/Uud0MeaCeUZ/default.jpg,False,False,False,Auto-generated sample description for Comedy video.
_vXgRoLgR8I,24.14.10,Music Compilation 2024,Channel_1212,3,2024-10-11T02:00:00.000Z,vlog|trending|review,11826,294,98,161,https://i.ytimg.com/vi/PLOYeuiyfFP/default.jpg,False,True,False,Auto-generated sample description for Music video.
hF55s2dvPBc,24.23.05,Music Compilation 2024,Channel_4510,11,2024-05-22T05:00:00.000Z,official|vlog|review,9499,629,27,187,https://i.ytimg.com/vi/vfmhrBner4E/default.jpg,False,False,False,Auto-generated sample description for Music video.
oznr_-Ooe1q,24.02.01,Music Compilation 2024,Channel_1234,3,2024-01-01T17:00:00.000Z,review|official|2024,118861,9352,894,2046,https://i.ytimg.com/vi/aI6t9HXRdpk/default.jpg,False,False,False,Auto-generated sample description for Music video.
NNd9qlzpUai,24.26.12,Why This Gaming Video Went Viral,Channel_3053,6,2024-12-23T06:00:00.000Z,official|trending|vlog,23740,756,152,162,https://i.ytimg.com/vi/GbSxi33Hb8D/default.jpg,False,False,False,Auto-generated sample description for Gaming video.
Yi8KJkf_4fD,24.16.11,Behind the Scenes: Music,Channel_657,3,2024-11-12T01:00:00.000Z,official|trending|music,668489,47769,4123,12346,https://i.ytimg.com/vi/6ivygjyIJTi/default.jpg,False,False,False,Auto-generated sample description for Music video.
gtNVqhKHXoc,25.15.01,Official Gaming Highlights,Channel_3261,16,2025-01-12T07:00:00.000Z,2024|review|trending,14859,185,111,197,https://i.ytimg.com/vi/xdQ6qc9PC_a/default.jpg,False,False,False,Auto-generated sample description for Gaming video.
I5o7Dz-vAQC,24.07.11,Reacting to Music Trends,Channel_1323,3,2024-11-06T19:00:00.000Z,review|official|vlog,46145,1272,131,864,https://i.ytimg.com/vi/cJ56c3EgcAS/default.jpg,False,False,False,Auto-generated sample description for Music video.
3M9f9Tiu9Qa,25.22.01,Behind the Scenes: Gaming,Channel_1153,6,2025-01-19T12:00:00.000Z,2024|official|vlog,753,59,3,2,https://i.ytimg.com/vi/pu8jg69t_Fd/default.jpg,False,False,False,Auto-generated sample description for Gaming video.
1ZhE7_pBQ4S,24.23.11,Behind the Scenes: Music,Channel_3530,3,2024-11-19T17:00:00.000Z,review|vlog|trending,76757,5094,701,960,https://i.ytimg.com/vi/fx1wV1gJPtc/default.jpg,False,False,False,Auto-generated sample description for Music video.
bkhUQg8lfYh,24.22.04,Why This Gaming Video Went Viral,Channel_2514,16,2024-04-22T17:00:00.000Z,2024|review|official,4687,87,24,70,https://i.ytimg.com/vi/CzQ6D8LNp6a/default.jpg,False,False,False,Auto-generated sample description for Gaming video.
0rJHlEdfaX6,24.22.07,Reacting to Music Trends,Channel_1433,11,2024-07-22T09:00:00.000Z,vlog|2024|music,68640,4423,381,658,https://i.ytimg.com/vi/uGgDYE3CSAR/default.jpg,False,False,False,Auto-generated sample description for Music video.
vUN816zUQ44,24.01.02,Comedy Compilation 2024,Channel_1629,4,2024-01-30T18:00:00.000Z,official|trending|2024,14997,654,115,59,https://i.ytimg.com/vi/pqGhDlzkaIr/default.jpg,False,False,False,Auto-generated sample description for Comedy video.
22nP5-uByFr,24.14.05,Top 10 Travel & Events Moments This Week,Channel_3786,13,2024-05-14T19:00:00.000Z,2024|trending|review,6818,540,9,66,https://i.ytimg.com/vi/GylC4isUSlQ/default.jpg,False,False,False,Auto-generated sample description for Travel & Events video.
fR169Hxbcsz,24.30.11,Music Compilation 2024,Channel_445,3,2024-11-26T04:00:00.000Z,live|trending|vlog,340383,25743,1336,757,https://i.ytimg.com/vi/NZhrL3AMSQj/default.jpg,False,False,False,Auto-generated sample description for Music video.
dCdc0ZuIU_X,24.17.06,Reacting to Music Trends,Channel_596,11,2024-06-15T12:00:00.000Z,vlog|live|trending,242807,10843,369,2822,https://i.ytimg.com/vi/Dm-fC1GGA9b/default.jpg,False,False,False,Auto-generated sample description for Music video.
wgwQKUz5Un0,25.18.01,Why This Comedy Video Went Viral,Channel_1871,7,2025-01-15T11:00:00.000Z,official|live|vlog,2171,57,18,12,https://i.ytimg.com/vi/HpT35jo0GJX/default.jpg,False,False,False,Auto-generated sample description for Comedy video.
yqXzezz5sgu,24.24.07,Why This Music Video Went Viral,Channel_3255,3,2024-07-22T14:00:00.000Z,2024|trending|official,127384,5737,1202,492,https://i.ytimg.com/vi/kjXo_ur6lv5/default.jpg,False,False,False,Auto-generated sample description for Music video.
flbaG7zNKa7,25.17.01,Why This Comedy Video Went Viral,Channel_4341,7,2025-01-15T22:00:00.000Z,music|vlog|trending,14055,580,107,159,https://i.ytimg.com/vi/pQUFtmWdB_O/default.jpg,False,False,False,Auto-generated sample description for Comedy video.
UF7MS4kA5Ph,24.20.07,Official Music Highlights,Channel_483,3,2024-07-18T02:00:00.000Z,vlog|live|trending,35301,2429,316,86,https://i.ytimg.com/vi/qklZIdvqfvZ/default.jpg,False,False,False,Auto-generated sample description for Music video.
H9GJa4hMD82,24.09.01,Official Gaming Highlights,Channel_753,16,2024-01-08T04:00:00.000Z,live|official|vlog,4120,169,30,5,https://i.ytimg.com/vi/OZ9TRA-7nh5/default.jpg,False,False,False,Auto-generated sample description for Gaming video.
WytguJyMXNg,24.30.06,Behind the Scenes: Entertainment,Channel_4919,14,2024-06-29T01:00:00.000Z,vlog|live|music,29888,1204,203,83,https://i.ytimg.com/vi/fRqqgAtyHND/default.jpg,False,False,False,Auto-generated sample description for Entertainment video.
7eXk0nnMXhE,24.20.06,Top 10 Music Moments This Week,Channel_2030,11,2024-06-20T20:00:00.000Z,music|official|2024,57823,743,162,865,https://i.ytimg.com/vi/lOUHJby7I1Z/default.jpg,False,False,False,Auto-generated sample description for Music video.
jfjMYI5kCtX,24.24.06,Behind the Scenes: Gaming,Channel_175,6,2024-06-23T18:00:00.000Z,review|vlog|official,23955,926,110,239,https://i.ytimg.com/vi/dgPXJAe9tBI/default.jpg,False,False,False,Auto-generated sample description for Gaming video.
9xdpOIbwxtM,24.21.02,Official Comedy Highlights,Channel_2995,4,2024-02-17T08:00:00.000Z,trending|live|music,25602,1602,151,337,https://i.ytimg.com/vi/QDyMyaCgM2e/default.jpg,False,False,False,Auto-generated sample description for Comedy video.
WzrZDwPSfNi,25.20.01,Why This Music Video Went Viral,Channel_2383,11,2025-01-20T11:00:00.000Z,review|official|trending,4150,169,36,52,https://i.ytimg.com/vi/6U6CLdivw4A/default.jpg,False,False,False,Auto-generated sample description for Music video.
mMI575OdUnk,24.17.05,Behind the Scenes: Gaming,Channel_1430,16,2024-05-14T17:00:00.000Z,music|review|2024,1902,101,18,11,https://i.ytimg.com/vi/BHaMDXEhXPH/default.jpg,False,False,False,Auto-generated sample description for Gaming video.
vPwE69_BjrI,24.23.06,Official Music Highlights,Channel_107,11,2024-06-20T04:00:00.000Z,official|live|2024,2297,73,5,4,https://i.ytimg.com/vi/xmIXR3RxZqB/default.jpg,False,False,False,Auto-generated sample description for Music video.
yw-Pin6Hih9,24.22.01,Why This Entertainment Video Went Viral,Channel_3737,14,2024-01-22T19:00:00.000Z,music|vlog|2024,90045,2227,595,1161,https://i.ytimg.com/vi/EL5r7FZlc1-/default.jpg,False,False,False,Auto-generated sample description for Entertainment video.
CmLZcd2PI8W,24.12.04,Autos & Vehicles Compilation 2024,Channel_124,1,2024-04-09T00:00:00.000Z,live|trending|review,10712,365,21,139,https://i.ytimg.com/vi/nLQFg79qQa1/default.jpg,False,False,False,Auto-generated sample description for Autos & Vehicles video.
vKEIp6UwPqt,25.27.01,Comedy Compilation 2024,Channel_3149,7,2025-01-23T16:00:00.000Z,2024|official|music,105804,7044,91,644,https://i.ytimg.com/vi/2AxT26yXCU9/default.jpg,False,False,False,Auto-generated sample description for Comedy video.
cCfAroQrO_t,24.24.08,Top 10 Comedy Moments This Week,Channel_747,4,2024-08-21T18:00:00.000Z,review|trending|official,35151,420,25,610,https://i.ytimg.com/vi/Yx8FM2st0Wa/default.jpg,False,False,False,Auto-generated sample description for Comedy video.
jN0N6YUQocF,24.17.01,Pets & Animals Compilation 2024,Channel_3707,2,2024-01-13T15:00:00.000Z,music|2024|official,3061,184,27,53,https://i.ytimg.com/vi/pppE3XfK8zH/default.jpg,False,False,False,Auto-generated sample description for Pets & Animals video.
zqMw2t6IIhq,24.19.04,Official Comedy Highlights,Channel_4592,4,2024-04-16T09:00:00.000Z,music|live|trending,1800,118,3,31,https://i.ytimg.com/vi/e3TDPgwg0nd/default.jpg,False,False,False,Auto-generated sample description for Comedy video.
iSlOtW8cGHt,24.10.06,Reacting to Comedy Trends,Channel_3048,4,2024-06-07T21:00:00.000Z,review|trending|vlog,1364,68,13,14,https://i.ytimg.com/vi/30RvxktsboQ/default.jpg,False,False,False,Auto-generated sample description for Comedy video.
rToKuRDWY31,24.02.07,Top 10 Comedy Moments This Week,Channel_1877,4,2024-07-01T00:00:00.000Z,music|review|official,66435,1830,313,272,https://i.ytimg.com/vi/Rktklw7UUE4/default.jpg,False,False,False,Auto-generated sample description for Comedy video.
7L6YzdRQaFJ,24.05.02,Official Autos & Vehicles Highlights,Channel_2939,1,2024-02-05T14:00:00.000Z,vlog|trending|live,7149,101,20,72,https://i.ytimg.com/vi/jfV3DWMOw2r/default.jpg,False,False,False,Auto-generated sample description for Autos & Vehicles video.
_jIhsa-sVxP,24.03.02,Music Compilation 2024,Channel_3735,3,2024-02-02T03:00:00.000Z,music|review|live,305437,3346,823,2060,https://i.ytimg.com/vi/H_gkQB8B4Zb/default.jpg,False,False,False,Auto-generated sample description for Music video.
wWTHr9cBUAB,24.21.09,Top 10 Music Moments This Week,Channel_1450,3,2024-09-18T17:00:00.000Z,official|trending|review,10259,486,93,116,https://i.ytimg.com/vi/sZAUsUaP4Nm/default.jpg,False,False,False,Auto-generated sample description for Music video.
ZMgpsHXDi1r,24.07.01,Behind the Scenes: Music,Channel_3847,11,2024-01-03T04:00:00.000Z,official|trending|music,20613,1236,185,314,https://i.ytimg.com/vi/cnjjOtXKuNE/default.jpg,False,False,False,Auto-generated sample description for Music video.
sPc9rSwsysr,25.08.01,Why This Gaming Video Went Viral,Channel_4626,6,2025-01-05T14:00:00.000Z,official|review|vlog,32126,1409,88,127,https://i.ytimg.com/vi/4LTmPEMDWUO/default.jpg,False,False,False,Auto-generated sample description for Gaming video.
5dbvgipfJ-l,24.03.09,Music Compilation 2024,Channel_17,11,2024-09-01T01:00:00.000Z,review|trending|2024,3263,55,6,56,https://i.ytimg.com/vi/LJuDraX9-ay/default.jpg,False,False,False,Auto-generated sample description for Music video.
AsWZnr31rMc,24.08.05,Top 10 Comedy Moments This Week,Channel_1957,7,2024-05-05T20:00:00.000Z,official|live|review,12029,936,81,83,https://i.ytimg.com/vi/00gwyA9FMg3/default.jpg,False,False,False,Auto-generated sample description for Comedy video.
Io12UNxuWYN,24.25.12,Behind the Scenes: Music,Channel_1837,11,2024-12-23T04:00:00.000Z,official|review|live,5199,203,30,97,https://i.ytimg.com/vi/U_0PKG8E4sK/default.jpg,False,False,True,Auto-generated sample description for Music video.
r4FEGV7im8E,24.15.05,Why This Music Video Went Viral,Channel_4830,11,2024-05-12T01:00:00.000Z,2024|vlog|trending,140691,8369,104,834,https://i.ytimg.com/vi/XEIS987pe76/default.jpg,False,False,False,Auto-generated sample description for Music video.
dTYXzOxzjZ3,24.05.10,Top 10 Entertainment Moments This Week,Channel_1399,14,2024-10-03T20:00:00.000Z,trending|vlog|official,7044,554,36,63,https://i.ytimg.com/vi/ZuUTsb514X-/default.jpg,False,False,False,Auto-generated sample description for Entertainment video.
WFDKq6SWmHP,24.26.05,Behind the Scenes: Entertainment,Channel_394,14,2024-05-26T17:00:00.000Z,music|vlog|review,15003,1012,69,139,https://i.ytimg.com/vi/56qLaxWG1f1/default.jpg,False,False,False,Auto-generated sample description for Entertainment video.
fDSkfZPUbNj,24.09.06,Behind the Scenes: People & Blogs,Channel_2450,8,2024-06-05T02:00:00.000Z,live|review|trending,45571,1386,33,177,https://i.ytimg.com/vi/JB6Mk209jnD/default.jpg,False,False,False,Auto-generated sample description for People & Blogs video.
XDAEtfKKNXk,24.19.11,Behind the Scenes: Entertainment,Channel_1003,14,2024-11-17T11:00:00.000Z,review|music|vlog,1746223,98566,13637,19001,https://i.ytimg.com/vi/oQ80EvYFcO4/default.jpg,False,False,False,Auto-generated sample description for Entertainment video.
jhHV5X1OWwX,24.09.01,Why This Music Video Went Viral,Channel_1477,3,2024-01-07T10:00:00.000Z,vlog|review|trending,198469,10808,353,1646,https://i.ytimg.com/vi/jwBesTVMBPy/default.jpg,False,False,False,Auto-generated sample description for Music video.
VLexaFU87mV,24.07.07,People & Blogs Compilation 2024,Channel_2103,8,2024-07-03T10:00:00.000Z,music|review|2024,288,20,1,3,https://i.ytimg.com/vi/JmKZtckxMQX/default.jpg,False,False,False,Auto-generated sample description for People & Blogs video.
rrDUo9RaCH-,24.13.07,Reacting to Comedy Trends,Channel_2099,4,2024-07-09T16:00:00.000Z,live|review|official,89158,3036,478,1111,https://i.ytimg.com/vi/rEalUMkEC6O/default.jpg,False,False,False,Auto-generated sample description for Comedy video.
byv1We8Ye5A,24.02.11,Why This Gaming Video Went Viral,Channel_756,16,2024-11-02T14:00:00.000Z,official|live|review,296,21,0,2,https://i.ytimg.com/vi/fTfPA72agyQ/default.jpg,False,False,False,Auto-generated sample description for Gaming video.
kYM-L-DAQVf,24.06.10,Behind the Scenes: Comedy,Channel_2130,7,2024-10-02T10:00:00.000Z,trending|official|review,17213,619,99,50,https://i.ytimg.com/vi/b6FFrR-vrJO/default.jpg,False,False,False,Auto-generated sample description for Comedy video.
2iXjDmgWF2l,24.03.03,Top 10 Music Moments This Week,Channel_1116,11,2024-03-02T20:00:00.000Z,trending|vlog|official,25061,1517,166,136,https://i.ytimg.com/vi/icqlRvBsfks/default.jpg,False,False,False,Auto-generated sample description for Music video.
xS5ACJFAv6O,24.02.05,Behind the Scenes: Entertainment,Channel_4743,14,2024-04-30T18:00:00.000Z,live|trending|official,70576,5207,272,507,https://i.ytimg.com/vi/3GNowV6E2gT/default.jpg,False,False,False,Auto-generated sample description for Entertainment video.
LgPT2D1OWKb,24.08.11,Why This Comedy Video Went Viral,Channel_2830,7,2024-11-07T21:00:00.000Z,vlog|review|official,32780,2470,289,242,https://i.ytimg.com/vi/lw_RjFg2M3w/default.jpg,False,False,False,Auto-generated sample description for Comedy video.
GFA_-1_etGD,24.11.09,Official Comedy Highlights,Channel_2510,7,2024-09-10T11:00:00.000Z,live|vlog|music,21374,957,205,405,https://i.ytimg.com/vi/HIXMIvlftkc/default.jpg,False,False,False,Auto-generated sample description for Comedy video.
fPgcFJOXIWa,24.02.10,Why This Education Video Went Viral,Channel_2984,10,2024-10-01T21:00:00.000Z,official|live|2024,2532,162,11,9,https://i.ytimg.com/vi/7UzDx826imT/default.jpg,False,False,False,Auto-generated sample description for Education video.
sYyENdNVL1k,24.12.10,Official Entertainment Highlights,Channel_301,14,2024-10-08T00:00:00.000Z,music|vlog|live,12726,335,12,131,https://i.ytimg.com/vi/lWwQqu3UHN-/default.jpg,False,False,False,Auto-generated sample description for Entertainment video.
OVtPOF6WwTF,24.18.06,Official Comedy Highlights,Channel_4665,7,2024-06-15T03:00:00.000Z,trending|vlog|official,39263,1883,378,328,https://i.ytimg.com/vi/Irc4o6bp0Lx/default.jpg,False,True,False,Auto-generated sample description for Comedy video.
eg7TMyNOeo_,24.31.03,Music Compilation 2024,Channel_3891,3,2024-03-30T05:00:00.000Z,music|live|official,18537,628,61,284,https://i.ytimg.com/vi/WjQfM1pXc2t/default.jpg,False,False,False,Auto-generated sample description for Music video.
YZiVYxTLxyL,24.21.12,Music Compilation 2024,Channel_523,3,2024-12-19T02:00:00.000Z,review|vlog|trending,127500,4890,1040,2087,https://i.ytimg.com/vi/TkRflXKjl5a/default.jpg,False,False,False,Auto-generated sample description for Music video.
BfDI6BZhOmV,24.01.10,Top 10 Education Moments This Week,Channel_697,10,2024-09-30T18:00:00.000Z,music|trending|vlog,10128,191,26,91,https://i.ytimg.com/vi/mNF_zNV-1MJ/default.jpg,False,False,False,Auto-generated sample description for Education video.
z2RRWc7Latu,25.03.01,Official Science & Technology Highlights,Channel_615,12,2025-01-01T15:00:00.000Z,review|live|2024,1902,122,17,31,https://i.ytimg.com/vi/okPuHzl0gam/default.jpg,False,False,False,"Auto-generated sample description for Science & Technology video.
Second line inside a quoted CSV field."
a1XSgXi0rxd,24.13.07,Official Comedy Highlights,Channel_4284,7,2024-07-10T22:00:00.000Z,vlog|trending|2024,14545,1065,61,38,https://i.ytimg.com/vi/j2bWHpkagOd/default.jpg,False,False,False,Auto-generated sample description for Comedy video.
k7OuK8YE-Gr,24.08.04,Music Compilation 2024,Channel_4663,11,2024-04-06T12:00:00.000Z,2024|vlog|live,44746,2127,94,210,https://i.ytimg.com/vi/uQB0okNwpYO/default.jpg,False,False,False,Auto-generated sample description for Music video.
9ZRGMBUBr2U,24.02.11,Why This Education Video Went Viral,Channel_2147,10,2024-10-29T03:00:00.000Z,review|music|official,30957,1514,161,573,https://i.ytimg.com/vi/TFk7LETfZKz/default.jpg,False,False,False,Auto-generated sample description for Education video.
rGaYZDpVSCa,24.05.08,Top 10 Entertainment Moments This Week,Channel_1803,14,2024-08-01T17:00:00.000Z,official|review|trending,35021,2672,328,677,https://i.ytimg.com/vi/SiSmIcBuSti/default.jpg,False,False,False,Auto-generated sample description for Entertainment video.
0CsYQTh-OB9,24.10.07,Why This Music Video Went Viral,Channel_2438,3,2024-07-09T08:00:00.000Z,live|vlog|2024,463815,28049,4201,5531,https://i.ytimg.com/vi/4C9C_2Fu_1R/default.jpg,False,False,False,Auto-generated sample description for Music video.
7kdlhg0nsXW,24.19.09,Why This Entertainment Video Went Viral,Channel_2024,14,2024-09-19T15:00:00.000Z,music|2024|vlog,22451,1436,157,40,https://i.ytimg.com/vi/uBmMt98za6s/default.jpg,False,False,False,Auto-generated sample description for Entertainment video.
n6OQYsFmcFl,24.02.09,Music Compilation 2024,Channel_1551,3,2024-09-01T11:00:00.000Z,official|review|trending,101293,6197,372,817,https://i.ytimg.com/vi/sMpL1KEpmFh/default.jpg,False,False,False,Auto-generated sample description for Music video.
SyBzfnp5HS9,24.11.11,Official Comedy Highlights,Channel_896,7,2024-11-11T04:00:00.000Z,review|live|music,4822,323,10,83,https://i.ytimg.com/vi/YTxBJWCNTwa/default.jpg,False,False,False,Auto-generated sample description for Comedy video.
2F9Kc3jbxWS,24.09.11,Official Science & Technology Highlights,Channel_627,12,2024-11-09T14:00:00.000Z,music|review|official,10125,747,14,164,https://i.ytimg.com/vi/cO_vapiqRWH/default.jpg,False,False,True,Auto-generated sample description for Science & Technology video.
_erSdgagWW0,24.14.02,Behind the Scenes: Education,Channel_4126,10,2024-02-10T17:00:00.000Z,2024|music|vlog,3597,89,20,65,https://i.ytimg.com/vi/3OhfBaFuqfb/default.jpg,False,False,False,Auto-generated sample description for Education video.
z5qnunC1rUv,24.15.07,Why This Music Video Went Viral,Channel_2380,3,2024-07-12T18:00:00.000Z,official|vlog|2024,17027,1177,63,76,https://i.ytimg.com/vi/gH52lTOQ57L/default.jpg,False,False,False,Auto-generated sample description for Music video.
Wp9TmhQ0ARj,24.09.09,Why This Music Video Went Viral,Channel_4106,3,2024-09-08T09:00:00.000Z,trending|live|official,1217,76,5,12,https://i.ytimg.com/vi/Go9RQpFQFzU/default.jpg,False,False,False,Auto-generated sample description for Music video.
QB-wzszb6_K,24.14.10,Reacting to Gaming Trends,Channel_4266,16,2024-10-12T10:00:00.000Z,music|live|review,20689,824,142,392,https://i.ytimg.com/vi/aVM5i3DZ7mC/default.jpg,False,False,False,Auto-generated sample description for Gaming video.
73j_X_jCXVf,24.30.08,Why This Gaming Video Went Viral,Channel_1120,6,2024-08-26T11:00:00.000Z,trending|live|vlog,7552,405,32,96,https://i.ytimg.com/vi/P0368uGC1Tp/default.jpg,False,False,False,Auto-generated sample description for Gaming video.
Yye49jr4Wce,24.03.03,Behind the Scenes: Music,Channel_4396,11,2024-02-28T06:00:00.000Z,trending|music|live,245392,8300,648,4558,https://i.ytimg.com/vi/KpUeaGSmwrT/default.jpg,False,False,False,Auto-generated sample description for Music video.
7vLl2GiU9Zj,24.20.02,Music Compilation 2024,Channel_3135,3,2024-02-19T00:00:00.000Z,trending|review|vlog,281347,20626,1688,3333,https://i.ytimg.com/vi/AN99H_3pK6o/default.jpg,False,False,False,Auto-generated sample description for Music video.
mhMiSxbK8Kv,24.28.07,Gaming Compilation 2024,Channel_4700,16,2024-07-26T17:00:00.000Z,live|trending|vlog,32586,2504,282,121,https://i.ytimg.com/vi/gfEZXwfQILU/default.jpg,False,False,False,Auto-generated sample description for Gaming video.
Y6FVMvgQf-S,24.09.09,Behind the Scenes: Travel & Events,Channel_1882,13,2024-09-08T14:00:00.000Z,review|music|official,1821,89,17,13,https://i.ytimg.com/vi/9un7m7JNP0b/default.jpg,False,False,False,Auto-generated sample description for Travel & Events video.
8JXfIlHk2ci,24.24.04,Music Compilation 2024,Channel_3097,11,2024-04-22T12:00:00.000Z,vlog|live|2024,79228,3463,119,1131,https://i.ytimg.com/vi/ttU_rflD9PB/default.jpg,False,False,False,Auto-generated sample description for Music video.
mI795sCBcIh,24.23.09,Official Music Highlights,Channel_3580,11,2024-09-23T10:00:00.000Z,review|music|live,12924,383,121,183,https://i.ytimg.com/vi/cZPyOwXpw6E/default.jpg,False,False,False,Auto-generated sample description for Music video.
QOulGBkKgYB,24.21.01,Reacting to Music Trends,Channel_115,3,2024-01-17T10:00:00.000Z,official|2024|trending,26386,775,28,344,https://i.ytimg.com/vi/8QXQL5-s_2P/default.jpg,False,True,False,Auto-generated sample description for Music video.
h3ISD63clkd,24.01.09,Behind the Scenes: Entertainment,Channel_4091,14,2024-08-30T08:00:00.000Z,trending|music|official,43995,3191,188,580,https://i.ytimg.com/vi/f4ne5IE3dgu/default.jpg,False,False,False,Auto-generated sample description for Entertainment video.
N7sLNVNrHJH,24.22.02,Why This Gaming Video Went Viral,Channel_3854,16,2024-02-22T01:00:00.000Z,2024|live|official,20159,1582,57,168,https://i.ytimg.com/vi/ljtwnaN7FEZ/default.jpg,False,False,False,Auto-generated sample description for Gaming video.
PvGv7HnmVf0,24.18.04,Top 10 Music Moments This Week,Channel_843,3,2024-04-16T01:00:00.000Z,official|2024|music,63789,783,321,863,https://i.ytimg.com/vi/HOE94biQ9yv/default.jpg,False,False,False,Auto-generated sample description for Music video.
NDIjzHcoykf,24.11.06,Why This Music Video Went Viral,Channel_4991,11,2024-06-07T01:00:00.000Z,2024|live|official,735360,36276,673,12288,https://i.ytimg.com/vi/af896kDS_J8/default.jpg,False,False,False,Auto-generated sample description for Music video.
Y1z0V1vLtFk,25.08.01,Why This Music Video Went Viral,Channel_4061,11,2025-01-05T04:00:00.000Z,trending|vlog|review,37440,2118,366,344,https://i.ytimg.com/vi/91eKUVvmps7/default.jpg,False,False,False,Auto-generated sample description for Music video.
YWVIRTt-GpT,24.04.01,Behind the Scenes: Comedy,Channel_1625,7,2024-01-01T19:00:00.000Z,official|2024|vlog,288944,3009,1338,2733,https://i.ytimg.com/vi/6HjmJtEhHgn/default.jpg,False,False,False,Auto-generated sample description for Comedy video.
s0h6HHOX8O4,24.15.03,Top 10 Travel & Events Moments This Week,Channel_4577,15,2024-03-14T06:00:00.000Z,2024|music|vlog,8528,126,5,26,https://i.ytimg.com/vi/BSohaNuwmxD/default.jpg,False,False,False,Auto-generated sample description for Travel & Events video.
JZtpfCMG5Mx,24.07.11,Reacting to Music Trends,Channel_309,3,2024-11-05T14:00:00.000Z,vlog|music|review,1256,55,11,4,https://i.ytimg.com/vi/DEr5eiB1IVF/default.jpg,False,False,False,Auto-generated sample description for Music video.
21gYr82n6oj,24.26.04,Why This Gaming Video Went Viral,Channel_1909,6,2024-04-26T19:00:00.000Z,review|live|2024,3564,281,30,42,https://i.ytimg.com/vi/2BxXJTajDeW/default.jpg,False,False,False,Auto-generated sample description for Gaming video.
zLnu-0UKWx4,24.03.04,Why This Music Video Went Viral,Channel_127,11,2024-03-31T22:00:00.000Z,music|vlog|2024,9868,720,6,28,https://i.ytimg.com/vi/gVTnCpVYIe4/default.jpg,False,False,False,Auto-generated sample description for Music video.
dyo8yCRE6hA,24.02.05,Behind the Scenes: Music,Channel_2592,3,2024-05-01T00:00:00.000Z,trending|vlog|review,27778,1886,256,258,https://i.ytimg.com/vi/ngvV8PAxvK0/default.jpg,False,False,False,Auto-generated sample description for Music video.
A1FcTtUz6gP,24.07.07,Official Music Highlights,Channel_2062,3,2024-07-06T07:00:00.000Z,official|trending|music,27111,1806,38,504,https://i.ytimg.com/vi/3O31IOUu1ug/default.jpg,False,False,False,Auto-generated sample description for Music video.
lvO4Ynx4cO8,24.17.09,Official Music Highlights,Channel_3304,11,2024-09-17T16:00:00.000Z,official|2024|music,68531,2253,102,142,https://i.ytimg.com/vi/zjxdvLTxc6B/default.jpg,False,False,False,Auto-generated sample description for Music video.
W3jkopKPwcL,24.22.09,Why This Music Video Went Viral,Channel_4116,11,2024-09-21T04:00:00.000Z,vlog|review|trending,4187,204,26,28,https://i.ytimg.com/vi/G-zvTMjmhGO/default.jpg,False,False,False,Auto-generated sample description for Music video.
1VoQufOjt8K,24.19.08,Top 10 Film & Animation Moments This Week,Channel_3958,9,2024-08-15T04:00:00.000Z,trending|live|2024,8327,505,16,116,https://i.ytimg.com/vi/qrz0_KBS0GX/default.jpg,False,False,False,Auto-generated sample description for Film & Animation video.
hDBmfL99G1X,24.19.12,Official Entertainment Highlights,Channel_4068,14,2024-12-19T00:00:00.000Z,official|music|2024,8467,370,47,54,https://i.ytimg.com/vi/fsxjJ8uxy1i/default.jpg,False,False,False,Auto-generated sample description for Entertainment video.
GqTfdHhxo8c,24.28.08,Music Compilation 2024,Channel_4544,11,2024-08-26T00:00:00.000Z,music|official|trending,70546,4491,353,969,https://i.ytimg.com/vi/elTX3FkAlh9/default.jpg,False,False,False,Auto-generated sample description for Music video.
zKdpbwm9-9j,24.25.04,Reacting to Travel & Events Trends,Channel_1988,15,2024-04-25T03:00:00.000Z,live|vlog|official,2132,78,13,8,https://i.ytimg.com/vi/X1aK_9YiFLY/default.jpg,False,False,False,Auto-generated sample description for Travel & Events video.
AooZMAGTmAQ,24.28.08,Top 10 Music Moments This Week,Channel_1388,3,2024-08-26T07:00:00.000Z,official|review|music,420405,14054,890,3274,https://i.ytimg.com/vi/03MygN3DVGj/default.jpg,False,False,False,Auto-generated sample description for Music video.
Cq7tKbvd7ZE,24.23.05,Official Comedy Highlights,Channel_4418,7,2024-05-19T21:00:00.000Z,review|2024|music,4367,325,34,51,https://i.ytimg.com/vi/ZX7AskHVEoy/default.jpg,False,False,False,Auto-generated sample description for Comedy video.
ir9YLsNyYJl,24.20.02,Why This Music Video Went Viral,Channel_1688,3,2024-02-20T00:00:00.000Z,review|live|2024,10696,462,20,63,https://i.ytimg.com/vi/9b8OpgdwPKC/default.jpg,False,False,False,Auto-generated sample description for Music video.
E1FRvpFv1AE,24.19.09,Behind the Scenes: Music,Channel_3129,11,2024-09-17T14:00:00.000Z,2024|live|trending,33503,535,66,477,https://i.ytimg.com/vi/OmGV_lL_SEC/default.jpg,False,False,False,Auto-generated sample description for Music video.
24NXQPtD04c,24.22.02,Entertainment Compilation 2024,Channel_927,14,2024-02-19T13:00:00.000Z,review|2024|live,9593,217,17,115,https://i.ytimg.com/vi/IMOpdZh8bAK/default.jpg,False,False,False,Auto-generated sample description for Entertainment video.
zq6YcY4j6KT,24.21.10,Why This Music Video Went Viral,Channel_1216,11,2024-10-20T18:00:00.000Z,review|official|vlog,8482,154,5,144,https://i.ytimg.com/vi/ZFkugbAN_ae/default.jpg,False,False,False,Auto-generated sample description for Music video.
zMZUIL0HupN,24.20.06,Top 10 Comedy Moments This Week,Channel_2160,4,2024-06-19T05:00:00.000Z,review|music|2024,14434,525,73,147,https://i.ytimg.com/vi/i3LbYi6cLji/default.jpg,False,False,False,Auto-generated sample description for Comedy video.
FmLVRku27VM,24.24.10,Reacting to Gaming Trends,Channel_2266,6,2024-10-20T05:00:00.000Z,music|trending|official,13430,648,131,115,https://i.ytimg.com/vi/_aXcR6Jqo1b/default.jpg,False,False,False,Auto-generated sample description for Gaming video.
76O27BF8whv,24.06.03,Why This Music Video Went Viral,Channel_4804,3,2024-03-04T21:00:00.000Z,live|official|vlog,8575,290,27,48,https://i.ytimg.com/vi/P41Sz2fiQWf/default.jpg,False,False,False,Auto-generated sample description for Music video.
q0fFi-DKAca,24.25.01,Official Music Highlights,Channel_121,11,2024-01-22T19:00:00.000Z,music|official|vlog,121761,7852,400,484,https://i.ytimg.com/vi/ys-mzATzxnv/default.jpg,False,False,False,Auto-generated sample description for Music video.
nOBSehwt5h_,24.05.08,Behind the Scenes: Music,Channel_2525,11,2024-08-03T14:00:00.000Z,official|trending|live,229910,4717,392,3527,https://i.ytimg.com/vi/N_5sNWpfjZJ/default.jpg,False,False,False,Auto-generated sample description for Music video.
W7zClx1qf4h,24.20.10,Comedy Compilation 2024,Channel_4300,4,2024-10-16T03:00:00.000Z,live|trending|music,3276,182,22,49,https://i.ytimg.com/vi/1-Xu1-x1eGk/default.jpg,False,False,False,Auto-generated sample description for Comedy video.
zTl6Hw2zTvW,24.14.09,Entertainment Compilation 2024,Channel_3794,14,2024-09-10T05:00:00.000Z,official|music|vlog,372630,23281,2023,4441,https://i.ytimg.com/vi/jA7rSCieUtT/default.jpg,False,False,False,Auto-generated sample description for Entertainment video.
2XdkPCHIWEG,24.16.08,Gaming Compilation 2024,Channel_3019,16,2024-08-13T01:00:00.000Z,vlog|review|official,18315,1438,101,359,https://i.ytimg.com/vi/7BOFo31xh2_/default.jpg,False,False,False,Auto-generated sample description for Gaming video.
TXBsUyxMYKp,24.06.10,Behind the Scenes: Comedy,Channel_813,7,2024-10-02T04:00:00.000Z,review|official|music,15802,752,57,216,https://i.ytimg.com/vi/gj4AeNCMLcW/default.jpg,False,False,False,Auto-generated sample description for Comedy video.
KfxjhhK_XAO,25.19.01,Top 10 Music Moments This Week,Channel_4871,3,2025-01-18T05:00:00.000Z,music|review|trending,187429,6353,413,1974,https://i.ytimg.com/vi/eNQymzH3Jmj/default.jpg,False,False,False,Auto-generated sample description for Music video.
rxhD6f8jX28,24.31.08,Why This Music Video Went Viral,Channel_1693,11,2024-08-27T05:00:00.000Z,2024|trending|vlog,286204,19792,2614,2741,https://i.ytimg.com/vi/_ME6ZlzpKD7/default.jpg,False,False,False,Auto-generated sample description for Music video.
zNMaXcRF0is,24.08.07,Official Music Highlights,Channel_3208,11,2024-07-08T16:00:00.000Z,live|official|vlog,20505,1272,87,399,https://i.ytimg.com/vi/i_VPD4aoFhX/default.jpg,False,False,False,Auto-generated sample description for Music video.
3sqg8QJZWMN,24.18.01,Official Music Highlights,Channel_3552,11,2024-01-14T19:00:00.000Z,vlog|music|live,25267,329,217,138,https://i.ytimg.com/vi/jxNTTNIfAUr/default.jpg,False,False,False,Auto-generated sample description for Music video.
Y-qZQsO9Can,25.28.01,Top 10 Comedy Moments This Week,Channel_139,7,2025-01-27T19:00:00.000Z,music|vlog|trending,8142,570,62,73,https://i.ytimg.com/vi/aF8ntkSV2Cu/default.jpg,False,False,False,Auto-generated sample description for Comedy video.
KI-JiE80oBJ,24.13.03,Reacting to Science & Technology Trends,Channel_3707,12,2024-03-09T03:00:00.000Z,vlog|review|trending,14195,529,104,189,https://i.ytimg.com/vi/unu5KNCGRvz/default.jpg,False,False,False,Auto-generated sample description for Science & Technology video.
dF7VibeXreg,24.29.12,Top 10 Gaming Moments This Week,Channel_1780,6,2024-12-26T18:00:00.000Z,live|music|official,72011,790,407,344,https://i.ytimg.com/vi/wX_N5tR5g_-/default.jpg,False,False,False,Auto-generated sample description for Gaming video.
IzLYGfYQXhQ,24.01.09,Top 10 Comedy Moments This Week,Channel_81,7,2024-08-29T01:00:00.000Z,music|review|trending,22562,749,175,149,https://i.ytimg.com/vi/bj63Z8OLgO6/default.jpg,False,False,False,Auto-generated sample description for Comedy video.
FGtGpsJy6Ka,24.30.04,Behind the Scenes: Gaming,Channel_2048,16,2024-04-30T13:00:00.000Z,official|music|vlog,404654,19148,2171,697,https://i.ytimg.com/vi/SWh9Si0s4jI/default.jpg,False,False,False,Auto-generated sample description for Gaming video.
5plHOG2wr7H,25.15.01,Music Compilation 2024,Channel_3027,11,2025-01-13T01:00:00.000Z,trending|review|music,86509,1623,114,796,https://i.ytimg.com/vi/4esvppv1HsO/default.jpg,False,False,False,Auto-generated sample description for Music video.
L9O4K4SkD_t,24.05.08,Top 10 Autos & Vehicles Moments This Week,Channel_1560,1,2024-08-03T15:00:00.000Z,2024|trending|review,40717,889,118,546,https://i.ytimg.com/vi/Gynfs6Q2QXF/default.jpg,False,False,False,Auto-generated sample description for Autos & Vehicles video.
nsUlEksdsQq,24.04.12,Behind the Scenes: Comedy,Channel_4543,7,2024-12-01T01:00:00.000Z,live|official|review,22544,1632,202,81,https://i.ytimg.com/vi/98q41_IENws/default.jpg,False,False,False,Auto-generated sample description for Comedy video.
0Kw9UcjPJoS,24.15.10,Top 10 Entertainment Moments This Week,Channel_3652,14,2024-10-13T21:00:00.000Z,2024|official|review,8068,519,58,125,https://i.ytimg.com/vi/-lF22a3oFLc/default.jpg,False,False,False,Auto-generated sample description for Entertainment video.
RYHVJDODz_r,25.21.01,Top 10 Entertainment Moments This Week,Channel_3129,14,2025-01-18T21:00:00.000Z,trending|official|music,55443,3885,410,860,https://i.ytimg.com/vi/kYOgtObtl8S/default.jpg,False,False,False,Auto-generated sample description for Entertainment video.
YirO6FqEbAh,24.09.06,Music Compilation 2024,Channel_3047,3,2024-06-08T02:00:00.000Z,2024|trending|live,453809,33299,584,5163,https://i.ytimg.com/vi/9cvh7vz7KMm/default.jpg,True,False,False,Auto-generated sample description for Music video.
zw09qUwFpeq,24.23.02,Official Entertainment Highlights,Channel_2329,14,2024-02-22T07:00:00.000Z,review|vlog|trending,118526,2238,126,1344,https://i.ytimg.com/vi/qFVQZ37CC3t/default.jpg,False,False,False,Auto-generated sample description for Entertainment video.
_XkAIeJp753,25.17.01,Top 10 Gaming Moments This Week,Channel_1532,6,2025-01-13T10:00:00.000Z,review|vlog|music,6875,77,10,48,https://i.ytimg.com/vi/jcSE3tqZ05J/default.jpg,False,False,False,Auto-generated sample description for Gaming video.
NjSx0QdcPsw,24.25.12,Behind the Scenes: People & Blogs,Channel_3051,8,2024-12-23T22:00:00.000Z,live|official|vlog,23838,520,91,96,https://i.ytimg.com/vi/Z9wR42KIlle/default.jpg,False,False,False,Auto-generated sample description for People & Blogs video.
Mar-n1713Qw,24.15.05,Why This Comedy Video Went Viral,Channel_4607,7,2024-05-11T07:00:00.000Z,official|live|trending,75415,810,232,369,https://i.ytimg.com/vi/NNNDhBwC2JV/default.jpg,False,False,False,Auto-generated sample description for Comedy video.
rHglY8OWvnZ,24.13.07,Film & Animation Compilation 2024,Channel_4056,9,2024-07-13T00:00:00.000Z,vlog|trending|live,48246,3394,379,729,https://i.ytimg.com/vi/1o89BJqRrxw/default.jpg,False,False,False,Auto-generated sample description for Film & Animation video.
F37o8WMBW6b,24.26.05,Top 10 Music Moments This Week,Channel_2969,3,2024-05-22T15:00:00.000Z,live|2024|trending,49268,3936,35,549,https://i.ytimg.com/vi/sdKDwjFxqLA/default.jpg,False,False,False,Auto-generated sample description for Music video.
7aX3vKVJ29y,24.03.07,Why This Music Video Went Viral,Channel_479,3,2024-07-03T14:00:00.000Z,vlog|official|2024,76441,1508,181,1139,https://i.ytimg.com/vi/88DzuF7kLxA/default.jpg,False,False,False,Auto-generated sample description for Music video.
olePr8hRPK7,24.15.05,Behind the Scenes: Music,Channel_2732,3,2024-05-11T06:00:00.000Z,vlog|official|trending,23697,1840,67,163,https://i.ytimg.com/vi/8efCAcOSvqz/default.jpg,False,False,False,Auto-generated sample description for Music video.
-ygljds6GEy,24.10.02,Top 10 Music Moments This Week,Channel_793,11,2024-02-06T06:00:00.000Z,vlog|2024|review,21902,612,22,268,https://i.ytimg.com/vi/HWApubUIJD9/default.jpg,False,False,False,Auto-generated sample description for Music video.
IeLoqy4-QKz,24.14.02,Comedy Compilation 2024,Channel_4704,7,2024-02-13T20:00:00.000Z,vlog|official|trending,20045,976,42,43,https://i.ytimg.com/vi/J-pT5DIkDLq/default.jpg,False,False,False,Auto-generated sample description for Comedy video.
2FLxSy3WLOJ,24.13.10,Top 10 Music Moments This Week,Channel_2149,3,2024-10-12T06:00:00.000Z,music|vlog|2024,9267,322,18,43,https://i.ytimg.com/vi/yibDYD91TJQ/default.jpg,False,False,False,Auto-generated sample description for Music video.
-CNZRwMFeqC,24.22.06,Top 10 Entertainment Moments This Week,Channel_344,14,2024-06-18T03:00:00.000Z,review|vlog|2024,128543,3110,509,2260,https://i.ytimg.com/vi/mz_xAUfb1mP/default.jpg,False,False,False,Auto-generated sample description for Entertainment video.
XfQQbB1RQmh,24.04.11,Behind the Scenes: Nonprofits & Activism,Channel_2145,5,2024-11-01T10:00:00.000Z,vlog|live|2024,10359,283,85,105,https://i.ytimg.com/vi/DFvo_jLUYPI/default.jpg,False,False,False,Auto-generated sample description for Nonprofits & Activism video.
qE7z2SCzIkT,24.09.07,Music Compilation 2024,Channel_2720,11,2024-07-09T00:00:00.000Z,vlog|2024|review,352801,11949,1426,4218,https://i.ytimg.com/vi/F27mRCO2QXM/default.jpg,False,False,False,Auto-generated sample description for Music video.
Eywg2ys8z1j,24.15.07,Why This Music Video Went Viral,Channel_764,3,2024-07-12T16:00:00.000Z,live|review|2024,8620,531,39,31,https://i.ytimg.com/vi/OYsgjkaVi6X/default.jpg,False,False,False,Auto-generated sample description for Music video.
xR1P3ejSkmB,24.04.02,Reacting to Comedy Trends,Channel_2123,4,2024-02-01T09:00:00.000Z,trending|music|live,4444,158,43,79,https://i.ytimg.com/vi/f1YlIPmUp_m/default.jpg,False,False,False,Auto-generated sample description for Comedy video.
qqsKbcXDmSs,24.30.08,Gaming Compilation 2024,Channel_1058,6,2024-08-26T08:00:00.000Z,official|live|review,18960,431,70,226,https://i.ytimg.com/vi/JPaKjkwWiR6/default.jpg,False,False,False,Auto-generated sample description for Gaming video.
yr7NlwgPICg,24.17.08,Top 10 Music Moments This Week,Channel_3626,11,2024-08-16T20:00:00.000Z,vlog|review|live,25642,1804,177,381,https://i.ytimg.com/vi/FppTfmJhoe9/default.jpg,False,False,False,Auto-generated sample description for Music video.
B4ijgIFleV_,24.19.01,Why This Nonprofits & Activism Video Went Viral,Channel_4332,5,2024-01-19T13:00:00.000Z,music|vlog|official,196162,12419,99,612,https://i.ytimg.com/vi/jVHUay9fqwB/default.jpg,False,False,False,Auto-generated sample description for Nonprofits & Activism video.
N4Gn9PMlwnW,24.20.10,Behind the Scenes: Film & Animation,Channel_1934,9,2024-10-16T09:00:00.000Z,official|review|2024,59252,2888,360,995,https://i.ytimg.com/vi/TIVXeB7uEZc/default.jpg,False,False,False,Auto-generated sample description for Film & Animation video.
NDVTkL15fHT,24.27.01,Behind the Scenes: Comedy,Channel_3258,7,2024-01-25T19:00:00.000Z,2024|vlog|live,13872,572,51,117,https://i.ytimg.com/vi/seoQfzrDCvo/default.jpg,False,False,False,Auto-generated sample description for Comedy video.
SanofAtyewY,24.15.02,Official Entertainment Highlights,Channel_3628,14,2024-02-15T00:00:00.000Z,vlog|trending|live,35441,396,164,535,https://i.ytimg.com/vi/K0rtNg-aDdZ/default.jpg,False,False,False,Auto-generated sample description for Entertainment video.
QlXK8TOwF6S,24.15.03,Behind the Scenes: Travel & Events,Channel_2261,15,2024-03-14T14:00:00.000Z,review|trending|live,9567,272,72,74,https://i.ytimg.com/vi/-9p2hOkYYfR/default.jpg,False,False,False,Auto-generated sample description for Travel & Events video.
oDBIWoLhprH,24.05.02,Gaming Compilation 2024,Channel_1813,16,2024-02-03T00:00:00.000Z,music|review|live,96551,3437,794,89,https://i.ytimg.com/vi/ClQYVts2uZI/default.jpg,False,False,False,Auto-generated sample description for Gaming video.
pgIIPky6w0H,24.06.11,Reacting to Music Trends,Channel_3503,11,2024-11-06T15:00:00.000Z,music|official|review,30281,1911,181,181,https://i.ytimg.com/vi/wHTRKVoKEWa/default.jpg,False,False,False,Auto-generated sample description for Music video.
OlB1BTkDZZo,24.23.06,Top 10 Music Moments This Week,Channel_2833,11,2024-06-23T19:00:00.000Z,vlog|2024|music,62948,970,169,341,https://i.ytimg.com/vi/vpzU6J88ICK/default.jpg,False,False,False,Auto-generated sample description for Music video.
--RIDLClyWh,24.27.10,Top 10 Music Moments This Week,Channel_2514,3,2024-10-25T16:00:00.000Z,review|vlog|live,24351,1412,98,446,https://i.ytimg.com/vi/S3VA9JUkdd1/default.jpg,False,False,False,Auto-generated sample description for Music video.
T1euPsuWvr_,24.04.08,Behind the Scenes: Music,Channel_4717,3,2024-07-31T07:00:00.000Z,official|vlog|trending,590345,16228,3570,3734,https://i.ytimg.com/vi/vy_dY6UlPCS/default.jpg,False,False,False,Auto-generated sample description for Music video.
KxJ8GGGGYTc,24.26.03,Why This Music Video Went Viral,Channel_3233,11,2024-03-22T09:00:00.000Z,2024|trending|vlog,310188,10058,2404,4798,https://i.ytimg.com/vi/xzip4lO21ZE/default.jpg,False,False,False,Auto-generated sample description for Music video.
7oqxwgIGRZe,24.17.02,Official Entertainment Highlights,Channel_2222,14,2024-02-14T19:00:00.000Z,live|official|vlog,7118,376,51,14,https://i.ytimg.com/vi/bla4cFEoa6C/default.jpg,False,False,False,Auto-generated sample description for Entertainment video.
JUSklW8vEWl,24.12.09,Official Music Highlights,Channel_3727,3,2024-09-09T22:00:00.000Z,review|live|2024,163026,10614,1187,875,https://i.ytimg.com/vi/_U1-9a5BNSl/default.jpg,False,False,False,Auto-generated sample description for Music video.
uGHMLLDxgHZ,24.20.06,Gaming Compilation 2024,Channel_3506,6,2024-06-18T21:00:00.000Z,2024|review|vlog,46342,3079,294,451,https://i.ytimg.com/vi/C-SDV_HkDSw/default.jpg,False,False,False,Auto-generated sample description for Gaming video.
cUkQLQqlu-C,24.03.06,Music Compilation 2024,Channel_2689,11,2024-06-01T01:00:00.000Z,music|2024|trending,22001,973,76,30,https://i.ytimg.com/vi/OS0HraoBXaL/default.jpg,False,False,False,Auto-generated sample description for Music video.
PnSUITOM6wD,25.04.02,Science & Technology Compilation 2024,Channel_4229,12,2025-02-01T03:00:00.000Z,vlog|official|trending,6366,370,16,104,https://i.ytimg.com/vi/f38D77IOhT5/default.jpg,False,False,False,Auto-generated sample description for Science & Technology video.
ObqNyIKVOmw,24.10.11,Official Comedy Highlights,Channel_3679,7,2024-11-09T05:00:00.000Z,trending|2024|live,25847,1260,137,85,https://i.ytimg.com/vi/CIAwA1ptIZA/default.jpg,False,False,False,Auto-generated sample description for Comedy video.
IP2GW-3g5sN,24.05.12,Behind the Scenes: Comedy,Channel_4871,4,2024-12-03T20:00:00.000Z,2024|vlog|trending,60526,1526,404,1106,https://i.ytimg.com/vi/S6krQ7-HDtU/default.jpg,False,False,False,Auto-generated sample description for Comedy video.
2Es7pzxqQMh,24.14.08,Top 10 Pets & Animals Moments This Week,Channel_1630,2,2024-08-11T18:00:00.000Z,review|trending|2024,18423,562,126,209,https://i.ytimg.com/vi/ke6Y6oeuzOP/default.jpg,False,False,False,Auto-generated sample description for Pets & Animals video.
BlO27yZmjP6,24.10.05,Top 10 Music Moments This Week,Channel_3913,3,2024-05-06T16:00:00.000Z,vlog|2024|live,564111,28730,3671,7189,https://i.ytimg.com/vi/CQH9YPLxvdL/default.jpg,False,False,False,Auto-generated sample description for Music video.
i9XWX_aGW8b,24.30.10,Reacting to Comedy Trends,Channel_4902,7,2024-10-29T22:00:00.000Z,live|music|2024,74599,1442,237,676,https://i.ytimg.com/vi/6Qbst4IADXB/default.jpg,False,False,False,Auto-generated sample description for Comedy video.
vFMh_QZeQBT,24.18.08,Top 10 Comedy Moments This Week,Channel_2752,4,2024-08-14T00:00:00.000Z,music|official|trending,7045,506,4,66,https://i.ytimg.com/vi/n6AbbZBiid1/default.jpg,False,False,False,Auto-generated sample description for Comedy video.
GHsmjZsHGJ_,24.16.11,Top 10 Music Moments This Week,Channel_3049,11,2024-11-13T16:00:00.000Z,vlog|music|review,112993,4942,1085,1744,https://i.ytimg.com/vi/9mlsDLbmi1t/default.jpg,False,False,False,Auto-generated sample description for Music video.
IY5rZtgRLQS,24.09.10,Behind the Scenes: Music,Channel_3208,3,2024-10-08T16:00:00.000Z,trending|review|live,398005,18589,556,3925,https://i.ytimg.com/vi/PVXzga8ijsf/default.jpg,False,False,False,Auto-generated sample description for Music video.
6zTGxQcXgaC,25.09.01,Behind the Scenes: Comedy,Channel_805,4,2025-01-06T12:00:00.000Z,live|2024|review,8578,618,41,15,https://i.ytimg.com/vi/SSj_Gn9h4A7/default.jpg,False,False,False,Auto-generated sample description for Comedy video.
7Whzfk8qG-v,24.28.09,Top 10 Education Moments This Week,Channel_1768,10,2024-09-26T19:00:00.000Z,2024|review|official,14857,944,36,232,https://i.ytimg.com/vi/wudtz0v35XO/default.jpg,False,False,False,Auto-generated sample description for Education video.
y1C5MznZoim,24.29.06,Entertainment Compilation 2024,Channel_2069,14,2024-06-26T04:00:00.000Z,live|official|music,4062,294,6,22,https://i.ytimg.com/vi/Tk8mwI4JYDx/default.jpg,False,False,False,Auto-generated sample description for Entertainment video.
UxF6MdRF-ao,24.12.09,Top 10 Gaming Moments This Week,Channel_2993,16,2024-09-08T16:00:00.000Z,music|official|trending,18913,724,77,325,https://i.ytimg.com/vi/rJ130Hj_6ej/default.jpg,False,False,False,Auto-generated sample description for Gaming video.
dZj5TQv3h9w,25.05.01,Why This Entertainment Video Went Viral,Channel_4596,14,2025-01-05T07:00:00.000Z,vlog|trending|2024,23459,262,216,422,https://i.ytimg.com/vi/DM22390o8M0/default.jpg,False,False,False,Auto-generated sample description for Entertainment video.
W3Dwtz3sgND,24.01.08,Music Compilation 2024,Channel_4471,3,2024-07-28T03:00:00.000Z,trending|official|2024,69543,4423,611,93,https://i.ytimg.com/vi/6pKeKzoLo0q/default.jpg,False,False,False,Auto-generated sample description for Music video.
c2H4w_tZ0-i,25.03.02,Behind the Scenes: Gaming,Channel_20,6,2025-02-02T12:00:00.000Z,2024|trending|vlog,4654,129,37,87,https://i.ytimg.com/vi/jdm7UJ4JSvF/default.jpg,False,False,False,Auto-generated sample description for Gaming video.
afOasvwxz9a,24.04.06,Why This Gaming Video Went Viral,Channel_1607,6,2024-06-04T02:00:00.000Z,live|official|music,699161,51304,2228,8558,https://i.ytimg.com/vi/Ql7BACEgGH1/default.jpg,False,False,False,Auto-generated sample description for Gaming video.
DNdyf-J_zmh,25.08.01,Official Autos & Vehicles Highlights,Channel_1440,1,2025-01-06T06:00:00.000Z,music|review|live,256796,4858,1962,4928,https://i.ytimg.com/vi/X9T-daH8C4z/default.jpg,True,False,False,Auto-generated sample description for Autos & Vehicles video.
UIODecXamfm,24.20.02,Reacting to Comedy Trends,Channel_334,7,2024-02-17T05:00:00.000Z,2024|review|trending,73645,4333,179,178,https://i.ytimg.com/vi/_n3qs3YvMaZ/default.jpg,False,False,False,Auto-generated sample description for Comedy video.
SK7kM1SMVpN,24.06.08,Official Gaming Highlights,Channel_3801,6,2024-08-02T04:00:00.000Z,vlog|live|official,2089,132,3,11,https://i.ytimg.com/vi/HqUO1Sg3jlL/default.jpg,False,False,False,Auto-generated sample description for Gaming video.
v-XZarIIdY9,24.28.11,Why This Comedy Video Went Viral,Channel_3231,4,2024-11-27T09:00:00.000Z,official|review|2024,72560,3189,430,1435,https://i.ytimg.com/vi/PvndMv5nbOg/default.jpg,False,False,False,Auto-generated sample description for Comedy video.
Bb8lY5U4VQB,24.05.09,Official Entertainment Highlights,Channel_384,14,2024-09-02T17:00:00.000Z,vlog|official|trending,558256,6911,1609,2872,https://i.ytimg.com/vi/aXgMHM7KeZN/default.jpg,False,False,False,Auto-generated sample description for Entertainment video.
lnpbKS6yj_n,24.30.11,Behind the Scenes: People & Blogs,Channel_2083,8,2024-11-30T12:00:00.000Z,music|review|vlog,50298,1160,426,298,https://i.ytimg.com/vi/XZJwkq-JnJT/default.jpg,False,False,False,Auto-generated sample description for People & Blogs video.
fKpXjAXbUO2,24.24.02,Top 10 Entertainment Moments This Week,Channel_2147,14,2024-02-24T13:00:00.000Z,trending|vlog|review,561409,6892,1383,2931,https://i.ytimg.com/vi/5JDPw7WGiM3/default.jpg,False,False,False,Auto-generated sample description for Entertainment video.
3GkFozMLskq,24.01.11,Behind the Scenes: Pets & Animals,Channel_2773,2,2024-10-30T00:00:00.000Z,2024|live|official,2598,145,4,6,https://i.ytimg.com/vi/QuB9ksPKibb/default.jpg,False,False,False,Auto-generated sample description for Pets & Animals video.
9dDVgC9UW2M,25.22.01,Behind the Scenes: Music,Channel_2244,11,2025-01-20T01:00:00.000Z,review|music|trending,99407,5964,291,1398,https://i.ytimg.com/vi/OwClSJ93jl6/default.jpg,False,False,False,Auto-generated sample description for Music video.
JiS48M6GOai,24.02.11,Reacting to Music Trends,Channel_2495,11,2024-10-31T03:00:00.000Z,live|music|trending,5482,222,6,20,https://i.ytimg.com/vi/MQgWahiYvLF/default.jpg,False,False,False,Auto-generated sample description for Music video.
FRYQ_6mVOcR,24.26.04,Why This Entertainment Video Went Viral,Channel_4062,14,2024-04-25T15:00:00.000Z,vlog|2024|trending,17393,1231,123,36,https://i.ytimg.com/vi/bbkU5JzxJ7I/default.jpg,False,False,False,Auto-generated sample description for Entertainment video.
lDxW_2z2Fvg,25.10.01,Why This Entertainment Video Went Viral,Channel_4014,14,2025-01-07T21:00:00.000Z,official|trending|review,2589,101,13,7,https://i.ytimg.com/vi/RTTQzSKdaTB/default.jpg,False,False,False,Auto-generated sample description for Entertainment video.
LlzRi-goA0E,24.05.06,Behind the Scenes: Gaming,Channel_862,16,2024-06-01T18:00:00.000Z,2024|live|vlog,2206,124,14,24,https://i.ytimg.com/vi/6qVlP_B-PQo/default.jpg,False,False,False,Auto-generated sample description for Gaming video.
L7rBzM8MY4x,24.25.06,Reacting to Science & Technology Trends,Channel_841,12,2024-06-25T16:00:00.000Z,music|vlog|2024,1496,59,1,17,https://i.ytimg.com/vi/lm2oKh9U3Mo/default.jpg,False,False,False,Auto-generated sample description for Science & Technology video.
AXkvR_NYQmo,24.15.06,Behind the Scenes: Entertainment,Channel_2044,14,2024-06-15T01:00:00.000Z,official|music|live,276584,17626,1156,3022,https://i.ytimg.com/vi/13BRF3FnV0H/default.jpg,True,False,False,Auto-generated sample description for Entertainment video.
Ov-1-tMRRnJ,24.13.04,Entertainment Compilation 2024,Channel_4843,14,2024-04-11T06:00:00.000Z,music|official|review,7945,119,60,27,https://i.ytimg.com/vi/23evZ6fEYxE/default.jpg,False,False,False,Auto-generated sample description for Entertainment video.
B72kUcmpCJo,24.23.06,Reacting to Autos & Vehicles Trends,Channel_2285,1,2024-06-22T22:00:00.000Z,trending|official|2024,2403,129,10,12,https://i.ytimg.com/vi/RmrQsQfb13h/default.jpg,False,False,False,Auto-generated sample description for Autos & Vehicles video.
XYF1TNd1ler,24.06.01,Top 10 Music Moments This Week,Channel_3876,3,2024-01-06T00:00:00.000Z,music|2024|vlog,30175,1525,45,282,https://i.ytimg.com/vi/cBdffTEqP_v/default.jpg,False,False,False,Auto-generated sample description for Music video.
hTj0wKAP3SF,24.30.07,Behind the Scenes: Music,Channel_1205,11,2024-07-30T06:00:00.000Z,trending|vlog|2024,30238,1411,48,512,https://i.ytimg.com/vi/eJfp0QMUzIn/default.jpg,False,False,False,Auto-generated sample description for Music video.
CJ1tD7c6dO6,24.13.02,Top 10 Travel & Events Moments This Week,Channel_478,15,2024-02-11T02:00:00.000Z,music|vlog|official,77356,864,516,1328,https://i.ytimg.com/vi/PcDS084mmOo/default.jpg,False,False,False,Auto-generated sample description for Travel & Events video.
x87DVOtzCVF,24.04.03,Top 10 Music Moments This Week,Channel_3191,3,2024-03-02T11:00:00.000Z,official|music|vlog,461726,15845,666,5701,https://i.ytimg.com/vi/wkT54ZOPwRT/default.jpg,False,False,False,Auto-generated sample description for Music video.
LZMVbx4lMBG,24.11.12,Reacting to Science & Technology Trends,Channel_755,12,2024-12-08T05:00:00.000Z,review|vlog|official,16229,1182,117,302,https://i.ytimg.com/vi/QU3scEf6HI7/default.jpg,False,False,False,Auto-generated sample description for Science & Technology video.
F1HMc0iokYv,24.12.07,Why This Music Video Went Viral,Channel_4578,11,2024-07-09T20:00:00.000Z,music|2024|live,9615,751,37,27,https://i.ytimg.com/vi/-mYhyqL-J8i/default.jpg,False,False,False,Auto-generated sample description for Music video.
htJW7O81RYJ,24.21.05,Reacting to Film & Animation Trends,Channel_2515,9,2024-05-21T10:00:00.000Z,trending|2024|official,2349,31,12,30,https://i.ytimg.com/vi/9CCHUkAk7ZP/default.jpg,False,False,False,"Auto-generated sample description for Film & Animation video.
Second line inside a quoted CSV field."
LnCRO58IcQ_,24.15.03,Why This Travel & Events Video Went Viral,Channel_2998,15,2024-03-11T06:00:00.000Z,vlog|official|music,20362,1492,97,170,https://i.ytimg.com/vi/_CpC2BM90Yt/default.jpg,False,False,False,Auto-generated sample description for Travel & Events video.
aji0exu1BLQ,24.07.07,Official Music Highlights,Channel_2153,3,2024-07-04T15:00:00.000Z,music|2024|review,110239,7129,379,754,https://i.ytimg.com/vi/NonP8Zv8zYX/default.jpg,False,False,False,Auto-generated sample description for Music video.
ih2I2pjlwfV,25.01.01,Official Entertainment Highlights,Channel_2731,14,2024-12-31T19:00:00.000Z,official|music|vlog,64342,902,152,1248,https://i.ytimg.com/vi/CEuWa5v7hY5/default.jpg,False,False,False,Auto-generated sample description for Entertainment video.
BxYPUIEEYSY,24.04.11,Top 10 Gaming Moments This Week,Channel_1576,6,2024-10-31T14:00:00.000Z,music|vlog|review,6600,337,36,15,https://i.ytimg.com/vi/AfchDl19HNJ/default.jpg,True,False,False,Auto-generated sample description for Gaming video.
9hO_HQEHmOd,24.06.05,Top 10 Music Moments This Week,Channel_1565,3,2024-05-06T15:00:00.000Z,vlog|official|music,23814,809,193,26,https://i.ytimg.com/vi/lLvFpGA0N2N/default.jpg,False,False,False,Auto-generated sample description for Music video.
q_PgI8_zM7K,24.05.11,Behind the Scenes: Music,Channel_2541,11,2024-11-02T15:00:00.000Z,live|vlog|trending,27268,1774,34,289,https://i.ytimg.com/vi/CvkKW4ablRH/default.jpg,False,False,False,Auto-generated sample description for Music video.
_a4MYPTGXky,24.29.09,Top 10 Comedy Moments This Week,Channel_454,7,2024-09-25T02:00:00.000Z,official|live|2024,7087,523,37,107,https://i.ytimg.com/vi/aaCGZpRvSYi/default.jpg,False,False,False,Auto-generated sample description for Comedy video.
IiHd_CnKmLf,24.24.07,Behind the Scenes: Comedy,Channel_3839,4,2024-07-21T14:00:00.000Z,live|vlog|2024,106727,1691,237,810,https://i.ytimg.com/vi/K-Qk8waewzQ/default.jpg,False,False,False,Auto-generated sample description for Comedy video.
MwFYFvnE1GM,24.19.01,Gaming Compilation 2024,Channel_1504,16,2024-01-18T04:00:00.000Z,music|live|review,2748,49,16,22,https://i.ytimg.com/vi/F_q6cLgDfgA/default.jpg,False,True,False,Auto-generated sample description for Gaming video.
ZoPzIT57Ebl,24.28.05,Music Compilation 2024,Channel_1617,3,2024-05-25T14:00:00.000Z,live|review|official,32180,907,102,344,https://i.ytimg.com/vi/N7-w6UoFikF/default.jpg,False,False,False,Auto-generated sample description for Music video.
TxwxWyYmNWs,24.20.08,Behind the Scenes: Music,Channel_1549,3,2024-08-17T18:00:00.000Z,trending|music|official,17141,930,134,37,https://i.ytimg.com/vi/tcO_QlDAYL7/default.jpg,False,False,False,Auto-generated sample description for Music video.
74R_G523rvp,24.05.03,Entertainment Compilation 2024,Channel_4044,14,2024-03-02T04:00:00.000Z,2024|music|live,104873,2623,508,1116,https://i.ytimg.com/vi/nk7cOV6_tvo/default.jpg,False,False,False,Auto-generated sample description for Entertainment video.
MFLHiSxuvA2,24.16.01,Official Music Highlights,Channel_2768,3,2024-01-12T07:00:00.000Z,vlog|trending|music,267051,4570,731,3882,https://i.ytimg.com/vi/l_B90McroQb/default.jpg,False,False,False,Auto-generated sample description for Music video.
SsCY5kK4alO,24.03.05,Education Compilation 2024,Channel_3615,10,2024-05-03T12:00:00.000Z,music|2024|trending,14280,532,33,165,https://i.ytimg.com/vi/PCK-H9CUA07/default.jpg,False,False,False,Auto-generated sample description for Education video.
qgAhOzmsbFz,24.29.12,Why This Music Video Went Viral,Channel_2276,11,2024-12-29T10:00:00.000Z,2024|trending|live,39269,2261,238,336,https://i.ytimg.com/vi/EmZ4hcE0b1F/default.jpg,False,False,False,Auto-generated sample description for Music video.
fCkfiAryKCa,25.08.01,Official Music Highlights,Channel_3356,3,2025-01-08T06:00:00.000Z,live|review|2024,386223,29533,3348,5943,https://i.ytimg.com/vi/zdR-9zKKPZ9/default.jpg,False,False,False,Auto-generated sample description for Music video.
9H6vK7-vUzd,24.17.05,Music Compilation 2024,Channel_2128,11,2024-05-17T15:00:00.000Z,trending|live|review,1326271,91834,13112,11941,https://i.ytimg.com/vi/8ZAff8XCEj6/default.jpg,False,False,False,Auto-generated sample description for Music video.
JfczfYskNd6,24.18.03,Official Gaming Highlights,Channel_448,16,2024-03-17T14:00:00.000Z,official|live|music,11887,553,77,122,https://i.ytimg.com/vi/IE58rp_afEZ/default.jpg,False,False,False,Auto-generated sample description for Gaming video.
ggxZUWLvSsx,24.04.09,Reacting to Gaming Trends,Channel_2772,6,2024-08-31T14:00:00.000Z,live|vlog|music,24097,755,43,408,https://i.ytimg.com/vi/IvKkPW-LKjO/default.jpg,False,False,False,Auto-generated sample description for Gaming video.
2XbcSpkycgE,24.08.09,Top 10 Music Moments This Week,Channel_1294,11,2024-09-08T09:00:00.000Z,official|live|trending,140147,3619,346,2374,https://i.ytimg.com/vi/btfnZ-1DDD2/default.jpg,False,True,False,Auto-generated sample description for Music video.
t9iB6bZ7wKR,24.18.08,Behind the Scenes: Entertainment,Channel_4449,14,2024-08-17T12:00:00.000Z,vlog|review|live,10900,755,56,200,https://i.ytimg.com/vi/GlznMjiULii/default.jpg,False,False,False,Auto-generated sample description for Entertainment video.
R5ee6qAYwLV,24.07.11,Why This Music Video Went Viral,Channel_4718,3,2024-11-03T12:00:00.000Z,official|review|music,290674,12444,1642,3302,https://i.ytimg.com/vi/gUhGchi0ADP/default.jpg,False,False,False,Auto-generated sample description for Music video.
zELs4aewJuq,24.28.06,Behind the Scenes: Comedy,Channel_3436,7,2024-06-26T17:00:00.000Z,trending|vlog|review,6787,408,35,122,https://i.ytimg.com/vi/5veUCOhJw_2/default.jpg,False,False,False,Auto-generated sample description for Comedy video.
GaN0x42J3Qv,24.11.01,Behind the Scenes: Comedy,Channel_37,7,2024-01-08T19:00:00.000Z,vlog|music|2024,1073,66,7,9,https://i.ytimg.com/vi/2nQSYshX50g/default.jpg,False,False,False,Auto-generated sample description for Comedy video.
SNabJeulUOx,25.30.01,Top 10 Music Moments This Week,Channel_4790,3,2025-01-26T07:00:00.000Z,live|official|music,288404,7451,968,4979,https://i.ytimg.com/vi/WujHy3LIJeV/default.jpg,False,False,False,Auto-generated sample description for Music video.
78Sajv5xCGW,24.10.01,Official Music Highlights,Channel_2867,11,2024-01-10T06:00:00.000Z,official|2024|vlog,10080,153,68,72,https://i.ytimg.com/vi/-RHEj7ysAOe/default.jpg,False,False,False,Auto-generated sample description for Music video.
IAI8LauB8rc,24.17.05,Reacting to Travel & Events Trends,Channel_3879,13,2024-05-16T11:00:00.000Z,review|music|2024,68286,4750,636,800,https://i.ytimg.com/vi/Ras2Zn3fhOQ/default.jpg,False,False,False,Auto-generated sample description for Travel & Events video.
xVGzxeun-bC,24.17.01,Behind the Scenes: Education,Channel_4894,10,2024-01-14T04:00:00.000Z,music|live|2024,1229,96,10,8,https://i.ytimg.com/vi/ZS3-LPc-yEh/default.jpg,False,False,False,Auto-generated sample description for Education video.
zJFhqjIj9jd,24.04.07,Why This People & Blogs Video Went Viral,Channel_4734,8,2024-07-04T02:00:00.000Z,live|review|music,3303,128,14,40,https://i.ytimg.com/vi/3H2IHGPfQ5e/default.jpg,False,False,False,Auto-generated sample description for People & Blogs video.
CuOtgwfDuZU,24.17.12,Why This Gaming Video Went Viral,Channel_3722,6,2024-12-16T05:00:00.000Z,official|vlog|live,64103,3277,588,880,https://i.ytimg.com/vi/ERCIWOe6P9v/default.jpg,True,False,False,Auto-generated sample description for Gaming video.
KfuUsxgzEe_,24.25.08,Comedy Compilation 2024,Channel_4380,7,2024-08-24T11:00:00.000Z,live|2024|music,18989,266,180,316,https://i.ytimg.com/vi/SdGqGoyZ3ie/default.jpg,False,False,False,Auto-generated sample description for Comedy video.
LqWmDVK_ip6,24.29.07,Why This Music Video Went Viral,Channel_4884,11,2024-07-25T07:00:00.000Z,official|music|vlog,13377,413,64,103,https://i.ytimg.com/vi/PibVOAKeQ0Z/default.jpg,False,False,False,Auto-generated sample description for Music video.
k61RQs6jMb8,24.09.11,Behind the Scenes: Music,Channel_1151,11,2024-11-07T22:00:00.000Z,trending|live|official,68154,1951,488,160,https://i.ytimg.com/vi/tVPOS8zI3hl/default.jpg,False,False,False,Auto-generated sample description for Music video.
glyWm68n2WD,25.27.01,Official Music Highlights,Channel_828,11,2025-01-26T11:00:00.000Z,music|live|vlog,174976,10593,472,981,https://i.ytimg.com/vi/3I021BNLkFT/default.jpg,False,False,False,Auto-generated sample description for Music video.
HCqngf3Yc7P,24.26.07,Top 10 Music Moments This Week,Channel_4798,11,2024-07-23T22:00:00.000Z,official|music|review,374992,23019,2801,1280,https://i.ytimg.com/vi/fiLJ0sHtKNn/default.jpg,False,False,False,Auto-generated sample description for Music video.
IUWgXpvk0No,24.26.09,Music Compilation 2024,Channel_4683,11,2024-09-22T17:00:00.000Z,official|trending|review,8958,444,14,21,https://i.ytimg.com/vi/iJTRZVB3WQc/default.jpg,False,False,False,Auto-generated sample description for Music video.
0voscZOZmMz,24.16.01,Top 10 Gaming Moments This Week,Channel_893,16,2024-01-16T04:00:00.000Z,music|live|official,16460,1314,58,233,https://i.ytimg.com/vi/GskkwpFRWyp/default.jpg,False,False,False,Auto-generated sample description for Gaming video.
8dY7KCs9Fms,24.22.01,Why This Comedy Video Went Viral,Channel_1234,7,2024-01-18T20:00:00.000Z,live|trending|vlog,4074,170,14,54,https://i.ytimg.com/vi/T7WpejCTpbR/default.jpg,False,False,False,Auto-generated sample description for Comedy video.
FCSlosmPmgQ,24.31.12,Reacting to Comedy Trends,Channel_4359,4,2024-12-29T06:00:00.000Z,review|live|official,1222,91,11,12,https://i.ytimg.com/vi/4-ovTRnPzRC/default.jpg,False,False,False,Auto-generated sample description for Comedy video.
O_hZQ6tu4Uo,24.03.07,Reacting to Music Trends,Channel_655,3,2024-07-03T21:00:00.000Z,official|music|live,79940,4825,731,1098,https://i.ytimg.com/vi/YNW34TZfJdy/default.jpg,False,False,False,Auto-generated sample description for Music video.
LFiS1q0gbFh,24.04.08,Comedy Compilation 2024,Channel_3691,7,2024-07-31T09:00:00.000Z,trending|official|vlog,42750,734,163,152,https://i.ytimg.com/vi/YVqk0oTwEJ7/default.jpg,False,False,False,Auto-generated sample description for Comedy video.
HoQc9jKyZ1f,24.18.02,People & Blogs Compilation 2024,Channel_1637,8,2024-02-18T04:00:00.000Z,trending|review|live,13858,920,32,95,https://i.ytimg.com/vi/XEXxp_Ud09H/default.jpg,False,False,False,Auto-generated sample description for People & Blogs video.
pXtMDFJC2MZ,24.16.09,Top 10 Music Moments This Week,Channel_4546,3,2024-09-13T18:00:00.000Z,review|music|official,1244,57,7,6,https://i.ytimg.com/vi/2WkIwzJWi4e/default.jpg,False,False,False,Auto-generated sample description for Music video.
CC-9clkTtJV,24.24.11,Entertainment Compilation 2024,Channel_4841,14,2024-11-24T21:00:00.000Z,music|live|official,221413,6843,749,723,https://i.ytimg.com/vi/wKgDaArhCmF/default.jpg,False,False,False,Auto-generated sample description for Entertainment video.
_8KBRf8v5A9,24.07.01,Reacting to Music Trends,Channel_3434,3,2024-01-06T22:00:00.000Z,trending|2024|live,681353,44999,1713,6125,https://i.ytimg.com/vi/MLNtSOWrGEu/default.jpg,False,False,False,Auto-generated sample description for Music video.
8SEBs0iHmA9,24.23.08,Why This Music Video Went Viral,Channel_1439,3,2024-08-21T18:00:00.000Z,review|official|vlog,89129,2440,217,1086,https://i.ytimg.com/vi/iQjTFibY3ng/default.jpg,False,False,False,Auto-generated sample description for Music video.
PfInvtO0fnQ,24.17.06,People & Blogs Compilation 2024,Channel_2614,8,2024-06-16T18:00:00.000Z,trending|2024|review,30433,309,174,400,https://i.ytimg.com/vi/SB7ZOhorcCx/default.jpg,False,False,False,Auto-generated sample description for People & Blogs video.
CxYOQ_lEOqs,24.28.07,Official Entertainment Highlights,Channel_1544,14,2024-07-27T09:00:00.000Z,official|music|vlog,30288,2174,87,275,https://i.ytimg.com/vi/JCefrVM9bq_/default.jpg,False,False,False,Auto-generated sample description for Entertainment video.
cG9k3iOsIXt,24.27.08,Behind the Scenes: Music,Channel_4026,3,2024-08-24T03:00:00.000Z,trending|live|review,17641,1192,63,153,https://i.ytimg.com/vi/1lNWVdWXWy8/default.jpg,False,True,False,Auto-generated sample description for Music video.
kPrNk965Oip,24.04.02,Behind the Scenes: Comedy,Channel_815,4,2024-02-04T00:00:00.000Z,review|official|music,7686,251,39,79,https://i.ytimg.com/vi/XiBaycI-3HI/default.jpg,False,False,False,Auto-generated sample description for Comedy video.
9xNZrItdRlT,24.19.01,Top 10 Music Moments This Week,Channel_1015,11,2024-01-19T11:00:00.000Z,review|vlog|live,7014,316,43,26,https://i.ytimg.com/vi/ua3wY-sTE9s/default.jpg,False,False,False,Auto-generated sample description for Music video.
te48rCiz3AE,24.07.10,Official Comedy Highlights,Channel_4712,7,2024-10-07T11:00:00.000Z,trending|2024|music,96963,6197,742,1148,https://i.ytimg.com/vi/8TP3lZRM-L0/default.jpg,False,False,False,Auto-generated sample description for Comedy video.
hj5v0dUK6RX,24.20.03,Reacting to Gaming Trends,Channel_3393,16,2024-03-18T17:00:00.000Z,2024|vlog|review,734,50,3,10,https://i.ytimg.com/vi/DfIPhaD0ZES/default.jpg,False,False,False,Auto-generated sample description for Gaming video.
rJZhuZHfbiZ,24.23.05,Reacting to Travel & Events Trends,Channel_2301,15,2024-05-19T02:00:00.000Z,2024|live|official,2683,66,21,25,https://i.ytimg.com/vi/_omFXC1Xe3e/default.jpg,False,False,False,Auto-generated sample description for Travel & Events video.
CxpMAt9bSXi,24.25.03,Reacting to Music Trends,Channel_2461,3,2024-03-22T14:00:00.000Z,review|live|music,8464,297,19,122,https://i.ytimg.com/vi/YplbifOwEME/default.jpg,False,False,False,Auto-generated sample description for Music video.
x4ca3FTgcxU,24.29.06,Top 10 Music Moments This Week,Channel_4426,3,2024-06-28T07:00:00.000Z,2024|review|vlog,408685,8042,596,4833,https://i.ytimg.com/vi/I71iB48B0nG/default.jpg,False,False,False,Auto-generated sample description for Music video.
NHvTPTwsySP,24.25.07,Why This Comedy Video Went Viral,Channel_3480,4,2024-07-21T08:00:00.000Z,music|live|official,12786,413,71,112,https://i.ytimg.com/vi/5gXhfJd5xNc/default.jpg,False,False,False,Auto-generated sample description for Comedy video.
reBTAca6G_F,24.01.11,Why This People & Blogs Video Went Viral,Channel_1601,8,2024-10-31T09:00:00.000Z,vlog|review|music,4827,75,24,33,https://i.ytimg.com/vi/YSI7VUL5y0J/default.jpg,False,False,False,Auto-generated sample description for People & Blogs video.
BA2a_mq3Sxd,24.19.05,Why This Comedy Video Went Viral,Channel_1562,4,2024-05-17T05:00:00.000Z,2024|review|trending,5220,242,50,11,https://i.ytimg.com/vi/AUjAp1hXhef/default.jpg,False,False,False,Auto-generated sample description for Comedy video.
X0efP_ZhToX,24.29.03,Top 10 Comedy Moments This Week,Channel_1150,4,2024-03-29T04:00:00.000Z,music|trending|live,16409,1264,98,11,https://i.ytimg.com/vi/kJ6ad9URoUk/default.jpg,False,False,False,Auto-generated sample description for Comedy video.
SWKkbH0IyEb,24.31.01,Reacting to Music Trends,Channel_523,11,2024-01-31T16:00:00.000Z,live|2024|trending,137940,1660,777,1152,https://i.ytimg.com/vi/FaFJ6cXdIcv/default.jpg,False,False,False,Auto-generated sample description for Music video.
-3xxWaogWu_,24.27.12,Reacting to Comedy Trends,Channel_4264,4,2024-12-23T06:00:00.000Z,2024|official|vlog,48987,557,406,114,https://i.ytimg.com/vi/UZOHlljDmQ7/default.jpg,False,False,False,Auto-generated sample description for Comedy video.
CoSulN1Bv5g,24.30.01,Official Music Highlights,Channel_3917,11,2024-01-29T09:00:00.000Z,vlog|live|review,28192,2115,139,177,https://i.ytimg.com/vi/ZzZ00g4lQXQ/default.jpg,False,False,False,Auto-generated sample description for Music video.
fo4ir5yGtHr,24.24.02,Behind the Scenes: Entertainment,Channel_4328,14,2024-02-23T19:00:00.000Z,live|2024|official,9933,784,18,77,https://i.ytimg.com/vi/-Kih9yy1Hvp/default.jpg,False,False,False,Auto-generated sample description for Entertainment video.
ZS84CZzVSfO,24.27.04,Behind the Scenes: Pets & Animals,Channel_4763,2,2024-04-23T17:00:00.000Z,2024|trending|music,4918,107,37,71,https://i.ytimg.com/vi/c8o6yS8jLl4/default.jpg,False,False,False,Auto-generated sample description for Pets & Animals video.
W-Lo4RFRyqu,24.27.02,Official Entertainment Highlights,Channel_603,14,2024-02-25T09:00:00.000Z,official|2024|vlog,17212,261,101,31,https://i.ytimg.com/vi/Ud7mbIx0eZU/default.jpg,False,False,False,Auto-generated sample description for Entertainment video.
h_3TYcmLzDO,24.24.04,Why This Music Video Went Viral,Channel_4375,3,2024-04-21T17:00:00.000Z,live|2024|trending,194752,3179,1171,500,https://i.ytimg.com/vi/gnfl6DVUWxt/default.jpg,False,False,False,Auto-generated sample description for Music video.
BuXvIZQst4-,24.19.12,Why This Entertainment Video Went Viral,Channel_4352,14,2024-12-18T12:00:00.000Z,live|music|2024,204185,15583,815,2210,https://i.ytimg.com/vi/eXDW19Dl2Z-/default.jpg,False,False,False,Auto-generated sample description for Entertainment video.
-fdf2yS-nqB,24.21.08,Official Education Highlights,Channel_3906,10,2024-08-18T03:00:00.000Z,2024|review|music,15718,688,42,11,https://i.ytimg.com/vi/sWWIwW_W97a/default.jpg,False,False,False,Auto-generated sample description for Education video.
b2eiDWFKYjS,24.14.01,Official Entertainment Highlights,Channel_4281,14,2024-01-11T08:00:00.000Z,music|official|vlog,46828,1266,450,339,https://i.ytimg.com/vi/Fdp5o9qgWGr/default.jpg,False,False,False,Auto-generated sample description for Entertainment video.
YWnPgD6wSC9,24.13.11,Behind the Scenes: Comedy,Channel_4983,4,2024-11-10T03:00:00.000Z,music|live|vlog,104382,2650,239,469,https://i.ytimg.com/vi/_FEkrEITnPq/default.jpg,False,False,False,Auto-generated sample description for Comedy video.
cNGoVy5doAC,24.30.07,Behind the Scenes: Film & Animation,Channel_1670,9,2024-07-30T04:00:00.000Z,vlog|official|trending,232366,11714,1443,1246,https://i.ytimg.com/vi/3AWAWlKSp-y/default.jpg,False,False,False,Auto-generated sample description for Film & Animation video.
oB_kenFh8cN,24.09.12,Top 10 Entertainment Moments This Week,Channel_4966,14,2024-12-09T00:00:00.000Z,live|music|2024,7827,334,40,5,https://i.ytimg.com/vi/xTYPCxBEPI-/default.jpg,False,False,False,Auto-generated sample description for Entertainment video.
WPR-zsdcpHM,24.14.08,Top 10 Gaming Moments This Week,Channel_1271,6,2024-08-11T13:00:00.000Z,official|2024|music,62828,2637,337,982,https://i.ytimg.com/vi/meXyXjV8LBc/default.jpg,False,False,False,Auto-generated sample description for Gaming video.
36dFLPCg2z7,24.25.06,Why This Gaming Video Went Viral,Channel_2164,6,2024-06-24T21:00:00.000Z,trending|live|music,219228,14159,402,1249,https://i.ytimg.com/vi/VuLpBFluQSN/default.jpg,False,False,False,Auto-generated sample description for Gaming video.
0BF8BOBTmPw,24.16.04,Why This Music Video Went Viral,Channel_1564,3,2024-04-12T17:00:00.000Z,official|live|music,5681,449,47,77,https://i.ytimg.com/vi/-xCibwrNbXH/default.jpg,False,False,False,Auto-generated sample description for Music video.
dVdFGZOYLq1,24.17.11,Reacting to Gaming Trends,Channel_1651,6,2024-11-13T06:00:00.000Z,music|2024|vlog,5333,324,31,105,https://i.ytimg.com/vi/RwSaUf9yya3/default.jpg,False,False,False,Auto-generated sample description for Gaming video.
Awy0HcOnH_D,24.23.06,Entertainment Compilation 2024,Channel_107,14,2024-06-19T18:00:00.000Z,live|music|official,24516,1507,160,461,https://i.ytimg.com/vi/8P6e-kSyjf_/default.jpg,False,False,False,Auto-generated sample description for Entertainment video.
j0Wa02rbFYl,24.05.10,Why This Gaming Video Went Viral,Channel_1847,16,2024-10-04T22:00:00.000Z,review|music|official,18422,475,160,332,https://i.ytimg.com/vi/iIICcMgjT4s/default.jpg,False,False,False,Auto-generated sample description for Gaming video.
AM3ZJ0rTeV4,24.02.02,Reacting to Autos & Vehicles Trends,Channel_643,1,2024-02-02T01:00:00.000Z,trending|review|live,1761,137,16,16,https://i.ytimg.com/vi/JnEwtQNGHQY/default.jpg,False,False,False,Auto-generated sample description for Autos & Vehicles video.
L4jfDWScxP4,24.06.02,Official Music Highlights,Channel_2591,3,2024-02-05T07:00:00.000Z,official|review|2024,160619,9262,173,2580,https://i.ytimg.com/vi/bHu3cpa8O6n/default.jpg,False,False,False,Auto-generated sample description for Music video.
JGmfT4AB5DV,24.20.03,Music Compilation 2024,Channel_844,11,2024-03-17T09:00:00.000Z,live|review|vlog,22446,1288,134,212,https://i.ytimg.com/vi/k3cKCdAihu0/default.jpg,False,False,False,Auto-generated sample description for Music video.
-jInZpDZ5rW,24.07.01,Top 10 Music Moments This Week,Channel_322,11,2024-01-03T04:00:00.000Z,2024|review|official,194756,2642,1905,408,https://i.ytimg.com/vi/aBbWDQZaQFn/default.jpg,True,False,False,Auto-generated sample description for Music video.
vFzcE-6KhMi,24.04.09,Why This Gaming Video Went Viral,Channel_4725,16,2024-09-03T21:00:00.000Z,trending|official|vlog,27090,1498,74,253,https://i.ytimg.com/vi/tijtuc4BJTQ/default.jpg,False,False,False,Auto-generated sample description for Gaming video.
PYGnzdOUnMq,24.02.01,Reacting to Comedy Trends,Channel_2110,4,2024-01-02T19:00:00.000Z,trending|vlog|2024,13673,232,110,260,https://i.ytimg.com/vi/ZJgq_ZU5EYQ/default.jpg,False,False,False,Auto-generated sample description for Comedy video.
kHW9vAHsv8g,24.05.10,Behind the Scenes: Music,Channel_2605,3,2024-10-04T20:00:00.000Z,live|review|2024,18952,930,163,231,https://i.ytimg.com/vi/9nVSvySh0-E/default.jpg,False,False,False,Auto-generated sample description for Music video.
lE4hbTvFL1r,24.31.03,Music Compilation 2024,Channel_4661,3,2024-03-31T14:00:00.000Z,2024|official|vlog,66775,4824,513,149,https://i.ytimg.com/vi/BTIezQW1zaj/default.jpg,False,False,False,Auto-generated sample description for Music video.
808AxjqAXgH,24.29.04,People & Blogs Compilation 2024,Channel_319,8,2024-04-25T19:00:00.000Z,live|music|official,17040,501,42,239,https://i.ytimg.com/vi/55iyy9Z32T2/default.jpg,False,False,False,Auto-generated sample description for People & Blogs video.
YrJ3xTL0_Nv,25.17.01,Behind the Scenes: Comedy,Channel_1395,4,2025-01-13T13:00:00.000Z,review|2024|vlog,13451,970,70,179,https://i.ytimg.com/vi/Baokwg598On/default.jpg,False,False,False,Auto-generated sample description for Comedy video.
0hta-X33zlg,24.08.10,Behind the Scenes: Gaming,Channel_2575,6,2024-10-05T21:00:00.000Z,music|2024|live,5029,395,10,92,https://i.ytimg.com/vi/Hwg1PWtNTFr/default.jpg,False,False,False,Auto-generated sample description for Gaming video.
aY20zmJCSlr,24.08.12,Official Music Highlights,Channel_1148,11,2024-12-08T13:00:00.000Z,vlog|trending|music,13677,292,136,202,https://i.ytimg.com/vi/NyCIwBsXwyz/default.jpg,False,False,False,Auto-generated sample description for Music video.
8GXD5HtoDx5,24.28.06,Music Compilation 2024,Channel_2111,11,2024-06-24T19:00:00.000Z,official|review|live,42508,2503,374,270,https://i.ytimg.com/vi/X3Msc7R4DyY/default.jpg,False,False,False,Auto-generated sample description for Music video.
BgTta-axs62,24.06.02,Why This Gaming Video Went Viral,Channel_1107,6,2024-02-03T08:00:00.000Z,live|2024|official,9659,364,77,94,https://i.ytimg.com/vi/7o5IjJKMV7q/default.jpg,False,False,False,Auto-generated sample description for Gaming video.
aaf2uLJ2tAu,24.17.11,People & Blogs Compilation 2024,Channel_1617,8,2024-11-17T21:00:00.000Z,review|2024|music,815,37,7,8,https://i.ytimg.com/vi/ol_cmsdy2Rt/default.jpg,False,False,False,Auto-generated sample description for People & Blogs video.
zi6WXyizTNP,24.08.01,Top 10 Gaming Moments This Week,Channel_2193,6,2024-01-05T15:00:00.000Z,official|review|2024,19727,1383,97,50,https://i.ytimg.com/vi/1fO8w4x1dBM/default.jpg,False,False,False,Auto-generated sample description for Gaming video.
Gf7i3hETpn7,24.07.12,Official Film & Animation Highlights,Channel_3319,9,2024-12-03T21:00:00.000Z,official|live|music,16583,1195,127,231,https://i.ytimg.com/vi/YJFIzW2-AjQ/default.jpg,False,False,False,Auto-generated sample description for Film & Animation video.
-xL8DWty9pe,24.02.07,Behind the Scenes: Music,Channel_437,3,2024-06-29T01:00:00.000Z,official|2024|vlog,98341,2439,915,772,https://i.ytimg.com/vi/swAUuoHPWBA/default.jpg,False,False,False,Auto-generated sample description for Music video.
00V27Y6IENy,24.15.11,Official Film & Animation Highlights,Channel_4111,9,2024-11-15T09:00:00.000Z,2024|music|review,271811,20502,977,2819,https://i.ytimg.com/vi/cQTU0lOKImT/default.jpg,False,False,False,Auto-generated sample description for Film & Animation video.
64ai8TsJ-v9,24.30.09,Behind the Scenes: Music,Channel_4627,3,2024-09-26T00:00:00.000Z,music|official|trending,63663,2502,505,837,https://i.ytimg.com/vi/YDBI_KrjR2S/default.jpg,False,False,False,Auto-generated sample description for Music video.
X_dh-Uynt5W,24.16.04,Official Gaming Highlights,Channel_1005,6,2024-04-13T00:00:00.000Z,2024|official|trending,2430,102,3,12,https://i.ytimg.com/vi/DhhycI2CLob/default.jpg,False,False,False,Auto-generated sample description for Gaming video.
xxTjSbxtFQK,24.06.05,Top 10 Music Moments This Week,Channel_731,11,2024-05-02T04:00:00.000Z,live|vlog|trending,83624,3746,397,1423,https://i.ytimg.com/vi/wcLOljJC579/default.jpg,False,False,False,Auto-generated sample description for Music video.
AEAsfZlXu5q,24.13.08,Why This Music Video Went Viral,Channel_1208,11,2024-08-10T04:00:00.000Z,trending|review|vlog,8284,520,13,13,https://i.ytimg.com/vi/v_6_JbqOE1A/default.jpg,False,False,False,Auto-generated sample description for Music video.
geCG46vMKVH,24.29.06,Official Music Highlights,Channel_907,11,2024-06-25T21:00:00.000Z,vlog|official|live,15330,312,73,178,https://i.ytimg.com/vi/VqNYTNL3ZfS/default.jpg,False,False,False,Auto-generated sample description for Music video.
HLEF_yU4UES,24.05.10,Top 10 Entertainment Moments This Week,Channel_1415,14,2024-10-01T09:00:00.000Z,2024|music|live,187366,2740,1785,2884,https://i.ytimg.com/vi/JwNLx6J00nr/default.jpg,False,False,False,Auto-generated sample description for Entertainment video.
s0aL9gCM6t2,24.01.10,Entertainment Compilation 2024,Channel_1445,14,2024-10-01T05:00:00.000Z,trending|review|official,5650,418,53,67,https://i.ytimg.com/vi/Z17qlnkrGN6/default.jpg,False,False,False,
uwveu8DlxxF,24.07.01,Why This Comedy Video Went Viral,Channel_4686,7,2024-01-04T20:00:00.000Z,trending|music|live,21218,1441,78,311,https://i.ytimg.com/vi/lWNDM7SiigZ/default.jpg,True,False,False,Auto-generated sample description for Comedy video.
GuuEWl7tU83,24.06.06,Reacting to Entertainment Trends,Channel_1627,14,2024-06-05T21:00:00.000Z,official|2024|review,673612,32287,5707,1686,https://i.ytimg.com/vi/XwLsZrsKH2p/default.jpg,False,False,False,Auto-generated sample description for Entertainment video.
n4RAoxpxRum,24.23.01,Top 10 Music Moments This Week,Channel_1407,11,2024-01-23T09:00:00.000Z,music|live|review,68850,2304,556,1270,https://i.ytimg.com/vi/QpVWPXpRNTO/default.jpg,False,False,False,Auto-generated sample description for Music video.
Ruw6PMWHMnU,24.29.07,Reacting to Education Trends,Channel_283,10,2024-07-25T14:00:00.000Z,trending|review|official,14074,1050,100,161,https://i.ytimg.com/vi/Z3Ghzh9lLVb/default.jpg,False,False,False,Auto-generated sample description for Education video.
7xHO8sxZMBo,24.09.11,Behind the Scenes: Gaming,Channel_644,6,2024-11-09T22:00:00.000Z,review|official|trending,2317,178,4,4,https://i.ytimg.com/vi/y5O9HE4jF0Q/default.jpg,False,False,False,Auto-generated sample description for Gaming video.
1-XgdHb4Yb8,24.12.02,Top 10 Pets & Animals Moments This Week,Channel_4138,2,2024-02-08T17:00:00.000Z,vlog|2024|live,77998,2243,158,412,https://i.ytimg.com/vi/vrC929HU3DP/default.jpg,False,False,False,Auto-generated sample description for Pets & Animals video.
GprMEKd3URK,24.16.05,Behind the Scenes: Music,Channel_27,11,2024-05-16T16:00:00.000Z,live|official|trending,9098,569,56,77,https://i.ytimg.com/vi/agcD827Y_LW/default.jpg,False,False,False,Auto-generated sample description for Music video.
SpdTdKAyxvx,24.03.06,Top 10 Entertainment Moments This Week,Channel_1826,14,2024-06-03T18:00:00.000Z,2024|vlog|official,11336,682,83,42,https://i.ytimg.com/vi/3psRHo6MXwp/default.jpg,False,False,False,Auto-generated sample description for Entertainment video.
msTaAxaAcoM,24.21.02,Top 10 People & Blogs Moments This Week,Channel_1371,8,2024-02-17T11:00:00.000Z,official|review|trending,2054,92,14,26,https://i.ytimg.com/vi/8hSEXM08B0m/default.jpg,False,False,False,Auto-generated sample description for People & Blogs video.
n2tMMonwxqK,24.13.06,Why This Entertainment Video Went Viral,Channel_3436,14,2024-06-13T03:00:00.000Z,review|trending|vlog,500550,14923,1392,6490,https://i.ytimg.com/vi/ck6wdRoOHWa/default.jpg,False,False,False,Auto-generated sample description for Entertainment video.
p8W1b_xAR29,24.19.03,Behind the Scenes: Music,Channel_2604,11,2024-03-17T11:00:00.000Z,trending|official|review,38536,2662,339,401,https://i.ytimg.com/vi/QuD7heI5PNL/default.jpg,False,False,False,Auto-generated sample description for Music video.
ivBYtXghyz_,24.03.07,Entertainment Compilation 2024,Channel_4906,14,2024-07-03T17:00:00.000Z,live|2024|official,25449,2018,62,375,https://i.ytimg.com/vi/0rw3dfae-Bi/default.jpg,False,False,False,Auto-generated sample description for Entertainment video.
uW7iuFzRcf2,24.07.08,Official Music Highlights,Channel_4107,3,2024-08-07T12:00:00.000Z,official|2024|music,17489,585,82,321,https://i.ytimg.com/vi/4PNpMm0No5U/default.jpg,False,False,False,Auto-generated sample description for Music video.
Qg8kjeMU839,24.24.11,Travel & Events Compilation 2024,Channel_2920,13,2024-11-23T22:00:00.000Z,official|vlog|review,121662,6981,417,2302,https://i.ytimg.com/vi/uoINBov9G45/default.jpg,True,False,False,Auto-generated sample description for Travel & Events video.
Hvt_yUE0mNt,24.04.05,Official Comedy Highlights,Channel_1239,4,2024-05-04T14:00:00.000Z,music|official|live,11138,599,49,54,https://i.ytimg.com/vi/s_OVJ9ZOgBz/default.jpg,False,False,False,Auto-generated sample description for Comedy video.
W0LbXu0kGID,24.30.06,Entertainment Compilation 2024,Channel_4354,14,2024-06-29T12:00:00.000Z,2024|vlog|review,337492,20088,549,600,https://i.ytimg.com/vi/R0NjbBfSMTh/default.jpg,False,False,False,Auto-generated sample description for Entertainment video.
596ZQmQr7cV,24.14.06,Nonprofits & Activism Compilation 2024,Channel_2551,5,2024-06-11T02:00:00.000Z,review|trending|2024,25663,1591,217,492,https://i.ytimg.com/vi/xXODt_ubxIP/default.jpg,False,False,False,Auto-generated sample description for Nonprofits & Activism video.
ZMKOSH8Ec2b,24.17.01,Why This Comedy Video Went Viral,Channel_1629,4,2024-01-14T19:00:00.000Z,review|trending|vlog,1563,46,4,5,https://i.ytimg.com/vi/jzNbjZjjEDO/default.jpg,False,False,False,Auto-generated sample description for Comedy video.
CjwKAf2GN6e,24.25.02,Gaming Compilation 2024,Channel_2838,6,2024-02-22T07:00:00.000Z,official|live|vlog,7480,169,11,28,https://i.ytimg.com/vi/EvYv8qNTOPf/default.jpg,False,False,False,Auto-generated sample description for Gaming video.
VgQMeP9O_lS,24.05.07,People & Blogs Compilation 2024,Channel_212,8,2024-07-05T16:00:00.000Z,live|official|2024,10603,196,14,85,https://i.ytimg.com/vi/YGw0KrrnVTF/default.jpg,False,False,False,Auto-generated sample description for People & Blogs video.
jG4DiGQDiN7,24.01.12,Why This Music Video Went Viral,Channel_4223,3,2024-11-29T20:00:00.000Z,vlog|2024|review,6380,317,47,97,https://i.ytimg.com/vi/eXZT04ih4iF/default.jpg,False,False,False,Auto-generated sample description for Music video.
01VJxn2A_L7,24.31.03,Reacting to Entertainment Trends,Channel_4121,14,2024-03-29T10:00:00.000Z,official|live|trending,123835,6001,158,1644,https://i.ytimg.com/vi/1LoXzvHqYfG/default.jpg,False,False,False,Auto-generated sample description for Entertainment video.
aRNDLaqY6k7,24.11.10,Top 10 Pets & Animals Moments This Week,Channel_1737,2,2024-10-10T11:00:00.000Z,review|vlog|live,12055,138,35,33,https://i.ytimg.com/vi/daFx3-GqEpS/default.jpg,False,False,False,Auto-generated sample description for Pets & Animals video.
4eL2AfFAZb4,24.08.07,Music Compilation 2024,Channel_81,3,2024-07-08T18:00:00.000Z,trending|music|official,60921,4031,444,175,https://i.ytimg.com/vi/GD8_3R0cIlu/default.jpg,False,False,False,Auto-generated sample description for Music video.
PnAnDtihbxl,25.23.01,Behind the Scenes: Music,Channel_822,3,2025-01-22T20:00:00.000Z,vlog|trending|live,34064,1862,167,376,https://i.ytimg.com/vi/1I2SGoqax4e/default.jpg,False,False,False,Auto-generated sample description for Music video.
EM0bc4M7xu5,25.29.01,Official Entertainment Highlights,Channel_4559,14,2025-01-28T19:00:00.000Z,vlog|trending|official,85532,1085,300,457,https://i.ytimg.com/vi/1wXooLCkuZi/default.jpg,False,False,False,Auto-generated sample description for Entertainment video.
BpFcdtZAEfW,24.10.01,Behind the Scenes: Comedy,Channel_4232,4,2024-01-07T16:00:00.000Z,review|official|vlog,2229,125,11,43,https://i.ytimg.com/vi/bX6t8bwUcFw/default.jpg,False,False,False,Auto-generated sample description for Comedy video.
JmWEx735Suq,24.24.11,Official Music Highlights,Channel_110,3,2024-11-23T10:00:00.000Z,official|music|live,628218,43442,5217,2895,https://i.ytimg.com/vi/pzzUsGCkUdt/default.jpg,False,False,False,Auto-generated sample description for Music video.
KK1gFSt4IZV,24.05.10,Music Compilation 2024,Channel_4587,3,2024-10-05T06:00:00.000Z,live|2024|trending,249648,11647,1530,4740,https://i.ytimg.com/vi/LIooV_NSMrB/default.jpg,False,False,False,Auto-generated sample description for Music video.
84TEvpziQmc,24.07.07,Official Music Highlights,Channel_1833,3,2024-07-06T15:00:00.000Z,2024|trending|live,13016,473,72,137,https://i.ytimg.com/vi/qnoQNCQYm8O/default.jpg,False,False,False,Auto-generated sample description for Music video.
szVb1GzVHH7,24.28.02,Film & Animation Compilation 2024,Channel_1785,9,2024-02-27T02:00:00.000Z,vlog|review|2024,11858,208,84,222,https://i.ytimg.com/vi/CNaDdg4zn3P/default.jpg,False,False,False,Auto-generated sample description for Film & Animation video.
LWaaZuZ8bXf,24.27.07,Why This Music Video Went Viral,Channel_2882,11,2024-07-24T21:00:00.000Z,2024|vlog|review,46054,3102,340,399,https://i.ytimg.com/vi/uMkkevoXNxE/default.jpg,False,False,False,Auto-generated sample description for Music video.
I9G5J0VQXiz,24.24.06,Top 10 Music Moments This Week,Channel_953,3,2024-06-24T10:00:00.000Z,music|2024|live,2780979,128355,24443,11666,https://i.ytimg.com/vi/0or9HIMOExK/default.jpg,False,False,False,Auto-generated sample description for Music video.
Xakje3QfuZn,24.30.01,Top 10 Music Moments This Week,Channel_363,3,2024-01-30T05:00:00.000Z,review|2024|music,8992,403,22,92,https://i.ytimg.com/vi/hXgTOnsryXr/default.jpg,False,False,False,Auto-generated sample description for Music video.
puigasbC3e5,24.22.10,Reacting to Entertainment Trends,Channel_2247,14,2024-10-19T06:00:00.000Z,trending|review|2024,411414,17947,3303,2394,https://i.ytimg.com/vi/5ftOniMySL-/default.jpg,False,False,False,Auto-generated sample description for Entertainment video.
gjLrtnY-Vt8,24.27.12,Why This Music Video Went Viral,Channel_4264,3,2024-12-23T04:00:00.000Z,review|vlog|2024,18861,254,147,305,https://i.ytimg.com/vi/z304LFMnKDY/default.jpg,False,False,False,Auto-generated sample description for Music video.
FSpN-rwAWr3,24.15.04,Behind the Scenes: Music,Channel_894,3,2024-04-13T03:00:00.000Z,trending|review|vlog,5920,303,12,87,https://i.ytimg.com/vi/tf870gAlyiP/default.jpg,True,False,False,Auto-generated sample description for Music video.
e5a0EuZ0CXn,24.03.10,Reacting to Music Trends,Channel_2058,3,2024-10-02T06:00:00.000Z,trending|vlog|music,11764,134,63,182,https://i.ytimg.com/vi/fA1BglutZPz/default.jpg,False,False,False,Auto-generated sample description for Music video.
y-BxqZij_uj,24.01.06,Top 10 Music Moments This Week,Channel_2169,3,2024-05-28T04:00:00.000Z,2024|music|live,54141,3470,477,383,https://i.ytimg.com/vi/BKOu3yoxmOv/default.jpg,False,False,False,Auto-generated sample description for Music video.
ofCMZ6TRHvv,24.02.11,Official Music Highlights,Channel_4391,11,2024-11-02T19:00:00.000Z,trending|vlog|official,33396,1516,207,488,https://i.ytimg.com/vi/Y2nk2MnwDJj/default.jpg,False,False,False,Auto-generated sample description for Music video.
Be0GECCX8pf,24.23.02,Behind the Scenes: Music,Channel_4463,11,2024-02-21T00:00:00.000Z,review|live|2024,40649,1379,110,262,https://i.ytimg.com/vi/A8HQ259ogMw/default.jpg,False,False,False,Auto-generated sample description for Music video.
keURFy2dat2,24.15.12,Reacting to People & Blogs Trends,Channel_4981,8,2024-12-13T21:00:00.000Z,vlog|official|2024,92331,1317,636,240,https://i.ytimg.com/vi/1Uu8abvtzzz/default.jpg,False,False,False,Auto-generated sample description for People & Blogs video.
VoWcwSoi5uC,24.20.06,Top 10 Gaming Moments This Week,Channel_3628,16,2024-06-20T02:00:00.000Z,music|2024|official,43674,2489,406,32,https://i.ytimg.com/vi/TGSXArZ0EhX/default.jpg,False,False,False,Auto-generated sample description for Gaming video.
XpGYQmQHtv6,24.27.03,Why This Entertainment Video Went Viral,Channel_2735,14,2024-03-26T10:00:00.000Z,review|official|2024,224351,12915,164,653,https://i.ytimg.com/vi/Fz--2iHaYj5/default.jpg,False,False,False,Auto-generated sample description for Entertainment video.
4dPRAH6Y0l2,24.28.04,Reacting to Entertainment Trends,Channel_3419,14,2024-04-25T09:00:00.000Z,vlog|review|live,136935,4628,1206,1523,https://i.ytimg.com/vi/VpKccvYT-8U/default.jpg,False,False,False,Auto-generated sample description for Entertainment video.
nGdjKXoZ2ck,24.11.10,Top 10 Music Moments This Week,Channel_2422,3,2024-10-07T22:00:00.000Z,live|vlog|2024,52318,2112,64,479,https://i.ytimg.com/vi/2_F9URzEZ0v/default.jpg,False,False,False,Auto-generated sample description for Music video.
4Tuo_PHmExw,24.31.08,Comedy Compilation 2024,Channel_2012,7,2024-08-29T06:00:00.000Z,official|review|2024,12672,127,106,68,https://i.ytimg.com/vi/oiDIfEZacTI/default.jpg,False,False,False,Auto-generated sample description for Comedy video.
3jhI_rre5Rc,24.22.08,Reacting to Music Trends,Channel_2263,3,2024-08-21T02:00:00.000Z,review|live|trending,232244,16291,2141,4592,https://i.ytimg.com/vi/ZZXnA7ESxFq/default.jpg,False,False,False,Auto-generated sample description for Music video.
oB-xsPNJQEo,24.09.05,Official Music Highlights,Channel_4140,11,2024-05-06T21:00:00.000Z,official|trending|live,65041,3967,117,552,https://i.ytimg.com/vi/0eKkK4LAraK/default.jpg,False,False,False,Auto-generated sample description for Music video.
YVivwv-hWrO,24.03.09,Official Comedy Highlights,Channel_3851,4,2024-09-02T02:00:00.000Z,review|live|trending,46435,1323,444,607,https://i.ytimg.com/vi/Q2xsX2RodCA/default.jpg,False,False,False,Auto-generated sample description for Comedy video.
D-o0i3scbxZ,24.22.01,Behind the Scenes: Comedy,Channel_3907,4,2024-01-20T08:00:00.000Z,music|vlog|2024,3839,96,3,76,https://i.ytimg.com/vi/sloWTOWyP73/default.jpg,False,False,False,Auto-generated sample description for Comedy video.
AcAOlGfZhUD,24.26.04,Official Music Highlights,Channel_4113,3,2024-04-24T22:00:00.000Z,live|trending|official,189501,2926,779,2117,https://i.ytimg.com/vi/COQxb1vRAAO/default.jpg,False,False,False,Auto-generated sample description for Music video.
xWLL3JtHd5g,24.10.04,Behind the Scenes: Music,Channel_2389,11,2024-04-08T16:00:00.000Z,live|trending|2024,50866,1854,508,797,https://i.ytimg.com/vi/hiaHrwHXO8y/default.jpg,False,False,False,Auto-generated sample description for Music video.
YGEKsPyowXA,24.05.02,Reacting to Music Trends,Channel_3947,11,2024-02-04T04:00:00.000Z,review|music|trending,994325,17493,4692,17536,https://i.ytimg.com/vi/Cvy8atXn9N-/default.jpg,False,False,False,Auto-generated sample description for Music video.
96LjRKin5mz,24.09.12,Reacting to Music Trends,Channel_2935,11,2024-12-08T16:00:00.000Z,trending|2024|official,296346,22501,601,1739,https://i.ytimg.com/vi/I8hf_Mvar20/default.jpg,False,False,False,Auto-generated sample description for Music video.
nI8nL4DvNrt,25.29.01,Official Music Highlights,Channel_4015,3,2025-01-25T12:00:00.000Z,official|vlog|music,16935,522,53,166,https://i.ytimg.com/vi/JQ6_wPFd4vj/default.jpg,False,False,True,Auto-generated sample description for Music video.
cWqwuQKv4r0,24.09.09,Why This Entertainment Video Went Viral,Channel_2960,14,2024-09-05T00:00:00.000Z,official|review|live,142294,5940,297,1555,https://i.ytimg.com/vi/JQqxr-SIlSb/default.jpg,False,False,False,Auto-generated sample description for Entertainment video.
1AHC-3rX-yv,24.23.02,Top 10 Entertainment Moments This Week,Channel_87,14,2024-02-19T04:00:00.000Z,trending|2024|review,47417,3102,148,80,https://i.ytimg.com/vi/fhDmgJOsc-3/default.jpg,False,False,False,Auto-generated sample description for Entertainment video.
qVSXxtJh6_J,24.31.05,Why This Nonprofits & Activism Video Went Viral,Channel_2099,5,2024-05-28T02:00:00.000Z,official|vlog|music,81453,3424,362,1521,https://i.ytimg.com/vi/FjNTg26gits/default.jpg,False,False,False,Auto-generated sample description for Nonprofits & Activism video.
5oHnJnGoGZ7,24.05.03,Reacting to Music Trends,Channel_4491,11,2024-03-04T18:00:00.000Z,trending|official|vlog,167986,4691,1140,467,https://i.ytimg.com/vi/JjkabxH2GGq/default.jpg,False,False,False,Auto-generated sample description for Music video.
T6FfDT8RlKy,24.19.08,Behind the Scenes: Gaming,Channel_2963,16,2024-08-18T01:00:00.000Z,music|review|2024,3199,244,29,43,https://i.ytimg.com/vi/a53_SCiivhX/default.jpg,False,True,False,Auto-generated sample description for Gaming video.
1kZ4niXGrvF,24.28.04,Official Comedy Highlights,Channel_3209,7,2024-04-26T07:00:00.000Z,2024|review|official,86981,1442,614,1705,https://i.ytimg.com/vi/1p9Dbiry-dh/default.jpg,False,False,False,Auto-generated sample description for Comedy video.
DPwWO0Nm26Z,24.02.10,Reacting to Film & Animation Trends,Channel_1372,9,2024-10-02T11:00:00.000Z,review|official|trending,18445,1129,110,358,https://i.ytimg.com/vi/8cOwV0P_vmN/default.jpg,False,False,False,Auto-generated sample description for Film & Animation video.
6lfFPSs4Kt3,24.18.06,Behind the Scenes: Music,Channel_4638,3,2024-06-15T16:00:00.000Z,live|music|official,24812,1139,23,141,https://i.ytimg.com/vi/gBSQAlvcaMN/default.jpg,False,False,False,Auto-generated sample description for Music video.
o7QrF1cBwlu,24.07.12,Behind the Scenes: Entertainment,Channel_2139,14,2024-12-03T15:00:00.000Z,live|2024|vlog,52024,562,307,859,https://i.ytimg.com/vi/BWEacLCRQyN/default.jpg,False,False,False,Auto-generated sample description for Entertainment video.
nS7ZhddwO9v,24.29.08,Why This Music Video Went Viral,Channel_1636,11,2024-08-27T04:00:00.000Z,review|official|trending,43742,1432,327,211,https://i.ytimg.com/vi/ZF0BwtT7k8i/default.jpg,False,False,False,Auto-generated sample description for Music video.
je7WvGvcHq6,24.28.11,Top 10 Entertainment Moments This Week,Channel_2109,14,2024-11-28T20:00:00.000Z,trending|official|review,9777,772,18,90,https://i.ytimg.com/vi/T56hrmjgI-6/default.jpg,False,False,False,Auto-generated sample description for Entertainment video.
WT0DurBXFIu,24.07.11,Reacting to Comedy Trends,Channel_3756,4,2024-11-07T01:00:00.000Z,vlog|2024|review,11848,135,106,92,https://i.ytimg.com/vi/jmoXTXybMSd/default.jpg,False,False,False,Auto-generated sample description for Comedy video.
epv9pFytmXa,24.09.06,Top 10 Music Moments This Week,Channel_1019,3,2024-06-05T16:00:00.000Z,vlog|music|trending,6640,451,5,88,https://i.ytimg.com/vi/S8dYV7L6O_L/default.jpg,False,False,False,Auto-generated sample description for Music video.
cB-mYJ2tGOX,24.18.08,Reacting to Entertainment Trends,Channel_902,14,2024-08-14T05:00:00.000Z,official|review|vlog,915066,36028,3238,4610,https://i.ytimg.com/vi/TfIzl2F5rbQ/default.jpg,False,False,False,Auto-generated sample description for Entertainment video.
nqP1UR1lRLx,24.17.03,Music Compilation 2024,Channel_4455,3,2024-03-17T15:00:00.000Z,live|vlog|official,2850,78,3,48,https://i.ytimg.com/vi/NhO6aLK0MPz/default.jpg,False,False,False,Auto-generated sample description for Music video.
HzHxVSeCV96,24.18.01,Gaming Compilation 2024,Channel_947,16,2024-01-16T08:00:00.000Z,review|trending|live,2060,107,18,28,https://i.ytimg.com/vi/rzdIIg3we_T/default.jpg,False,False,False,Auto-generated sample description for Gaming video.
vc7faZWyxDP,24.17.04,Behind the Scenes: Education,Channel_3359,10,2024-04-17T15:00:00.000Z,music|2024|official,12446,519,92,6,https://i.ytimg.com/vi/wzYlVACu_26/default.jpg,False,False,False,Auto-generated sample description for Education video.
UE8po4QPPLy,24.26.05,Music Compilation 2024,Channel_2969,3,2024-05-23T19:00:00.000Z,trending|review|vlog,2508,90,7,9,https://i.ytimg.com/vi/KK5YxUB4jDd/default.jpg,False,False,False,Auto-generated sample description for Music video.
7sEzxae9uPQ,24.01.12,Reacting to Gaming Trends,Channel_4187,16,2024-12-01T22:00:00.000Z,official|live|music,3410,133,7,46,https://i.ytimg.com/vi/hF9ERkROgEV/default.jpg,False,False,False,Auto-generated sample description for Gaming video.
ji8rfpVBw3Z,24.09.02,Why This Music Video Went Viral,Channel_2177,3,2024-02-05T04:00:00.000Z,2024|music|trending,132906,9517,828,1207,https://i.ytimg.com/vi/F7VjaWDwAIE/default.jpg,False,False,False,Auto-generated sample description for Music video.
mCiAW_J46la,25.23.01,Top 10 Comedy Moments This Week,Channel_595,4,2025-01-22T07:00:00.000Z,2024|official|live,3877,195,11,39,https://i.ytimg.com/vi/eU79Xg0FFpm/default.jpg,False,False,False,Auto-generated sample description for Comedy video.
lSz0JUp-Sia,24.23.01,Why This Entertainment Video Went Viral,Channel_1866,14,2024-01-20T06:00:00.000Z,official|vlog|2024,299202,19752,1305,512,https://i.ytimg.com/vi/4CfAo5YQaRM/default.jpg,False,True,False,Auto-generated sample description for Entertainment video.
y9tyb_Y5b-W,24.31.07,Music Compilation 2024,Channel_2841,11,2024-07-28T13:00:00.000Z,official|trending|vlog,52882,1366,221,733,https://i.ytimg.com/vi/G3ua64YCWhh/default.jpg,False,False,False,Auto-generated sample description for Music video.
jMs2VCfCp0A,24.31.01,Why This Entertainment Video Went Viral,Channel_366,14,2024-01-30T00:00:00.000Z,2024|official|trending,151715,2705,1286,1019,https://i.ytimg.com/vi/Bf76UXr4Hml/default.jpg,False,False,False,Auto-generated sample description for Entertainment video.
PFVK9EXQUaz,24.08.01,Official Entertainment Highlights,Channel_2234,14,2024-01-07T08:00:00.000Z,live|trending|review,5213,132,23,13,https://i.ytimg.com/vi/nO57YoIilOt/default.jpg,False,False,False,Auto-generated sample description for Entertainment video.
yulsNiP8Pd7,24.30.12,Why This Nonprofits & Activism Video Went Viral,Channel_4441,17,2024-12-28T14:00:00.000Z,live|music|review,27635,1640,149,44,https://i.ytimg.com/vi/Xkw2lIEjQG8/default.jpg,False,False,False,Auto-generated sample description for Nonprofits & Activism video.
fPaLpNA6MiU,24.14.01,Top 10 Music Moments This Week,Channel_4299,11,2024-01-12T21:00:00.000Z,vlog|trending|music,222261,4056,1591,1159,https://i.ytimg.com/vi/1dbPEj3o-SN/default.jpg,False,False,False,Auto-generated sample description for Music video.
tJXZjk7WB0_,24.02.09,Official Comedy Highlights,Channel_4915,7,2024-09-02T12:00:00.000Z,2024|music|review,69404,4150,606,227,https://i.ytimg.com/vi/HM2-luItc10/default.jpg,False,False,False,Auto-generated sample description for Comedy video.
mRAgJJLiu6v,24.30.11,Why This Comedy Video Went Viral,Channel_47,4,2024-11-26T13:00:00.000Z,live|2024|music,17093,637,141,336,https://i.ytimg.com/vi/qdPLJ00B2jI/default.jpg,False,False,False,Auto-generated sample description for Comedy video.
WPgZ0rOtzka,25.02.01,Top 10 Music Moments This Week,Channel_4906,3,2024-12-29T16:00:00.000Z,trending|review|live,1006662,21106,9801,18850,https://i.ytimg.com/vi/pX_PHyelMDC/default.jpg,False,False,False,Auto-generated sample description for Music video.
DrknjCndgsb,24.20.09,Behind the Scenes: Entertainment,Channel_2619,14,2024-09-18T04:00:00.000Z,trending|live|2024,630928,9981,6254,7500,https://i.ytimg.com/vi/K5pbZcAh5Gs/default.jpg,False,False,False,Auto-generated sample description for Entertainment video.
t5QPlVSiRjv,24.15.04,Top 10 Gaming Moments This Week,Channel_1837,16,2024-04-11T13:00:00.000Z,2024|review|music,236777,7236,882,2566,https://i.ytimg.com/vi/Pm5p38k633K/default.jpg,False,False,False,Auto-generated sample description for Gaming video.
FGUHfL3Op5H,24.13.09,Why This Music Video Went Viral,Channel_1848,11,2024-09-11T06:00:00.000Z,review|trending|official,579688,40259,4837,6173,https://i.ytimg.com/vi/-0qemOnWahc/default.jpg,False,False,False,Auto-generated sample description for Music video.
IVb1afrluoT,24.13.12,Top 10 Music Moments This Week,Channel_4970,11,2024-12-11T02:00:00.000Z,live|official|music,20738,557,178,310,https://i.ytimg.com/vi/tgNLaLhuN0j/default.jpg,False,False,False,Auto-generated sample description for Music video.
Jk8-C_X7xvN,24.15.06,Official People & Blogs Highlights,Channel_1415,8,2024-06-11T19:00:00.000Z,trending|live|vlog,4412,94,41,31,https://i.ytimg.com/vi/TVmMRyK_jU9/default.jpg,False,False,False,Auto-generated sample description for People & Blogs video.
nNeua-WVJii,24.20.10,Behind the Scenes: Music,Channel_2392,11,2024-10-19T00:00:00.000Z,review|2024|official,149425,5390,258,2856,https://i.ytimg.com/vi/vksAJNcxtV_/default.jpg,False,False,False,Auto-generated sample description for Music video.
rNGWb8tXu7Z,24.08.02,Music Compilation 2024,Channel_2435,3,2024-02-05T09:00:00.000Z,music|review|live,929016,52941,789,3621,https://i.ytimg.com/vi/Q07aBRh0SbW/default.jpg,False,False,False,Auto-generated sample description for Music video.
D8fCGLUYH4F,24.31.03,Behind the Scenes: Music,Channel_348,3,2024-03-27T02:00:00.000Z,live|review|2024,10129,217,18,34,https://i.ytimg.com/vi/xS7HDAWl5jG/default.jpg,False,False,False,Auto-generated sample description for Music video.
oz_4xgKB1V6,24.28.04,Official Music Highlights,Channel_1649,3,2024-04-24T08:00:00.000Z,review|vlog|trending,47335,3776,287,545,https://i.ytimg.com/vi/mJKIq76fjtQ/default.jpg,False,False,False,Auto-generated sample description for Music video.
6SZdzpUbtOD,25.10.01,Why This Music Video Went Viral,Channel_1566,3,2025-01-09T02:00:00.000Z,review|music|vlog,15838,891,47,301,https://i.ytimg.com/vi/0jPeQflq1Ma/default.jpg,False,False,False,Auto-generated sample description for Music video.
2Y-13KPHu9U,24.22.07,Music Compilation 2024,Channel_4686,3,2024-07-19T08:00:00.000Z,2024|review|official,60442,2483,489,595,https://i.ytimg.com/vi/Pt3q8imWg6-/default.jpg,False,False,False,Auto-generated sample description for Music video.
KoDUDK844AF,24.15.09,Official Music Highlights,Channel_547,11,2024-09-14T03:00:00.000Z,trending|2024|music,30279,1222,122,419,https://i.ytimg.com/vi/VOWJwoPcFO5/default.jpg,False,False,False,Auto-generated sample description for Music video.
QPY0dbqj_vl,24.29.02,Top 10 Entertainment Moments This Week,Channel_697,14,2024-02-25T14:00:00.000Z,2024|trending|vlog,900661,47864,8051,7563,https://i.ytimg.com/vi/tk4ddWzvrHy/default.jpg,False,False,False,Auto-generated sample description for Entertainment video.
gR6y79mmLnQ,24.19.02,Why This Music Video Went Viral,Channel_3200,3,2024-02-16T15:00:00.000Z,vlog|live|review,252664,15621,1617,3851,https://i.ytimg.com/vi/oIZ1ehaIG-k/default.jpg,False,False,False,Auto-generated sample description for Music video.
KuWHsr2p1Ft,24.21.04,Behind the Scenes: Music,Channel_4865,3,2024-04-17T21:00:00.000Z,review|2024|vlog,720807,16458,6578,11796,https://i.ytimg.com/vi/xiVwD8qY-ny/default.jpg,False,False,False,Auto-generated sample description for Music video.
hGVtTqPzjyd,24.10.01,Official Gaming Highlights,Channel_4092,16,2024-01-09T10:00:00.000Z,vlog|review|trending,30545,530,122,433,https://i.ytimg.com/vi/ubm8C7lXdlo/default.jpg,False,False,False,Auto-generated sample description for Gaming video.
2-nrQ5hyVq0,24.08.06,Music Compilation 2024,Channel_959,3,2024-06-08T00:00:00.000Z,2024|official|music,347969,24506,668,1374,https://i.ytimg.com/vi/Is6l9ur-RNF/default.jpg,False,False,False,Auto-generated sample description for Music video.
0K-Jeej2CCA,24.20.11,Official Entertainment Highlights,Channel_540,14,2024-11-19T22:00:00.000Z,music|official|review,152876,10536,1292,906,https://i.ytimg.com/vi/Re4pekXzYXB/default.jpg,False,False,False,Auto-generated sample description for Entertainment video.
7UVGV5Y1Aii,24.12.12,Reacting to Entertainment Trends,Channel_381,14,2024-12-12T11:00:00.000Z,vlog|trending|music,21909,678,124,304,https://i.ytimg.com/vi/hKojfiU-RI6/default.jpg,False,False,False,Auto-generated sample description for Entertainment video.
a6w_2zN8tX8,24.24.02,Top 10 Entertainment Moments This Week,Channel_4049,14,2024-02-22T08:00:00.000Z,review|vlog|official,213427,15654,821,395,https://i.ytimg.com/vi/r33Yl9sDy3H/default.jpg,False,False,False,Auto-generated sample description for Entertainment video.
pLL2A-2KkAB,24.12.02,Why This Music Video Went Viral,Channel_2443,3,2024-02-12T03:00:00.000Z,2024|vlog|official,49280,783,252,686,https://i.ytimg.com/vi/b2Wn0kGzeGg/default.jpg,False,False,False,Auto-generated sample description for Music video.
HwulNdtQUkh,24.12.05,Entertainment Compilation 2024,Channel_3770,14,2024-05-11T14:00:00.000Z,vlog|music|2024,313252,13363,2831,6045,https://i.ytimg.com/vi/e_VBW-QPcpG/default.jpg,False,False,False,Auto-generated sample description for Entertainment video.
4N85UsvSY50,24.21.01,Official Music Highlights,Channel_170,11,2024-01-20T21:00:00.000Z,vlog|trending|music,286708,11607,2221,599,https://i.ytimg.com/vi/mGrWfwdAiHf/default.jpg,False,False,False,Auto-generated sample description for Music video.
ieC78Ff93Ip,24.05.07,Comedy Compilation 2024,Channel_4799,7,2024-07-03T03:00:00.000Z,trending|live|vlog,2748,148,26,42,https://i.ytimg.com/vi/B7r2i0y1Tt7/default.jpg,False,False,False,Auto-generated sample description for Comedy video.
yUD0pODO2Tn,24.29.01,Reacting to Music Trends,Channel_3303,11,2024-01-27T21:00:00.000Z,live|review|music,18265,712,36,82,https://i.ytimg.com/vi/AaSOuitDaZX/default.jpg,False,False,False,Auto-generated sample description for Music video.
a9p0qdmRrVJ,24.26.12,Behind the Scenes: Entertainment,Channel_3146,14,2024-12-26T19:00:00.000Z,review|trending|2024,1569,108,15,3,https://i.ytimg.com/vi/HKcH2QdrQ6b/default.jpg,False,False,False,Auto-generated sample description for Entertainment video.
v9Ien9Z9c3y,24.06.11,Reacting to Music Trends,Channel_562,11,2024-11-02T14:00:00.000Z,trending|review|official,40057,551,352,566,https://i.ytimg.com/vi/HpXgUVV9HQ2/default.jpg,False,False,False,Auto-generated sample description for Music video.
ny3-RHtaews,24.28.01,Entertainment Compilation 2024,Channel_2412,14,2024-01-27T12:00:00.000Z,live|review|vlog,29739,1157,218,233,https://i.ytimg.com/vi/TArh0NlljzX/default.jpg,False,False,False,Auto-generated sample description for Entertainment video.
jee5CSBtlLG,24.18.04,Top 10 Entertainment Moments This Week,Channel_2453,14,2024-04-18T14:00:00.000Z,trending|2024|live,497069,31681,1871,7434,https://i.ytimg.com/vi/cnk5c1NCSQd/default.jpg,False,False,False,Auto-generated sample description for Entertainment video.
EdRhXvI6dg0,24.16.04,Why This Comedy Video Went Viral,Channel_4287,4,2024-04-12T18:00:00.000Z,vlog|music|review,26988,1637,107,302,https://i.ytimg.com/vi/Yf3uWg3ro6w/default.jpg,False,False,False,Auto-generated sample description for Comedy video.
G1KchJQHAAB,24.26.08,Reacting to Travel & Events Trends,Channel_282,13,2024-08-24T15:00:00.000Z,live|official|review,28826,1039,269,433,https://i.ytimg.com/vi/S1rYKXPbOi2/default.jpg,False,False,False,Auto-generated sample description for Travel & Events video.
8cBegUg5M3k,24.10.04,Reacting to Science & Technology Trends,Channel_1445,12,2024-04-09T13:00:00.000Z,music|2024|review,31035,1655,61,72,https://i.ytimg.com/vi/z26Y-KHZHN4/default.jpg,False,False,False,Auto-generated sample description for Science & Technology video.
_rEIl3o5c9G,24.24.01,Why This Entertainment Video Went Viral,Channel_3068,14,2024-01-21T02:00:00.000Z,official|trending|vlog,35759,1648,69,395,https://i.ytimg.com/vi/QBtaxt11Qa-/default.jpg,False,False,False,Auto-generated sample description for Entertainment video.
tuO8VcYlrs4,24.24.02,Reacting to Gaming Trends,Channel_3572,6,2024-02-23T08:00:00.000Z,vlog|trending|live,4939,191,36,77,https://i.ytimg.com/vi/o3vOOxZVccL/default.jpg,False,False,False,Auto-generated sample description for Gaming video.
owgvD1CSNTC,24.12.01,Entertainment Compilation 2024,Channel_3601,14,2024-01-10T01:00:00.000Z,trending|official|2024,74033,956,145,495,https://i.ytimg.com/vi/Rala_E-jNV9/default.jpg,False,False,True,Auto-generated sample description for Entertainment video.
hfoDoanJfeL,24.11.12,Why This Music Video Went Viral,Channel_380,3,2024-12-11T09:00:00.000Z,review|music|official,87390,2813,264,1388,https://i.ytimg.com/vi/MGuU6BKaFNr/default.jpg,False,False,False,Auto-generated sample description for Music video.
Jr1puxPV-T8,25.15.01,Official Entertainment Highlights,Channel_3443,14,2025-01-12T11:00:00.000Z,review|trending|2024,18033,678,34,254,https://i.ytimg.com/vi/tiEIGO_lAf0/default.jpg,False,False,False,Auto-generated sample description for Entertainment video.
IiS3R-t4nz4,24.01.12,Music Compilation 2024,Channel_3372,3,2024-11-29T05:00:00.000Z,2024|trending|official,234804,6452,1577,1294,https://i.ytimg.com/vi/v_6OTtKD26X/default.jpg,False,False,False,Auto-generated sample description for Music video.
yUQgF_AfKnc,25.05.01,Reacting to Music Trends,Channel_3351,3,2025-01-05T09:00:00.000Z,review|live|trending,46951,518,216,895,https://i.ytimg.com/vi/h1SzxqACxNa/default.jpg,False,False,False,Auto-generated sample description for Music video.
1fcVNpHfwAy,24.25.10,Top 10 Entertainment Moments This Week,Channel_4542,14,2024-10-21T03:00:00.000Z,music|official|2024,209608,7852,1178,3412,https://i.ytimg.com/vi/gI69H7EmliC/default.jpg,False,False,False,Auto-generated sample description for Entertainment video.
j6MnnQQ2FdG,24.20.02,Reacting to Comedy Trends,Channel_490,7,2024-02-16T12:00:00.000Z,review|2024|official,17115,499,157,275,https://i.ytimg.com/vi/lCR9MMoWyj3/default.jpg,False,False,False,Auto-generated sample description for Comedy video.
p--aqZVNTwF,25.17.01,Official Music Highlights,Channel_134,11,2025-01-16T22:00:00.000Z,2024|official|review,29999,1170,253,65,https://i.ytimg.com/vi/7KcQ6OeA09o/default.jpg,False,False,False,Auto-generated sample description for Music video.
N98S9R_TcvB,24.03.04,Why This Music Video Went Viral,Channel_4450,11,2024-04-01T03:00:00.000Z,official|review|2024,101735,7653,839,772,https://i.ytimg.com/vi/go9-JtyKots/default.jpg,False,False,False,Auto-generated sample description for Music video.
k23tEBrg8ka,24.05.04,Why This Music Video Went Viral,Channel_1633,11,2024-04-02T03:00:00.000Z,music|review|vlog,28004,1231,66,228,https://i.ytimg.com/vi/-M6c2SCBSLJ/default.jpg,True,False,False,Auto-generated sample description for Music video.
AdREp8qKjw9,24.16.12,Why This Film & Animation Video Went Viral,Channel_2358,9,2024-12-15T14:00:00.000Z,vlog|2024|music,83726,4867,495,1365,https://i.ytimg.com/vi/LhefCgQMJ11/default.jpg,False,False,False,Auto-generated sample description for Film & Animation video.
Tr5_8sGsYDh,24.09.03,Entertainment Compilation 2024,Channel_3772,14,2024-03-08T18:00:00.000Z,music|2024|official,6714,510,67,90,https://i.ytimg.com/vi/bQDBmcev5ni/default.jpg,False,False,False,Auto-generated sample description for Entertainment video.
wdr1ty1ym9G,24.15.11,Why This Comedy Video Went Viral,Channel_4369,4,2024-11-11T14:00:00.000Z,live|vlog|music,8030,591,10,74,https://i.ytimg.com/vi/xjjmIi7iRfg/default.jpg,False,False,False,Auto-generated sample description for Comedy video.
Q_7OOI5M9QM,24.25.11,Why This Music Video Went Viral,Channel_4252,11,2024-11-25T07:00:00.000Z,music|live|review,4852,49,2,91,https://i.ytimg.com/vi/THx04UidKXq/default.jpg,False,False,False,Auto-generated sample description for Music video.
8WaFAFtuV_W,24.02.12,Top 10 Gaming Moments This Week,Channel_1727,6,2024-12-01T10:00:00.000Z,review|live|2024,3484,57,9,46,https://i.ytimg.com/vi/VbYnX6Dw787/default.jpg,False,False,False,Auto-generated sample description for Gaming video.
8LKt7JRD1nM,24.07.10,Top 10 Music Moments This Week,Channel_4108,3,2024-10-04T07:00:00.000Z,vlog|trending|2024,4936,68,11,98,https://i.ytimg.com/vi/VFzlTpnldag/default.jpg,False,False,False,Auto-generated sample description for Music video.
HsdIkgAmOVI,24.16.03,Why This Music Video Went Viral,Channel_4387,3,2024-03-12T01:00:00.000Z,review|official|music,19319,1197,56,157,https://i.ytimg.com/vi/xfTFqezAkab/default.jpg,False,False,False,Auto-generated sample description for Music video.
YpWe-vfjChG,24.11.08,Behind the Scenes: Comedy,Channel_600,7,2024-08-09T21:00:00.000Z,2024|review|music,35469,1850,125,442,https://i.ytimg.com/vi/1xqUpv6hnoK/default.jpg,False,False,False,Auto-generated sample description for Comedy video.
Cwdw2IfurUV,24.03.09,Reacting to Comedy Trends,Channel_3910,7,2024-09-01T16:00:00.000Z,official|trending|2024,15360,732,62,13,https://i.ytimg.com/vi/klizPvoQeHR/default.jpg,False,False,False,Auto-generated sample description for Comedy video.
2snGEr7sB0k,25.28.01,Behind the Scenes: Entertainment,Channel_3466,14,2025-01-27T02:00:00.000Z,live|2024|official,33080,626,104,597,https://i.ytimg.com/vi/hDtEqZhfujV/default.jpg,False,False,False,Auto-generated sample description for Entertainment video.
xYZ3ZMZHvF_,24.30.12,Top 10 Comedy Moments This Week,Channel_4327,7,2024-12-29T18:00:00.000Z,2024|music|live,6724,166,59,28,https://i.ytimg.com/vi/VO4AWJVIZqg/default.jpg,False,False,False,Auto-generated sample description for Comedy video.
dm2njqjDwFQ,24.15.06,Top 10 Entertainment Moments This Week,Channel_2761,14,2024-06-13T13:00:00.000Z,live|trending|official,64077,2725,457,483,https://i.ytimg.com/vi/ljsZjkQ6-MY/default.jpg,False,False,True,Auto-generated sample description for Entertainment video.
STgQ_N8ezpw,24.28.03,Music Compilation 2024,Channel_3272,3,2024-03-27T08:00:00.000Z,official|2024|trending,90706,2652,367,1651,https://i.ytimg.com/vi/v9P2FEq6Cre/default.jpg,False,False,False,Auto-generated sample description for Music video.
kbGFJnYcAhl,24.07.06,Why This Comedy Video Went Viral,Channel_1542,4,2024-06-05T11:00:00.000Z,live|2024|vlog,27429,1482,187,530,https://i.ytimg.com/vi/HDtzFrF9oKL/default.jpg,False,False,False,Auto-generated sample description for Comedy video.
YHuAZvn7K_C,25.19.01,Behind the Scenes: Gaming,Channel_4755,16,2025-01-16T06:00:00.000Z,live|music|vlog,8608,507,83,31,https://i.ytimg.com/vi/MVqCrflYUJS/default.jpg,False,False,False,Auto-generated sample description for Gaming video.
NcTl1Spc21w,24.19.02,Top 10 Gaming Moments This Week,Channel_3570,6,2024-02-18T18:00:00.000Z,trending|official|music,66987,2633,77,486,https://i.ytimg.com/vi/CpS594K8JQU/default.jpg,False,False,False,Auto-generated sample description for Gaming video.
vuzulH2N-lV,24.16.11,Comedy Compilation 2024,Channel_2580,7,2024-11-14T20:00:00.000Z,live|music|2024,61121,1475,238,31,https://i.ytimg.com/vi/7-LAEGbp1FW/default.jpg,False,False,False,Auto-generated sample description for Comedy video.
I-hoWLl6m62,25.15.01,Behind the Scenes: People & Blogs,Channel_4507,8,2025-01-11T19:00:00.000Z,review|vlog|trending,3421,73,13,4,https://i.ytimg.com/vi/FKfa99NU0XZ/default.jpg,False,False,False,Auto-generated sample description for People & Blogs video.
vYhHivEN9B3,24.09.04,Reacting to Entertainment Trends,Channel_1305,14,2024-04-08T19:00:00.000Z,official|review|music,135610,6253,468,601,https://i.ytimg.com/vi/im4aH66OINZ/default.jpg,False,False,False,Auto-generated sample description for Entertainment video.
ZPAdNBEyb5u,24.20.12,Behind the Scenes: Music,Channel_3381,11,2024-12-19T06:00:00.000Z,2024|trending|music,773551,42796,1083,3278,https://i.ytimg.com/vi/FaOMurdgBwV/default.jpg,False,False,False,Auto-generated sample description for Music video.
Gu0Rpp3G3_U,24.18.03,Behind the Scenes: Music,Channel_1767,3,2024-03-16T00:00:00.000Z,live|music|trending,222165,17165,1246,639,https://i.ytimg.com/vi/WsX40IsuQfe/default.jpg,False,False,False,Auto-generated sample description for Music video.
6awDrimtw6I,25.12.01,Reacting to Entertainment Trends,Channel_1805,14,2025-01-09T13:00:00.000Z,trending|vlog|live,131248,6241,289,455,https://i.ytimg.com/vi/BHxY3vBxjqd/default.jpg,False,False,False,Auto-generated sample description for Entertainment video.
Y4XICYXw3Ml,25.26.01,Reacting to Gaming Trends,Channel_455,6,2025-01-23T03:00:00.000Z,music|review|official,40774,1505,23,272,https://i.ytimg.com/vi/F63kf2KBfwa/default.jpg,False,False,False,Auto-generated sample description for Gaming video.
EHySHffONJZ,24.11.01,Reacting to Entertainment Trends,Channel_2343,14,2024-01-07T03:00:00.000Z,trending|music|vlog,5118,384,6,45,https://i.ytimg.com/vi/ID91HbvO40h/default.jpg,False,False,False,Auto-generated sample description for Entertainment video.
MYr3wfourxQ,25.02.01,Top 10 Entertainment Moments This Week,Channel_590,14,2025-01-01T10:00:00.000Z,2024|review|vlog,85181,5661,183,292,https://i.ytimg.com/vi/G6AGu6VMK1O/default.jpg,False,False,False,Auto-generated sample description for Entertainment video.
D-L1d1GS_8j,25.05.01,Why This Music Video Went Viral,Channel_2709,3,2025-01-05T09:00:00.000Z,official|vlog|2024,8110,532,48,47,https://i.ytimg.com/vi/1dJx6F2mKba/default.jpg,False,False,False,Auto-generated sample description for Music video.
mfNf_p54coj,24.12.10,Why This People & Blogs Video Went Viral,Channel_4899,8,2024-10-11T01:00:00.000Z,vlog|live|trending,23251,1284,210,230,https://i.ytimg.com/vi/Qa0OBiCNSWs/default.jpg,False,False,False,Auto-generated sample description for People & Blogs video.
i1op69h2-FB,24.11.04,Top 10 Entertainment Moments This Week,Channel_2891,14,2024-04-11T13:00:00.000Z,2024|trending|live,26579,498,244,298,https://i.ytimg.com/vi/t5Zyxo6L1ge/default.jpg,False,False,False,Auto-generated sample description for Entertainment video.
6IOYyuRjGJT,24.24.08,Behind the Scenes: Entertainment,Channel_3431,14,2024-08-22T02:00:00.000Z,music|official|trending,125891,4995,274,2079,https://i.ytimg.com/vi/1FFgvA_QhVd/default.jpg,False,False,False,Auto-generated sample description for Entertainment video.
9Od5UQwCwpD,24.06.02,Why This Music Video Went Viral,Channel_2753,11,2024-02-04T11:00:00.000Z,music|vlog|review,196438,5575,1291,376,https://i.ytimg.com/vi/0tBUb9XADoT/default.jpg,False,False,False,Auto-generated sample description for Music video.
BveFwJuiNCa,25.23.01,Behind the Scenes: Gaming,Channel_3832,16,2025-01-19T21:00:00.000Z,official|live|2024,10080,787,48,46,https://i.ytimg.com/vi/LtWr-1dfxT-/default.jpg,False,False,False,Auto-generated sample description for Gaming video.
dQa7doWPhT8,24.31.12,Official Music Highlights,Channel_4474,3,2024-12-28T01:00:00.000Z,review|2024|official,268831,6794,885,4509,https://i.ytimg.com/vi/9LRojGFjcWU/default.jpg,False,False,False,Auto-generated sample description for Music video.
UIWv54ZBOPU,24.16.04,Why This Entertainment Video Went Viral,Channel_4940,14,2024-04-14T05:00:00.000Z,trending|vlog|live,13167,299,24,190,https://i.ytimg.com/vi/1zs2sU3XLWs/default.jpg,False,False,False,Auto-generated sample description for Entertainment video.
ENwp9FYsFRo,24.18.11,Behind the Scenes: Entertainment,Channel_4837,14,2024-11-14T01:00:00.000Z,trending|music|2024,96553,1478,258,817,https://i.ytimg.com/vi/lsco6zLJk5J/default.jpg,False,False,False,Auto-generated sample description for Entertainment video.
wFf9-2aO3rk,24.14.01,Gaming Compilation 2024,Channel_4463,6,2024-01-12T19:00:00.000Z,review|vlog|trending,87522,3777,655,365,https://i.ytimg.com/vi/TGE9bnsdiKz/default.jpg,False,False,True,Auto-generated sample description for Gaming video.
5myedUsRDHM,24.08.10,Why This Music Video Went Viral,Channel_25,3,2024-10-07T08:00:00.000Z,review|trending|music,223573,12000,1624,4022,https://i.ytimg.com/vi/tapRpIlZ6Ul/default.jpg,False,False,False,Auto-generated sample description for Music video.
I2pd9UKxHR2,25.18.01,Entertainment Compilation 2024,Channel_4721,14,2025-01-17T15:00:00.000Z,2024|music|trending,185294,8019,901,1680,https://i.ytimg.com/vi/ftPLsMSkP_b/default.jpg,False,False,False,Auto-generated sample description for Entertainment video.
asqz2RU6Yir,24.21.08,Music Compilation 2024,Channel_251,11,2024-08-19T08:00:00.000Z,trending|review|vlog,3024822,204815,9009,43492,https://i.ytimg.com/vi/y5Y76UOD_9E/default.jpg,False,False,False,Auto-generated sample description for Music video.
p_CorPHQatM,24.04.09,Reacting to Comedy Trends,Channel_1127,4,2024-09-01T17:00:00.000Z,trending|2024|review,28558,2089,192,543,https://i.ytimg.com/vi/UV5Be4Ecx1b/default.jpg,False,False,False,Auto-generated sample description for Comedy video.
IMwnE2f9ef2,24.10.07,Reacting to Gaming Trends,Channel_2961,16,2024-07-10T16:00:00.000Z,music|official|live,14120,446,52,138,https://i.ytimg.com/vi/nY4smOPRVSe/default.jpg,False,False,False,Auto-generated sample description for Gaming video.
CssAHCkYqFs,24.07.09,Behind the Scenes: Gaming,Channel_2443,6,2024-09-05T20:00:00.000Z,official|2024|trending,1567,33,10,6,https://i.ytimg.com/vi/QD-_fWMZfJy/default.jpg,False,False,False,Auto-generated sample description for Gaming video.
CFmOA-EWAJ5,24.17.07,Reacting to Gaming Trends,Channel_3487,6,2024-07-14T11:00:00.000Z,2024|trending|official,28986,509,196,269,https://i.ytimg.com/vi/ZRimcdFKsy9/default.jpg,False,False,False,Auto-generated sample description for Gaming video.
i9H1UHOfbaK,24.08.12,Top 10 Entertainment Moments This Week,Channel_2626,14,2024-12-07T00:00:00.000Z,official|live|trending,7883,241,40,35,https://i.ytimg.com/vi/id7Ggjvt0WF/default.jpg,False,False,False,Auto-generated sample description for Entertainment video.
0MA3ev5AgJY,24.09.06,Why This Music Video Went Viral,Channel_4557,11,2024-06-05T14:00:00.000Z,2024|trending|official,3959,100,39,32,https://i.ytimg.com/vi/5myal5I1LxW/default.jpg,False,False,False,Auto-generated sample description for Music video.
8kN9LBmmUf5,24.20.06,Official Entertainment Highlights,Channel_1357,14,2024-06-17T19:00:00.000Z,music|review|vlog,8374,329,50,29,https://i.ytimg.com/vi/vnQtMCfQsjr/default.jpg,False,False,False,Auto-generated sample description for Entertainment video.
J2-bO1dRwVE,24.24.07,Behind the Scenes: Music,Channel_3704,11,2024-07-21T11:00:00.000Z,official|2024|trending,30441,2383,69,583,https://i.ytimg.com/vi/11NWpc996Aj/default.jpg,False,True,False,Auto-generated sample description for Music video.
xm615-pIJwr,24.03.04,Top 10 Comedy Moments This Week,Channel_1594,4,2024-04-02T21:00:00.000Z,official|live|review,114430,7615,936,1560,https://i.ytimg.com/vi/DCrMLj49hUm/default.jpg,False,False,False,Auto-generated sample description for Comedy video.
souPeHjCB3y,24.09.07,Behind the Scenes: Autos & Vehicles,Channel_1776,1,2024-07-06T00:00:00.000Z,review|official|2024,3386,231,28,18,https://i.ytimg.com/vi/3kRdCrawtA9/default.jpg,False,False,False,Auto-generated sample description for Autos & Vehicles video.
g_-rs64Ss7g,24.27.07,Music Compilation 2024,Channel_3086,11,2024-07-25T09:00:00.000Z,music|2024|official,756096,19978,6554,2817,https://i.ytimg.com/vi/Eyc9Qv2mupa/default.jpg,False,False,False,Auto-generated sample description for Music video.
gqC6SZUAw0o,24.23.11,Entertainment Compilation 2024,Channel_865,14,2024-11-23T15:00:00.000Z,review|live|vlog,136286,7364,922,902,https://i.ytimg.com/vi/7dE068X7nXe/default.jpg,False,False,False,Auto-generated sample description for Entertainment video.
pJ1AdUaN7bz,24.28.04,Why This Music Video Went Viral,Channel_2422,11,2024-04-28T19:00:00.000Z,live|vlog|2024,171437,2372,1035,631,https://i.ytimg.com/vi/7-c1kSJuGbQ/default.jpg,False,False,False,Auto-generated sample description for Music video.
ATEEZBKlEu1,24.12.10,Official Entertainment Highlights,Channel_4566,14,2024-10-10T08:00:00.000Z,music|live|2024,191474,6285,1045,1175,https://i.ytimg.com/vi/SHRYqFleTVi/default.jpg,False,False,False,Auto-generated sample description for Entertainment video.
0gpGIdj3Em-,24.18.09,Music Compilation 2024,Channel_2075,3,2024-09-16T15:00:00.000Z,review|live|trending,505296,26854,3990,1135,https://i.ytimg.com/vi/hrx6EwZP1Hg/default.jpg,False,False,False,Auto-generated sample description for Music video.
8-cSLVwewQF,24.18.02,Reacting to Music Trends,Channel_3761,11,2024-02-15T04:00:00.000Z,vlog|trending|music,5814,184,28,95,https://i.ytimg.com/vi/fMZPJ6ju220/default.jpg,False,False,False,Auto-generated sample description for Music video.
V32odgQ951Z,24.21.02,Behind the Scenes: Entertainment,Channel_2713,14,2024-02-17T05:00:00.000Z,music|live|trending,38753,1917,119,709,https://i.ytimg.com/vi/c0pq83nZPf0/default.jpg,False,False,False,Auto-generated sample description for Entertainment video.
EU2JqbQNg3H,24.05.07,Top 10 Science & Technology Moments This Week,Channel_4675,12,2024-07-05T13:00:00.000Z,review|2024|live,6313,411,11,106,https://i.ytimg.com/vi/67XuJWy3Wuw/default.jpg,False,False,False,Auto-generated sample description for Science & Technology video.
9toi9ybR7jE,24.01.03,Reacting to Comedy Trends,Channel_2380,4,2024-02-28T04:00:00.000Z,official|music|trending,4892,132,42,36,https://i.ytimg.com/vi/HM7bBk6P8n2/default.jpg,False,False,False,Auto-generated sample description for Comedy video.
wXxk7CTxI2o,24.17.05,Why This Music Video Went Viral,Channel_2952,3,2024-05-15T14:00:00.000Z,trending|music|2024,12024,850,90,233,https://i.ytimg.com/vi/aIvDZh7ZR-i/default.jpg,False,False,False,Auto-generated sample description for Music video.
0QsWrwfpW8f,24.04.06,Reacting to Music Trends,Channel_1908,11,2024-06-02T03:00:00.000Z,live|official|trending,7108,526,4,18,https://i.ytimg.com/vi/XlquCY6lktO/default.jpg,False,False,False,Auto-generated sample description for Music video.
a1hEQQ_tW3P,25.27.01,Why This Music Video Went Viral,Channel_2204,3,2025-01-23T19:00:00.000Z,music|vlog|official,8805,219,66,105,https://i.ytimg.com/vi/HZNDJLx1uEV/default.jpg,False,False,False,Auto-generated sample description for Music video.
Rxr0CjwTEhD,24.30.10,Why This Music Video Went Viral,Channel_3226,3,2024-10-30T13:00:00.000Z,official|music|2024,173855,7934,205,628,https://i.ytimg.com/vi/NpQ8OWTHRv_/default.jpg,False,False,False,Auto-generated sample description for Music video.
swQQVM6iutQ,24.18.12,Music Compilation 2024,Channel_3322,11,2024-12-17T17:00:00.000Z,official|music|trending,16806,520,10,90,https://i.ytimg.com/vi/wijV0lm5VfW/default.jpg,False,False,False,Auto-generated sample description for Music video.
MbYcSE1bBDK,24.21.11,Behind the Scenes: Music,Channel_353,3,2024-11-20T13:00:00.000Z,music|official|review,313847,22965,697,4001,https://i.ytimg.com/vi/cawctMfQ0Wj/default.jpg,False,False,False,Auto-generated sample description for Music video.
Chvye-Gh5Z7,24.09.07,Why This Music Video Went Viral,Channel_412,3,2024-07-05T10:00:00.000Z,music|trending|official,8551,537,25,6,https://i.ytimg.com/vi/CTLxYiBe_W_/default.jpg,False,False,False,Auto-generated sample description for Music video.
iN6X81SFEXg,24.10.06,Reacting to Music Trends,Channel_2618,3,2024-06-08T01:00:00.000Z,2024|trending|music,89188,3146,197,1594,https://i.ytimg.com/vi/LXQxPRrHOtN/default.jpg,False,False,False,Auto-generated sample description for Music video.
S7D0zLChQRf,24.14.12,Official Music Highlights,Channel_4328,3,2024-12-13T00:00:00.000Z,music|official|review,26125,1985,43,502,https://i.ytimg.com/vi/CG8oNtoMA1H/default.jpg,False,False,False,Auto-generated sample description for Music video.
_VPpvcgNMwG,24.07.02,Behind the Scenes: Comedy,Channel_1955,7,2024-02-06T08:00:00.000Z,vlog|live|official,18692,1221,76,64,https://i.ytimg.com/vi/yn64OGUP1xn/default.jpg,False,False,False,Auto-generated sample description for Comedy video.
H6agCEI1yXm,24.30.11,Reacting to Music Trends,Channel_2925,11,2024-11-28T10:00:00.000Z,trending|vlog|music,345679,25276,2218,1763,https://i.ytimg.com/vi/CMN0jv8nDs2/default.jpg,False,False,False,Auto-generated sample description for Music video.
VIZys3xNVhO,24.22.12,Reacting to Music Trends,Channel_2290,3,2024-12-19T22:00:00.000Z,review|live|2024,88824,6747,332,1616,https://i.ytimg.com/vi/IzBAOSswLZI/default.jpg,False,False,False,Auto-generated sample description for Music video.
rIbAyJ0ybql,24.12.10,Why This Comedy Video Went Viral,Channel_328,4,2024-10-10T13:00:00.000Z,trending|music|2024,11499,859,49,170,https://i.ytimg.com/vi/7D1urMwEuns/default.jpg,False,False,False,Auto-generated sample description for Comedy video.
fVlckj-3UZb,24.05.09,Reacting to Music Trends,Channel_4360,11,2024-09-02T15:00:00.000Z,trending|official|vlog,20026,1482,31,73,https://i.ytimg.com/vi/4x5mMVf1VP_/default.jpg,False,False,False,Auto-generated sample description for Music video.
X9CT14m9uY-,24.31.12,Top 10 People & Blogs Moments This Week,Channel_1075,8,2024-12-27T05:00:00.000Z,review|vlog|trending,1594,34,2,22,https://i.ytimg.com/vi/v6FafNLMRmQ/default.jpg,False,False,False,Auto-generated sample description for People & Blogs video.
r2clgm7wVUN,24.12.08,Autos & Vehicles Compilation 2024,Channel_10,1,2024-08-11T17:00:00.000Z,music|live|2024,2367,34,10,17,https://i.ytimg.com/vi/5At95frk787/default.jpg,False,False,False,Auto-generated sample description for Autos & Vehicles video.
aNSs4mrc2Bj,25.20.01,Why This Gaming Video Went Viral,Channel_2994,6,2025-01-19T16:00:00.000Z,2024|music|review,8947,132,88,86,https://i.ytimg.com/vi/w0iejoVmAuC/default.jpg,False,True,False,Auto-generated sample description for Gaming video.
wQdKozOIo3A,24.31.10,Reacting to Entertainment Trends,Channel_2372,14,2024-10-29T09:00:00.000Z,music|review|trending,82054,4016,738,1130,https://i.ytimg.com/vi/xRvcsWDosVH/default.jpg,False,False,False,Auto-generated sample description for Entertainment video.
UlMP0xm1Xx5,24.31.08,Music Compilation 2024,Channel_355,3,2024-08-31T15:00:00.000Z,vlog|music|review,102901,5280,579,1365,https://i.ytimg.com/vi/qJisLVnUuuC/default.jpg,False,False,False,Auto-generated sample description for Music video.
z5UaIbzD4Lb,24.16.03,Top 10 Film & Animation Moments This Week,Channel_4139,9,2024-03-13T04:00:00.000Z,live|2024|review,14270,573,86,256,https://i.ytimg.com/vi/fYIHOw39fmy/default.jpg,False,False,False,Auto-generated sample description for Film & Animation video.
4fc8lW278ty,24.07.03,Reacting to Autos & Vehicles Trends,Channel_2579,1,2024-03-05T03:00:00.000Z,trending|official|2024,10469,157,26,117,https://i.ytimg.com/vi/iuAeggXMBUR/default.jpg,False,False,False,Auto-generated sample description for Autos & Vehicles video.
u6ZYBYtm4p3,24.05.08,Official Film & Animation Highlights,Channel_2966,9,2024-08-01T13:00:00.000Z,2024|live|vlog,10332,373,23,26,https://i.ytimg.com/vi/PWvxLP9e0af/default.jpg,False,True,False,Auto-generated sample description for Film & Animation video.
bpZs6thKQzJ,25.12.01,Reacting to Gaming Trends,Channel_1374,6,2025-01-12T02:00:00.000Z,2024|music|live,1941,84,6,19,https://i.ytimg.com/vi/dvt_nAVw65x/default.jpg,False,False,False,Auto-generated sample description for Gaming video.
qaldQL9xD_5,24.25.04,Reacting to Comedy Trends,Channel_3617,4,2024-04-23T17:00:00.000Z,review|trending|vlog,44918,1448,265,763,https://i.ytimg.com/vi/elIXzpDxAtc/default.jpg,False,False,False,Auto-generated sample description for Comedy video.
PbVuCm9GNCv,24.17.02,Top 10 Music Moments This Week,Channel_971,11,2024-02-16T07:00:00.000Z,review|trending|music,85901,2943,774,1535,https://i.ytimg.com/vi/IsGd-KTIomc/default.jpg,False,False,False,Auto-generated sample description for Music video.
wjJuTJNBZ9a,24.13.04,Reacting to Music Trends,Channel_1116,3,2024-04-12T08:00:00.000Z,trending|live|review,16995,381,134,40,https://i.ytimg.com/vi/VRjN-gvPr4l/default.jpg,False,False,False,Auto-generated sample description for Music video.
c_S3iFtLr0l,24.12.02,Why This Entertainment Video Went Viral,Channel_1376,14,2024-02-08T19:00:00.000Z,live|official|2024,19672,687,155,250,https://i.ytimg.com/vi/2jd5Zz9VFK-/default.jpg,False,False,False,Auto-generated sample description for Entertainment video.
M5XrTA_wDGp,24.01.08,Why This Music Video Went Viral,Channel_4926,11,2024-07-30T19:00:00.000Z,live|official|review,458400,18757,2093,659,https://i.ytimg.com/vi/Kuwe6LeTAXU/default.jpg,True,False,True,Auto-generated sample description for Music video.
X9QP_-jnn64,25.05.01,Why This Comedy Video Went Viral,Channel_3990,4,2025-01-01T13:00:00.000Z,live|vlog|official,32856,891,185,175,https://i.ytimg.com/vi/cwbRr6vfxLO/default.jpg,False,False,False,Auto-generated sample description for Comedy video.
N4bXSk_7pzz,24.04.04,Top 10 Music Moments This Week,Channel_4934,11,2024-04-01T19:00:00.000Z,2024|official|music,56237,2053,540,761,https://i.ytimg.com/vi/BG31koy1Fi1/default.jpg,False,False,False,Auto-generated sample description for Music video.
9q_FH_fK3fF,24.05.09,Behind the Scenes: People & Blogs,Channel_4755,8,2024-09-05T12:00:00.000Z,review|vlog|official,730,20,2,5,https://i.ytimg.com/vi/VEb9TjqVThC/default.jpg,False,False,False,Auto-generated sample description for People & Blogs video.
CEBYzhFUjeB,24.25.05,Official Music Highlights,Channel_2643,3,2024-05-22T01:00:00.000Z,2024|trending|review,420774,23840,1519,3749,https://i.ytimg.com/vi/X7lcJl46Bxv/default.jpg,False,False,False,Auto-generated sample description for Music video.
cqSUbsa75zE,24.02.07,Music Compilation 2024,Channel_3418,3,2024-07-02T07:00:00.000Z,music|review|official,48371,892,91,87,https://i.ytimg.com/vi/zwEdGq2VD7y/default.jpg,False,False,False,Auto-generated sample description for Music video.
4_9p-be8hnQ,24.19.06,Official Music Highlights,Channel_3171,11,2024-06-18T21:00:00.000Z,official|live|trending,186740,2990,347,431,https://i.ytimg.com/vi/QKKMa-3Ftth/default.jpg,False,True,False,Auto-generated sample description for Music video.
B1h5fPdZ2ll,24.15.06,Official Comedy Highlights,Channel_1971,4,2024-06-15T19:00:00.000Z,vlog|review|trending,35237,2130,336,134,https://i.ytimg.com/vi/q3nKv4SjjMb/default.jpg,False,False,False,Auto-generated sample description for Comedy video.
RIxer6VVNIy,24.22.06,Behind the Scenes: People & Blogs,Channel_2942,8,2024-06-22T00:00:00.000Z,review|2024|official,2125,78,8,17,https://i.ytimg.com/vi/8OZomS1jsiI/default.jpg,False,False,False,Auto-generated sample description for People & Blogs video.
Cyi6eSSyQZN,24.09.06,Official Comedy Highlights,Channel_2551,4,2024-06-08T22:00:00.000Z,live|2024|trending,5124,225,44,37,https://i.ytimg.com/vi/oE0Ef3mbuXm/default.jpg,False,False,False,Auto-generated sample description for Comedy video.
GcNsRcbgcig,24.17.06,Comedy Compilation 2024,Channel_1911,4,2024-06-13T15:00:00.000Z,music|review|vlog,264093,2689,1622,1388,https://i.ytimg.com/vi/foqfZdgquao/default.jpg,False,False,False,Auto-generated sample description for Comedy video.
el11oDEXQUR,24.26.12,Pets & Animals Compilation 2024,Channel_2488,2,2024-12-25T07:00:00.000Z,review|live|official,29955,1934,112,195,https://i.ytimg.com/vi/KMkVEAuoNdw/default.jpg,False,False,False,Auto-generated sample description for Pets & Animals video.
c-NbE48e-AF,24.02.04,Official Music Highlights,Channel_2364,11,2024-03-30T22:00:00.000Z,vlog|trending|2024,58911,1961,362,279,https://i.ytimg.com/vi/o8ltlMEWbPP/default.jpg,False,False,False,Auto-generated sample description for Music video.
ryFfY88S9yl,24.11.08,Why This Entertainment Video Went Viral,Channel_3211,14,2024-08-09T21:00:00.000Z,live|official|music,14820,982,31,212,https://i.ytimg.com/vi/oFkHVQpjhcz/default.jpg,False,False,False,Auto-generated sample description for Entertainment video.
ABnMjS2-GLr,24.21.10,Top 10 Comedy Moments This Week,Channel_3919,4,2024-10-18T19:00:00.000Z,live|review|vlog,123521,4953,413,1966,https://i.ytimg.com/vi/QVK5av2LC07/default.jpg,False,False,False,Auto-generated sample description for Comedy video.
V5ybPjJFj0a,24.30.03,Why This Music Video Went Viral,Channel_2995,3,2024-03-27T12:00:00.000Z,official|2024|live,3841,247,38,53,https://i.ytimg.com/vi/2qR8YqPUbr4/default.jpg,False,False,False,Auto-generated sample description for Music video.
FHjkYaJzO29,24.05.06,Behind the Scenes: Entertainment,Channel_4824,14,2024-06-03T03:00:00.000Z,2024|vlog|live,124496,3631,1014,1992,https://i.ytimg.com/vi/ZQtsNjZgC51/default.jpg,False,False,False,Auto-generated sample description for Entertainment video.
1mTH6idDrZR,24.12.11,Entertainment Compilation 2024,Channel_169,14,2024-11-11T13:00:00.000Z,review|music|2024,8606,144,14,36,https://i.ytimg.com/vi/F7GCtAmDgeZ/default.jpg,False,True,False,Auto-generated sample description for Entertainment video.
JPLsbrPLtBa,24.23.02,Why This Comedy Video Went Viral,Channel_3326,4,2024-02-20T01:00:00.000Z,music|trending|official,51644,534,417,924,https://i.ytimg.com/vi/o7S8FeoArzW/default.jpg,False,False,False,Auto-generated sample description for Comedy video.
s6gyVI8j1ir,24.13.04,Why This Entertainment Video Went Viral,Channel_489,14,2024-04-11T16:00:00.000Z,trending|2024|review,196835,12087,1128,3787,https://i.ytimg.com/vi/4izrOj8xCtJ/default.jpg,False,False,False,Auto-generated sample description for Entertainment video.
v7Izz-6R72n,24.08.01,Music Compilation 2024,Channel_1586,3,2024-01-06T22:00:00.000Z,music|review|live,102749,1566,982,819,https://i.ytimg.com/vi/TpG0DCF9Rpr/default.jpg,False,False,False,Auto-generated sample description for Music video.
FQvnBNyYWR2,24.24.11,Top 10 Music Moments This Week,Channel_4322,3,2024-11-22T08:00:00.000Z,official|vlog|2024,3258,94,14,2,https://i.ytimg.com/vi/o3vFKTq2hVD/default.jpg,False,False,False,Auto-generated sample description for Music video.
x2fBlnpmf0H,24.29.09,Reacting to Entertainment Trends,Channel_492,14,2024-09-26T05:00:00.000Z,vlog|trending|review,4297,220,6,26,https://i.ytimg.com/vi/6av9jyimeLh/default.jpg,False,False,False,Auto-generated sample description for Entertainment video.
lQ2_rIpWeZQ,24.09.03,Behind the Scenes: Comedy,Channel_607,4,2024-03-05T19:00:00.000Z,2024|review|music,38662,1420,282,603,https://i.ytimg.com/vi/ML9gSSbLf3b/default.jpg,False,False,False,Auto-generated sample description for Comedy video.
q0ki_Rw5dl2,24.18.11,Official Music Highlights,Channel_303,3,2024-11-18T19:00:00.000Z,2024|live|review,298402,17780,1161,5397,https://i.ytimg.com/vi/Sdz0e0cMZOT/default.jpg,False,False,False,Auto-generated sample description for Music video.
Y5Hfhul03SU,24.02.12,Reacting to Pets & Animals Trends,Channel_476,2,2024-12-02T18:00:00.000Z,official|vlog|music,122597,3320,1069,1178,https://i.ytimg.com/vi/gZqSr4GkbY_/default.jpg,False,False,False,Auto-generated sample description for Pets & Animals video.
lIVG3KzrkQJ,24.02.02,Top 10 Comedy Moments This Week,Channel_1166,4,2024-01-31T20:00:00.000Z,review|live|trending,6630,353,25,123,https://i.ytimg.com/vi/L9P8TkVIsPB/default.jpg,False,False,False,Auto-generated sample description for Comedy video.
sLmODXiMdFF,24.17.05,Behind the Scenes: Music,Channel_863,11,2024-05-15T07:00:00.000Z,live|review|2024,5335,321,29,18,https://i.ytimg.com/vi/QOzuLZHzPtN/default.jpg,False,False,False,Auto-generated sample description for Music video.
FP0LIg3lCEZ,24.28.01,Why This Gaming Video Went Viral,Channel_1513,16,2024-01-25T10:00:00.000Z,live|trending|vlog,3331,112,2,58,https://i.ytimg.com/vi/ISWOHPpBQSY/default.jpg,False,False,False,Auto-generated sample description for Gaming video.
CqgM3-H53GL,24.25.08,Reacting to Entertainment Trends,Channel_16,14,2024-08-21T20:00:00.000Z,live|2024|review,14500,980,123,129,https://i.ytimg.com/vi/uawVkBZ6jWz/default.jpg,False,False,False,Auto-generated sample description for Entertainment video.
lyYmOyp7Emg,25.20.01,Behind the Scenes: Entertainment,Channel_801,14,2025-01-18T07:00:00.000Z,review|vlog|live,8138,119,27,32,https://i.ytimg.com/vi/lenMBQ5JOPU/default.jpg,False,False,False,Auto-generated sample description for Entertainment video.
jt6x53k3pco,24.18.12,Behind the Scenes: Music,Channel_3871,11,2024-12-14T03:00:00.000Z,official|vlog|2024,38647,1247,195,232,https://i.ytimg.com/vi/EtMxm_ukzAK/default.jpg,False,False,False,Auto-generated sample description for Music video.
AwKg_lOEEtH,25.03.01,Official Music Highlights,Channel_3226,3,2025-01-01T11:00:00.000Z,music|2024|live,101869,3441,846,1868,https://i.ytimg.com/vi/ychkFnk-6-y/default.jpg,False,False,False,Auto-generated sample description for Music video.
YRSE5Vpix50,24.02.10,Top 10 Music Moments This Week,Channel_2943,11,2024-10-02T20:00:00.000Z,review|music|official,15590,520,83,255,https://i.ytimg.com/vi/kmp6eGUAYLt/default.jpg,False,False,False,Auto-generated sample description for Music video.
ghMdBZBA9c3,24.17.02,Why This Music Video Went Viral,Channel_4611,3,2024-02-15T18:00:00.000Z,live|trending|official,102685,1034,299,181,https://i.ytimg.com/vi/7iv4yL2bOTe/default.jpg,False,False,False,Auto-generated sample description for Music video.
n6S_R4MwmU3,24.08.01,Music Compilation 2024,Channel_4873,11,2024-01-06T15:00:00.000Z,trending|official|2024,5077,224,37,36,https://i.ytimg.com/vi/G0F6qP4jcm-/default.jpg,False,False,False,Auto-generated sample description for Music video.
rtVuYbeyFnW,24.02.10,Official Music Highlights,Channel_1842,11,2024-10-01T12:00:00.000Z,vlog|trending|2024,34318,1106,264,346,https://i.ytimg.com/vi/9Ix3eMMYUYT/default.jpg,False,False,False,Auto-generated sample description for Music video.
l6h3Ep9z8Wy,24.28.08,Official People & Blogs Highlights,Channel_1928,8,2024-08-25T20:00:00.000Z,live|music|vlog,16023,784,109,195,https://i.ytimg.com/vi/DaAi88ChqUr/default.jpg,False,False,False,Auto-generated sample description for People & Blogs video.
p99ABtg_3Lu,24.31.01,Reacting to Music Trends,Channel_2584,11,2024-01-27T21:00:00.000Z,official|vlog|music,290621,12429,1466,2041,https://i.ytimg.com/vi/dDvcXe5Mm3P/default.jpg,False,False,False,Auto-generated sample description for Music video.
StO5nHwusSU,24.07.11,Travel & Events Compilation 2024,Channel_1829,13,2024-11-05T13:00:00.000Z,music|live|trending,5156,55,44,74,https://i.ytimg.com/vi/OtJhGuH-oDw/default.jpg,False,False,False,Auto-generated sample description for Travel & Events video.
Go4xuv4gz-3,24.11.10,Behind the Scenes: Music,Channel_2428,3,2024-10-11T10:00:00.000Z,trending|vlog|review,43397,2633,313,737,https://i.ytimg.com/vi/ckTM4hUlHDB/default.jpg,False,False,False,Auto-generated sample description for Music video.
ckWqf5YO0AU,24.27.09,Official Gaming Highlights,Channel_1424,16,2024-09-23T19:00:00.000Z,vlog|official|music,14698,812,8,241,https://i.ytimg.com/vi/2Uuk6oifu_U/default.jpg,False,False,False,Auto-generated sample description for Gaming video.
ZtKVQyCv69U,24.11.09,Top 10 Music Moments This Week,Channel_4394,3,2024-09-08T16:00:00.000Z,2024|vlog|official,194966,7244,209,416,https://i.ytimg.com/vi/ckwMue3eplc/default.jpg,False,False,False,Auto-generated sample description for Music video.
V2zhRAtMijo,24.28.03,Why This Comedy Video Went Viral,Channel_1239,4,2024-03-28T11:00:00.000Z,music|official|trending,977,59,9,8,https://i.ytimg.com/vi/BEjr8cyS6Fq/default.jpg,False,False,False,Auto-generated sample description for Comedy video.
iCcpl3v3fUG,24.25.06,Entertainment Compilation 2024,Channel_750,14,2024-06-23T17:00:00.000Z,2024|review|music,26580,1041,96,94,https://i.ytimg.com/vi/Ki0Cl-XwTOH/default.jpg,False,False,False,Auto-generated sample description for Entertainment video.
2CQq-WvMTvZ,24.17.01,Official Comedy Highlights,Channel_3356,7,2024-01-16T15:00:00.000Z,official|trending|vlog,16785,1214,102,243,https://i.ytimg.com/vi/N-OeDUT7rAR/default.jpg,False,False,False,Auto-generated sample description for Comedy video.
q1TjRdcnzXZ,24.28.09,Reacting to Music Trends,Channel_374,11,2024-09-26T00:00:00.000Z,2024|live|vlog,202084,10587,1107,614,https://i.ytimg.com/vi/GDJfYP5oOh1/default.jpg,False,False,False,Auto-generated sample description for Music video.
QWU26lSJrpA,24.31.05,Reacting to Music Trends,Channel_1296,11,2024-05-29T11:00:00.000Z,music|live|review,61451,1611,42,342,https://i.ytimg.com/vi/1o2zZ8gc-oA/default.jpg,False,False,False,Auto-generated sample description for Music video.
ftRERaPPwhd,24.11.06,Top 10 Music Moments This Week,Channel_3965,11,2024-06-10T07:00:00.000Z,live|official|trending,15532,766,42,16,https://i.ytimg.com/vi/0GEs9KMupLu/default.jpg,False,False,False,Auto-generated sample description for Music video.
Dwn3jvcZTzX,24.11.12,Behind the Scenes: Music,Channel_3507,11,2024-12-11T17:00:00.000Z,trending|music|official,240000,15172,246,4485,https://i.ytimg.com/vi/ChlK03JV7KW/default.jpg,True,False,False,Auto-generated sample description for Music video.
sXZDdqlFoOx,24.30.10,Autos & Vehicles Compilation 2024,Channel_840,1,2024-10-27T10:00:00.000Z,official|trending|music,26440,913,206,90,https://i.ytimg.com/vi/2YNh6zBipA0/default.jpg,False,False,False,Auto-generated sample description for Autos & Vehicles video.
KkKwqvAqvPi,24.02.02,Why This Gaming Video Went Viral,Channel_1184,16,2024-02-02T22:00:00.000Z,live|trending|review,10630,266,74,101,https://i.ytimg.com/vi/WGEhWwifZbU/default.jpg,False,False,False,Auto-generated sample description for Gaming video.
8EiSVMbor0n,24.31.12,Reacting to Music Trends,Channel_4041,3,2024-12-27T08:00:00.000Z,music|live|2024,85087,4693,198,774,https://i.ytimg.com/vi/mN_iNcudtHf/default.jpg,False,False,False,Auto-generated sample description for Music video.
83Qhr620RO4,24.17.06,Official Education Highlights,Channel_3563,10,2024-06-16T02:00:00.000Z,live|trending|vlog,949,40,6,8,https://i.ytimg.com/vi/_5bpPyoshDJ/default.jpg,False,False,False,Auto-generated sample description for Education video.
jys2FXwj8fv,24.05.04,Top 10 Music Moments This Week,Channel_1451,11,2024-04-05T06:00:00.000Z,2024|live|music,56191,1248,116,435,https://i.ytimg.com/vi/3v_tffiz-0F/default.jpg,False,False,False,Auto-generated sample description for Music video.
Pk5_d__kyVg,24.09.04,Behind the Scenes: Music,Channel_2791,3,2024-04-08T08:00:00.000Z,trending|2024|live,29060,2014,199,144,https://i.ytimg.com/vi/yZmruveXP-4/default.jpg,False,False,False,Auto-generated sample description for Music video.
R3d4nkj-qd_,24.12.04,Top 10 Film & Animation Moments This Week,Channel_210,9,2024-04-11T03:00:00.000Z,review|2024|live,1878,150,6,11,https://i.ytimg.com/vi/Am5IuFL16Pt/default.jpg,False,False,False,Auto-generated sample description for Film & Animation video.
rt73kN2ykMW,24.26.04,Official Autos & Vehicles Highlights,Channel_577,1,2024-04-26T11:00:00.000Z,live|trending|vlog,2042,125,19,14,https://i.ytimg.com/vi/pCdCmrXUuzb/default.jpg,False,False,False,Auto-generated sample description for Autos & Vehicles video.
ag68RXq10TU,24.08.08,Music Compilation 2024,Channel_1058,3,2024-08-07T15:00:00.000Z,2024|live|review,117961,8881,989,827,https://i.ytimg.com/vi/c9Wqs_uD6MC/default.jpg,False,False,True,Auto-generated sample description for Music video.
pw2Bm1YaFlq,24.18.02,Comedy Compilation 2024,Channel_405,7,2024-02-18T06:00:00.000Z,review|live|official,7451,393,60,130,https://i.ytimg.com/vi/rYoESYacllX/default.jpg,False,False,False,Auto-generated sample description for Comedy video.
CWnB7AfJSR9,24.18.05,Top 10 Entertainment Moments This Week,Channel_4201,14,2024-05-14T20:00:00.000Z,official|review|music,997775,10088,6967,16750,https://i.ytimg.com/vi/m54yYZj14mR/default.jpg,False,False,False,Auto-generated sample description for Entertainment video.
9BfvsASJ-QG,24.30.07,Top 10 Entertainment Moments This Week,Channel_409,14,2024-07-27T11:00:00.000Z,official|music|trending,32664,346,67,409,https://i.ytimg.com/vi/2yC4twWxrYo/default.jpg,False,False,False,Auto-generated sample description for Entertainment video.
Y4MO85WiBw5,24.07.03,Top 10 Music Moments This Week,Channel_4992,3,2024-03-07T00:00:00.000Z,review|official|trending,22581,691,143,435,https://i.ytimg.com/vi/LpTwiUGgLXk/default.jpg,False,False,False,Auto-generated sample description for Music video.
Ri_d8W6DQ2f,24.11.12,Top 10 Entertainment Moments This Week,Channel_812,14,2024-12-10T00:00:00.000Z,vlog|music|review,61467,4777,411,270,https://i.ytimg.com/vi/BHt_CAYUwP8/default.jpg,False,False,False,Auto-generated sample description for Entertainment video.
U05FL46Gjmq,24.24.08,Autos & Vehicles Compilation 2024,Channel_497,1,2024-08-21T15:00:00.000Z,review|vlog|music,76216,2159,631,804,https://i.ytimg.com/vi/k8zBJnwBUzZ/default.jpg,False,False,False,Auto-generated sample description for Autos & Vehicles video.
z0CdXm8TUR-,24.26.11,Behind the Scenes: Music,Channel_4089,3,2024-11-23T01:00:00.000Z,trending|vlog|2024,43533,883,300,621,https://i.ytimg.com/vi/WSfWejQ3_eX/default.jpg,False,False,False,Auto-generated sample description for Music video.
eNgA_ISelC3,24.27.03,Top 10 Entertainment Moments This Week,Channel_4359,14,2024-03-25T15:00:00.000Z,music|official|review,69181,1783,158,617,https://i.ytimg.com/vi/xlienHmHvuo/default.jpg,False,False,False,Auto-generated sample description for Entertainment video.
_WhJVQ_X9oV,24.11.07,Reacting to Entertainment Trends,Channel_4202,14,2024-07-09T07:00:00.000Z,trending|vlog|live,113771,4680,866,1980,https://i.ytimg.com/vi/Jpj373mJ8zI/default.jpg,False,False,False,Auto-generated sample description for Entertainment video.
UOTEuB0cfI-,24.27.08,Official Comedy Highlights,Channel_1311,7,2024-08-25T16:00:00.000Z,review|music|live,1148,41,0,15,https://i.ytimg.com/vi/69XJnrw2zhU/default.jpg,False,False,False,Auto-generated sample description for Comedy video.
nywjd29HvZc,24.15.10,Why This Music Video Went Viral,Channel_3480,3,2024-10-11T20:00:00.000Z,live|official|vlog,166808,6663,573,603,https://i.ytimg.com/vi/hAmzzy1gltU/default.jpg,False,False,False,Auto-generated sample description for Music video.
6ipIVUWb4pb,24.14.01,Why This Music Video Went Viral,Channel_3452,3,2024-01-10T05:00:00.000Z,trending|live|music,11651,525,31,201,https://i.ytimg.com/vi/mzZKOlawl7T/default.jpg,False,False,False,Auto-generated sample description for Music video.
dWcvaAk2L1e,24.14.05,Behind the Scenes: Comedy,Channel_3346,4,2024-05-14T18:00:00.000Z,trending|2024|music,17718,1239,133,295,https://i.ytimg.com/vi/sMjKI9s_4jp/default.jpg,False,False,False,Auto-generated sample description for Comedy video.
aQdPKNrshvW,24.18.09,Behind the Scenes: Comedy,Channel_2164,4,2024-09-14T09:00:00.000Z,review|trending|vlog,13643,1019,102,55,https://i.ytimg.com/vi/1j1VuSq-W9g/default.jpg,False,False,False,Auto-generated sample description for Comedy video.
FfQ6TXuIEYb,24.12.08,Behind the Scenes: Gaming,Channel_837,16,2024-08-11T21:00:00.000Z,2024|official|trending,81998,837,678,1455,https://i.ytimg.com/vi/zLk-iIgN4Dy/default.jpg,False,False,False,Auto-generated sample description for Gaming video.
7Hd_FFinZpy,24.04.07,Top 10 Music Moments This Week,Channel_2562,11,2024-06-30T14:00:00.000Z,review|music|trending,27702,1875,205,40,https://i.ytimg.com/vi/euZJWM-SaVO/default.jpg,False,False,False,Auto-generated sample description for Music video.
y5YEf7k-JXa,24.24.10,Top 10 Comedy Moments This Week,Channel_2508,7,2024-10-21T18:00:00.000Z,trending|music|vlog,3384,244,28,28,https://i.ytimg.com/vi/8WZejAJ_lJe/default.jpg,False,False,False,Auto-generated sample description for Comedy video.
vIjLlktuuJV,24.22.04,Entertainment Compilation 2024,Channel_2559,14,2024-04-22T20:00:00.000Z,2024|trending|official,14095,565,27,49,https://i.ytimg.com/vi/hwNVFjS17-0/default.jpg,False,False,False,Auto-generated sample description for Entertainment video.
sMoYzfAI8hL,24.06.02,Behind the Scenes: Entertainment,Channel_2881,14,2024-02-05T13:00:00.000Z,music|review|vlog,185660,14416,1154,2664,https://i.ytimg.com/vi/JX6VaCny6Hh/default.jpg,False,False,False,Auto-generated sample description for Entertainment video.
Z3L_EKM8n4U,24.05.02,Official Music Highlights,Channel_1392,3,2024-02-01T07:00:00.000Z,music|vlog|live,45481,1726,271,657,https://i.ytimg.com/vi/HZ9Q9BaS_ye/default.jpg,False,False,False,Auto-generated sample description for Music video.
NfmOhXmwH4m,24.25.12,Reacting to Comedy Trends,Channel_4152,7,2024-12-21T21:00:00.000Z,vlog|live|2024,22342,1412,135,118,https://i.ytimg.com/vi/J_Ig83k79ac/default.jpg,False,False,False,Auto-generated sample description for Comedy video.
cuAS-bUTtub,24.02.09,Top 10 Comedy Moments This Week,Channel_2843,7,2024-08-31T14:00:00.000Z,live|official|vlog,11054,758,107,145,https://i.ytimg.com/vi/ceMYkbZTd4F/default.jpg,False,False,False,Auto-generated sample description for Comedy video.
h1vMHCcwWW1,24.01.07,Top 10 Music Moments This Week,Channel_1961,3,2024-07-01T21:00:00.000Z,music|vlog|review,222954,9397,1593,3260,https://i.ytimg.com/vi/ml-HpeoFL7s/default.jpg,False,False,False,Auto-generated sample description for Music video.
KsC-X_Y5FrG,24.04.12,Reacting to Music Trends,Channel_4936,3,2024-12-04T20:00:00.000Z,review|trending|vlog,13888,1105,124,27,https://i.ytimg.com/vi/1lFTOOwqYxo/default.jpg,False,False,False,Auto-generated sample description for Music video.
mGvoCH81wDm,24.24.11,Reacting to Gaming Trends,Channel_2855,16,2024-11-24T09:00:00.000Z,music|2024|official,1766,70,11,34,https://i.ytimg.com/vi/I6rZwUrLCLO/default.jpg,False,False,False,Auto-generated sample description for Gaming video.
VyDgmdoZrtW,24.03.08,Official Music Highlights,Channel_3375,3,2024-08-01T00:00:00.000Z,vlog|trending|live,18124,725,66,326,https://i.ytimg.com/vi/ZUW3EDSChfw/default.jpg,False,False,False,Auto-generated sample description for Music video.
SYXGP4N4sNT,24.26.05,Why This Music Video Went Viral,Channel_3291,11,2024-05-25T05:00:00.000Z,vlog|2024|review,205968,10508,130,1628,https://i.ytimg.com/vi/rwcCVSH-5OX/default.jpg,False,False,False,Auto-generated sample description for Music video.
dxhcerPUJU4,24.27.04,Music Compilation 2024,Channel_3415,11,2024-04-27T08:00:00.000Z,review|vlog|music,12503,502,121,191,https://i.ytimg.com/vi/4LiMdrPzeob/default.jpg,False,False,False,Auto-generated sample description for Music video.
vJYO7YIB6_0,24.07.05,Official Film & Animation Highlights,Channel_838,9,2024-05-04T10:00:00.000Z,trending|review|vlog,8650,295,51,14,https://i.ytimg.com/vi/95aIj9y_ixT/default.jpg,False,False,False,Auto-generated sample description for Film & Animation video.
BXFJuf5tHYT,25.24.01,Official Comedy Highlights,Channel_281,4,2025-01-20T11:00:00.000Z,official|2024|vlog,6840,396,63,14,https://i.ytimg.com/vi/nM640_D8yai/default.jpg,False,False,False,Auto-generated sample description for Comedy video.
Lc4rOxpOyXP,25.28.01,Top 10 Entertainment Moments This Week,Channel_306,14,2025-01-26T19:00:00.000Z,review|official|music,16958,468,147,206,https://i.ytimg.com/vi/NDskxoHbTp5/default.jpg,False,False,False,Auto-generated sample description for Entertainment video.
7-Y3D3OJ4dl,24.11.07,Reacting to Gaming Trends,Channel_3931,6,2024-07-08T19:00:00.000Z,review|2024|vlog,15227,670,40,32,https://i.ytimg.com/vi/skwZpgg3ljd/default.jpg,False,False,False,Auto-generated sample description for Gaming video.
W-Vtu1psFMM,24.14.05,Official Music Highlights,Channel_1004,3,2024-05-12T13:00:00.000Z,live|music|review,408629,12373,1993,2595,https://i.ytimg.com/vi/vWBSSD6Rern/default.jpg,False,False,False,Auto-generated sample description for Music video.
7iMXrcwfPY_,24.22.07,Entertainment Compilation 2024,Channel_665,14,2024-07-22T21:00:00.000Z,review|live|vlog,16187,603,105,306,https://i.ytimg.com/vi/ewb5LZACTnq/default.jpg,False,False,False,Auto-generated sample description for Entertainment video.
zVjuXX-hrVY,24.15.11,Top 10 Music Moments This Week,Channel_4079,11,2024-11-13T20:00:00.000Z,review|vlog|2024,570952,35686,5625,10081,https://i.ytimg.com/vi/OWSIuThMDYz/default.jpg,False,False,False,Auto-generated sample description for Music video.
DiFM6vBmQWW,24.07.10,Reacting to Music Trends,Channel_4238,3,2024-10-05T19:00:00.000Z,2024|vlog|review,36347,2017,155,54,https://i.ytimg.com/vi/uLBtBiOV60m/default.jpg,False,False,False,Auto-generated sample description for Music video.
PvojDchjSlN,24.09.11,Top 10 Travel & Events Moments This Week,Channel_4098,13,2024-11-07T11:00:00.000Z,live|music|2024,780,28,3,9,https://i.ytimg.com/vi/1yrZHp0vEZN/default.jpg,False,False,False,Auto-generated sample description for Travel & Events video.
cqBOt5Nhvhj,24.16.04,Reacting to Music Trends,Channel_2019,3,2024-04-13T20:00:00.000Z,trending|live|review,64806,3120,202,1056,https://i.ytimg.com/vi/ovxgFfmxKO2/default.jpg,False,False,False,Auto-generated sample description for Music video.
-TosZiLvKW-,24.08.08,Reacting to Comedy Trends,Channel_3571,7,2024-08-05T18:00:00.000Z,live|official|review,16913,656,27,160,https://i.ytimg.com/vi/qKHGFNMqfYl/default.jpg,False,False,False,Auto-generated sample description for Comedy video.
MN_4bpSaCP1,25.29.01,Official Gaming Highlights,Channel_3904,16,2025-01-29T07:00:00.000Z,live|trending|2024,17984,1072,97,342,https://i.ytimg.com/vi/bYEnuYX3wII/default.jpg,False,False,False,Auto-generated sample description for Gaming video.
IwA9mVJkzXT,24.21.12,Official Music Highlights,Channel_2302,3,2024-12-17T04:00:00.000Z,live|vlog|2024,3401,107,19,47,https://i.ytimg.com/vi/klwthXal2ad/default.jpg,False,False,False,Auto-generated sample description for Music video.
NS_cI_xVu-h,24.30.08,Reacting to Entertainment Trends,Channel_4166,14,2024-08-29T21:00:00.000Z,official|music|vlog,20347,285,160,136,https://i.ytimg.com/vi/q4Z7U2rsJwP/default.jpg,False,False,False,Auto-generated sample description for Entertainment video.
4JLswoJHnrA,24.14.11,Why This Comedy Video Went Viral,Channel_386,7,2024-11-13T20:00:00.000Z,live|review|music,24379,784,99,346,https://i.ytimg.com/vi/jmc4bm4nsWR/default.jpg,False,False,False,Auto-generated sample description for Comedy video.
xWLOmBoT2qb,24.15.07,Top 10 Gaming Moments This Week,Channel_2676,16,2024-07-11T20:00:00.000Z,music|review|live,490991,32496,4843,5367,https://i.ytimg.com/vi/Dnlvfho4ASd/default.jpg,False,False,False,Auto-generated sample description for Gaming video.
NyZsIhB36rN,24.14.04,Music Compilation 2024,Channel_108,11,2024-04-14T13:00:00.000Z,live|music|2024,22600,459,206,161,https://i.ytimg.com/vi/Uao0_vilS1m/default.jpg,False,False,False,Auto-generated sample description for Music video.
Cqzap4cEMfm,25.26.01,Behind the Scenes: Comedy,Channel_1661,4,2025-01-26T01:00:00.000Z,trending|music|live,140080,9177,390,2183,https://i.ytimg.com/vi/KKnkQJQ40HT/default.jpg,False,False,False,Auto-generated sample description for Comedy video.
3BnQTlrSOfj,24.15.07,Behind the Scenes: Music,Channel_1182,11,2024-07-11T10:00:00.000Z,review|music|2024,21120,1659,89,306,https://i.ytimg.com/vi/jySMCjP70Kc/default.jpg,False,False,False,Auto-generated sample description for Music video.
UqbmVnTApF7,24.20.08,Top 10 Entertainment Moments This Week,Channel_4157,14,2024-08-19T15:00:00.000Z,music|review|trending,8344,150,59,123,https://i.ytimg.com/vi/j8ifYJ1V531/default.jpg,False,False,False,Auto-generated sample description for Entertainment video.
tHR1eRcNo2y,24.13.08,Comedy Compilation 2024,Channel_1144,7,2024-08-10T15:00:00.000Z,review|music|live,16677,1210,32,45,https://i.ytimg.com/vi/qrmDABw7VkF/default.jpg,False,False,False,Auto-generated sample description for Comedy video.
6NK_G2B5WEA,24.17.12,Official Music Highlights,Channel_309,3,2024-12-15T11:00:00.000Z,trending|vlog|music,31409,2171,254,121,https://i.ytimg.com/vi/WUvvMuCk-Si/default.jpg,False,False,False,Auto-generated sample description for Music video.
OnlL4K-Ezsk,24.22.12,Behind the Scenes: Music,Channel_617,11,2024-12-20T03:00:00.000Z,official|review|vlog,33054,1655,271,166,https://i.ytimg.com/vi/tY822lvz6jn/default.jpg,False,False,False,Auto-generated sample description for Music video.
xLX28bqXo7Q,24.01.12,Reacting to Comedy Trends,Channel_415,7,2024-11-28T19:00:00.000Z,live|music|vlog,137842,8755,950,1259,https://i.ytimg.com/vi/PuqEMStmiKo/default.jpg,False,False,False,Auto-generated sample description for Comedy video.
XREHzGsv8KW,24.02.11,Reacting to Entertainment Trends,Channel_3486,14,2024-11-02T10:00:00.000Z,vlog|official|2024,103841,6230,832,951,https://i.ytimg.com/vi/vuZKO7Hj-dh/default.jpg,False,False,False,Auto-generated sample description for Entertainment video.
g7pFxirG-02,24.26.06,Official Entertainment Highlights,Channel_779,14,2024-06-23T14:00:00.000Z,live|2024|vlog,133358,9159,416,534,https://i.ytimg.com/vi/E_d3j239ryc/default.jpg,False,False,False,Auto-generated sample description for Entertainment video.
Ak33V2EXAPe,24.08.05,Official Comedy Highlights,Channel_2139,4,2024-05-05T01:00:00.000Z,trending|music|live,30180,386,169,150,https://i.ytimg.com/vi/cvKppds9T97/default.jpg,False,False,False,Auto-generated sample description for Comedy video.
KOp68rxgIDS,25.15.01,Top 10 Comedy Moments This Week,Channel_3556,4,2025-01-13T09:00:00.000Z,review|trending|official,1746,32,2,26,https://i.ytimg.com/vi/M9r3-t31q61/default.jpg,False,True,False,Auto-generated sample description for Comedy video.
yHcZJOwC1fv,24.30.01,Official Comedy Highlights,Channel_4586,4,2024-01-26T16:00:00.000Z,review|2024|music,32677,1122,309,224,https://i.ytimg.com/vi/L_4CKm0LDm5/default.jpg,False,False,False,Auto-generated sample description for Comedy video.
IZqEdeJ3Ggk,24.05.04,Music Compilation 2024,Channel_3094,11,2024-04-01T02:00:00.000Z,review|music|live,45351,1548,57,104,https://i.ytimg.com/vi/bXmgk7_HRi0/default.jpg,False,False,False,Auto-generated sample description for Music video.
Uf7xMn_L9xu,24.07.03,Why This Music Video Went Viral,Channel_1942,11,2024-03-07T06:00:00.000Z,vlog|review|music,424892,26362,2089,8339,https://i.ytimg.com/vi/DnBOd2p9wjV/default.jpg,False,False,False,Auto-generated sample description for Music video.
wZxaxS_qBdG,24.11.09,Official Gaming Highlights,Channel_4406,6,2024-09-09T21:00:00.000Z,2024|official|trending,43493,1852,310,227,https://i.ytimg.com/vi/vLIbUeHLVPi/default.jpg,False,False,False,Auto-generated sample description for Gaming video.
e1KcPHUOGRz,24.04.10,Behind the Scenes: Music,Channel_71,3,2024-10-02T08:00:00.000Z,review|live|music,56492,1137,174,507,https://i.ytimg.com/vi/Z3E6WCvnpzi/default.jpg,False,False,False,Auto-generated sample description for Music video.
gWBbh4MbkDk,24.18.10,Top 10 Education Moments This Week,Channel_1312,10,2024-10-14T16:00:00.000Z,vlog|official|trending,1500,32,4,11,https://i.ytimg.com/vi/FdYluZ1Up5p/default.jpg,False,False,False,Auto-generated sample description for Education video.
NW7jWJH9NmQ,24.23.06,Gaming Compilation 2024,Channel_4706,6,2024-06-22T17:00:00.000Z,official|2024|live,37003,1746,84,500,https://i.ytimg.com/vi/CeCkdNHUEpb/default.jpg,False,False,False,Auto-generated sample description for Gaming video.
MbjPsOyhOTo,24.27.06,Behind the Scenes: Music,Channel_107,11,2024-06-24T01:00:00.000Z,official|music|live,10098,529,13,167,https://i.ytimg.com/vi/qFjjmy4aLXL/default.jpg,False,False,False,Auto-generated sample description for Music video.
JKJCJ0M5T_i,24.30.12,Why This Music Video Went Viral,Channel_1185,11,2024-12-30T06:00:00.000Z,vlog|live|review,40725,2679,269,577,https://i.ytimg.com/vi/qxPac-b8DQW/default.jpg,False,False,False,Auto-generated sample description for Music video.
K4vAqgz50cm,24.28.04,Behind the Scenes: Music,Channel_602,11,2024-04-24T21:00:00.000Z,live|music|vlog,54939,3936,435,34,https://i.ytimg.com/vi/svtgf5W_QQT/default.jpg,False,False,False,Auto-generated sample description for Music video.
NeQlC1b53Zm,24.02.03,Top 10 Gaming Moments This Week,Channel_610,16,2024-03-02T18:00:00.000Z,review|trending|live,11186,529,58,45,https://i.ytimg.com/vi/QBmVGJNSv_r/default.jpg,False,False,False,Auto-generated sample description for Gaming video.
NsFUz01h7K2,24.02.03,Official Autos & Vehicles Highlights,Channel_2675,1,2024-03-01T21:00:00.000Z,official|trending|live,3358,230,27,64,https://i.ytimg.com/vi/gLmU1PeRD24/default.jpg,False,False,False,Auto-generated sample description for Autos & Vehicles video.
KyK_V_PRpTY,24.23.11,Behind the Scenes: Music,Channel_183,3,2024-11-21T03:00:00.000Z,music|review|live,2794,136,14,52,https://i.ytimg.com/vi/EoZJJ7EipMS/default.jpg,False,False,False,Auto-generated sample description for Music video.
Bu-U4n9blAw,24.06.11,Behind the Scenes: Music,Channel_4121,3,2024-11-02T14:00:00.000Z,vlog|live|trending,113214,7692,914,1304,https://i.ytimg.com/vi/ort1CwqmRLp/default.jpg,False,False,False,Auto-generated sample description for Music video.
cyRZQwI9eS_,25.09.01,Reacting to Gaming Trends,Channel_2019,16,2025-01-06T09:00:00.000Z,music|official|trending,15594,743,139,200,https://i.ytimg.com/vi/KQL-wcEBxYq/default.jpg,False,False,False,Auto-generated sample description for Gaming video.
DAeJLU_RzZb,24.14.07,Official Music Highlights,Channel_3119,3,2024-07-13T08:00:00.000Z,review|music|live,77364,3752,234,1460,https://i.ytimg.com/vi/g33Nrg3ip7Q/default.jpg,False,False,False,Auto-generated sample description for Music video.
govvK7lpdMd,25.01.02,Reacting to Music Trends,Channel_1924,3,2025-01-31T03:00:00.000Z,live|music|2024,81178,5788,389,505,https://i.ytimg.com/vi/C8ZRoBQjxnT/default.jpg,False,False,False,Auto-generated sample description for Music video.
LgTqAXYYkkM,24.12.04,Music Compilation 2024,Channel_2117,3,2024-04-10T13:00:00.000Z,vlog|2024|trending,2312,56,20,12,https://i.ytimg.com/vi/ANdPKt8f_P2/default.jpg,False,False,False,Auto-generated sample description for Music video.
TNF58hsSaOU,24.26.07,Official Comedy Highlights,Channel_923,4,2024-07-24T15:00:00.000Z,official|vlog|review,46688,1440,299,39,https://i.ytimg.com/vi/Az_oEVXG01V/default.jpg,False,False,False,Auto-generated sample description for Comedy video.
c4TwI9R0Oh1,24.03.02,Official Entertainment Highlights,Channel_894,14,2024-02-03T21:00:00.000Z,music|official|vlog,32078,975,130,400,https://i.ytimg.com/vi/voT0sXh5gVE/default.jpg,False,False,False,Auto-generated sample description for Entertainment video.
LUwGyww7-hp,24.20.02,Why This Music Video Went Viral,Channel_1745,3,2024-02-17T22:00:00.000Z,2024|review|live,560877,43460,4077,7804,https://i.ytimg.com/vi/ATsoVajRIrU/default.jpg,False,False,False,Auto-generated sample description for Music video.
DzNWJeTtkDa,24.04.11,Top 10 Gaming Moments This Week,Channel_4585,16,2024-11-04T19:00:00.000Z,2024|live|official,8662,544,17,22,https://i.ytimg.com/vi/KhulhbylM0v/default.jpg,False,False,False,Auto-generated sample description for Gaming video.
r6_Enlo-QW_,24.15.11,Official Film & Animation Highlights,Channel_4183,9,2024-11-14T08:00:00.000Z,review|live|official,14038,201,72,235,https://i.ytimg.com/vi/jPV8-RZ3sw1/default.jpg,False,False,False,Auto-generated sample description for Film & Animation video.
OWgvM86vFsB,24.28.11,Top 10 Music Moments This Week,Channel_683,11,2024-11-24T11:00:00.000Z,vlog|trending|review,6729,220,3,23,https://i.ytimg.com/vi/FeuTptQpiw5/default.jpg,False,False,False,Auto-generated sample description for Music video.
sp4lUUyvimb,24.20.08,Top 10 Comedy Moments This Week,Channel_670,4,2024-08-20T04:00:00.000Z,live|official|vlog,3079,84,19,43,https://i.ytimg.com/vi/5x4P_mknSgS/default.jpg,False,False,False,Auto-generated sample description for Comedy video.
sx45wxnPrTx,24.26.11,Reacting to Music Trends,Channel_2533,3,2024-11-26T12:00:00.000Z,official|review|music,15893,846,30,145,https://i.ytimg.com/vi/-uVNVzaYOdy/default.jpg,False,False,False,Auto-generated sample description for Music video.
Yde5SrurVNb,24.11.02,Behind the Scenes: Comedy,Channel_2284,7,2024-02-08T09:00:00.000Z,live|2024|music,67058,1327,325,1257,https://i.ytimg.com/vi/EBRZodxCbJK/default.jpg,False,False,False,Auto-generated sample description for Comedy video.
BfaKZaJyrYh,24.20.08,Reacting to Autos & Vehicles Trends,Channel_279,1,2024-08-20T05:00:00.000Z,live|2024|music,4860,284,18,11,https://i.ytimg.com/vi/_nRHBJ3oD8R/default.jpg,False,False,False,Auto-generated sample description for Autos & Vehicles video.
B-ms0jIgJ-y,24.02.04,Behind the Scenes: Comedy,Channel_3932,4,2024-03-30T21:00:00.000Z,trending|vlog|2024,1025,39,8,17,https://i.ytimg.com/vi/Rcz6V1UyhYN/default.jpg,False,False,False,Auto-generated sample description for Comedy video.
1pb1Qy9K8AG,24.08.01,Reacting to Entertainment Trends,Channel_1306,14,2024-01-04T20:00:00.000Z,trending|review|official,15025,1169,15,114,https://i.ytimg.com/vi/ddc909uWqTS/default.jpg,False,False,False,Auto-generated sample description for Entertainment video.
7pVP1hbo7XX,24.27.11,Why This Music Video Went Viral,Channel_141,11,2024-11-26T12:00:00.000Z,live|2024|trending,77429,2913,663,1011,https://i.ytimg.com/vi/pnyi0fuY_82/default.jpg,False,False,False,Auto-generated sample description for Music video.
0LzFuacgvjU,24.03.03,Official Entertainment Highlights,Channel_4032,14,2024-03-02T06:00:00.000Z,trending|official|2024,43162,652,327,574,https://i.ytimg.com/vi/NzgZ45Lzb3o/default.jpg,False,False,False,Auto-generated sample description for Entertainment video.
miBBrP3jIOx,24.23.07,Why This Film & Animation Video Went Viral,Channel_738,9,2024-07-22T16:00:00.000Z,music|live|official,20581,679,88,84,https://i.ytimg.com/vi/1bnXLnUJeJS/default.jpg,True,False,False,Auto-generated sample description for Film & Animation video.
5EVgiN26Rbd,24.09.03,Behind the Scenes: Music,Channel_4024,3,2024-03-05T15:00:00.000Z,music|review|vlog,902069,39612,2234,5267,https://i.ytimg.com/vi/ZFNYVL8Zk-V/default.jpg,False,False,False,Auto-generated sample description for Music video.
XA1UCwpQhG7,24.19.07,Top 10 Entertainment Moments This Week,Channel_1196,14,2024-07-15T03:00:00.000Z,2024|official|live,9264,315,63,165,https://i.ytimg.com/vi/-I2LUaNm7BL/default.jpg,False,False,False,Auto-generated sample description for Entertainment video.
QDqoScHQiKg,24.13.04,Why This Gaming Video Went Viral,Channel_2846,16,2024-04-10T17:00:00.000Z,review|music|live,64942,1364,614,936,https://i.ytimg.com/vi/ko872RKN2QA/default.jpg,False,False,False,Auto-generated sample description for Gaming video.
NwvW-MmtBV4,24.03.05,Why This Music Video Went Viral,Channel_2101,11,2024-05-02T05:00:00.000Z,review|trending|vlog,249270,6391,1056,339,https://i.ytimg.com/vi/f1qHgPzn8Em/default.jpg,False,False,False,Auto-generated sample description for Music video.
NWgajQfWNN0,24.04.06,Reacting to Music Trends,Channel_153,11,2024-06-04T05:00:00.000Z,music|review|2024,27191,1554,172,245,https://i.ytimg.com/vi/hG5gd7l0Zaw/default.jpg,False,False,False,Auto-generated sample description for Music video.
wyD4zWgQ4FY,24.08.09,Why This Gaming Video Went Viral,Channel_4800,16,2024-09-04T07:00:00.000Z,vlog|2024|music,43643,3055,282,796,https://i.ytimg.com/vi/nl8sI2Ku-2V/default.jpg,True,False,False,Auto-generated sample description for Gaming video.
2AQui3jjJ-1,24.28.03,Why This Entertainment Video Went Viral,Channel_2968,14,2024-03-28T19:00:00.000Z,official|review|trending,8069,550,52,119,https://i.ytimg.com/vi/5ocE6KQZXLb/default.jpg,False,False,False,Auto-generated sample description for Entertainment video.
ad1QsZ_enJl,24.08.03,Top 10 People & Blogs Moments This Week,Channel_633,8,2024-03-06T05:00:00.000Z,music|2024|trending,20520,1167,193,238,https://i.ytimg.com/vi/UklpeE1OYrq/default.jpg,False,False,False,Auto-generated sample description for People & Blogs video.
C9cp0A5W2VD,24.31.03,Reacting to Music Trends,Channel_2121,11,2024-03-29T00:00:00.000Z,vlog|music|trending,2935,196,26,42,https://i.ytimg.com/vi/GitjHnlr2Br/default.jpg,False,False,False,Auto-generated sample description for Music video.
dcF2BLONGru,24.06.06,Reacting to Music Trends,Channel_4022,3,2024-06-03T15:00:00.000Z,2024|trending|official,122223,6484,1084,1326,https://i.ytimg.com/vi/9Tbwg0iOG3G/default.jpg,False,False,False,Auto-generated sample description for Music video.
szT3Dp4Op6C,24.29.05,Behind the Scenes: Comedy,Channel_1362,4,2024-05-26T05:00:00.000Z,vlog|live|official,8851,235,41,71,https://i.ytimg.com/vi/gG0I1MxZYnC/default.jpg,False,False,False,Auto-generated sample description for Comedy video.
ykHzxDowQfm,24.12.04,Reacting to Music Trends,Channel_2342,3,2024-04-12T04:00:00.000Z,review|2024|music,640237,31904,2394,787,https://i.ytimg.com/vi/hjKmkRT0Uz_/default.jpg,False,False,False,Auto-generated sample description for Music video.
ifH_pMqqeJ1,24.04.07,Behind the Scenes: Comedy,Channel_2804,4,2024-07-01T21:00:00.000Z,official|vlog|music,8410,92,5,70,https://i.ytimg.com/vi/a22SH5yKqXN/default.jpg,False,False,False,Auto-generated sample description for Comedy video.
1i6jF5bVXNZ,24.18.06,Official Music Highlights,Channel_2818,11,2024-06-15T20:00:00.000Z,official|trending|music,22534,1260,89,192,https://i.ytimg.com/vi/W0D42dLtQZx/default.jpg,False,False,False,Auto-generated sample description for Music video.
PPhC0rUPqxb,24.01.08,Behind the Scenes: Gaming,Channel_3322,6,2024-07-31T21:00:00.000Z,trending|official|2024,2802,82,6,39,https://i.ytimg.com/vi/MGpku_7QeHq/default.jpg,False,False,False,Auto-generated sample description for Gaming video.
v8in94y6mDj,24.17.12,Reacting to Film & Animation Trends,Channel_733,9,2024-12-16T22:00:00.000Z,review|music|live,16048,344,12,18,https://i.ytimg.com/vi/alNlcoyq0bx/default.jpg,False,False,False,Auto-generated sample description for Film & Animation video.
R9WknWK6tFR,24.08.08,Entertainment Compilation 2024,Channel_3584,14,2024-08-05T15:00:00.000Z,review|music|2024,208969,8527,1159,1337,https://i.ytimg.com/vi/mMaM3J7G-nP/default.jpg,False,False,False,Auto-generated sample description for Entertainment video.
Xgt7QtClhmB,24.27.12,Why This Music Video Went Viral,Channel_3231,11,2024-12-23T05:00:00.000Z,official|music|2024,602580,17458,1623,5830,https://i.ytimg.com/vi/joiys-NN50k/default.jpg,False,False,False,Auto-generated sample description for Music video.
MLUJyxf6RlI,24.05.03,Comedy Compilation 2024,Channel_2691,4,2024-03-03T13:00:00.000Z,vlog|2024|official,14242,659,100,108,https://i.ytimg.com/vi/xjeQ57lyRK9/default.jpg,False,False,False,Auto-generated sample description for Comedy video.
CLLY3hj_R-6,24.04.02,Top 10 Film & Animation Moments This Week,Channel_4557,9,2024-02-01T15:00:00.000Z,official|2024|review,15764,557,90,158,https://i.ytimg.com/vi/5RvaIk9ZqyJ/default.jpg,False,False,False,Auto-generated sample description for Film & Animation video.
ffsTjIcKN-u,24.15.04,Behind the Scenes: Music,Channel_2562,3,2024-04-14T07:00:00.000Z,trending|2024|review,30580,1141,94,216,https://i.ytimg.com/vi/wIx2M3f5UyA/default.jpg,False,False,False,Auto-generated sample description for Music video.
Xwffp7J0WPy,24.26.05,Entertainment Compilation 2024,Channel_2257,14,2024-05-22T22:00:00.000Z,review|2024|music,144090,11070,1104,745,https://i.ytimg.com/vi/GJqAMlNtp-R/default.jpg,False,False,False,Auto-generated sample description for Entertainment video.
T6XT9DVZuvb,24.22.07,Reacting to Travel & Events Trends,Channel_1483,13,2024-07-18T03:00:00.000Z,vlog|live|trending,1167,48,6,15,https://i.ytimg.com/vi/9jEMlRFBW_A/default.jpg,False,False,False,Auto-generated sample description for Travel & Events video.
sth54IsNMo6,24.20.07,Top 10 Music Moments This Week,Channel_1305,11,2024-07-18T12:00:00.000Z,review|official|2024,25527,856,141,22,https://i.ytimg.com/vi/ika_4JgSzHz/default.jpg,False,False,False,Auto-generated sample description for Music video.
ZQur4RjIGeq,24.21.11,Official People & Blogs Highlights,Channel_864,8,2024-11-20T17:00:00.000Z,trending|official|review,12453,894,57,92,https://i.ytimg.com/vi/05vEFjUme3v/default.jpg,False,False,False,Auto-generated sample description for People & Blogs video.
VFtDG5N2Lcc,24.29.11,Entertainment Compilation 2024,Channel_1739,14,2024-11-29T08:00:00.000Z,review|music|trending,61525,2347,358,129,https://i.ytimg.com/vi/L0CtO8xGMpE/default.jpg,False,False,False,Auto-generated sample description for Entertainment video.
An7DYJoWRNa,24.16.10,Gaming Compilation 2024,Channel_4813,16,2024-10-14T02:00:00.000Z,vlog|2024|review,6689,414,41,97,https://i.ytimg.com/vi/E07KqCd4Ogv/default.jpg,False,False,False,Auto-generated sample description for Gaming video.
mG2Z708Ci60,24.11.07,Behind the Scenes: Music,Channel_4510,3,2024-07-07T18:00:00.000Z,music|trending|live,71402,4800,246,838,https://i.ytimg.com/vi/aDbfYyXeR5C/default.jpg,False,False,False,Auto-generated sample description for Music video.
ZOcn1S-5eBN,24.14.04,Top 10 Music Moments This Week,Channel_1541,11,2024-04-14T10:00:00.000Z,official|music|live,314310,11315,1148,1870,https://i.ytimg.com/vi/YcXhF4Kw0cG/default.jpg,False,False,False,Auto-generated sample description for Music video.
FqG8SRWUGtq,24.18.07,Official People & Blogs Highlights,Channel_4815,8,2024-07-15T12:00:00.000Z,2024|music|official,1851,37,5,31,https://i.ytimg.com/vi/uT1uBnf09jz/default.jpg,True,False,False,Auto-generated sample description for People & Blogs video.
0IoFVBWhLzp,24.03.03,Why This Pets & Animals Video Went Viral,Channel_4099,2,2024-02-28T19:00:00.000Z,live|official|vlog,2322,61,9,19,https://i.ytimg.com/vi/hc_Y12Ha1qI/default.jpg,False,False,False,Auto-generated sample description for Pets & Animals video.
uyn4o6qeK1c,25.21.01,Gaming Compilation 2024,Channel_358,6,2025-01-20T04:00:00.000Z,live|vlog|review,153498,6215,342,658,https://i.ytimg.com/vi/otJoy3dWSyH/default.jpg,False,False,False,Auto-generated sample description for Gaming video.
sw1TcoV9IbW,24.29.11,Behind the Scenes: Entertainment,Channel_2839,14,2024-11-27T08:00:00.000Z,official|2024|trending,34400,512,228,470,https://i.ytimg.com/vi/Bw4nF0ZCq0C/default.jpg,False,False,False,Auto-generated sample description for Entertainment video.
RVj03pqpxv4,24.08.02,Gaming Compilation 2024,Channel_4494,16,2024-02-07T02:00:00.000Z,vlog|music|live,38882,2177,254,613,https://i.ytimg.com/vi/cADIV0Qgjqs/default.jpg,False,False,False,Auto-generated sample description for Gaming video.
OMLTf0HPQyF,24.14.03,Reacting to Music Trends,Channel_4379,3,2024-03-11T01:00:00.000Z,vlog|2024|trending,160910,3388,93,1349,https://i.ytimg.com/vi/u9G9OBHmhHr/default.jpg,False,False,False,Auto-generated sample description for Music video.
zhY-ImhvaWh,24.17.08,Music Compilation 2024,Channel_4012,3,2024-08-13T07:00:00.000Z,live|vlog|music,23225,867,59,337,https://i.ytimg.com/vi/cvFZjjCHgYN/default.jpg,False,False,False,Auto-generated sample description for Music video.
9i_FooDOxI3,24.06.06,Why This Music Video Went Viral,Channel_1055,11,2024-06-05T15:00:00.000Z,live|vlog|trending,10909,452,62,212,https://i.ytimg.com/vi/2ADDCqWw6CU/default.jpg,False,False,False,Auto-generated sample description for Music video.
O0xP8PVGcZc,24.06.08,Why This Music Video Went Viral,Channel_4389,3,2024-08-04T03:00:00.000Z,official|live|music,74610,2925,277,1392,https://i.ytimg.com/vi/1JyX3dyueUv/default.jpg,False,False,False,Auto-generated sample description for Music video.
n5TehWA4i20,24.08.08,Why This Entertainment Video Went Viral,Channel_3207,14,2024-08-05T15:00:00.000Z,music|trending|live,63541,3343,598,833,https://i.ytimg.com/vi/4Gcj5seo-dC/default.jpg,False,False,False,Auto-generated sample description for Entertainment video.
xiVYqle3BiM,24.03.02,Reacting to Music Trends,Channel_4729,3,2024-01-30T10:00:00.000Z,live|vlog|trending,72352,5785,718,1169,https://i.ytimg.com/vi/DIf3OUaKPAA/default.jpg,False,False,False,Auto-generated sample description for Music video.
7oMv6CXUX2C,24.07.04,Entertainment Compilation 2024,Channel_3784,14,2024-04-04T00:00:00.000Z,live|2024|trending,15581,299,12,114,https://i.ytimg.com/vi/hbKujd6n1Ea/default.jpg,False,False,False,Auto-generated sample description for Entertainment video.
XX6NyTNofvu,24.25.12,Official Music Highlights,Channel_2415,3,2024-12-25T15:00:00.000Z,music|review|vlog,19515,1226,93,387,https://i.ytimg.com/vi/f7qXlEl6-zc/default.jpg,False,False,False,Auto-generated sample description for Music video.
r2vqnv6FUzp,24.04.10,Official Music Highlights,Channel_4692,3,2024-10-03T06:00:00.000Z,vlog|review|2024,29836,669,64,471,https://i.ytimg.com/vi/Td9POlJjxtw/default.jpg,False,False,False,Auto-generated sample description for Music video.
TxewQDMqiWf,24.30.04,Behind the Scenes: Science & Technology,Channel_3646,12,2024-04-29T01:00:00.000Z,2024|music|trending,3051,211,2,40,https://i.ytimg.com/vi/WW4KePwc7YD/default.jpg,False,False,False,Auto-generated sample description for Science & Technology video.
QU_Mtg0Z0A_,24.18.08,Official Science & Technology Highlights,Channel_512,12,2024-08-15T02:00:00.000Z,live|music|trending,570,6,1,11,https://i.ytimg.com/vi/yK6tGMRpjSM/default.jpg,False,False,False,Auto-generated sample description for Science & Technology video.
9TMIKWCLi2g,24.09.04,Why This Gaming Video Went Viral,Channel_3547,16,2024-04-09T20:00:00.000Z,2024|trending|live,33466,1477,224,324,https://i.ytimg.com/vi/mOvo-bTDOaB/default.jpg,False,False,False,Auto-generated sample description for Gaming video.
S0NqupkxUT2,24.14.12,Entertainment Compilation 2024,Channel_3419,14,2024-12-11T12:00:00.000Z,trending|live|official,17711,1236,9,228,https://i.ytimg.com/vi/fWHclTXAGRc/default.jpg,False,True,False,Auto-generated sample description for Entertainment video.
174EXcMcz46,24.11.05,Behind the Scenes: Entertainment,Channel_1186,14,2024-05-11T18:00:00.000Z,official|music|2024,5638,75,15,88,https://i.ytimg.com/vi/7BO6wSnsKXb/default.jpg,False,False,False,Auto-generated sample description for Entertainment video.
ovkcse6CcZl,24.10.08,Music Compilation 2024,Channel_2636,3,2024-08-08T13:00:00.000Z,trending|vlog|official,6992,125,12,91,https://i.ytimg.com/vi/dhEn23xprdX/default.jpg,False,False,False,Auto-generated sample description for Music video.
D_Q3tq8epmG,24.13.02,Music Compilation 2024,Channel_1063,11,2024-02-12T14:00:00.000Z,official|music|trending,116410,6972,274,1450,https://i.ytimg.com/vi/3WJDGelO7yC/default.jpg,False,False,False,Auto-generated sample description for Music video.
1TmdApfmU_J,24.24.01,Why This Music Video Went Viral,Channel_597,3,2024-01-21T14:00:00.000Z,music|trending|official,3595,164,24,66,https://i.ytimg.com/vi/bXVWHT8FeCW/default.jpg,False,False,False,Auto-generated sample description for Music video.
HNjqIRCBCG-,24.14.08,Top 10 Comedy Moments This Week,Channel_2025,4,2024-08-11T10:00:00.000Z,trending|official|2024,4691,217,2,74,https://i.ytimg.com/vi/PMTseY3zwfA/default.jpg,False,False,False,Auto-generated sample description for Comedy video.
N1ljiJSHQS4,24.05.08,Behind the Scenes: Entertainment,Channel_2648,14,2024-08-05T22:00:00.000Z,2024|review|live,159911,3459,1390,1024,https://i.ytimg.com/vi/y5NuFPCR5jZ/default.jpg,False,False,False,Auto-generated sample description for Entertainment video.
93NTXMzcUmc,24.15.11,Music Compilation 2024,Channel_1030,3,2024-11-14T11:00:00.000Z,official|2024|live,103881,5922,717,198,https://i.ytimg.com/vi/aDKuF9MBrIS/default.jpg,False,False,False,Auto-generated sample description for Music video.
4mG92Z5eBNp,24.22.09,Behind the Scenes: Comedy,Channel_1480,4,2024-09-22T02:00:00.000Z,2024|trending|music,3437,220,18,53,https://i.ytimg.com/vi/W5DKLR9ohx0/default.jpg,False,False,False,Auto-generated sample description for Comedy video.
wpFf0jW12Zq,24.25.04,Top 10 Gaming Moments This Week,Channel_939,16,2024-04-22T16:00:00.000Z,review|vlog|music,414,32,0,1,https://i.ytimg.com/vi/KtABYIgfqi9/default.jpg,True,False,False,Auto-generated sample description for Gaming video.
K30UmAJcffR,24.29.06,Why This Gaming Video Went Viral,Channel_4062,16,2024-06-25T19:00:00.000Z,review|live|vlog,8674,123,76,75,https://i.ytimg.com/vi/IbaHiQtk676/default.jpg,False,False,False,Auto-generated sample description for Gaming video.
1xta677e7DR,24.25.05,Official Music Highlights,Channel_1186,11,2024-05-24T02:00:00.000Z,trending|music|2024,16837,462,14,51,https://i.ytimg.com/vi/3Uk3A_Cm5wF/default.jpg,False,False,False,Auto-generated sample description for Music video.
V7h7XTmXHBR,24.28.02,Behind the Scenes: Music,Channel_4509,3,2024-02-27T05:00:00.000Z,official|vlog|trending,260127,18206,946,2497,https://i.ytimg.com/vi/Z2Xe38LkpJc/default.jpg,False,False,False,Auto-generated sample description for Music video.
bbzVL3W5xAu,24.03.03,Top 10 Music Moments This Week,Channel_4852,3,2024-03-03T22:00:00.000Z,2024|music|trending,75756,4485,741,1354,https://i.ytimg.com/vi/0BJUCaaUBtK/default.jpg,False,False,False,Auto-generated sample description for Music video.
F-TYEDbtWoo,24.06.02,Reacting to Gaming Trends,Channel_2925,6,2024-02-02T20:00:00.000Z,review|live|music,54549,3653,423,1048,https://i.ytimg.com/vi/VmWO8VHmtcQ/default.jpg,False,False,False,Auto-generated sample description for Gaming video.
KRY_SNvPCSx,24.21.02,Official Gaming Highlights,Channel_4222,16,2024-02-21T10:00:00.000Z,review|vlog|music,47108,3379,52,533,https://i.ytimg.com/vi/-IX3IypIq1y/default.jpg,False,False,False,Auto-generated sample description for Gaming video.
uUxKC96M8cw,24.24.07,Reacting to Music Trends,Channel_2591,3,2024-07-20T09:00:00.000Z,official|trending|vlog,10413,750,34,50,https://i.ytimg.com/vi/uD8xrsF8_n6/default.jpg,False,False,False,Auto-generated sample description for Music video.
-B3pm8JT0Rf,24.09.01,Music Compilation 2024,Channel_1042,11,2024-01-09T18:00:00.000Z,official|review|2024,64287,3439,182,294,https://i.ytimg.com/vi/rbawwv7UdjK/default.jpg,False,False,False,Auto-generated sample description for Music video.
jYXPmuke6F8,24.15.03,Music Compilation 2024,Channel_1337,11,2024-03-12T14:00:00.000Z,vlog|review|live,11577,538,21,65,https://i.ytimg.com/vi/JgTJJmb4uys/default.jpg,True,False,False,Auto-generated sample description for Music video.
EmFz1YnaHXG,25.08.01,Behind the Scenes: Nonprofits & Activism,Channel_4036,5,2025-01-05T05:00:00.000Z,live|vlog|trending,1330,39,3,22,https://i.ytimg.com/vi/YsWnRgsIWsC/default.jpg,False,False,False,"Auto-generated sample description for Nonprofits & Activism video.
Second line inside a quoted CSV field."
Al1mfheMnkY,24.11.03,Music Compilation 2024,Channel_4248,11,2024-03-07T20:00:00.000Z,trending|live|official,153309,4775,531,2393,https://i.ytimg.com/vi/e6r_BTweRCW/default.jpg,False,False,False,Auto-generated sample description for Music video.
hxz12gzi9C1,25.21.01,Music Compilation 2024,Channel_70,11,2025-01-18T03:00:00.000Z,2024|music|live,28100,2007,145,137,https://i.ytimg.com/vi/62qxefywoym/default.jpg,False,False,False,Auto-generated sample description for Music video.
6ZhxagBU83w,24.11.11,Top 10 Entertainment Moments This Week,Channel_2948,14,2024-11-10T12:00:00.000Z,music|2024|official,12056,451,97,122,https://i.ytimg.com/vi/2bWPIX-BZAH/default.jpg,False,False,False,Auto-generated sample description for Entertainment video.
t-fS6kDEKJC,24.15.06,Music Compilation 2024,Channel_176,3,2024-06-14T13:00:00.000Z,2024|live|trending,6035,190,39,118,https://i.ytimg.com/vi/ovGiUfD8phz/default.jpg,False,False,False,Auto-generated sample description for Music video.
VEXuBRUXsOA,24.02.09,Top 10 Entertainment Moments This Week,Channel_3203,14,2024-08-31T11:00:00.000Z,official|live|review,20896,753,199,317,https://i.ytimg.com/vi/9DKSNskqEVs/default.jpg,False,False,False,Auto-generated sample description for Entertainment video.
dmCUUZ7-Co8,24.31.03,Why This Music Video Went Viral,Channel_349,11,2024-03-31T18:00:00.000Z,live|music|review,701559,8372,4357,8772,https://i.ytimg.com/vi/qeFybYX9b3H/default.jpg,False,False,False,Auto-generated sample description for Music video.
TKO8teR3XcX,24.29.10,Reacting to Music Trends,Channel_4567,3,2024-10-28T21:00:00.000Z,official|vlog|live,13559,651,48,244,https://i.ytimg.com/vi/fWWp5LDZI95/default.jpg,False,False,False,Auto-generated sample description for Music video.
4uxaAlMHQ9c,24.10.05,Top 10 Music Moments This Week,Channel_3480,11,2024-05-07T14:00:00.000Z,official|trending|review,3452,216,18,61,https://i.ytimg.com/vi/sD37OEr9aAc/default.jpg,False,False,False,Auto-generated sample description for Music video.
SPCp5ebIdRz,24.18.08,Music Compilation 2024,Channel_2909,3,2024-08-17T00:00:00.000Z,vlog|official|trending,33194,1502,262,486,https://i.ytimg.com/vi/EOJfslncaxs/default.jpg,False,False,False,Auto-generated sample description for Music video.
NZwcctmIZot,25.24.01,Reacting to Music Trends,Channel_3488,11,2025-01-24T16:00:00.000Z,official|trending|review,32126,432,267,208,https://i.ytimg.com/vi/tczIvieJrVz/default.jpg,False,False,False,Auto-generated sample description for Music video.
jkV7OXZw8B1,24.10.06,Reacting to Comedy Trends,Channel_1596,7,2024-06-08T14:00:00.000Z,2024|trending|review,65355,4283,344,86,https://i.ytimg.com/vi/tJoN0ymD6pl/default.jpg,False,False,False,Auto-generated sample description for Comedy video.
UYMftFDgvzu,24.21.07,Why This Comedy Video Went Viral,Channel_3234,7,2024-07-18T05:00:00.000Z,trending|vlog|review,62811,1446,273,296,https://i.ytimg.com/vi/BRz12PqTmGK/default.jpg,False,False,False,Auto-generated sample description for Comedy video.
6nG1Tdr42_d,24.02.09,Why This Comedy Video Went Viral,Channel_1443,7,2024-08-29T18:00:00.000Z,review|live|2024,15261,1205,24,227,https://i.ytimg.com/vi/u5tNBpK2Zpn/default.jpg,False,False,False,Auto-generated sample description for Comedy video.
of8u-KXkjlq,24.16.06,Music Compilation 2024,Channel_2917,3,2024-06-12T18:00:00.000Z,vlog|live|2024,17612,510,58,144,https://i.ytimg.com/vi/aLEWcYJo92N/default.jpg,False,False,False,Auto-generated sample description for Music video.
kVNqH_zNnRX,25.15.01,Reacting to Entertainment Trends,Channel_526,14,2025-01-11T08:00:00.000Z,live|2024|official,22912,692,127,329,https://i.ytimg.com/vi/kX6-zOeAUc9/default.jpg,False,False,False,Auto-generated sample description for Entertainment video.
hPQ2-NPnhNh,24.15.08,Behind the Scenes: Entertainment,Channel_1201,14,2024-08-12T03:00:00.000Z,2024|review|vlog,37297,2650,320,225,https://i.ytimg.com/vi/dA7ziiam6Bu/default.jpg,False,False,False,Auto-generated sample description for Entertainment video.
LnfWrfOahUh,24.26.07,Music Compilation 2024,Channel_3725,11,2024-07-24T07:00:00.000Z,music|2024|review,867980,22926,2710,17149,https://i.ytimg.com/vi/_L-RqjDK__q/default.jpg,True,False,False,Auto-generated sample description for Music video.
sMxdka_WnQv,24.01.07,Reacting to People & Blogs Trends,Channel_2740,8,2024-06-30T03:00:00.000Z,vlog|2024|music,810,36,3,5,https://i.ytimg.com/vi/khCjASmbm3I/default.jpg,False,False,False,Auto-generated sample description for People & Blogs video.
cmlNEhnDXL9,24.07.11,Reacting to Music Trends,Channel_1466,11,2024-11-03T17:00:00.000Z,trending|music|live,454427,11485,3565,1104,https://i.ytimg.com/vi/tEKdeeR4fjG/default.jpg,False,False,False,Auto-generated sample description for Music video.
WoAKnl8BUto,24.02.01,Reacting to Music Trends,Channel_116,11,2024-01-02T09:00:00.000Z,live|trending|review,261917,7168,1801,4672,https://i.ytimg.com/vi/JKZFFV_zH6J/default.jpg,False,False,False,Auto-generated sample description for Music video.
QradlZ64F1x,24.10.10,Official Music Highlights,Channel_200,11,2024-10-07T05:00:00.000Z,trending|2024|live,12627,770,113,11,https://i.ytimg.com/vi/_zmYB-Wa_L4/default.jpg,False,False,False,Auto-generated sample description for Music video.
qjfHkyQEfO3,25.16.01,Reacting to Comedy Trends,Channel_1287,7,2025-01-14T18:00:00.000Z,2024|official|vlog,38307,1039,298,52,https://i.ytimg.com/vi/v8Ul8bd8cNS/default.jpg,False,False,False,Auto-generated sample description for Comedy video.
bSMOU6tkLQX,24.22.10,Behind the Scenes: Music,Channel_1681,3,2024-10-22T22:00:00.000Z,review|vlog|official,17983,1136,99,26,https://i.ytimg.com/vi/XMuuH8joIef/default.jpg,False,False,False,Auto-generated sample description for Music video.
Ke8e5EfHFiX,24.15.11,Official Music Highlights,Channel_4417,11,2024-11-13T09:00:00.000Z,review|music|live,52481,1628,239,622,https://i.ytimg.com/vi/ZDumelxZ7Fh/default.jpg,False,False,False,Auto-generated sample description for Music video.
DLJd-XeoYkt,25.24.01,Top 10 Music Moments This Week,Channel_4696,11,2025-01-24T22:00:00.000Z,official|2024|live,68500,5318,468,652,https://i.ytimg.com/vi/DAZGxcNCm1j/default.jpg,False,False,False,Auto-generated sample description for Music video.
MZE_m4MIPY-,25.07.01,Gaming Compilation 2024,Channel_4938,16,2025-01-06T04:00:00.000Z,trending|official|2024,496,36,4,8,https://i.ytimg.com/vi/t5eXvSU4hny/default.jpg,False,False,False,Auto-generated sample description for Gaming video.
coqSpEJu49I,24.29.07,Top 10 Entertainment Moments This Week,Channel_4982,14,2024-07-25T16:00:00.000Z,2024|vlog|official,347352,8392,1087,1644,https://i.ytimg.com/vi/vwFHfPtE241/default.jpg,False,False,False,Auto-generated sample description for Entertainment video.
xC-tL_1BG0L,24.25.03,Top 10 Entertainment Moments This Week,Channel_1145,14,2024-03-24T06:00:00.000Z,2024|music|vlog,43184,436,174,34,https://i.ytimg.com/vi/5w0aVy2-o3e/default.jpg,False,False,False,Auto-generated sample description for Entertainment video.
UnGsK3FRmzW,24.03.09,Why This Entertainment Video Went Viral,Channel_1823,14,2024-09-01T02:00:00.000Z,vlog|2024|review,6070,143,48,110,https://i.ytimg.com/vi/7jQvrSArMX0/default.jpg,False,False,False,Auto-generated sample description for Entertainment video.
TKVmACA2tIH,24.14.11,Why This Gaming Video Went Viral,Channel_3045,6,2024-11-14T07:00:00.000Z,2024|review|official,1385,110,12,26,https://i.ytimg.com/vi/AI17Zr3_5VL/default.jpg,False,False,False,Auto-generated sample description for Gaming video.
i1AH9gmzZ_1,24.25.11,Entertainment Compilation 2024,Channel_2370,14,2024-11-21T18:00:00.000Z,review|trending|vlog,21649,1139,171,138,https://i.ytimg.com/vi/5D9HF4ryQvM/default.jpg,False,False,False,Auto-generated sample description for Entertainment video.
lG1O-iMvU2r,24.06.07,Behind the Scenes: Music,Channel_432,3,2024-07-05T03:00:00.000Z,live|review|official,25602,1940,251,146,https://i.ytimg.com/vi/izOzfPH9Hwu/default.jpg,False,False,False,Auto-generated sample description for Music video.
3yeUNg-Yq75,24.18.09,Behind the Scenes: Music,Channel_3376,3,2024-09-18T13:00:00.000Z,vlog|music|review,234514,13595,436,4422,https://i.ytimg.com/vi/ZQvkq4gxxt2/default.jpg,False,False,False,Auto-generated sample description for Music video.
5tGf74uiAKc,24.18.05,Reacting to Music Trends,Channel_443,11,2024-05-18T10:00:00.000Z,music|2024|official,7077,73,46,138,https://i.ytimg.com/vi/9sqzF7W55sL/default.jpg,False,False,False,Auto-generated sample description for Music video.
yo6qOMF2_Zz,24.24.11,Music Compilation 2024,Channel_3032,11,2024-11-21T03:00:00.000Z,music|vlog|live,133653,4499,102,233,https://i.ytimg.com/vi/9Bt2hdo_Vfi/default.jpg,False,False,False,Auto-generated sample description for Music video.
JFBEO7rqXtR,24.24.06,Behind the Scenes: Gaming,Channel_4258,16,2024-06-23T02:00:00.000Z,official|music|live,10794,225,94,102,https://i.ytimg.com/vi/Mghdar7csjE/default.jpg,False,False,False,Auto-generated sample description for Gaming video.
tZukqO2cbj9,24.21.11,Top 10 Pets & Animals Moments This Week,Channel_1161,2,2024-11-20T03:00:00.000Z,trending|live|2024,6529,467,28,110,https://i.ytimg.com/vi/CvVm7n_zfzU/default.jpg,False,False,False,Auto-generated sample description for Pets & Animals video.
IeLzkcr-hMK,24.03.04,Why This Music Video Went Viral,Channel_2830,3,2024-03-30T10:00:00.000Z,trending|official|review,1782073,19487,10100,11366,https://i.ytimg.com/vi/s9lYPSnfTYj/default.jpg,False,False,False,Auto-generated sample description for Music video.
xOygGcVeGZQ,24.29.06,Reacting to Entertainment Trends,Channel_68,14,2024-06-29T09:00:00.000Z,trending|live|official,33295,2560,309,151,https://i.ytimg.com/vi/pywBo_8KCpt/default.jpg,False,False,False,Auto-generated sample description for Entertainment video.
Vr5Dj1iPi-q,24.20.06,Behind the Scenes: Gaming,Channel_3769,16,2024-06-16T18:00:00.000Z,vlog|review|official,3819,181,26,44,https://i.ytimg.com/vi/lD20FCeW9gy/default.jpg,False,False,False,Auto-generated sample description for Gaming video.
SvEgUkVBkoM,24.02.03,Reacting to Music Trends,Channel_896,11,2024-02-28T00:00:00.000Z,vlog|review|official,20907,514,78,299,https://i.ytimg.com/vi/KLCN0Iel9sU/default.jpg,False,False,False,Auto-generated sample description for Music video.
SKTpwCwRRCp,25.08.01,Comedy Compilation 2024,Channel_1010,4,2025-01-08T19:00:00.000Z,vlog|trending|music,30858,621,38,341,https://i.ytimg.com/vi/_Hit5_rcyUo/default.jpg,False,False,False,Auto-generated sample description for Comedy video.
-Pq-3F03N-j,24.02.06,Official People & Blogs Highlights,Channel_988,8,2024-06-02T03:00:00.000Z,trending|live|official,38144,2004,157,113,https://i.ytimg.com/vi/oA1CsEYNxCC/default.jpg,False,False,False,Auto-generated sample description for People & Blogs video.
x8KkHGSEWKd,24.25.10,Top 10 Entertainment Moments This Week,Channel_2937,14,2024-10-23T05:00:00.000Z,review|live|2024,19919,669,33,235,https://i.ytimg.com/vi/UE5ZQOfzFKC/default.jpg,False,False,False,Auto-generated sample description for Entertainment video.
wqYzi39qtuo,24.17.09,Top 10 Music Moments This Week,Channel_3599,3,2024-09-15T21:00:00.000Z,official|vlog|2024,49559,1851,429,822,https://i.ytimg.com/vi/5oCEn9g2kMk/default.jpg,False,False,False,Auto-generated sample description for Music video.
xppM4Wox6Cd,24.22.07,Official Entertainment Highlights,Channel_1919,14,2024-07-21T06:00:00.000Z,trending|official|vlog,40190,1338,242,32,https://i.ytimg.com/vi/C2pEg3zfAkU/default.jpg,False,False,False,Auto-generated sample description for Entertainment video.
x-jwQyT_rIx,24.27.09,Official Music Highlights,Channel_1397,3,2024-09-26T07:00:00.000Z,official|2024|live,221200,3932,866,2676,https://i.ytimg.com/vi/j-jZdujmuJQ/default.jpg,False,False,False,Auto-generated sample description for Music video.
RGXcPEvmWo8,24.10.05,Reacting to Music Trends,Channel_1715,11,2024-05-07T17:00:00.000Z,2024|review|live,631640,33559,5374,5503,https://i.ytimg.com/vi/aEuKvMk5ryA/default.jpg,False,False,False,Auto-generated sample description for Music video.
_BkDRCW07Gj,24.07.04,Reacting to Gaming Trends,Channel_3510,16,2024-04-07T06:00:00.000Z,official|review|vlog,32018,1190,238,479,https://i.ytimg.com/vi/17z22KmUtDX/default.jpg,False,False,False,Auto-generated sample description for Gaming video.
VF-OvJrhybj,24.04.09,Behind the Scenes: Comedy,Channel_3601,4,2024-09-02T03:00:00.000Z,2024|review|trending,35448,2811,275,33,https://i.ytimg.com/vi/9E3oIpW2sXI/default.jpg,False,False,False,Auto-generated sample description for Comedy video.
k70S25_zKUQ,24.24.10,Why This Music Video Went Viral,Channel_2157,3,2024-10-21T21:00:00.000Z,trending|vlog|review,4117,319,23,54,https://i.ytimg.com/vi/FkjEla4gzLh/default.jpg,False,False,False,Auto-generated sample description for Music video.
ZMoqe165dS9,24.25.12,Behind the Scenes: Music,Channel_1576,3,2024-12-25T06:00:00.000Z,vlog|live|music,4151,326,10,81,https://i.ytimg.com/vi/fyC9q1rH4Ty/default.jpg,False,False,False,Auto-generated sample description for Music video.
dDIr9_OJD47,25.04.02,Behind the Scenes: Music,Channel_2691,3,2025-02-02T16:00:00.000Z,vlog|official|music,115431,3623,518,243,https://i.ytimg.com/vi/bOmwI81Vsod/default.jpg,False,False,False,Auto-generated sample description for Music video.
Z5rkvwpJcw9,24.20.09,Official Music Highlights,Channel_2928,3,2024-09-19T19:00:00.000Z,vlog|2024|trending,42938,1828,224,261,https://i.ytimg.com/vi/0-pvPjDGnke/default.jpg,False,False,False,Auto-generated sample description for Music video.
LdsTcpl3ZNv,24.07.07,Why This Entertainment Video Went Viral,Channel_4353,14,2024-07-07T09:00:00.000Z,music|review|live,48165,1579,446,653,https://i.ytimg.com/vi/EQI6GucvaQt/default.jpg,False,False,False,Auto-generated sample description for Entertainment video.
8HwMeZvRjTM,24.20.08,Top 10 Comedy Moments This Week,Channel_3357,7,2024-08-16T19:00:00.000Z,music|live|vlog,57140,3569,180,1053,https://i.ytimg.com/vi/NzaUsVydwjr/default.jpg,False,False,True,Auto-generated sample description for Comedy video.
6z6hZt3MQCv,24.09.11,Top 10 Music Moments This Week,Channel_2561,3,2024-11-09T18:00:00.000Z,music|2024|review,713502,52574,3238,12041,https://i.ytimg.com/vi/_v01xbmJJUn/default.jpg,False,False,False,Auto-generated sample description for Music video.
gBgLoV6cBhh,24.31.05,Reacting to Comedy Trends,Channel_936,4,2024-05-30T14:00:00.000Z,2024|review|official,1447,19,5,5,https://i.ytimg.com/vi/Re02BsQ0KHZ/default.jpg,False,False,False,Auto-generated sample description for Comedy video.
UC323gGlxKr,24.20.08,Why This Entertainment Video Went Viral,Channel_1057,14,2024-08-17T00:00:00.000Z,official|vlog|review,13151,430,20,230,https://i.ytimg.com/vi/sHNmkNF72Se/default.jpg,False,False,False,Auto-generated sample description for Entertainment video.
t9WJUqRyxBi,24.20.01,Reacting to Music Trends,Channel_434,3,2024-01-20T04:00:00.000Z,official|2024|trending,15099,592,75,171,https://i.ytimg.com/vi/Tjtk92ppexh/default.jpg,False,False,True,
judVpcpkZxe,24.08.05,Comedy Compilation 2024,Channel_4841,4,2024-05-06T01:00:00.000Z,trending|2024|music,14544,260,22,153,https://i.ytimg.com/vi/HWEP50UvfGL/default.jpg,False,False,False,Auto-generated sample description for Comedy video.
dRbhlBw0D77,24.27.02,Official Travel & Events Highlights,Channel_4184,13,2024-02-25T17:00:00.000Z,music|official|live,5491,360,12,11,https://i.ytimg.com/vi/H5jVToBnC1M/default.jpg,False,False,False,Auto-generated sample description for Travel & Events video.
VPk0Vg_-HnM,24.16.12,Behind the Scenes: Education,Channel_1908,10,2024-12-15T07:00:00.000Z,live|2024|vlog,1498,91,8,6,https://i.ytimg.com/vi/26LHJjhEmin/default.jpg,False,False,False,Auto-generated sample description for Education video.
SV3Omh66a1X,24.02.09,Official Entertainment Highlights,Channel_2812,14,2024-08-31T01:00:00.000Z,music|review|trending,150467,9633,501,2080,https://i.ytimg.com/vi/mjU3bDsNQpv/default.jpg,False,False,False,Auto-generated sample description for Entertainment video.
msHsDZAGY4J,24.18.07,Behind the Scenes: Film & Animation,Channel_905,9,2024-07-16T02:00:00.000Z,vlog|live|review,3857,182,26,14,https://i.ytimg.com/vi/o2FXW9Mu8pY/default.jpg,False,False,False,Auto-generated sample description for Film & Animation video.
3i1lwTsUe0X,24.17.05,Behind the Scenes: Music,Channel_3942,11,2024-05-14T07:00:00.000Z,vlog|live|official,49903,1469,249,750,https://i.ytimg.com/vi/OKps0cZvvOy/default.jpg,False,False,False,Auto-generated sample description for Music video.
vWYLrx3Ikci,25.20.01,Behind the Scenes: Music,Channel_1491,3,2025-01-18T06:00:00.000Z,official|trending|review,303609,15349,267,4485,https://i.ytimg.com/vi/eypYMz_moTJ/default.jpg,False,False,False,Auto-generated sample description for Music video.
iUkZcfdx5ZS,24.01.12,Gaming Compilation 2024,Channel_40,16,2024-11-28T22:00:00.000Z,trending|vlog|official,26818,493,127,98,https://i.ytimg.com/vi/6uTibNlWFn1/default.jpg,False,False,False,Auto-generated sample description for Gaming video.
8Xzt-JfTxHP,24.11.02,Official Education Highlights,Channel_4709,10,2024-02-09T13:00:00.000Z,2024|vlog|music,3513,242,12,66,https://i.ytimg.com/vi/Z_WV9h1x9eb/default.jpg,False,False,False,Auto-generated sample description for Education video.
l_tCH2v8K7A,24.29.08,Reacting to Music Trends,Channel_3034,3,2024-08-26T20:00:00.000Z,vlog|2024|music,156236,10732,306,180,https://i.ytimg.com/vi/EZ-lMpvuyD-/default.jpg,False,False,False,Auto-generated sample description for Music video.
TQgOPw375PB,24.18.12,Official Music Highlights,Channel_407,11,2024-12-18T02:00:00.000Z,official|trending|2024,10340,524,62,157,https://i.ytimg.com/vi/w8wmmq4hpUY/default.jpg,False,False,False,Auto-generated sample description for Music video.
q7oiAPTIFDQ,24.07.05,Reacting to Music Trends,Channel_2611,11,2024-05-05T11:00:00.000Z,vlog|trending|review,83266,6612,722,1353,https://i.ytimg.com/vi/m1LvsSiX_iI/default.jpg,False,False,False,Auto-generated sample description for Music video.
zBImB6DiXbP,24.18.06,Behind the Scenes: Gaming,Channel_805,6,2024-06-17T01:00:00.000Z,vlog|trending|review,898,36,5,16,https://i.ytimg.com/vi/xOxQxZD3N3F/default.jpg,False,False,False,Auto-generated sample description for Gaming video.
9Mq-0DizY-v,25.15.01,Top 10 Music Moments This Week,Channel_2039,3,2025-01-11T21:00:00.000Z,vlog|trending|2024,14335,1040,51,8,https://i.ytimg.com/vi/kTZFDsxmsp-/default.jpg,False,False,False,Auto-generated sample description for Music video.
nH07GStMef3,25.19.01,Official Music Highlights,Channel_1243,3,2025-01-19T15:00:00.000Z,official|live|music,5056,336,41,27,https://i.ytimg.com/vi/J69zWcMVWkL/default.jpg,False,False,False,Auto-generated sample description for Music video.
yVN-sz-OGq8,24.19.10,Behind the Scenes: Music,Channel_302,3,2024-10-17T22:00:00.000Z,vlog|music|live,197492,3727,1270,795,https://i.ytimg.com/vi/6Ej3Rm0rSRQ/default.jpg,False,False,False,Auto-generated sample description for Music video.
-sxUJETExhf,24.01.04,Official Autos & Vehicles Highlights,Channel_4125,1,2024-03-29T04:00:00.000Z,trending|2024|official,12671,680,92,192,https://i.ytimg.com/vi/9UVauHTDFmf/default.jpg,False,False,False,Auto-generated sample description for Autos & Vehicles video.
-ihxexToptF,24.18.07,Official Entertainment Highlights,Channel_3260,14,2024-07-14T03:00:00.000Z,trending|2024|vlog,145031,8642,1018,1908,https://i.ytimg.com/vi/YlN7YvMoxC6/default.jpg,False,False,False,Auto-generated sample description for Entertainment video.
3nVCEe4Z5pU,24.14.03,Top 10 Music Moments This Week,Channel_4973,3,2024-03-13T11:00:00.000Z,official|2024|live,168568,9394,1431,402,https://i.ytimg.com/vi/gcu_DwQCZh2/default.jpg,False,False,False,Auto-generated sample description for Music video.
LiAGblDX6ZN,24.16.12,Reacting to Music Trends,Channel_3604,11,2024-12-13T12:00:00.000Z,music|official|vlog,58668,1313,364,706,https://i.ytimg.com/vi/86qLfpmARJY/default.jpg,False,False,False,Auto-generated sample description for Music video.
tOCyVgL8J8e,24.15.01,Official Music Highlights,Channel_4714,3,2024-01-14T15:00:00.000Z,trending|2024|music,179937,6537,1574,3573,https://i.ytimg.com/vi/32XHygaxo8C/default.jpg,False,False,False,Auto-generated sample description for Music video.
YTOl67gkEV_,25.30.01,Official Music Highlights,Channel_4212,3,2025-01-27T07:00:00.000Z,trending|official|review,156686,8628,227,3071,https://i.ytimg.com/vi/2rFLMkaZ5Wy/default.jpg,False,False,False,Auto-generated sample description for Music video.
HlTRdevhn3g,24.01.01,Pets & Animals Compilation 2024,Channel_3663,2,2024-01-01T02:00:00.000Z,music|live|vlog,15317,180,37,27,https://i.ytimg.com/vi/TLZDaJNBIH3/default.jpg,False,False,False,Auto-generated sample description for Pets & Animals video.
ZMa-jT706aF,24.06.04,Official Music Highlights,Channel_4427,3,2024-04-03T12:00:00.000Z,official|music|trending,153891,9724,1198,683,https://i.ytimg.com/vi/1Za-Pa-ma75/default.jpg,False,False,False,Auto-generated sample description for Music video.
nCnD8SBtdi7,24.14.03,Official Entertainment Highlights,Channel_4550,14,2024-03-11T07:00:00.000Z,review|vlog|live,52822,2709,51,233,https://i.ytimg.com/vi/K-kaJ18JrSC/default.jpg,False,False,False,Auto-generated sample description for Entertainment video.
-y214uyirCg,24.22.09,Music Compilation 2024,Channel_3489,3,2024-09-19T00:00:00.000Z,music|review|2024,41999,2766,368,503,https://i.ytimg.com/vi/lxw1STr_gkd/default.jpg,False,False,False,Auto-generated sample description for Music video.
YzCyKQ5lNuD,24.03.11,Behind the Scenes: Music,Channel_3250,11,2024-11-01T15:00:00.000Z,2024|review|trending,32506,1960,229,84,https://i.ytimg.com/vi/F1-sM6f7nDO/default.jpg,False,False,False,Auto-generated sample description for Music video.
hUMmKZxq8kP,24.06.10,Official Gaming Highlights,Channel_1512,6,2024-10-06T22:00:00.000Z,music|live|vlog,441,11,2,1,https://i.ytimg.com/vi/Zy3_6jKiWb3/default.jpg,True,False,False,Auto-generated sample description for Gaming video.
b065MzRBo2Z,24.23.11,Official Entertainment Highlights,Channel_3044,14,2024-11-19T18:00:00.000Z,vlog|review|music,59048,3367,444,1055,https://i.ytimg.com/vi/WrVm9zSXUQC/default.jpg,False,False,False,Auto-generated sample description for Entertainment video.
t5S27Qubc2u,25.19.01,Top 10 Music Moments This Week,Channel_455,3,2025-01-18T03:00:00.000Z,official|2024|music,1061987,47154,2186,3515,https://i.ytimg.com/vi/qMKOA_zE-S0/default.jpg,False,False,False,Auto-generated sample description for Music video.
IyopfbKGsBD,24.14.12,Top 10 Autos & Vehicles Moments This Week,Channel_865,1,2024-12-12T09:00:00.000Z,official|2024|review,14916,831,9,214,https://i.ytimg.com/vi/Y6gaJTMBk-9/default.jpg,False,False,False,Auto-generated sample description for Autos & Vehicles video.
s9ic2HaZ-bK,24.20.10,Official Entertainment Highlights,Channel_2490,14,2024-10-19T17:00:00.000Z,music|2024|official,135787,2090,1081,1902,https://i.ytimg.com/vi/BMSvGKNH9oz/default.jpg,False,False,False,Auto-generated sample description for Entertainment video.
vIE6y0QJk1r,24.30.05,Music Compilation 2024,Channel_4202,11,2024-05-28T00:00:00.000Z,vlog|live|2024,1033818,40031,813,4621,https://i.ytimg.com/vi/GvBKUve2fUe/default.jpg,False,False,False,Auto-generated sample description for Music video.
o17YJr2hx4U,25.10.01,Why This Music Video Went Viral,Channel_216,11,2025-01-08T21:00:00.000Z,music|vlog|live,23409,789,152,173,https://i.ytimg.com/vi/e6rt0fVT2Fw/default.jpg,False,False,False,Auto-generated sample description for Music video.
OeS-zo2uaxl,24.22.11,Behind the Scenes: Gaming,Channel_4837,16,2024-11-21T09:00:00.000Z,official|2024|review,26701,772,170,175,https://i.ytimg.com/vi/bn12IqxX0Am/default.jpg,False,False,False,Auto-generated sample description for Gaming video.
dFoaJkvm5r7,24.17.04,Official Entertainment Highlights,Channel_1855,14,2024-04-15T12:00:00.000Z,official|2024|review,3564,221,9,56,https://i.ytimg.com/vi/ydIOnEUPIXm/default.jpg,False,False,False,Auto-generated sample description for Entertainment video.
n-XjOGSB7OJ,24.01.05,Top 10 Comedy Moments This Week,Channel_2185,4,2024-04-28T19:00:00.000Z,vlog|music|review,4578,90,25,18,https://i.ytimg.com/vi/SAcy9W9Vcj4/default.jpg,False,False,False,Auto-generated sample description for Comedy video.
bXyWy0rXn3w,24.24.04,Official Entertainment Highlights,Channel_1907,14,2024-04-20T03:00:00.000Z,official|music|review,104143,6199,814,132,https://i.ytimg.com/vi/x_Cr8FU5O-l/default.jpg,False,False,False,Auto-generated sample description for Entertainment video.
rrNc9auAfcb,24.07.01,Why This Music Video Went Viral,Channel_61,11,2024-01-06T02:00:00.000Z,vlog|music|live,25976,1135,221,40,https://i.ytimg.com/vi/dLqyUk5i98o/default.jpg,False,False,False,Auto-generated sample description for Music video.
wZOOba2DKjt,24.28.07,Why This Entertainment Video Went Viral,Channel_4303,14,2024-07-25T09:00:00.000Z,trending|music|official,61073,1179,350,770,https://i.ytimg.com/vi/pxua8j_IpXJ/default.jpg,False,False,False,Auto-generated sample description for Entertainment video.
3JKXi6d9wFc,24.29.09,Top 10 Entertainment Moments This Week,Channel_3080,14,2024-09-28T00:00:00.000Z,trending|official|music,52346,1595,73,382,https://i.ytimg.com/vi/xq7v3qc4BRt/default.jpg,False,False,False,Auto-generated sample description for Entertainment video.
Us6b-tgBqmd,24.26.07,Behind the Scenes: Comedy,Channel_487,4,2024-07-24T16:00:00.000Z,vlog|review|live,9776,470,84,28,https://i.ytimg.com/vi/c0KrXwWJ_Ob/default.jpg,False,False,False,Auto-generated sample description for Comedy video.
s3kKCcgM1V8,24.11.04,Reacting to Entertainment Trends,Channel_1654,14,2024-04-10T09:00:00.000Z,live|vlog|2024,13243,588,26,139,https://i.ytimg.com/vi/ug3zUay8KTa/default.jpg,False,True,False,Auto-generated sample description for Entertainment video.
RmOhwTWWCIO,24.18.11,Behind the Scenes: Film & Animation,Channel_4635,9,2024-11-18T03:00:00.000Z,music|trending|2024,12304,750,62,200,https://i.ytimg.com/vi/Lm6JJAnKV5l/default.jpg,False,False,False,Auto-generated sample description for Film & Animation video.
xKZeCz0rJld,24.31.07,Why This Music Video Went Viral,Channel_4986,3,2024-07-28T11:00:00.000Z,trending|vlog|music,18986,891,65,25,https://i.ytimg.com/vi/iDwkEY-WAjU/default.jpg,False,False,False,Auto-generated sample description for Music video.
hkCCH5oFZJq,24.02.01,Official Entertainment Highlights,Channel_3615,14,2024-01-01T08:00:00.000Z,live|2024|vlog,1806709,26333,12685,25483,https://i.ytimg.com/vi/ONaLKywSXhX/default.jpg,False,False,False,Auto-generated sample description for Entertainment video.
abG-BtKEcJU,24.12.03,Official Film & Animation Highlights,Channel_4577,9,2024-03-08T13:00:00.000Z,review|vlog|music,31974,1578,76,382,https://i.ytimg.com/vi/-XtodGgyofs/default.jpg,False,False,False,Auto-generated sample description for Film & Animation video.
CFffxpW9k0k,24.29.01,Top 10 Education Moments This Week,Channel_4148,10,2024-01-27T13:00:00.000Z,live|trending|vlog,3016,140,2,37,https://i.ytimg.com/vi/Txzr8MyYUvK/default.jpg,False,False,False,Auto-generated sample description for Education video.
5NbW2aK2lyd,24.11.12,Top 10 Music Moments This Week,Channel_1050,11,2024-12-07T21:00:00.000Z,live|trending|vlog,67258,5179,142,430,https://i.ytimg.com/vi/AJ_yqG8kZXg/default.jpg,False,False,False,Auto-generated sample description for Music video.
wfJ0pPHHKqz,24.30.10,Why This Autos & Vehicles Video Went Viral,Channel_3677,1,2024-10-26T22:00:00.000Z,vlog|trending|2024,6631,123,5,52,https://i.ytimg.com/vi/ME1Jze3cQJ5/default.jpg,False,False,False,Auto-generated sample description for Autos & Vehicles video.
I_DrXpMMamC,24.28.06,Why This Gaming Video Went Viral,Channel_894,16,2024-06-28T13:00:00.000Z,official|trending|vlog,15230,577,46,140,https://i.ytimg.com/vi/PnJDhQ-SXeP/default.jpg,False,False,False,Auto-generated sample description for Gaming video.
2ac6uyXBzRz,24.15.08,Top 10 Comedy Moments This Week,Channel_2455,4,2024-08-14T16:00:00.000Z,review|live|vlog,3633,76,5,35,https://i.ytimg.com/vi/3YwQmQoj887/default.jpg,False,False,False,Auto-generated sample description for Comedy video.
odJtohwhIGo,24.05.06,Official Music Highlights,Channel_4541,11,2024-06-03T18:00:00.000Z,official|live|trending,15300,224,145,219,https://i.ytimg.com/vi/W8SiSLAmklD/default.jpg,True,False,False,Auto-generated sample description for Music video.
Qx-sXJN4rVJ,24.19.08,Why This Music Video Went Viral,Channel_2368,3,2024-08-19T17:00:00.000Z,music|trending|review,11996,183,44,82,https://i.ytimg.com/vi/fme91HVbCX9/default.jpg,False,False,False,Auto-generated sample description for Music video.
JnrbfmRaTZo,24.13.03,Behind the Scenes: Entertainment,Channel_4080,14,2024-03-12T10:00:00.000Z,music|live|trending,340612,17874,2341,2863,https://i.ytimg.com/vi/HYny5lnmWNN/default.jpg,False,False,False,Auto-generated sample description for Entertainment video.
qqD1l7zUEXm,24.24.04,Official Music Highlights,Channel_2051,3,2024-04-22T20:00:00.000Z,review|vlog|music,131069,7345,225,2544,https://i.ytimg.com/vi/fO8QlDN7sXd/default.jpg,False,False,False,Auto-generated sample description for Music video.
Z-s6H1hgQ-4,24.20.12,Top 10 Music Moments This Week,Channel_2781,3,2024-12-18T08:00:00.000Z,review|live|trending,47056,2237,360,213,https://i.ytimg.com/vi/yEqixuagDqw/default.jpg,False,False,False,Auto-generated sample description for Music video.
wrthNGDapEq,24.29.03,Why This Entertainment Video Went Viral,Channel_4870,14,2024-03-25T09:00:00.000Z,review|trending|official,11096,280,95,219,https://i.ytimg.com/vi/USHDPaH_67D/default.jpg,False,False,False,Auto-generated sample description for Entertainment video.
976fEFxU3oL,24.05.09,Behind the Scenes: Music,Channel_4639,3,2024-09-02T17:00:00.000Z,2024|live|music,47192,3016,164,607,https://i.ytimg.com/vi/Hpdg4zNJFbf/default.jpg,False,False,False,Auto-generated sample description for Music video.
yh4416Z14xT,24.25.03,Top 10 Gaming Moments This Week,Channel_2959,6,2024-03-25T03:00:00.000Z,vlog|live|official,30309,1914,215,259,https://i.ytimg.com/vi/Zd_Ko1FoCuD/default.jpg,False,False,False,Auto-generated sample description for Gaming video.
9cTyMQ4yX1t,24.10.03,Behind the Scenes: Music,Channel_2580,3,2024-03-07T16:00:00.000Z,vlog|trending|review,56328,1699,496,331,https://i.ytimg.com/vi/Jfu18N7kFLW/default.jpg,False,False,False,Auto-generated sample description for Music video.
w7swV1LTqf6,24.16.11,Music Compilation 2024,Channel_3768,3,2024-11-13T09:00:00.000Z,review|music|2024,46498,2231,279,163,https://i.ytimg.com/vi/lrat4pj-utK/default.jpg,False,False,False,Auto-generated sample description for Music video.
VfSQuAOMtoq,24.26.08,Top 10 Comedy Moments This Week,Channel_3790,4,2024-08-26T06:00:00.000Z,music|2024|review,2044,94,18,25,https://i.ytimg.com/vi/GCJvZlNF6cv/default.jpg,False,False,False,Auto-generated sample description for Comedy video.
IeTUvUsW1bc,24.25.09,Reacting to Comedy Trends,Channel_2852,4,2024-09-21T10:00:00.000Z,official|2024|live,2689,107,8,44,https://i.ytimg.com/vi/FQZN79OJbiq/default.jpg,False,False,False,Auto-generated sample description for Comedy video.
cr6QvPZAXVs,24.01.10,Reacting to Gaming Trends,Channel_3214,16,2024-10-01T06:00:00.000Z,live|2024|trending,9186,97,89,90,https://i.ytimg.com/vi/Wp4P7xGXErJ/default.jpg,False,False,False,Auto-generated sample description for Gaming video.
kUmw-6tHfhR,24.08.11,Reacting to Music Trends,Channel_4006,11,2024-11-05T12:00:00.000Z,trending|2024|vlog,36686,1875,143,44,https://i.ytimg.com/vi/TyiBU8_WAvZ/default.jpg,False,False,False,Auto-generated sample description for Music video.
Nugjtwx98Mc,25.21.01,Official Gaming Highlights,Channel_2469,6,2025-01-19T18:00:00.000Z,trending|2024|music,16466,694,83,94,https://i.ytimg.com/vi/8jsqdZRC-3m/default.jpg,False,False,False,Auto-generated sample description for Gaming video.
kJJb_DV8lue,24.19.12,Why This Entertainment Video Went Viral,Channel_1163,14,2024-12-17T05:00:00.000Z,trending|official|music,11227,140,96,35,https://i.ytimg.com/vi/B4EumwJ9oPR/default.jpg,False,False,False,Auto-generated sample description for Entertainment video.
xy290ReVX1I,24.28.07,Top 10 Music Moments This Week,Channel_3853,3,2024-07-24T13:00:00.000Z,trending|2024|official,274334,3046,2727,5213,https://i.ytimg.com/vi/rUFusxn_zLv/default.jpg,False,False,False,Auto-generated sample description for Music video.
ty1Tgvh004p,24.07.12,Official Music Highlights,Channel_2674,11,2024-12-05T15:00:00.000Z,music|review|trending,401354,28630,403,3481,https://i.ytimg.com/vi/xZ4YYCOc4aM/default.jpg,False,False,False,Auto-generated sample description for Music video.
CwxrY4ZMlVn,24.11.05,Reacting to Entertainment Trends,Channel_1887,14,2024-05-07T09:00:00.000Z,live|review|music,381898,26966,3726,6966,https://i.ytimg.com/vi/f_tVZArVIDf/default.jpg,False,False,False,Auto-generated sample description for Entertainment video.
5Jx6CzhpFmL,24.17.05,Music Compilation 2024,Channel_1641,11,2024-05-17T11:00:00.000Z,2024|live|review,27942,289,198,386,https://i.ytimg.com/vi/WY2d8S0ON4m/default.jpg,False,False,False,Auto-generated sample description for Music video.
c8vVprd6FZk,24.25.02,Behind the Scenes: Entertainment,Channel_3779,14,2024-02-23T04:00:00.000Z,trending|music|vlog,5694,94,12,91,https://i.ytimg.com/vi/Fx5rrlBNX_5/default.jpg,False,False,False,Auto-generated sample description for Entertainment video.
C6_wYa6OhFl,24.19.01,Top 10 Entertainment Moments This Week,Channel_4182,14,2024-01-18T14:00:00.000Z,official|review|live,104125,3884,855,997,https://i.ytimg.com/vi/r0tRYYvJZq7/default.jpg,False,False,False,Auto-generated sample description for Entertainment video.
ZaLuFGjsNib,24.30.05,Music Compilation 2024,Channel_1297,11,2024-05-29T08:00:00.000Z,2024|music|live,149947,11013,318,1252,https://i.ytimg.com/vi/2ryvG2eUyk8/default.jpg,False,False,False,Auto-generated sample description for Music video.
NiaZL6_y_8m,24.10.11,Behind the Scenes: Music,Channel_2017,3,2024-11-06T14:00:00.000Z,vlog|live|review,79742,2941,130,1417,https://i.ytimg.com/vi/8sROJkXbeaX/default.jpg,False,False,False,Auto-generated sample description for Music video.
kyoa_R8lLVe,24.19.12,Official Entertainment Highlights,Channel_1954,14,2024-12-16T22:00:00.000Z,vlog|live|review,36983,1651,282,82,https://i.ytimg.com/vi/AQrJdj6ap5I/default.jpg,False,False,False,Auto-generated sample description for Entertainment video.
LYHFa6DuL40,24.18.02,Gaming Compilation 2024,Channel_4088,16,2024-02-16T03:00:00.000Z,trending|live|official,4156,289,7,61,https://i.ytimg.com/vi/_Q8tgQQh5Yk/default.jpg,False,False,False,Auto-generated sample description for Gaming video.
xS5RkqViVLz,24.04.07,Official Entertainment Highlights,Channel_4050,14,2024-07-01T16:00:00.000Z,2024|review|vlog,149109,9648,891,2087,https://i.ytimg.com/vi/hLBPlrS2akS/default.jpg,False,False,False,"Auto-generated sample description for Entertainment video.
Second line inside a quoted CSV field."
a0MGlTatRXn,24.16.09,Behind the Scenes: Music,Channel_1710,11,2024-09-14T07:00:00.000Z,live|vlog|music,37573,2957,195,385,https://i.ytimg.com/vi/e6O936g4Nrw/default.jpg,False,False,False,Auto-generated sample description for Music video.
DnDBUcAVZGt,24.21.11,Reacting to Comedy Trends,Channel_611,4,2024-11-21T13:00:00.000Z,vlog|live|official,6804,424,11,87,https://i.ytimg.com/vi/9RWiLzTiMYH/default.jpg,False,False,False,Auto-generated sample description for Comedy video.
N0n1QW12la1,25.21.01,Official Pets & Animals Highlights,Channel_1498,2,2025-01-21T07:00:00.000Z,trending|vlog|music,1227,55,6,8,https://i.ytimg.com/vi/M5t3oGFqUJo/default.jpg,False,False,False,Auto-generated sample description for Pets & Animals video.
pDPDVlmukl3,24.24.01,Behind the Scenes: People & Blogs,Channel_3399,8,2024-01-20T10:00:00.000Z,trending|review|live,2921,97,4,2,https://i.ytimg.com/vi/R0WWGL-9b8x/default.jpg,False,False,False,Auto-generated sample description for People & Blogs video.
tFd76fvtPMu,24.04.12,Why This Entertainment Video Went Viral,Channel_182,14,2024-12-02T15:00:00.000Z,trending|live|music,37295,1819,82,429,https://i.ytimg.com/vi/kJxyjOT_2hK/default.jpg,False,False,False,Auto-generated sample description for Entertainment video.
KTXyzhi28nj,24.11.08,Official Film & Animation Highlights,Channel_1082,9,2024-08-11T01:00:00.000Z,live|2024|trending,1434,77,7,3,https://i.ytimg.com/vi/YFlhp60L22L/default.jpg,False,False,False,Auto-generated sample description for Film & Animation video.
exk7ahiCgAt,24.06.06,Why This Comedy Video Went Viral,Channel_719,4,2024-06-06T13:00:00.000Z,official|trending|vlog,5225,77,10,59,https://i.ytimg.com/vi/wbq-oGhl6Rn/default.jpg,False,False,False,Auto-generated sample description for Comedy video.
v_Pm3lmgMuJ,24.27.11,Behind the Scenes: Entertainment,Channel_1950,14,2024-11-27T16:00:00.000Z,live|official|review,854493,21181,6754,11518,https://i.ytimg.com/vi/9mVQdLKD15W/default.jpg,False,False,False,Auto-generated sample description for Entertainment video.
-iDdp2Xl5hM,24.20.09,Behind the Scenes: Entertainment,Channel_1161,14,2024-09-16T15:00:00.000Z,live|music|vlog,9322,531,63,97,https://i.ytimg.com/vi/zIsHqdH6K-q/default.jpg,False,False,False,Auto-generated sample description for Entertainment video.
b2brlt1t4YA,24.24.05,Official Entertainment Highlights,Channel_4582,14,2024-05-24T02:00:00.000Z,official|trending|review,44347,3066,250,715,https://i.ytimg.com/vi/Hc6HNIsOUzo/default.jpg,False,False,False,Auto-generated sample description for Entertainment video.
cr2-nWlaOvn,24.29.09,Top 10 Gaming Moments This Week,Channel_4846,16,2024-09-29T17:00:00.000Z,2024|trending|review,61124,3085,594,1183,https://i.ytimg.com/vi/-9Ik6IADp47/default.jpg,True,False,False,Auto-generated sample description for Gaming video.
704EdjDlcHP,24.17.12,Reacting to Entertainment Trends,Channel_4947,14,2024-12-13T00:00:00.000Z,official|trending|2024,118870,6274,576,1211,https://i.ytimg.com/vi/9Bm1eF8WDtx/default.jpg,False,False,False,Auto-generated sample description for Entertainment video.
-aeaSkKfSX0,24.06.06,Reacting to Entertainment Trends,Channel_2304,14,2024-06-05T15:00:00.000Z,review|2024|music,25919,378,94,476,https://i.ytimg.com/vi/jKeqICnoU0U/default.jpg,False,False,False,Auto-generated sample description for Entertainment video.
oYjDlbSqY2i,24.08.04,Why This Music Video Went Viral,Channel_4548,3,2024-04-06T06:00:00.000Z,trending|live|2024,83492,6522,484,1335,https://i.ytimg.com/vi/bICgdvU1bMg/default.jpg,False,False,False,Auto-generated sample description for Music video.
X3uwNlnQXyR,25.11.01,Official Travel & Events Highlights,Channel_1185,15,2025-01-07T20:00:00.000Z,live|2024|trending,19864,602,53,345,https://i.ytimg.com/vi/bbH4_BQTDjn/default.jpg,False,False,False,Auto-generated sample description for Travel & Events video.
TdhQoxek5pZ,24.08.12,Music Compilation 2024,Channel_611,11,2024-12-07T10:00:00.000Z,review|2024|official,20514,1304,76,198,https://i.ytimg.com/vi/K10TxRg2pw3/default.jpg,False,False,False,Auto-generated sample description for Music video.
FASSZPaHDEL,24.06.11,Entertainment Compilation 2024,Channel_313,14,2024-11-06T03:00:00.000Z,music|official|review,157003,2289,266,908,https://i.ytimg.com/vi/LPRkuDodJRs/default.jpg,False,False,False,Auto-generated sample description for Entertainment video.
09spYw4awUK,24.30.10,Behind the Scenes: Entertainment,Channel_2973,14,2024-10-26T10:00:00.000Z,review|vlog|live,2449,133,23,6,https://i.ytimg.com/vi/h49wtvhkrYT/default.jpg,False,False,False,Auto-generated sample description for Entertainment video.
i126Ufg-Qu9,25.21.01,Behind the Scenes: Music,Channel_4316,3,2025-01-19T14:00:00.000Z,live|vlog|review,367390,4736,1760,4767,https://i.ytimg.com/vi/V5BuZom33X6/default.jpg,False,False,False,Auto-generated sample description for Music video.
IG45FQWroLh,24.01.02,Reacting to Music Trends,Channel_964,3,2024-01-31T20:00:00.000Z,2024|music|official,35975,1306,107,70,https://i.ytimg.com/vi/-KrMvNItiue/default.jpg,False,False,False,Auto-generated sample description for Music video.
Xf4j4gg_C1t,24.21.05,Official Music Highlights,Channel_1879,11,2024-05-18T04:00:00.000Z,live|official|music,43923,1405,331,767,https://i.ytimg.com/vi/jeMmymdWO6o/default.jpg,False,False,False,Auto-generated sample description for Music video.
SYIYu8ol235,24.26.11,Comedy Compilation 2024,Channel_771,7,2024-11-24T12:00:00.000Z,official|trending|live,6186,341,35,95,https://i.ytimg.com/vi/Z_yiXtgduQ0/default.jpg,False,False,False,Auto-generated sample description for Comedy video.
wZ2zPX1bukI,24.09.09,Official Entertainment Highlights,Channel_1120,14,2024-09-07T08:00:00.000Z,music|trending|official,19198,349,40,101,https://i.ytimg.com/vi/QvQq9jBZQOP/default.jpg,False,False,False,Auto-generated sample description for Entertainment video.
aMIReC8E3cI,24.19.01,Behind the Scenes: Comedy,Channel_700,7,2024-01-17T08:00:00.000Z,2024|official|trending,4132,110,27,80,https://i.ytimg.com/vi/SYCfUKoTY13/default.jpg,False,False,False,Auto-generated sample description for Comedy video.
lr2h4U00Ea_,24.19.03,Top 10 People & Blogs Moments This Week,Channel_4036,8,2024-03-15T02:00:00.000Z,2024|live|vlog,17866,901,105,65,https://i.ytimg.com/vi/Iylq6Da5Rqp/default.jpg,False,False,False,Auto-generated sample description for People & Blogs video.
Mw8AwOSFB5j,24.04.08,Top 10 Science & Technology Moments This Week,Channel_2418,12,2024-07-31T17:00:00.000Z,live|trending|2024,3318,105,14,17,https://i.ytimg.com/vi/zcnliliYIjZ/default.jpg,False,False,True,Auto-generated sample description for Science & Technology video.
nezqW-CxeEz,24.27.01,Behind the Scenes: Entertainment,Channel_1527,14,2024-01-24T22:00:00.000Z,live|review|vlog,212583,15932,1235,1682,https://i.ytimg.com/vi/hlnr3609-k5/default.jpg,False,False,False,Auto-generated sample description for Entertainment video.
QjZSarBP6ZW,24.30.04,Reacting to Gaming Trends,Channel_245,6,2024-04-26T22:00:00.000Z,trending|review|vlog,7635,182,48,9,https://i.ytimg.com/vi/xVTDiDXs5oQ/default.jpg,False,False,False,Auto-generated sample description for Gaming video.
WNLIWKFB60w,24.10.03,Why This Music Video Went Viral,Channel_1471,11,2024-03-06T03:00:00.000Z,2024|review|official,28522,1940,75,369,https://i.ytimg.com/vi/MrBDb_r8JJx/default.jpg,False,False,False,Auto-generated sample description for Music video.
cApp4Vo_Itk,24.03.02,Music Compilation 2024,Channel_3408,11,2024-02-02T00:00:00.000Z,live|trending|review,167515,8799,1598,1491,https://i.ytimg.com/vi/Za53aZZzOp2/default.jpg,False,False,False,Auto-generated sample description for Music video.
MZLbWuLVmEf,24.20.11,Behind the Scenes: Gaming,Channel_2779,6,2024-11-16T02:00:00.000Z,official|trending|music,84389,2147,523,1173,https://i.ytimg.com/vi/6r1lv52-kGq/default.jpg,False,False,False,Auto-generated sample description for Gaming video.
YI8GoZKMxRG,24.12.03,Official Music Highlights,Channel_2059,3,2024-03-11T21:00:00.000Z,official|vlog|review,91903,5537,621,995,https://i.ytimg.com/vi/GwnZluN8dh3/default.jpg,False,False,False,Auto-generated sample description for Music video.
4lPziXfcc4C,24.08.09,Behind the Scenes: People & Blogs,Channel_1064,8,2024-09-05T00:00:00.000Z,trending|vlog|music,550011,23926,3081,718,https://i.ytimg.com/vi/5iclMbz3NOl/default.jpg,False,False,False,Auto-generated sample description for People & Blogs video.
-qKCZOmcQpY,24.05.02,Top 10 Comedy Moments This Week,Channel_2506,4,2024-02-01T18:00:00.000Z,trending|vlog|official,21396,702,164,369,https://i.ytimg.com/vi/XqTN9alSmT_/default.jpg,False,False,False,Auto-generated sample description for Comedy video.
ZQIGo4opVyS,24.17.02,Behind the Scenes: Music,Channel_633,3,2024-02-16T20:00:00.000Z,2024|live|review,289867,11061,702,3492,https://i.ytimg.com/vi/imxV7aRij6e/default.jpg,False,False,False,Auto-generated sample description for Music video.
b6Tn34iE8ET,24.28.04,Behind the Scenes: Music,Channel_2729,3,2024-04-24T22:00:00.000Z,live|review|official,60533,1730,205,966,https://i.ytimg.com/vi/bKZT-X4DWpp/default.jpg,True,False,False,Auto-generated sample description for Music video.
cVbOaz2edo4,24.26.11,Gaming Compilation 2024,Channel_849,6,2024-11-22T05:00:00.000Z,official|trending|music,1124686,65609,11170,12547,https://i.ytimg.com/vi/vNFI1n-lJGL/default.jpg,False,False,False,Auto-generated sample description for Gaming video.
As8-jsWSIKw,25.17.01,Why This Gaming Video Went Viral,Channel_1846,6,2025-01-14T12:00:00.000Z,trending|vlog|2024,4775,234,11,33,https://i.ytimg.com/vi/wQnM8sdLYhS/default.jpg,False,False,False,Auto-generated sample description for Gaming video.
TZfi0f5piyz,24.04.03,Comedy Compilation 2024,Channel_188,7,2024-03-03T11:00:00.000Z,trending|2024|vlog,10859,649,56,25,https://i.ytimg.com/vi/APHfH-Xaz5r/default.jpg,False,False,False,Auto-generated sample description for Comedy video.
oFR9L7NpQTc,24.23.01,Reacting to Entertainment Trends,Channel_621,14,2024-01-23T16:00:00.000Z,vlog|live|official,882195,57387,2706,13536,https://i.ytimg.com/vi/wGoCitWaLM4/default.jpg,False,False,False,Auto-generated sample description for Entertainment video.
ZE217TalwSb,24.18.11,Why This Music Video Went Viral,Channel_1437,11,2024-11-17T21:00:00.000Z,music|official|vlog,29399,1697,287,525,https://i.ytimg.com/vi/kuCzsfjzcg-/default.jpg,False,False,False,Auto-generated sample description for Music video.
tc272yYuJ0S,24.26.07,Reacting to Music Trends,Channel_3579,11,2024-07-24T21:00:00.000Z,trending|official|vlog,39046,1166,109,674,https://i.ytimg.com/vi/3z9k-iO1cxQ/default.jpg,False,False,False,Auto-generated sample description for Music video.
bwtMoF5VMVQ,24.01.09,Official Entertainment Highlights,Channel_185,14,2024-08-28T01:00:00.000Z,trending|2024|live,53636,3633,128,602,https://i.ytimg.com/vi/9WmbagsTeYt/default.jpg,False,False,False,Auto-generated sample description for Entertainment video.
xEeFHWz5hmA,24.08.06,Music Compilation 2024,Channel_1211,11,2024-06-08T14:00:00.000Z,live|music|2024,149359,10522,461,828,https://i.ytimg.com/vi/FjJMIXJKGIi/default.jpg,False,False,False,Auto-generated sample description for Music video.
sggXVcDfDdH,24.01.08,Why This Comedy Video Went Viral,Channel_1555,4,2024-07-30T13:00:00.000Z,official|live|vlog,32774,1520,241,526,https://i.ytimg.com/vi/3y1tkBJ8dio/default.jpg,False,False,False,Auto-generated sample description for Comedy video.
rrfNLCkONbL,24.15.08,Reacting to Music Trends,Channel_583,11,2024-08-15T10:00:00.000Z,live|trending|vlog,31196,1638,82,459,https://i.ytimg.com/vi/lwgXPVwR9PT/default.jpg,False,False,False,Auto-generated sample description for Music video.
rILHYYUNmVs,24.25.12,Entertainment Compilation 2024,Channel_2271,14,2024-12-22T16:00:00.000Z,music|2024|official,143326,8731,1084,1940,https://i.ytimg.com/vi/_mivmGecffK/default.jpg,False,False,False,Auto-generated sample description for Entertainment video.
ZfXGBn4WacN,24.06.06,Entertainment Compilation 2024,Channel_1103,14,2024-06-04T05:00:00.000Z,trending|live|vlog,59704,4480,432,817,https://i.ytimg.com/vi/ORBLU1kXczl/default.jpg,False,False,False,Auto-generated sample description for Entertainment video.
B_pIlcgU_vH,24.01.08,Top 10 Entertainment Moments This Week,Channel_629,14,2024-08-01T03:00:00.000Z,review|vlog|official,43674,1191,392,620,https://i.ytimg.com/vi/pV1yhN-myYp/default.jpg,False,False,False,Auto-generated sample description for Entertainment video.
uUDNq4RLELP,24.27.06,Why This Music Video Went Viral,Channel_2155,11,2024-06-26T07:00:00.000Z,vlog|trending|official,3998,173,34,47,https://i.ytimg.com/vi/-6bsvOETH2i/default.jpg,False,False,False,Auto-generated sample description for Music video.
DPSqsAR5u6h,24.01.10,Gaming Compilation 2024,Channel_2155,6,2024-09-27T04:00:00.000Z,trending|music|2024,13738,291,96,273,https://i.ytimg.com/vi/yugp6SbhtCq/default.jpg,False,False,False,Auto-generated sample description for Gaming video.
WOyy7Tmsdio,24.19.02,Why This Entertainment Video Went Viral,Channel_3810,14,2024-02-19T02:00:00.000Z,2024|vlog|live,100212,7092,380,880,https://i.ytimg.com/vi/oA6COVdlJik/default.jpg,False,False,False,Auto-generated sample description for Entertainment video.
FJraLpRvZu2,24.20.04,Top 10 Gaming Moments This Week,Channel_1178,16,2024-04-16T12:00:00.000Z,music|official|review,40106,1130,314,333,https://i.ytimg.com/vi/zNRHLl1wLFk/default.jpg,False,False,False,Auto-generated sample description for Gaming video.
_ZxOpOnd2wy,24.13.10,Reacting to Gaming Trends,Channel_1830,16,2024-10-09T08:00:00.000Z,vlog|music|live,49362,3431,252,452,https://i.ytimg.com/vi/0YivKCuXWqU/default.jpg,False,False,False,Auto-generated sample description for Gaming video.
N7IsajzO4i1,24.16.04,Why This Music Video Went Viral,Channel_4679,3,2024-04-12T05:00:00.000Z,trending|live|2024,55519,2570,249,52,https://i.ytimg.com/vi/ZNHFS1Cj9jM/default.jpg,False,False,False,Auto-generated sample description for Music video.
bSDeclaxbz0,24.05.02,Why This Music Video Went Viral,Channel_2237,11,2024-02-02T11:00:00.000Z,official|live|review,28037,749,278,386,https://i.ytimg.com/vi/tr_CHNvmKr8/default.jpg,False,False,False,Auto-generated sample description for Music video.
fHXxyWioWhU,24.16.11,Comedy Compilation 2024,Channel_1951,7,2024-11-16T01:00:00.000Z,review|vlog|trending,3025,193,9,46,https://i.ytimg.com/vi/lC_YXnFVFZJ/default.jpg,False,False,False,Auto-generated sample description for Comedy video.
JWRIRjYZUjD,25.16.01,Why This Film & Animation Video Went Viral,Channel_2216,9,2025-01-12T10:00:00.000Z,official|live|trending,219564,10904,1890,3723,https://i.ytimg.com/vi/bFK12pFcll-/default.jpg,False,False,False,Auto-generated sample description for Film & Animation video.
JwSM2jPdNZe,24.28.11,Behind the Scenes: Music,Channel_4385,3,2024-11-25T21:00:00.000Z,live|vlog|review,145141,4217,1115,2591,https://i.ytimg.com/vi/vH1_BnLNAvS/default.jpg,False,False,False,Auto-generated sample description for Music video.
I8iAft0cFpj,25.23.01,Why This Music Video Went Viral,Channel_3712,11,2025-01-20T10:00:00.000Z,live|review|official,12897,454,17,255,https://i.ytimg.com/vi/4SsENGsqVi-/default.jpg,False,False,False,Auto-generated sample description for Music video.
wkP2p_PH1GW,24.30.10,Official Travel & Events Highlights,Channel_1383,15,2024-10-29T06:00:00.000Z,official|2024|vlog,21942,656,21,108,https://i.ytimg.com/vi/NImmojtg2Ya/default.jpg,False,False,False,Auto-generated sample description for Travel & Events video.
IQQsbFf-tJw,24.25.04,Why This Music Video Went Viral,Channel_4431,3,2024-04-25T03:00:00.000Z,vlog|music|official,12635,385,78,242,https://i.ytimg.com/vi/XsXQN-ucQZy/default.jpg,False,False,False,Auto-generated sample description for Music video.
Q6rHomSSCc0,24.18.05,Comedy Compilation 2024,Channel_4874,7,2024-05-14T08:00:00.000Z,vlog|review|music,12216,780,37,117,https://i.ytimg.com/vi/wWAgGjYzWr7/default.jpg,False,False,False,Auto-generated sample description for Comedy video.
6Y0wyF7lQRX,24.20.04,Top 10 Music Moments This Week,Channel_3212,3,2024-04-16T12:00:00.000Z,official|music|vlog,5890,221,52,80,https://i.ytimg.com/vi/CiHydRsmra3/default.jpg,False,False,False,Auto-generated sample description for Music video.
uFbIY6ln-l0,24.30.05,Reacting to Entertainment Trends,Channel_3695,14,2024-05-29T18:00:00.000Z,trending|music|2024,281247,20706,1512,2416,https://i.ytimg.com/vi/KqRlJglFgi6/default.jpg,False,False,False,Auto-generated sample description for Entertainment video.
YszJch2GpO0,24.20.04,Entertainment Compilation 2024,Channel_4793,14,2024-04-16T14:00:00.000Z,official|2024|vlog,147171,7395,392,1606,https://i.ytimg.com/vi/BPCPlw4ym52/default.jpg,False,False,False,Auto-generated sample description for Entertainment video.
1dX_BTPKXMP,24.13.11,Why This Gaming Video Went Viral,Channel_1533,6,2024-11-10T12:00:00.000Z,official|music|2024,9801,526,18,147,https://i.ytimg.com/vi/9ISMewGfXH9/default.jpg,False,False,False,Auto-generated sample description for Gaming video.
XBSGaY5qCuH,24.22.09,Behind the Scenes: Music,Channel_4728,11,2024-09-18T22:00:00.000Z,live|vlog|official,94510,6893,813,1078,https://i.ytimg.com/vi/-rg5neWR8sU/default.jpg,False,False,False,Auto-generated sample description for Music video.
JKsEFtwTq4B,24.29.10,Comedy Compilation 2024,Channel_3407,7,2024-10-27T02:00:00.000Z,live|trending|official,5310,223,10,101,https://i.ytimg.com/vi/09B-c0-Hi9X/default.jpg,False,False,False,"Auto-generated sample description for Comedy video.
Second line inside a quoted CSV field."
7qprjfSBjWf,24.12.04,Behind the Scenes: Gaming,Channel_1061,16,2024-04-08T11:00:00.000Z,trending|review|official,1858,64,11,20,https://i.ytimg.com/vi/Zb7cocOteRE/default.jpg,False,False,False,Auto-generated sample description for Gaming video.
L0NM9dAne5Q,24.13.11,Music Compilation 2024,Channel_250,3,2024-11-10T15:00:00.000Z,live|music|2024,20129,1349,13,324,https://i.ytimg.com/vi/7rftcg92gJn/default.jpg,False,False,False,Auto-generated sample description for Music video.
4OO7n5iXV9F,24.28.01,Top 10 Film & Animation Moments This Week,Channel_4322,9,2024-01-25T15:00:00.000Z,vlog|2024|trending,64304,2502,53,872,https://i.ytimg.com/vi/LeG7pB8_GoK/default.jpg,False,False,False,Auto-generated sample description for Film & Animation video.
UkLXlIwiwUo,24.06.05,Music Compilation 2024,Channel_1918,11,2024-05-05T17:00:00.000Z,review|live|2024,21202,1072,186,375,https://i.ytimg.com/vi/fOGZi9miYy_/default.jpg,False,False,False,Auto-generated sample description for Music video.
jlPN_MUkYVX,24.16.12,Music Compilation 2024,Channel_1149,3,2024-12-16T07:00:00.000Z,music|trending|vlog,92631,2122,866,328,https://i.ytimg.com/vi/O89nAzet9Yb/default.jpg,False,False,False,Auto-generated sample description for Music video.
xePzLTP92lk,25.02.02,Reacting to Entertainment Trends,Channel_4773,14,2025-01-29T00:00:00.000Z,live|music|vlog,78420,3001,169,1029,https://i.ytimg.com/vi/B69pJ6shc-y/default.jpg,False,False,False,Auto-generated sample description for Entertainment video.
bqLiBRevXKp,24.02.03,Music Compilation 2024,Channel_4943,3,2024-02-28T01:00:00.000Z,live|review|music,54629,3038,366,28,https://i.ytimg.com/vi/Ux9-73-oMbp/default.jpg,False,False,False,Auto-generated sample description for Music video.
DWCaAHqv_0F,24.25.04,Music Compilation 2024,Channel_929,3,2024-04-22T08:00:00.000Z,official|vlog|trending,463964,19245,3289,6555,https://i.ytimg.com/vi/AERGu9S3EWA/default.jpg,False,False,False,Auto-generated sample description for Music video.
MmGycqTUjw-,25.13.01,Official Music Highlights,Channel_535,11,2025-01-09T13:00:00.000Z,2024|vlog|trending,15668,478,81,141,https://i.ytimg.com/vi/8GqFjwO1vBV/default.jpg,False,False,False,Auto-generated sample description for Music video.
uaCrXcO8k46,24.02.12,Behind the Scenes: Comedy,Channel_1285,4,2024-12-02T21:00:00.000Z,trending|vlog|music,94658,6524,172,1044,https://i.ytimg.com/vi/XUUNc3Vk6u1/default.jpg,False,False,False,Auto-generated sample description for Comedy video.
nwVEHmuPpv9,25.26.01,Reacting to Music Trends,Channel_539,3,2025-01-23T00:00:00.000Z,official|live|music,31525,878,246,475,https://i.ytimg.com/vi/GEoV8cmfw4L/default.jpg,False,False,False,Auto-generated sample description for Music video.
GMVz_iZsTCZ,25.14.01,Reacting to Music Trends,Channel_4605,3,2025-01-10T02:00:00.000Z,music|live|official,2412666,173376,10438,12421,https://i.ytimg.com/vi/U8-tAgLSOQa/default.jpg,False,False,False,Auto-generated sample description for Music video.
nAHvSbAzxS7,24.18.11,Top 10 Entertainment Moments This Week,Channel_45,14,2024-11-17T09:00:00.000Z,official|vlog|review,77184,2890,107,518,https://i.ytimg.com/vi/CbuG0fCIvKE/default.jpg,False,False,False,Auto-generated sample description for Entertainment video.
2NTQEIqZU8N,24.01.09,Top 10 Entertainment Moments This Week,Channel_4885,14,2024-08-31T14:00:00.000Z,2024|trending|official,3145,57,27,7,https://i.ytimg.com/vi/9DF2kDm3q_X/default.jpg,False,False,False,Auto-generated sample description for Entertainment video.
6tUVei_oJt5,24.14.06,Why This Music Video Went Viral,Channel_3330,11,2024-06-13T07:00:00.000Z,music|2024|review,3949,183,11,14,https://i.ytimg.com/vi/iduSPbp8ucQ/default.jpg,False,False,False,Auto-generated sample description for Music video.
PrCON7-PorH,24.05.10,Reacting to Music Trends,Channel_3256,11,2024-10-04T07:00:00.000Z,2024|vlog|live,25539,656,80,135,https://i.ytimg.com/vi/EjE6KN9ygkG/default.jpg,False,False,False,Auto-generated sample description for Music video.
rc92f_kGuE_,24.22.05,Behind the Scenes: Music,Channel_2328,3,2024-05-21T04:00:00.000Z,official|vlog|trending,131851,3814,864,1001,https://i.ytimg.com/vi/X0smzrJezur/default.jpg,False,False,False,Auto-generated sample description for Music video.
M1YgfXaN4_F,24.29.02,People & Blogs Compilation 2024,Channel_1674,8,2024-02-25T06:00:00.000Z,trending|2024|live,15697,490,124,11,https://i.ytimg.com/vi/3RPkzFCUd2n/default.jpg,False,False,False,Auto-generated sample description for People & Blogs video.
RUblTt4xn53,25.11.01,Official Travel & Events Highlights,Channel_3460,15,2025-01-10T02:00:00.000Z,official|live|trending,3276,224,16,57,https://i.ytimg.com/vi/4ULLjhqj0MM/default.jpg,False,False,False,Auto-generated sample description for Travel & Events video.
uOG1waIe9Wp,24.27.12,Official Entertainment Highlights,Channel_1711,14,2024-12-24T01:00:00.000Z,2024|music|trending,113633,5448,408,1871,https://i.ytimg.com/vi/wEKnWJsSGFV/default.jpg,False,False,False,Auto-generated sample description for Entertainment video.
wIpGfJbxkcG,24.05.08,Behind the Scenes: Entertainment,Channel_2933,14,2024-08-04T15:00:00.000Z,live|review|vlog,356466,25762,2457,2524,https://i.ytimg.com/vi/dHZCUX8UU2W/default.jpg,False,False,False,Auto-generated sample description for Entertainment video.
TRmsW9Fq5_m,24.03.02,Behind the Scenes: Film & Animation,Channel_562,9,2024-02-02T21:00:00.000Z,live|official|trending,42080,2379,241,689,https://i.ytimg.com/vi/ZJPtDQOZ3xI/default.jpg,False,False,False,Auto-generated sample description for Film & Animation video.
RkAh2cqPCu6,24.15.08,Official Music Highlights,Channel_3945,11,2024-08-15T02:00:00.000Z,music|official|live,9229,344,22,109,https://i.ytimg.com/vi/D0punxJd1eq/default.jpg,False,False,False,Auto-generated sample description for Music video.
VeUboMvtChS,24.27.02,Behind the Scenes: Music,Channel_353,11,2024-02-27T09:00:00.000Z,live|official|music,345129,7297,370,3876,https://i.ytimg.com/vi/eYzoWKrD4xY/default.jpg,False,True,False,Auto-generated sample description for Music video.
Th8KogizCPd,24.30.10,Official Entertainment Highlights,Channel_891,14,2024-10-26T19:00:00.000Z,2024|official|live,281580,19659,392,5190,https://i.ytimg.com/vi/rdKj19blipv/default.jpg,False,False,False,Auto-generated sample description for Entertainment video.
A3twKT3N5Sh,24.13.10,Official Music Highlights,Channel_436,11,2024-10-10T09:00:00.000Z,review|live|2024,35934,479,296,32,https://i.ytimg.com/vi/Nvp4w3vMzc1/default.jpg,False,False,False,Auto-generated sample description for Music video.
PTVhNcAT7ps,24.05.09,Behind the Scenes: Music,Channel_1672,11,2024-09-05T03:00:00.000Z,music|vlog|official,103593,8137,929,673,https://i.ytimg.com/vi/bqYw4H-_AnL/default.jpg,False,False,False,Auto-generated sample description for Music video.
KSsSARM8i_h,24.22.01,Gaming Compilation 2024,Channel_3857,16,2024-01-18T19:00:00.000Z,music|official|trending,6348,102,18,100,https://i.ytimg.com/vi/Dip_nfZiWkD/default.jpg,False,False,False,Auto-generated sample description for Gaming video.
BjVV0fhM-Xn,24.18.03,Official Comedy Highlights,Channel_3922,7,2024-03-14T20:00:00.000Z,official|live|music,140677,3747,1056,396,https://i.ytimg.com/vi/3gPB-Tz5Cs9/default.jpg,False,False,False,Auto-generated sample description for Comedy video.
IKRZ1BzTAi_,24.17.06,Why This Gaming Video Went Viral,Channel_3517,6,2024-06-13T07:00:00.000Z,trending|review|vlog,8873,176,34,31,https://i.ytimg.com/vi/fq1BzIqdyUP/default.jpg,False,False,False,Auto-generated sample description for Gaming video.
C_YEI4MDsNR,24.13.02,Why This Entertainment Video Went Viral,Channel_2315,14,2024-02-12T14:00:00.000Z,trending|2024|music,16189,662,52,208,https://i.ytimg.com/vi/63IdkgOj1DY/default.jpg,False,False,False,Auto-generated sample description for Entertainment video.
cgYP-oucy1-,25.02.01,Why This Entertainment Video Went Viral,Channel_229,14,2025-01-01T15:00:00.000Z,trending|official|2024,174324,6640,840,940,https://i.ytimg.com/vi/7_ZKl5uVLjV/default.jpg,False,False,False,Auto-generated sample description for Entertainment video.
1_SLGQGsvR9,24.15.12,Official Comedy Highlights,Channel_1345,4,2024-12-14T21:00:00.000Z,2024|live|trending,3647,82,12,34,https://i.ytimg.com/vi/1R0zaBLSZ81/default.jpg,False,False,False,Auto-generated sample description for Comedy video.
302hJmNewWq,24.03.10,Behind the Scenes: Music,Channel_1095,11,2024-09-29T13:00:00.000Z,official|trending|music,2080,51,5,8,https://i.ytimg.com/vi/H-aNkT6Zlft/default.jpg,False,False,False,Auto-generated sample description for Music video.
d_KW4zjFc-j,24.28.04,Why This Entertainment Video Went Viral,Channel_2058,14,2024-04-28T01:00:00.000Z,music|trending|review,6288,178,15,92,https://i.ytimg.com/vi/f-wS-5M2usD/default.jpg,False,False,False,Auto-generated sample description for Entertainment video.
w9dXTu1A-FI,24.06.01,Behind the Scenes: Music,Channel_3194,11,2024-01-05T12:00:00.000Z,live|2024|trending,112240,3748,507,1394,https://i.ytimg.com/vi/EkO87hJfApJ/default.jpg,False,False,False,Auto-generated sample description for Music video.
hQw9vOxIkof,24.13.07,Behind the Scenes: Film & Animation,Channel_1693,9,2024-07-10T00:00:00.000Z,music|2024|official,13867,775,80,109,https://i.ytimg.com/vi/M2orp7xHoeB/default.jpg,False,False,False,Auto-generated sample description for Film & Animation video.
lKZoDjgUT93,24.05.07,Behind the Scenes: Comedy,Channel_2265,7,2024-07-04T10:00:00.000Z,official|trending|2024,66980,5216,290,988,https://i.ytimg.com/vi/oibkPjI_JGy/default.jpg,False,False,False,Auto-generated sample description for Comedy video.
B53bYS70DcR,24.20.03,Music Compilation 2024,Channel_68,11,2024-03-16T12:00:00.000Z,music|official|2024,146960,8861,936,1947,https://i.ytimg.com/vi/T60Jo2gGvFW/default.jpg,True,False,False,Auto-generated sample description for Music video.
5W0uw5UPCM5,24.09.04,Reacting to Entertainment Trends,Channel_3512,14,2024-04-09T11:00:00.000Z,music|official|review,21005,741,50,27,https://i.ytimg.com/vi/TBxxFVpJnV1/default.jpg,False,False,False,Auto-generated sample description for Entertainment video.
iuyRVFV9kqL,24.04.05,Top 10 Education Moments This Week,Channel_2024,10,2024-05-01T13:00:00.000Z,music|2024|vlog,1901,101,9,11,https://i.ytimg.com/vi/6f-zH5_zg5E/default.jpg,False,False,False,Auto-generated sample description for Education video.
7DEM6zXCqu_,24.22.03,Official Gaming Highlights,Channel_2148,6,2024-03-20T22:00:00.000Z,music|trending|2024,17708,1237,124,180,https://i.ytimg.com/vi/M1cFKmJ6Hzn/default.jpg,False,False,False,Auto-generated sample description for Gaming video.
sUZG20cjrOr,25.26.01,Music Compilation 2024,Channel_4376,3,2025-01-22T05:00:00.000Z,review|official|2024,10954,617,29,81,https://i.ytimg.com/vi/aAroNAdD2dZ/default.jpg,False,False,False,Auto-generated sample description for Music video.
CWSKCPNBiDf,24.06.12,Official Music Highlights,Channel_1051,3,2024-12-04T15:00:00.000Z,live|trending|review,893661,58252,3734,8834,https://i.ytimg.com/vi/ngUadYatIsZ/default.jpg,False,False,False,Auto-generated sample description for Music video.
Bxqd7Y2HAV4,24.19.12,Reacting to Comedy Trends,Channel_1271,7,2024-12-17T00:00:00.000Z,trending|official|vlog,67795,4871,597,389,https://i.ytimg.com/vi/R0PJ-8FalMe/default.jpg,False,False,False,Auto-generated sample description for Comedy video.
I_ljdrUsXA8,24.30.08,Reacting to Science & Technology Trends,Channel_4843,12,2024-08-26T11:00:00.000Z,official|vlog|live,12098,878,101,55,https://i.ytimg.com/vi/uaaY_LyMcVm/default.jpg,False,False,False,Auto-generated sample description for Science & Technology video.
lGFH9RICOZZ,24.18.07,Entertainment Compilation 2024,Channel_872,14,2024-07-17T14:00:00.000Z,music|vlog|official,9708,728,70,49,https://i.ytimg.com/vi/70HJx0jH-1k/default.jpg,False,False,False,Auto-generated sample description for Entertainment video.
a36FpXD7ZZO,25.02.02,Behind the Scenes: Gaming,Channel_2333,6,2025-02-02T05:00:00.000Z,review|2024|official,2449,28,16,34,https://i.ytimg.com/vi/DxpJAeeiOfR/default.jpg,False,False,False,Auto-generated sample description for Gaming video.
XSAU8H7JU-u,24.19.08,Comedy Compilation 2024,Channel_3169,4,2024-08-15T12:00:00.000Z,vlog|trending|2024,37803,412,145,273,https://i.ytimg.com/vi/Gb4MQKPEOI1/default.jpg,True,False,False,Auto-generated sample description for Comedy video.
ejkX8RQ-ibL,24.03.08,Official Entertainment Highlights,Channel_3474,14,2024-08-01T07:00:00.000Z,2024|vlog|official,55087,4188,249,849,https://i.ytimg.com/vi/NJsFvbTXBIL/default.jpg,False,False,False,Auto-generated sample description for Entertainment video.
SaRPzjHty2S,24.25.01,Gaming Compilation 2024,Channel_3055,16,2024-01-23T15:00:00.000Z,review|live|vlog,3917,106,22,71,https://i.ytimg.com/vi/TfYDmZCm8KH/default.jpg,False,False,False,Auto-generated sample description for Gaming video.
d7hB3SwDr8q,24.24.02,Top 10 Film & Animation Moments This Week,Channel_4711,9,2024-02-20T07:00:00.000Z,trending|2024|vlog,2224,151,20,38,https://i.ytimg.com/vi/Jk6vx4JoyNb/default.jpg,False,False,False,Auto-generated sample description for Film & Animation video.
Hp0nzftRApt,24.08.05,Official Gaming Highlights,Channel_3367,6,2024-05-08T07:00:00.000Z,official|review|2024,9045,557,46,60,https://i.ytimg.com/vi/FiiadF6cc2k/default.jpg,False,False,True,Auto-generated sample description for Gaming video.
wLwsB4HjTiy,24.02.06,Comedy Compilation 2024,Channel_486,7,2024-06-02T20:00:00.000Z,music|trending|review,46292,2559,177,314,https://i.ytimg.com/vi/iGrIVjht8rA/default.jpg,False,True,False,Auto-generated sample description for Comedy video.
fBE2t46Z3Ib,25.14.01,Behind the Scenes: Entertainment,Channel_1353,14,2025-01-10T01:00:00.000Z,review|music|2024,63624,1028,596,387,https://i.ytimg.com/vi/Ll7MD5HojDY/default.jpg,False,False,False,Auto-generated sample description for Entertainment video.
o7icK-wTH1A,24.27.10,Behind the Scenes: Music,Channel_4985,3,2024-10-26T17:00:00.000Z,review|official|music,40651,1631,217,794,https://i.ytimg.com/vi/bDxerTI2ncc/default.jpg,False,False,False,Auto-generated sample description for Music video.
s9fw61c0ANY,25.13.01,Top 10 Music Moments This Week,Channel_1886,3,2025-01-13T03:00:00.000Z,2024|official|trending,32165,1211,220,343,https://i.ytimg.com/vi/aHml41zuvFS/default.jpg,False,False,False,Auto-generated sample description for Music video.
w9DdmWaISc4,24.29.04,Music Compilation 2024,Channel_4865,3,2024-04-27T01:00:00.000Z,live|2024|music,2100,50,8,38,https://i.ytimg.com/vi/J85ChoG8oa8/default.jpg,False,False,False,Auto-generated sample description for Music video.
1nW116J219k,24.25.11,Reacting to Travel & Events Trends,Channel_3567,15,2024-11-23T05:00:00.000Z,review|live|official,27114,720,38,354,https://i.ytimg.com/vi/VIsLBstDF87/default.jpg,False,False,False,Auto-generated sample description for Travel & Events video.
_v2Ezh3hT3j,24.11.04,Why This Music Video Went Viral,Channel_4386,11,2024-04-07T05:00:00.000Z,music|review|live,109123,2483,88,1466,https://i.ytimg.com/vi/IGp5yuwebWi/default.jpg,False,False,False,Auto-generated sample description for Music video.
KSMq-l6l0bs,24.16.09,Reacting to Music Trends,Channel_2146,3,2024-09-16T00:00:00.000Z,2024|vlog|music,36978,1452,284,611,https://i.ytimg.com/vi/gx5YNKSzyal/default.jpg,False,False,False,Auto-generated sample description for Music video.
zOycI9mXUIG,24.13.06,Top 10 Music Moments This Week,Channel_1884,11,2024-06-11T19:00:00.000Z,review|trending|2024,6518,212,49,75,https://i.ytimg.com/vi/IROImQm4krt/default.jpg,False,False,False,Auto-generated sample description for Music video.
E0w5m9SPkv8,24.13.05,Education Compilation 2024,Channel_465,10,2024-05-12T19:00:00.000Z,2024|vlog|trending,8271,197,27,81,https://i.ytimg.com/vi/mKbF_UwCeTa/default.jpg,False,False,False,Auto-generated sample description for Education video.
Wr76Hrj2qGN,24.06.04,Top 10 Film & Animation Moments This Week,Channel_3813,9,2024-04-05T10:00:00.000Z,official|2024|vlog,7530,200,27,106,https://i.ytimg.com/vi/ejjOXtC5aWY/default.jpg,False,False,False,Auto-generated sample description for Film & Animation video.
1B1wLk8nDKw,24.27.08,Top 10 Music Moments This Week,Channel_4478,11,2024-08-26T09:00:00.000Z,live|2024|trending,142329,2125,197,1766,https://i.ytimg.com/vi/Uh2dmfPTzIx/default.jpg,False,False,False,Auto-generated sample description for Music video.
uBsBp-wnjTM,24.06.10,Behind the Scenes: Gaming,Channel_3460,16,2024-10-06T16:00:00.000Z,official|live|review,250501,11713,1710,4216,https://i.ytimg.com/vi/H6SLMj0whFX/default.jpg,False,False,False,Auto-generated sample description for Gaming video.
VqklkXuz0cA,24.17.08,Music Compilation 2024,Channel_2526,3,2024-08-17T07:00:00.000Z,2024|official|review,24789,316,106,108,https://i.ytimg.com/vi/P7E3JYxBJar/default.jpg,False,False,False,Auto-generated sample description for Music video.
h-jnhnSDKnR,24.17.01,Why This People & Blogs Video Went Viral,Channel_154,8,2024-01-16T04:00:00.000Z,review|trending|live,4523,84,36,37,https://i.ytimg.com/vi/5x5-t1tet1a/default.jpg,False,False,False,Auto-generated sample description for People & Blogs video.
OO03bofgtKD,25.02.02,Behind the Scenes: Comedy,Channel_1088,7,2025-01-30T16:00:00.000Z,review|vlog|trending,22858,732,177,92,https://i.ytimg.com/vi/90_hpm3zird/default.jpg,False,False,False,Auto-generated sample description for Comedy video.
aX7obVpFY5B,24.25.10,Official People & Blogs Highlights,Channel_918,8,2024-10-22T20:00:00.000Z,live|music|vlog,7264,299,39,110,https://i.ytimg.com/vi/duVxwWnvJET/default.jpg,False,False,False,Auto-generated sample description for People & Blogs video.
0Y2GHWyFKr_,24.12.11,Why This Music Video Went Viral,Channel_2336,11,2024-11-12T07:00:00.000Z,music|review|official,26425,640,119,457,https://i.ytimg.com/vi/W6YSPorwpnj/default.jpg,False,False,False,Auto-generated sample description for Music video.
Sp8bsGWQZB5,24.14.06,Reacting to Education Trends,Channel_3892,10,2024-06-11T04:00:00.000Z,live|review|official,24448,320,113,266,https://i.ytimg.com/vi/kXm5VoAiO3T/default.jpg,False,False,False,Auto-generated sample description for Education video.
rCXmFaGQRgF,24.28.02,Official Science & Technology Highlights,Channel_4547,12,2024-02-28T10:00:00.000Z,official|review|live,12588,994,56,235,https://i.ytimg.com/vi/53cRCHmul6X/default.jpg,False,False,False,Auto-generated sample description for Science & Technology video.
aXVliCOrvg3,24.27.11,Behind the Scenes: Entertainment,Channel_2518,14,2024-11-27T16:00:00.000Z,trending|vlog|official,28921,803,45,538,https://i.ytimg.com/vi/4fO4T3PvO7K/default.jpg,False,False,False,Auto-generated sample description for Entertainment video.
6YKl3XMeF_Y,24.22.09,Entertainment Compilation 2024,Channel_980,14,2024-09-22T18:00:00.000Z,live|official|review,421291,29154,3171,999,https://i.ytimg.com/vi/_6ghRJLflYh/default.jpg,False,False,False,Auto-generated sample description for Entertainment video.
cVKvYH5WkQY,24.23.04,Official Film & Animation Highlights,Channel_257,9,2024-04-20T14:00:00.000Z,official|live|review,2454,179,12,37,https://i.ytimg.com/vi/diRO5PYqGCk/default.jpg,False,False,False,Auto-generated sample description for Film & Animation video.
26IXQzcYAG3,24.11.12,Why This Music Video Went Viral,Channel_1446,3,2024-12-11T21:00:00.000Z,2024|live|review,54128,1103,390,794,https://i.ytimg.com/vi/xjAK89-_Yrg/default.jpg,False,False,False,Auto-generated sample description for Music video.
yr32GuKWdLQ,24.21.05,Reacting to Entertainment Trends,Channel_3532,14,2024-05-17T16:00:00.000Z,trending|2024|music,259649,9262,1249,2350,https://i.ytimg.com/vi/xSNPuS-7w6B/default.jpg,False,False,False,Auto-generated sample description for Entertainment video.
HM0eXX0AAl3,24.17.01,Official Gaming Highlights,Channel_4050,16,2024-01-16T19:00:00.000Z,review|2024|music,23802,419,37,212,https://i.ytimg.com/vi/FzrzIUOBCF4/default.jpg,False,False,False,Auto-generated sample description for Gaming video.
0AFa75RihLh,24.26.12,Top 10 Comedy Moments This Week,Channel_2169,7,2024-12-25T08:00:00.000Z,trending|review|music,10067,797,34,149,https://i.ytimg.com/vi/iT8E4m7G68d/default.jpg,False,False,False,Auto-generated sample description for Comedy video.
4K6-NPvuYi_,24.11.01,Top 10 Music Moments This Week,Channel_1140,11,2024-01-07T09:00:00.000Z,trending|review|2024,341760,5013,231,3905,https://i.ytimg.com/vi/B_FxzbirtSG/default.jpg,True,False,False,Auto-generated sample description for Music video.
efSH_3yHwuD,24.29.08,Behind the Scenes: Entertainment,Channel_4561,14,2024-08-26T11:00:00.000Z,trending|music|review,170037,8592,144,654,https://i.ytimg.com/vi/b7m6r4mWe1s/default.jpg,False,False,False,Auto-generated sample description for Entertainment video.
HKj3fYc0EFZ,24.18.09,Official Music Highlights,Channel_1210,3,2024-09-15T05:00:00.000Z,trending|2024|vlog,69143,2361,608,388,https://i.ytimg.com/vi/FtwbeRMnKOw/default.jpg,False,False,False,Auto-generated sample description for Music video.
qmqEzO5-ZAM,24.07.03,Why This Film & Animation Video Went Viral,Channel_2653,9,2024-03-04T10:00:00.000Z,music|review|live,8417,613,20,87,https://i.ytimg.com/vi/zzFRx41bcy6/default.jpg,False,False,False,Auto-generated sample description for Film & Animation video.
Z1MOjy53H35,24.26.04,Behind the Scenes: Entertainment,Channel_619,14,2024-04-23T06:00:00.000Z,live|review|vlog,249600,11224,2441,1010,https://i.ytimg.com/vi/NrQx3Ml6jcc/default.jpg,False,False,False,Auto-generated sample description for Entertainment video.
y2FYeyjguqx,24.22.05,Music Compilation 2024,Channel_990,3,2024-05-20T04:00:00.000Z,official|trending|2024,36170,2369,208,70,https://i.ytimg.com/vi/ZIWGHq67tIL/default.jpg,False,False,False,Auto-generated sample description for Music video.
mHRAMyfY1EO,25.26.01,Official Music Highlights,Channel_2735,11,2025-01-23T13:00:00.000Z,live|2024|review,41243,2761,294,617,https://i.ytimg.com/vi/kBLqRgADT9Y/default.jpg,False,False,False,Auto-generated sample description for Music video.
TvI842pQO8w,24.18.05,Why This Comedy Video Went Viral,Channel_3259,4,2024-05-18T21:00:00.000Z,trending|review|official,4095,68,11,55,https://i.ytimg.com/vi/ujNQKa45_1N/default.jpg,False,False,False,Auto-generated sample description for Comedy video.
Qk-6OMGlnFK,24.28.07,Official Music Highlights,Channel_4287,11,2024-07-28T03:00:00.000Z,official|review|vlog,127025,4062,486,1887,https://i.ytimg.com/vi/diPCr2srLz2/default.jpg,False,False,False,Auto-generated sample description for Music video.
oX-bpTzpcJz,24.29.04,Comedy Compilation 2024,Channel_3214,7,2024-04-27T01:00:00.000Z,review|trending|2024,6493,230,62,49,https://i.ytimg.com/vi/5hQTJxUXb3S/default.jpg,False,False,False,Auto-generated sample description for Comedy video.
N9RY9TehwEb,24.06.09,Music Compilation 2024,Channel_4527,3,2024-09-03T06:00:00.000Z,music|2024|review,85712,4879,159,1354,https://i.ytimg.com/vi/cW_dPmcAdgF/default.jpg,False,False,False,Auto-generated sample description for Music video.
nf-KSRxP6aF,24.29.05,Reacting to Comedy Trends,Channel_1870,7,2024-05-26T01:00:00.000Z,live|vlog|music,65423,4245,644,948,https://i.ytimg.com/vi/BTkb9a5F4CJ/default.jpg,False,False,False,Auto-generated sample description for Comedy video.
0cBnWH4czb3,24.26.04,Why This Music Video Went Viral,Channel_4585,11,2024-04-25T02:00:00.000Z,music|official|2024,183651,8111,641,2761,https://i.ytimg.com/vi/2uq7dvwdylc/default.jpg,False,False,False,Auto-generated sample description for Music video.
4gFQlqKZtxC,24.28.11,Official Music Highlights,Channel_1828,3,2024-11-26T10:00:00.000Z,official|2024|music,18230,629,49,181,https://i.ytimg.com/vi/xTuxPTYMr48/default.jpg,False,False,False,Auto-generated sample description for Music video.
YM2x2Jv1X45,24.22.05,Music Compilation 2024,Channel_695,3,2024-05-21T21:00:00.000Z,live|vlog|2024,191487,9499,1369,3397,https://i.ytimg.com/vi/has-2Oi7Dyn/default.jpg,False,False,False,Auto-generated sample description for Music video.
CdUWA_ucFJ6,24.13.12,Official Comedy Highlights,Channel_483,4,2024-12-09T21:00:00.000Z,review|trending|2024,5857,152,10,71,https://i.ytimg.com/vi/XGxDOvIM733/default.jpg,False,False,False,Auto-generated sample description for Comedy video.
YaA5O38opL_,24.05.04,Top 10 Music Moments This Week,Channel_3465,11,2024-04-01T03:00:00.000Z,music|review|trending,13789,1034,126,7,https://i.ytimg.com/vi/wqQDNs2NzBT/default.jpg,False,False,False,Auto-generated sample description for Music video.
wNgQh9vk68a,24.08.05,Official Gaming Highlights,Channel_1577,6,2024-05-06T20:00:00.000Z,trending|music|live,61124,828,186,463,https://i.ytimg.com/vi/HAWOhF9myqG/default.jpg,True,False,False,Auto-generated sample description for Gaming video.
ll4za8_tS8m,24.12.04,Reacting to Music Trends,Channel_4029,11,2024-04-10T00:00:00.000Z,trending|official|2024,378522,13291,1077,5320,https://i.ytimg.com/vi/jtpTkmB3HBg/default.jpg,False,False,False,Auto-generated sample description for Music video.
DDb9puSz9w6,24.18.10,Comedy Compilation 2024,Channel_4887,7,2024-10-18T13:00:00.000Z,vlog|2024|official,849,34,5,8,https://i.ytimg.com/vi/4iZy6wbmaZC/default.jpg,False,False,False,Auto-generated sample description for Comedy video.
rSL1LrFnGQe,24.31.01,Behind the Scenes: Film & Animation,Channel_3382,9,2024-01-27T06:00:00.000Z,live|trending|review,2935,136,21,18,https://i.ytimg.com/vi/1NNPhyIB7Bi/default.jpg,False,False,False,Auto-generated sample description for Film & Animation video.
d3o0WGUXgwf,24.31.05,Reacting to Science & Technology Trends,Channel_189,12,2024-05-27T13:00:00.000Z,official|music|review,3178,48,3,20,https://i.ytimg.com/vi/igz4bj6Nt5b/default.jpg,False,False,False,Auto-generated sample description for Science & Technology video.
8oDNHmyauvb,24.05.09,Behind the Scenes: Film & Animation,Channel_3159,9,2024-09-01T22:00:00.000Z,vlog|music|official,108,8,0,1,https://i.ytimg.com/vi/Wa-qvg6GfzJ/default.jpg,False,False,False,Auto-generated sample description for Film & Animation video.
9pQOn03Wjo_,24.28.08,Official Music Highlights,Channel_673,3,2024-08-25T09:00:00.000Z,2024|review|vlog,328443,11856,3054,885,https://i.ytimg.com/vi/DLVHEb1GmZH/default.jpg,False,False,False,Auto-generated sample description for Music video.
qmN4BzxMppo,24.07.05,Behind the Scenes: Entertainment,Channel_4206,14,2024-05-06T11:00:00.000Z,official|review|music,121030,2279,802,2221,https://i.ytimg.com/vi/v6KYFtyx1OV/default.jpg,False,False,False,Auto-generated sample description for Entertainment video.
yJWerSkantH,24.17.01,Behind the Scenes: Music,Channel_559,3,2024-01-14T10:00:00.000Z,music|live|review,4290,224,41,17,https://i.ytimg.com/vi/vu80XbuAvzG/default.jpg,False,False,False,Auto-generated sample description for Music video.
tYM6HTS8Kxc,24.11.03,Why This Music Video Went Viral,Channel_4291,11,2024-03-11T18:00:00.000Z,trending|vlog|review,38538,3049,356,44,https://i.ytimg.com/vi/lqMuh3LARE4/default.jpg,False,False,True,Auto-generated sample description for Music video.
NWKXXxH67Jf,24.12.11,Top 10 Entertainment Moments This Week,Channel_4346,14,2024-11-11T08:00:00.000Z,review|trending|2024,6805,301,19,59,https://i.ytimg.com/vi/EZOL97sSn5s/default.jpg,False,False,False,Auto-generated sample description for Entertainment video.
Wyb-c-JWfab,24.05.10,Reacting to Comedy Trends,Channel_383,4,2024-10-01T09:00:00.000Z,vlog|official|review,3327,101,8,5,https://i.ytimg.com/vi/FbnbTUc25cz/default.jpg,False,False,False,Auto-generated sample description for Comedy video.
cTBZ8RUSuD3,24.21.04,Top 10 Gaming Moments This Week,Channel_2000,16,2024-04-17T06:00:00.000Z,trending|official|2024,2329,79,22,37,https://i.ytimg.com/vi/0YAEoH2Kpir/default.jpg,False,False,False,Auto-generated sample description for Gaming video.
ZYRgMWMvGWy,24.14.09,Top 10 Gaming Moments This Week,Channel_4175,6,2024-09-14T07:00:00.000Z,review|vlog|music,42019,2748,74,739,https://i.ytimg.com/vi/LnUdE0MB43Z/default.jpg,False,False,False,Auto-generated sample description for Gaming video.
x9J-Ld61V68,24.15.11,Reacting to Music Trends,Channel_1937,11,2024-11-15T01:00:00.000Z,vlog|live|trending,32654,769,38,472,https://i.ytimg.com/vi/TM6siZyz2fh/default.jpg,False,False,False,Auto-generated sample description for Music video.
ZGXoZ5f6U0t,25.30.01,Reacting to Entertainment Trends,Channel_4330,14,2025-01-30T07:00:00.000Z,review|vlog|trending,7362,362,22,77,https://i.ytimg.com/vi/CxolZDS1XAa/default.jpg,False,False,False,Auto-generated sample description for Entertainment video.
OF5Qz7EaJ1i,24.01.07,Music Compilation 2024,Channel_627,3,2024-06-30T19:00:00.000Z,review|official|trending,55068,2137,287,211,https://i.ytimg.com/vi/apmFeMpJUI0/default.jpg,False,False,False,Auto-generated sample description for Music video.
kBIQRNfoOzl,24.28.09,Reacting to Music Trends,Channel_3538,11,2024-09-24T07:00:00.000Z,official|music|review,3713,195,16,22,https://i.ytimg.com/vi/iq1MMZ6qVcD/default.jpg,False,False,False,Auto-generated sample description for Music video.
T2gFs3xX2i7,24.16.06,Top 10 Music Moments This Week,Channel_2779,11,2024-06-12T04:00:00.000Z,review|trending|music,44936,512,49,282,https://i.ytimg.com/vi/A2G2_HLhJtB/default.jpg,False,False,False,Auto-generated sample description for Music video.
Hgk_-2_4Ufs,24.28.09,Behind the Scenes: Entertainment,Channel_4696,14,2024-09-28T18:00:00.000Z,live|trending|vlog,4622,225,33,39,https://i.ytimg.com/vi/3AY814ehIkL/default.jpg,False,False,False,Auto-generated sample description for Entertainment video.
5k4k7m14kxQ,24.15.01,Top 10 Music Moments This Week,Channel_4179,3,2024-01-15T19:00:00.000Z,vlog|trending|2024,17584,649,110,215,https://i.ytimg.com/vi/L7C96-4BYPx/default.jpg,False,False,False,Auto-generated sample description for Music video.
kZB12kIk0KF,24.02.07,Top 10 Film & Animation Moments This Week,Channel_4683,9,2024-06-29T14:00:00.000Z,vlog|official|live,1584,30,4,31,https://i.ytimg.com/vi/c6JvcWX1Z6j/default.jpg,False,False,False,Auto-generated sample description for Film & Animation video.
ttj1F0px5mx,24.02.10,Music Compilation 2024,Channel_1752,3,2024-09-28T07:00:00.000Z,2024|trending|review,45432,3570,69,686,https://i.ytimg.com/vi/BdTnl9kwZiK/default.jpg,False,False,False,Auto-generated sample description for Music video.
Z6f2TICyW8t,24.23.11,Top 10 Entertainment Moments This Week,Channel_463,14,2024-11-19T19:00:00.000Z,review|trending|music,106113,6074,84,864,https://i.ytimg.com/vi/Sw6n1FUPjtW/default.jpg,False,False,False,Auto-generated sample description for Entertainment video.
OYPmH3InWyK,24.28.04,Why This Entertainment Video Went Viral,Channel_4471,14,2024-04-28T05:00:00.000Z,trending|review|music,82935,1474,72,566,https://i.ytimg.com/vi/MWr-iN2d2qn/default.jpg,False,False,False,Auto-generated sample description for Entertainment video.
ZFrPcyusPVV,24.26.01,Top 10 Music Moments This Week,Channel_3676,3,2024-01-23T21:00:00.000Z,live|official|2024,38172,511,165,68,https://i.ytimg.com/vi/GCiV_MkBmFc/default.jpg,False,True,False,Auto-generated sample description for Music video.
6tRDfG8aa92,24.19.06,Official Music Highlights,Channel_1379,3,2024-06-16T04:00:00.000Z,trending|review|vlog,4036,184,40,74,https://i.ytimg.com/vi/tHZOY7g2qxs/default.jpg,False,False,False,Auto-generated sample description for Music video.
Gu4FhlPNk4v,24.13.09,Reacting to Music Trends,Channel_3399,11,2024-09-09T11:00:00.000Z,trending|vlog|live,408521,7829,298,932,https://i.ytimg.com/vi/siMSog35PtA/default.jpg,False,False,False,Auto-generated sample description for Music video.
ln--Z-Rcmki,24.25.10,Reacting to Education Trends,Channel_3291,10,2024-10-25T05:00:00.000Z,2024|review|trending,2343,90,2,15,https://i.ytimg.com/vi/vQp1T0P7e99/default.jpg,False,False,False,Auto-generated sample description for Education video.
lcBqcT-FlU4,24.23.06,Reacting to Comedy Trends,Channel_4783,7,2024-06-22T06:00:00.000Z,official|music|2024,4961,297,34,47,https://i.ytimg.com/vi/m9uDDaRbHao/default.jpg,False,False,False,Auto-generated sample description for Comedy video.
kZXe5ihUJMb,24.24.09,Reacting to Comedy Trends,Channel_4493,4,2024-09-22T05:00:00.000Z,2024|live|official,1893,38,7,12,https://i.ytimg.com/vi/OI1m9GCOsCS/default.jpg,False,False,False,Auto-generated sample description for Comedy video.
Fi572wI-Lbw,24.13.09,Top 10 Comedy Moments This Week,Channel_286,4,2024-09-12T00:00:00.000Z,vlog|2024|trending,5899,89,17,87,https://i.ytimg.com/vi/I6Jy0_siE7U/default.jpg,False,False,False,Auto-generated sample description for Comedy video.
ImJtkrQy9_D,24.13.02,Behind the Scenes: People & Blogs,Channel_2163,8,2024-02-10T00:00:00.000Z,live|trending|2024,4077,153,25,30,https://i.ytimg.com/vi/5wUfN_QSENc/default.jpg,False,False,False,Auto-generated sample description for People & Blogs video.
gDr0IDLpfvW,24.26.05,Why This Music Video Went Viral,Channel_2918,3,2024-05-25T11:00:00.000Z,2024|live|official,58251,3880,187,1005,https://i.ytimg.com/vi/8VMESlCETFa/default.jpg,False,False,False,Auto-generated sample description for Music video.
hVMI35r5vlq,24.30.01,Reacting to Music Trends,Channel_4555,3,2024-01-29T03:00:00.000Z,official|live|review,400070,26154,1372,7529,https://i.ytimg.com/vi/METzLJBS-Kv/default.jpg,False,False,False,Auto-generated sample description for Music video.
R5DnEhpO-gf,24.08.04,Top 10 Music Moments This Week,Channel_844,3,2024-04-07T11:00:00.000Z,review|official|vlog,5710,362,9,65,https://i.ytimg.com/vi/HIvvAUGWjxS/default.jpg,False,False,False,Auto-generated sample description for Music video.
MuJwlRHiaUy,24.14.05,Reacting to Entertainment Trends,Channel_1541,14,2024-05-13T17:00:00.000Z,vlog|2024|trending,26190,555,173,403,https://i.ytimg.com/vi/_8glQjpcZmG/default.jpg,False,False,False,Auto-generated sample description for Entertainment video.
ZnWvSC4HPXO,24.13.05,Top 10 Entertainment Moments This Week,Channel_4675,14,2024-05-11T01:00:00.000Z,vlog|live|trending,3633,190,18,16,https://i.ytimg.com/vi/TR1uMubkMuc/default.jpg,False,False,False,Auto-generated sample description for Entertainment video.
-mqVxpBU9Lq,25.07.01,Why This Music Video Went Viral,Channel_4740,3,2025-01-05T12:00:00.000Z,official|music|trending,19325,435,34,324,https://i.ytimg.com/vi/vPgcpzq3PtO/default.jpg,False,False,False,Auto-generated sample description for Music video.
KhWRQbTVcAK,24.25.02,Comedy Compilation 2024,Channel_4134,4,2024-02-21T15:00:00.000Z,music|trending|2024,5685,191,54,91,https://i.ytimg.com/vi/4WeideekfXy/default.jpg,False,False,False,Auto-generated sample description for Comedy video.
TeD4qnAxP6_,24.27.11,Top 10 Music Moments This Week,Channel_322,3,2024-11-26T16:00:00.000Z,music|trending|vlog,55153,1957,229,199,https://i.ytimg.com/vi/yt3G94xLzdE/default.jpg,False,False,False,Auto-generated sample description for Music video.
Kp9EvfxrAQL,24.17.11,Comedy Compilation 2024,Channel_3364,4,2024-11-13T22:00:00.000Z,review|live|vlog,2196,141,6,27,https://i.ytimg.com/vi/RM7_5oO1pIg/default.jpg,False,False,False,Auto-generated sample description for Comedy video.
QU20wJm5Ucp,24.08.01,Top 10 Music Moments This Week,Channel_2230,11,2024-01-08T09:00:00.000Z,live|trending|vlog,132717,1748,1118,2562,https://i.ytimg.com/vi/ekjCQh0Vu0r/default.jpg,False,False,False,Auto-generated sample description for Music video.
EUnryyAFQH7,25.29.01,Why This Music Video Went Viral,Channel_3609,11,2025-01-27T20:00:00.000Z,official|vlog|2024,25496,642,125,312,https://i.ytimg.com/vi/bv3mM7bao8C/default.jpg,False,False,False,Auto-generated sample description for Music video.
nBukRemDik0,24.29.10,Top 10 Travel & Events Moments This Week,Channel_183,15,2024-10-26T20:00:00.000Z,review|official|music,3998,62,3,10,https://i.ytimg.com/vi/_PELHqhdIhm/default.jpg,False,False,False,Auto-generated sample description for Travel & Events video.
WGcpol0F2nq,24.27.09,Why This Entertainment Video Went Viral,Channel_447,14,2024-09-27T07:00:00.000Z,vlog|trending|official,25861,1066,252,297,https://i.ytimg.com/vi/97ZYCh901KY/default.jpg,False,False,False,Auto-generated sample description for Entertainment video.
E6ypJWw9vY2,24.11.01,Top 10 People & Blogs Moments This Week,Channel_3548,8,2024-01-10T00:00:00.000Z,music|trending|review,8230,334,12,39,https://i.ytimg.com/vi/Jtazb7N4Uzj/default.jpg,False,False,False,Auto-generated sample description for People & Blogs video.
gp985Ay4Sws,24.29.12,Music Compilation 2024,Channel_3803,11,2024-12-28T05:00:00.000Z,review|trending|official,70827,708,319,720,https://i.ytimg.com/vi/90rYwGqJutL/default.jpg,False,False,True,Auto-generated sample description for Music video.
JiZ99ez7A3h,24.31.08,Official Music Highlights,Channel_1606,3,2024-08-31T20:00:00.000Z,music|vlog|2024,19522,1167,99,35,https://i.ytimg.com/vi/ExVu4pcM9ut/default.jpg,False,False,False,Auto-generated sample description for Music video.
w7axrwFM6nQ,24.23.09,Why This Gaming Video Went Viral,Channel_4839,16,2024-09-23T20:00:00.000Z,music|official|2024,26549,957,145,14,https://i.ytimg.com/vi/TH78gnHejAU/default.jpg,False,False,False,Auto-generated sample description for Gaming video.
kYMV-LDlmQp,24.28.03,Reacting to Entertainment Trends,Channel_1999,14,2024-03-28T16:00:00.000Z,vlog|music|review,50493,1778,489,881,https://i.ytimg.com/vi/JhDxuiuyD_4/default.jpg,False,False,False,Auto-generated sample description for Entertainment video.
s5a1Wg9NeJF,24.03.03,Comedy Compilation 2024,Channel_1509,7,2024-03-03T18:00:00.000Z,vlog|official|music,2400,86,20,7,https://i.ytimg.com/vi/Q7gnQ6YhMTE/default.jpg,False,False,False,Auto-generated sample description for Comedy video.
vInF76WMsOv,24.14.06,Reacting to Entertainment Trends,Channel_4387,14,2024-06-14T15:00:00.000Z,official|review|trending,23751,1376,137,237,https://i.ytimg.com/vi/oYza37ok7TA/default.jpg,False,False,False,Auto-generated sample description for Entertainment video.
IzvdSmoWwpN,25.19.01,Behind the Scenes: Entertainment,Channel_1330,14,2025-01-17T22:00:00.000Z,trending|live|vlog,60186,2384,454,146,https://i.ytimg.com/vi/Kp7UWy0ZISm/default.jpg,False,False,False,Auto-generated sample description for Entertainment video.
uJAeggvBnLU,24.02.04,Why This Entertainment Video Went Viral,Channel_1310,14,2024-03-31T10:00:00.000Z,review|official|trending,4239,196,21,17,https://i.ytimg.com/vi/s1ZzPs_R6w-/default.jpg,False,False,False,Auto-generated sample description for Entertainment video.
xcbozwBkdqs,24.31.01,Top 10 Music Moments This Week,Channel_1076,3,2024-01-27T06:00:00.000Z,trending|music|official,12588,300,112,63,https://i.ytimg.com/vi/hmn1McfqRzM/default.jpg,False,False,False,Auto-generated sample description for Music video.
vcXRobUEKYe,24.24.03,Music Compilation 2024,Channel_2497,11,2024-03-20T08:00:00.000Z,review|trending|music,21869,821,24,23,https://i.ytimg.com/vi/893_55NhKkD/default.jpg,False,False,False,Auto-generated sample description for Music video.
CZY2Ib_Up5b,24.27.10,Entertainment Compilation 2024,Channel_448,14,2024-10-27T07:00:00.000Z,trending|review|2024,74809,1170,718,876,https://i.ytimg.com/vi/0vOZp4Gp8ML/default.jpg,False,False,False,Auto-generated sample description for Entertainment video.
i4j4K1IZfan,24.24.03,Why This People & Blogs Video Went Viral,Channel_693,8,2024-03-23T19:00:00.000Z,trending|live|2024,47506,779,416,294,https://i.ytimg.com/vi/fQsnYFcDUqO/default.jpg,False,False,False,Auto-generated sample description for People & Blogs video.
4V9nflkEMEg,24.21.10,Why This Music Video Went Viral,Channel_3723,11,2024-10-21T17:00:00.000Z,2024|live|official,23373,1234,80,297,https://i.ytimg.com/vi/9SHuVejUtfv/default.jpg,False,False,False,Auto-generated sample description for Music video.
8PNRu_jPcdN,24.14.05,Reacting to Music Trends,Channel_2837,11,2024-05-14T19:00:00.000Z,music|live|trending,55048,3657,447,1079,https://i.ytimg.com/vi/-P_3uQtoN4J/default.jpg,False,False,False,Auto-generated sample description for Music video.
SnPQNeTeQ3o,24.12.12,Comedy Compilation 2024,Channel_4146,4,2024-12-08T22:00:00.000Z,live|trending|music,307,13,2,3,https://i.ytimg.com/vi/QYiwlCddwsh/default.jpg,False,False,False,Auto-generated sample description for Comedy video.
2UoEa8N1w_7,24.10.05,Top 10 Entertainment Moments This Week,Channel_3570,14,2024-05-09T07:00:00.000Z,review|vlog|music,21421,436,33,310,https://i.ytimg.com/vi/uUWUJOVryL4/default.jpg,False,False,False,Auto-generated sample description for Entertainment video.
aj270UoNRDw,24.20.02,Why This Education Video Went Viral,Channel_728,10,2024-02-17T12:00:00.000Z,vlog|trending|official,5348,335,23,24,https://i.ytimg.com/vi/YM6Yrp4hFuD/default.jpg,False,False,False,Auto-generated sample description for Education video.
p7iMlxPgPJQ,24.03.04,Official Music Highlights,Channel_2770,11,2024-04-03T04:00:00.000Z,2024|vlog|official,32257,1617,210,554,https://i.ytimg.com/vi/8ie6uaEU_ES/default.jpg,False,False,True,Auto-generated sample description for Music video.
snqxDLql9R7,25.01.02,Top 10 Music Moments This Week,Channel_2884,11,2025-01-31T09:00:00.000Z,trending|music|vlog,8671,280,31,167,https://i.ytimg.com/vi/EdI3V3FmKFG/default.jpg,False,False,False,Auto-generated sample description for Music video.
f0syASswVLH,24.28.09,Reacting to Travel & Events Trends,Channel_3930,15,2024-09-26T03:00:00.000Z,official|2024|live,7607,368,30,15,https://i.ytimg.com/vi/HJd7yBsezkQ/default.jpg,False,False,False,Auto-generated sample description for Travel & Events video.
O6WxALDMmRO,24.05.10,Top 10 Music Moments This Week,Channel_4584,3,2024-10-01T01:00:00.000Z,live|music|review,215124,7472,250,4299,https://i.ytimg.com/vi/_tLD5-b-xiL/default.jpg,False,True,False,Auto-generated sample description for Music video.
RMvawmur-mZ,24.15.02,Reacting to Comedy Trends,Channel_4801,7,2024-02-12T11:00:00.000Z,trending|review|official,132959,4154,1266,1777,https://i.ytimg.com/vi/ht0cTn_EXrZ/default.jpg,False,False,False,Auto-generated sample description for Comedy video.
6iXOfjQuWwH,24.04.05,Official Music Highlights,Channel_3443,11,2024-05-03T04:00:00.000Z,live|official|vlog,11482,454,64,82,https://i.ytimg.com/vi/pojJnOANzrR/default.jpg,False,False,False,Auto-generated sample description for Music video.
vbS3O9hMxYb,24.25.08,Top 10 Music Moments This Week,Channel_804,11,2024-08-21T22:00:00.000Z,official|live|review,157148,11844,878,292,https://i.ytimg.com/vi/ZX7ZimEemUu/default.jpg,False,False,False,Auto-generated sample description for Music video.
t5pc0dADv0K,24.07.07,Top 10 Comedy Moments This Week,Channel_2464,4,2024-07-06T08:00:00.000Z,trending|2024|review,10626,846,71,133,https://i.ytimg.com/vi/jQJ0R_pXEA4/default.jpg,False,False,False,Auto-generated sample description for Comedy video.
N3MvqmCN_I8,24.15.02,Reacting to Entertainment Trends,Channel_4509,14,2024-02-12T12:00:00.000Z,live|music|official,68727,1105,581,835,https://i.ytimg.com/vi/ixbxwCus3oD/default.jpg,False,False,False,Auto-generated sample description for Entertainment video.
z3vgD67iYhb,24.20.06,Music Compilation 2024,Channel_287,3,2024-06-20T16:00:00.000Z,review|2024|music,10319,759,67,130,https://i.ytimg.com/vi/tRvtB_6i3Wy/default.jpg,False,True,False,Auto-generated sample description for Music video.
Pjpm6LCCbUB,24.04.11,Music Compilation 2024,Channel_424,11,2024-11-04T01:00:00.000Z,2024|vlog|official,19083,1180,46,330,https://i.ytimg.com/vi/E_oj4GGK8ZE/default.jpg,False,False,False,Auto-generated sample description for Music video.
kVuFWcWYZaP,24.09.08,Reacting to Autos & Vehicles Trends,Channel_1679,1,2024-08-07T14:00:00.000Z,2024|vlog|trending,39616,1193,42,731,https://i.ytimg.com/vi/NwRswYF4-09/default.jpg,False,False,False,Auto-generated sample description for Autos & Vehicles video.
3PWD_fGZxby,24.04.11,Official Entertainment Highlights,Channel_2857,14,2024-10-31T17:00:00.000Z,trending|official|music,124007,6796,339,958,https://i.ytimg.com/vi/Y3awCs5_874/default.jpg,True,False,True,Auto-generated sample description for Entertainment video.
kzhtLd2vJYZ,24.26.11,Top 10 Music Moments This Week,Channel_725,11,2024-11-25T18:00:00.000Z,trending|official|review,581105,22677,4053,8418,https://i.ytimg.com/vi/NgUIC07KTSw/default.jpg,False,False,False,Auto-generated sample description for Music video.
2BbL6W4fKXL,24.22.05,Top 10 Music Moments This Week,Channel_3028,3,2024-05-21T16:00:00.000Z,review|official|trending,135435,1965,610,559,https://i.ytimg.com/vi/yHWWv4fS0RD/default.jpg,False,False,False,Auto-generated sample description for Music video.
bSNBmgGbF7C,24.20.02,Music Compilation 2024,Channel_4835,11,2024-02-16T10:00:00.000Z,live|vlog|official,50398,1006,354,602,https://i.ytimg.com/vi/udIA5ONECnd/default.jpg,False,False,False,Auto-generated sample description for Music video.
tKDCmipRNHS,24.18.02,Why This Music Video Went Viral,Channel_2031,11,2024-02-16T08:00:00.000Z,vlog|official|live,95972,3672,715,1015,https://i.ytimg.com/vi/64TRAv1tuQY/default.jpg,False,False,False,Auto-generated sample description for Music video.
-FPI2a84_L8,24.28.01,Top 10 Pets & Animals Moments This Week,Channel_2971,2,2024-01-27T13:00:00.000Z,official|review|trending,120248,4676,743,222,https://i.ytimg.com/vi/y7Nq-9ItukX/default.jpg,False,False,False,Auto-generated sample description for Pets & Animals video.
Q6m5MmFS91S,24.25.07,Official Entertainment Highlights,Channel_4968,14,2024-07-23T06:00:00.000Z,live|review|vlog,549464,14737,5150,3612,https://i.ytimg.com/vi/-geAiewHUlQ/default.jpg,False,False,False,Auto-generated sample description for Entertainment video.
kJWg3ap4Cyk,24.21.06,Entertainment Compilation 2024,Channel_246,14,2024-06-19T14:00:00.000Z,2024|live|review,12015,202,81,89,https://i.ytimg.com/vi/8Go6u_hY4kq/default.jpg,False,False,False,Auto-generated sample description for Entertainment video.
PUAZqBhEbMi,24.05.02,Reacting to Gaming Trends,Channel_4816,6,2024-02-05T01:00:00.000Z,trending|review|music,102132,7186,57,439,https://i.ytimg.com/vi/RjLnlQocIB3/default.jpg,False,False,False,Auto-generated sample description for Gaming video.
i74a2iE-bTi,24.29.09,Why This Entertainment Video Went Viral,Channel_1161,14,2024-09-29T16:00:00.000Z,official|music|review,11897,512,85,105,https://i.ytimg.com/vi/AgK_fex9IbQ/default.jpg,False,False,False,Auto-generated sample description for Entertainment video.
5NEeZGgltwd,24.13.12,Why This Music Video Went Viral,Channel_386,11,2024-12-10T00:00:00.000Z,2024|music|vlog,298941,15799,2600,3392,https://i.ytimg.com/vi/K6RWAEBxHrV/default.jpg,False,False,False,Auto-generated sample description for Music video.
si8qoG570ds,25.15.01,Reacting to Music Trends,Channel_1181,11,2025-01-14T21:00:00.000Z,2024|vlog|review,49759,1885,326,871,https://i.ytimg.com/vi/cO82HVGpCBc/default.jpg,False,False,False,Auto-generated sample description for Music video.
X0IcBj69VbI,24.12.08,Education Compilation 2024,Channel_2746,10,2024-08-10T19:00:00.000Z,live|vlog|trending,2705,60,7,34,https://i.ytimg.com/vi/KWtxWNF2-0G/default.jpg,False,False,False,Auto-generated sample description for Education video.
vXu85Ln1UCg,24.14.12,Music Compilation 2024,Channel_4401,11,2024-12-14T11:00:00.000Z,review|music|official,8387,446,14,93,https://i.ytimg.com/vi/WB7rMtgPwl0/default.jpg,False,False,False,Auto-generated sample description for Music video.
Faen2VWJIVv,24.05.08,Top 10 Gaming Moments This Week,Channel_154,6,2024-08-04T22:00:00.000Z,official|music|2024,52953,636,186,113,https://i.ytimg.com/vi/Ho6ESO0xaPE/default.jpg,False,False,False,Auto-generated sample description for Gaming video.
IZCyNkjLdsJ,24.02.09,Why This Comedy Video Went Viral,Channel_822,4,2024-09-01T14:00:00.000Z,official|trending|live,11586,469,89,63,https://i.ytimg.com/vi/vwOpsRq_Ltx/default.jpg,False,False,False,Auto-generated sample description for Comedy video.
5lOd_fxyRB2,24.26.09,Top 10 Entertainment Moments This Week,Channel_4962,14,2024-09-26T00:00:00.000Z,official|review|trending,61845,4487,331,1103,https://i.ytimg.com/vi/igTua19AnYm/default.jpg,False,False,False,Auto-generated sample description for Entertainment video.
vbDn6v4mp1W,24.27.02,Official Entertainment Highlights,Channel_96,14,2024-02-27T19:00:00.000Z,review|2024|vlog,38827,2057,72,108,https://i.ytimg.com/vi/1W04bdqLImD/default.jpg,False,False,False,Auto-generated sample description for Entertainment video.
nykvWw0J7kd,25.11.01,Reacting to Comedy Trends,Channel_1185,7,2025-01-07T14:00:00.000Z,review|live|official,21030,969,75,194,https://i.ytimg.com/vi/wBku8QTp_1O/default.jpg,False,True,False,Auto-generated sample description for Comedy video.
zBVXwcqV-pb,24.06.11,Top 10 Gaming Moments This Week,Channel_2064,6,2024-11-05T19:00:00.000Z,music|2024|review,50935,2084,364,623,https://i.ytimg.com/vi/fG2XFRb9zW8/default.jpg,False,False,False,Auto-generated sample description for Gaming video.
v2Psfv3rxuy,24.16.02,Top 10 Music Moments This Week,Channel_4942,11,2024-02-16T09:00:00.000Z,review|official|music,333837,16705,1022,1614,https://i.ytimg.com/vi/NU6KUE3Bygw/default.jpg,False,False,False,Auto-generated sample description for Music video.
VNOg5wrSnUt,24.01.05,Top 10 Comedy Moments This Week,Channel_506,4,2024-04-28T04:00:00.000Z,music|trending|review,12142,506,93,87,https://i.ytimg.com/vi/fnkby-lNF0f/default.jpg,False,False,False,Auto-generated sample description for Comedy video.
iqqqNhK-J2m,24.16.03,Behind the Scenes: Gaming,Channel_301,6,2024-03-15T02:00:00.000Z,2024|official|vlog,103662,5815,252,774,https://i.ytimg.com/vi/ei_EpV5PcpH/default.jpg,False,False,False,Auto-generated sample description for Gaming video.
7M0Y4ymTNqV,24.12.01,Why This Music Video Went Viral,Channel_1209,11,2024-01-09T22:00:00.000Z,official|music|trending,48953,1859,195,322,https://i.ytimg.com/vi/tVXP9NgdM8n/default.jpg,False,True,False,Auto-generated sample description for Music video.
3kBMZ6OVPH2,24.11.06,Music Compilation 2024,Channel_2536,11,2024-06-08T18:00:00.000Z,2024|music|live,130968,5889,1057,2454,https://i.ytimg.com/vi/Ox-Q4GxW4Pq/default.jpg,False,False,False,Auto-generated sample description for Music video.
GfSk8uZA4wT,24.05.08,Behind the Scenes: Gaming,Channel_1774,16,2024-08-01T22:00:00.000Z,music|review|vlog,23785,1118,117,82,https://i.ytimg.com/vi/6yqRS4SJVjP/default.jpg,False,False,False,Auto-generated sample description for Gaming video.
sea771TpgUA,24.18.04,Top 10 Music Moments This Week,Channel_368,11,2024-04-15T05:00:00.000Z,trending|review|official,14631,1093,22,22,https://i.ytimg.com/vi/xZrB6dz9bLH/default.jpg,False,False,False,Auto-generated sample description for Music video.
RmmN1VNtYGw,24.16.03,Reacting to Entertainment Trends,Channel_1564,14,2024-03-14T08:00:00.000Z,vlog|review|trending,11471,743,49,192,https://i.ytimg.com/vi/SXRk-PsbWKz/default.jpg,False,False,False,Auto-generated sample description for Entertainment video.
FLaPqRo9Bbf,24.16.07,Reacting to Education Trends,Channel_971,10,2024-07-14T11:00:00.000Z,vlog|review|official,10217,642,77,116,https://i.ytimg.com/vi/071QeCqaSKO/default.jpg,False,False,False,Auto-generated sample description for Education video.
hQsRrjx43Hm,24.08.12,Behind the Scenes: Music,Channel_1965,11,2024-12-04T05:00:00.000Z,review|2024|official,60987,2208,92,914,https://i.ytimg.com/vi/4tIvOOOhJRD/default.jpg,False,False,False,Auto-generated sample description for Music video.
3ZIiNMz14hB,24.22.06,Behind the Scenes: Education,Channel_1182,10,2024-06-18T12:00:00.000Z,2024|official|review,10902,328,96,111,https://i.ytimg.com/vi/Hatms7vaY3u/default.jpg,False,False,False,Auto-generated sample description for Education video.
EyYbYQFuEsw,24.22.03,Reacting to Comedy Trends,Channel_4304,7,2024-03-19T15:00:00.000Z,vlog|official|trending,4720,236,25,85,https://i.ytimg.com/vi/vpd8AErXMhi/default.jpg,False,False,False,Auto-generated sample description for Comedy video.
h5hCvxrE2-t,24.02.06,Behind the Scenes: Entertainment,Channel_2773,14,2024-06-02T13:00:00.000Z,trending|review|official,3549,187,26,48,https://i.ytimg.com/vi/tyNmFC_1a23/default.jpg,False,False,False,Auto-generated sample description for Entertainment video.
GpPzXHRnO1q,25.03.01,Reacting to Music Trends,Channel_230,11,2024-12-31T18:00:00.000Z,music|trending|live,46228,1781,204,293,https://i.ytimg.com/vi/XGWneFPdxWN/default.jpg,False,False,False,Auto-generated sample description for Music video.
jGSg2ElB2Wc,24.27.08,Entertainment Compilation 2024,Channel_601,14,2024-08-25T13:00:00.000Z,trending|official|2024,2605515,102814,11771,26529,https://i.ytimg.com/vi/eis12BDBP2g/default.jpg,False,False,False,Auto-generated sample description for Entertainment video.
x15WOPm5i_z,25.12.01,Official Entertainment Highlights,Channel_4346,14,2025-01-08T11:00:00.000Z,review|trending|official,133106,6970,1136,696,https://i.ytimg.com/vi/fce5C-WGW-y/default.jpg,False,False,False,Auto-generated sample description for Entertainment video.
FGsLapo6nVn,24.10.07,Why This Music Video Went Viral,Channel_3510,11,2024-07-07T17:00:00.000Z,review|trending|official,102673,1510,390,1946,https://i.ytimg.com/vi/ZonJAaKjs7C/default.jpg,False,True,False,Auto-generated sample description for Music video.
4PTnI6ZdR8_,24.09.04,Reacting to Music Trends,Channel_2807,11,2024-04-06T00:00:00.000Z,music|2024|live,41426,3083,199,791,https://i.ytimg.com/vi/bIR_Es90dk-/default.jpg,False,False,False,Auto-generated sample description for Music video.
xo5-zrq3esF,24.23.08,Why This Entertainment Video Went Viral,Channel_4499,14,2024-08-23T04:00:00.000Z,2024|music|review,84086,2741,537,357,https://i.ytimg.com/vi/cGLXN62j3qy/default.jpg,False,False,False,Auto-generated sample description for Entertainment video.
6rABs0upITJ,24.18.05,Official Music Highlights,Channel_2373,11,2024-05-14T14:00:00.000Z,2024|music|vlog,51591,2319,410,429,https://i.ytimg.com/vi/edopYf1DU6p/default.jpg,False,False,False,Auto-generated sample description for Music video.
Sv5bSCya_xN,24.24.09,Official Music Highlights,Channel_4992,11,2024-09-21T01:00:00.000Z,music|review|vlog,15490,462,102,309,https://i.ytimg.com/vi/LDaCLbjh0Wt/default.jpg,False,False,False,Auto-generated sample description for Music video.
ypbggt2QV6Z,24.19.10,Reacting to Music Trends,Channel_645,11,2024-10-16T06:00:00.000Z,music|vlog|live,329222,22560,1922,5694,https://i.ytimg.com/vi/gy_OwH2qNNo/default.jpg,False,False,False,Auto-generated sample description for Music video.
XSgy0UxGpph,24.30.12,Why This Comedy Video Went Viral,Channel_2220,7,2024-12-30T10:00:00.000Z,review|live|2024,1656,88,14,14,https://i.ytimg.com/vi/g4Lj2jdtqUb/default.jpg,False,False,False,Auto-generated sample description for Comedy video.
7JP_JVipavP,24.16.08,Reacting to Music Trends,Channel_2387,11,2024-08-12T21:00:00.000Z,2024|trending|music,45615,993,276,262,https://i.ytimg.com/vi/y8Cm4uBRPUs/default.jpg,False,False,False,Auto-generated sample description for Music video.
sNsyCuvDnIR,24.23.09,Top 10 Entertainment Moments This Week,Channel_3789,14,2024-09-22T06:00:00.000Z,review|music|2024,105573,2675,537,669,https://i.ytimg.com/vi/f71GX-7cg-_/default.jpg,False,False,False,Auto-generated sample description for Entertainment video.
hXgX8RsmL25,25.01.02,Why This Comedy Video Went Viral,Channel_4660,4,2025-01-30T00:00:00.000Z,2024|trending|music,115462,6340,446,238,https://i.ytimg.com/vi/jyOz5uyWlm-/default.jpg,False,False,False,Auto-generated sample description for Comedy video.
l682VrgoxC3,24.18.08,Reacting to Entertainment Trends,Channel_309,14,2024-08-16T11:00:00.000Z,vlog|official|music,169425,8460,1259,227,https://i.ytimg.com/vi/kkLFq3QpyHk/default.jpg,False,False,False,Auto-generated sample description for Entertainment video.
ru3g25d4b4F,24.18.08,People & Blogs Compilation 2024,Channel_2666,8,2024-08-14T15:00:00.000Z,2024|music|review,102188,8109,895,1027,https://i.ytimg.com/vi/PiFAanElsdY/default.jpg,False,False,False,Auto-generated sample description for People & Blogs video.
yM3cUyFF4xk,24.12.05,Why This Entertainment Video Went Viral,Channel_2166,14,2024-05-11T17:00:00.000Z,vlog|live|music,247217,18678,1143,4644,https://i.ytimg.com/vi/ZePZe-BQSCM/default.jpg,False,False,True,Auto-generated sample description for Entertainment video.
BsmLqf4uRrJ,24.11.12,Behind the Scenes: Music,Channel_2173,3,2024-12-11T18:00:00.000Z,official|vlog|live,572302,13142,3404,10878,https://i.ytimg.com/vi/btdntKDTvge/default.jpg,False,False,False,Auto-generated sample description for Music video.
DYexxFD2b48,24.29.12,Official Entertainment Highlights,Channel_2879,14,2024-12-28T09:00:00.000Z,2024|official|trending,39197,2877,275,512,https://i.ytimg.com/vi/bjqx8-86u2E/default.jpg,False,True,False,Auto-generated sample description for Entertainment video.
5EXY2ULaPli,24.13.01,Why This Comedy Video Went Viral,Channel_842,7,2024-01-12T14:00:00.000Z,review|official|live,3517,145,8,62,https://i.ytimg.com/vi/rMaCUb95IX6/default.jpg,False,False,False,Auto-generated sample description for Comedy video.
ZtnEQ7GseCz,24.11.01,Why This Music Video Went Viral,Channel_64,11,2024-01-11T08:00:00.000Z,official|music|2024,1176339,50038,6607,17724,https://i.ytimg.com/vi/-SMmBOkjCPA/default.jpg,False,False,False,Auto-generated sample description for Music video.
7fMF9693Xso,24.12.04,Official Music Highlights,Channel_1334,3,2024-04-09T02:00:00.000Z,trending|live|music,3724,262,36,32,https://i.ytimg.com/vi/ubKsY5lttkF/default.jpg,False,False,False,Auto-generated sample description for Music video.
h95X5ApXIWb,24.10.03,Behind the Scenes: Music,Channel_2275,3,2024-03-09T03:00:00.000Z,trending|music|live,39010,1047,376,401,https://i.ytimg.com/vi/0sQT-lOsbjz/default.jpg,False,False,False,Auto-generated sample description for Music video.
vaWckRf53An,24.19.11,Top 10 Entertainment Moments This Week,Channel_3949,14,2024-11-17T04:00:00.000Z,vlog|2024|music,12116,530,10,93,https://i.ytimg.com/vi/u0k0Ho9Ji3D/default.jpg,False,False,False,Auto-generated sample description for Entertainment video.
EXVxIduC_4X,24.18.06,Reacting to People & Blogs Trends,Channel_2428,8,2024-06-18T02:00:00.000Z,trending|live|2024,8013,267,4,112,https://i.ytimg.com/vi/WVYaWJBDPik/default.jpg,False,False,False,Auto-generated sample description for People & Blogs video.
splnJv3C0KP,24.26.03,Official Comedy Highlights,Channel_4005,7,2024-03-25T17:00:00.000Z,vlog|2024|music,17327,1351,135,148,https://i.ytimg.com/vi/cGft_E1VCUk/default.jpg,True,False,False,Auto-generated sample description for Comedy video.
x_KiSuoALNB,25.10.01,Reacting to Comedy Trends,Channel_738,4,2025-01-07T06:00:00.000Z,music|review|2024,19319,1003,111,104,https://i.ytimg.com/vi/iFzLHiboJmZ/default.jpg,False,False,False,Auto-generated sample description for Comedy video.
rE5BmczyPAP,24.28.07,People & Blogs Compilation 2024,Channel_2094,8,2024-07-25T07:00:00.000Z,review|trending|official,18574,1318,56,146,https://i.ytimg.com/vi/Iv-FEu5BNA3/default.jpg,False,False,False,Auto-generated sample description for People & Blogs video.
_XZGLoqJOfH,24.12.09,Behind the Scenes: Music,Channel_4237,11,2024-09-10T19:00:00.000Z,2024|vlog|official,17212,1269,87,158,https://i.ytimg.com/vi/_OvZa6IUJ-8/default.jpg,False,False,False,Auto-generated sample description for Music video.
g13oK5T0b88,24.09.03,Why This Comedy Video Went Viral,Channel_1441,7,2024-03-09T16:00:00.000Z,review|official|vlog,3136,62,5,30,https://i.ytimg.com/vi/BU2gkeQs5dY/default.jpg,False,False,False,Auto-generated sample description for Comedy video.
-YvxS4KeOZh,25.11.01,Music Compilation 2024,Channel_1040,3,2025-01-10T10:00:00.000Z,trending|vlog|official,36004,450,61,52,https://i.ytimg.com/vi/jMRjKPDqY7q/default.jpg,False,False,False,Auto-generated sample description for Music video.
YeimoqOMlMd,24.30.04,Entertainment Compilation 2024,Channel_1104,14,2024-04-26T20:00:00.000Z,live|official|music,17842,221,162,274,https://i.ytimg.com/vi/E7PKAb3AAJ1/default.jpg,False,False,False,Auto-generated sample description for Entertainment video.
W4NZvESAwcD,24.06.12,Comedy Compilation 2024,Channel_2634,7,2024-12-03T01:00:00.000Z,vlog|music|2024,25624,1698,63,278,https://i.ytimg.com/vi/1myc6TZqZH0/default.jpg,False,False,False,Auto-generated sample description for Comedy video.
ErIpduVfsWY,24.11.08,Behind the Scenes: Travel & Events,Channel_4762,15,2024-08-10T08:00:00.000Z,review|official|trending,6425,365,32,96,https://i.ytimg.com/vi/FIY7hM7T-3y/default.jpg,False,False,False,Auto-generated sample description for Travel & Events video.
I-k4l-WpAy9,24.22.04,Behind the Scenes: Film & Animation,Channel_2042,9,2024-04-20T09:00:00.000Z,vlog|live|review,7262,470,61,73,https://i.ytimg.com/vi/vCE3eOhKV5R/default.jpg,False,False,False,Auto-generated sample description for Film & Animation video.
xfblxWKRKXZ,24.16.01,Behind the Scenes: Entertainment,Channel_3077,14,2024-01-12T15:00:00.000Z,live|vlog|music,37235,811,75,251,https://i.ytimg.com/vi/tXK6MQChRXM/default.jpg,False,False,False,Auto-generated sample description for Entertainment video.
k-r_96oV_F-,24.18.07,Top 10 Music Moments This Week,Channel_2838,3,2024-07-18T06:00:00.000Z,live|vlog|trending,27063,1217,207,196,https://i.ytimg.com/vi/gXO1j2X4QSM/default.jpg,False,False,False,Auto-generated sample description for Music video.
qrpaBWegREU,24.26.11,Music Compilation 2024,Channel_248,11,2024-11-24T11:00:00.000Z,music|official|vlog,24056,1200,193,230,https://i.ytimg.com/vi/U_cz1e1AxlT/default.jpg,False,False,False,Auto-generated sample description for Music video.
gIk4daMxuBT,24.24.01,Why This Music Video Went Viral,Channel_140,3,2024-01-24T04:00:00.000Z,official|music|review,74841,4463,516,1293,https://i.ytimg.com/vi/qyCkuxZszIn/default.jpg,False,False,False,Auto-generated sample description for Music video.
_HuJXp5_xyI,24.03.03,Top 10 Comedy Moments This Week,Channel_3637,4,2024-02-29T19:00:00.000Z,vlog|official|2024,3846,170,12,15,https://i.ytimg.com/vi/sxdXTiN43HD/default.jpg,False,False,False,Auto-generated sample description for Comedy video.
ui9J5rmlpD5,24.01.04,Why This Music Video Went Viral,Channel_1778,11,2024-03-30T21:00:00.000Z,review|live|official,97491,5087,144,816,https://i.ytimg.com/vi/m6GKTXxof3y/default.jpg,False,False,False,Auto-generated sample description for Music video.
aYWgXdtjycb,24.28.08,Top 10 Music Moments This Week,Channel_132,11,2024-08-28T00:00:00.000Z,official|trending|vlog,154978,3590,932,1420,https://i.ytimg.com/vi/saYUerFtrUO/default.jpg,False,False,False,Auto-generated sample description for Music video.
AQ-mMPJYJkJ,24.28.02,Behind the Scenes: Gaming,Channel_2801,6,2024-02-25T01:00:00.000Z,review|2024|trending,12105,892,112,185,https://i.ytimg.com/vi/lnRSQ9k_fci/default.jpg,False,False,False,Auto-generated sample description for Gaming video.
MLQZfP8_wNq,24.14.01,Why This Entertainment Video Went Viral,Channel_708,14,2024-01-10T11:00:00.000Z,trending|2024|music,413361,11390,1447,7783,https://i.ytimg.com/vi/d85NG1VTJWJ/default.jpg,False,False,False,Auto-generated sample description for Entertainment video.
WWfHOSAy20q,24.25.04,Why This Entertainment Video Went Viral,Channel_62,14,2024-04-23T07:00:00.000Z,music|official|live,56934,2013,369,1126,https://i.ytimg.com/vi/5I8FwergclR/default.jpg,False,False,False,Auto-generated sample description for Entertainment video.
lEX3DHxbBT8,24.25.09,Top 10 People & Blogs Moments This Week,Channel_1008,8,2024-09-23T05:00:00.000Z,official|trending|music,10678,844,88,155,https://i.ytimg.com/vi/8Wkz8--qEd-/default.jpg,False,False,False,Auto-generated sample description for People & Blogs video.
a1pg5Va_DSq,25.18.01,Why This Comedy Video Went Viral,Channel_4474,7,2025-01-15T16:00:00.000Z,review|music|vlog,47176,3462,98,322,https://i.ytimg.com/vi/HwygZioVugC/default.jpg,False,False,False,Auto-generated sample description for Comedy video.
r-pvov950y4,24.26.01,Film & Animation Compilation 2024,Channel_3455,9,2024-01-26T18:00:00.000Z,vlog|2024|live,3364,243,28,62,https://i.ytimg.com/vi/s2NLVFbSpxp/default.jpg,False,False,False,Auto-generated sample description for Film & Animation video.
gOxbJxajFkZ,25.02.01,Why This Science & Technology Video Went Viral,Channel_578,12,2025-01-01T02:00:00.000Z,review|trending|music,5844,173,3,9,https://i.ytimg.com/vi/yvspvUDQk4e/default.jpg,False,False,False,Auto-generated sample description for Science & Technology video.
dmKlLYo7v95,24.31.05,Reacting to Music Trends,Channel_1246,11,2024-05-27T03:00:00.000Z,live|music|review,15421,249,92,188,https://i.ytimg.com/vi/aq84qJKt7HF/default.jpg,False,False,False,Auto-generated sample description for Music video.
4c29Y06JjH6,25.11.01,Comedy Compilation 2024,Channel_3383,7,2025-01-07T09:00:00.000Z,trending|live|review,20089,1208,12,201,https://i.ytimg.com/vi/-cwkPQkaQsv/default.jpg,False,False,False,Auto-generated sample description for Comedy video.
ywo5mnq2_yP,24.22.02,Reacting to Music Trends,Channel_4352,11,2024-02-19T07:00:00.000Z,vlog|live|2024,80657,1938,772,824,https://i.ytimg.com/vi/Kdz4PF77AIz/default.jpg,False,False,False,Auto-generated sample description for Music video.
QXLnSbvcONe,24.26.07,Why This Entertainment Video Went Viral,Channel_3080,14,2024-07-25T22:00:00.000Z,trending|review|2024,33439,2153,301,137,https://i.ytimg.com/vi/Xzr3j1CnAwp/default.jpg,False,True,False,Auto-generated sample description for Entertainment video.
Lb3rB8___uQ,24.06.01,Music Compilation 2024,Channel_3563,3,2024-01-02T10:00:00.000Z,live|official|vlog,140806,1985,618,2584,https://i.ytimg.com/vi/3R0Xibv3woH/default.jpg,False,False,False,Auto-generated sample description for Music video.
bGrtfrbOtSt,24.03.07,Why This Travel & Events Video Went Viral,Channel_3830,13,2024-07-03T01:00:00.000Z,vlog|review|music,96268,5065,254,1250,https://i.ytimg.com/vi/h5kiRQZS3qy/default.jpg,False,False,False,Auto-generated sample description for Travel & Events video.
VvHfr9t-3Jl,24.19.01,Top 10 Gaming Moments This Week,Channel_120,6,2024-01-17T04:00:00.000Z,official|trending|2024,3646,274,3,15,https://i.ytimg.com/vi/aBU9SPO6Eu7/default.jpg,False,False,False,Auto-generated sample description for Gaming video.
Kq1sAHPdnnx,24.22.09,Why This Film & Animation Video Went Viral,Channel_1138,9,2024-09-20T06:00:00.000Z,music|official|2024,2941,229,8,52,https://i.ytimg.com/vi/z0LVBXN6Szx/default.jpg,False,False,False,Auto-generated sample description for Film & Animation video.
Gtar_EED7ti,24.11.09,Official Music Highlights,Channel_3372,11,2024-09-07T07:00:00.000Z,trending|live|2024,14749,967,85,225,https://i.ytimg.com/vi/YrRKOIR4sP_/default.jpg,False,False,False,Auto-generated sample description for Music video.
GCxTvb2wpkW,24.16.07,Behind the Scenes: Music,Channel_2151,3,2024-07-16T12:00:00.000Z,vlog|music|review,14689,508,75,256,https://i.ytimg.com/vi/GefziQyG5SF/default.jpg,False,False,False,Auto-generated sample description for Music video.
c12vkxhg5rz,24.27.11,Reacting to Entertainment Trends,Channel_1263,14,2024-11-27T19:00:00.000Z,vlog|review|music,17817,1249,148,115,https://i.ytimg.com/vi/e4w9Hlv7P_O/default.jpg,False,False,False,Auto-generated sample description for Entertainment video.
mdTA4TWBnB0,24.23.03,Reacting to Music Trends,Channel_1890,11,2024-03-21T14:00:00.000Z,trending|review|official,273710,15990,1976,1632,https://i.ytimg.com/vi/c285SGua56P/default.jpg,False,False,False,Auto-generated sample description for Music video.
hX0CzlIu2IO,24.31.05,Music Compilation 2024,Channel_2415,3,2024-05-29T15:00:00.000Z,official|music|live,516206,9895,3716,7488,https://i.ytimg.com/vi/Xg7Zkj5ysen/default.jpg,False,False,False,Auto-generated sample description for Music video.
TS6PmagQAzF,24.04.06,Top 10 Entertainment Moments This Week,Channel_3799,14,2024-06-04T01:00:00.000Z,music|2024|live,9103,668,17,82,https://i.ytimg.com/vi/C9T6R4rSRPj/default.jpg,False,False,False,Auto-generated sample description for Entertainment video.
kqHuGlp9r3u,24.19.03,Top 10 Music Moments This Week,Channel_2226,11,2024-03-17T09:00:00.000Z,review|trending|vlog,14798,856,110,283,https://i.ytimg.com/vi/iq79Z1yrh7h/default.jpg,False,False,False,Auto-generated sample description for Music video.
Yc7nowA_GWz,24.12.02,Official Music Highlights,Channel_3822,3,2024-02-08T14:00:00.000Z,2024|review|vlog,40915,1092,191,248,https://i.ytimg.com/vi/5YkR9tgxZei/default.jpg,False,False,False,Auto-generated sample description for Music video.
C1rR7r15_YE,25.12.01,Top 10 Entertainment Moments This Week,Channel_4026,14,2025-01-08T13:00:00.000Z,trending|live|music,76076,1696,684,780,https://i.ytimg.com/vi/c1eXPTf8OdU/default.jpg,False,False,False,Auto-generated sample description for Entertainment video.
Chrt0HQjURa,25.10.01,Official Music Highlights,Channel_4712,3,2025-01-06T21:00:00.000Z,music|2024|official,609258,44919,474,8925,https://i.ytimg.com/vi/XkL8g6ptYEX/default.jpg,False,False,False,Auto-generated sample description for Music video.
dWmDkt_Et12,24.14.01,Top 10 People & Blogs Moments This Week,Channel_2935,8,2024-01-11T19:00:00.000Z,2024|official|review,74302,1976,652,519,https://i.ytimg.com/vi/96FzI-2DUaW/default.jpg,False,False,False,Auto-generated sample description for People & Blogs video.
_Ra1kr-_bXe,24.01.02,Behind the Scenes: Music,Channel_2986,11,2024-01-28T17:00:00.000Z,official|trending|live,290051,13581,2405,1432,https://i.ytimg.com/vi/vF9d8IBVipT/default.jpg,False,False,False,Auto-generated sample description for Music video.
O4688I1dhLi,24.15.02,Top 10 Comedy Moments This Week,Channel_4544,4,2024-02-15T18:00:00.000Z,trending|music|review,21722,1338,201,319,https://i.ytimg.com/vi/GSxlEOOgQO6/default.jpg,False,False,False,Auto-generated sample description for Comedy video.
RtZkW9XpJjb,24.26.10,Official Music Highlights,Channel_1521,11,2024-10-23T09:00:00.000Z,music|vlog|2024,52019,726,31,869,https://i.ytimg.com/vi/Kgcsamfh3H9/default.jpg,False,False,False,Auto-generated sample description for Music video.
UhN7iyDy13P,24.11.10,Why This Music Video Went Viral,Channel_26,3,2024-10-10T11:00:00.000Z,official|trending|vlog,16917,1323,117,313,https://i.ytimg.com/vi/Q43sbwW2GYj/default.jpg,False,False,False,Auto-generated sample description for Music video.
pHCqyZ7sbi6,24.12.05,Official Music Highlights,Channel_1638,3,2024-05-11T09:00:00.000Z,vlog|live|review,13834,1058,86,83,https://i.ytimg.com/vi/JhQ9R3RyOw0/default.jpg,False,False,False,
O9sh-2WJQKT,24.02.09,Top 10 Science & Technology Moments This Week,Channel_294,12,2024-08-31T16:00:00.000Z,2024|music|review,6611,275,17,67,https://i.ytimg.com/vi/O8ZaECxHwbB/default.jpg,False,False,False,Auto-generated sample description for Science & Technology video.
uja9HGU4oqV,24.15.04,Behind the Scenes: Music,Channel_441,11,2024-04-13T20:00:00.000Z,review|2024|vlog,676,19,1,9,https://i.ytimg.com/vi/fYM9zLjUyam/default.jpg,False,False,False,Auto-generated sample description for Music video.
bqLvFVQS6Gx,24.09.07,Behind the Scenes: Gaming,Channel_4619,16,2024-07-07T07:00:00.000Z,2024|vlog|review,18190,493,91,66,https://i.ytimg.com/vi/cHRL6dZ15TL/default.jpg,False,False,False,Auto-generated sample description for Gaming video.
KXHM3yPommc,24.03.07,Top 10 Comedy Moments This Week,Channel_27,4,2024-07-01T06:00:00.000Z,2024|review|music,39146,1052,143,117,https://i.ytimg.com/vi/RR_utOxgOzH/default.jpg,False,False,False,Auto-generated sample description for Comedy video.
RNhwzooSsPS,24.01.05,Why This Entertainment Video Went Viral,Channel_2278,14,2024-04-29T07:00:00.000Z,vlog|music|official,3801,208,14,66,https://i.ytimg.com/vi/ZbfM5gXM_gA/default.jpg,False,False,False,Auto-generated sample description for Entertainment video.
oHermBEWWx1,24.01.12,Music Compilation 2024,Channel_4795,3,2024-11-27T13:00:00.000Z,official|vlog|live,18082,1149,130,150,https://i.ytimg.com/vi/Thrh7swIiBM/default.jpg,False,False,False,Auto-generated sample description for Music video.
d23sdZFCKhs,24.30.09,Behind the Scenes: Comedy,Channel_2382,4,2024-09-27T05:00:00.000Z,vlog|music|live,1053,61,7,6,https://i.ytimg.com/vi/ueoxdcSXiOt/default.jpg,False,False,False,Auto-generated sample description for Comedy video.
oAZshBviFKV,24.01.04,Why This Education Video Went Viral,Channel_4294,10,2024-03-29T06:00:00.000Z,review|trending|live,6792,483,39,50,https://i.ytimg.com/vi/aunnV547z65/default.jpg,False,False,False,Auto-generated sample description for Education video.
_m9J0QVoeFj,24.03.08,Official Music Highlights,Channel_3176,11,2024-07-31T09:00:00.000Z,trending|2024|review,4822,328,47,47,https://i.ytimg.com/vi/Pk4cgMAe1IO/default.jpg,False,False,False,Auto-generated sample description for Music video.
Kd--GOINXjj,24.01.12,Music Compilation 2024,Channel_1094,3,2024-11-27T14:00:00.000Z,trending|live|2024,36215,2241,35,421,https://i.ytimg.com/vi/CRz9lvHXIjD/default.jpg,False,False,False,Auto-generated sample description for Music video.
JXu8mVZq6Q-,24.18.09,Top 10 Film & Animation Moments This Week,Channel_3655,9,2024-09-17T04:00:00.000Z,review|live|trending,16609,1087,27,18,https://i.ytimg.com/vi/bp0nkJR95j4/default.jpg,False,True,False,Auto-generated sample description for Film & Animation video.
6-Eq_6UbTIN,24.11.05,Why This Comedy Video Went Viral,Channel_354,4,2024-05-11T05:00:00.000Z,vlog|live|official,44722,3366,53,612,https://i.ytimg.com/vi/iRwoNxAOqqI/default.jpg,False,False,False,Auto-generated sample description for Comedy video.
4X2Fnkk0C15,24.15.09,Reacting to Music Trends,Channel_4205,3,2024-09-13T13:00:00.000Z,review|trending|2024,24186,1556,239,55,https://i.ytimg.com/vi/ydIKya9Y4Af/default.jpg,False,False,False,Auto-generated sample description for Music video.
XVn2rVz3io0,24.11.10,Behind the Scenes: Comedy,Channel_2877,7,2024-10-11T15:00:00.000Z,2024|trending|official,9368,336,83,174,https://i.ytimg.com/vi/q6dul1HKoqB/default.jpg,False,False,False,Auto-generated sample description for Comedy video.
FKAooeYxvJC,24.12.04,Music Compilation 2024,Channel_2991,3,2024-04-10T20:00:00.000Z,live|official|2024,103872,2858,82,678,https://i.ytimg.com/vi/YVHPuEN1M2x/default.jpg,False,False,False,Auto-generated sample description for Music video.
YMrx0yWJPCK,24.27.11,Reacting to Music Trends,Channel_4191,11,2024-11-24T02:00:00.000Z,official|music|2024,200925,3960,473,3558,https://i.ytimg.com/vi/fWOFLSzL72N/default.jpg,False,False,False,Auto-generated sample description for Music video.
X41nZWpOfqc,24.22.04,Top 10 Music Moments This Week,Channel_4960,3,2024-04-21T00:00:00.000Z,live|trending|vlog,4782,237,25,21,https://i.ytimg.com/vi/mXU4VYarKPH/default.jpg,False,False,False,Auto-generated sample description for Music video.
d2ixFN9mHrV,24.06.07,Reacting to Music Trends,Channel_2335,3,2024-07-03T02:00:00.000Z,review|music|2024,32691,1936,238,258,https://i.ytimg.com/vi/sykzqfhrZRO/default.jpg,False,False,False,Auto-generated sample description for Music video.
6Lgcg_bUOq3,24.10.03,Reacting to Entertainment Trends,Channel_4608,14,2024-03-07T06:00:00.000Z,live|review|trending,92236,1476,530,308,https://i.ytimg.com/vi/6ajefoJyA8m/default.jpg,False,False,False,Auto-generated sample description for Entertainment video.
HQgSuNf58h-,24.01.07,Why This Entertainment Video Went Viral,Channel_2907,14,2024-06-28T04:00:00.000Z,official|vlog|review,15400,579,26,113,https://i.ytimg.com/vi/kQ6wx4uH3cv/default.jpg,False,False,False,Auto-generated sample description for Entertainment video.
xqv8mQDihDQ,24.13.11,Reacting to Music Trends,Channel_1888,3,2024-11-10T16:00:00.000Z,review|vlog|official,48314,2572,439,257,https://i.ytimg.com/vi/px3tPwF2tlQ/default.jpg,False,False,False,Auto-generated sample description for Music video.
DkdudZVQ6VT,24.17.08,Behind the Scenes: Music,Channel_204,11,2024-08-15T07:00:00.000Z,trending|review|official,88860,3236,872,587,https://i.ytimg.com/vi/BxVJv20ht3p/default.jpg,False,False,False,Auto-generated sample description for Music video.
Eu-kurj6Crs,24.22.03,Why This Entertainment Video Went Viral,Channel_1215,14,2024-03-22T11:00:00.000Z,2024|live|music,43149,1219,211,296,https://i.ytimg.com/vi/DJcDszcpx4v/default.jpg,False,False,False,Auto-generated sample description for Entertainment video.
iIJlvFR3hVh,24.04.11,Top 10 Music Moments This Week,Channel_3669,3,2024-11-01T19:00:00.000Z,music|2024|trending,93469,5518,842,1193,https://i.ytimg.com/vi/HSviyTLhcsZ/default.jpg,False,False,False,Auto-generated sample description for Music video.
ZpQbDl-CF6m,24.04.10,Reacting to Entertainment Trends,Channel_1865,14,2024-10-02T03:00:00.000Z,official|trending|vlog,100926,5364,60,432,https://i.ytimg.com/vi/0Q4E4rc5Hdx/default.jpg,False,False,False,Auto-generated sample description for Entertainment video.
cLXTcu_OweZ,24.27.09,Official Music Highlights,Channel_330,11,2024-09-23T13:00:00.000Z,live|official|2024,19226,649,38,191,https://i.ytimg.com/vi/B9yBGh-_Ykh/default.jpg,False,False,False,Auto-generated sample description for Music video.
a1qpB72IYFN,24.21.09,Reacting to Comedy Trends,Channel_1634,4,2024-09-20T21:00:00.000Z,2024|trending|official,29252,1285,113,544,https://i.ytimg.com/vi/q4BetQqG7F4/default.jpg,False,False,False,Auto-generated sample description for Comedy video.
tHSCORUy4jT,24.16.06,Top 10 Music Moments This Week,Channel_175,11,2024-06-12T08:00:00.000Z,official|vlog|review,167218,5807,1443,1169,https://i.ytimg.com/vi/w0MalJHm_lV/default.jpg,False,False,False,Auto-generated sample description for Music video.
oaAHck785JW,24.05.12,Behind the Scenes: Entertainment,Channel_880,14,2024-12-05T07:00:00.000Z,music|vlog|live,7752,390,50,96,https://i.ytimg.com/vi/F7etKx9EMrm/default.jpg,False,False,False,Auto-generated sample description for Entertainment video.
aFwZM33DzkS,24.27.11,Reacting to Comedy Trends,Channel_245,7,2024-11-24T11:00:00.000Z,trending|2024|music,17169,1326,44,206,https://i.ytimg.com/vi/n3Tss50YZnS/default.jpg,False,False,False,Auto-generated sample description for Comedy video.
jJLRAvw8Itg,24.01.07,Reacting to Comedy Trends,Channel_4526,7,2024-06-29T20:00:00.000Z,live|music|2024,792,25,7,4,https://i.ytimg.com/vi/npERqBO0T6x/default.jpg,False,False,False,Auto-generated sample description for Comedy video.
Fg6_0HbDzaN,24.09.10,Why This Music Video Went Viral,Channel_3692,11,2024-10-07T19:00:00.000Z,trending|vlog|official,40347,1654,214,668,https://i.ytimg.com/vi/qdJ9HGp5Ewo/default.jpg,False,False,False,Auto-generated sample description for Music video.
3HJU_93ooa9,24.04.08,Reacting to Music Trends,Channel_1886,11,2024-08-04T14:00:00.000Z,2024|vlog|official,82839,6052,226,160,https://i.ytimg.com/vi/QWSXqF7COwG/default.jpg,False,False,False,Auto-generated sample description for Music video.
o54KceomALF,25.20.01,Behind the Scenes: Comedy,Channel_2009,4,2025-01-16T21:00:00.000Z,music|trending|official,6953,83,62,43,https://i.ytimg.com/vi/sN-Bq7Hahbb/default.jpg,False,False,False,Auto-generated sample description for Comedy video.
3m5MYz9lbG5,24.31.12,Music Compilation 2024,Channel_3144,3,2024-12-30T09:00:00.000Z,live|vlog|2024,139408,1836,1131,460,https://i.ytimg.com/vi/17ZLMrmRWaf/default.jpg,False,False,False,Auto-generated sample description for Music video.
qrxw7Hl3X2A,24.07.11,Why This Travel & Events Video Went Viral,Channel_617,15,2024-11-06T22:00:00.000Z,music|live|review,2267,93,16,5,https://i.ytimg.com/vi/Gn3lOJXBJMu/default.jpg,False,False,False,Auto-generated sample description for Travel & Events video.
NQegyWP9Zv2,24.22.04,Music Compilation 2024,Channel_1148,11,2024-04-18T01:00:00.000Z,music|vlog|review,40308,1501,62,461,https://i.ytimg.com/vi/jKayBs7rP6G/default.jpg,False,False,False,Auto-generated sample description for Music video.
1rS9zJNyMZH,24.11.01,Behind the Scenes: Music,Channel_3083,3,2024-01-08T21:00:00.000Z,review|official|trending,10388,135,13,165,https://i.ytimg.com/vi/LdEk8kVVhuA/default.jpg,False,False,False,Auto-generated sample description for Music video.
s2h-hrSzxc8,24.06.07,Behind the Scenes: Comedy,Channel_2133,7,2024-07-06T14:00:00.000Z,review|official|live,126952,9293,910,859,https://i.ytimg.com/vi/QnBIYFkC1Aw/default.jpg,False,False,False,Auto-generated sample description for Comedy video.
Ow7RbmaMjL0,24.26.08,Why This Music Video Went Viral,Channel_2819,3,2024-08-22T09:00:00.000Z,2024|music|official,17110,949,26,237,https://i.ytimg.com/vi/bYeKhoed0Gk/default.jpg,False,False,False,Auto-generated sample description for Music video.
paXaFk19itd,25.28.01,Top 10 Entertainment Moments This Week,Channel_1896,14,2025-01-27T12:00:00.000Z,vlog|2024|music,11975,817,112,184,https://i.ytimg.com/vi/iTUz_3AM72o/default.jpg,False,False,False,Auto-generated sample description for Entertainment video.
IWz92wZz9ql,24.29.11,Behind the Scenes: Gaming,Channel_2703,6,2024-11-29T05:00:00.000Z,trending|2024|review,7603,98,27,151,https://i.ytimg.com/vi/FYfLJEAOPWm/default.jpg,False,False,False,Auto-generated sample description for Gaming video.
kHdrlPaR5gi,24.04.02,Top 10 Comedy Moments This Week,Channel_3256,7,2024-01-31T22:00:00.000Z,trending|official|vlog,10188,638,94,138,https://i.ytimg.com/vi/qZxjN070UPi/default.jpg,False,False,False,Auto-generated sample description for Comedy video.
SQ4lNvsG-bt,24.12.03,Behind the Scenes: Music,Channel_4128,3,2024-03-12T14:00:00.000Z,trending|official|2024,3162,45,26,34,https://i.ytimg.com/vi/nDXcxyFGlTV/default.jpg,False,False,False,Auto-generated sample description for Music video.
GVUzOe6S5rw,24.23.05,Top 10 Gaming Moments This Week,Channel_4332,16,2024-05-19T20:00:00.000Z,trending|music|review,29492,2250,107,96,https://i.ytimg.com/vi/s16hpf58fTa/default.jpg,False,False,False,Auto-generated sample description for Gaming video.
zw4IGGb9VxV,24.21.06,Official Comedy Highlights,Channel_1497,4,2024-06-19T01:00:00.000Z,official|trending|2024,7195,129,8,139,https://i.ytimg.com/vi/JE8VPjycOz7/default.jpg,False,False,False,Auto-generated sample description for Comedy video.
Qq8SpAxJwwj,24.24.12,Why This Music Video Went Viral,Channel_2803,3,2024-12-21T14:00:00.000Z,trending|music|2024,18026,241,126,219,https://i.ytimg.com/vi/0b1NR2aDLHa/default.jpg,False,False,False,Auto-generated sample description for Music video.
rNCRHmBEvg9,25.19.01,Why This Music Video Went Viral,Channel_4803,3,2025-01-16T20:00:00.000Z,2024|official|vlog,327628,5929,2451,2145,https://i.ytimg.com/vi/h3XA-xm6iQe/default.jpg,False,False,False,Auto-generated sample description for Music video.
rxhyiSnuvGZ,24.25.05,Behind the Scenes: Music,Channel_358,11,2024-05-22T01:00:00.000Z,live|review|vlog,81673,5679,182,595,https://i.ytimg.com/vi/PDrfFQSp3kN/default.jpg,False,True,True,Auto-generated sample description for Music video.
IdqUQDbmMFV,24.15.03,Behind the Scenes: Music,Channel_3172,3,2024-03-12T16:00:00.000Z,live|trending|2024,301354,10440,891,2714,https://i.ytimg.com/vi/k09fhKUwBtU/default.jpg,False,False,False,Auto-generated sample description for Music video.
8LufF295gBH,25.13.01,Entertainment Compilation 2024,Channel_4794,14,2025-01-09T01:00:00.000Z,music|trending|2024,2393,75,5,3,https://i.ytimg.com/vi/AloMphM3BHJ/default.jpg,False,False,False,Auto-generated sample description for Entertainment video.
baJ4xGjNcAr,24.12.10,Behind the Scenes: Comedy,Channel_2615,7,2024-10-09T07:00:00.000Z,trending|vlog|live,84026,1478,153,666,https://i.ytimg.com/vi/fHxpXQbuRlO/default.jpg,False,False,False,Auto-generated sample description for Comedy video.
dogFtifbZ0u,24.28.01,Behind the Scenes: Comedy,Channel_595,4,2024-01-27T22:00:00.000Z,2024|vlog|trending,15726,1062,80,241,https://i.ytimg.com/vi/mNfYblD7xQt/default.jpg,False,False,False,Auto-generated sample description for Comedy video.
7iQU2dcJuCt,24.23.07,Behind the Scenes: Gaming,Channel_1845,16,2024-07-23T08:00:00.000Z,trending|live|official,3990,48,19,28,https://i.ytimg.com/vi/E1_pXfwVTNN/default.jpg,False,False,False,Auto-generated sample description for Gaming video.
WTHrLrSYNOb,24.16.07,Official Gaming Highlights,Channel_4785,6,2024-07-14T17:00:00.000Z,review|trending|live,16909,733,64,84,https://i.ytimg.com/vi/k8sKCuqW2LX/default.jpg,False,False,False,Auto-generated sample description for Gaming video.
OJfcY2lNYG0,24.06.05,Official Film & Animation Highlights,Channel_906,9,2024-05-02T22:00:00.000Z,official|music|trending,1298,50,4,4,https://i.ytimg.com/vi/mHcOvF1RntK/default.jpg,False,False,False,Auto-generated sample description for Film & Animation video.
tqYiZqNuv9Y,24.01.04,Comedy Compilation 2024,Channel_1271,4,2024-03-30T02:00:00.000Z,official|live|review,904,49,4,15,https://i.ytimg.com/vi/kOAoF42E7ny/default.jpg,False,False,False,Auto-generated sample description for Comedy video.
hwOvBFevOXV,24.01.07,Music Compilation 2024,Channel_340,11,2024-07-01T22:00:00.000Z,vlog|2024|trending,58883,4414,574,724,https://i.ytimg.com/vi/pNWE6vtdMFf/default.jpg,False,False,False,Auto-generated sample description for Music video.
xniSXQlVmuq,24.30.06,Music Compilation 2024,Channel_4568,3,2024-06-27T00:00:00.000Z,music|live|review,31677,1768,172,140,https://i.ytimg.com/vi/FwNgz0Ueg2Y/default.jpg,False,False,False,Auto-generated sample description for Music video.
Dymo05YHY-O,24.19.11,Behind the Scenes: Music,Channel_1853,11,2024-11-16T10:00:00.000Z,music|vlog|review,45382,3398,322,641,https://i.ytimg.com/vi/2zdPmakodTW/default.jpg,False,False,False,Auto-generated sample description for Music video.
7hlc5rd_m4k,24.05.06,Official Music Highlights,Channel_4939,11,2024-06-01T00:00:00.000Z,2024|official|review,11770,708,87,45,https://i.ytimg.com/vi/3iIxSOgnkPL/default.jpg,False,False,False,Auto-generated sample description for Music video.
__h_lqf7Qty,24.01.06,Music Compilation 2024,Channel_500,3,2024-05-30T02:00:00.000Z,2024|official|music,100302,2991,713,1528,https://i.ytimg.com/vi/ftQbCFGna51/default.jpg,False,False,False,Auto-generated sample description for Music video.
58h3wM2rLhB,24.18.07,Official Music Highlights,Channel_4015,3,2024-07-17T15:00:00.000Z,live|official|vlog,2552,201,5,47,https://i.ytimg.com/vi/7DWqtQ9nE7z/default.jpg,False,False,False,Auto-generated sample description for Music video.
Ov2fS1LXNg5,24.19.09,Top 10 Entertainment Moments This Week,Channel_3112,14,2024-09-19T22:00:00.000Z,trending|vlog|official,55114,3281,375,313,https://i.ytimg.com/vi/lB7HFZJZV4g/default.jpg,False,False,False,Auto-generated sample description for Entertainment video.
7dCAWtnLf1O,24.11.08,Comedy Compilation 2024,Channel_294,7,2024-08-09T04:00:00.000Z,vlog|live|official,1127,27,3,5,https://i.ytimg.com/vi/8gNxUwBmh9G/default.jpg,False,False,False,Auto-generated sample description for Comedy video.
0xD5tWj72Lw,24.22.06,Reacting to Music Trends,Channel_2563,11,2024-06-22T04:00:00.000Z,vlog|live|2024,84840,6272,520,610,https://i.ytimg.com/vi/2UmltGTrlA7/default.jpg,False,False,False,Auto-generated sample description for Music video.
VpXweDXqtPh,24.21.04,Behind the Scenes: Comedy,Channel_2064,7,2024-04-21T19:00:00.000Z,vlog|music|review,6994,138,20,75,https://i.ytimg.com/vi/wrKxtkKog4I/default.jpg,False,False,True,Auto-generated sample description for Comedy video.
I5UbNYbIySO,24.20.02,Top 10 Comedy Moments This Week,Channel_4661,7,2024-02-18T01:00:00.000Z,review|music|official,3751,117,26,66,https://i.ytimg.com/vi/e9qRdCz0Wrb/default.jpg,False,False,False,Auto-generated sample description for Comedy video.
bZHhfMg1gID,24.09.07,Travel & Events Compilation 2024,Channel_401,15,2024-07-09T12:00:00.000Z,2024|music|live,4951,205,38,82,https://i.ytimg.com/vi/kWVKagp9rnv/default.jpg,False,False,False,Auto-generated sample description for Travel & Events video.
dSUwJIjtSfn,24.18.12,Why This Entertainment Video Went Viral,Channel_3902,14,2024-12-14T08:00:00.000Z,trending|review|official,48495,630,358,621,https://i.ytimg.com/vi/XWRk34zkL4L/default.jpg,False,False,False,Auto-generated sample description for Entertainment video.
O1V4TJYOF6C,24.07.07,Entertainment Compilation 2024,Channel_2584,14,2024-07-07T00:00:00.000Z,trending|vlog|2024,10904,406,72,192,https://i.ytimg.com/vi/IqVS2VQc5Uw/default.jpg,False,False,False,Auto-generated sample description for Entertainment video.
gRNqDJTzGGS,24.29.11,Top 10 Music Moments This Week,Channel_4343,11,2024-11-27T19:00:00.000Z,official|live|vlog,91714,3826,864,1100,https://i.ytimg.com/vi/jIWKGXm1DBA/default.jpg,False,False,False,Auto-generated sample description for Music video.
WlW93QUZaB7,24.16.11,Official People & Blogs Highlights,Channel_2946,8,2024-11-14T01:00:00.000Z,review|2024|music,5694,96,32,12,https://i.ytimg.com/vi/cq7oyu_dTLB/default.jpg,False,False,False,Auto-generated sample description for People & Blogs video.
g3moIYF5u-U,24.28.08,Official People & Blogs Highlights,Channel_2428,8,2024-08-24T13:00:00.000Z,official|live|music,9773,741,73,155,https://i.ytimg.com/vi/cyuwsPLFVFH/default.jpg,False,False,False,Auto-generated sample description for People & Blogs video.
WApsnMsszdm,24.22.02,Top 10 Music Moments This Week,Channel_3311,11,2024-02-21T02:00:00.000Z,review|2024|live,81999,5597,45,1226,https://i.ytimg.com/vi/WSaVzhg-vlB/default.jpg,False,False,False,Auto-generated sample description for Music video.
RWHUS0oCxX4,24.09.05,Top 10 Comedy Moments This Week,Channel_1306,4,2024-05-06T17:00:00.000Z,trending|vlog|official,1879,114,18,28,https://i.ytimg.com/vi/st5PKKmdBcI/default.jpg,False,False,False,Auto-generated sample description for Comedy video.
i-Q1h_NLbas,24.25.08,Music Compilation 2024,Channel_186,11,2024-08-22T09:00:00.000Z,2024|music|review,364292,18161,1135,273,https://i.ytimg.com/vi/PDmvCjEKC4S/default.jpg,False,False,False,Auto-generated sample description for Music video.
aiialeUJpEU,24.30.10,Official Music Highlights,Channel_1345,3,2024-10-30T09:00:00.000Z,vlog|2024|live,66524,1631,180,235,https://i.ytimg.com/vi/1Q1sk38T17J/default.jpg,False,False,False,Auto-generated sample description for Music video.
z3_hQAIeKju,24.07.06,Reacting to Film & Animation Trends,Channel_4286,9,2024-06-03T12:00:00.000Z,trending|vlog|2024,25063,1441,91,362,https://i.ytimg.com/vi/sYXivgDmuTI/default.jpg,False,False,False,Auto-generated sample description for Film & Animation video.
dCvOtJRBtnn,24.17.07,Behind the Scenes: Science & Technology,Channel_4646,12,2024-07-13T17:00:00.000Z,vlog|review|music,17121,554,144,89,https://i.ytimg.com/vi/eNHZ1VhmSDF/default.jpg,False,False,False,Auto-generated sample description for Science & Technology video.
FcRs8U7BFuv,24.07.06,Official Comedy Highlights,Channel_4555,4,2024-06-06T10:00:00.000Z,2024|trending|vlog,62831,808,147,647,https://i.ytimg.com/vi/0S5F-D5g8fD/default.jpg,False,False,False,Auto-generated sample description for Comedy video.
rMlICUp3EWG,24.15.08,Official Entertainment Highlights,Channel_928,14,2024-08-11T07:00:00.000Z,music|2024|review,36829,504,156,121,https://i.ytimg.com/vi/OGpMc4Kt3hR/default.jpg,False,False,False,Auto-generated sample description for Entertainment video.
s_YyAj9Fxkf,24.10.04,Behind the Scenes: Entertainment,Channel_3865,14,2024-04-10T00:00:00.000Z,live|review|trending,8401,242,46,19,https://i.ytimg.com/vi/eEwrol1KRjP/default.jpg,False,False,False,Auto-generated sample description for Entertainment video.
BznnltDQnOf,24.30.11,Top 10 Music Moments This Week,Channel_4599,11,2024-11-30T13:00:00.000Z,music|vlog|2024,107651,2728,894,1907,https://i.ytimg.com/vi/oXZ_J9YxwMj/default.jpg,False,False,False,Auto-generated sample description for Music video.
w-YpFj9d8SG,24.04.02,Behind the Scenes: Music,Channel_4686,11,2024-01-31T11:00:00.000Z,live|official|vlog,34887,1607,22,88,https://i.ytimg.com/vi/5Xnyffc-81V/default.jpg,False,False,False,Auto-generated sample description for Music video.
z75CCTXmwVz,24.30.08,Reacting to Music Trends,Channel_2364,11,2024-08-26T18:00:00.000Z,trending|2024|live,51376,3257,248,561,https://i.ytimg.com/vi/rnvj2qDR0Au/default.jpg,False,False,False,Auto-generated sample description for Music video.
d0u3ZLGPmNJ,25.16.01,Reacting to Music Trends,Channel_2360,11,2025-01-12T16:00:00.000Z,review|official|live,57108,1393,268,89,https://i.ytimg.com/vi/29rFqfmFsRQ/default.jpg,False,False,False,Auto-generated sample description for Music video.
WUPUMfxGVUO,24.17.07,Top 10 Entertainment Moments This Week,Channel_1131,14,2024-07-13T14:00:00.000Z,review|trending|live,11398,466,38,214,https://i.ytimg.com/vi/vCY3wv1CvrI/default.jpg,False,False,False,Auto-generated sample description for Entertainment video.
RCaLQXxGyMq,24.14.11,Reacting to Entertainment Trends,Channel_2204,14,2024-11-14T21:00:00.000Z,trending|vlog|2024,49368,1960,228,113,https://i.ytimg.com/vi/eZTxuY7NsG4/default.jpg,False,False,False,Auto-generated sample description for Entertainment video.
VVx9nCOz6bM,24.21.10,Behind the Scenes: Entertainment,Channel_3018,14,2024-10-20T19:00:00.000Z,music|official|vlog,17733,585,150,200,https://i.ytimg.com/vi/szQaT1T7zk7/default.jpg,False,False,False,Auto-generated sample description for Entertainment video.
aMo6BvvcbON,24.13.09,Reacting to Comedy Trends,Channel_2610,4,2024-09-12T22:00:00.000Z,review|2024|trending,5824,329,20,77,https://i.ytimg.com/vi/_VNX8aXr-TW/default.jpg,False,False,False,Auto-generated sample description for Comedy video.
p4CUmt8LsLX,24.09.10,Official Gaming Highlights,Channel_305,6,2024-10-05T06:00:00.000Z,trending|review|live,15351,724,56,229,https://i.ytimg.com/vi/wwGZzgtYmqm/default.jpg,False,False,False,Auto-generated sample description for Gaming video.
W0WuJJ7ifiu,24.09.08,Comedy Compilation 2024,Channel_3815,7,2024-08-05T07:00:00.000Z,live|music|official,12096,538,92,209,https://i.ytimg.com/vi/IJBlS6OOwd7/default.jpg,False,False,False,Auto-generated sample description for Comedy video.
sJd_DcYLYBH,24.19.07,Top 10 Music Moments This Week,Channel_2362,3,2024-07-18T04:00:00.000Z,official|vlog|trending,602244,18300,1204,7297,https://i.ytimg.com/vi/eeQk_LO_CGU/default.jpg,False,False,False,Auto-generated sample description for Music video.
q5anLM5NKxr,24.25.04,Official Music Highlights,Channel_27,11,2024-04-24T06:00:00.000Z,music|official|review,69435,2758,509,1178,https://i.ytimg.com/vi/_OOzQjPhFCD/default.jpg,False,False,False,Auto-generated sample description for Music video.
1BI0D-1EuVB,24.02.04,Music Compilation 2024,Channel_4761,3,2024-04-01T02:00:00.000Z,music|2024|trending,173397,7443,620,1745,https://i.ytimg.com/vi/3_RFCvk9Wem/default.jpg,False,False,False,Auto-generated sample description for Music video.
Y3pF0XmEcPm,25.18.01,Official Comedy Highlights,Channel_175,7,2025-01-16T04:00:00.000Z,live|official|review,1059,36,4,19,https://i.ytimg.com/vi/B8utDC_nudY/default.jpg,False,False,False,Auto-generated sample description for Comedy video.
dl9Ot2KUQkZ,24.17.09,Music Compilation 2024,Channel_3716,11,2024-09-16T20:00:00.000Z,vlog|trending|2024,29458,861,93,559,https://i.ytimg.com/vi/24B6LEdUd3V/default.jpg,False,False,False,Auto-generated sample description for Music video.
Cf049EZgE6c,25.03.01,Top 10 Music Moments This Week,Channel_211,3,2025-01-03T19:00:00.000Z,review|live|music,27052,1674,90,203,https://i.ytimg.com/vi/s-MAqhYgdP-/default.jpg,False,False,False,Auto-generated sample description for Music video.
byflc7M8iZj,24.01.06,Reacting to Music Trends,Channel_4580,3,2024-05-29T01:00:00.000Z,trending|official|vlog,33787,1396,224,54,https://i.ytimg.com/vi/MvMjcmS2WqE/default.jpg,False,False,False,Auto-generated sample description for Music video.
HQEEH_C_JnB,24.18.08,Reacting to Music Trends,Channel_1871,11,2024-08-15T11:00:00.000Z,review|2024|live,123362,6250,634,848,https://i.ytimg.com/vi/eL5EntRUkgY/default.jpg,False,False,False,Auto-generated sample description for Music video.
fazhvYxUpQo,25.06.02,Behind the Scenes: Gaming,Channel_3189,16,2025-02-03T09:00:00.000Z,trending|music|vlog,3132,124,17,50,https://i.ytimg.com/vi/-IpVgmRfNQU/default.jpg,False,False,False,Auto-generated sample description for Gaming video.
GpnWg_UU8Lm,24.08.07,Official Entertainment Highlights,Channel_3876,14,2024-07-08T07:00:00.000Z,music|2024|trending,56690,3167,105,308,https://i.ytimg.com/vi/N4wMB8s32RB/default.jpg,False,False,False,Auto-generated sample description for Entertainment video.
P5oEYsuW_39,24.20.03,Comedy Compilation 2024,Channel_3397,4,2024-03-18T12:00:00.000Z,trending|vlog|official,335,16,3,0,https://i.ytimg.com/vi/f3KO4MkDYFr/default.jpg,False,False,False,Auto-generated sample description for Comedy video.
nc6P-olHlhP,24.12.03,Top 10 Entertainment Moments This Week,Channel_583,14,2024-03-11T04:00:00.000Z,live|music|official,899,45,1,8,https://i.ytimg.com/vi/P8DN5L8i9Yw/default.jpg,False,False,False,Auto-generated sample description for Entertainment video.
N22piqYX-fZ,24.15.10,Behind the Scenes: Music,Channel_1526,3,2024-10-13T17:00:00.000Z,trending|2024|review,28201,1396,187,212,https://i.ytimg.com/vi/fWV-aWSskai/default.jpg,False,False,False,Auto-generated sample description for Music video.
zVtUpM96p4P,24.22.07,Top 10 Gaming Moments This Week,Channel_2379,6,2024-07-19T16:00:00.000Z,trending|live|vlog,34179,2510,191,240,https://i.ytimg.com/vi/hYlRkLyGZYO/default.jpg,False,False,False,Auto-generated sample description for Gaming video.
uJsiKqGZ0jG,24.23.09,Official Comedy Highlights,Channel_4856,4,2024-09-23T13:00:00.000Z,live|vlog|official,168925,12326,1383,2867,https://i.ytimg.com/vi/L0vbfycDh4k/default.jpg,False,False,False,Auto-generated sample description for Comedy video.
xxfGg6AsvEY,24.17.09,Top 10 Gaming Moments This Week,Channel_2504,6,2024-09-13T14:00:00.000Z,2024|official|review,4230,146,33,70,https://i.ytimg.com/vi/N59DOplcqMP/default.jpg,False,False,False,Auto-generated sample description for Gaming video.
6yw9M3MqhSd,25.01.01,Gaming Compilation 2024,Channel_1652,6,2025-01-01T19:00:00.000Z,2024|review|trending,17768,366,49,145,https://i.ytimg.com/vi/SMN_yEwwovn/default.jpg,False,False,False,Auto-generated sample description for Gaming video.
j27vlVpA-uV,24.11.11,Official Entertainment Highlights,Channel_2769,14,2024-11-07T01:00:00.000Z,review|trending|music,1805977,42817,14913,12286,https://i.ytimg.com/vi/XPTpzj_5kTD/default.jpg,False,False,False,Auto-generated sample description for Entertainment video.
H8RoclW5w62,24.13.08,Behind the Scenes: Music,Channel_4037,11,2024-08-11T09:00:00.000Z,2024|music|live,15652,344,75,268,https://i.ytimg.com/vi/9aFlCkjZbu8/default.jpg,False,False,False,Auto-generated sample description for Music video.
S9BRil8x1Sg,25.05.01,Music Compilation 2024,Channel_3751,11,2025-01-05T08:00:00.000Z,vlog|music|review,11215,374,76,115,https://i.ytimg.com/vi/JlfbbxMYCMu/default.jpg,False,False,False,Auto-generated sample description for Music video.
Kh63xE1Xxfh,24.12.06,Comedy Compilation 2024,Channel_2808,7,2024-06-10T08:00:00.000Z,live|review|trending,3823,138,17,58,https://i.ytimg.com/vi/X1pGRPqYQ1X/default.jpg,False,False,False,Auto-generated sample description for Comedy video.
0taF1XtydE0,24.23.03,Music Compilation 2024,Channel_2739,3,2024-03-22T04:00:00.000Z,trending|2024|live,35153,2205,258,593,https://i.ytimg.com/vi/J4lhAJP9_1B/default.jpg,False,False,False,Auto-generated sample description for Music video.
kCX7BVTFKaJ,24.28.09,Comedy Compilation 2024,Channel_4745,4,2024-09-27T14:00:00.000Z,live|trending|official,17654,293,25,231,https://i.ytimg.com/vi/sM9avrZF0W9/default.jpg,False,False,False,Auto-generated sample description for Comedy video.
oq4toCeTZlo,24.15.10,Behind the Scenes: Music,Channel_2435,3,2024-10-14T15:00:00.000Z,music|trending|review,14828,1050,86,39,https://i.ytimg.com/vi/qirHB9yPd-r/default.jpg,False,False,False,Auto-generated sample description for Music video.
k4d7GReUBNB,24.23.04,Official Comedy Highlights,Channel_1170,7,2024-04-21T09:00:00.000Z,trending|2024|music,6457,511,27,16,https://i.ytimg.com/vi/Yr0DDo-evL0/default.jpg,False,False,False,Auto-generated sample description for Comedy video.
9IxtHUW__dF,24.05.06,Reacting to Music Trends,Channel_1919,3,2024-06-01T06:00:00.000Z,vlog|live|2024,160784,10462,1379,2365,https://i.ytimg.com/vi/MBYUhFYbD5m/default.jpg,False,False,False,Auto-generated sample description for Music video.
ncaYGze2N4Q,25.04.01,Why This Film & Animation Video Went Viral,Channel_4646,9,2025-01-01T20:00:00.000Z,review|music|2024,15538,410,19,84,https://i.ytimg.com/vi/b7Ejg0oOnWE/default.jpg,False,False,False,Auto-generated sample description for Film & Animation video.
-JCI7b1JsZN,24.28.11,Official Music Highlights,Channel_4208,11,2024-11-24T10:00:00.000Z,live|trending|official,43659,1872,418,423,https://i.ytimg.com/vi/9MAeMzZqGwj/default.jpg,False,False,False,Auto-generated sample description for Music video.
oXS3WqtS5EA,24.06.06,Official Entertainment Highlights,Channel_1585,14,2024-06-05T12:00:00.000Z,live|official|review,75175,866,339,1114,https://i.ytimg.com/vi/Dz66EzN9Anv/default.jpg,False,False,False,Auto-generated sample description for Entertainment video.
y-1dgAWqVFG,24.28.08,Behind the Scenes: Comedy,Channel_2070,4,2024-08-28T10:00:00.000Z,music|2024|review,78108,5027,647,308,https://i.ytimg.com/vi/R-rPvGgTYVu/default.jpg,False,False,False,Auto-generated sample description for Comedy video.
_f9nXvv8mme,24.13.07,Behind the Scenes: People & Blogs,Channel_2029,8,2024-07-10T00:00:00.000Z,vlog|live|trending,12806,414,78,184,https://i.ytimg.com/vi/uHhWNd4CNSB/default.jpg,False,False,False,Auto-generated sample description for People & Blogs video.
8WYjJgNkO0e,24.02.09,Top 10 Music Moments This Week,Channel_4784,11,2024-08-31T18:00:00.000Z,music|2024|vlog,326057,14429,2297,2269,https://i.ytimg.com/vi/bK6iNVqjAhB/default.jpg,False,False,False,Auto-generated sample description for Music video.
J0TR1WbPJoE,24.05.01,Behind the Scenes: Comedy,Channel_2300,4,2024-01-02T18:00:00.000Z,2024|music|review,82917,4881,405,1495,https://i.ytimg.com/vi/vLmLTjwaUCF/default.jpg,False,False,False,Auto-generated sample description for Comedy video.
ZbLWCtJ5nmY,24.29.08,Behind the Scenes: Music,Channel_1870,11,2024-08-25T00:00:00.000Z,music|official|2024,66891,2231,233,1260,https://i.ytimg.com/vi/IOSmChwTlFF/default.jpg,False,False,False,Auto-generated sample description for Music video.
fcO6hWUDJIw,24.15.09,Why This Music Video Went Viral,Channel_4137,11,2024-09-12T16:00:00.000Z,official|trending|music,37018,530,254,212,https://i.ytimg.com/vi/q3Ek5O0bC15/default.jpg,False,False,False,Auto-generated sample description for Music video.
rV2l9qCZo0z,24.06.11,People & Blogs Compilation 2024,Channel_4677,8,2024-11-05T15:00:00.000Z,review|trending|official,7276,97,19,16,https://i.ytimg.com/vi/kBgNhuLycWU/default.jpg,False,False,False,Auto-generated sample description for People & Blogs video.
D9liEcnBrn7,24.30.12,Behind the Scenes: Gaming,Channel_4837,16,2024-12-26T20:00:00.000Z,live|music|trending,10537,471,94,97,https://i.ytimg.com/vi/sEKFjkU6lSr/default.jpg,False,False,False,Auto-generated sample description for Gaming video.
FPY66gx__52,24.01.10,Top 10 Gaming Moments This Week,Channel_867,16,2024-09-29T16:00:00.000Z,vlog|live|review,23006,725,155,281,https://i.ytimg.com/vi/GFBxKXO-8AX/default.jpg,False,False,False,Auto-generated sample description for Gaming video.
ctitZyEQT-J,24.15.03,Official Music Highlights,Channel_1367,3,2024-03-13T06:00:00.000Z,review|music|trending,160329,5857,799,714,https://i.ytimg.com/vi/Ssr_wS8HkIu/default.jpg,False,False,False,Auto-generated sample description for Music video.
0XQyz99B1Qk,24.28.08,Why This Comedy Video Went Viral,Channel_3732,7,2024-08-27T05:00:00.000Z,review|trending|vlog,85057,3074,207,478,https://i.ytimg.com/vi/rPenGq3I63H/default.jpg,False,True,False,Auto-generated sample description for Comedy video.
rkfYAOzm9x4,24.12.10,Top 10 Entertainment Moments This Week,Channel_588,14,2024-10-12T01:00:00.000Z,2024|music|live,10266,534,68,163,https://i.ytimg.com/vi/qs-i8qcp8Kq/default.jpg,False,False,False,Auto-generated sample description for Entertainment video.
ZsKlJclf-jx,25.28.01,Top 10 Gaming Moments This Week,Channel_862,16,2025-01-28T17:00:00.000Z,official|review|trending,4874,80,9,86,https://i.ytimg.com/vi/W_Z6krXC_Nn/default.jpg,False,False,False,Auto-generated sample description for Gaming video.
WQANuK-WlcO,24.10.09,Why This Comedy Video Went Viral,Channel_3796,4,2024-09-07T03:00:00.000Z,2024|vlog|music,72313,4516,659,1082,https://i.ytimg.com/vi/vkMq9IaPRhg/default.jpg,False,False,False,Auto-generated sample description for Comedy video.
nRvk3l9S4qp,24.26.08,Reacting to Music Trends,Channel_2647,11,2024-08-25T18:00:00.000Z,vlog|live|review,19007,565,143,34,https://i.ytimg.com/vi/lE5wsjLHx27/default.jpg,False,False,False,Auto-generated sample description for Music video.
g4vcTRqWUuV,24.05.10,Comedy Compilation 2024,Channel_2480,7,2024-10-04T03:00:00.000Z,official|live|music,93910,1981,186,684,https://i.ytimg.com/vi/_ni-iXWyys-/default.jpg,True,False,False,Auto-generated sample description for Comedy video.
SsjEs8Cr4X1,24.11.04,Why This Comedy Video Went Viral,Channel_4551,7,2024-04-10T21:00:00.000Z,vlog|review|2024,34737,1076,282,180,https://i.ytimg.com/vi/sur667kRKwa/default.jpg,False,False,False,Auto-generated sample description for Comedy video.
8rlVid2prU3,24.10.05,Why This Autos & Vehicles Video Went Viral,Channel_4285,1,2024-05-08T06:00:00.000Z,2024|review|music,13176,601,110,226,https://i.ytimg.com/vi/Dld0nwxBqGL/default.jpg,False,False,False,Auto-generated sample description for Autos & Vehicles video.
tf4AVDKau2P,24.09.11,Behind the Scenes: Travel & Events,Channel_1010,13,2024-11-08T20:00:00.000Z,music|review|official,7004,534,16,22,https://i.ytimg.com/vi/7uAkKQWyRRx/default.jpg,False,False,False,Auto-generated sample description for Travel & Events video.
hrA1YqTIgSp,24.16.06,Behind the Scenes: Music,Channel_3415,3,2024-06-15T21:00:00.000Z,music|official|trending,276973,21025,917,2376,https://i.ytimg.com/vi/Kjus5gwHP_V/default.jpg,False,False,False,Auto-generated sample description for Music video.
dyTJbg35LGR,24.04.03,Why This Music Video Went Viral,Channel_3582,11,2024-02-29T00:00:00.000Z,2024|official|vlog,39684,809,82,427,https://i.ytimg.com/vi/LxYdvKG15nD/default.jpg,False,False,False,Auto-generated sample description for Music video.
MFOIllpgVsX,24.14.05,Behind the Scenes: Music,Channel_69,3,2024-05-10T22:00:00.000Z,trending|official|music,37996,2974,228,258,https://i.ytimg.com/vi/4KXxO-xTD8J/default.jpg,False,False,False,Auto-generated sample description for Music video.
HhCJAmY_rt3,24.03.07,Official Gaming Highlights,Channel_2901,6,2024-07-02T07:00:00.000Z,live|2024|trending,82836,5497,610,1024,https://i.ytimg.com/vi/oqZZIPFBCbz/default.jpg,False,False,False,Auto-generated sample description for Gaming video.
kzRC7hgMg8B,24.20.02,Top 10 Entertainment Moments This Week,Channel_4952,14,2024-02-17T17:00:00.000Z,official|live|trending,8911,582,45,81,https://i.ytimg.com/vi/9Zsy8P4gz0B/default.jpg,False,False,False,Auto-generated sample description for Entertainment video.
HI0H0y3ECal,24.07.07,Reacting to Entertainment Trends,Channel_3712,14,2024-07-04T00:00:00.000Z,vlog|official|music,72995,2701,643,227,https://i.ytimg.com/vi/SVcqCcVHEeG/default.jpg,False,False,False,Auto-generated sample description for Entertainment video.
vnC-gTolg2J,24.30.03,Reacting to Music Trends,Channel_1540,3,2024-03-27T07:00:00.000Z,2024|official|live,6973335,341330,26961,68659,https://i.ytimg.com/vi/CHy7GosBxLt/default.jpg,False,False,False,Auto-generated sample description for Music video.
sbaoRhN6Dcl,25.26.01,Top 10 Entertainment Moments This Week,Channel_3525,14,2025-01-24T22:00:00.000Z,vlog|official|live,25300,1875,180,116,https://i.ytimg.com/vi/ih_-guYuWuR/default.jpg,False,False,False,Auto-generated sample description for Entertainment video.
SOJ_U7PMssc,24.08.12,Official Entertainment Highlights,Channel_4005,14,2024-12-06T15:00:00.000Z,review|vlog|music,3628,274,15,53,https://i.ytimg.com/vi/YoJQj6U8qSj/default.jpg,False,False,False,Auto-generated sample description for Entertainment video.
EG5l_Y3keeb,24.09.10,Why This Music Video Went Viral,Channel_2184,3,2024-10-09T08:00:00.000Z,2024|trending|official,46411,3657,149,683,https://i.ytimg.com/vi/i38Ei3meQPM/default.jpg,False,False,False,Auto-generated sample description for Music video.
NUQbTmiOlIO,24.08.08,Music Compilation 2024,Channel_3820,3,2024-08-05T14:00:00.000Z,review|trending|music,9383,486,32,95,https://i.ytimg.com/vi/Qg9qjAWirAE/default.jpg,False,False,False,Auto-generated sample description for Music video.
DCeYO-yfVdR,24.07.01,Official People & Blogs Highlights,Channel_4873,8,2024-01-06T11:00:00.000Z,trending|official|live,47204,585,278,355,https://i.ytimg.com/vi/aLdEIghNKjJ/default.jpg,False,False,False,Auto-generated sample description for People & Blogs video.
1upoIA2tTgh,24.03.04,Reacting to Film & Animation Trends,Channel_53,9,2024-04-03T01:00:00.000Z,trending|2024|vlog,31391,436,46,625,https://i.ytimg.com/vi/KJLeXYXa9vO/default.jpg,False,False,False,Auto-generated sample description for Film & Animation video.
SSwgjETO3E6,24.10.03,Top 10 Music Moments This Week,Channel_3794,3,2024-03-09T04:00:00.000Z,live|2024|vlog,3849,306,4,59,https://i.ytimg.com/vi/0E-k5sG3jer/default.jpg,False,False,False,Auto-generated sample description for Music video.
lneDeIlJcLm,24.21.05,Official Science & Technology Highlights,Channel_2014,12,2024-05-20T14:00:00.000Z,review|vlog|2024,125639,1330,513,907,https://i.ytimg.com/vi/lJ1tStwI6MB/default.jpg,False,False,False,Auto-generated sample description for Science & Technology video.
V4Ke1hO1OIx,24.28.03,Music Compilation 2024,Channel_1292,3,2024-03-25T05:00:00.000Z,trending|review|2024,19069,586,50,92,https://i.ytimg.com/vi/kgP9nskfRJz/default.jpg,False,False,False,Auto-generated sample description for Music video.
q4DCSfoS8Zo,24.29.04,Behind the Scenes: Music,Channel_1818,3,2024-04-25T12:00:00.000Z,vlog|live|trending,18851,1441,121,360,https://i.ytimg.com/vi/JcLQvtg4qwi/default.jpg,False,False,False,Auto-generated sample description for Music video.
IGmHNAbjX66,24.22.11,Behind the Scenes: Gaming,Channel_1185,16,2024-11-18T10:00:00.000Z,trending|music|2024,4360,84,19,19,https://i.ytimg.com/vi/RjxyCT750KQ/default.jpg,False,False,False,Auto-generated sample description for Gaming video.
zOSaaFWaK5-,24.10.09,Music Compilation 2024,Channel_4137,3,2024-09-09T14:00:00.000Z,review|2024|live,119616,4686,447,2265,https://i.ytimg.com/vi/PPtzw5t2prr/default.jpg,False,False,False,Auto-generated sample description for Music video.
rh1UsVdd6nq,24.13.08,Reacting to Gaming Trends,Channel_1440,16,2024-08-12T18:00:00.000Z,trending|2024|music,188314,9346,355,592,https://i.ytimg.com/vi/nsof1be5yXk/default.jpg,False,True,False,Auto-generated sample description for Gaming video.
iu8rVZ0lqqD,24.27.11,Entertainment Compilation 2024,Channel_2239,14,2024-11-26T20:00:00.000Z,music|2024|trending,25026,876,136,456,https://i.ytimg.com/vi/SDYrmyotMt7/default.jpg,False,False,False,Auto-generated sample description for Entertainment video.
hwM_BlJC_tB,24.19.01,Behind the Scenes: Comedy,Channel_3574,7,2024-01-17T06:00:00.000Z,official|music|live,34539,477,32,163,https://i.ytimg.com/vi/lzn7bvmksfT/default.jpg,False,False,False,Auto-generated sample description for Comedy video.
cxOpLoOf7fv,24.31.12,Entertainment Compilation 2024,Channel_3734,14,2024-12-27T04:00:00.000Z,music|trending|2024,17506,186,22,59,https://i.ytimg.com/vi/quGys0dfVv6/default.jpg,False,False,False,Auto-generated sample description for Entertainment video.
mC4L_5XqCLa,24.22.11,Top 10 Education Moments This Week,Channel_1349,10,2024-11-21T04:00:00.000Z,review|trending|2024,20028,620,143,286,https://i.ytimg.com/vi/WXWMEobm7IG/default.jpg,False,False,False,Auto-generated sample description for Education video.
1Gph2x84f5-,24.31.05,Comedy Compilation 2024,Channel_2502,4,2024-05-29T18:00:00.000Z,vlog|music|live,99537,5304,673,522,https://i.ytimg.com/vi/R4338ssRbnG/default.jpg,False,False,False,Auto-generated sample description for Comedy video.
qX_OmY3xBkr,24.30.06,Reacting to Music Trends,Channel_1219,11,2024-06-28T01:00:00.000Z,official|2024|review,183367,12250,449,762,https://i.ytimg.com/vi/hN6ZNhToRa3/default.jpg,False,False,False,Auto-generated sample description for Music video.
rIFq-YB6AMG,24.29.04,Reacting to Nonprofits & Activism Trends,Channel_1271,17,2024-04-29T01:00:00.000Z,2024|review|live,10540,512,90,59,https://i.ytimg.com/vi/4AQ1xLcwPLf/default.jpg,False,False,False,Auto-generated sample description for Nonprofits & Activism video.
VFaqR3FLjxd,24.30.09,Film & Animation Compilation 2024,Channel_3418,9,2024-09-28T10:00:00.000Z,official|music|live,19795,322,93,94,https://i.ytimg.com/vi/hdNSvLCssgD/default.jpg,False,False,False,Auto-generated sample description for Film & Animation video.
mWuJrjy8ctk,24.02.10,Top 10 Entertainment Moments This Week,Channel_1611,14,2024-09-29T18:00:00.000Z,trending|vlog|official,24814,1343,97,376,https://i.ytimg.com/vi/uDSi25PB3xM/default.jpg,False,False,False,Auto-generated sample description for Entertainment video.
QPF-73Y8nWO,25.03.02,Top 10 Music Moments This Week,Channel_1702,3,2025-01-31T11:00:00.000Z,music|vlog|official,6277,471,20,104,https://i.ytimg.com/vi/hysAGTnh_3H/default.jpg,False,False,False,Auto-generated sample description for Music video.
G659AjtGq9u,24.18.05,Why This Comedy Video Went Viral,Channel_2329,4,2024-05-17T09:00:00.000Z,review|vlog|official,96976,5413,406,417,https://i.ytimg.com/vi/TQVdnmcCo7t/default.jpg,False,False,False,Auto-generated sample description for Comedy video.
dmtXzDI8dJK,24.20.08,Reacting to Music Trends,Channel_2217,11,2024-08-19T10:00:00.000Z,music|review|vlog,33357,1158,138,478,https://i.ytimg.com/vi/H0RkDM_VsX9/default.jpg,False,False,False,Auto-generated sample description for Music video.
qaTCOtaQBAH,24.31.03,Why This Autos & Vehicles Video Went Viral,Channel_4063,1,2024-03-28T00:00:00.000Z,live|official|trending,26065,1358,242,243,https://i.ytimg.com/vi/z58X2J4AHbq/default.jpg,False,False,False,Auto-generated sample description for Autos & Vehicles video.
zwOiq-YVTh1,24.01.08,Why This Science & Technology Video Went Viral,Channel_4092,12,2024-07-30T16:00:00.000Z,live|2024|music,5754,148,51,72,https://i.ytimg.com/vi/Tapu-Q6TCED/default.jpg,False,False,False,Auto-generated sample description for Science & Technology video.
twurY8g8ByG,24.24.03,Behind the Scenes: Music,Channel_2086,3,2024-03-24T14:00:00.000Z,official|2024|trending,545813,24320,3374,4340,https://i.ytimg.com/vi/iSHL9pVV9K2/default.jpg,False,False,False,Auto-generated sample description for Music video.
0GMahKEM1SE,24.29.11,Top 10 Gaming Moments This Week,Channel_1201,16,2024-11-29T14:00:00.000Z,trending|live|vlog,4212,108,30,72,https://i.ytimg.com/vi/dwetRQx_ymR/default.jpg,False,False,False,Auto-generated sample description for Gaming video.
cDGK9_OoVxm,24.12.01,Why This Music Video Went Viral,Channel_3570,11,2024-01-08T15:00:00.000Z,official|trending|music,24860,1642,91,98,https://i.ytimg.com/vi/_hUpr9YZSao/default.jpg,False,False,False,Auto-generated sample description for Music video.
OOg5Vhe4yxA,24.26.04,Behind the Scenes: Comedy,Channel_15,4,2024-04-26T08:00:00.000Z,official|trending|review,33843,2407,30,432,https://i.ytimg.com/vi/0HsC9wV_-1j/default.jpg,False,False,False,Auto-generated sample description for Comedy video.
0JD5SxOL68i,24.04.01,Behind the Scenes: Gaming,Channel_1630,16,2024-01-03T16:00:00.000Z,vlog|review|official,50426,990,200,104,https://i.ytimg.com/vi/A3o2MqOZiDC/default.jpg,False,False,False,Auto-generated sample description for Gaming video.
ciQkH8hARiU,25.09.01,Reacting to Travel & Events Trends,Channel_2460,15,2025-01-09T19:00:00.000Z,live|vlog|2024,2173,73,8,42,https://i.ytimg.com/vi/ZW2uPetZcZY/default.jpg,False,False,False,Auto-generated sample description for Travel & Events video.
x-r25AErbWb,24.10.10,Why This Music Video Went Viral,Channel_2949,11,2024-10-07T20:00:00.000Z,2024|vlog|music,11636,749,16,226,https://i.ytimg.com/vi/zQa2VR1iNzj/default.jpg,False,False,False,Auto-generated sample description for Music video.
tymR7Rk_Qjp,24.17.03,Top 10 Gaming Moments This Week,Channel_3264,16,2024-03-17T19:00:00.000Z,music|official|review,37927,723,323,599,https://i.ytimg.com/vi/IxEeD39AU5v/default.jpg,False,False,False,Auto-generated sample description for Gaming video.
1lhWpeycvBx,24.03.01,Top 10 Music Moments This Week,Channel_1327,3,2024-01-01T05:00:00.000Z,official|vlog|2024,41838,1020,239,589,https://i.ytimg.com/vi/9Jj5lKhdmQe/default.jpg,False,False,False,Auto-generated sample description for Music video.
5qONNyhkBDR,24.12.09,Top 10 Travel & Events Moments This Week,Channel_3044,13,2024-09-12T00:00:00.000Z,trending|live|vlog,10427,339,46,206,https://i.ytimg.com/vi/UnfAlu0DDTT/default.jpg,False,False,False,Auto-generated sample description for Travel & Events video.
z-SL_kLWYx9,25.06.01,Reacting to Entertainment Trends,Channel_3627,14,2025-01-02T13:00:00.000Z,vlog|music|2024,25855,313,90,94,https://i.ytimg.com/vi/DucjDZpkTfk/default.jpg,False,False,False,Auto-generated sample description for Entertainment video.
P33g1Lv-gsu,24.28.04,Why This Music Video Went Viral,Channel_2979,3,2024-04-28T09:00:00.000Z,live|review|trending,55608,3421,304,559,https://i.ytimg.com/vi/2QyqydNPNVT/default.jpg,False,False,False,Auto-generated sample description for Music video.
185V3XUyGI6,24.14.05,Music Compilation 2024,Channel_1438,11,2024-05-13T06:00:00.000Z,2024|music|vlog,23423,1105,136,215,https://i.ytimg.com/vi/MSruOsMBrRO/default.jpg,False,False,False,Auto-generated sample description for Music video.
4-lNw0dqNuk,24.16.06,Official Music Highlights,Channel_556,11,2024-06-13T16:00:00.000Z,music|2024|live,6146,474,56,79,https://i.ytimg.com/vi/qheJl42fJhC/default.jpg,False,False,False,Auto-generated sample description for Music video.
Ha5Xy9d-eDA,24.11.01,Why This Entertainment Video Went Viral,Channel_3305,14,2024-01-08T19:00:00.000Z,official|trending|music,78816,1163,435,320,https://i.ytimg.com/vi/3Ki0VdvmhVn/default.jpg,False,False,False,Auto-generated sample description for Entertainment video.
w-WZihrs86-,24.11.06,Official Music Highlights,Channel_158,3,2024-06-11T22:00:00.000Z,trending|review|official,6387,475,27,50,https://i.ytimg.com/vi/PgDmyq8W4yg/default.jpg,False,False,False,Auto-generated sample description for Music video.
almukCGOgiw,24.01.08,Behind the Scenes: Entertainment,Channel_4925,14,2024-07-31T01:00:00.000Z,music|review|live,133799,7344,539,1462,https://i.ytimg.com/vi/DLaToj-myVV/default.jpg,False,False,False,Auto-generated sample description for Entertainment video.
0NdunSr_1Bt,24.26.12,Reacting to Entertainment Trends,Channel_404,14,2024-12-22T09:00:00.000Z,official|2024|trending,2535,115,24,7,https://i.ytimg.com/vi/Ih2cTy4tjoL/default.jpg,False,False,False,Auto-generated sample description for Entertainment video.
LfeSftn5Scw,24.05.08,Top 10 Comedy Moments This Week,Channel_3702,7,2024-08-04T05:00:00.000Z,music|trending|review,8413,234,60,119,https://i.ytimg.com/vi/WYm1pTBVTmM/default.jpg,False,False,False,Auto-generated sample description for Comedy video.
zlWtNiPauRC,24.22.01,Why This Music Video Went Viral,Channel_184,3,2024-01-19T17:00:00.000Z,vlog|2024|live,6256,422,21,113,https://i.ytimg.com/vi/vNbB8lS4va7/default.jpg,False,False,False,Auto-generated sample description for Music video.
16uLJZmD81S,24.28.09,Official Comedy Highlights,Channel_2268,4,2024-09-24T18:00:00.000Z,live|music|vlog,18595,862,32,64,https://i.ytimg.com/vi/txb7naixT0i/default.jpg,True,False,False,Auto-generated sample description for Comedy video.
XG2ACd_wMCB,24.06.09,Music Compilation 2024,Channel_2069,11,2024-09-06T20:00:00.000Z,review|official|music,162372,10098,418,1436,https://i.ytimg.com/vi/cXVbmQI1fAJ/default.jpg,False,False,False,Auto-generated sample description for Music video.
sc3fNLNzMk4,24.07.08,Top 10 Music Moments This Week,Channel_1320,3,2024-08-03T01:00:00.000Z,trending|2024|live,3740,199,27,20,https://i.ytimg.com/vi/1OoweLZ4sgX/default.jpg,False,False,False,Auto-generated sample description for Music video.
AoYTO12DrMS,24.02.11,Reacting to Music Trends,Channel_4019,11,2024-10-31T17:00:00.000Z,review|2024|music,27548,828,169,173,https://i.ytimg.com/vi/GQ9wJITFiz8/default.jpg,False,False,False,Auto-generated sample description for Music video.
EVeWsFJeURJ,25.22.01,Why This Comedy Video Went Viral,Channel_1376,7,2025-01-18T00:00:00.000Z,official|live|trending,7881,268,65,95,https://i.ytimg.com/vi/itGOhzy7lFK/default.jpg,False,False,False,Auto-generated sample description for Comedy video.
4Un7479lUHG,24.11.01,Reacting to Music Trends,Channel_2603,11,2024-01-09T16:00:00.000Z,live|official|review,53036,2177,276,897,https://i.ytimg.com/vi/z_s7FU9m4DC/default.jpg,False,False,False,Auto-generated sample description for Music video.
0alpnNPFE8D,24.23.02,Music Compilation 2024,Channel_814,11,2024-02-21T05:00:00.000Z,vlog|review|official,269057,6470,331,5308,https://i.ytimg.com/vi/0fs5AD8kTAC/default.jpg,False,False,False,Auto-generated sample description for Music video.
mI67lgUyt7C,25.19.01,Why This Comedy Video Went Viral,Channel_1638,4,2025-01-15T13:00:00.000Z,review|official|live,7434,250,34,45,https://i.ytimg.com/vi/hcjGxGrQjze/default.jpg,False,False,False,Auto-generated sample description for Comedy video.
gblHCw15N5M,24.06.12,Reacting to Gaming Trends,Channel_3544,16,2024-12-04T15:00:00.000Z,live|vlog|2024,44358,3402,192,677,https://i.ytimg.com/vi/ZXG4uKEtl_e/default.jpg,False,False,False,Auto-generated sample description for Gaming video.
dHAxAUazjDZ,24.15.04,Reacting to Comedy Trends,Channel_705,7,2024-04-12T21:00:00.000Z,2024|official|vlog,43641,609,135,781,https://i.ytimg.com/vi/h7jD_CB4IK9/default.jpg,False,False,False,Auto-generated sample description for Comedy video.
3UWzRAqpSNj,24.12.11,Why This Entertainment Video Went Viral,Channel_1628,14,2024-11-11T03:00:00.000Z,2024|trending|review,4713,239,29,57,https://i.ytimg.com/vi/mrZqiz1RgU-/default.jpg,False,False,False,Auto-generated sample description for Entertainment video.
XSRYJehfA5k,24.21.07,Gaming Compilation 2024,Channel_3520,16,2024-07-18T02:00:00.000Z,2024|vlog|official,15252,308,23,161,https://i.ytimg.com/vi/657C1lojR9c/default.jpg,False,False,False,Auto-generated sample description for Gaming video.
oxdakMi83Mf,24.29.09,Reacting to Entertainment Trends,Channel_1465,14,2024-09-25T14:00:00.000Z,review|music|official,46456,1095,164,251,https://i.ytimg.com/vi/M2H0f-ySSKT/default.jpg,False,False,False,Auto-generated sample description for Entertainment video.
A0QR8qEUpRc,24.12.07,Top 10 Music Moments This Week,Channel_1419,11,2024-07-12T22:00:00.000Z,2024|music|trending,193832,14595,946,1255,https://i.ytimg.com/vi/PhohP3jC8Sz/default.jpg,False,False,False,Auto-generated sample description for Music video.
_9i0QhuvDBq,24.04.04,Official Music Highlights,Channel_912,11,2024-04-04T01:00:00.000Z,2024|vlog|live,33786,731,274,156,https://i.ytimg.com/vi/3yLP26Txotq/default.jpg,False,False,False,Auto-generated sample description for Music video.
wlojoQa23uT,24.21.03,Why This Comedy Video Went Viral,Channel_1859,7,2024-03-21T20:00:00.000Z,official|trending|vlog,8960,458,23,101,https://i.ytimg.com/vi/KbYm5cGzFsO/default.jpg,False,False,False,Auto-generated sample description for Comedy video.
7o4lgdDITGo,24.20.02,Behind the Scenes: Comedy,Channel_3964,7,2024-02-17T18:00:00.000Z,2024|vlog|live,11920,507,89,25,https://i.ytimg.com/vi/TxYtQjbY96B/default.jpg,False,False,False,Auto-generated sample description for Comedy video.
47Tvv5s9SCq,24.05.01,Why This Entertainment Video Went Viral,Channel_2167,14,2024-01-05T04:00:00.000Z,official|trending|music,44811,2588,334,446,https://i.ytimg.com/vi/P_LjgUPznY0/default.jpg,False,False,False,Auto-generated sample description for Entertainment video.
R9JC6DAltDu,25.05.01,Entertainment Compilation 2024,Channel_1531,14,2025-01-02T07:00:00.000Z,official|live|trending,98184,1916,504,922,https://i.ytimg.com/vi/sfOgU7ERTQR/default.jpg,False,False,False,Auto-generated sample description for Entertainment video.
4gQyJKZAeJt,25.08.01,Official Gaming Highlights,Channel_1007,16,2025-01-06T16:00:00.000Z,vlog|live|music,3708,268,2,51,https://i.ytimg.com/vi/EG-MtdMxxxC/default.jpg,False,False,False,Auto-generated sample description for Gaming video.
lt-rWFPxZGR,24.03.03,Top 10 Music Moments This Week,Channel_421,11,2024-03-03T16:00:00.000Z,music|live|2024,115393,8409,258,550,https://i.ytimg.com/vi/8ppqTkFcUOz/default.jpg,False,False,False,Auto-generated sample description for Music video.
CmmJIDpGaey,24.30.06,Behind the Scenes: Entertainment,Channel_1574,14,2024-06-26T20:00:00.000Z,trending|2024|music,73063,3602,666,501,https://i.ytimg.com/vi/Qs1JdSvhr7h/default.jpg,False,False,False,Auto-generated sample description for Entertainment video.
_82GS8J4u8i,24.17.02,Behind the Scenes: Music,Channel_1893,11,2024-02-16T15:00:00.000Z,live|review|2024,4463,172,3,57,https://i.ytimg.com/vi/Goa1l68iFDN/default.jpg,False,False,False,Auto-generated sample description for Music video.
55h1mxhYQCQ,24.02.11,Why This Entertainment Video Went Viral,Channel_2749,14,2024-10-31T14:00:00.000Z,live|2024|music,8694,677,26,50,https://i.ytimg.com/vi/R5r6zbCZpXS/default.jpg,False,False,False,Auto-generated sample description for Entertainment video.
D2awpLjKN6c,24.23.11,Behind the Scenes: Entertainment,Channel_3596,14,2024-11-21T01:00:00.000Z,vlog|review|official,8045,379,40,78,https://i.ytimg.com/vi/L8ochdCYQY9/default.jpg,False,False,False,Auto-generated sample description for Entertainment video.
9Ie_vA5PyLM,24.24.07,Behind the Scenes: Gaming,Channel_1733,6,2024-07-21T05:00:00.000Z,review|music|official,30157,1417,231,130,https://i.ytimg.com/vi/yj_rTis_YAx/default.jpg,False,False,False,Auto-generated sample description for Gaming video.
6gg7SE0zmx_,24.08.07,Behind the Scenes: Gaming,Channel_2536,6,2024-07-04T13:00:00.000Z,trending|review|vlog,2388,61,2,47,https://i.ytimg.com/vi/Fx927pLIFe0/default.jpg,False,False,False,Auto-generated sample description for Gaming video.
yGN0k9M7zQe,24.28.05,Reacting to Pets & Animals Trends,Channel_4969,2,2024-05-24T16:00:00.000Z,music|trending|review,37112,2013,33,600,https://i.ytimg.com/vi/S1YS_fbhe4s/default.jpg,False,False,False,Auto-generated sample description for Pets & Animals video.
CE7StJIeZYY,24.21.11,People & Blogs Compilation 2024,Channel_2649,8,2024-11-18T21:00:00.000Z,review|2024|live,7485,116,48,21,https://i.ytimg.com/vi/BNZAFClJ8XQ/default.jpg,False,False,False,Auto-generated sample description for People & Blogs video.
wtkjTqFSlia,24.18.07,Behind the Scenes: Music,Channel_979,11,2024-07-15T18:00:00.000Z,music|trending|vlog,6790,500,21,118,https://i.ytimg.com/vi/bVwarcQ8PIt/default.jpg,False,False,False,Auto-generated sample description for Music video.
c308KxaRhLQ,25.05.02,Reacting to Music Trends,Channel_4218,11,2025-02-01T16:00:00.000Z,review|music|vlog,98787,4663,815,376,https://i.ytimg.com/vi/-pF0XXRqAF7/default.jpg,False,False,False,Auto-generated sample description for Music video.
xEvsCUUSYwP,24.01.03,Official Music Highlights,Channel_966,3,2024-03-01T05:00:00.000Z,trending|live|review,145009,6365,1163,1173,https://i.ytimg.com/vi/eny0WKzWWZE/default.jpg,False,False,False,Auto-generated sample description for Music video.
BHN1XMzj3_W,24.16.12,Music Compilation 2024,Channel_695,3,2024-12-15T21:00:00.000Z,2024|official|trending,54639,2303,166,517,https://i.ytimg.com/vi/l8zTPQwRkT5/default.jpg,False,False,False,Auto-generated sample description for Music video.
y8Wd1OjDJWO,24.24.07,Why This Science & Technology Video Went Viral,Channel_421,12,2024-07-21T13:00:00.000Z,music|official|live,31636,998,181,50,https://i.ytimg.com/vi/u0vDrg_W196/default.jpg,False,False,False,Auto-generated sample description for Science & Technology video.
C8pWI_VtSVo,24.09.10,Reacting to Music Trends,Channel_3447,3,2024-10-09T05:00:00.000Z,review|vlog|music,52645,1793,500,188,https://i.ytimg.com/vi/X8n5YYKEN3T/default.jpg,False,False,False,Auto-generated sample description for Music video.
P2a5h78hc1k,24.23.05,Behind the Scenes: Gaming,Channel_1970,16,2024-05-23T22:00:00.000Z,music|vlog|2024,28185,1760,214,525,https://i.ytimg.com/vi/FWKtDR73mty/default.jpg,False,False,False,Auto-generated sample description for Gaming video.
YJFdTm90Rrn,24.28.04,Why This Entertainment Video Went Viral,Channel_1173,14,2024-04-27T03:00:00.000Z,2024|music|vlog,154897,11098,536,2342,https://i.ytimg.com/vi/mcZz_Ih2g6i/default.jpg,False,False,False,Auto-generated sample description for Entertainment video.
H7xnxgJRECP,24.27.03,Behind the Scenes: Comedy,Channel_4944,4,2024-03-27T15:00:00.000Z,trending|review|live,24778,1192,82,408,https://i.ytimg.com/vi/3vxNVav3li0/default.jpg,False,False,False,Auto-generated sample description for Comedy video.
BZ5hmuW8SvW,24.16.11,Film & Animation Compilation 2024,Channel_2723,9,2024-11-12T10:00:00.000Z,official|vlog|live,34096,1009,154,322,https://i.ytimg.com/vi/clAHlx2iWYK/default.jpg,False,False,False,Auto-generated sample description for Film & Animation video.
gdKEF8nUCv_,24.29.09,Behind the Scenes: Music,Channel_263,3,2024-09-27T06:00:00.000Z,review|official|live,31391,1614,149,246,https://i.ytimg.com/vi/kpUo4xIIrbH/default.jpg,False,False,False,Auto-generated sample description for Music video.
TvUI_lSXlYo,24.10.07,Official Music Highlights,Channel_325,3,2024-07-09T20:00:00.000Z,vlog|music|2024,160168,3737,173,1620,https://i.ytimg.com/vi/0n96eROPA4O/default.jpg,False,False,False,Auto-generated sample description for Music video.
zoD5LQ1VMfE,25.08.01,Official Comedy Highlights,Channel_1844,7,2025-01-08T21:00:00.000Z,music|live|vlog,6766,288,33,120,https://i.ytimg.com/vi/8AjSTHXfCHw/default.jpg,False,False,False,Auto-generated sample description for Comedy video.
YlIPxqSjRCJ,25.26.01,Music Compilation 2024,Channel_1032,3,2025-01-22T04:00:00.000Z,vlog|live|music,56600,4107,52,192,https://i.ytimg.com/vi/4CWI1jqimzM/default.jpg,False,False,False,Auto-generated sample description for Music video.
mKofxa4r8PZ,25.09.01,Top 10 Gaming Moments This Week,Channel_783,16,2025-01-05T09:00:00.000Z,official|live|vlog,26701,779,102,130,https://i.ytimg.com/vi/AwacoKJcHOc/default.jpg,False,False,False,Auto-generated sample description for Gaming video.
qQ9SHKEPvYv,24.09.08,Official Gaming Highlights,Channel_142,16,2024-08-09T22:00:00.000Z,trending|vlog|2024,767,40,7,4,https://i.ytimg.com/vi/aI8Vs1H1jV4/default.jpg,False,False,False,Auto-generated sample description for Gaming video.
HEIHUeZTvi5,24.13.06,Behind the Scenes: Music,Channel_932,11,2024-06-10T21:00:00.000Z,trending|vlog|official,31574,735,280,172,https://i.ytimg.com/vi/5fxLTU6aCI6/default.jpg,False,False,False,Auto-generated sample description for Music video.
9cbQMADTz54,24.04.04,Why This Music Video Went Viral,Channel_2537,11,2024-03-31T11:00:00.000Z,vlog|official|2024,155030,2230,201,2001,https://i.ytimg.com/vi/ikTb90tZufu/default.jpg,False,False,False,Auto-generated sample description for Music video.
hZXddl0w3Do,24.07.12,Reacting to People & Blogs Trends,Channel_453,8,2024-12-07T21:00:00.000Z,music|trending|live,13747,275,121,90,https://i.ytimg.com/vi/3G7gAteLbCl/default.jpg,False,False,False,Auto-generated sample description for People & Blogs video.
_FERnLakA6b,25.03.01,Behind the Scenes: Music,Channel_4967,11,2025-01-03T17:00:00.000Z,trending|2024|official,228585,18109,450,4498,https://i.ytimg.com/vi/pjPH5vkm8LF/default.jpg,False,False,False,Auto-generated sample description for Music video.
-O-v9h861By,24.15.09,Why This Music Video Went Viral,Channel_4127,3,2024-09-12T19:00:00.000Z,official|music|vlog,2154013,88281,10791,34433,https://i.ytimg.com/vi/4glgemkD30A/default.jpg,True,False,False,Auto-generated sample description for Music video.
Y9Sb-I0i-28,24.18.07,Gaming Compilation 2024,Channel_3558,16,2024-07-14T18:00:00.000Z,official|2024|music,192967,8752,1248,2008,https://i.ytimg.com/vi/VYxy7rqAP0p/default.jpg,True,False,False,Auto-generated sample description for Gaming video.
eNP5bvxzegn,24.02.02,Reacting to Comedy Trends,Channel_207,4,2024-01-29T11:00:00.000Z,trending|vlog|review,29654,2228,51,579,https://i.ytimg.com/vi/TFmepXaulBb/default.jpg,False,False,False,Auto-generated sample description for Comedy video.
jlXvqWwLCjM,24.13.12,Behind the Scenes: People & Blogs,Channel_2039,8,2024-12-10T20:00:00.000Z,official|live|music,5356,379,41,59,https://i.ytimg.com/vi/mMFHevhchSW/default.jpg,False,False,False,Auto-generated sample description for People & Blogs video.
cM8B41ugYvv,24.23.06,Top 10 Music Moments This Week,Channel_2085,3,2024-06-23T01:00:00.000Z,music|trending|vlog,97266,6605,95,1694,https://i.ytimg.com/vi/jQFTa39PIJ9/default.jpg,False,False,False,Auto-generated sample description for Music video.
jlQi0bsRF-i,24.19.10,Why This Music Video Went Viral,Channel_4593,11,2024-10-18T18:00:00.000Z,trending|music|2024,42542,1197,381,801,https://i.ytimg.com/vi/dBpgdmyxfzj/default.jpg,False,False,False,Auto-generated sample description for Music video.
CdGZFRR1hCn,24.12.05,Travel & Events Compilation 2024,Channel_3786,13,2024-05-10T07:00:00.000Z,live|official|music,1465,28,7,17,https://i.ytimg.com/vi/BnQj9kuDGXF/default.jpg,False,False,False,Auto-generated sample description for Travel & Events video.
qpG5MEcW37A,24.22.09,Why This Music Video Went Viral,Channel_4040,11,2024-09-20T06:00:00.000Z,live|music|2024,103001,1185,577,1314,https://i.ytimg.com/vi/w5zxXx7gV9J/default.jpg,False,False,False,Auto-generated sample description for Music video.
rPjCbu0wkgH,24.22.03,Reacting to Music Trends,Channel_3217,3,2024-03-20T01:00:00.000Z,vlog|live|2024,33939,480,48,35,https://i.ytimg.com/vi/CX0d5XWpqe-/default.jpg,False,False,False,Auto-generated sample description for Music video.
dWe7sg-xxuM,24.29.04,Science & Technology Compilation 2024,Channel_1281,12,2024-04-25T20:00:00.000Z,official|vlog|review,18376,1108,156,175,https://i.ytimg.com/vi/FSIhr0dPZeB/default.jpg,False,False,False,Auto-generated sample description for Science & Technology video.
yyuhBnLoWGL,24.03.05,Music Compilation 2024,Channel_3996,3,2024-04-30T06:00:00.000Z,music|vlog|official,28078,1081,223,324,https://i.ytimg.com/vi/IFc3NX-or95/default.jpg,False,False,False,Auto-generated sample description for Music video.
bCvevVgx2u8,25.27.01,Top 10 Entertainment Moments This Week,Channel_3940,14,2025-01-23T21:00:00.000Z,review|trending|official,16760,1311,141,57,https://i.ytimg.com/vi/aJ8RaGNpxPT/default.jpg,False,False,False,Auto-generated sample description for Entertainment video.
o3WlTw4LZMX,24.03.07,Gaming Compilation 2024,Channel_2939,16,2024-07-02T03:00:00.000Z,review|music|2024,28179,939,25,96,https://i.ytimg.com/vi/zTCXC0evHtn/default.jpg,False,False,False,Auto-generated sample description for Gaming video.
S3qu2TAsFd5,24.12.02,Top 10 Comedy Moments This Week,Channel_4625,7,2024-02-10T05:00:00.000Z,music|review|live,7255,384,61,17,https://i.ytimg.com/vi/37c2G4c8S-A/default.jpg,False,False,False,Auto-generated sample description for Comedy video.
hIIHsEsYFmf,24.30.12,Why This Science & Technology Video Went Viral,Channel_418,12,2024-12-30T16:00:00.000Z,vlog|review|official,26072,1866,174,354,https://i.ytimg.com/vi/HodbAQUrhyh/default.jpg,False,False,False,Auto-generated sample description for Science & Technology video.
jB8M9llgmCp,24.06.05,Reacting to Entertainment Trends,Channel_1413,14,2024-05-02T16:00:00.000Z,official|live|review,100772,6474,225,1353,https://i.ytimg.com/vi/5P7CMmwseze/default.jpg,False,False,False,Auto-generated sample description for Entertainment video.
BPyVYJyf-H_,24.16.10,Why This Film & Animation Video Went Viral,Channel_2604,9,2024-10-16T00:00:00.000Z,2024|music|trending,5893,223,27,36,https://i.ytimg.com/vi/OyECfvTHqhN/default.jpg,False,False,False,Auto-generated sample description for Film & Animation video.
CoZQY0eZPLU,24.06.06,Why This Entertainment Video Went Viral,Channel_209,14,2024-06-06T22:00:00.000Z,live|vlog|trending,326080,16797,507,2398,https://i.ytimg.com/vi/7oAgDSyLmCr/default.jpg,False,False,False,Auto-generated sample description for Entertainment video.
7FmNOPtI_xM,24.16.04,Reacting to People & Blogs Trends,Channel_3642,8,2024-04-14T00:00:00.000Z,live|trending|music,21559,1478,105,77,https://i.ytimg.com/vi/UEjalRV1jZh/default.jpg,False,False,False,Auto-generated sample description for People & Blogs video.
uvhP5imzggQ,24.30.07,Reacting to Gaming Trends,Channel_78,16,2024-07-30T20:00:00.000Z,trending|2024|vlog,11811,776,6,77,https://i.ytimg.com/vi/moLAN2rTdJM/default.jpg,False,False,False,Auto-generated sample description for Gaming video.
ilxzQSJoh21,24.07.02,Top 10 Music Moments This Week,Channel_2816,3,2024-02-05T10:00:00.000Z,music|vlog|live,29658,396,224,370,https://i.ytimg.com/vi/AEyDS-lmFAU/default.jpg,False,False,False,Auto-generated sample description for Music video.
H4fvevRS7E_,24.08.08,Autos & Vehicles Compilation 2024,Channel_618,1,2024-08-05T14:00:00.000Z,official|review|trending,30226,1020,97,118,https://i.ytimg.com/vi/o_5F5JqGdxQ/default.jpg,False,False,False,Auto-generated sample description for Autos & Vehicles video.
Q3qR61NGiaZ,25.17.01,Top 10 Entertainment Moments This Week,Channel_1204,14,2025-01-14T16:00:00.000Z,live|vlog|2024,104988,4660,559,693,https://i.ytimg.com/vi/oARofDBNkWD/default.jpg,False,False,False,Auto-generated sample description for Entertainment video.
nZsR2FEPbw-,24.22.01,Top 10 Gaming Moments This Week,Channel_4523,6,2024-01-19T14:00:00.000Z,live|music|official,15506,856,126,270,https://i.ytimg.com/vi/TbWF2aCm8Rp/default.jpg,False,False,False,Auto-generated sample description for Gaming video.
MqfWFBzfyrR,24.18.01,Behind the Scenes: Gaming,Channel_1519,16,2024-01-17T11:00:00.000Z,2024|live|trending,8563,487,44,144,https://i.ytimg.com/vi/hMgOzLkpoNX/default.jpg,False,False,False,Auto-generated sample description for Gaming video.
zVkJnwp5mG-,24.30.05,Reacting to Entertainment Trends,Channel_2228,14,2024-05-29T17:00:00.000Z,review|2024|live,247503,18557,1077,4180,https://i.ytimg.com/vi/8ZxQmUSnThS/default.jpg,False,False,False,Auto-generated sample description for Entertainment video.
_qxTe76qfNX,24.08.06,Reacting to Entertainment Trends,Channel_2431,14,2024-06-04T05:00:00.000Z,official|music|trending,12703,895,57,209,https://i.ytimg.com/vi/1xIrRSrXKJs/default.jpg,False,False,False,Auto-generated sample description for Entertainment video.
U3M4OBVaVm3,24.19.09,People & Blogs Compilation 2024,Channel_67,8,2024-09-18T20:00:00.000Z,music|live|review,48907,1305,422,912,https://i.ytimg.com/vi/khC3jFZnuiv/default.jpg,False,False,False,Auto-generated sample description for People & Blogs video.
ycT0hccWikY,24.18.01,Why This Music Video Went Viral,Channel_359,11,2024-01-15T07:00:00.000Z,live|vlog|trending,32481,2463,316,210,https://i.ytimg.com/vi/7PboWVX-8oj/default.jpg,False,False,False,Auto-generated sample description for Music video.
BJtGBn8slLd,24.15.12,Behind the Scenes: Gaming,Channel_713,6,2024-12-15T07:00:00.000Z,trending|vlog|official,29464,1473,41,277,https://i.ytimg.com/vi/_OUbBapGrvp/default.jpg,False,False,False,Auto-generated sample description for Gaming video.
dGXv-Q_ECFx,24.21.06,Top 10 Entertainment Moments This Week,Channel_2715,14,2024-06-21T11:00:00.000Z,music|live|official,12092,317,106,179,https://i.ytimg.com/vi/00qNlZ1b5wg/default.jpg,False,False,False,Auto-generated sample description for Entertainment video.
RalnM_t81XO,24.19.09,Music Compilation 2024,Channel_855,3,2024-09-18T05:00:00.000Z,2024|music|trending,109989,1518,570,1899,https://i.ytimg.com/vi/z-ylh1YUkuZ/default.jpg,False,False,False,Auto-generated sample description for Music video.
KrvslYLHMgO,24.06.06,Behind the Scenes: Film & Animation,Channel_607,9,2024-06-05T06:00:00.000Z,2024|review|music,2867,110,24,25,https://i.ytimg.com/vi/_vqlD8YzsrB/default.jpg,False,False,False,Auto-generated sample description for Film & Animation video.
zhAaL59kQh3,24.11.04,Official Music Highlights,Channel_3525,3,2024-04-08T15:00:00.000Z,official|live|trending,479705,35014,4155,1329,https://i.ytimg.com/vi/3nbVA_IW_9V/default.jpg,False,False,False,Auto-generated sample description for Music video.
hhWbpPZOfIe,24.11.11,Why This Music Video Went Viral,Channel_3524,11,2024-11-07T20:00:00.000Z,vlog|live|review,165371,4552,278,352,https://i.ytimg.com/vi/lRnwMVwas9J/default.jpg,False,False,False,Auto-generated sample description for Music video.
6OBg2OSeDgf,24.25.09,Official Music Highlights,Channel_2096,3,2024-09-25T15:00:00.000Z,music|vlog|2024,29085,1661,123,460,https://i.ytimg.com/vi/D_yCVNuL2aD/default.jpg,False,False,False,Auto-generated sample description for Music video.
_KS0spxBiUN,24.24.01,Top 10 Music Moments This Week,Channel_1434,3,2024-01-22T20:00:00.000Z,2024|live|review,32110,2300,131,119,https://i.ytimg.com/vi/OX7FhWN-yM3/default.jpg,False,False,False,Auto-generated sample description for Music video.
uJ9nRncSX3X,24.11.11,Top 10 Science & Technology Moments This Week,Channel_4879,12,2024-11-07T05:00:00.000Z,review|vlog|live,3081,145,4,40,https://i.ytimg.com/vi/g9uUo39998v/default.jpg,False,False,False,Auto-generated sample description for Science & Technology video.
GxXggYpzuNV,24.07.11,Why This Comedy Video Went Viral,Channel_4785,7,2024-11-03T21:00:00.000Z,music|review|vlog,3073,239,8,13,https://i.ytimg.com/vi/lGAsmXpInK0/default.jpg,False,False,False,Auto-generated sample description for Comedy video.
8wi3VXXF7Pc,24.08.06,Top 10 Film & Animation Moments This Week,Channel_2611,9,2024-06-06T20:00:00.000Z,music|review|official,1114,34,10,22,https://i.ytimg.com/vi/spv7RS5klFS/default.jpg,False,False,False,Auto-generated sample description for Film & Animation video.
OuONGEKOH4I,24.07.09,Official Education Highlights,Channel_912,10,2024-09-07T07:00:00.000Z,review|official|live,1501,114,13,26,https://i.ytimg.com/vi/8R2wbahxSDc/default.jpg,False,False,False,Auto-generated sample description for Education video.
jjdGxtCS2KS,24.30.10,Official Travel & Events Highlights,Channel_2958,15,2024-10-27T09:00:00.000Z,music|review|live,3042,77,17,49,https://i.ytimg.com/vi/QyUOJk--WDY/default.jpg,False,False,False,Auto-generated sample description for Travel & Events video.
j-pa3Xt81g1,24.01.09,Top 10 Comedy Moments This Week,Channel_748,7,2024-08-31T07:00:00.000Z,music|review|trending,5607,383,3,104,https://i.ytimg.com/vi/AQpruZXnlkS/default.jpg,False,False,False,Auto-generated sample description for Comedy video.
wkkO3-Z0y5d,24.01.10,Official Music Highlights,Channel_3137,3,2024-09-27T14:00:00.000Z,2024|vlog|music,341093,4545,2109,3853,https://i.ytimg.com/vi/-KpXbcHApD5/default.jpg,False,False,False,Auto-generated sample description for Music video.
XdT7znYyS7X,24.20.07,Behind the Scenes: Music,Channel_160,11,2024-07-19T19:00:00.000Z,trending|official|2024,8192,476,74,135,https://i.ytimg.com/vi/onYp8SuB5gL/default.jpg,False,False,False,Auto-generated sample description for Music video.
nYyqVf4i5me,24.14.02,Top 10 Gaming Moments This Week,Channel_2675,6,2024-02-12T11:00:00.000Z,official|live|2024,12415,871,118,39,https://i.ytimg.com/vi/_QLIwoT3JgA/default.jpg,False,False,False,Auto-generated sample description for Gaming video.
hh7gU9-cagA,24.04.09,Reacting to Comedy Trends,Channel_1882,4,2024-08-31T08:00:00.000Z,music|vlog|official,4367,155,17,59,https://i.ytimg.com/vi/1URo56DvOjV/default.jpg,False,False,False,Auto-generated sample description for Comedy video.
zyc1KEMaCqV,24.17.07,Why This Education Video Went Viral,Channel_4664,10,2024-07-17T09:00:00.000Z,vlog|trending|official,20834,210,39,34,https://i.ytimg.com/vi/ZHzdwHCAr6o/default.jpg,False,False,False,Auto-generated sample description for Education video.
aC6OB7694g_,24.07.02,Top 10 Comedy Moments This Week,Channel_1157,7,2024-02-03T17:00:00.000Z,live|2024|vlog,10147,394,60,21,https://i.ytimg.com/vi/H9VKQa5LI5c/default.jpg,False,False,False,Auto-generated sample description for Comedy video.
raWtknwcXi9,25.01.02,Top 10 Music Moments This Week,Channel_947,11,2025-01-29T19:00:00.000Z,review|live|2024,56613,1660,212,116,https://i.ytimg.com/vi/URXgODPFbN9/default.jpg,False,False,False,Auto-generated sample description for Music video.
e_0gIEL8g-K,24.28.07,Gaming Compilation 2024,Channel_2238,6,2024-07-25T15:00:00.000Z,review|vlog|official,11425,187,86,199,https://i.ytimg.com/vi/An2K-uRKLYV/default.jpg,False,False,False,Auto-generated sample description for Gaming video.
XqhzZ1d3aMF,24.17.01,Gaming Compilation 2024,Channel_4242,16,2024-01-16T02:00:00.000Z,music|2024|live,118057,9352,574,1968,https://i.ytimg.com/vi/Xx9450wquVa/default.jpg,False,False,False,Auto-generated sample description for Gaming video.
N3t1-E6QCGm,24.09.08,Behind the Scenes: Music,Channel_1833,3,2024-08-07T21:00:00.000Z,review|trending|vlog,22990,1789,162,300,https://i.ytimg.com/vi/tp_oeKworQv/default.jpg,False,False,False,Auto-generated sample description for Music video.
lydiDGvoL2B,24.04.01,Why This Comedy Video Went Viral,Channel_461,7,2024-01-01T12:00:00.000Z,review|vlog|music,1880,20,15,29,https://i.ytimg.com/vi/majaSFnTn1B/default.jpg,False,False,False,Auto-generated sample description for Comedy video.
Xpp-rl-Kfo3,24.15.08,Behind the Scenes: Comedy,Channel_4797,7,2024-08-14T13:00:00.000Z,live|music|vlog,7439,536,29,119,https://i.ytimg.com/vi/VwkKE3wjD_2/default.jpg,False,False,False,Auto-generated sample description for Comedy video.
WRVIN0eOUuC,24.14.06,Behind the Scenes: Comedy,Channel_990,4,2024-06-11T18:00:00.000Z,live|music|official,15457,1185,44,260,https://i.ytimg.com/vi/xODB6D4AAIj/default.jpg,False,False,False,Auto-generated sample description for Comedy video.
c3GXuOVv-1o,24.15.04,Top 10 Music Moments This Week,Channel_59,3,2024-04-15T19:00:00.000Z,trending|2024|review,20098,1247,101,336,https://i.ytimg.com/vi/ArLpGPT30Ep/default.jpg,False,False,False,Auto-generated sample description for Music video.
U6pjTlAYcTC,24.28.05,Official Film & Animation Highlights,Channel_1939,9,2024-05-24T21:00:00.000Z,trending|2024|music,20838,673,149,392,https://i.ytimg.com/vi/g3uYfHBG0S8/default.jpg,False,False,False,Auto-generated sample description for Film & Animation video.
70UCKSeHXec,24.20.01,Official Music Highlights,Channel_4210,11,2024-01-20T01:00:00.000Z,official|vlog|review,78392,810,657,1123,https://i.ytimg.com/vi/loyPhrB-F7f/default.jpg,False,False,False,Auto-generated sample description for Music video.
Apk5cx2XNOv,24.28.10,Music Compilation 2024,Channel_2072,11,2024-10-26T05:00:00.000Z,trending|official|review,407369,4671,2772,959,https://i.ytimg.com/vi/chVBJsdHiOD/default.jpg,True,False,False,Auto-generated sample description for Music video.
_SdUs96let6,24.29.01,Behind the Scenes: Music,Channel_2899,3,2024-01-27T16:00:00.000Z,2024|vlog|live,41494,493,68,215,https://i.ytimg.com/vi/H4QqlYLaJQA/default.jpg,False,False,False,Auto-generated sample description for Music video.
ouyr2U0CYOn,24.19.05,Comedy Compilation 2024,Channel_1425,4,2024-05-18T10:00:00.000Z,2024|official|music,12868,665,36,237,https://i.ytimg.com/vi/X4zzSjJkqs8/default.jpg,False,False,False,Auto-generated sample description for Comedy video.
aaGHEO0pJL_,24.03.06,Music Compilation 2024,Channel_2574,11,2024-06-03T19:00:00.000Z,official|live|music,90000,4123,115,1366,https://i.ytimg.com/vi/MMCLNC9v3Mw/default.jpg,False,False,False,Auto-generated sample description for Music video.
sm78LQJevWk,24.13.05,Top 10 Science & Technology Moments This Week,Channel_4465,12,2024-05-12T11:00:00.000Z,2024|trending|live,19604,1080,64,58,https://i.ytimg.com/vi/Ewhzshi1snr/default.jpg,False,False,False,Auto-generated sample description for Science & Technology video.
1h8xz8SMcvw,25.30.01,Why This Comedy Video Went Viral,Channel_155,7,2025-01-26T10:00:00.000Z,live|official|trending,5516,205,21,76,https://i.ytimg.com/vi/iiR_yCIgmHE/default.jpg,False,False,False,Auto-generated sample description for Comedy video.
hib10IhnkNv,24.26.08,Official Entertainment Highlights,Channel_4987,14,2024-08-22T03:00:00.000Z,trending|vlog|live,6441,371,43,73,https://i.ytimg.com/vi/f83fGkdvUgd/default.jpg,False,False,False,Auto-generated sample description for Entertainment video.
rCUi0CejWlJ,24.05.04,Behind the Scenes: Music,Channel_2807,11,2024-04-03T03:00:00.000Z,official|2024|trending,34028,2340,309,622,https://i.ytimg.com/vi/TcRUUaSsGHQ/default.jpg,False,False,False,Auto-generated sample description for Music video.
nKhVsm_dGeR,25.23.01,Why This Music Video Went Viral,Channel_1693,11,2025-01-19T09:00:00.000Z,trending|live|music,107573,3733,251,2051,https://i.ytimg.com/vi/Jst1oqZc22S/default.jpg,False,False,False,Auto-generated sample description for Music video.
cyKxf1PVlO8,24.22.04,People & Blogs Compilation 2024,Channel_4615,8,2024-04-19T02:00:00.000Z,review|live|2024,94475,6018,140,468,https://i.ytimg.com/vi/EkU1p8LBbCQ/default.jpg,False,False,False,Auto-generated sample description for People & Blogs video.
m273EPWNeOh,24.11.01,Behind the Scenes: Music,Channel_4164,11,2024-01-11T02:00:00.000Z,review|vlog|live,23495,905,92,118,https://i.ytimg.com/vi/smAyb5wi0AY/default.jpg,False,False,False,Auto-generated sample description for Music video.
xSbLzz7FzHF,25.16.01,Behind the Scenes: Comedy,Channel_37,4,2025-01-13T09:00:00.000Z,vlog|trending|review,68495,4782,502,787,https://i.ytimg.com/vi/91Zm_AazCr2/default.jpg,False,False,False,Auto-generated sample description for Comedy video.
EuDLBANtyT_,24.18.09,Top 10 Entertainment Moments This Week,Channel_2736,14,2024-09-15T08:00:00.000Z,official|trending|2024,2996,223,9,42,https://i.ytimg.com/vi/Y9JwUW-xftA/default.jpg,False,False,False,Auto-generated sample description for Entertainment video.
zVB2qmmHXnU,24.05.11,Why This Entertainment Video Went Viral,Channel_1642,14,2024-11-03T05:00:00.000Z,official|music|live,49226,585,369,220,https://i.ytimg.com/vi/qsQ6jb9vNGD/default.jpg,False,False,False,Auto-generated sample description for Entertainment video.
zAmU6FaLMHX,24.19.02,Official Entertainment Highlights,Channel_838,14,2024-02-19T11:00:00.000Z,music|review|2024,48542,891,39,904,https://i.ytimg.com/vi/z_JPeeHVKXC/default.jpg,False,False,False,Auto-generated sample description for Entertainment video.
brGyRNe_LiR,24.18.06,Behind the Scenes: Entertainment,Channel_62,14,2024-06-14T06:00:00.000Z,music|review|official,42859,2110,125,825,https://i.ytimg.com/vi/dTzbcy-8r-w/default.jpg,False,False,False,Auto-generated sample description for Entertainment video.
FhgGzjolmQk,24.30.09,Top 10 Music Moments This Week,Channel_3576,3,2024-09-28T12:00:00.000Z,official|review|music,23679,787,65,470,https://i.ytimg.com/vi/jkgEUXkm6EL/default.jpg,False,False,False,Auto-generated sample description for Music video.
-6ePLCUtTiT,24.12.03,Behind the Scenes: Comedy,Channel_2797,4,2024-03-10T22:00:00.000Z,vlog|review|music,2293,163,12,33,https://i.ytimg.com/vi/KNrFvtYaNU0/default.jpg,False,False,False,Auto-generated sample description for Comedy video.
cnk1iIU3Vnn,25.21.01,Music Compilation 2024,Channel_3779,3,2025-01-21T14:00:00.000Z,review|official|2024,850672,21540,5845,2185,https://i.ytimg.com/vi/flSti1bm0DR/default.jpg,False,False,False,Auto-generated sample description for Music video.
l1P2-JvdkSF,25.30.01,Music Compilation 2024,Channel_3539,11,2025-01-28T12:00:00.000Z,review|live|trending,18258,1273,75,335,https://i.ytimg.com/vi/lsRSBhWiVxH/default.jpg,False,False,False,Auto-generated sample description for Music video.
AMc_s6aVNwD,24.22.06,Why This Music Video Went Viral,Channel_892,11,2024-06-18T11:00:00.000Z,trending|review|official,373813,18935,752,5609,https://i.ytimg.com/vi/FmwiitBupCD/default.jpg,False,False,False,Auto-generated sample description for Music video.
lyxb8pqughq,24.11.05,Official Music Highlights,Channel_4747,11,2024-05-07T22:00:00.000Z,2024|vlog|music,18286,821,36,352,https://i.ytimg.com/vi/SyjFpsN4goE/default.jpg,False,False,False,Auto-generated sample description for Music video.
uMAg30An5Aa,24.28.02,Why This Comedy Video Went Viral,Channel_926,7,2024-02-24T10:00:00.000Z,vlog|review|live,10578,300,23,118,https://i.ytimg.com/vi/zSEaunEFNNn/default.jpg,False,False,False,Auto-generated sample description for Comedy video.
wqfwlZejRBL,24.20.10,Reacting to Entertainment Trends,Channel_3822,14,2024-10-20T06:00:00.000Z,2024|trending|vlog,250459,15725,1317,3059,https://i.ytimg.com/vi/2cBNj4DT_Ob/default.jpg,False,False,False,Auto-generated sample description for Entertainment video.
5xZrj6AL-4P,24.24.09,Why This Entertainment Video Went Viral,Channel_4373,14,2024-09-23T08:00:00.000Z,official|music|vlog,50567,1868,35,870,https://i.ytimg.com/vi/lDFtwuhLMzB/default.jpg,False,False,False,Auto-generated sample description for Entertainment video.
Wshn8wjgS68,24.16.01,Behind the Scenes: Film & Animation,Channel_241,9,2024-01-14T15:00:00.000Z,official|music|review,5786,258,23,113,https://i.ytimg.com/vi/qI-HxFymWgR/default.jpg,False,False,False,Auto-generated sample description for Film & Animation video.
mlVvYfs_JcE,24.15.10,Official Gaming Highlights,Channel_3731,6,2024-10-14T15:00:00.000Z,official|2024|live,10803,128,80,11,https://i.ytimg.com/vi/NY0AdMI-d0u/default.jpg,False,False,False,Auto-generated sample description for Gaming video.
_wmn4cMsfIW,24.03.04,Official Comedy Highlights,Channel_2265,7,2024-04-03T21:00:00.000Z,official|trending|music,8141,389,27,130,https://i.ytimg.com/vi/GGt8ObSeKEC/default.jpg,False,False,False,Auto-generated sample description for Comedy video.
5g0x3NObcz6,24.08.01,Official Gaming Highlights,Channel_3738,16,2024-01-08T18:00:00.000Z,vlog|trending|music,2324,102,11,41,https://i.ytimg.com/vi/ECCUlBQRZDp/default.jpg,False,False,False,Auto-generated sample description for Gaming video.
NbvYEiv7SU2,24.16.04,Music Compilation 2024,Channel_3128,3,2024-04-12T19:00:00.000Z,live|music|official,10158,150,68,86,https://i.ytimg.com/vi/IMGzmXh58g2/default.jpg,False,False,False,Auto-generated sample description for Music video.
zgALKt3yCBk,24.02.07,Behind the Scenes: Music,Channel_4526,11,2024-07-02T16:00:00.000Z,official|review|trending,108764,7183,134,1513,https://i.ytimg.com/vi/FmRA3VOUjid/default.jpg,False,False,False,Auto-generated sample description for Music video.
jR4yN9Oz0II,24.08.05,Entertainment Compilation 2024,Channel_18,14,2024-05-08T18:00:00.000Z,2024|review|music,10249,733,41,28,https://i.ytimg.com/vi/c9KtUiM_MM6/default.jpg,False,False,False,Auto-generated sample description for Entertainment video.
-MqLoeqyzZ3,24.25.09,Top 10 Music Moments This Week,Channel_3660,3,2024-09-21T07:00:00.000Z,trending|review|live,132265,1919,1070,185,https://i.ytimg.com/vi/wncz6grz91M/default.jpg,False,False,False,Auto-generated sample description for Music video.
h8Q62J40R_l,24.22.11,Music Compilation 2024,Channel_2731,3,2024-11-22T08:00:00.000Z,live|trending|2024,23024,1075,141,383,https://i.ytimg.com/vi/UiZ8O9usrbI/default.jpg,False,False,False,Auto-generated sample description for Music video.
qRMGKiHFZJu,24.26.05,Behind the Scenes: Science & Technology,Channel_2992,12,2024-05-23T15:00:00.000Z,vlog|2024|official,3340,114,29,66,https://i.ytimg.com/vi/CiKe0REwjIS/default.jpg,False,False,False,Auto-generated sample description for Science & Technology video.
yDsZAfVQmR5,24.20.12,Reacting to Entertainment Trends,Channel_1348,14,2024-12-18T22:00:00.000Z,trending|official|live,203435,7254,1698,2858,https://i.ytimg.com/vi/Jm4GkZ2qwDK/default.jpg,False,False,False,Auto-generated sample description for Entertainment video.
YCxROZEfz_3,24.01.06,Behind the Scenes: Travel & Events,Channel_2181,13,2024-05-28T20:00:00.000Z,music|2024|vlog,33497,2447,295,344,https://i.ytimg.com/vi/W1VeT6A5I_U/default.jpg,False,False,False,Auto-generated sample description for Travel & Events video.
B2YLZy8LEqa,24.29.07,Top 10 Entertainment Moments This Week,Channel_4535,14,2024-07-27T08:00:00.000Z,vlog|review|live,139928,7369,672,2088,https://i.ytimg.com/vi/r-WvA-EYvpM/default.jpg,False,False,False,Auto-generated sample description for Entertainment video.
gJ2-mqssatJ,24.07.08,Reacting to Gaming Trends,Channel_3813,6,2024-08-05T01:00:00.000Z,2024|music|trending,29812,1016,26,457,https://i.ytimg.com/vi/m98KUIU8MB4/default.jpg,False,False,False,Auto-generated sample description for Gaming video.
rdhDK2doBTZ,24.20.05,Top 10 Music Moments This Week,Channel_2515,3,2024-05-18T00:00:00.000Z,official|vlog|live,20241,887,105,402,https://i.ytimg.com/vi/zjlaa7twfGD/default.jpg,False,False,False,Auto-generated sample description for Music video.
vj_JHuupR2b,24.26.10,Reacting to Film & Animation Trends,Channel_1505,9,2024-10-22T20:00:00.000Z,music|2024|review,5942,371,50,53,https://i.ytimg.com/vi/I6KwXE_Den1/default.jpg,False,False,False,Auto-generated sample description for Film & Animation video.
_4UFjpX5VlP,24.26.03,Music Compilation 2024,Channel_3449,3,2024-03-23T15:00:00.000Z,official|review|2024,81278,6007,191,476,https://i.ytimg.com/vi/-n9yRUe2-tJ/default.jpg,False,False,False,Auto-generated sample description for Music video.
3Vo0HHCVd7_,24.31.03,Travel & Events Compilation 2024,Channel_380,13,2024-03-27T14:00:00.000Z,music|2024|trending,18217,1057,20,305,https://i.ytimg.com/vi/JYYv2fUdge3/default.jpg,False,False,False,Auto-generated sample description for Travel & Events video.
yNNhJ5EbRyh,24.04.11,Top 10 Music Moments This Week,Channel_447,3,2024-10-31T00:00:00.000Z,trending|review|live,18086,727,77,19,https://i.ytimg.com/vi/_JNM17_O7Ri/default.jpg,False,False,False,Auto-generated sample description for Music video.
VK-GT2PpsFi,24.19.08,Reacting to Entertainment Trends,Channel_1386,14,2024-08-16T00:00:00.000Z,music|official|review,2306,24,13,17,https://i.ytimg.com/vi/LjrCsKv-jCV/default.jpg,False,False,False,Auto-generated sample description for Entertainment video.
mkTpycR26C3,24.05.06,Reacting to Entertainment Trends,Channel_3736,14,2024-06-05T15:00:00.000Z,live|trending|2024,1154612,66558,1782,22667,https://i.ytimg.com/vi/PSErVcJ8P7S/default.jpg,False,False,False,Auto-generated sample description for Entertainment video.
ik-3gEUdVbe,24.17.12,Top 10 Entertainment Moments This Week,Channel_471,14,2024-12-16T15:00:00.000Z,music|official|review,69367,918,366,841,https://i.ytimg.com/vi/ebU-YlVa0iP/default.jpg,False,False,False,Auto-generated sample description for Entertainment video.
6cWnGhUYxr5,24.30.07,Behind the Scenes: Gaming,Channel_3119,16,2024-07-29T16:00:00.000Z,live|review|music,69719,2884,376,428,https://i.ytimg.com/vi/x0x9Qm42miN/default.jpg,False,False,False,Auto-generated sample description for Gaming video.
Tc_Q0NIzctV,24.03.07,Top 10 Music Moments This Week,Channel_1898,3,2024-06-30T16:00:00.000Z,vlog|2024|review,2102,147,15,9,https://i.ytimg.com/vi/S3iFK7VxX7s/default.jpg,False,False,False,Auto-generated sample description for Music video.
63-IGMdMZ7_,24.18.11,Comedy Compilation 2024,Channel_403,7,2024-11-17T22:00:00.000Z,vlog|trending|official,11908,133,112,168,https://i.ytimg.com/vi/Fixl4KD6d0L/default.jpg,False,False,False,Auto-generated sample description for Comedy video.
nSkKTlsC7ol,24.23.04,Official Music Highlights,Channel_1161,11,2024-04-19T00:00:00.000Z,live|official|vlog,88820,1283,564,936,https://i.ytimg.com/vi/2_ufU9C-vGS/default.jpg,False,False,False,Auto-generated sample description for Music video.
j0SF4FryDd0,24.23.03,Top 10 Film & Animation Moments This Week,Channel_2247,9,2024-03-22T18:00:00.000Z,music|live|official,251312,8147,1556,266,https://i.ytimg.com/vi/_aFeTViRL1h/default.jpg,False,False,False,Auto-generated sample description for Film & Animation video.
oYHDVEqr1c2,24.09.05,Why This Music Video Went Viral,Channel_3915,3,2024-05-06T07:00:00.000Z,live|music|official,33970,2241,47,255,https://i.ytimg.com/vi/PcUL995R4SU/default.jpg,False,False,False,Auto-generated sample description for Music video.
y_jcKfdgpnw,24.09.09,Reacting to Entertainment Trends,Channel_4350,14,2024-09-09T08:00:00.000Z,trending|music|vlog,10948,413,92,168,https://i.ytimg.com/vi/VvaOGrwEznK/default.jpg,False,False,False,Auto-generated sample description for Entertainment video.
hXtPJQhrQpM,24.24.09,Entertainment Compilation 2024,Channel_1815,14,2024-09-20T05:00:00.000Z,vlog|official|music,8091,565,32,144,https://i.ytimg.com/vi/XlEhbAHw34z/default.jpg,False,False,False,Auto-generated sample description for Entertainment video.
wWJBr_fpiqW,24.07.12,Reacting to Gaming Trends,Channel_694,16,2024-12-03T08:00:00.000Z,vlog|review|live,1967,144,18,22,https://i.ytimg.com/vi/0wNThVd5o6I/default.jpg,False,False,False,Auto-generated sample description for Gaming video.
9OU0kjowTQm,24.02.07,Reacting to Music Trends,Channel_4609,11,2024-06-28T14:00:00.000Z,2024|trending|official,358829,12560,3473,3362,https://i.ytimg.com/vi/61vp5IyHgVk/default.jpg,False,False,False,Auto-generated sample description for Music video.
ssGepkUbcLV,24.25.07,Reacting to Music Trends,Channel_755,3,2024-07-24T17:00:00.000Z,trending|vlog|2024,45981,3261,358,573,https://i.ytimg.com/vi/sOcO0p2a07p/default.jpg,False,False,False,Auto-generated sample description for Music video.
4iutW1tbRLo,24.12.03,Why This People & Blogs Video Went Viral,Channel_3057,8,2024-03-09T01:00:00.000Z,music|review|trending,45559,667,83,718,https://i.ytimg.com/vi/HwA-35SwhjL/default.jpg,False,False,False,Auto-generated sample description for People & Blogs video.
M3yQ6lrQnd1,24.02.08,Behind the Scenes: Music,Channel_1195,3,2024-08-01T00:00:00.000Z,official|2024|review,154683,5705,921,2313,https://i.ytimg.com/vi/yqBjUlyLqT3/default.jpg,False,False,False,Auto-generated sample description for Music video.
deKi4WIrlda,24.28.02,Entertainment Compilation 2024,Channel_4522,14,2024-02-26T22:00:00.000Z,2024|review|live,8598,299,21,167,https://i.ytimg.com/vi/jd9tpVOIo4z/default.jpg,False,False,False,Auto-generated sample description for Entertainment video.
AVx2du2TdIz,24.17.02,Music Compilation 2024,Channel_709,11,2024-02-16T18:00:00.000Z,2024|review|music,88957,3252,820,1545,https://i.ytimg.com/vi/260XDLtyHZo/default.jpg,False,False,False,Auto-generated sample description for Music video.
8LUskRM9jwS,24.09.07,Top 10 Music Moments This Week,Channel_75,11,2024-07-07T22:00:00.000Z,vlog|trending|review,103299,5818,929,1798,https://i.ytimg.com/vi/UIcEHkKMFLU/default.jpg,False,False,False,Auto-generated sample description for Music video.
xB3m-X6uJWO,25.17.01,Official Music Highlights,Channel_325,11,2025-01-16T19:00:00.000Z,official|live|trending,28506,1798,219,524,https://i.ytimg.com/vi/Os1pePVovAd/default.jpg,False,False,False,Auto-generated sample description for Music video.
OB0FXA8Vgp0,24.06.02,Entertainment Compilation 2024,Channel_4650,14,2024-02-05T14:00:00.000Z,vlog|live|2024,9727,544,87,133,https://i.ytimg.com/vi/OCnBVzmWOf4/default.jpg,False,False,False,Auto-generated sample description for Entertainment video.
Wpfr0PbeS8U,25.29.01,Behind the Scenes: Entertainment,Channel_4029,14,2025-01-28T19:00:00.000Z,live|music|2024,492,37,2,1,https://i.ytimg.com/vi/fDpW6MzI2Bo/default.jpg,False,False,False,Auto-generated sample description for Entertainment video.
flmMH-hmbsb,24.22.10,Official Music Highlights,Channel_201,11,2024-10-20T00:00:00.000Z,official|trending|live,105513,8237,806,892,https://i.ytimg.com/vi/yB46Uqu8HWd/default.jpg,False,False,False,Auto-generated sample description for Music video.
IdcYAcHPSXJ,24.28.10,Official Comedy Highlights,Channel_456,4,2024-10-25T16:00:00.000Z,music|review|trending,605,46,3,7,https://i.ytimg.com/vi/FA4pVEEVlyW/default.jpg,False,False,False,Auto-generated sample description for Comedy video.
XP2MJ7bRylM,24.11.12,Reacting to Music Trends,Channel_2756,3,2024-12-07T02:00:00.000Z,music|trending|official,220654,13901,1125,2082,https://i.ytimg.com/vi/yJPXNcw0cem/default.jpg,False,False,False,Auto-generated sample description for Music video.
uDjeF5iqXSt,25.05.01,Reacting to People & Blogs Trends,Channel_21,8,2025-01-04T00:00:00.000Z,official|music|vlog,2941,183,16,21,https://i.ytimg.com/vi/rmC0OCAccS2/default.jpg,False,False,False,Auto-generated sample description for People & Blogs video.
cELv-ERJBeJ,24.15.07,Why This Comedy Video Went Viral,Channel_2599,4,2024-07-15T08:00:00.000Z,music|official|review,518,26,3,3,https://i.ytimg.com/vi/OXFE1XGsTIj/default.jpg,False,False,False,Auto-generated sample description for Comedy video.
vssBWSHD6Zv,24.25.06,Official Music Highlights,Channel_908,11,2024-06-23T18:00:00.000Z,vlog|2024|review,34380,1193,190,98,https://i.ytimg.com/vi/2riZPhrmUgD/default.jpg,False,False,False,Auto-generated sample description for Music video.
4CHw4cpfHtL,24.05.03,Reacting to Comedy Trends,Channel_1213,4,2024-03-04T16:00:00.000Z,trending|review|live,419978,30593,851,7026,https://i.ytimg.com/vi/4d6xZ5cniJT/default.jpg,False,False,False,Auto-generated sample description for Comedy video.
MIgjSPGqvWs,24.11.08,Behind the Scenes: Music,Channel_1458,3,2024-08-11T18:00:00.000Z,2024|official|trending,248,4,1,1,https://i.ytimg.com/vi/mIEDig2LSOY/default.jpg,False,False,False,Auto-generated sample description for Music video.
sOJAVFVpblJ,24.13.12,Reacting to Entertainment Trends,Channel_4758,14,2024-12-13T02:00:00.000Z,trending|review|music,5501,347,26,37,https://i.ytimg.com/vi/kk8TjsvaQNL/default.jpg,False,False,False,Auto-generated sample description for Entertainment video.
M3uFih-hkha,24.21.08,Behind the Scenes: Entertainment,Channel_3473,14,2024-08-17T18:00:00.000Z,2024|review|live,39459,2758,356,469,https://i.ytimg.com/vi/BrBvaqbjBrc/default.jpg,False,False,False,Auto-generated sample description for Entertainment video.
XprVLfsSqrW,24.12.05,Entertainment Compilation 2024,Channel_711,14,2024-05-08T04:00:00.000Z,official|review|vlog,6402,88,47,26,https://i.ytimg.com/vi/z85oByKdfrE/default.jpg,False,False,False,Auto-generated sample description for Entertainment video.
RTjj7P8jFcg,24.02.12,Film & Animation Compilation 2024,Channel_3935,9,2024-12-02T05:00:00.000Z,2024|music|vlog,680,21,5,2,https://i.ytimg.com/vi/EH_E5_qH_Dz/default.jpg,False,False,False,Auto-generated sample description for Film & Animation video.
yIZT64utpeD,24.22.05,Music Compilation 2024,Channel_104,3,2024-05-18T11:00:00.000Z,music|trending|review,37263,1505,156,554,https://i.ytimg.com/vi/nuIGn7Q0Nb-/default.jpg,False,False,False,Auto-generated sample description for Music video.
xCEB0gnI7Vk,24.07.11,Reacting to Entertainment Trends,Channel_1482,14,2024-11-05T01:00:00.000Z,trending|2024|music,182714,13527,1767,2897,https://i.ytimg.com/vi/LFX6XD2cyVX/default.jpg,False,False,False,Auto-generated sample description for Entertainment video.
dl6pzodMUsN,24.25.03,Official Gaming Highlights,Channel_3964,6,2024-03-23T19:00:00.000Z,vlog|review|official,123185,4705,219,304,https://i.ytimg.com/vi/wHYhFZgh2Yk/default.jpg,False,False,False,Auto-generated sample description for Gaming video.
PryIuGOr6IR,24.28.11,Top 10 Music Moments This Week,Channel_1743,11,2024-11-26T09:00:00.000Z,vlog|music|review,24496,513,24,331,https://i.ytimg.com/vi/_aY2n4y2Z8Q/default.jpg,False,False,False,Auto-generated sample description for Music video.
7jeT17WxgNs,24.23.03,Reacting to Comedy Trends,Channel_2466,4,2024-03-21T12:00:00.000Z,music|vlog|review,2255,79,11,20,https://i.ytimg.com/vi/hZsi1w73iB7/default.jpg,False,False,False,Auto-generated sample description for Comedy video.
IuR0RNUmyYj,24.28.07,Top 10 Music Moments This Week,Channel_1625,11,2024-07-24T15:00:00.000Z,review|vlog|trending,11416,344,82,71,https://i.ytimg.com/vi/ze3dc_6MTSn/default.jpg,False,False,False,Auto-generated sample description for Music video.
DcoWvOwVbjA,24.17.06,Gaming Compilation 2024,Channel_367,16,2024-06-17T14:00:00.000Z,trending|review|official,6644,362,14,31,https://i.ytimg.com/vi/c9Z2NOGu9_f/default.jpg,False,False,False,Auto-generated sample description for Gaming video.
RlJJSlpK-R9,24.10.03,Music Compilation 2024,Channel_4670,11,2024-03-07T03:00:00.000Z,vlog|2024|review,8680,650,27,77,https://i.ytimg.com/vi/6FXFIoPvggS/default.jpg,False,False,False,Auto-generated sample description for Music video.
usPsxmeLX2L,24.29.11,Top 10 Entertainment Moments This Week,Channel_4776,14,2024-11-27T12:00:00.000Z,live|vlog|review,21313,558,42,67,https://i.ytimg.com/vi/2o6g0kpAsCX/default.jpg,False,True,False,Auto-generated sample description for Entertainment video.
cIWapxP_rqW,25.06.01,Comedy Compilation 2024,Channel_2393,7,2025-01-05T07:00:00.000Z,official|music|live,83184,2149,523,65,https://i.ytimg.com/vi/cCggzMmkJXF/default.jpg,False,False,False,Auto-generated sample description for Comedy video.
XLnRKLGNwWx,24.26.04,Behind the Scenes: Entertainment,Channel_114,14,2024-04-26T17:00:00.000Z,live|vlog|2024,47149,2187,439,612,https://i.ytimg.com/vi/GhihKxIucbM/default.jpg,False,False,False,Auto-generated sample description for Entertainment video.
R2hPgO2Le8O,24.07.07,Behind the Scenes: Comedy,Channel_4628,4,2024-07-07T04:00:00.000Z,vlog|official|2024,3676,280,33,63,https://i.ytimg.com/vi/ZBjojc2Ck2X/default.jpg,False,False,False,Auto-generated sample description for Comedy video.
h71WJr5_ORU,24.08.01,Why This Comedy Video Went Viral,Channel_3647,4,2024-01-04T03:00:00.000Z,2024|official|live,4639,325,14,31,https://i.ytimg.com/vi/mnkqgE3mmL3/default.jpg,False,False,False,"Auto-generated sample description for Comedy video.
Second line inside a quoted CSV field."
KCBH9o2qFFL,24.06.01,Reacting to People & Blogs Trends,Channel_53,8,2024-01-04T10:00:00.000Z,vlog|2024|official,101554,6566,575,343,https://i.ytimg.com/vi/HjgckcKqV3P/default.jpg,False,False,False,Auto-generated sample description for People & Blogs video.
ATJRt8MaHuQ,24.02.07,Official Music Highlights,Channel_87,11,2024-07-02T15:00:00.000Z,official|vlog|2024,38622,2123,186,401,https://i.ytimg.com/vi/QlM4gElFP5Z/default.jpg,False,True,False,Auto-generated sample description for Music video.
z0gwsML8RUD,24.12.03,Top 10 People & Blogs Moments This Week,Channel_4969,8,2024-03-12T15:00:00.000Z,music|live|official,40088,2468,88,73,https://i.ytimg.com/vi/x0ZZJOALWLp/default.jpg,False,False,False,Auto-generated sample description for People & Blogs video.
zPka8xA3GfI,24.04.04,Top 10 Comedy Moments This Week,Channel_3645,4,2024-04-04T19:00:00.000Z,live|2024|music,3918,191,20,67,https://i.ytimg.com/vi/1kcB6vgbXyk/default.jpg,False,False,False,Auto-generated sample description for Comedy video.
PlBqn3ZQmP9,24.13.10,Official Music Highlights,Channel_4247,11,2024-10-13T20:00:00.000Z,2024|vlog|live,2679,96,14,51,https://i.ytimg.com/vi/niTN5H-p1Z6/default.jpg,False,False,False,Auto-generated sample description for Music video.
6YRKKKJnOFy,24.09.01,Reacting to People & Blogs Trends,Channel_1631,8,2024-01-07T18:00:00.000Z,music|live|review,14418,672,81,29,https://i.ytimg.com/vi/qrBnvrSFmOJ/default.jpg,False,False,False,Auto-generated sample description for People & Blogs video.
rG4TIpEKqI_,24.10.11,Reacting to People & Blogs Trends,Channel_4056,8,2024-11-08T16:00:00.000Z,vlog|review|music,9518,200,94,132,https://i.ytimg.com/vi/e7CY5-PPWnR/default.jpg,False,False,False,Auto-generated sample description for People & Blogs video.
zIVMlVMPLRs,25.25.01,Reacting to Entertainment Trends,Channel_4886,14,2025-01-21T12:00:00.000Z,live|2024|music,91628,3608,594,1540,https://i.ytimg.com/vi/m7eEQlT5-2h/default.jpg,True,False,False,Auto-generated sample description for Entertainment video.
Eodgy8BRInE,24.01.11,Top 10 Entertainment Moments This Week,Channel_4432,14,2024-10-31T16:00:00.000Z,live|2024|vlog,209548,2417,563,381,https://i.ytimg.com/vi/uvN68EPF24M/default.jpg,False,False,False,Auto-generated sample description for Entertainment video.
zIfJGz4DI02,24.09.01,Behind the Scenes: Music,Channel_412,3,2024-01-07T17:00:00.000Z,vlog|2024|review,10818,793,48,12,https://i.ytimg.com/vi/Mnh_JKSkcAo/default.jpg,False,False,False,Auto-generated sample description for Music video.
3-APe2DKS68,24.24.01,Behind the Scenes: Entertainment,Channel_879,14,2024-01-22T07:00:00.000Z,official|live|review,181493,5007,150,406,https://i.ytimg.com/vi/zyDFVvaPD5C/default.jpg,False,False,False,Auto-generated sample description for Entertainment video.
Kp1gGg7pOC4,24.14.10,Why This Music Video Went Viral,Channel_3051,11,2024-10-11T09:00:00.000Z,live|trending|official,595957,14894,5818,3606,https://i.ytimg.com/vi/0BQyOU7BXh4/default.jpg,False,False,False,Auto-generated sample description for Music video.
rFlsiENvzQ9,24.17.09,Comedy Compilation 2024,Channel_1804,4,2024-09-14T07:00:00.000Z,review|official|2024,13741,236,72,39,https://i.ytimg.com/vi/WAenk3dlfow/default.jpg,False,False,False,Auto-generated sample description for Comedy video.
34oPHtP5ZQ1,24.24.02,Reacting to Entertainment Trends,Channel_3461,14,2024-02-21T10:00:00.000Z,2024|trending|live,139687,8790,678,1243,https://i.ytimg.com/vi/qLCuX7NTVxq/default.jpg,False,True,False,Auto-generated sample description for Entertainment video.
1ZRa5vi0YDJ,24.18.03,Reacting to Comedy Trends,Channel_1921,4,2024-03-14T18:00:00.000Z,review|trending|2024,19234,293,46,287,https://i.ytimg.com/vi/0lRKr6zMVbv/default.jpg,False,False,False,Auto-generated sample description for Comedy video.
TbOZy4n0qrn,24.08.10,Why This Education Video Went Viral,Channel_2089,10,2024-10-07T16:00:00.000Z,trending|2024|live,16013,542,114,112,https://i.ytimg.com/vi/-yDkj6CNzzS/default.jpg,False,False,False,Auto-generated sample description for Education video.
xd1US1CW23X,24.07.06,Why This Entertainment Video Went Viral,Channel_1463,14,2024-06-06T04:00:00.000Z,vlog|music|review,28207,617,170,114,https://i.ytimg.com/vi/BmlUZf2qrJ9/default.jpg,False,False,False,Auto-generated sample description for Entertainment video.
4g-qJnPBvu9,24.26.04,Why This Music Video Went Viral,Channel_1692,3,2024-04-23T06:00:00.000Z,review|2024|music,6047,457,9,74,https://i.ytimg.com/vi/5il5ogWmh1I/default.jpg,False,False,False,Auto-generated sample description for Music video.
wshP40_lgws,24.18.12,Behind the Scenes: Music,Channel_4602,11,2024-12-17T12:00:00.000Z,live|vlog|official,28095,1474,187,49,https://i.ytimg.com/vi/yfG9zp8Gj8O/default.jpg,False,False,False,Auto-generated sample description for Music video.
ZGK6QI2hsNr,24.26.09,Gaming Compilation 2024,Channel_3432,6,2024-09-22T17:00:00.000Z,music|vlog|trending,20288,1371,197,230,https://i.ytimg.com/vi/Vd0GNz9n9Yz/default.jpg,False,False,False,Auto-generated sample description for Gaming video.
QjH_MiXlpgk,25.18.01,Official Comedy Highlights,Channel_3469,7,2025-01-16T06:00:00.000Z,music|trending|vlog,21063,389,178,363,https://i.ytimg.com/vi/YwhETeFYI-Y/default.jpg,False,False,False,Auto-generated sample description for Comedy video.
BLfPqWZmqMd,25.04.02,Official Education Highlights,Channel_1190,10,2025-01-31T17:00:00.000Z,music|vlog|review,12095,226,42,220,https://i.ytimg.com/vi/UayDhPy-JTg/default.jpg,False,False,False,Auto-generated sample description for Education video.
lJeAUCBLL37,24.31.12,Reacting to Music Trends,Channel_417,11,2024-12-27T07:00:00.000Z,music|2024|live,116803,6714,852,555,https://i.ytimg.com/vi/z7qGzozwg2Q/default.jpg,False,False,False,Auto-generated sample description for Music video.
uy7jW9E7lcT,24.17.07,Reacting to Music Trends,Channel_1212,3,2024-07-15T18:00:00.000Z,review|vlog|live,73939,1291,560,936,https://i.ytimg.com/vi/nJWVX0tSIFH/default.jpg,False,False,False,Auto-generated sample description for Music video.
gXiI0bo0pDy,24.20.07,Music Compilation 2024,Channel_4467,11,2024-07-18T15:00:00.000Z,review|vlog|2024,73479,3457,276,65,https://i.ytimg.com/vi/7h5M23lG3ED/default.jpg,False,False,False,Auto-generated sample description for Music video.
wN0sDyfd5V0,24.25.04,Nonprofits & Activism Compilation 2024,Channel_3413,5,2024-04-24T08:00:00.000Z,live|2024|vlog,4858,284,11,23,https://i.ytimg.com/vi/G5xHEZMJk_Q/default.jpg,False,False,False,Auto-generated sample description for Nonprofits & Activism video.
1NDNSAQhpZf,24.04.07,Why This Comedy Video Went Viral,Channel_184,4,2024-07-01T03:00:00.000Z,live|review|official,5008,246,20,98,https://i.ytimg.com/vi/tx1DL8RhdSW/default.jpg,False,False,False,Auto-generated sample description for Comedy video.
ZJob8WPykKq,24.23.05,Why This Music Video Went Viral,Channel_2801,11,2024-05-19T20:00:00.000Z,vlog|music|review,4862,52,28,50,https://i.ytimg.com/vi/B4tHwSj5o6Z/default.jpg,False,False,False,Auto-generated sample description for Music video.
bymkQAnUr5-,25.02.01,Behind the Scenes: Gaming,Channel_4575,6,2024-12-30T08:00:00.000Z,vlog|review|2024,84789,4475,345,728,https://i.ytimg.com/vi/EYM0XKn7rIH/default.jpg,False,False,False,Auto-generated sample description for Gaming video.
jp4wGfmZ_v2,24.08.05,Reacting to Gaming Trends,Channel_4214,6,2024-05-05T10:00:00.000Z,music|live|vlog,774,17,6,9,https://i.ytimg.com/vi/CD6QV-EMxmE/default.jpg,False,False,False,Auto-generated sample description for Gaming video.
ggZZ_I4Pnae,24.20.01,Behind the Scenes: Education,Channel_4585,10,2024-01-17T10:00:00.000Z,official|trending|vlog,8249,554,38,117,https://i.ytimg.com/vi/EMc4IgWCo6n/default.jpg,False,False,False,Auto-generated sample description for Education video.
401Gq584Suo,24.06.07,Gaming Compilation 2024,Channel_3128,16,2024-07-04T01:00:00.000Z,trending|vlog|review,119232,6643,956,1884,https://i.ytimg.com/vi/m_OW3ZUaGP_/default.jpg,False,False,False,Auto-generated sample description for Gaming video.
iiUWD8CaVS3,24.30.06,Behind the Scenes: Entertainment,Channel_3721,14,2024-06-30T17:00:00.000Z,music|2024|live,19900,330,185,266,https://i.ytimg.com/vi/v1wzuRVAPpI/default.jpg,False,False,False,Auto-generated sample description for Entertainment video.
oLGkXcJec9R,24.14.10,Behind the Scenes: Music,Channel_3168,3,2024-10-14T11:00:00.000Z,vlog|review|trending,20994,467,168,259,https://i.ytimg.com/vi/vccTMRNy4vK/default.jpg,False,False,False,Auto-generated sample description for Music video.
rx9O6KfOc9_,24.06.01,People & Blogs Compilation 2024,Channel_345,8,2024-01-04T09:00:00.000Z,2024|vlog|trending,5897,221,34,16,https://i.ytimg.com/vi/jKQtUbT8JDr/default.jpg,False,True,False,Auto-generated sample description for People & Blogs video.
-i7p-97rgvw,25.16.01,Top 10 Music Moments This Week,Channel_1682,11,2025-01-12T03:00:00.000Z,trending|review|live,142294,1953,656,1863,https://i.ytimg.com/vi/nuFq-q7rbUN/default.jpg,False,False,False,Auto-generated sample description for Music video.
8BT4ez9vONO,24.28.10,Official Music Highlights,Channel_2551,11,2024-10-24T15:00:00.000Z,official|live|review,56825,992,396,375,https://i.ytimg.com/vi/KhToR1RBP_j/default.jpg,False,False,False,Auto-generated sample description for Music video.
8DFDlFjqdBv,24.07.10,Why This People & Blogs Video Went Viral,Channel_2881,8,2024-10-06T18:00:00.000Z,2024|live|official,14503,700,34,227,https://i.ytimg.com/vi/smTlj5DF8Mz/default.jpg,False,False,False,Auto-generated sample description for People & Blogs video.
HXO7p1OsrkX,24.23.10,Official Gaming Highlights,Channel_3671,16,2024-10-20T20:00:00.000Z,official|trending|music,19288,745,18,222,https://i.ytimg.com/vi/EK08NghlG1F/default.jpg,False,False,False,Auto-generated sample description for Gaming video.
dhv9XtanzVP,24.19.10,Top 10 Entertainment Moments This Week,Channel_4290,14,2024-10-15T13:00:00.000Z,trending|live|2024,24228,527,124,402,https://i.ytimg.com/vi/PgKIewRDEKB/default.jpg,False,False,False,Auto-generated sample description for Entertainment video.
w09bi2JVC-S,24.25.08,Official Gaming Highlights,Channel_233,6,2024-08-25T12:00:00.000Z,music|review|2024,63974,1514,225,1165,https://i.ytimg.com/vi/cXXQetyp12X/default.jpg,False,False,False,Auto-generated sample description for Gaming video.
Cll0QU6-bNL,24.18.12,Music Compilation 2024,Channel_4474,11,2024-12-18T10:00:00.000Z,review|live|trending,24795,857,220,277,https://i.ytimg.com/vi/pRmWVROyAmY/default.jpg,False,False,False,Auto-generated sample description for Music video.
nVI40Y0Cjzc,24.08.04,People & Blogs Compilation 2024,Channel_2989,8,2024-04-08T19:00:00.000Z,2024|live|trending,54619,2507,375,284,https://i.ytimg.com/vi/1mk98eoiUt8/default.jpg,False,False,True,Auto-generated sample description for People & Blogs video.
Chy0rSdMcGK,24.10.04,Music Compilation 2024,Channel_2399,11,2024-04-09T06:00:00.000Z,live|2024|trending,3046,226,23,39,https://i.ytimg.com/vi/bvQtt2a8AE5/default.jpg,False,False,False,Auto-generated sample description for Music video.
VBb9fG39FtK,25.04.01,Official Music Highlights,Channel_675,3,2025-01-03T00:00:00.000Z,review|live|official,236580,5732,442,4666,https://i.ytimg.com/vi/LQzhmUw-lxs/default.jpg,False,False,False,Auto-generated sample description for Music video.
ayQxSM5maCD,24.14.04,Top 10 Music Moments This Week,Channel_4368,3,2024-04-14T15:00:00.000Z,music|2024|live,6113,139,31,67,https://i.ytimg.com/vi/HagQ3iiofE1/default.jpg,False,False,False,Auto-generated sample description for Music video.
ahAMS-BfXg9,24.30.11,People & Blogs Compilation 2024,Channel_1998,8,2024-11-27T18:00:00.000Z,trending|music|official,718,27,2,10,https://i.ytimg.com/vi/Drj3RL8PyGy/default.jpg,False,False,False,Auto-generated sample description for People & Blogs video.
0rnttlK1e2j,24.15.09,Reacting to Music Trends,Channel_3208,11,2024-09-11T04:00:00.000Z,2024|live|official,55210,3829,83,318,https://i.ytimg.com/vi/rFWlHt54bwj/default.jpg,False,False,False,Auto-generated sample description for Music video.
RdJ8lnuNG30,24.27.11,Official Music Highlights,Channel_1618,3,2024-11-26T15:00:00.000Z,vlog|2024|trending,131796,2408,193,1432,https://i.ytimg.com/vi/iqfjNXl9Rpg/default.jpg,False,False,False,Auto-generated sample description for Music video.
cGm4XBAIJf-,25.13.01,Why This Film & Animation Video Went Viral,Channel_2188,9,2025-01-10T12:00:00.000Z,music|live|vlog,4897,334,23,62,https://i.ytimg.com/vi/wHwew7gTee5/default.jpg,False,False,False,Auto-generated sample description for Film & Animation video.
cifl8Dt3QEp,24.20.03,Music Compilation 2024,Channel_1889,11,2024-03-20T19:00:00.000Z,vlog|official|2024,46911,3639,273,882,https://i.ytimg.com/vi/zX6nyjmNsiy/default.jpg,False,False,False,Auto-generated sample description for Music video.
ULzc6NnUeli,24.24.01,Top 10 People & Blogs Moments This Week,Channel_3751,8,2024-01-20T12:00:00.000Z,review|trending|2024,9519,197,45,140,https://i.ytimg.com/vi/Q2zz_XgmvxO/default.jpg,False,True,False,Auto-generated sample description for People & Blogs video.
yktfJOy82hx,24.03.11,Entertainment Compilation 2024,Channel_3657,14,2024-11-01T11:00:00.000Z,review|2024|vlog,305287,18023,253,4009,https://i.ytimg.com/vi/mAuCSN1tA0y/default.jpg,False,False,False,Auto-generated sample description for Entertainment video.
EM7Je_dH6zL,24.28.01,Behind the Scenes: Entertainment,Channel_296,14,2024-01-26T20:00:00.000Z,music|review|trending,370610,25722,2443,6486,https://i.ytimg.com/vi/LG4jsfUJPfJ/default.jpg,False,False,False,Auto-generated sample description for Entertainment video.
mFYvocgo7UR,24.21.12,Behind the Scenes: Entertainment,Channel_2266,14,2024-12-21T08:00:00.000Z,review|2024|official,33961,2184,137,382,https://i.ytimg.com/vi/XrCg6YTr6ws/default.jpg,False,True,False,Auto-generated sample description for Entertainment video.
yl0Qm1Kv8ak,24.03.03,Comedy Compilation 2024,Channel_3275,4,2024-02-29T06:00:00.000Z,vlog|live|official,30062,1619,213,234,https://i.ytimg.com/vi/Oq4-MXSAupV/default.jpg,False,False,False,Auto-generated sample description for Comedy video.
Dpw4rXmZZ6P,24.05.01,Why This Entertainment Video Went Viral,Channel_1987,14,2024-01-01T15:00:00.000Z,live|music|review,10330,439,76,84,https://i.ytimg.com/vi/NrRxe46IVev/default.jpg,False,False,False,Auto-generated sample description for Entertainment video.
i-D-EemaYAn,24.12.07,Official Comedy Highlights,Channel_1660,4,2024-07-08T14:00:00.000Z,music|vlog|2024,42848,550,88,127,https://i.ytimg.com/vi/_juiisFQ_Uk/default.jpg,False,False,False,Auto-generated sample description for Comedy video.
NEAbnxjv46g,24.06.08,Music Compilation 2024,Channel_2520,3,2024-08-05T10:00:00.000Z,review|vlog|official,189377,7536,1676,824,https://i.ytimg.com/vi/dEBeljC4GXg/default.jpg,False,False,False,Auto-generated sample description for Music video.
7EKrTCZYFAr,24.20.11,Why This Science & Technology Video Went Viral,Channel_2036,12,2024-11-18T04:00:00.000Z,trending|music|review,8974,407,43,78,https://i.ytimg.com/vi/d9-4Iukx_s0/default.jpg,False,False,False,Auto-generated sample description for Science & Technology video.
6RUP-EFLsDC,24.24.06,Reacting to Entertainment Trends,Channel_2486,14,2024-06-21T14:00:00.000Z,music|official|review,11234,338,42,74,https://i.ytimg.com/vi/-aue_hn5OWP/default.jpg,False,False,False,Auto-generated sample description for Entertainment video.
Tu8seTG0c_c,24.11.06,Behind the Scenes: Music,Channel_1678,3,2024-06-07T13:00:00.000Z,vlog|trending|official,157946,8714,551,1101,https://i.ytimg.com/vi/dK9bHTg65wc/default.jpg,True,False,False,Auto-generated sample description for Music video.
9Nkmm7yIL9y,24.23.07,Top 10 Entertainment Moments This Week,Channel_4344,14,2024-07-19T06:00:00.000Z,live|music|official,33514,2670,248,538,https://i.ytimg.com/vi/GZB8AUcdoSG/default.jpg,False,False,False,Auto-generated sample description for Entertainment video.
hlMVN5HlOTK,24.20.04,Official Film & Animation Highlights,Channel_3505,9,2024-04-19T04:00:00.000Z,live|2024|music,39911,2094,33,252,https://i.ytimg.com/vi/1f_gjuvZcw8/default.jpg,False,False,False,Auto-generated sample description for Film & Animation video.
m1Az3Fyhv0B,24.07.04,Official People & Blogs Highlights,Channel_4540,8,2024-04-06T20:00:00.000Z,review|vlog|2024,6213,441,51,117,https://i.ytimg.com/vi/IxRnOZVQy17/default.jpg,False,False,False,Auto-generated sample description for People & Blogs video.
H38nKX0fBaT,24.09.12,Why This Music Video Went Viral,Channel_2342,3,2024-12-06T20:00:00.000Z,music|live|official,94470,1462,880,72,https://i.ytimg.com/vi/r7ENxXGNe8F/default.jpg,False,False,False,Auto-generated sample description for Music video.
045lZqNqWjK,24.17.10,Behind the Scenes: Music,Channel_888,3,2024-10-17T21:00:00.000Z,official|music|vlog,68362,1829,171,722,https://i.ytimg.com/vi/BnnuUOrbxs5/default.jpg,False,False,False,Auto-generated sample description for Music video.
ffuwxAyT2eQ,24.13.01,Official Entertainment Highlights,Channel_3223,14,2024-01-11T21:00:00.000Z,review|2024|vlog,126186,5925,686,1426,https://i.ytimg.com/vi/5qUl2418vzB/default.jpg,False,False,False,Auto-generated sample description for Entertainment video.
BqVCPc7sA4z,24.28.07,Reacting to Music Trends,Channel_4606,3,2024-07-27T17:00:00.000Z,trending|review|2024,22880,1207,75,235,https://i.ytimg.com/vi/hN0pMDYEF9R/default.jpg,False,False,False,Auto-generated sample description for Music video.
jlqmo-A97xR,24.05.04,Why This Education Video Went Viral,Channel_880,10,2024-04-03T05:00:00.000Z,trending|2024|vlog,15874,580,100,284,https://i.ytimg.com/vi/iXgz4MgWKia/default.jpg,False,False,False,Auto-generated sample description for Education video.
sf2Ah37ep7W,24.17.07,Behind the Scenes: Gaming,Channel_2483,16,2024-07-14T14:00:00.000Z,official|live|music,1879,31,17,11,https://i.ytimg.com/vi/w1QyMWQmSMp/default.jpg,False,False,False,Auto-generated sample description for Gaming video.
HNEdMokoGFo,24.10.06,Official Entertainment Highlights,Channel_968,14,2024-06-09T00:00:00.000Z,official|review|2024,285738,22248,1721,480,https://i.ytimg.com/vi/miNe_-LcJY5/default.jpg,False,False,False,Auto-generated sample description for Entertainment video.
Tk55KXe_PAC,24.15.07,Behind the Scenes: Music,Channel_80,11,2024-07-13T16:00:00.000Z,trending|music|live,16862,976,168,60,https://i.ytimg.com/vi/tyYeWFbuAld/default.jpg,False,False,False,Auto-generated sample description for Music video.
SFwZ2E-ag9d,24.12.09,Music Compilation 2024,Channel_439,11,2024-09-10T05:00:00.000Z,official|2024|live,3848,89,9,52,https://i.ytimg.com/vi/Bu5856wYuxj/default.jpg,False,False,False,Auto-generated sample description for Music video.
-fECtC6zsDj,24.16.02,Why This Comedy Video Went Viral,Channel_3794,7,2024-02-16T05:00:00.000Z,official|vlog|2024,4427,275,3,50,https://i.ytimg.com/vi/9q6bPKl1KIB/default.jpg,False,False,False,Auto-generated sample description for Comedy video.
DaM9-DGDFRR,25.02.01,Why This Entertainment Video Went Viral,Channel_3492,14,2024-12-29T07:00:00.000Z,2024|music|official,137951,1973,350,215,https://i.ytimg.com/vi/INDI-4fGUU7/default.jpg,False,False,False,Auto-generated sample description for Entertainment video.
PcWwZT9V6W-,24.26.08,Music Compilation 2024,Channel_2195,11,2024-08-26T05:00:00.000Z,official|music|vlog,28631,1353,39,22,https://i.ytimg.com/vi/0sEdmkQuKUU/default.jpg,False,False,False,Auto-generated sample description for Music video.
qCc3OtgFSTw,24.30.01,Official Music Highlights,Channel_541,3,2024-01-30T22:00:00.000Z,music|vlog|2024,82279,2548,445,982,https://i.ytimg.com/vi/Hm4jyJDR_s8/default.jpg,False,False,False,Auto-generated sample description for Music video.
Sk1G717EeuW,24.19.12,Official Music Highlights,Channel_2643,3,2024-12-16T12:00:00.000Z,live|vlog|music,82057,5536,68,1142,https://i.ytimg.com/vi/HO-ETfxTC9r/default.jpg,False,False,False,Auto-generated sample description for Music video.
PiyeUrXSoN_,24.13.03,Why This Entertainment Video Went Viral,Channel_4032,14,2024-03-12T16:00:00.000Z,review|vlog|music,183849,3661,1400,1934,https://i.ytimg.com/vi/dV0g06Z4urE/default.jpg,False,False,False,Auto-generated sample description for Entertainment video.
h5DV3Sdnn0n,24.24.08,Top 10 Education Moments This Week,Channel_4397,10,2024-08-24T00:00:00.000Z,live|official|vlog,1067,71,6,14,https://i.ytimg.com/vi/0r5u1WpgZBV/default.jpg,False,False,False,Auto-generated sample description for Education video.
xM30C_PzZNO,24.05.05,Behind the Scenes: Gaming,Channel_918,16,2024-05-03T07:00:00.000Z,2024|vlog|official,10671,633,35,47,https://i.ytimg.com/vi/7QnW9XlNkIk/default.jpg,False,False,False,Auto-generated sample description for Gaming video.
tqWtY3e3mbW,24.30.08,Behind the Scenes: Entertainment,Channel_1100,14,2024-08-28T05:00:00.000Z,live|2024|review,4570,272,9,78,https://i.ytimg.com/vi/GXNn2U5w1Fc/default.jpg,False,False,False,Auto-generated sample description for Entertainment video.
P-ncthgzPam,24.15.09,Reacting to Music Trends,Channel_4947,11,2024-09-11T15:00:00.000Z,official|2024|vlog,16610,529,120,70,https://i.ytimg.com/vi/fNwiaJ8HlzG/default.jpg,False,False,False,Auto-generated sample description for Music video.
KoKHDnG9hAS,24.05.06,Reacting to Gaming Trends,Channel_4538,16,2024-06-05T22:00:00.000Z,live|trending|review,32671,1690,222,614,https://i.ytimg.com/vi/2zz1G5E2MmT/default.jpg,False,False,False,Auto-generated sample description for Gaming video.
T1dLIOZZVp_,24.20.02,Top 10 Autos & Vehicles Moments This Week,Channel_3533,1,2024-02-16T21:00:00.000Z,2024|vlog|music,10327,802,62,145,https://i.ytimg.com/vi/uk8f_wVSvh7/default.jpg,False,False,False,Auto-generated sample description for Autos & Vehicles video.
95uBY7zbSYR,24.22.11,Comedy Compilation 2024,Channel_269,7,2024-11-19T02:00:00.000Z,trending|2024|music,13014,802,90,166,https://i.ytimg.com/vi/mdg7jWLspC8/default.jpg,False,False,False,Auto-generated sample description for Comedy video.
SDTD2z9WTCN,24.19.02,Why This Music Video Went Viral,Channel_2888,3,2024-02-15T21:00:00.000Z,review|official|music,194107,15002,284,2367,https://i.ytimg.com/vi/2uWjD2bHiIH/default.jpg,False,False,False,Auto-generated sample description for Music video.
FX2og-pyZPc,24.31.12,Music Compilation 2024,Channel_4510,3,2024-12-30T10:00:00.000Z,2024|vlog|review,33773,2080,279,478,https://i.ytimg.com/vi/Z_9QcNJLCk0/default.jpg,False,False,False,Auto-generated sample description for Music video.
i1ppd1C1guH,24.15.07,Why This Film & Animation Video Went Viral,Channel_4117,9,2024-07-14T18:00:00.000Z,official|review|music,7325,365,38,127,https://i.ytimg.com/vi/8dehExUf5qk/default.jpg,False,False,False,Auto-generated sample description for Film & Animation video.
BlgPXQ8m-w_,24.22.12,Official Entertainment Highlights,Channel_413,14,2024-12-21T06:00:00.000Z,2024|music|vlog,85242,3179,59,624,https://i.ytimg.com/vi/7ZDGWMmo8Mj/default.jpg,False,False,False,Auto-generated sample description for Entertainment video.
hRcpPHu9GNv,24.10.02,Why This Music Video Went Viral,Channel_1600,11,2024-02-08T09:00:00.000Z,live|2024|vlog,145126,1539,568,1795,https://i.ytimg.com/vi/HoL7VWf8V_U/default.jpg,False,False,False,Auto-generated sample description for Music video.
3bDQwQX9gNa,24.25.12,Official Comedy Highlights,Channel_1234,4,2024-12-23T15:00:00.000Z,review|vlog|trending,327274,7517,2223,6435,https://i.ytimg.com/vi/2dphMWjLT4_/default.jpg,False,False,False,Auto-generated sample description for Comedy video.
4Z5mR5_WuGk,24.13.04,Official Gaming Highlights,Channel_1108,16,2024-04-09T01:00:00.000Z,live|2024|official,7332,201,66,32,https://i.ytimg.com/vi/5_orS4ws7FF/default.jpg,False,False,False,Auto-generated sample description for Gaming video.
qN1rHLJ-GoN,24.09.09,Why This Music Video Went Viral,Channel_1313,11,2024-09-05T22:00:00.000Z,official|music|trending,605599,14536,4843,7469,https://i.ytimg.com/vi/weiMtEh7-BY/default.jpg,False,False,False,Auto-generated sample description for Music video.
tTtdh85X32o,24.27.06,Reacting to Comedy Trends,Channel_2783,7,2024-06-27T12:00:00.000Z,live|music|review,14673,703,130,47,https://i.ytimg.com/vi/BPfYUc4HW5E/default.jpg,False,False,False,Auto-generated sample description for Comedy video.
aVZGZpkq0yF,24.01.08,Reacting to Music Trends,Channel_2616,11,2024-07-30T09:00:00.000Z,music|trending|live,48088,3107,409,563,https://i.ytimg.com/vi/tmSRAY6dkAt/default.jpg,False,False,False,Auto-generated sample description for Music video.
1ctxMPTCzKe,24.06.10,Reacting to Music Trends,Channel_71,3,2024-10-03T08:00:00.000Z,live|music|2024,14798,860,42,87,https://i.ytimg.com/vi/NlfPX02waDj/default.jpg,False,False,False,Auto-generated sample description for Music video.
LLddcEWIabZ,24.01.07,Behind the Scenes: Education,Channel_2961,10,2024-07-01T15:00:00.000Z,trending|official|2024,30865,891,129,325,https://i.ytimg.com/vi/HEqjQAybT74/default.jpg,False,False,False,Auto-generated sample description for Education video.
4B-IiZOQCmR,24.12.02,Reacting to Comedy Trends,Channel_1655,4,2024-02-08T11:00:00.000Z,official|review|music,5266,63,41,39,https://i.ytimg.com/vi/4_lPqeLptbY/default.jpg,False,False,False,Auto-generated sample description for Comedy video.
6sc7jKsNpCM,24.12.03,Entertainment Compilation 2024,Channel_69,14,2024-03-09T12:00:00.000Z,official|trending|music,21474,802,23,64,https://i.ytimg.com/vi/h3sSZxwp6BY/default.jpg,False,False,False,Auto-generated sample description for Entertainment video.
bKaK6QS5xxV,24.26.01,Reacting to Music Trends,Channel_925,11,2024-01-24T22:00:00.000Z,review|music|2024,1159,35,6,22,https://i.ytimg.com/vi/zJNf6HiTJnJ/default.jpg,False,False,False,Auto-generated sample description for Music video.
tLoZ7qfjj-t,24.23.02,Reacting to Entertainment Trends,Channel_1763,14,2024-02-19T18:00:00.000Z,trending|official|live,3571,121,9,47,https://i.ytimg.com/vi/Q9v6yC4LAKK/default.jpg,False,True,False,Auto-generated sample description for Entertainment video.
yJlWQTSWUGo,24.17.08,Music Compilation 2024,Channel_541,3,2024-08-16T05:00:00.000Z,live|2024|music,68935,4114,332,555,https://i.ytimg.com/vi/9_kCA3Rflcu/default.jpg,False,False,False,Auto-generated sample description for Music video.
up7q_UH3QiN,24.03.07,Top 10 Music Moments This Week,Channel_2883,3,2024-06-29T19:00:00.000Z,vlog|review|2024,10811,687,61,200,https://i.ytimg.com/vi/Or0Lo6oXW0r/default.jpg,False,False,False,Auto-generated sample description for Music video.
ttE8L-gc9k5,24.15.10,Comedy Compilation 2024,Channel_162,4,2024-10-13T02:00:00.000Z,trending|live|2024,2023,28,1,39,https://i.ytimg.com/vi/oqStpFRMkDt/default.jpg,False,False,False,Auto-generated sample description for Comedy video.
F3xwB7rm0KF,24.18.11,Entertainment Compilation 2024,Channel_272,14,2024-11-18T07:00:00.000Z,official|live|trending,42335,2636,266,648,https://i.ytimg.com/vi/bhF8H5eRaSf/default.jpg,False,False,False,Auto-generated sample description for Entertainment video.
T17KdkFtuvq,24.11.10,Reacting to Gaming Trends,Channel_1660,16,2024-10-10T17:00:00.000Z,official|review|vlog,71955,4792,691,36,https://i.ytimg.com/vi/JUEMEWK-RLV/default.jpg,False,False,False,Auto-generated sample description for Gaming video.
0mD8-pNfc6K,24.09.01,Top 10 Entertainment Moments This Week,Channel_2360,14,2024-01-05T03:00:00.000Z,vlog|official|trending,63530,3269,84,1155,https://i.ytimg.com/vi/fLQ8jjtW_A9/default.jpg,False,False,False,Auto-generated sample description for Entertainment video.
vPZOINjgL2e,24.10.10,Official People & Blogs Highlights,Channel_1821,8,2024-10-08T02:00:00.000Z,live|2024|music,19217,1496,14,239,https://i.ytimg.com/vi/CZy3VideOqu/default.jpg,False,False,False,Auto-generated sample description for People & Blogs video.
nUwtx-pztEk,24.22.07,Reacting to Music Trends,Channel_3281,11,2024-07-19T22:00:00.000Z,trending|official|vlog,50026,2974,69,368,https://i.ytimg.com/vi/6VnY8WXlIFZ/default.jpg,False,False,False,Auto-generated sample description for Music video.
VfxwWAwNMqf,24.04.01,Comedy Compilation 2024,Channel_831,4,2024-01-01T16:00:00.000Z,trending|vlog|live,483646,5091,4327,7994,https://i.ytimg.com/vi/x9I14L4kZuV/default.jpg,False,False,False,Auto-generated sample description for Comedy video.
JIxUnz5btXu,25.12.01,Reacting to Music Trends,Channel_3734,11,2025-01-08T16:00:00.000Z,live|official|2024,66386,1733,317,162,https://i.ytimg.com/vi/70oIHI4YU3Y/default.jpg,False,False,False,Auto-generated sample description for Music video.
TMfT4neURgf,24.10.09,Reacting to Gaming Trends,Channel_1088,16,2024-09-09T22:00:00.000Z,trending|vlog|live,2524,115,7,30,https://i.ytimg.com/vi/ZOHop7f-A7g/default.jpg,False,False,False,Auto-generated sample description for Gaming video.
3PZGTGWYjQb,24.16.06,Why This Music Video Went Viral,Channel_4787,3,2024-06-13T17:00:00.000Z,vlog|trending|live,21885,1556,108,119,https://i.ytimg.com/vi/vyzU6F46Fxy/default.jpg,False,False,False,Auto-generated sample description for Music video.
f2611aOxGR1,24.07.02,Top 10 Music Moments This Week,Channel_477,3,2024-02-05T09:00:00.000Z,2024|live|vlog,14159,1067,85,139,https://i.ytimg.com/vi/JFAsaV2Eb7v/default.jpg,False,False,False,Auto-generated sample description for Music video.
6YucXWqknoc,24.03.03,Top 10 Comedy Moments This Week,Channel_1935,7,2024-03-01T14:00:00.000Z,live|vlog|2024,44841,3354,266,824,https://i.ytimg.com/vi/ZUfcHl858t6/default.jpg,False,False,False,Auto-generated sample description for Comedy video.
4LSCfYerJhE,24.16.05,Official Entertainment Highlights,Channel_2817,14,2024-05-15T04:00:00.000Z,official|2024|live,8657,275,68,6,https://i.ytimg.com/vi/qKfB8EtthCn/default.jpg,False,False,False,Auto-generated sample description for Entertainment video.
aJ8b1RShWk0,24.19.05,Top 10 Music Moments This Week,Channel_718,11,2024-05-16T03:00:00.000Z,vlog|review|official,53982,3073,87,81,https://i.ytimg.com/vi/R4LlAWCEt8m/default.jpg,False,False,False,Auto-generated sample description for Music video.
5LQ_FZs1Bri,24.13.08,Music Compilation 2024,Channel_1769,11,2024-08-12T20:00:00.000Z,review|music|live,56064,2659,531,913,https://i.ytimg.com/vi/gcVctB-x39R/default.jpg,False,False,False,Auto-generated sample description for Music video.
4UAVTkuumXZ,24.08.03,Behind the Scenes: Music,Channel_1419,11,2024-03-05T09:00:00.000Z,review|live|trending,16227,737,30,281,https://i.ytimg.com/vi/ok3Ene9Tyu1/default.jpg,False,False,False,Auto-generated sample description for Music video.
2lzpPzo9wVq,24.07.01,Reacting to Music Trends,Channel_2844,3,2024-01-03T02:00:00.000Z,music|review|vlog,14197,433,71,260,https://i.ytimg.com/vi/g6Y4Baoo4xo/default.jpg,False,False,False,Auto-generated sample description for Music video.
HH802fUnW_Y,24.05.09,Music Compilation 2024,Channel_4916,11,2024-09-03T00:00:00.000Z,official|vlog|review,126414,9318,488,863,https://i.ytimg.com/vi/vt8kNT-BOvD/default.jpg,False,False,False,Auto-generated sample description for Music video.
7HVBW_5uRr6,24.07.12,Gaming Compilation 2024,Channel_3513,16,2024-12-04T08:00:00.000Z,review|trending|2024,38519,463,58,303,https://i.ytimg.com/vi/vfO0VAmZoqf/default.jpg,False,False,False,Auto-generated sample description for Gaming video.
wb6zRyi5kF5,24.10.02,Why This Music Video Went Viral,Channel_1802,3,2024-02-08T22:00:00.000Z,official|2024|music,35190,1632,202,416,https://i.ytimg.com/vi/UwClmCTebHA/default.jpg,False,False,False,Auto-generated sample description for Music video.
ECNQOTxiyMI,24.08.03,Behind the Scenes: Film & Animation,Channel_4297,9,2024-03-07T12:00:00.000Z,official|vlog|music,7432,317,9,127,https://i.ytimg.com/vi/gJE14xlkdjS/default.jpg,False,False,False,Auto-generated sample description for Film & Animation video.
0gtfwAhDZAX,24.03.05,Top 10 Entertainment Moments This Week,Channel_2401,14,2024-05-03T10:00:00.000Z,2024|trending|review,14503,1082,110,39,https://i.ytimg.com/vi/piYuqYi9eHC/default.jpg,False,False,False,Auto-generated sample description for Entertainment video.
2mnfJl6iO7R,25.11.01,Nonprofits & Activism Compilation 2024,Channel_789,5,2025-01-09T06:00:00.000Z,review|music|official,1064,76,9,8,https://i.ytimg.com/vi/AcMvOhCyT_v/default.jpg,False,False,False,Auto-generated sample description for Nonprofits & Activism video.
-GrSwchPgsd,24.19.05,Reacting to Music Trends,Channel_41,3,2024-05-15T09:00:00.000Z,vlog|2024|live,6116,430,7,29,https://i.ytimg.com/vi/24cEX6WxM7v/default.jpg,False,False,False,Auto-generated sample description for Music video.
NXchYcKBjb2,24.04.08,Why This Education Video Went Viral,Channel_3654,10,2024-08-03T15:00:00.000Z,official|vlog|live,5355,414,6,87,https://i.ytimg.com/vi/G8nCAjWM0aB/default.jpg,False,False,False,Auto-generated sample description for Education video.
GPCIoRVtjoM,24.06.05,Music Compilation 2024,Channel_3076,3,2024-05-03T08:00:00.000Z,trending|review|official,110922,2109,203,1634,https://i.ytimg.com/vi/6XrCtMPuYbh/default.jpg,False,False,False,Auto-generated sample description for Music video.
mBuw3CkZcSu,24.16.02,Behind the Scenes: Music,Channel_4845,11,2024-02-12T01:00:00.000Z,live|trending|official,63405,4353,265,698,https://i.ytimg.com/vi/uo1B877nKcy/default.jpg,False,False,False,Auto-generated sample description for Music video.
9R269sP6QTT,24.11.11,Why This Entertainment Video Went Viral,Channel_3768,14,2024-11-11T15:00:00.000Z,official|live|vlog,98916,4332,67,686,https://i.ytimg.com/vi/gHnyxYOSjFK/default.jpg,False,False,False,Auto-generated sample description for Entertainment video.
4VAXgseSsb4,24.05.11,Why This Comedy Video Went Viral,Channel_1118,7,2024-11-05T06:00:00.000Z,vlog|review|official,1256,69,5,1,https://i.ytimg.com/vi/GANbqDJWAwB/default.jpg,False,False,False,Auto-generated sample description for Comedy video.
jan26kzyq2Q,24.06.06,Top 10 Film & Animation Moments This Week,Channel_4243,9,2024-06-02T11:00:00.000Z,vlog|official|trending,8908,493,26,100,https://i.ytimg.com/vi/xGMIA7TS3e-/default.jpg,True,False,False,Auto-generated sample description for Film & Animation video.
eW1qFINNeW1,24.15.07,Why This Music Video Went Viral,Channel_4974,11,2024-07-11T01:00:00.000Z,music|official|vlog,59439,727,373,214,https://i.ytimg.com/vi/dSxEovR4vjL/default.jpg,False,False,False,Auto-generated sample description for Music video.
xq95JlFcjnI,25.10.01,Why This Music Video Went Viral,Channel_4370,11,2025-01-06T14:00:00.000Z,trending|music|vlog,15836,978,105,173,https://i.ytimg.com/vi/r1KjKunvAM6/default.jpg,False,False,False,Auto-generated sample description for Music video.
Y72moTKAfFJ,24.19.11,Why This Entertainment Video Went Viral,Channel_888,14,2024-11-15T11:00:00.000Z,2024|music|review,859267,50976,858,9270,https://i.ytimg.com/vi/ckHxClaVZi-/default.jpg,False,False,False,Auto-generated sample description for Entertainment video.
4GnbnsWV8dn,24.11.01,Why This Music Video Went Viral,Channel_4806,11,2024-01-07T22:00:00.000Z,review|trending|official,74493,4655,124,310,https://i.ytimg.com/vi/t9iGWl1JWsq/default.jpg,False,False,False,Auto-generated sample description for Music video.
B6dMgnO32MH,24.13.11,Why This Entertainment Video Went Viral,Channel_1571,14,2024-11-09T04:00:00.000Z,live|vlog|trending,8350,246,49,132,https://i.ytimg.com/vi/pfDnTCT5F-N/default.jpg,False,True,False,Auto-generated sample description for Entertainment video.
B5QLS6qeUJ7,24.22.10,Why This Music Video Went Viral,Channel_1380,11,2024-10-20T02:00:00.000Z,live|music|vlog,52961,1809,311,826,https://i.ytimg.com/vi/O-GBMb3EWEv/default.jpg,False,False,False,Auto-generated sample description for Music video.
P2w_b9jfqAn,24.08.01,Comedy Compilation 2024,Channel_2667,4,2024-01-07T07:00:00.000Z,trending|review|live,46190,3035,114,82,https://i.ytimg.com/vi/WTIOkRQy0WS/default.jpg,False,False,False,Auto-generated sample description for Comedy video.
yYHICu093DR,24.05.01,Comedy Compilation 2024,Channel_4883,4,2024-01-01T12:00:00.000Z,music|review|official,41651,725,184,36,https://i.ytimg.com/vi/O48Gumciowo/default.jpg,False,False,False,Auto-generated sample description for Comedy video.
F4eXdKWFB0C,24.02.06,Reacting to Entertainment Trends,Channel_3322,14,2024-06-02T19:00:00.000Z,trending|live|review,160863,4642,938,2743,https://i.ytimg.com/vi/ieXpojd3IaM/default.jpg,False,False,False,Auto-generated sample description for Entertainment video.
dd1HAoOZc8j,24.18.10,Entertainment Compilation 2024,Channel_1975,14,2024-10-16T00:00:00.000Z,live|trending|review,59550,2792,420,186,https://i.ytimg.com/vi/gmys20FENg3/default.jpg,False,False,False,Auto-generated sample description for Entertainment video.
UKhTM5anl1R,24.04.07,Official Comedy Highlights,Channel_1627,4,2024-07-02T15:00:00.000Z,trending|official|live,4517,219,30,61,https://i.ytimg.com/vi/ejpc0gIwq1H/default.jpg,False,False,False,Auto-generated sample description for Comedy video.
ZlQOOUGYDrR,24.20.10,Official Music Highlights,Channel_1443,3,2024-10-19T17:00:00.000Z,trending|official|2024,458859,16440,4532,2983,https://i.ytimg.com/vi/zi4_8hYo_2t/default.jpg,False,False,False,Auto-generated sample description for Music video.
rBB5K0MLsjT,24.13.09,Why This Comedy Video Went Viral,Channel_4824,7,2024-09-09T16:00:00.000Z,music|live|vlog,47169,1595,118,931,https://i.ytimg.com/vi/k5uftbPhGkZ/default.jpg,False,False,False,Auto-generated sample description for Comedy video.
1Hb8XMn-zIf,24.07.01,Behind the Scenes: Entertainment,Channel_3567,14,2024-01-03T06:00:00.000Z,review|official|music,20342,1258,61,75,https://i.ytimg.com/vi/YL629sJsd30/default.jpg,False,False,False,Auto-generated sample description for Entertainment video.
N1elBYqW578,24.16.05,Entertainment Compilation 2024,Channel_2682,14,2024-05-16T15:00:00.000Z,live|review|trending,35017,2497,59,178,https://i.ytimg.com/vi/lX25deES80C/default.jpg,False,False,False,Auto-generated sample description for Entertainment video.
XVHg8GB0sXo,24.03.05,Top 10 Music Moments This Week,Channel_1001,3,2024-05-02T07:00:00.000Z,music|trending|review,250238,16413,1982,1018,https://i.ytimg.com/vi/HXjeF9Bd46M/default.jpg,False,False,False,Auto-generated sample description for Music video.
lvXiHH5p8uB,24.29.02,Official Music Highlights,Channel_1108,3,2024-02-29T01:00:00.000Z,music|official|2024,83761,4339,435,54,https://i.ytimg.com/vi/LBhkyi9DVnY/default.jpg,False,False,False,Auto-generated sample description for Music video.
zKLU30uUWEZ,24.23.05,Official Music Highlights,Channel_4718,3,2024-05-20T15:00:00.000Z,trending|official|live,694649,26678,1066,13375,https://i.ytimg.com/vi/-Hgtd46LPDx/default.jpg,False,False,False,Auto-generated sample description for Music video.
knWMA8zGU8I,24.28.08,Reacting to Travel & Events Trends,Channel_4257,13,2024-08-25T16:00:00.000Z,2024|music|trending,1175,80,9,17,https://i.ytimg.com/vi/kCx3ZkpXz9A/default.jpg,False,False,False,Auto-generated sample description for Travel & Events video.
WoXT5mdA0nQ,24.14.12,Official Education Highlights,Channel_688,10,2024-12-12T10:00:00.000Z,vlog|official|trending,140749,6233,822,2589,https://i.ytimg.com/vi/wgLvlGocQfO/default.jpg,False,False,False,Auto-generated sample description for Education video.
2p1-1R8YXCM,24.09.05,Reacting to Gaming Trends,Channel_3317,16,2024-05-06T22:00:00.000Z,official|music|live,74798,5132,430,153,https://i.ytimg.com/vi/DwWisUq2YOP/default.jpg,False,False,False,Auto-generated sample description for Gaming video.
hM8mbcd9AmX,24.28.08,Why This Comedy Video Went Viral,Channel_4084,7,2024-08-28T17:00:00.000Z,review|music|official,12921,153,23,186,https://i.ytimg.com/vi/7gfZUVg1Ko6/default.jpg,False,False,True,Auto-generated sample description for Comedy video.
jbIuUxqfqub,24.11.01,Behind the Scenes: Entertainment,Channel_4411,14,2024-01-07T18:00:00.000Z,trending|music|official,37643,2380,155,663,https://i.ytimg.com/vi/uhWoG7borh4/default.jpg,False,False,False,Auto-generated sample description for Entertainment video.
KOhVdehL3Ld,24.13.04,Reacting to Entertainment Trends,Channel_3037,14,2024-04-13T06:00:00.000Z,review|official|music,91429,4326,322,616,https://i.ytimg.com/vi/YWSLcWtqmV0/default.jpg,False,False,False,Auto-generated sample description for Entertainment video.
QMDW7yRGXvM,24.06.09,Official Gaming Highlights,Channel_4027,16,2024-09-04T08:00:00.000Z,music|live|2024,7038,277,52,40,https://i.ytimg.com/vi/NxawXa1Lggl/default.jpg,False,False,False,Auto-generated sample description for Gaming video.
47Iko33hdeX,24.22.06,Behind the Scenes: Music,Channel_159,11,2024-06-20T15:00:00.000Z,trending|official|live,211264,6988,687,3576,https://i.ytimg.com/vi/ZMV_37Bg4Cx/default.jpg,False,False,False,Auto-generated sample description for Music video.
zOnhmfLQofx,24.04.11,Reacting to Music Trends,Channel_3636,3,2024-11-02T05:00:00.000Z,live|music|review,174714,3216,958,2426,https://i.ytimg.com/vi/iwpcb1kAaW-/default.jpg,False,False,False,Auto-generated sample description for Music video.
h9GthLufEfx,24.23.01,Top 10 Entertainment Moments This Week,Channel_3353,14,2024-01-21T16:00:00.000Z,vlog|review|2024,170332,8248,1641,2422,https://i.ytimg.com/vi/BLNM9DmVS-I/default.jpg,False,False,False,Auto-generated sample description for Entertainment video.
DLDJQ9jb-h0,24.07.02,Reacting to Comedy Trends,Channel_2816,7,2024-02-03T03:00:00.000Z,music|vlog|live,12126,141,96,62,https://i.ytimg.com/vi/BrNE6TWsc89/default.jpg,False,False,False,Auto-generated sample description for Comedy video.
qiF5_61MUG0,24.27.11,Behind the Scenes: Entertainment,Channel_4904,14,2024-11-27T18:00:00.000Z,trending|official|vlog,467219,22062,2231,2471,https://i.ytimg.com/vi/eErZTcUjN2U/default.jpg,False,False,False,Auto-generated sample description for Entertainment video.
-V2VEYqpTVw,24.15.05,Why This Music Video Went Viral,Channel_1746,11,2024-05-13T19:00:00.000Z,review|music|live,44558,1048,126,248,https://i.ytimg.com/vi/DcHwYQ5K7yY/default.jpg,False,False,False,Auto-generated sample description for Music video.
4Lr8mbqQ5VX,24.11.08,Top 10 Comedy Moments This Week,Channel_4967,7,2024-08-09T12:00:00.000Z,vlog|trending|official,10119,746,42,23,https://i.ytimg.com/vi/pLKynivEj0P/default.jpg,False,False,False,Auto-generated sample description for Comedy video.
P08SMuPaz8g,24.20.04,Music Compilation 2024,Channel_4095,3,2024-04-18T22:00:00.000Z,music|live|official,10685,634,63,111,https://i.ytimg.com/vi/ZGrtcaO-ue2/default.jpg,False,False,False,Auto-generated sample description for Music video.
FUIWUeGzrGA,24.16.09,Top 10 Entertainment Moments This Week,Channel_550,14,2024-09-15T05:00:00.000Z,trending|review|music,17900,787,28,57,https://i.ytimg.com/vi/d_EovOqT7vg/default.jpg,False,False,False,Auto-generated sample description for Entertainment video.
z2r_V25Vkek,24.29.04,Top 10 Music Moments This Week,Channel_758,11,2024-04-28T07:00:00.000Z,trending|vlog|review,45174,1644,221,191,https://i.ytimg.com/vi/4RFh5iZYUTx/default.jpg,False,False,False,Auto-generated sample description for Music video.
-lKOutyQQi-,24.27.08,Top 10 Gaming Moments This Week,Channel_594,16,2024-08-23T04:00:00.000Z,2024|music|official,135296,5065,806,833,https://i.ytimg.com/vi/5ESLDRORjXn/default.jpg,False,False,False,Auto-generated sample description for Gaming video.
3QJ4PGyUZnc,24.09.12,Why This Film & Animation Video Went Viral,Channel_3717,9,2024-12-09T05:00:00.000Z,official|2024|review,833,31,3,15,https://i.ytimg.com/vi/091ngnU1ii-/default.jpg,False,False,False,Auto-generated sample description for Film & Animation video.
z5FYpXmllYG,24.08.10,Reacting to Entertainment Trends,Channel_3875,14,2024-10-04T19:00:00.000Z,vlog|trending|2024,14391,1065,137,119,https://i.ytimg.com/vi/77NX4V4NGqP/default.jpg,False,False,False,Auto-generated sample description for Entertainment video.
MsK25pkT04T,24.31.05,Behind the Scenes: Entertainment,Channel_3193,14,2024-05-30T06:00:00.000Z,review|vlog|official,7180,79,67,119,https://i.ytimg.com/vi/1isrDPn-P8T/default.jpg,False,False,False,Auto-generated sample description for Entertainment video.
Rv8WjQZ_uVh,25.12.01,Reacting to Music Trends,Channel_434,11,2025-01-08T22:00:00.000Z,official|music|review,77172,4221,670,1420,https://i.ytimg.com/vi/3Yos6yKJUfT/default.jpg,False,False,False,Auto-generated sample description for Music video.
w3LK0ycakG1,24.15.03,Reacting to Science & Technology Trends,Channel_1019,12,2024-03-13T04:00:00.000Z,trending|vlog|music,51444,2482,470,592,https://i.ytimg.com/vi/xbQ6kqNbdSC/default.jpg,False,False,False,Auto-generated sample description for Science & Technology video.
EeJo0CtrH4q,24.04.10,Comedy Compilation 2024,Channel_2753,7,2024-10-04T21:00:00.000Z,trending|music|vlog,5271,69,23,48,https://i.ytimg.com/vi/D8WnTAMBi7M/default.jpg,False,False,False,Auto-generated sample description for Comedy video.
sR3MoVxtNih,24.25.05,Official Entertainment Highlights,Channel_2275,14,2024-05-21T07:00:00.000Z,2024|review|trending,44573,3271,110,374,https://i.ytimg.com/vi/1H0EeXDpZab/default.jpg,False,False,False,Auto-generated sample description for Entertainment video.
jXgz2uuPRYD,24.25.02,Gaming Compilation 2024,Channel_1797,16,2024-02-22T06:00:00.000Z,review|official|2024,155915,4384,711,2947,https://i.ytimg.com/vi/0YbNhiBbseg/default.jpg,False,False,False,Auto-generated sample description for Gaming video.
M0ySl16uEVr,24.01.07,Behind the Scenes: Music,Channel_4319,3,2024-06-28T22:00:00.000Z,live|2024|official,285131,19563,912,3650,https://i.ytimg.com/vi/O473KIqCIFu/default.jpg,False,False,False,Auto-generated sample description for Music video.
jBDiXuZ3VnM,24.10.12,Why This People & Blogs Video Went Viral,Channel_4647,8,2024-12-08T04:00:00.000Z,vlog|trending|live,8127,435,76,150,https://i.ytimg.com/vi/IrpCDLCbODg/default.jpg,False,False,False,Auto-generated sample description for People & Blogs video.
qK4N3t_fagm,24.30.06,Top 10 Music Moments This Week,Channel_592,3,2024-06-28T21:00:00.000Z,2024|trending|review,115970,1216,726,1828,https://i.ytimg.com/vi/wNfnSHOHVml/default.jpg,False,False,False,Auto-generated sample description for Music video.
3SH6PfgKgDp,24.23.06,Behind the Scenes: Comedy,Channel_3244,4,2024-06-22T18:00:00.000Z,review|music|official,9844,111,48,58,https://i.ytimg.com/vi/GsVfoOkI2ji/default.jpg,False,False,False,Auto-generated sample description for Comedy video.
hZGHctowsW-,24.14.07,Official Music Highlights,Channel_4995,11,2024-07-10T02:00:00.000Z,official|music|review,13920,988,42,140,https://i.ytimg.com/vi/KT5AhdjHHhF/default.jpg,False,False,False,Auto-generated sample description for Music video.
_s3bfhG0HUE,24.26.10,Reacting to Comedy Trends,Channel_2530,7,2024-10-22T04:00:00.000Z,2024|live|vlog,33600,1940,257,122,https://i.ytimg.com/vi/vvIxrD-8h8G/default.jpg,False,False,False,Auto-generated sample description for Comedy video.
qnzIQ0EkHNs,24.30.06,Why This Music Video Went Viral,Channel_2641,3,2024-06-30T13:00:00.000Z,trending|2024|review,2533,179,16,21,https://i.ytimg.com/vi/jyozRfsdS4h/default.jpg,False,False,False,Auto-generated sample description for Music video.
dmWl1Tgu8b-,24.01.07,Official Science & Technology Highlights,Channel_1088,12,2024-06-29T22:00:00.000Z,trending|music|review,2993,191,15,33,https://i.ytimg.com/vi/VVAsPFIfa2L/default.jpg,False,False,False,Auto-generated sample description for Science & Technology video.
AFt3ufFw-WF,24.21.01,Top 10 Entertainment Moments This Week,Channel_2634,14,2024-01-19T13:00:00.000Z,review|official|2024,35437,1286,127,150,https://i.ytimg.com/vi/ZqnymeUe12q/default.jpg,False,False,False,Auto-generated sample description for Entertainment video.
E5ILNTkEESP,24.27.04,Music Compilation 2024,Channel_3250,3,2024-04-25T00:00:00.000Z,music|review|vlog,13434,469,58,183,https://i.ytimg.com/vi/21Wsszhmfv8/default.jpg,False,False,False,Auto-generated sample description for Music video.
mmV9o9zGStP,24.22.08,Reacting to Gaming Trends,Channel_2304,6,2024-08-19T14:00:00.000Z,review|trending|vlog,22338,944,127,51,https://i.ytimg.com/vi/HGWfuRWbCDh/default.jpg,False,False,False,Auto-generated sample description for Gaming video.
ZZ6UqEbi2tN,24.09.04,Music Compilation 2024,Channel_1150,3,2024-04-05T05:00:00.000Z,review|vlog|music,23053,1343,111,162,https://i.ytimg.com/vi/oaxfoAf1bnn/default.jpg,False,False,False,Auto-generated sample description for Music video.
eFEBn28diq4,24.02.05,Official Comedy Highlights,Channel_1916,7,2024-04-29T10:00:00.000Z,review|music|official,39845,2802,33,277,https://i.ytimg.com/vi/HMTeAKf08v9/default.jpg,False,False,False,Auto-generated sample description for Comedy video.
tvfXXU1yzoL,24.06.08,Why This Music Video Went Viral,Channel_257,11,2024-08-03T08:00:00.000Z,live|review|2024,67833,2539,530,54,https://i.ytimg.com/vi/VEvQ3VRjoA1/default.jpg,False,False,False,Auto-generated sample description for Music video.
bQNasOCflBf,25.19.01,Reacting to Music Trends,Channel_3371,3,2025-01-17T02:00:00.000Z,vlog|music|official,8096,628,62,116,https://i.ytimg.com/vi/ZL4QKNF_ag-/default.jpg,False,False,False,Auto-generated sample description for Music video.
auHm3KlItiK,24.17.05,Reacting to Pets & Animals Trends,Channel_3937,2,2024-05-13T05:00:00.000Z,vlog|official|2024,4987,106,22,36,https://i.ytimg.com/vi/e8J3Ua-u-Vx/default.jpg,True,False,False,Auto-generated sample description for Pets & Animals video.
h-OewrM4CmS,25.31.01,Entertainment Compilation 2024,Channel_4981,14,2025-01-29T17:00:00.000Z,official|music|review,34095,1552,147,408,https://i.ytimg.com/vi/hIy3KSv0HGl/default.jpg,False,False,False,Auto-generated sample description for Entertainment video.
vbOQU25Cw-V,24.17.08,Behind the Scenes: Entertainment,Channel_959,14,2024-08-16T01:00:00.000Z,2024|official|review,66631,2342,649,609,https://i.ytimg.com/vi/ume0X33oIB9/default.jpg,False,False,False,Auto-generated sample description for Entertainment video.
KL2XqBim_xN,24.01.11,Comedy Compilation 2024,Channel_4454,7,2024-10-28T11:00:00.000Z,vlog|music|2024,97487,5316,118,1422,https://i.ytimg.com/vi/2-VgvPlNBYq/default.jpg,True,False,False,Auto-generated sample description for Comedy video.
oMoJTHnRS22,24.17.01,Official Entertainment Highlights,Channel_3496,14,2024-01-14T10:00:00.000Z,official|music|2024,88442,3563,81,164,https://i.ytimg.com/vi/SWUrnpA2WjL/default.jpg,False,False,False,Auto-generated sample description for Entertainment video.
NhPsUAoWZje,24.16.01,Why This Autos & Vehicles Video Went Viral,Channel_1055,1,2024-01-12T13:00:00.000Z,live|review|music,18212,1373,175,309,https://i.ytimg.com/vi/yXxOnx5wJ_R/default.jpg,False,False,False,Auto-generated sample description for Autos & Vehicles video.
6fm08X-hUm6,24.23.09,Behind the Scenes: Comedy,Channel_2886,7,2024-09-23T22:00:00.000Z,official|live|trending,4916,316,46,41,https://i.ytimg.com/vi/HF8phiogZzt/default.jpg,False,False,False,Auto-generated sample description for Comedy video.
ofu5_C5Zbb_,24.07.01,Reacting to Comedy Trends,Channel_4000,7,2024-01-05T08:00:00.000Z,music|review|2024,23928,1897,100,168,https://i.ytimg.com/vi/ud76gOM9HdF/default.jpg,True,False,False,Auto-generated sample description for Comedy video.
wQXR6qf38AR,24.15.02,Behind the Scenes: Gaming,Channel_3414,6,2024-02-13T05:00:00.000Z,2024|review|vlog,19885,665,90,201,https://i.ytimg.com/vi/nKJwptMtgkg/default.jpg,True,False,False,Auto-generated sample description for Gaming video.
UI40PundTas,24.12.12,Behind the Scenes: Comedy,Channel_4601,4,2024-12-08T11:00:00.000Z,review|live|vlog,4270,52,29,37,https://i.ytimg.com/vi/Df4jV6sahzl/default.jpg,False,False,False,Auto-generated sample description for Comedy video.
xhxRgd_27l1,24.29.03,Why This Comedy Video Went Viral,Channel_3989,4,2024-03-27T06:00:00.000Z,review|trending|2024,14136,264,58,102,https://i.ytimg.com/vi/dkzwLbOIZPD/default.jpg,False,False,False,Auto-generated sample description for Comedy video.
G6LtoOGZ_nG,24.19.05,Comedy Compilation 2024,Channel_384,4,2024-05-18T13:00:00.000Z,vlog|live|music,646491,14134,5955,2186,https://i.ytimg.com/vi/JftWXaGW7vq/default.jpg,False,False,False,Auto-generated sample description for Comedy video.
s0zOmm30dnq,24.16.09,Science & Technology Compilation 2024,Channel_1964,12,2024-09-15T05:00:00.000Z,music|official|live,644,9,2,12,https://i.ytimg.com/vi/9qp-IaI9Pqe/default.jpg,False,False,False,Auto-generated sample description for Science & Technology video.
nCFEJlOVf7x,24.07.02,Why This Entertainment Video Went Viral,Channel_4544,14,2024-02-04T11:00:00.000Z,review|music|2024,46873,3077,379,794,https://i.ytimg.com/vi/jIuK_RrCnSN/default.jpg,False,False,False,Auto-generated sample description for Entertainment video.
214-HqOktpf,25.02.02,Gaming Compilation 2024,Channel_4077,16,2025-02-01T16:00:00.000Z,live|trending|review,63254,4999,557,551,https://i.ytimg.com/vi/XHWj6v3ETKw/default.jpg,False,False,False,Auto-generated sample description for Gaming video.
ATki0IHlF-q,24.31.08,Top 10 Music Moments This Week,Channel_4695,11,2024-08-28T17:00:00.000Z,live|official|music,67621,4709,674,271,https://i.ytimg.com/vi/kg_k96mhn1f/default.jpg,False,False,False,Auto-generated sample description for Music video.
Q5TGmIfwunn,24.10.06,Behind the Scenes: Comedy,Channel_2751,7,2024-06-08T12:00:00.000Z,music|review|2024,2858,170,18,48,https://i.ytimg.com/vi/kIbIs0g4xcE/default.jpg,False,False,False,Auto-generated sample description for Comedy video.
jwqYIeMrVHE,24.09.04,Behind the Scenes: Entertainment,Channel_4035,14,2024-04-05T00:00:00.000Z,official|review|live,75665,1946,407,725,https://i.ytimg.com/vi/j9bmKcBy1Vd/default.jpg,False,False,False,Auto-generated sample description for Entertainment video.
bTJ2tv2PWYo,24.01.07,Behind the Scenes: Entertainment,Channel_987,14,2024-07-01T02:00:00.000Z,vlog|live|review,5712,246,31,21,https://i.ytimg.com/vi/uhpA4iAyDfo/default.jpg,False,False,False,Auto-generated sample description for Entertainment video.
30MpM6l3Lks,24.06.03,Reacting to People & Blogs Trends,Channel_1626,8,2024-03-04T20:00:00.000Z,vlog|2024|trending,3288,223,4,50,https://i.ytimg.com/vi/FSOtIQ__CLk/default.jpg,False,True,False,Auto-generated sample description for People & Blogs video.
sRY1wvjhtjN,25.13.01,Gaming Compilation 2024,Channel_2525,6,2025-01-10T12:00:00.000Z,review|trending|2024,3260,144,12,55,https://i.ytimg.com/vi/bNwh0ayMpfI/default.jpg,False,False,False,Auto-generated sample description for Gaming video.
AMu1ij0xTyS,25.16.01,Music Compilation 2024,Channel_3288,3,2025-01-13T07:00:00.000Z,review|live|vlog,10563,644,14,172,https://i.ytimg.com/vi/3un-bLV82vx/default.jpg,False,False,False,Auto-generated sample description for Music video.
zq9oGFxVrob,24.21.09,Top 10 Music Moments This Week,Channel_75,3,2024-09-18T05:00:00.000Z,review|vlog|2024,108520,5639,597,655,https://i.ytimg.com/vi/Ihl1S6u6xWX/default.jpg,False,False,False,Auto-generated sample description for Music video.
3tSHGUnhohP,24.18.08,Behind the Scenes: Gaming,Channel_3164,16,2024-08-15T08:00:00.000Z,review|trending|vlog,66,3,0,1,https://i.ytimg.com/vi/x9PIv3-_Xmm/default.jpg,False,False,False,Auto-generated sample description for Gaming video.
8ZXCOubIuY_,24.10.09,Reacting to Entertainment Trends,Channel_3922,14,2024-09-07T22:00:00.000Z,2024|live|trending,15709,395,16,185,https://i.ytimg.com/vi/EV-YgrPyjbm/default.jpg,False,False,False,Auto-generated sample description for Entertainment video.
7XS08K2XcqP,24.05.07,Behind the Scenes: People & Blogs,Channel_915,8,2024-07-05T18:00:00.000Z,vlog|review|trending,57038,895,198,842,https://i.ytimg.com/vi/qzPnEfzkJDa/default.jpg,False,False,False,Auto-generated sample description for People & Blogs video.
UX881LM0O9q,24.15.04,Why This Music Video Went Viral,Channel_4948,11,2024-04-15T19:00:00.000Z,live|review|official,50879,3205,444,317,https://i.ytimg.com/vi/L6JOLLtLVAe/default.jpg,False,False,False,Auto-generated sample description for Music video.
gVnMjgDWyLc,25.02.02,Behind the Scenes: Music,Channel_1171,3,2025-02-01T14:00:00.000Z,official|review|music,216901,13809,1052,2687,https://i.ytimg.com/vi/kU-wyad02v5/default.jpg,False,False,False,Auto-generated sample description for Music video.
GkYH2BoYf9D,24.18.10,Why This Gaming Video Went Viral,Channel_3183,16,2024-10-16T17:00:00.000Z,music|live|review,3163,186,21,63,https://i.ytimg.com/vi/NCqt0JmsVKe/default.jpg,False,False,False,Auto-generated sample description for Gaming video.
aBhWj4LVF94,24.23.10,Top 10 Music Moments This Week,Channel_1297,11,2024-10-22T01:00:00.000Z,music|live|vlog,399932,30851,468,1506,https://i.ytimg.com/vi/M6DQNaThXTg/default.jpg,False,False,False,Auto-generated sample description for Music video.
tsJBSoegg9Q,24.04.12,Top 10 Entertainment Moments This Week,Channel_4854,14,2024-12-04T18:00:00.000Z,vlog|review|2024,1591,125,12,24,https://i.ytimg.com/vi/AL3iWYCVOSb/default.jpg,False,False,False,Auto-generated sample description for Entertainment video.
mOxrd_ntyhW,24.14.08,Official Music Highlights,Channel_99,11,2024-08-11T16:00:00.000Z,trending|2024|official,23597,1425,207,286,https://i.ytimg.com/vi/pjtmRB3QYRs/default.jpg,False,False,False,Auto-generated sample description for Music video.
LZhtumSNQu4,24.08.01,Why This Music Video Went Viral,Channel_1560,11,2024-01-07T05:00:00.000Z,2024|live|review,21926,998,209,209,https://i.ytimg.com/vi/Vko3xHBZFRN/default.jpg,False,False,False,Auto-generated sample description for Music video.
dupkjkgixFy,24.08.01,Official Music Highlights,Channel_2490,11,2024-01-07T12:00:00.000Z,official|music|live,83870,935,448,532,https://i.ytimg.com/vi/pv9baKeRPxD/default.jpg,False,False,False,Auto-generated sample description for Music video.
5DfD28eYPgB,24.30.06,Official Music Highlights,Channel_2592,3,2024-06-30T12:00:00.000Z,2024|official|review,22633,1308,103,305,https://i.ytimg.com/vi/JWIec4FVDHI/default.jpg,False,False,False,Auto-generated sample description for Music video.
yconsmD1POD,24.07.03,Top 10 Music Moments This Week,Channel_3333,11,2024-03-04T22:00:00.000Z,2024|vlog|official,35407,1325,122,253,https://i.ytimg.com/vi/HCy3xKZwyp-/default.jpg,False,False,False,Auto-generated sample description for Music video.
jBw4Vr1FGlK,24.09.10,Top 10 Gaming Moments This Week,Channel_2174,16,2024-10-05T16:00:00.000Z,review|live|official,69201,4160,574,744,https://i.ytimg.com/vi/poj1lBZXST3/default.jpg,False,False,False,Auto-generated sample description for Gaming video.
UrlsfoRUewQ,24.12.06,Music Compilation 2024,Channel_1226,3,2024-06-09T13:00:00.000Z,music|review|official,884667,35376,748,6726,https://i.ytimg.com/vi/siv5VU82fLm/default.jpg,False,False,False,Auto-generated sample description for Music video.
oyymwYYo9ic,24.22.06,Gaming Compilation 2024,Channel_4299,6,2024-06-22T09:00:00.000Z,music|vlog|trending,158274,6799,538,2490,https://i.ytimg.com/vi/dMMyhjXRDc-/default.jpg,False,False,False,Auto-generated sample description for Gaming video.
KKj55U6ZYiM,24.30.01,Behind the Scenes: Entertainment,Channel_1438,14,2024-01-30T22:00:00.000Z,review|trending|2024,138742,10892,234,170,https://i.ytimg.com/vi/frIIK4wH6l-/default.jpg,False,False,False,Auto-generated sample description for Entertainment video.
tCez-vGZb74,24.09.04,Behind the Scenes: Music,Channel_2017,11,2024-04-05T13:00:00.000Z,music|2024|official,12244,163,113,160,https://i.ytimg.com/vi/-LgwpKPvWhZ/default.jpg,False,False,False,Auto-generated sample description for Music video.
R5JTRg9ZjXn,24.21.10,Top 10 Music Moments This Week,Channel_4279,3,2024-10-19T16:00:00.000Z,live|official|review,443925,12643,941,5757,https://i.ytimg.com/vi/J9uKv0khIuM/default.jpg,False,False,False,Auto-generated sample description for Music video.
oLDq5fh0-Cq,24.21.03,Behind the Scenes: Music,Channel_1936,3,2024-03-21T01:00:00.000Z,2024|music|trending,53141,3170,213,69,https://i.ytimg.com/vi/gcKeX5eKxUd/default.jpg,False,False,False,Auto-generated sample description for Music video.
EYj6RcNnpI9,24.15.09,Official Film & Animation Highlights,Channel_2549,9,2024-09-12T03:00:00.000Z,music|official|review,6553,377,33,124,https://i.ytimg.com/vi/T4bsBs8IG10/default.jpg,False,False,False,Auto-generated sample description for Film & Animation video.
gp9uwdM034-,24.15.12,Behind the Scenes: Comedy,Channel_1222,4,2024-12-14T12:00:00.000Z,official|live|vlog,40361,2308,132,481,https://i.ytimg.com/vi/X-nHJVhl1Wa/default.jpg,False,False,False,Auto-generated sample description for Comedy video.
reyKglpyukF,24.23.02,Why This Music Video Went Viral,Channel_2233,3,2024-02-19T21:00:00.000Z,official|2024|review,49524,3630,482,258,https://i.ytimg.com/vi/2BB3CirpLX_/default.jpg,False,False,False,Auto-generated sample description for Music video.
gZkr09m9DUv,24.18.10,Official Entertainment Highlights,Channel_1671,14,2024-10-17T12:00:00.000Z,trending|review|2024,49059,950,226,164,https://i.ytimg.com/vi/me1S5hOBBTm/default.jpg,False,False,False,Auto-generated sample description for Entertainment video.
3QxGlse3V_q,25.28.01,Science & Technology Compilation 2024,Channel_1044,12,2025-01-27T10:00:00.000Z,trending|live|vlog,24715,876,168,66,https://i.ytimg.com/vi/OB1-NIMWzih/default.jpg,False,False,False,Auto-generated sample description for Science & Technology video.
j8dMvJ-Nnbi,24.09.08,Reacting to People & Blogs Trends,Channel_4885,8,2024-08-08T01:00:00.000Z,trending|live|vlog,107222,3996,1062,1224,https://i.ytimg.com/vi/Li3RHTCXgNt/default.jpg,False,False,False,Auto-generated sample description for People & Blogs video.
pqSUS96D0RW,24.19.11,Music Compilation 2024,Channel_3455,3,2024-11-15T14:00:00.000Z,music|trending|vlog,84477,5705,844,1259,https://i.ytimg.com/vi/xeH9Di4vAD9/default.jpg,False,False,False,Auto-generated sample description for Music video.
qajhKoO3OT6,24.07.07,Autos & Vehicles Compilation 2024,Channel_2997,1,2024-07-06T11:00:00.000Z,review|trending|music,3610,225,4,40,https://i.ytimg.com/vi/cGby9wxpusE/default.jpg,False,False,False,Auto-generated sample description for Autos & Vehicles video.
VDfT-BO5sAl,25.12.01,Top 10 Music Moments This Week,Channel_4692,3,2025-01-11T16:00:00.000Z,trending|vlog|review,87052,3494,854,1262,https://i.ytimg.com/vi/cd1lGptq7uU/default.jpg,False,False,False,Auto-generated sample description for Music video.
CBqruXf0DAe,24.27.03,Gaming Compilation 2024,Channel_1289,6,2024-03-27T03:00:00.000Z,music|review|official,37899,1284,239,173,https://i.ytimg.com/vi/Comit4i5o8q/default.jpg,True,False,False,Auto-generated sample description for Gaming video.
cCc5n-VNBzl,24.17.02,Official Comedy Highlights,Channel_107,4,2024-02-17T22:00:00.000Z,2024|trending|live,53195,2196,506,833,https://i.ytimg.com/vi/48WNNomhLla/default.jpg,False,False,False,Auto-generated sample description for Comedy video.
vN5fh36KVBs,25.29.01,Top 10 Comedy Moments This Week,Channel_657,4,2025-01-27T08:00:00.000Z,live|review|official,2815,194,10,39,https://i.ytimg.com/vi/k7IcQWiPrKY/default.jpg,False,False,False,Auto-generated sample description for Comedy video.
EzVwvD7yTUJ,24.06.03,Behind the Scenes: Music,Channel_847,3,2024-03-06T01:00:00.000Z,review|2024|official,360331,16096,702,6031,https://i.ytimg.com/vi/cU2xyr1eOhS/default.jpg,False,False,False,Auto-generated sample description for Music video.
MB_WtAx-zN4,24.18.06,Reacting to Music Trends,Channel_4345,3,2024-06-18T11:00:00.000Z,review|music|2024,41845,1329,300,791,https://i.ytimg.com/vi/aziLmyX86u5/default.jpg,False,False,False,Auto-generated sample description for Music video.
pgMjd4qcs9N,24.29.10,Official Music Highlights,Channel_4091,3,2024-10-29T03:00:00.000Z,live|music|trending,35648,1514,63,157,https://i.ytimg.com/vi/kS3V1zNgWLU/default.jpg,False,False,False,Auto-generated sample description for Music video.
hn08IwcYUK3,24.05.04,Behind the Scenes: Gaming,Channel_2670,16,2024-04-04T11:00:00.000Z,review|2024|official,23353,1429,156,448,https://i.ytimg.com/vi/k5HUJZ0oVOg/default.jpg,False,False,False,Auto-generated sample description for Gaming video.
qipcOUxbQtn,24.11.05,Behind the Scenes: Music,Channel_4439,3,2024-05-10T10:00:00.000Z,live|trending|2024,47554,3540,85,450,https://i.ytimg.com/vi/3LJr1vJv77j/default.jpg,False,False,False,Auto-generated sample description for Music video.
6m3Y-jGYpLp,24.07.02,Behind the Scenes: Music,Channel_1632,3,2024-02-07T01:00:00.000Z,live|official|review,69346,3024,616,959,https://i.ytimg.com/vi/8Mn8RfZ99CQ/default.jpg,False,False,False,Auto-generated sample description for Music video.
iDNRImyGxH2,24.25.07,Music Compilation 2024,Channel_4412,3,2024-07-22T04:00:00.000Z,vlog|trending|review,356439,23724,1170,2196,https://i.ytimg.com/vi/TTs6nwzPn4l/default.jpg,False,False,False,Auto-generated sample description for Music video.
8Jz0A0auA4k,24.15.09,Behind the Scenes: Gaming,Channel_4504,6,2024-09-12T00:00:00.000Z,live|vlog|official,52647,907,434,920,https://i.ytimg.com/vi/6bZSnNwZpQv/default.jpg,False,False,False,Auto-generated sample description for Gaming video.
kIZyzI8GNTK,24.21.12,Gaming Compilation 2024,Channel_2992,16,2024-12-18T00:00:00.000Z,music|live|vlog,14123,366,30,46,https://i.ytimg.com/vi/j3PQHRVy1q3/default.jpg,False,False,False,Auto-generated sample description for Gaming video.
GyBNKBg3hJf,24.22.06,Behind the Scenes: Music,Channel_98,11,2024-06-22T13:00:00.000Z,trending|review|music,10526,327,102,147,https://i.ytimg.com/vi/eLJJIqIHDXF/default.jpg,False,False,False,Auto-generated sample description for Music video.
T0VywN51xFv,24.12.10,Reacting to Gaming Trends,Channel_1336,16,2024-10-09T08:00:00.000Z,2024|live|music,14733,861,73,33,https://i.ytimg.com/vi/UPiSKqYBr_E/default.jpg,False,False,False,Auto-generated sample description for Gaming video.
l_ZSqZmc7RF,24.04.12,Official Music Highlights,Channel_940,3,2024-11-30T01:00:00.000Z,live|2024|music,42322,1495,124,258,https://i.ytimg.com/vi/UM-qe08bUM0/default.jpg,False,False,False,Auto-generated sample description for Music video.
J54_SraXoDq,24.24.11,Reacting to Travel & Events Trends,Channel_1547,13,2024-11-24T13:00:00.000Z,music|official|review,1549,98,1,26,https://i.ytimg.com/vi/UytfQ3-UZTt/default.jpg,False,False,False,Auto-generated sample description for Travel & Events video.
VrICdwb7jjL,24.06.05,Behind the Scenes: Music,Channel_3228,3,2024-05-05T13:00:00.000Z,music|live|official,38109,805,274,124,https://i.ytimg.com/vi/cpLlSSFuuu6/default.jpg,False,False,False,Auto-generated sample description for Music video.
j6EO061LaWp,24.13.08,Behind the Scenes: Music,Channel_3490,11,2024-08-10T16:00:00.000Z,trending|2024|music,25156,402,45,159,https://i.ytimg.com/vi/Kn3iHWJ_si3/default.jpg,False,False,False,Auto-generated sample description for Music video.
yoilNsoNswX,24.26.01,Why This Entertainment Video Went Viral,Channel_1380,14,2024-01-26T00:00:00.000Z,live|music|vlog,61575,2562,31,933,https://i.ytimg.com/vi/Xdx9xcjhILY/default.jpg,True,False,False,Auto-generated sample description for Entertainment video.
xXy3njDJdmo,24.25.05,Top 10 Music Moments This Week,Channel_4825,3,2024-05-25T01:00:00.000Z,music|review|live,44874,1692,281,769,https://i.ytimg.com/vi/xEsJ2GemykO/default.jpg,False,False,False,Auto-generated sample description for Music video.
1bkfgFq8OfH,24.13.09,People & Blogs Compilation 2024,Channel_764,8,2024-09-10T18:00:00.000Z,live|review|vlog,25790,1216,247,509,https://i.ytimg.com/vi/hvijJRLhoVk/default.jpg,False,False,False,Auto-generated sample description for People & Blogs video.
lEh44yZHppN,24.21.03,Official Music Highlights,Channel_4056,3,2024-03-21T17:00:00.000Z,2024|trending|live,58088,1344,415,1060,https://i.ytimg.com/vi/bDZGXFCBrlH/default.jpg,True,False,False,Auto-generated sample description for Music video.
kmpFeyHwaGn,24.22.12,Behind the Scenes: Comedy,Channel_297,7,2024-12-22T07:00:00.000Z,live|music|review,17883,1220,83,212,https://i.ytimg.com/vi/iQ3ePTzQjOc/default.jpg,False,False,False,Auto-generated sample description for Comedy video.
we0IpKfb18c,24.11.03,Official Music Highlights,Channel_4344,3,2024-03-10T03:00:00.000Z,official|review|trending,9947,123,71,58,https://i.ytimg.com/vi/dIu_hTIl5My/default.jpg,False,False,False,Auto-generated sample description for Music video.
jWbheC8riCF,24.02.01,Reacting to Entertainment Trends,Channel_533,14,2024-01-01T04:00:00.000Z,music|trending|review,485018,28042,3762,4155,https://i.ytimg.com/vi/PttO5jQ3Mox/default.jpg,False,False,False,Auto-generated sample description for Entertainment video.
i4G5bJk451P,24.26.03,Reacting to Music Trends,Channel_4585,3,2024-03-25T00:00:00.000Z,2024|music|review,62337,740,141,718,https://i.ytimg.com/vi/CQR2_Wg-hgM/default.jpg,False,False,False,Auto-generated sample description for Music video.
NIMKQFlFLtW,24.05.10,Why This Music Video Went Viral,Channel_777,3,2024-10-05T17:00:00.000Z,official|live|music,12571,525,23,102,https://i.ytimg.com/vi/0-YkoDjlSTI/default.jpg,False,False,False,Auto-generated sample description for Music video.
eVedSQS97jQ,24.17.05,Top 10 Pets & Animals Moments This Week,Channel_4666,2,2024-05-13T15:00:00.000Z,live|2024|vlog,1792,46,12,30,https://i.ytimg.com/vi/LcX0wAuUKBn/default.jpg,False,False,False,Auto-generated sample description for Pets & Animals video.
L330tT2mRjf,24.21.11,Why This Entertainment Video Went Viral,Channel_2325,14,2024-11-21T17:00:00.000Z,review|2024|vlog,11013,701,46,112,https://i.ytimg.com/vi/LyG2RI2HAlG/default.jpg,False,False,False,Auto-generated sample description for Entertainment video.
AkFC4JcwLi_,24.22.05,Top 10 Music Moments This Week,Channel_1829,3,2024-05-19T04:00:00.000Z,music|trending|2024,30018,1352,105,458,https://i.ytimg.com/vi/ejqOCI_nB1s/default.jpg,False,False,False,Auto-generated sample description for Music video.
CLmrGjt-hQb,24.23.07,Official Entertainment Highlights,Channel_1894,14,2024-07-22T16:00:00.000Z,2024|official|vlog,8640,282,17,109,https://i.ytimg.com/vi/M7lFBVIqnIl/default.jpg,False,False,True,Auto-generated sample description for Entertainment video.
JRCRXdSa80G,24.20.04,Behind the Scenes: Music,Channel_261,11,2024-04-16T12:00:00.000Z,vlog|music|review,29562,612,117,586,https://i.ytimg.com/vi/RI_DryLe3H3/default.jpg,False,False,False,Auto-generated sample description for Music video.
gTIdUmwPBVC,24.26.09,Reacting to Music Trends,Channel_2089,3,2024-09-25T03:00:00.000Z,review|official|2024,47206,2266,252,141,https://i.ytimg.com/vi/nE028Nnirwr/default.jpg,False,False,False,Auto-generated sample description for Music video.
uSd4ntqVGoG,24.14.07,Why This Music Video Went Viral,Channel_2310,11,2024-07-14T08:00:00.000Z,2024|live|official,27665,726,186,487,https://i.ytimg.com/vi/A2ReSXiF0ox/default.jpg,False,False,False,Auto-generated sample description for Music video.
YamC4c71hzw,24.23.12,Why This Travel & Events Video Went Viral,Channel_4665,15,2024-12-21T20:00:00.000Z,official|music|vlog,2644,166,20,33,https://i.ytimg.com/vi/Dqy2Dk5cU14/default.jpg,False,False,False,Auto-generated sample description for Travel & Events video.
JjW4L2uO-Sl,25.06.01,Reacting to Entertainment Trends,Channel_1637,14,2025-01-03T09:00:00.000Z,2024|vlog|review,9076,414,84,40,https://i.ytimg.com/vi/rSYBrio7F2h/default.jpg,False,False,False,Auto-generated sample description for Entertainment video.
yz64c90UzjH,24.29.10,Official Music Highlights,Channel_2177,3,2024-10-25T22:00:00.000Z,vlog|2024|review,23600,554,217,46,https://i.ytimg.com/vi/4ZEg7Q5FCnS/default.jpg,False,False,False,Auto-generated sample description for Music video.
voM3W1M6Ioy,24.04.06,Why This Comedy Video Went Viral,Channel_2605,4,2024-06-02T15:00:00.000Z,review|trending|vlog,2238,146,5,25,https://i.ytimg.com/vi/BascrhjilGO/default.jpg,False,False,False,Auto-generated sample description for Comedy video.
GEW5Dz9bhF6,24.15.02,Entertainment Compilation 2024,Channel_478,14,2024-02-14T14:00:00.000Z,2024|live|trending,53034,1241,201,864,https://i.ytimg.com/vi/Kc-Gp_hupeP/default.jpg,False,False,False,Auto-generated sample description for Entertainment video.
or-VZNCsVM9,24.09.01,Top 10 Comedy Moments This Week,Channel_4288,4,2024-01-05T22:00:00.000Z,live|vlog|2024,1641,101,2,27,https://i.ytimg.com/vi/df8JfON4e0T/default.jpg,False,False,False,Auto-generated sample description for Comedy video.
sjJYhc08z94,24.23.10,Reacting to Music Trends,Channel_1740,11,2024-10-21T04:00:00.000Z,trending|official|music,244440,18530,173,2462,https://i.ytimg.com/vi/13pie3Glg5y/default.jpg,False,False,True,Auto-generated sample description for Music video.
g8nYOoFMBMB,24.10.05,Behind the Scenes: Gaming,Channel_366,16,2024-05-10T06:00:00.000Z,trending|music|2024,11175,144,48,175,https://i.ytimg.com/vi/BQVi2-1WD6B/default.jpg,False,False,False,Auto-generated sample description for Gaming video.
1G-iaEvIq03,24.14.10,Behind the Scenes: Comedy,Channel_2666,7,2024-10-10T14:00:00.000Z,review|music|live,30897,875,83,320,https://i.ytimg.com/vi/l2DnreS7WiY/default.jpg,False,False,False,Auto-generated sample description for Comedy video.
zW6TxTRlFMQ,24.18.09,Behind the Scenes: Gaming,Channel_1166,16,2024-09-16T22:00:00.000Z,review|2024|vlog,195141,3331,1514,2770,https://i.ytimg.com/vi/fubig4zsqYM/default.jpg,False,False,False,Auto-generated sample description for Gaming video.
vAoxNXZHBTY,24.17.06,Top 10 Comedy Moments This Week,Channel_3594,4,2024-06-14T11:00:00.000Z,2024|official|live,18597,570,31,41,https://i.ytimg.com/vi/JB2QiTZZp6_/default.jpg,False,False,False,Auto-generated sample description for Comedy video.
vZpt3ijEmyo,24.05.08,Reacting to Music Trends,Channel_901,3,2024-08-04T20:00:00.000Z,music|official|2024,430822,18871,3342,625,https://i.ytimg.com/vi/Y4OqSnyZ9Yl/default.jpg,False,False,False,Auto-generated sample description for Music video.
JI5ck8Ja2bc,24.21.08,Why This Autos & Vehicles Video Went Viral,Channel_349,1,2024-08-19T05:00:00.000Z,2024|live|vlog,10176,462,13,78,https://i.ytimg.com/vi/ROyu5Hdrilw/default.jpg,False,False,False,Auto-generated sample description for Autos & Vehicles video.
zxkcDniosjA,25.11.01,Why This Music Video Went Viral,Channel_3045,11,2025-01-11T05:00:00.000Z,2024|trending|live,195290,2144,1356,3128,https://i.ytimg.com/vi/9KsiqMrI7yG/default.jpg,False,False,False,
kYGOY4BxqEY,24.28.08,Reacting to Music Trends,Channel_2782,3,2024-08-28T11:00:00.000Z,vlog|2024|review,283484,5419,2775,2600,https://i.ytimg.com/vi/QeMx28I5ya6/default.jpg,False,False,False,Auto-generated sample description for Music video.
8OieMa472Ca,25.26.01,Behind the Scenes: Travel & Events,Channel_1280,13,2025-01-22T19:00:00.000Z,trending|2024|music,60972,3010,110,1203,https://i.ytimg.com/vi/OOEbgqOvoHd/default.jpg,False,False,False,Auto-generated sample description for Travel & Events video.
uZiaQba4OKa,24.25.05,Reacting to Entertainment Trends,Channel_4739,14,2024-05-23T02:00:00.000Z,music|vlog|trending,17479,882,10,227,https://i.ytimg.com/vi/5V1_31I6bNz/default.jpg,False,False,False,Auto-generated sample description for Entertainment video.
_pdb3VC0jg9,24.27.01,Behind the Scenes: Music,Channel_3062,11,2024-01-24T16:00:00.000Z,2024|vlog|review,55094,2723,126,811,https://i.ytimg.com/vi/TtVEj1smmb2/default.jpg,False,False,False,Auto-generated sample description for Music video.
rFs5eTBoTQX,24.22.09,Gaming Compilation 2024,Channel_235,6,2024-09-21T14:00:00.000Z,music|2024|official,19853,341,43,51,https://i.ytimg.com/vi/t8aoIt_5pwL/default.jpg,False,False,False,Auto-generated sample description for Gaming video.
os1z3niOT6I,24.29.07,Behind the Scenes: Comedy,Channel_3497,7,2024-07-28T17:00:00.000Z,trending|official|review,29768,2204,144,425,https://i.ytimg.com/vi/SCKRyhVKyQI/default.jpg,False,False,False,Auto-generated sample description for Comedy video.
jCxjBYS8hrZ,24.12.06,Why This Entertainment Video Went Viral,Channel_4914,14,2024-06-09T08:00:00.000Z,live|trending|music,65684,685,198,41,https://i.ytimg.com/vi/xHCgoyx3GZJ/default.jpg,False,False,False,Auto-generated sample description for Entertainment video.
B6HhRCQSPq5,24.29.06,Top 10 People & Blogs Moments This Week,Channel_1747,8,2024-06-28T06:00:00.000Z,live|review|music,5995,200,50,28,https://i.ytimg.com/vi/0H4MMEMM0NO/default.jpg,False,False,False,Auto-generated sample description for People & Blogs video.
3MBUM0UfKS6,24.22.12,Behind the Scenes: Music,Channel_4917,3,2024-12-19T13:00:00.000Z,trending|review|official,178852,13950,152,863,https://i.ytimg.com/vi/OmiaYPQD4cS/default.jpg,False,False,False,Auto-generated sample description for Music video.
qI2YS5W3ZX7,25.10.01,Why This Music Video Went Viral,Channel_2747,3,2025-01-06T18:00:00.000Z,vlog|live|2024,148137,9323,376,1864,https://i.ytimg.com/vi/ncmVV6eFW0_/default.jpg,False,False,False,Auto-generated sample description for Music video.
gvelSSRffYW,24.03.11,Behind the Scenes: Music,Channel_3026,3,2024-10-30T11:00:00.000Z,official|review|vlog,170771,13272,1045,1362,https://i.ytimg.com/vi/l3hq_egPxdd/default.jpg,False,False,False,Auto-generated sample description for Music video.
mk1asEvv3nC,24.20.08,Top 10 Comedy Moments This Week,Channel_3417,4,2024-08-20T15:00:00.000Z,official|music|2024,16843,1181,63,208,https://i.ytimg.com/vi/qA7pKCPpahX/default.jpg,False,False,False,Auto-generated sample description for Comedy video.
sWtmF1BTtWH,24.23.03,Official People & Blogs Highlights,Channel_1497,8,2024-03-23T16:00:00.000Z,vlog|music|live,11679,283,14,166,https://i.ytimg.com/vi/L9RyF2Pg_bZ/default.jpg,False,False,False,Auto-generated sample description for People & Blogs video.
m8Sm0O-LYV4,24.16.05,Entertainment Compilation 2024,Channel_3363,14,2024-05-12T17:00:00.000Z,official|music|trending,29500,1401,144,395,https://i.ytimg.com/vi/0rPvYvG2qK_/default.jpg,False,False,False,Auto-generated sample description for Entertainment video.
PKNoiXKg_qy,24.07.05,Reacting to Film & Animation Trends,Channel_3586,9,2024-05-07T20:00:00.000Z,review|2024|live,33229,2606,199,460,https://i.ytimg.com/vi/HhrB3vRa_gP/default.jpg,False,False,False,Auto-generated sample description for Film & Animation video.
oZ9_a9OQ9hM,24.27.09,Official Music Highlights,Channel_4550,3,2024-09-27T09:00:00.000Z,trending|2024|review,95547,1231,904,174,https://i.ytimg.com/vi/1f1LfQmI8aq/default.jpg,False,False,False,Auto-generated sample description for Music video.
PLyBVZ1h4fe,24.16.01,Reacting to Comedy Trends,Channel_2427,4,2024-01-14T14:00:00.000Z,trending|vlog|music,16014,1044,48,96,https://i.ytimg.com/vi/2bzxZXZmUJk/default.jpg,False,False,False,Auto-generated sample description for Comedy video.
G4OIJF7SQs7,24.25.05,Reacting to Entertainment Trends,Channel_35,14,2024-05-22T20:00:00.000Z,official|music|vlog,17484,238,113,96,https://i.ytimg.com/vi/KHHj7gDOfAU/default.jpg,False,False,False,Auto-generated sample description for Entertainment video.
IGCiGNg2a3E,24.10.07,Top 10 Music Moments This Week,Channel_3923,11,2024-07-07T07:00:00.000Z,vlog|official|2024,59536,4201,487,62,https://i.ytimg.com/vi/NB3tOJGc92u/default.jpg,False,False,False,Auto-generated sample description for Music video.
Iqd52FMMAeF,24.04.10,Behind the Scenes: Music,Channel_3679,11,2024-09-30T08:00:00.000Z,2024|review|trending,46133,2192,367,469,https://i.ytimg.com/vi/LBj_bihDq3f/default.jpg,False,False,False,Auto-generated sample description for Music video.
Bt_lW00vRt3,24.12.05,Reacting to Entertainment Trends,Channel_3200,14,2024-05-12T16:00:00.000Z,official|review|trending,39893,2343,285,21,https://i.ytimg.com/vi/R390E1fJSuU/default.jpg,False,False,False,Auto-generated sample description for Entertainment video.
Sv_boGOtr1L,24.19.05,Why This Entertainment Video Went Viral,Channel_2239,14,2024-05-16T18:00:00.000Z,vlog|2024|review,103569,4560,252,1258,https://i.ytimg.com/vi/Zes9IRPk80L/default.jpg,False,False,False,Auto-generated sample description for Entertainment video.
HWoTGjo9SN6,24.09.04,Music Compilation 2024,Channel_1958,11,2024-04-07T12:00:00.000Z,trending|live|review,415712,18357,2364,1670,https://i.ytimg.com/vi/J4r7RpT1cPv/default.jpg,False,False,False,Auto-generated sample description for Music video.
RksWkyeHoOo,24.11.12,Comedy Compilation 2024,Channel_1900,4,2024-12-08T20:00:00.000Z,official|trending|music,1222,23,4,9,https://i.ytimg.com/vi/DS7KQ8gkNOy/default.jpg,False,False,False,Auto-generated sample description for Comedy video.
j2ZzCeIUldm,24.29.01,Comedy Compilation 2024,Channel_3500,4,2024-01-26T03:00:00.000Z,official|live|vlog,13468,883,62,215,https://i.ytimg.com/vi/OzgbBSojuGP/default.jpg,False,False,False,Auto-generated sample description for Comedy video.
vlMqr3M2Q7X,24.10.10,Why This Music Video Went Viral,Channel_3213,3,2024-10-06T10:00:00.000Z,vlog|music|review,10106,552,26,192,https://i.ytimg.com/vi/Wo8xH3wM6Dd/default.jpg,False,False,False,Auto-generated sample description for Music video.
tnuhYbTyhCH,24.29.05,Comedy Compilation 2024,Channel_3672,7,2024-05-26T00:00:00.000Z,review|trending|live,13590,691,15,100,https://i.ytimg.com/vi/roI1jlqc6co/default.jpg,False,False,False,Auto-generated sample description for Comedy video.
ejn8K5DtoFM,24.24.01,Music Compilation 2024,Channel_4645,11,2024-01-22T04:00:00.000Z,review|official|trending,21682,1406,34,209,https://i.ytimg.com/vi/GOnErqmR5-3/default.jpg,False,False,False,Auto-generated sample description for Music video.
f-a7mpsyy8I,24.12.06,Reacting to Music Trends,Channel_3261,3,2024-06-08T10:00:00.000Z,trending|official|vlog,6920,502,55,24,https://i.ytimg.com/vi/qG6DTbNzJmL/default.jpg,False,True,False,Auto-generated sample description for Music video.
dCLXfASYmJ7,24.23.02,Behind the Scenes: Film & Animation,Channel_2289,9,2024-02-21T14:00:00.000Z,vlog|trending|music,24121,1475,84,131,https://i.ytimg.com/vi/Xa5cL0oSA6F/default.jpg,False,False,False,Auto-generated sample description for Film & Animation video.
lk0KIkrBuEk,24.07.06,Top 10 Autos & Vehicles Moments This Week,Channel_939,1,2024-06-04T18:00:00.000Z,live|music|official,11575,886,15,88,https://i.ytimg.com/vi/DuZPM2LYlwH/default.jpg,False,False,False,Auto-generated sample description for Autos & Vehicles video.
PiTQYkwAHPg,25.25.01,Why This Entertainment Video Went Viral,Channel_397,14,2025-01-25T21:00:00.000Z,music|official|2024,31948,1325,75,524,https://i.ytimg.com/vi/ACzpUqiNTSP/default.jpg,False,False,False,Auto-generated sample description for Entertainment video.
3cfceI1yamH,24.11.08,Official Music Highlights,Channel_4550,11,2024-08-11T05:00:00.000Z,2024|music|trending,48970,3221,264,948,https://i.ytimg.com/vi/vTLHNJM1Sy5/default.jpg,False,False,False,Auto-generated sample description for Music video.
rVkuWeJPn6n,24.24.01,Reacting to Music Trends,Channel_3029,11,2024-01-21T01:00:00.000Z,trending|official|vlog,34697,2308,140,44,https://i.ytimg.com/vi/rj0jKh91KGw/default.jpg,False,False,False,Auto-generated sample description for Music video.
1lF52ha4oSn,24.05.02,Behind the Scenes: Entertainment,Channel_4565,14,2024-02-04T11:00:00.000Z,trending|music|vlog,109312,1497,316,373,https://i.ytimg.com/vi/vZb-adGWdp8/default.jpg,True,False,False,Auto-generated sample description for Entertainment video.
5xRexVE-oVn,24.19.06,Reacting to Gaming Trends,Channel_852,6,2024-06-16T13:00:00.000Z,review|live|vlog,15241,669,102,138,https://i.ytimg.com/vi/TRV-KhmLv84/default.jpg,False,False,False,Auto-generated sample description for Gaming video.
VWIbUDdDf5q,24.11.12,Official Comedy Highlights,Channel_4247,4,2024-12-07T02:00:00.000Z,vlog|trending|live,152052,10646,640,1358,https://i.ytimg.com/vi/TJ4b82U-Xbd/default.jpg,False,False,False,Auto-generated sample description for Comedy video.
MV4BqXUXmqV,24.19.08,Top 10 Music Moments This Week,Channel_601,3,2024-08-17T19:00:00.000Z,vlog|music|trending,177352,7066,1252,268,https://i.ytimg.com/vi/K5t7dQPq4CO/default.jpg,False,False,False,Auto-generated sample description for Music video.
1x5nr6TP4aX,24.27.11,Behind the Scenes: Science & Technology,Channel_3251,12,2024-11-26T00:00:00.000Z,official|trending|2024,6810,219,10,71,https://i.ytimg.com/vi/GYW7lf7_bWq/default.jpg,False,False,False,Auto-generated sample description for Science & Technology video.
9vXk6MlVFZ-,24.13.02,Why This Comedy Video Went Viral,Channel_3830,7,2024-02-09T03:00:00.000Z,official|vlog|live,51052,1500,119,880,https://i.ytimg.com/vi/KsGcYP_60_c/default.jpg,False,False,False,Auto-generated sample description for Comedy video.
GBYL9FnbE9U,24.15.06,Official Music Highlights,Channel_1803,3,2024-06-12T13:00:00.000Z,live|review|official,4408,268,36,2,https://i.ytimg.com/vi/93dRYz4xoZt/default.jpg,False,False,False,Auto-generated sample description for Music video.
yluJZtSls6y,24.18.03,Official Music Highlights,Channel_2094,3,2024-03-15T19:00:00.000Z,official|review|live,24187,1147,113,52,https://i.ytimg.com/vi/XYYY5GlDUGZ/default.jpg,False,False,False,Auto-generated sample description for Music video.
Grktlt39IEo,24.23.02,Behind the Scenes: Music,Channel_2585,3,2024-02-20T16:00:00.000Z,vlog|live|review,61846,2361,519,361,https://i.ytimg.com/vi/RmRXcE1qYfq/default.jpg,False,False,False,Auto-generated sample description for Music video.
MoZ1zD2K2sC,24.25.07,Music Compilation 2024,Channel_1563,11,2024-07-23T16:00:00.000Z,official|vlog|music,175178,7229,1102,888,https://i.ytimg.com/vi/8wEjNGDFnqF/default.jpg,False,False,False,Auto-generated sample description for Music video.
vPzoal-Vgnr,24.21.03,Why This Entertainment Video Went Viral,Channel_4672,14,2024-03-21T16:00:00.000Z,vlog|2024|review,4255,160,10,42,https://i.ytimg.com/vi/mmetUrFyIeZ/default.jpg,False,False,False,Auto-generated sample description for Entertainment video.
knv2KPdNvbD,24.09.01,Top 10 Music Moments This Week,Channel_1711,11,2024-01-05T22:00:00.000Z,trending|review|2024,21576,1032,37,326,https://i.ytimg.com/vi/24pcNsxX4qL/default.jpg,False,False,False,Auto-generated sample description for Music video.
lca3GgdpYw7,24.15.03,Why This Music Video Went Viral,Channel_3591,3,2024-03-12T06:00:00.000Z,music|live|review,39256,1841,285,311,https://i.ytimg.com/vi/mZC1UDahRXf/default.jpg,False,False,False,Auto-generated sample description for Music video.
kjrR-xlEIlU,24.15.07,Why This Film & Animation Video Went Viral,Channel_1095,9,2024-07-13T22:00:00.000Z,live|2024|music,16456,251,16,194,https://i.ytimg.com/vi/eVlxu8rxoA9/default.jpg,False,False,False,Auto-generated sample description for Film & Animation video.
0E0fdNMSo8x,24.25.06,Behind the Scenes: Music,Channel_3667,3,2024-06-21T02:00:00.000Z,official|live|2024,79427,2698,103,868,https://i.ytimg.com/vi/UnFGm8yB_-n/default.jpg,False,False,False,Auto-generated sample description for Music video.
jC6e8UNaoXp,24.29.08,Gaming Compilation 2024,Channel_1974,16,2024-08-25T09:00:00.000Z,trending|2024|vlog,2618,132,11,41,https://i.ytimg.com/vi/lqukXintfD4/default.jpg,False,False,False,Auto-generated sample description for Gaming video.
kShDR1eZfnR,24.12.03,Music Compilation 2024,Channel_3960,3,2024-03-09T10:00:00.000Z,trending|live|music,391474,8222,3877,3222,https://i.ytimg.com/vi/hkcKvje_Diq/default.jpg,False,False,False,Auto-generated sample description for Music video.
qeCleyo5_y2,24.10.10,Reacting to People & Blogs Trends,Channel_2846,8,2024-10-09T20:00:00.000Z,review|vlog|official,11002,157,88,31,https://i.ytimg.com/vi/qtQrVMFDdBc/default.jpg,False,False,False,Auto-generated sample description for People & Blogs video.
LLcYico51Hf,24.05.02,Top 10 Comedy Moments This Week,Channel_1609,4,2024-02-02T12:00:00.000Z,music|2024|vlog,93399,2566,243,217,https://i.ytimg.com/vi/RnO50v6qRAp/default.jpg,False,False,False,Auto-generated sample description for Comedy video.
0EZsd3ad5sa,24.26.08,Behind the Scenes: Music,Channel_4329,3,2024-08-23T22:00:00.000Z,vlog|2024|trending,25233,1666,150,375,https://i.ytimg.com/vi/NGSHMCNxoQK/default.jpg,False,False,False,Auto-generated sample description for Music video.
UY65Y-X1_Qh,24.07.05,Behind the Scenes: Entertainment,Channel_1159,14,2024-05-03T08:00:00.000Z,vlog|2024|live,15209,1127,20,113,https://i.ytimg.com/vi/EASl69zUFnp/default.jpg,False,False,False,Auto-generated sample description for Entertainment video.
KsHtJmo07he,24.08.12,Reacting to Comedy Trends,Channel_347,4,2024-12-07T08:00:00.000Z,official|2024|trending,27885,615,30,512,https://i.ytimg.com/vi/LjqVCFqaHhM/default.jpg,False,False,False,Auto-generated sample description for Comedy video.
23NC4lYU5VK,24.16.02,Top 10 Education Moments This Week,Channel_298,10,2024-02-15T00:00:00.000Z,vlog|trending|live,15338,732,27,58,https://i.ytimg.com/vi/giEzfFhcUEm/default.jpg,False,False,False,Auto-generated sample description for Education video.
7uHh6DJHQtm,24.12.07,Top 10 Pets & Animals Moments This Week,Channel_4672,2,2024-07-09T19:00:00.000Z,official|vlog|2024,14564,458,69,232,https://i.ytimg.com/vi/61wS-hTKGeR/default.jpg,False,False,False,Auto-generated sample description for Pets & Animals video.
ZXVx8PWIhpN,24.18.03,Comedy Compilation 2024,Channel_1183,4,2024-03-16T03:00:00.000Z,music|vlog|2024,69094,5521,459,185,https://i.ytimg.com/vi/7axn-1c1xHJ/default.jpg,False,False,False,Auto-generated sample description for Comedy video.
L9ZniZM1660,24.23.01,Reacting to Music Trends,Channel_4561,3,2024-01-22T11:00:00.000Z,live|music|vlog,153615,11041,648,386,https://i.ytimg.com/vi/ngO5M_rLxol/default.jpg,False,False,False,Auto-generated sample description for Music video.
enZd6BC9ajD,24.27.11,Why This Comedy Video Went Viral,Channel_3871,7,2024-11-27T10:00:00.000Z,vlog|trending|live,5020,106,14,42,https://i.ytimg.com/vi/nj8olcygILu/default.jpg,False,False,False,Auto-generated sample description for Comedy video.
b48W8GZyXNm,24.17.11,Reacting to People & Blogs Trends,Channel_4175,8,2024-11-13T18:00:00.000Z,music|vlog|review,25961,1343,71,307,https://i.ytimg.com/vi/7Ydh7rlSpQF/default.jpg,False,False,False,Auto-generated sample description for People & Blogs video.
bdj6R0rRjW_,24.02.12,Top 10 Music Moments This Week,Channel_597,3,2024-12-01T05:00:00.000Z,official|live|vlog,6520,514,41,102,https://i.ytimg.com/vi/7z_gYAdFaSi/default.jpg,True,False,False,Auto-generated sample description for Music video.
77Qu4jhKb5o,24.29.11,Why This Music Video Went Viral,Channel_2785,3,2024-11-25T19:00:00.000Z,official|review|trending,4342,294,19,44,https://i.ytimg.com/vi/zgykwORxU8x/default.jpg,True,False,False,Auto-generated sample description for Music video.
2v_8s_vEHI9,24.21.08,Top 10 Entertainment Moments This Week,Channel_4430,14,2024-08-20T22:00:00.000Z,official|music|review,418580,21764,3948,2593,https://i.ytimg.com/vi/eQVJPsQLpI_/default.jpg,False,False,False,Auto-generated sample description for Entertainment video.
u5XpfAOTw2I,24.05.03,Official Comedy Highlights,Channel_892,4,2024-03-05T22:00:00.000Z,review|official|live,23069,778,30,199,https://i.ytimg.com/vi/4GAWq0wCZr5/default.jpg,False,False,False,Auto-generated sample description for Comedy video.
aq8NFT6xQlD,24.18.08,Behind the Scenes: Music,Channel_1769,3,2024-08-18T20:00:00.000Z,live|official|trending,22876,1566,76,414,https://i.ytimg.com/vi/laR1RXRYHuo/default.jpg,False,False,False,Auto-generated sample description for Music video.
FEg-m2pgKUw,24.06.05,Comedy Compilation 2024,Channel_4183,4,2024-05-02T16:00:00.000Z,2024|music|review,29732,675,144,288,https://i.ytimg.com/vi/JlitlXeGbT3/default.jpg,False,False,False,Auto-generated sample description for Comedy video.
Dvx3t32kXji,24.18.08,Top 10 Music Moments This Week,Channel_2347,11,2024-08-17T04:00:00.000Z,live|music|review,52618,3630,350,901,https://i.ytimg.com/vi/fUa3iDJfb0q/default.jpg,False,False,False,Auto-generated sample description for Music video.
v7j_8uJ7qZF,24.11.05,Behind the Scenes: People & Blogs,Channel_940,8,2024-05-07T22:00:00.000Z,trending|2024|live,47733,1037,103,923,https://i.ytimg.com/vi/UEy5-0xegW-/default.jpg,True,False,False,Auto-generated sample description for People & Blogs video.
fnDhsmdIxuE,24.18.02,Official Music Highlights,Channel_3259,3,2024-02-14T09:00:00.000Z,official|live|2024,1105636,43037,5299,2668,https://i.ytimg.com/vi/Yy5AsbgQ6fm/default.jpg,False,False,False,Auto-generated sample description for Music video.
WIP1azXRoI0,24.22.09,Music Compilation 2024,Channel_1760,3,2024-09-18T06:00:00.000Z,official|live|music,123387,2504,787,2079,https://i.ytimg.com/vi/udy09lvJ3ID/default.jpg,False,True,False,Auto-generated sample description for Music video.
AGFzcvbNKha,24.27.12,Why This Gaming Video Went Viral,Channel_2751,6,2024-12-26T18:00:00.000Z,trending|2024|live,245610,10203,494,1353,https://i.ytimg.com/vi/T4fzIP0H9SW/default.jpg,False,False,False,Auto-generated sample description for Gaming video.
-4oawlQYBcZ,24.11.10,Why This Entertainment Video Went Viral,Channel_1939,14,2024-10-11T17:00:00.000Z,music|review|live,305104,21297,1283,5065,https://i.ytimg.com/vi/qqIBDSsdBJm/default.jpg,False,False,False,Auto-generated sample description for Entertainment video.
diZSWMGHrMb,24.23.08,Reacting to Gaming Trends,Channel_2931,6,2024-08-21T20:00:00.000Z,2024|trending|music,31860,2435,301,588,https://i.ytimg.com/vi/UhrEx4pus4G/default.jpg,False,False,False,Auto-generated sample description for Gaming video.
3n4phXTxETG,24.08.06,Music Compilation 2024,Channel_3145,11,2024-06-07T17:00:00.000Z,review|music|trending,13410,840,79,218,https://i.ytimg.com/vi/F4LPsGgD2lf/default.jpg,False,False,False,Auto-generated sample description for Music video.
agvb-G9zwON,24.14.03,Entertainment Compilation 2024,Channel_1327,14,2024-03-11T13:00:00.000Z,music|review|2024,120569,4088,733,1515,https://i.ytimg.com/vi/BqWcjiqTTyZ/default.jpg,False,False,False,Auto-generated sample description for Entertainment video.
9ZfBAIb_542,24.01.10,Reacting to Education Trends,Channel_2317,10,2024-09-28T17:00:00.000Z,2024|official|trending,14807,1000,96,186,https://i.ytimg.com/vi/TtqBjOUMzVG/default.jpg,False,False,False,Auto-generated sample description for Education video.
scpWx2iQR7I,24.21.12,Gaming Compilation 2024,Channel_1969,16,2024-12-19T11:00:00.000Z,trending|review|live,5909,383,35,58,https://i.ytimg.com/vi/nxECAERaWzD/default.jpg,False,False,False,Auto-generated sample description for Gaming video.
WnTyb9aL8Ph,25.07.02,Behind the Scenes: Nonprofits & Activism,Channel_685,5,2025-02-03T06:00:00.000Z,review|trending|music,1841,130,14,32,https://i.ytimg.com/vi/9PeZua0kk6v/default.jpg,False,False,False,Auto-generated sample description for Nonprofits & Activism video.
aumhyCFjIkb,24.01.03,Behind the Scenes: Music,Channel_1669,3,2024-02-27T04:00:00.000Z,live|trending|2024,14870,601,143,94,https://i.ytimg.com/vi/FinqkJAzYZM/default.jpg,False,False,False,Auto-generated sample description for Music video.
euPxRO2GJou,24.31.01,Behind the Scenes: Comedy,Channel_1318,4,2024-01-29T18:00:00.000Z,vlog|official|trending,72625,3725,374,749,https://i.ytimg.com/vi/gA5lKqblF0H/default.jpg,False,False,False,Auto-generated sample description for Comedy video.
dTHyJb7UAqr,24.14.12,Reacting to Music Trends,Channel_3587,11,2024-12-13T21:00:00.000Z,review|official|vlog,21257,249,71,71,https://i.ytimg.com/vi/2kIS1r4KlZo/default.jpg,False,False,False,Auto-generated sample description for Music video.
t1HSo3iCmK_,24.14.03,Reacting to Education Trends,Channel_1106,10,2024-03-14T08:00:00.000Z,vlog|music|review,1604,120,4,10,https://i.ytimg.com/vi/SPsE-XPjug8/default.jpg,False,False,False,Auto-generated sample description for Education video.
0xxQXQKN9IR,25.03.01,Why This Travel & Events Video Went Viral,Channel_2861,13,2025-01-03T15:00:00.000Z,vlog|trending|official,35415,2228,259,24,https://i.ytimg.com/vi/OeJh-fX-Tfu/default.jpg,False,False,False,Auto-generated sample description for Travel & Events video.
OIWGJPL5l1B,24.08.12,Entertainment Compilation 2024,Channel_2726,14,2024-12-05T04:00:00.000Z,official|2024|trending,109858,1374,101,848,https://i.ytimg.com/vi/S7z7a_G6CUC/default.jpg,False,False,False,Auto-generated sample description for Entertainment video.
PEEHTnK-Rfs,24.22.10,Entertainment Compilation 2024,Channel_2210,14,2024-10-21T11:00:00.000Z,live|official|review,34179,1824,170,332,https://i.ytimg.com/vi/7BNaPzeacY1/default.jpg,False,False,False,Auto-generated sample description for Entertainment video.
-m2fNWg5UxZ,24.12.01,Official Music Highlights,Channel_3985,3,2024-01-12T07:00:00.000Z,vlog|trending|review,30418,2395,177,511,https://i.ytimg.com/vi/uYZIBivmJDF/default.jpg,False,False,False,Auto-generated sample description for Music video.
MYNcVNQuqgJ,24.23.12,Behind the Scenes: Music,Channel_3332,3,2024-12-22T10:00:00.000Z,2024|trending|live,21541,897,149,253,https://i.ytimg.com/vi/slIwRnHJcAP/default.jpg,False,False,False,Auto-generated sample description for Music video.
8_YoYDnAzv4,24.20.01,Why This Entertainment Video Went Viral,Channel_1074,14,2024-01-19T14:00:00.000Z,official|vlog|review,86781,6451,625,1641,https://i.ytimg.com/vi/h-iAt50Zvk8/default.jpg,False,False,False,Auto-generated sample description for Entertainment video.
w3DBR7MCD3P,24.05.01,Why This Music Video Went Viral,Channel_464,11,2024-01-02T14:00:00.000Z,review|trending|official,178675,11043,1001,2429,https://i.ytimg.com/vi/Ur3PKsojF0b/default.jpg,False,False,False,Auto-generated sample description for Music video.
bztiTPQ5fE7,24.21.07,Why This Entertainment Video Went Viral,Channel_1065,14,2024-07-19T14:00:00.000Z,review|music|trending,44758,1273,178,116,https://i.ytimg.com/vi/_SAAnBv3fv_/default.jpg,False,False,False,Auto-generated sample description for Entertainment video.
PNK3CG2MZfB,24.29.01,Behind the Scenes: Entertainment,Channel_3780,14,2024-01-25T04:00:00.000Z,official|2024|music,15943,891,113,215,https://i.ytimg.com/vi/EIlxCR8-3dF/default.jpg,False,False,False,Auto-generated sample description for Entertainment video.
APLm1WMVYRA,24.21.11,Official Autos & Vehicles Highlights,Channel_2577,1,2024-11-18T16:00:00.000Z,music|vlog|trending,2190,86,9,11,https://i.ytimg.com/vi/g7Yqio8hfDF/default.jpg,False,False,False,Auto-generated sample description for Autos & Vehicles video.
yH8OUdbkxRL,24.08.07,Reacting to Nonprofits & Activism Trends,Channel_1279,5,2024-07-08T19:00:00.000Z,trending|live|review,6015,330,48,27,https://i.ytimg.com/vi/MAL5miifmp9/default.jpg,False,False,False,Auto-generated sample description for Nonprofits & Activism video.
3jvvCiTcebm,24.10.05,Entertainment Compilation 2024,Channel_409,14,2024-05-06T18:00:00.000Z,trending|live|review,111270,2488,1085,1079,https://i.ytimg.com/vi/XeLx94Dinu6/default.jpg,False,False,False,Auto-generated sample description for Entertainment video.
Yl7tiza2i8q,24.19.09,Reacting to Gaming Trends,Channel_2050,16,2024-09-19T01:00:00.000Z,music|review|trending,41405,1956,100,784,https://i.ytimg.com/vi/MwMXgHI5CAk/default.jpg,False,False,False,Auto-generated sample description for Gaming video.
OTEof5x8JUx,24.17.03,Reacting to Music Trends,Channel_3670,11,2024-03-14T22:00:00.000Z,vlog|2024|review,209671,6666,841,1731,https://i.ytimg.com/vi/JrN1a195VZl/default.jpg,False,False,False,Auto-generated sample description for Music video.
UfW1wCtVqU1,24.11.03,Behind the Scenes: People & Blogs,Channel_2774,8,2024-03-07T09:00:00.000Z,live|music|review,3112,51,2,53,https://i.ytimg.com/vi/ucaLB-D9__J/default.jpg,False,False,False,Auto-generated sample description for People & Blogs video.
Jnxz1ZRzrFy,24.18.08,Reacting to Music Trends,Channel_4763,11,2024-08-17T14:00:00.000Z,review|vlog|live,4899,314,5,23,https://i.ytimg.com/vi/waVTRQrNtOF/default.jpg,False,False,False,Auto-generated sample description for Music video.
WP8JmnI4kTE,24.28.06,Behind the Scenes: Entertainment,Channel_2684,14,2024-06-28T03:00:00.000Z,2024|live|music,90428,6413,268,1703,https://i.ytimg.com/vi/ldBEFqG7p9-/default.jpg,False,False,False,Auto-generated sample description for Entertainment video.
Hw-8Gx68U3o,24.10.04,Comedy Compilation 2024,Channel_2038,4,2024-04-07T03:00:00.000Z,review|music|official,182291,11743,1205,912,https://i.ytimg.com/vi/YjknOEuT62Z/default.jpg,False,False,False,Auto-generated sample description for Comedy video.
aDdC4DKBVAV,24.07.03,Top 10 Entertainment Moments This Week,Channel_659,14,2024-03-04T11:00:00.000Z,live|review|music,26683,1234,64,384,https://i.ytimg.com/vi/yiz-ToUkTLB/default.jpg,False,False,False,Auto-generated sample description for Entertainment video.
IK6fZFATOSE,25.16.01,Music Compilation 2024,Channel_1972,3,2025-01-15T17:00:00.000Z,live|review|2024,10330,248,98,201,https://i.ytimg.com/vi/5QHhPTb8zbm/default.jpg,False,False,False,Auto-generated sample description for Music video.
rknhgTBxR1h,24.27.01,Why This Nonprofits & Activism Video Went Viral,Channel_836,17,2024-01-25T15:00:00.000Z,review|music|vlog,28228,363,124,89,https://i.ytimg.com/vi/q8GsZapwfe3/default.jpg,False,False,False,Auto-generated sample description for Nonprofits & Activism video.
3wtg4j9hTGX,24.29.08,Why This Music Video Went Viral,Channel_3765,11,2024-08-25T03:00:00.000Z,music|2024|official,1028262,70248,865,5148,https://i.ytimg.com/vi/uEqztqFhqi1/default.jpg,False,False,False,Auto-generated sample description for Music video.
gIs9HAGuE16,24.10.10,Official Gaming Highlights,Channel_2040,6,2024-10-06T06:00:00.000Z,2024|review|official,1108,70,8,17,https://i.ytimg.com/vi/az8Z11lGYTG/default.jpg,False,False,False,Auto-generated sample description for Gaming video.
jcMVaWW3mRi,24.08.01,Behind the Scenes: Pets & Animals,Channel_2315,2,2024-01-07T01:00:00.000Z,music|trending|review,17212,468,54,29,https://i.ytimg.com/vi/dPH5ihUHbPI/default.jpg,False,False,False,Auto-generated sample description for Pets & Animals video.
D_R0lS2yOBC,24.13.05,Reacting to Music Trends,Channel_4873,11,2024-05-11T00:00:00.000Z,live|music|review,10997,601,81,40,https://i.ytimg.com/vi/tZvOIGulDWg/default.jpg,False,False,False,Auto-generated sample description for Music video.
FMXmAPR32mp,24.04.03,Gaming Compilation 2024,Channel_3618,16,2024-03-01T14:00:00.000Z,live|review|music,8619,254,73,14,https://i.ytimg.com/vi/O4iohkW11gu/default.jpg,False,False,False,Auto-generated sample description for Gaming video.
gT4MLAL8LOO,24.05.11,Top 10 Entertainment Moments This Week,Channel_3027,14,2024-11-03T02:00:00.000Z,live|vlog|trending,270390,4835,554,4548,https://i.ytimg.com/vi/NG7Vgceb6oV/default.jpg,False,False,False,Auto-generated sample description for Entertainment video.
BFOkHRrAZmU,25.04.01,Official Comedy Highlights,Channel_1213,4,2025-01-03T18:00:00.000Z,2024|vlog|review,26268,913,219,275,https://i.ytimg.com/vi/wxzeDT75FGN/default.jpg,False,False,False,Auto-generated sample description for Comedy video.
Z5h3BZVEbxt,24.02.02,Reacting to Entertainment Trends,Channel_911,14,2024-01-29T07:00:00.000Z,official|music|trending,57829,1235,490,645,https://i.ytimg.com/vi/rQMiOpHcWoC/default.jpg,False,False,False,Auto-generated sample description for Entertainment video.
cZlKzrUJ6ct,24.17.05,Top 10 Science & Technology Moments This Week,Channel_4736,12,2024-05-16T15:00:00.000Z,music|live|trending,5595,74,24,95,https://i.ytimg.com/vi/bB3MEkMfA0B/default.jpg,False,False,False,Auto-generated sample description for Science & Technology video.
W_ZdikBae5t,24.26.08,Why This Autos & Vehicles Video Went Viral,Channel_14,1,2024-08-25T08:00:00.000Z,vlog|review|official,16155,1246,154,86,https://i.ytimg.com/vi/re4asRrfVNu/default.jpg,False,True,False,Auto-generated sample description for Autos & Vehicles video.
bGcuOr0YTul,24.05.03,Music Compilation 2024,Channel_4951,3,2024-03-01T12:00:00.000Z,music|vlog|2024,3037,113,21,60,https://i.ytimg.com/vi/ibHTe5AJ86v/default.jpg,False,False,False,Auto-generated sample description for Music video.
eHHmDcZ5pH2,24.27.11,Science & Technology Compilation 2024,Channel_738,12,2024-11-24T17:00:00.000Z,trending|2024|review,2960,231,27,46,https://i.ytimg.com/vi/yYfBIaAPdT4/default.jpg,False,False,False,Auto-generated sample description for Science & Technology video.
Gb28r1ntvK2,24.07.06,Why This Entertainment Video Went Viral,Channel_379,14,2024-06-04T16:00:00.000Z,official|vlog|2024,18709,1396,103,34,https://i.ytimg.com/vi/3NoOHcWNMok/default.jpg,False,False,False,Auto-generated sample description for Entertainment video.
lZuWj7JjUX6,24.13.02,Official Film & Animation Highlights,Channel_284,9,2024-02-12T04:00:00.000Z,vlog|live|review,1782,62,1,32,https://i.ytimg.com/vi/gWO-9pBIiWd/default.jpg,False,False,False,Auto-generated sample description for Film & Animation video.
ur4BBvlNPiL,24.03.06,Top 10 Entertainment Moments This Week,Channel_4070,14,2024-05-31T08:00:00.000Z,review|music|official,151503,7822,720,1319,https://i.ytimg.com/vi/UuFea6-02yh/default.jpg,False,False,False,Auto-generated sample description for Entertainment video.
VFhgBdN60gm,24.21.04,Official Music Highlights,Channel_2136,11,2024-04-21T13:00:00.000Z,trending|live|official,5363,82,44,45,https://i.ytimg.com/vi/_aqB8JgMNqu/default.jpg,False,False,False,Auto-generated sample description for Music video.
-jaNiecBxQK,24.13.12,Reacting to Comedy Trends,Channel_3184,4,2024-12-09T19:00:00.000Z,live|review|official,15531,947,143,164,https://i.ytimg.com/vi/RiBflUZKzc9/default.jpg,False,False,False,Auto-generated sample description for Comedy video.
zOBHKT2rmjP,24.15.02,Official Comedy Highlights,Channel_3984,4,2024-02-13T12:00:00.000Z,live|official|2024,63871,2750,210,626,https://i.ytimg.com/vi/OBVhdPY1OqF/default.jpg,False,False,False,Auto-generated sample description for Comedy video.
MTgzmqFYSwz,25.04.01,Comedy Compilation 2024,Channel_2742,4,2025-01-02T00:00:00.000Z,music|review|2024,10648,572,102,210,https://i.ytimg.com/vi/axZEz4nG9Ys/default.jpg,False,False,False,Auto-generated sample description for Comedy video.
wYeVpwI8wxZ,24.30.08,Top 10 Entertainment Moments This Week,Channel_3515,14,2024-08-27T08:00:00.000Z,music|live|official,42025,2103,25,302,https://i.ytimg.com/vi/lhsHdSsRLgE/default.jpg,False,False,False,Auto-generated sample description for Entertainment video.
QJiZoiqWwxa,24.05.06,Comedy Compilation 2024,Channel_2913,4,2024-06-02T13:00:00.000Z,live|trending|official,16113,1276,53,70,https://i.ytimg.com/vi/UAlN8cQ0ugo/default.jpg,False,False,False,Auto-generated sample description for Comedy video.
lNg6x0yUbOf,25.01.02,Behind the Scenes: Entertainment,Channel_1481,14,2025-01-30T18:00:00.000Z,review|trending|vlog,217600,3351,1186,2534,https://i.ytimg.com/vi/CQTu4-bO8yg/default.jpg,False,False,False,Auto-generated sample description for Entertainment video.
kQbXClax_iD,24.14.02,Behind the Scenes: Education,Channel_1412,10,2024-02-11T09:00:00.000Z,live|review|vlog,43285,2294,140,51,https://i.ytimg.com/vi/DVS5jGPVSfp/default.jpg,False,False,False,"Auto-generated sample description for Education video.
Second line inside a quoted CSV field."
m8mWyPgcRPP,24.13.05,Official Music Highlights,Channel_1963,11,2024-05-13T17:00:00.000Z,vlog|2024|trending,1467,33,6,18,https://i.ytimg.com/vi/F3cE3NyvNu1/default.jpg,False,False,False,Auto-generated sample description for Music video.
NvhLJcnjkqQ,24.24.04,Top 10 Music Moments This Week,Channel_2488,11,2024-04-22T05:00:00.000Z,live|official|trending,29094,703,190,272,https://i.ytimg.com/vi/2JDhyPSA2gE/default.jpg,False,False,False,Auto-generated sample description for Music video.
rytf-QImh1q,24.18.04,Official Music Highlights,Channel_1533,3,2024-04-16T18:00:00.000Z,music|live|2024,66753,2403,73,646,https://i.ytimg.com/vi/oT4mZpusWGQ/default.jpg,False,False,False,Auto-generated sample description for Music video.
aOphKh4nSsk,24.30.01,Behind the Scenes: Pets & Animals,Channel_2500,2,2024-01-28T15:00:00.000Z,review|trending|music,23614,813,51,104,https://i.ytimg.com/vi/77pylqaCRsA/default.jpg,False,False,False,Auto-generated sample description for Pets & Animals video.
6AbXqNDXHS_,24.23.03,Reacting to Entertainment Trends,Channel_3754,14,2024-03-21T05:00:00.000Z,review|vlog|trending,166024,7738,1064,3215,https://i.ytimg.com/vi/Qsv311twwLn/default.jpg,False,False,False,Auto-generated sample description for Entertainment video.
FNgv65ZI43G,24.03.01,Official Entertainment Highlights,Channel_1196,14,2024-01-02T21:00:00.000Z,review|music|2024,21538,586,170,314,https://i.ytimg.com/vi/BMPwLdFrZfi/default.jpg,False,False,False,Auto-generated sample description for Entertainment video.
KYRsW_e_tst,24.20.01,Top 10 Gaming Moments This Week,Channel_4723,16,2024-01-17T21:00:00.000Z,review|official|live,3101,127,13,23,https://i.ytimg.com/vi/d9TAV0yn3qu/default.jpg,False,False,False,Auto-generated sample description for Gaming video.
GboULm1IZS6,24.08.05,Official Film & Animation Highlights,Channel_1187,9,2024-05-06T01:00:00.000Z,2024|official|live,2055,143,16,10,https://i.ytimg.com/vi/Ul0qdf623Xl/default.jpg,False,False,False,Auto-generated sample description for Film & Animation video.
_JaE1Glymju,24.28.02,Music Compilation 2024,Channel_2828,3,2024-02-24T16:00:00.000Z,review|trending|vlog,68120,3122,478,1184,https://i.ytimg.com/vi/anOG5_fizYY/default.jpg,False,False,False,Auto-generated sample description for Music video.
4tCGUs-n--q,24.06.02,Why This People & Blogs Video Went Viral,Channel_2223,8,2024-02-04T21:00:00.000Z,official|vlog|live,22777,789,50,85,https://i.ytimg.com/vi/NJR6wnAzxDE/default.jpg,False,False,False,Auto-generated sample description for People & Blogs video.
pYs7UTJokon,24.19.07,Behind the Scenes: Music,Channel_1360,3,2024-07-15T15:00:00.000Z,official|review|vlog,10967,738,87,22,https://i.ytimg.com/vi/z1xctInVJNw/default.jpg,False,False,False,Auto-generated sample description for Music video.
-ULumKHfU7L,24.07.09,Comedy Compilation 2024,Channel_4054,4,2024-09-05T08:00:00.000Z,trending|2024|official,8901,437,64,82,https://i.ytimg.com/vi/MxKay5gSnJd/default.jpg,False,False,False,Auto-generated sample description for Comedy video.
E40YFtTy-3J,24.23.09,Official Music Highlights,Channel_2080,3,2024-09-19T05:00:00.000Z,review|2024|live,156613,2827,903,884,https://i.ytimg.com/vi/hUvITE0raAs/default.jpg,False,False,False,Auto-generated sample description for Music video.
k3ho4aJA9DQ,24.27.03,Official Pets & Animals Highlights,Channel_4656,2,2024-03-26T18:00:00.000Z,live|vlog|2024,164813,10429,271,716,https://i.ytimg.com/vi/sGyLbcKqdjr/default.jpg,False,True,False,Auto-generated sample description for Pets & Animals video.
AckzZU23Yth,24.21.11,Reacting to Music Trends,Channel_4810,11,2024-11-17T17:00:00.000Z,vlog|review|trending,136061,8976,1244,2174,https://i.ytimg.com/vi/v8U3Poxrxm_/default.jpg,False,False,False,Auto-generated sample description for Music video.
GPVsclOwlRH,24.15.10,Reacting to Entertainment Trends,Channel_2218,14,2024-10-11T07:00:00.000Z,live|vlog|trending,13194,713,99,10,https://i.ytimg.com/vi/ZnjaP_xEgw3/default.jpg,False,False,False,Auto-generated sample description for Entertainment video.
TXHRHzXOi7S,24.01.06,Why This Music Video Went Viral,Channel_2547,11,2024-05-30T02:00:00.000Z,live|review|trending,85056,1791,362,139,https://i.ytimg.com/vi/if20E28wud0/default.jpg,False,False,False,Auto-generated sample description for Music video.
gwCfWBIiax2,24.11.11,Why This Music Video Went Viral,Channel_4193,11,2024-11-10T07:00:00.000Z,official|trending|music,76231,3599,462,610,https://i.ytimg.com/vi/qsCZ2YJradE/default.jpg,False,False,False,Auto-generated sample description for Music video.
aBMSapAGX-x,24.30.11,Music Compilation 2024,Channel_1881,11,2024-11-30T03:00:00.000Z,2024|official|live,10559,746,72,123,https://i.ytimg.com/vi/iuQThyVyH-q/default.jpg,False,False,False,Auto-generated sample description for Music video.
8H2inZPfOx9,24.29.05,Why This Entertainment Video Went Viral,Channel_2466,14,2024-05-26T20:00:00.000Z,vlog|trending|music,382229,17770,2550,6178,https://i.ytimg.com/vi/QoJl9YsPnkt/default.jpg,False,False,False,Auto-generated sample description for Entertainment video.
em3W8FqnaN5,24.29.07,Official Science & Technology Highlights,Channel_3066,12,2024-07-25T05:00:00.000Z,review|2024|official,6322,439,14,62,https://i.ytimg.com/vi/kqxVoG7VAkt/default.jpg,False,False,False,Auto-generated sample description for Science & Technology video.
Y3YfFjz79tu,24.14.06,Reacting to Comedy Trends,Channel_2945,7,2024-06-11T04:00:00.000Z,live|official|trending,89122,5905,362,260,https://i.ytimg.com/vi/2wihgOptMZj/default.jpg,False,False,False,Auto-generated sample description for Comedy video.
a1fdzucMe_a,24.10.08,Top 10 Entertainment Moments This Week,Channel_1099,14,2024-08-07T18:00:00.000Z,2024|vlog|trending,131152,7600,390,2513,https://i.ytimg.com/vi/3pLMftvbqK0/default.jpg,False,False,False,Auto-generated sample description for Entertainment video.
Z7p498bDo2m,24.31.03,Reacting to Music Trends,Channel_921,11,2024-03-28T00:00:00.000Z,vlog|review|live,71399,5194,169,455,https://i.ytimg.com/vi/GqzBvk4pGqC/default.jpg,False,False,False,Auto-generated sample description for Music video.
MpzfXtFBb0B,24.16.12,Why This Entertainment Video Went Viral,Channel_406,14,2024-12-13T19:00:00.000Z,music|live|trending,23269,1043,126,336,https://i.ytimg.com/vi/9q5e1oaBTdQ/default.jpg,False,False,False,Auto-generated sample description for Entertainment video.
g07AxzxN97E,25.02.01,Reacting to Music Trends,Channel_1303,11,2025-01-01T04:00:00.000Z,live|official|music,35580,2787,251,601,https://i.ytimg.com/vi/-2AxPpUjDN2/default.jpg,False,False,True,Auto-generated sample description for Music video.
7oBsCsC-JLQ,24.12.11,Top 10 Music Moments This Week,Channel_4948,11,2024-11-09T11:00:00.000Z,music|live|2024,263863,9299,2238,1199,https://i.ytimg.com/vi/_nQMLGrGG28/default.jpg,False,False,False,Auto-generated sample description for Music video.
iv34Gw7j9TE,24.23.12,Behind the Scenes: Music,Channel_3353,11,2024-12-20T08:00:00.000Z,official|trending|2024,36981,2772,154,510,https://i.ytimg.com/vi/UryjE9AzZLZ/default.jpg,False,False,False,Auto-generated sample description for Music video.
gnN3eC5E_p5,24.21.03,Why This Science & Technology Video Went Viral,Channel_382,12,2024-03-18T16:00:00.000Z,vlog|review|live,146762,4187,696,580,https://i.ytimg.com/vi/LURoHds0LbU/default.jpg,False,False,False,Auto-generated sample description for Science & Technology video.
k0s7joIbN2b,24.15.09,Music Compilation 2024,Channel_1768,3,2024-09-11T06:00:00.000Z,live|music|trending,99295,2041,619,1360,https://i.ytimg.com/vi/4dBE4ztELoZ/default.jpg,False,False,False,Auto-generated sample description for Music video.
OFCbFn2aJCw,24.14.06,Travel & Events Compilation 2024,Channel_282,13,2024-06-13T14:00:00.000Z,2024|music|review,8256,112,23,95,https://i.ytimg.com/vi/uKSnNL1FTG1/default.jpg,False,False,False,Auto-generated sample description for Travel & Events video.
nW41z3qTqnC,24.10.07,Reacting to Comedy Trends,Channel_2702,7,2024-07-09T21:00:00.000Z,2024|trending|vlog,414,23,2,1,https://i.ytimg.com/vi/67NBKpmPCOJ/default.jpg,False,False,False,Auto-generated sample description for Comedy video.
iOvVqneJhe9,24.01.09,Entertainment Compilation 2024,Channel_1930,14,2024-08-29T10:00:00.000Z,review|vlog|2024,94487,1123,592,447,https://i.ytimg.com/vi/FVoTbSRNXX0/default.jpg,False,False,False,Auto-generated sample description for Entertainment video.
3eoJ7a2FJmu,24.08.05,Official Travel & Events Highlights,Channel_3566,13,2024-05-04T21:00:00.000Z,2024|live|trending,1202,77,2,2,https://i.ytimg.com/vi/_Bf5Jf9X6F4/default.jpg,False,False,False,Auto-generated sample description for Travel & Events video.
XyLRGp7XSkN,25.09.01,Official Pets & Animals Highlights,Channel_1153,2,2025-01-09T19:00:00.000Z,official|trending|music,21738,270,95,273,https://i.ytimg.com/vi/zGtK9odor5j/default.jpg,False,False,False,Auto-generated sample description for Pets & Animals video.
MC5pdqZXL0V,24.04.09,Official Music Highlights,Channel_2712,11,2024-09-02T18:00:00.000Z,trending|music|2024,19812,464,178,101,https://i.ytimg.com/vi/D5gwgb73w8L/default.jpg,False,False,False,Auto-generated sample description for Music video.
d43N7V1Awdn,24.20.12,Reacting to Comedy Trends,Channel_4462,7,2024-12-18T09:00:00.000Z,review|trending|official,9680,303,35,38,https://i.ytimg.com/vi/_1Y8IJJY84Q/default.jpg,False,False,False,Auto-generated sample description for Comedy video.
Bv_cd-BauTE,24.24.03,Top 10 Music Moments This Week,Channel_177,3,2024-03-22T04:00:00.000Z,vlog|2024|music,1008539,80219,4403,19330,https://i.ytimg.com/vi/pzVmMga-unK/default.jpg,False,False,False,Auto-generated sample description for Music video.
YEVRMhOhkqo,24.25.01,Behind the Scenes: Comedy,Channel_1877,4,2024-01-25T06:00:00.000Z,review|music|official,100523,5240,628,110,https://i.ytimg.com/vi/vKwLdPD3Bs_/default.jpg,False,False,False,Auto-generated sample description for Comedy video.
2lHlVTt6z2v,24.22.12,Official Gaming Highlights,Channel_38,16,2024-12-21T05:00:00.000Z,live|music|vlog,16168,1239,116,282,https://i.ytimg.com/vi/He823qboukB/default.jpg,False,False,False,Auto-generated sample description for Gaming video.
194_ByVtZWo,24.26.07,Why This Music Video Went Viral,Channel_429,11,2024-07-22T22:00:00.000Z,music|2024|review,252576,7045,1126,1113,https://i.ytimg.com/vi/Eqk5ol5XBpU/default.jpg,False,False,False,Auto-generated sample description for Music video.
XorjXU-qqDq,25.22.01,Reacting to Music Trends,Channel_1096,11,2025-01-19T05:00:00.000Z,official|2024|music,179806,12004,1621,3000,https://i.ytimg.com/vi/Ll0SpPgnXkS/default.jpg,False,False,False,Auto-generated sample description for Music video.
LBP42YTe2IZ,24.26.12,Top 10 Music Moments This Week,Channel_4591,3,2024-12-23T15:00:00.000Z,music|live|vlog,99208,7122,343,111,https://i.ytimg.com/vi/ivG2ihUzF-v/default.jpg,False,False,False,Auto-generated sample description for Music video.
X5B3Jwezyua,24.03.02,Official Entertainment Highlights,Channel_1183,14,2024-02-02T20:00:00.000Z,vlog|2024|review,14833,207,89,176,https://i.ytimg.com/vi/oC-GZNfGPYg/default.jpg,False,False,False,Auto-generated sample description for Entertainment video.
r2U0LaS75hJ,24.25.10,Official Music Highlights,Channel_2466,3,2024-10-24T15:00:00.000Z,trending|official|vlog,8537,563,69,154,https://i.ytimg.com/vi/yCJc_sV3FTS/default.jpg,False,False,False,Auto-generated sample description for Music video.
ElH6WBEm0it,24.08.11,Behind the Scenes: Music,Channel_343,3,2024-11-05T21:00:00.000Z,2024|official|vlog,83206,5195,642,681,https://i.ytimg.com/vi/Gs32lrh2LK-/default.jpg,False,False,False,Auto-generated sample description for Music video.
vN7VYVNHirz,24.24.08,Top 10 Nonprofits & Activism Moments This Week,Channel_2001,5,2024-08-21T15:00:00.000Z,trending|vlog|review,31988,2426,280,102,https://i.ytimg.com/vi/tyQZC_bVVgJ/default.jpg,False,False,False,Auto-generated sample description for Nonprofits & Activism video.
U9JH0oWLQwn,24.26.08,Why This Entertainment Video Went Viral,Channel_3348,14,2024-08-25T04:00:00.000Z,trending|live|official,1183334,60032,8574,5494,https://i.ytimg.com/vi/QJPPkdkKqew/default.jpg,False,False,False,Auto-generated sample description for Entertainment video.
WHflfZoropD,24.25.04,Behind the Scenes: Music,Channel_3703,11,2024-04-22T02:00:00.000Z,vlog|official|live,55636,2074,306,163,https://i.ytimg.com/vi/U-mFlvCQ44k/default.jpg,False,False,False,Auto-generated sample description for Music video.
srSn175GG-4,24.22.01,Reacting to Music Trends,Channel_4052,3,2024-01-22T22:00:00.000Z,live|trending|music,19833,1435,44,273,https://i.ytimg.com/vi/btCEwDWHjM_/default.jpg,False,False,False,Auto-generated sample description for Music video.
LZHn24tdPAt,24.11.06,Official Entertainment Highlights,Channel_2327,14,2024-06-10T05:00:00.000Z,official|live|trending,34998,751,208,255,https://i.ytimg.com/vi/Ytx-Ns0QsP7/default.jpg,False,False,False,Auto-generated sample description for Entertainment video.
b47jUT72Fds,24.23.07,Top 10 Music Moments This Week,Channel_1070,11,2024-07-23T05:00:00.000Z,trending|review|music,41126,1085,388,416,https://i.ytimg.com/vi/AQ7IvfPPkWA/default.jpg,False,False,False,Auto-generated sample description for Music video.
KOR80SwhZOV,24.29.11,Top 10 Music Moments This Week,Channel_899,3,2024-11-26T03:00:00.000Z,music|official|2024,50256,2497,48,342,https://i.ytimg.com/vi/sNqigyFtxCB/default.jpg,False,False,False,Auto-generated sample description for Music video.
J12p5DGgqLH,24.30.04,Why This Music Video Went Viral,Channel_3284,3,2024-04-29T12:00:00.000Z,2024|trending|music,188999,14000,919,1601,https://i.ytimg.com/vi/FL3dlIT41x7/default.jpg,False,False,False,Auto-generated sample description for Music video.
RRtMJb7Seyb,24.08.07,Entertainment Compilation 2024,Channel_4725,14,2024-07-04T17:00:00.000Z,official|trending|live,78277,1347,214,1233,https://i.ytimg.com/vi/5zjKM1bVjEO/default.jpg,False,False,False,Auto-generated sample description for Entertainment video.
vLZgAywgwS4,25.01.01,Top 10 Entertainment Moments This Week,Channel_4605,14,2024-12-30T03:00:00.000Z,trending|vlog|live,20756,1556,133,283,https://i.ytimg.com/vi/fBHFspFNbIh/default.jpg,False,False,False,Auto-generated sample description for Entertainment video.
yl1pVaSnu3Q,24.14.09,Music Compilation 2024,Channel_4623,11,2024-09-13T15:00:00.000Z,2024|live|review,88023,4904,414,901,https://i.ytimg.com/vi/X4-hUvJqqwa/default.jpg,False,False,False,Auto-generated sample description for Music video.
Zvq9RN-g18P,24.21.05,Top 10 Entertainment Moments This Week,Channel_4712,14,2024-05-17T02:00:00.000Z,live|official|vlog,28576,1986,241,275,https://i.ytimg.com/vi/JJBIpU598q0/default.jpg,False,False,False,Auto-generated sample description for Entertainment video.
lz-JEaJV7tH,24.30.06,Top 10 Comedy Moments This Week,Channel_4433,4,2024-06-28T19:00:00.000Z,review|live|2024,7245,460,7,11,https://i.ytimg.com/vi/M6Tnpc8yp4c/default.jpg,False,False,False,Auto-generated sample description for Comedy video.
5XfTJJT6AYX,24.30.09,Top 10 Music Moments This Week,Channel_263,11,2024-09-29T09:00:00.000Z,trending|music|official,44495,1747,68,274,https://i.ytimg.com/vi/LD7BeCrcuMs/default.jpg,False,False,False,Auto-generated sample description for Music video.
YDTU5q3MpB2,24.08.04,Entertainment Compilation 2024,Channel_4615,14,2024-04-04T10:00:00.000Z,2024|trending|music,10467,684,33,86,https://i.ytimg.com/vi/2ADvzWTBChi/default.jpg,False,False,False,Auto-generated sample description for Entertainment video.
xABSNMzHX1V,24.15.10,Reacting to Entertainment Trends,Channel_1616,14,2024-10-14T19:00:00.000Z,review|official|vlog,57270,1537,438,1089,https://i.ytimg.com/vi/AB4jScVxAd0/default.jpg,False,False,False,Auto-generated sample description for Entertainment video.
tzS4vqK2KCH,24.05.10,Behind the Scenes: Entertainment,Channel_2591,14,2024-10-01T00:00:00.000Z,official|music|2024,60093,3646,426,296,https://i.ytimg.com/vi/dhRX1EchpQu/default.jpg,False,False,False,Auto-generated sample description for Entertainment video.
1Fnx5eOtj8-,24.05.10,Official Education Highlights,Channel_2008,10,2024-10-05T21:00:00.000Z,trending|vlog|live,2117,70,19,37,https://i.ytimg.com/vi/LgfpUHHtRlx/default.jpg,False,False,False,Auto-generated sample description for Education video.
D1pKXbhBEHk,24.07.12,Official Music Highlights,Channel_4434,11,2024-12-06T09:00:00.000Z,review|music|live,353985,21825,1190,2626,https://i.ytimg.com/vi/BaJs4UugCvW/default.jpg,False,False,False,Auto-generated sample description for Music video.
zlGl_xoWf-o,24.30.09,Music Compilation 2024,Channel_2925,3,2024-09-29T11:00:00.000Z,official|music|2024,300328,20487,2869,5604,https://i.ytimg.com/vi/25Rhb3ZpJEu/default.jpg,False,False,False,Auto-generated sample description for Music video.
TUAKEYVNZ_x,24.30.12,Behind the Scenes: Gaming,Channel_1083,6,2024-12-26T14:00:00.000Z,review|2024|vlog,6902,255,49,137,https://i.ytimg.com/vi/BI1jLwSVKN8/default.jpg,False,False,False,Auto-generated sample description for Gaming video.
E6nFpwXKoKQ,24.27.09,Why This Film & Animation Video Went Viral,Channel_2156,9,2024-09-26T17:00:00.000Z,review|trending|2024,419,31,1,3,https://i.ytimg.com/vi/SujbKXGMX5U/default.jpg,False,False,False,Auto-generated sample description for Film & Animation video.
jjXfTQ5l-VK,24.22.08,Reacting to Music Trends,Channel_3110,3,2024-08-21T22:00:00.000Z,2024|music|live,40739,2272,128,302,https://i.ytimg.com/vi/_woWJZJdi0T/default.jpg,False,False,False,Auto-generated sample description for Music video.
klcCu4o5YLU,24.05.03,Top 10 Comedy Moments This Week,Channel_1599,4,2024-03-05T21:00:00.000Z,live|official|trending,2126,116,9,22,https://i.ytimg.com/vi/LobYc_JHDbV/default.jpg,False,False,False,Auto-generated sample description for Comedy video.
KYR8IPzyRmy,24.27.05,Music Compilation 2024,Channel_3933,11,2024-05-27T11:00:00.000Z,review|vlog|official,62700,1283,471,1139,https://i.ytimg.com/vi/Ks-2YvlmZuP/default.jpg,False,False,False,Auto-generated sample description for Music video.
iUYAP4dtIGN,24.10.12,Official Music Highlights,Channel_856,11,2024-12-09T12:00:00.000Z,live|review|trending,147984,11035,657,2809,https://i.ytimg.com/vi/sKONmx9zpy3/default.jpg,False,False,False,Auto-generated sample description for Music video.
xoJ2rToqxeC,24.19.11,Why This Science & Technology Video Went Viral,Channel_4875,12,2024-11-15T08:00:00.000Z,music|trending|review,30421,2020,155,80,https://i.ytimg.com/vi/6MgOnetfu5F/default.jpg,False,False,False,Auto-generated sample description for Science & Technology video.
x1hVUxnMbZr,24.15.06,Official Entertainment Highlights,Channel_480,14,2024-06-11T14:00:00.000Z,music|review|vlog,11251,229,89,24,https://i.ytimg.com/vi/d1Yph0XRY-H/default.jpg,False,False,False,Auto-generated sample description for Entertainment video.
hohRH3t2Juf,24.15.05,Music Compilation 2024,Channel_3638,11,2024-05-14T01:00:00.000Z,official|2024|vlog,53754,896,463,885,https://i.ytimg.com/vi/GqTjGt9hXyC/default.jpg,False,False,False,Auto-generated sample description for Music video.
QhGdF5KjNez,24.30.04,Official Comedy Highlights,Channel_808,7,2024-04-26T14:00:00.000Z,official|trending|vlog,3238,88,24,10,https://i.ytimg.com/vi/crf55gc0M_8/default.jpg,True,False,False,Auto-generated sample description for Comedy video.
czy843Gobg0,24.12.10,Reacting to Music Trends,Channel_2566,11,2024-10-09T03:00:00.000Z,review|trending|live,51392,1372,307,791,https://i.ytimg.com/vi/go0LpTpRNJJ/default.jpg,False,False,False,Auto-generated sample description for Music video.
wX4EWs0tJGK,24.16.02,Reacting to Entertainment Trends,Channel_1505,14,2024-02-14T12:00:00.000Z,official|live|trending,14764,467,120,69,https://i.ytimg.com/vi/h2d7AoyqlSn/default.jpg,False,False,True,Auto-generated sample description for Entertainment video.
w3cwJAAWSV1,24.21.04,Music Compilation 2024,Channel_1920,11,2024-04-18T22:00:00.000Z,music|vlog|trending,21119,226,175,86,https://i.ytimg.com/vi/gBcSNys9_FG/default.jpg,False,False,False,Auto-generated sample description for Music video.
uNoMGBgsOxJ,24.03.07,Top 10 Film & Animation Moments This Week,Channel_3035,9,2024-06-30T05:00:00.000Z,trending|2024|music,15149,1140,113,263,https://i.ytimg.com/vi/dg23Qc_yAVa/default.jpg,False,False,False,Auto-generated sample description for Film & Animation video.
4hyEAAfa-oy,24.30.03,Why This Comedy Video Went Viral,Channel_716,4,2024-03-28T12:00:00.000Z,music|vlog|2024,45194,1381,301,294,https://i.ytimg.com/vi/AuGaLjIq3mM/default.jpg,False,False,False,Auto-generated sample description for Comedy video.
g75mYnL_m4m,25.03.01,Behind the Scenes: Music,Channel_533,11,2025-01-03T08:00:00.000Z,review|music|live,34337,1571,169,496,https://i.ytimg.com/vi/THBZM24ewQz/default.jpg,False,False,False,Auto-generated sample description for Music video.
wwgvzG7L1m1,24.10.02,Nonprofits & Activism Compilation 2024,Channel_4470,5,2024-02-08T01:00:00.000Z,2024|official|review,19417,1198,39,177,https://i.ytimg.com/vi/AWD-OUiAJTY/default.jpg,False,False,False,Auto-generated sample description for Nonprofits & Activism video.
kZBvYrA7f16,24.17.12,Official Comedy Highlights,Channel_2882,4,2024-12-16T17:00:00.000Z,vlog|live|review,6128,151,29,88,https://i.ytimg.com/vi/ObpjUfLSsT3/default.jpg,False,False,False,Auto-generated sample description for Comedy video.
1KsoxhtO7V2,24.26.07,Official Entertainment Highlights,Channel_4085,14,2024-07-22T03:00:00.000Z,2024|trending|vlog,79760,2198,426,1122,https://i.ytimg.com/vi/vDX8LZV4G5V/default.jpg,False,False,False,Auto-generated sample description for Entertainment video.
y3BH8129KA-,24.17.01,Top 10 Gaming Moments This Week,Channel_4521,16,2024-01-17T06:00:00.000Z,live|review|music,182623,5906,340,1580,https://i.ytimg.com/vi/Cv4E7LRKRXE/default.jpg,False,False,False,Auto-generated sample description for Gaming video.
M5zozi9P5GH,24.17.09,Why This Gaming Video Went Viral,Channel_2827,6,2024-09-13T20:00:00.000Z,official|music|trending,41935,2003,42,389,https://i.ytimg.com/vi/JI7V3LEqg-O/default.jpg,False,False,False,Auto-generated sample description for Gaming video.
Jt3rMsXGhUy,24.22.06,Reacting to Entertainment Trends,Channel_1880,14,2024-06-20T03:00:00.000Z,2024|live|music,71008,1394,458,984,https://i.ytimg.com/vi/2HDUDPwEugq/default.jpg,False,False,True,Auto-generated sample description for Entertainment video.
gRV_rWDu-Yo,24.09.03,Behind the Scenes: Music,Channel_4777,3,2024-03-08T12:00:00.000Z,live|official|vlog,270914,10811,1035,1537,https://i.ytimg.com/vi/0DUUJhsXvYS/default.jpg,False,False,False,Auto-generated sample description for Music video.
kYUfdPErSbr,24.11.10,Official Music Highlights,Channel_1830,3,2024-10-09T08:00:00.000Z,review|live|trending,28895,1379,201,102,https://i.ytimg.com/vi/w6cFkHYvTRb/default.jpg,False,False,False,Auto-generated sample description for Music video.
cXqD9_RV-Y4,24.06.03,Top 10 Travel & Events Moments This Week,Channel_1366,13,2024-03-02T16:00:00.000Z,review|music|official,41859,457,104,333,https://i.ytimg.com/vi/omvMmnBFF2R/default.jpg,False,False,False,Auto-generated sample description for Travel & Events video.
bhvp4O5efc9,24.26.06,Reacting to Music Trends,Channel_2321,3,2024-06-22T02:00:00.000Z,live|vlog|official,42102,1940,291,650,https://i.ytimg.com/vi/wHqGbruW-HR/default.jpg,False,False,False,Auto-generated sample description for Music video.
B4_Ml4tq6o5,24.07.09,Why This Gaming Video Went Viral,Channel_3212,16,2024-09-03T15:00:00.000Z,vlog|live|official,3796,145,5,58,https://i.ytimg.com/vi/BZNrHmH7qBv/default.jpg,False,False,False,Auto-generated sample description for Gaming video.
qWOXUVw_TQS,24.23.01,Gaming Compilation 2024,Channel_4120,6,2024-01-20T07:00:00.000Z,review|vlog|2024,100254,3370,530,682,https://i.ytimg.com/vi/5zouK_r0-qL/default.jpg,False,True,False,Auto-generated sample description for Gaming video.
L0mnapq1hwf,24.17.01,Top 10 Gaming Moments This Week,Channel_2622,16,2024-01-16T17:00:00.000Z,music|trending|live,17245,846,134,278,https://i.ytimg.com/vi/Z1ICxbq-4EL/default.jpg,False,False,False,Auto-generated sample description for Gaming video.
c_klytstL8G,24.05.04,Music Compilation 2024,Channel_4149,11,2024-04-03T17:00:00.000Z,trending|official|2024,80269,1214,651,1592,https://i.ytimg.com/vi/vm61IOezG9V/default.jpg,False,False,False,Auto-generated sample description for Music video.
NduDEiZBCCk,25.18.01,Behind the Scenes: Comedy,Channel_3265,7,2025-01-15T00:00:00.000Z,live|vlog|2024,34641,1041,199,264,https://i.ytimg.com/vi/M77XDzU2vcA/default.jpg,False,False,False,Auto-generated sample description for Comedy video.
aQm4jfnZp_W,25.31.01,Reacting to Entertainment Trends,Channel_4754,14,2025-01-30T14:00:00.000Z,music|2024|trending,233269,6878,1111,2633,https://i.ytimg.com/vi/TmPE8Gdazbq/default.jpg,False,False,False,Auto-generated sample description for Entertainment video.
SG5444h8P4n,24.24.04,Behind the Scenes: Comedy,Channel_2891,4,2024-04-21T01:00:00.000Z,official|music|vlog,7520,269,33,20,https://i.ytimg.com/vi/P0RGK0VPdUs/default.jpg,False,False,False,Auto-generated sample description for Comedy video.
bCvnVx_DDAe,24.23.07,Top 10 Entertainment Moments This Week,Channel_4062,14,2024-07-19T00:00:00.000Z,official|live|trending,74323,1897,375,796,https://i.ytimg.com/vi/kciEXqlbBzO/default.jpg,False,False,False,Auto-generated sample description for Entertainment video.
MSt7BWTtopY,24.23.11,Gaming Compilation 2024,Channel_2379,6,2024-11-22T00:00:00.000Z,music|live|official,12987,273,95,65,https://i.ytimg.com/vi/BYjBAcqeszx/default.jpg,False,False,False,Auto-generated sample description for Gaming video.
kEdBGedt11i,25.06.01,Reacting to Music Trends,Channel_1813,3,2025-01-05T00:00:00.000Z,trending|2024|music,13408,484,58,76,https://i.ytimg.com/vi/Y1JSJL5eA6t/default.jpg,False,False,False,Auto-generated sample description for Music video.
UQ4FdCRiSoy,24.12.03,Top 10 Music Moments This Week,Channel_3268,11,2024-03-09T03:00:00.000Z,review|2024|music,400651,13302,3679,926,https://i.ytimg.com/vi/z8tyP3PZu_Q/default.jpg,False,False,False,Auto-generated sample description for Music video.
hl_D1bpEEEV,24.18.01,Official Entertainment Highlights,Channel_4139,14,2024-01-15T05:00:00.000Z,live|2024|official,9201,703,50,179,https://i.ytimg.com/vi/PLwpFdp1j-7/default.jpg,False,False,False,Auto-generated sample description for Entertainment video.
h0R0PyuO_X8,24.06.08,Music Compilation 2024,Channel_2838,3,2024-08-05T06:00:00.000Z,live|trending|2024,102276,4656,504,794,https://i.ytimg.com/vi/pbLGo14gCUj/default.jpg,False,False,False,Auto-generated sample description for Music video.
-gYZliqR1H5,24.28.05,Top 10 Entertainment Moments This Week,Channel_3398,14,2024-05-28T00:00:00.000Z,live|vlog|review,60136,1099,346,94,https://i.ytimg.com/vi/CbkeryQN61V/default.jpg,False,False,False,Auto-generated sample description for Entertainment video.
CB7ddSqdJeC,24.24.01,Why This Music Video Went Viral,Channel_394,3,2024-01-22T17:00:00.000Z,2024|live|trending,24318,319,237,468,https://i.ytimg.com/vi/jMCT4yvXyQg/default.jpg,False,False,False,Auto-generated sample description for Music video.
jrwAo1PFeC2,24.28.12,Entertainment Compilation 2024,Channel_4065,14,2024-12-25T14:00:00.000Z,music|vlog|live,5605,126,32,71,https://i.ytimg.com/vi/yA8wp9jkHhe/default.jpg,False,False,False,Auto-generated sample description for Entertainment video.
fRJ6nGtp9Z4,24.11.08,Top 10 Entertainment Moments This Week,Channel_3774,14,2024-08-10T21:00:00.000Z,trending|vlog|2024,105373,5410,898,1756,https://i.ytimg.com/vi/9MTpCL2lkL5/default.jpg,False,False,False,Auto-generated sample description for Entertainment video.
wwcvf4qJNra,24.04.09,Reacting to Comedy Trends,Channel_3275,7,2024-09-01T07:00:00.000Z,vlog|live|official,508,32,3,8,https://i.ytimg.com/vi/3_7aHogLGWh/default.jpg,False,True,False,Auto-generated sample description for Comedy video.
5UKREiPHhzN,24.06.01,Reacting to Film & Animation Trends,Channel_233,9,2024-01-02T01:00:00.000Z,trending|music|live,994,31,9,13,https://i.ytimg.com/vi/gFLq_INLX_E/default.jpg,False,False,False,Auto-generated sample description for Film & Animation video.
JQQUxNRxepH,24.02.09,Official Music Highlights,Channel_4230,11,2024-08-31T07:00:00.000Z,vlog|official|trending,13533,206,58,45,https://i.ytimg.com/vi/Bq3CJwO67Fj/default.jpg,False,False,False,Auto-generated sample description for Music video.
eUgjShYKe4B,24.05.11,Reacting to People & Blogs Trends,Channel_3480,8,2024-11-05T20:00:00.000Z,2024|live|trending,4428,62,11,2,https://i.ytimg.com/vi/uW4MglGpeLT/default.jpg,False,False,False,Auto-generated sample description for People & Blogs video.
xaasP0KtBFZ,24.21.04,Music Compilation 2024,Channel_3808,11,2024-04-20T07:00:00.000Z,official|vlog|live,4582,183,41,79,https://i.ytimg.com/vi/BqLYHe1iFTS/default.jpg,False,False,False,Auto-generated sample description for Music video.
75bQTY4t7F7,24.31.08,Official Entertainment Highlights,Channel_684,14,2024-08-27T11:00:00.000Z,live|official|review,104919,1617,954,880,https://i.ytimg.com/vi/zeFCEwEnRJr/default.jpg,False,False,False,Auto-generated sample description for Entertainment video.
GdtEYK8H41g,24.18.08,Top 10 Entertainment Moments This Week,Channel_4490,14,2024-08-17T06:00:00.000Z,trending|official|2024,15871,722,117,195,https://i.ytimg.com/vi/I2PqZq0MqGc/default.jpg,False,False,False,Auto-generated sample description for Entertainment video.
Xi4OWMpKhB8,24.12.11,Top 10 Nonprofits & Activism Moments This Week,Channel_4853,5,2024-11-10T01:00:00.000Z,music|review|official,3300,97,12,8,https://i.ytimg.com/vi/WPgDe7UtmYE/default.jpg,False,False,False,Auto-generated sample description for Nonprofits & Activism video.
PqnCg809FJy,24.03.09,Top 10 Music Moments This Week,Channel_3543,11,2024-08-30T09:00:00.000Z,trending|review|official,1791,35,9,16,https://i.ytimg.com/vi/zbUL4lFmfI0/default.jpg,False,False,False,Auto-generated sample description for Music video.
D6JnbT0ORMP,24.07.12,Reacting to Music Trends,Channel_1339,11,2024-12-06T13:00:00.000Z,official|review|2024,26154,1467,39,464,https://i.ytimg.com/vi/CuCvfJeG6sM/default.jpg,False,False,False,Auto-generated sample description for Music video.
xNvQDfbulfE,24.13.06,Top 10 Gaming Moments This Week,Channel_4629,16,2024-06-13T10:00:00.000Z,official|2024|trending,6862,388,51,109,https://i.ytimg.com/vi/fHCyZKOdQL6/default.jpg,False,False,False,Auto-generated sample description for Gaming video.
s8r0BS-KKaI,24.12.03,Reacting to Travel & Events Trends,Channel_2052,15,2024-03-10T20:00:00.000Z,review|live|official,1201,59,11,20,https://i.ytimg.com/vi/P5DzhiC7B2D/default.jpg,False,False,False,Auto-generated sample description for Travel & Events video.
wQKlsMt9HnE,24.08.07,Film & Animation Compilation 2024,Channel_1070,9,2024-07-04T15:00:00.000Z,2024|trending|review,24086,450,26,44,https://i.ytimg.com/vi/255uGZ4DBz6/default.jpg,False,False,False,Auto-generated sample description for Film & Animation video.
GtKhG7GTMmW,24.30.01,Why This Music Video Went Viral,Channel_2088,3,2024-01-28T12:00:00.000Z,official|review|music,17854,547,149,94,https://i.ytimg.com/vi/-n2jPNZn8ep/default.jpg,False,False,False,Auto-generated sample description for Music video.
6LQeyDpMtwB,24.04.03,Comedy Compilation 2024,Channel_869,7,2024-02-29T10:00:00.000Z,live|2024|review,49571,853,361,679,https://i.ytimg.com/vi/Ui-R0lV4wzX/default.jpg,False,False,False,Auto-generated sample description for Comedy video.
ZnJEM5RR4lc,24.24.03,Why This Autos & Vehicles Video Went Viral,Channel_3993,1,2024-03-20T12:00:00.000Z,vlog|music|official,85976,1026,225,551,https://i.ytimg.com/vi/SYYWoPIdLbO/default.jpg,True,False,False,Auto-generated sample description for Autos & Vehicles video.
EdotNWOPHKy,24.27.03,Official Entertainment Highlights,Channel_602,14,2024-03-25T18:00:00.000Z,music|trending|vlog,8227,345,53,9,https://i.ytimg.com/vi/3mtikjefZDV/default.jpg,False,False,False,Auto-generated sample description for Entertainment video.
-4sTir8zS6P,24.20.08,Why This Comedy Video Went Viral,Channel_2742,7,2024-08-20T11:00:00.000Z,trending|vlog|official,4856,112,2,12,https://i.ytimg.com/vi/IzOOOWI5Qkn/default.jpg,True,False,False,Auto-generated sample description for Comedy video.
n4147QmIeZs,24.04.08,Why This People & Blogs Video Went Viral,Channel_326,8,2024-08-01T17:00:00.000Z,music|official|trending,7512,360,36,113,https://i.ytimg.com/vi/1tzEGoZXcKk/default.jpg,False,False,False,Auto-generated sample description for People & Blogs video.
-VWZn8HT-0H,24.17.09,Top 10 Music Moments This Week,Channel_1776,3,2024-09-14T01:00:00.000Z,trending|live|2024,36088,2209,344,598,https://i.ytimg.com/vi/imZumuUa1yU/default.jpg,False,False,False,Auto-generated sample description for Music video.
zmO-SQBtk9J,24.12.12,Why This Entertainment Video Went Viral,Channel_216,14,2024-12-10T22:00:00.000Z,live|review|music,29702,1085,285,389,https://i.ytimg.com/vi/DMCbvxCZ8xj/default.jpg,False,False,False,Auto-generated sample description for Entertainment video.
IaSc6IDQS5_,24.29.07,Behind the Scenes: Music,Channel_3289,11,2024-07-28T17:00:00.000Z,trending|vlog|music,29687,1963,212,16,https://i.ytimg.com/vi/ltbykE0KUJh/default.jpg,False,False,False,Auto-generated sample description for Music video.
7QiRiyIeAPH,24.09.11,Reacting to Film & Animation Trends,Channel_4938,9,2024-11-06T14:00:00.000Z,review|2024|official,144445,7475,803,939,https://i.ytimg.com/vi/mgHboTTbagb/default.jpg,False,False,False,Auto-generated sample description for Film & Animation video.
e_LgUrmqhAr,24.22.10,Top 10 Entertainment Moments This Week,Channel_2726,14,2024-10-20T12:00:00.000Z,2024|live|review,11252,723,12,79,https://i.ytimg.com/vi/Cu3bE7hRNkS/default.jpg,False,False,False,Auto-generated sample description for Entertainment video.
2N2hvpwkSLw,24.24.08,Official Music Highlights,Channel_480,3,2024-08-22T19:00:00.000Z,2024|trending|music,27671,1965,161,125,https://i.ytimg.com/vi/HSmaC7SLLKK/default.jpg,False,False,False,Auto-generated sample description for Music video.
GNDPd6lYcsE,24.25.11,Why This Comedy Video Went Viral,Channel_1055,7,2024-11-25T10:00:00.000Z,2024|music|trending,12563,739,66,203,https://i.ytimg.com/vi/DjZP-Ho5v7J/default.jpg,False,False,False,Auto-generated sample description for Comedy video.
UP2D01EKJ8Z,24.12.07,Top 10 Gaming Moments This Week,Channel_4010,16,2024-07-09T10:00:00.000Z,music|trending|live,1401,94,2,21,https://i.ytimg.com/vi/PwYfzLk3a8V/default.jpg,False,False,False,Auto-generated sample description for Gaming video.
1ND46m4sQYh,24.29.05,Gaming Compilation 2024,Channel_4270,16,2024-05-28T15:00:00.000Z,music|vlog|live,5252,108,42,5,https://i.ytimg.com/vi/rcG7RfNLykx/default.jpg,False,False,False,Auto-generated sample description for Gaming video.
VJXDCIwyRLr,24.19.05,Top 10 Entertainment Moments This Week,Channel_2792,14,2024-05-15T13:00:00.000Z,2024|music|trending,536903,41428,1072,2655,https://i.ytimg.com/vi/HSqQHeB9NWB/default.jpg,False,False,False,Auto-generated sample description for Entertainment video.
ad1--uyFEqP,24.17.01,Top 10 Music Moments This Week,Channel_1964,3,2024-01-13T01:00:00.000Z,review|2024|trending,98528,7838,954,705,https://i.ytimg.com/vi/l6i1l4TAdBY/default.jpg,False,False,False,Auto-generated sample description for Music video.
bXnrFaPHhfr,24.03.10,Reacting to Music Trends,Channel_765,3,2024-10-01T18:00:00.000Z,trending|2024|review,31766,1254,288,216,https://i.ytimg.com/vi/Zt89OLggA2W/default.jpg,False,False,False,Auto-generated sample description for Music video.
TrNdA7s9oej,25.15.01,Reacting to Music Trends,Channel_1353,11,2025-01-15T20:00:00.000Z,2024|live|vlog,62394,4678,554,1053,https://i.ytimg.com/vi/wDKuCRKm1WT/default.jpg,False,False,False,Auto-generated sample description for Music video.
RsmkU688A15,24.29.06,Official Music Highlights,Channel_4290,3,2024-06-28T13:00:00.000Z,vlog|live|music,199770,2964,116,656,https://i.ytimg.com/vi/aiWA8iVTU-g/default.jpg,False,False,False,Auto-generated sample description for Music video.
stShptFyZdZ,24.20.04,Behind the Scenes: Gaming,Channel_1529,16,2024-04-19T00:00:00.000Z,2024|review|vlog,136975,3887,331,1920,https://i.ytimg.com/vi/7WJcuWS1fGo/default.jpg,False,False,False,Auto-generated sample description for Gaming video.
YHg9Ph328rE,24.04.01,Top 10 Film & Animation Moments This Week,Channel_815,9,2024-01-01T20:00:00.000Z,official|2024|live,3710,155,22,70,https://i.ytimg.com/vi/5DvP58YOHNS/default.jpg,False,False,False,Auto-generated sample description for Film & Animation video.
8_yjHae1KxR,24.05.03,Behind the Scenes: Music,Channel_1789,11,2024-03-02T16:00:00.000Z,official|trending|live,8930,656,5,30,https://i.ytimg.com/vi/Vh3IOKwIQ3Z/default.jpg,False,False,False,Auto-generated sample description for Music video.
C8bDo-sxxb_,24.02.03,Entertainment Compilation 2024,Channel_49,14,2024-02-29T21:00:00.000Z,vlog|music|official,58267,2975,418,418,https://i.ytimg.com/vi/rSYiSnsxrMX/default.jpg,False,False,False,Auto-generated sample description for Entertainment video.
lVjPIBmeZyw,24.11.11,Why This Science & Technology Video Went Viral,Channel_1128,12,2024-11-07T11:00:00.000Z,vlog|2024|official,4104,91,25,37,https://i.ytimg.com/vi/akkPRkuKifu/default.jpg,False,False,False,Auto-generated sample description for Science & Technology video.
XVpGgiew0BV,24.20.08,Music Compilation 2024,Channel_1900,11,2024-08-20T18:00:00.000Z,2024|music|official,24038,1523,171,187,https://i.ytimg.com/vi/KLnFAMT4MF3/default.jpg,False,False,False,Auto-generated sample description for Music video.
go7XEGs0glN,24.17.06,Why This Comedy Video Went Viral,Channel_4414,4,2024-06-16T09:00:00.000Z,review|official|music,9818,173,97,87,https://i.ytimg.com/vi/McFKtb7c3Is/default.jpg,False,False,False,Auto-generated sample description for Comedy video.
ss68szwYnzy,24.27.11,Behind the Scenes: Comedy,Channel_4483,4,2024-11-26T13:00:00.000Z,live|vlog|review,8305,345,10,86,https://i.ytimg.com/vi/pHv2NHcYuQB/default.jpg,False,False,False,Auto-generated sample description for Comedy video.
lgX61zymTWz,24.28.02,Why This Comedy Video Went Viral,Channel_2770,4,2024-02-26T20:00:00.000Z,official|trending|review,15880,495,80,304,https://i.ytimg.com/vi/lwrfBAwAe8t/default.jpg,False,False,False,Auto-generated sample description for Comedy video.
KSIKMSKDew9,24.17.10,Reacting to Comedy Trends,Channel_4929,4,2024-10-16T07:00:00.000Z,trending|2024|live,4853,261,2,40,https://i.ytimg.com/vi/jCgSaGJycit/default.jpg,False,False,False,Auto-generated sample description for Comedy video.
LSzCFUXFGsl,24.15.08,Reacting to Autos & Vehicles Trends,Channel_3091,1,2024-08-13T16:00:00.000Z,live|vlog|2024,35221,2761,223,596,https://i.ytimg.com/vi/fKVIY0P0k5Q/default.jpg,False,False,False,Auto-generated sample description for Autos & Vehicles video.
DQduYbgJ3Pz,24.24.12,Music Compilation 2024,Channel_2655,11,2024-12-23T19:00:00.000Z,live|review|vlog,24685,1470,65,467,https://i.ytimg.com/vi/rlzUdquOY1C/default.jpg,False,False,False,Auto-generated sample description for Music video.
IhQDdllSk32,24.04.06,Official Science & Technology Highlights,Channel_3031,12,2024-06-01T17:00:00.000Z,trending|official|live,119503,7128,171,760,https://i.ytimg.com/vi/1sdiQIakMZh/default.jpg,False,False,False,Auto-generated sample description for Science & Technology video.
cRpDzflDHWo,25.06.01,Official People & Blogs Highlights,Channel_579,8,2025-01-05T01:00:00.000Z,live|review|trending,25483,1161,244,76,https://i.ytimg.com/vi/XnXJZaD1gav/default.jpg,False,False,False,Auto-generated sample description for People & Blogs video.
WJHPpjR0nUf,25.06.02,Why This Music Video Went Viral,Channel_4945,3,2025-02-02T13:00:00.000Z,music|trending|review,5712,85,20,11,https://i.ytimg.com/vi/MYp86TJpIdb/default.jpg,False,False,False,Auto-generated sample description for Music video.
BFoZEVa4qAU,24.23.06,Behind the Scenes: Comedy,Channel_389,7,2024-06-19T21:00:00.000Z,review|vlog|trending,12969,864,89,142,https://i.ytimg.com/vi/jwfpylhtir8/default.jpg,False,False,False,Auto-generated sample description for Comedy video.
ObhFplyacWM,25.20.01,Behind the Scenes: Comedy,Channel_1207,4,2025-01-18T20:00:00.000Z,live|vlog|2024,2865,125,12,25,https://i.ytimg.com/vi/udSU-KvuQST/default.jpg,False,False,True,Auto-generated sample description for Comedy video.
gZ1YtGL2nMf,24.02.06,Official People & Blogs Highlights,Channel_2392,8,2024-05-29T05:00:00.000Z,music|2024|live,57954,952,211,1119,https://i.ytimg.com/vi/9bVg9s3DEOq/default.jpg,False,False,False,Auto-generated sample description for People & Blogs video.
LWgAWRJDHer,24.23.09,Behind the Scenes: Music,Channel_232,11,2024-09-22T10:00:00.000Z,2024|official|review,30868,2158,134,308,https://i.ytimg.com/vi/J9xuR7dgU4j/default.jpg,False,False,False,Auto-generated sample description for Music video.
wPs92c8hsc8,24.09.03,Why This Entertainment Video Went Viral,Channel_217,14,2024-03-08T08:00:00.000Z,2024|trending|vlog,185776,7757,390,3492,https://i.ytimg.com/vi/JZL-mV1WKq0/default.jpg,False,False,False,Auto-generated sample description for Entertainment video.
Nu1rP-kB2U3,24.31.01,Official Music Highlights,Channel_4201,11,2024-01-30T11:00:00.000Z,trending|live|review,1438,105,3,1,https://i.ytimg.com/vi/u8cBPmZ5Rrd/default.jpg,False,False,False,Auto-generated sample description for Music video.
WkqWXKn2PH0,24.20.07,Music Compilation 2024,Channel_3091,3,2024-07-19T03:00:00.000Z,live|music|trending,75985,4617,485,1274,https://i.ytimg.com/vi/524InKHkaGO/default.jpg,False,False,False,Auto-generated sample description for Music video.
2ImT0Q8FdKF,24.25.12,Reacting to Comedy Trends,Channel_1965,4,2024-12-23T10:00:00.000Z,vlog|trending|2024,193560,7473,1396,1925,https://i.ytimg.com/vi/ddhd8JkN2H-/default.jpg,False,False,False,Auto-generated sample description for Comedy video.
2klbproNI2F,24.18.09,Reacting to Music Trends,Channel_2277,3,2024-09-18T13:00:00.000Z,2024|vlog|trending,116663,5340,825,92,https://i.ytimg.com/vi/SjumD_dYI2m/default.jpg,False,False,False,Auto-generated sample description for Music video.
u8IweauvjEX,24.16.05,People & Blogs Compilation 2024,Channel_3567,8,2024-05-12T01:00:00.000Z,official|live|trending,13697,193,119,189,https://i.ytimg.com/vi/YRF3Gc4oUMT/default.jpg,False,False,False,Auto-generated sample description for People & Blogs video.
Fs_8HbWN_vW,24.20.06,Official Film & Animation Highlights,Channel_3251,9,2024-06-19T05:00:00.000Z,official|review|trending,12225,194,50,148,https://i.ytimg.com/vi/yoamsOr0U85/default.jpg,False,False,False,Auto-generated sample description for Film & Animation video.
cHQfUk8muFk,24.08.03,Official Film & Animation Highlights,Channel_2082,9,2024-03-04T22:00:00.000Z,review|trending|2024,969,24,1,15,https://i.ytimg.com/vi/sW1wtIM6eID/default.jpg,False,False,False,Auto-generated sample description for Film & Animation video.
SVtXP7Eechs,24.03.10,Behind the Scenes: Music,Channel_583,3,2024-10-01T18:00:00.000Z,music|vlog|live,26971,1846,105,475,https://i.ytimg.com/vi/cwXcMLe3Hxt/default.jpg,False,False,False,Auto-generated sample description for Music video.
v7wqjH0uXmQ,24.03.06,Why This Gaming Video Went Viral,Channel_3739,6,2024-05-30T17:00:00.000Z,vlog|official|live,35023,897,295,21,https://i.ytimg.com/vi/TGjK1E6Pf5M/default.jpg,True,False,False,Auto-generated sample description for Gaming video.
iTQiVfN7TdB,24.21.05,Official Music Highlights,Channel_1516,3,2024-05-18T18:00:00.000Z,vlog|music|live,279512,9932,992,2362,https://i.ytimg.com/vi/ZUF0A3rQon-/default.jpg,False,False,False,Auto-generated sample description for Music video.
T6SjVUY3miD,24.04.07,Behind the Scenes: Comedy,Channel_4051,4,2024-06-30T04:00:00.000Z,trending|music|official,139058,2558,556,963,https://i.ytimg.com/vi/TZFi7LizGDj/default.jpg,False,False,False,Auto-generated sample description for Comedy video.
iN6CFzS4XPI,25.01.02,Top 10 Entertainment Moments This Week,Channel_10,14,2025-01-31T17:00:00.000Z,vlog|live|official,13938,802,43,14,https://i.ytimg.com/vi/you9QIHctOi/default.jpg,False,False,False,Auto-generated sample description for Entertainment video.
wigPp-kcihS,24.29.07,Official Music Highlights,Channel_1026,3,2024-07-28T05:00:00.000Z,live|trending|review,26260,1163,59,81,https://i.ytimg.com/vi/PK_F69IAaXh/default.jpg,False,False,False,Auto-generated sample description for Music video.
fxWsyp2qLNJ,24.07.11,Top 10 Music Moments This Week,Channel_115,11,2024-11-03T00:00:00.000Z,vlog|2024|official,2101,71,11,2,https://i.ytimg.com/vi/slLUcQYNkKc/default.jpg,False,False,False,Auto-generated sample description for Music video.
sMyO29a9uJJ,24.13.01,Official Travel & Events Highlights,Channel_1397,15,2024-01-12T19:00:00.000Z,official|2024|live,145244,7392,578,995,https://i.ytimg.com/vi/jjIe9hlWL3f/default.jpg,False,False,False,Auto-generated sample description for Travel & Events video.
DDLbSAttCw0,24.26.04,Behind the Scenes: Film & Animation,Channel_2210,9,2024-04-23T00:00:00.000Z,review|official|music,5286,396,9,75,https://i.ytimg.com/vi/To613NnIcA5/default.jpg,False,False,False,Auto-generated sample description for Film & Animation video.
JzWbQ0E_MSn,25.15.01,Why This Autos & Vehicles Video Went Viral,Channel_598,1,2025-01-13T01:00:00.000Z,live|review|trending,90262,6599,887,550,https://i.ytimg.com/vi/Aq41tPXKIaX/default.jpg,False,False,False,Auto-generated sample description for Autos & Vehicles video.
DfJTS18llZn,24.24.05,Why This Entertainment Video Went Viral,Channel_1463,14,2024-05-24T02:00:00.000Z,trending|music|vlog,79038,5413,101,214,https://i.ytimg.com/vi/fDprngZq5tw/default.jpg,False,False,False,
Ixt8ziur2xy,24.30.04,Behind the Scenes: People & Blogs,Channel_4305,8,2024-04-28T11:00:00.000Z,vlog|music|live,9358,130,86,68,https://i.ytimg.com/vi/OHRvFXQl3nE/default.jpg,False,False,False,Auto-generated sample description for People & Blogs video.
Exy-POn8DrP,25.08.01,Why This Music Video Went Viral,Channel_3176,11,2025-01-08T04:00:00.000Z,music|2024|vlog,30322,601,72,454,https://i.ytimg.com/vi/OQnucbo1fTV/default.jpg,False,False,False,Auto-generated sample description for Music video.
hIO5xjH3fld,24.07.10,Why This Comedy Video Went Viral,Channel_3975,4,2024-10-06T07:00:00.000Z,trending|vlog|2024,2965,194,23,37,https://i.ytimg.com/vi/Sre7mjY2YTc/default.jpg,False,False,False,Auto-generated sample description for Comedy video.
ZjBIi0DR2Hd,24.18.07,Top 10 Nonprofits & Activism Moments This Week,Channel_4264,5,2024-07-15T08:00:00.000Z,review|music|live,2998,221,5,28,https://i.ytimg.com/vi/aCrohjL5Oi2/default.jpg,False,False,False,Auto-generated sample description for Nonprofits & Activism video.
q5FVcQnZ2sy,24.04.02,Music Compilation 2024,Channel_4944,3,2024-02-03T06:00:00.000Z,trending|live|music,49458,1124,432,63,https://i.ytimg.com/vi/ngkFDcbs81N/default.jpg,False,False,False,Auto-generated sample description for Music video.
O7jaV6lAM8Y,24.15.08,Behind the Scenes: Film & Animation,Channel_1737,9,2024-08-11T19:00:00.000Z,music|live|trending,15677,758,82,262,https://i.ytimg.com/vi/pIkkDElbD59/default.jpg,False,False,False,Auto-generated sample description for Film & Animation video.
JL2gY7vtVmZ,25.20.01,Behind the Scenes: Gaming,Channel_4629,16,2025-01-16T06:00:00.000Z,trending|2024|official,23037,859,14,356,https://i.ytimg.com/vi/zvkPLXvg8iN/default.jpg,False,False,False,Auto-generated sample description for Gaming video.
aKxwhT6wj7f,24.25.06,Official Comedy Highlights,Channel_1181,7,2024-06-24T20:00:00.000Z,music|review|official,84241,3554,225,1192,https://i.ytimg.com/vi/I5rY7y1Ag3G/default.jpg,False,False,False,Auto-generated sample description for Comedy video.
EyphaLiNN-u,24.23.07,Why This Entertainment Video Went Viral,Channel_4218,14,2024-07-19T10:00:00.000Z,review|trending|vlog,4619,179,37,76,https://i.ytimg.com/vi/9_8Lxm9bYQ3/default.jpg,False,False,False,Auto-generated sample description for Entertainment video.
LEYi-TzL6vQ,24.08.10,Behind the Scenes: Music,Channel_4383,11,2024-10-06T22:00:00.000Z,music|vlog|review,46201,1664,306,657,https://i.ytimg.com/vi/5Ly-IunXr-K/default.jpg,False,False,False,Auto-generated sample description for Music video.
ArYw8PnDuJo,25.09.01,Top 10 Music Moments This Week,Channel_2464,3,2025-01-07T05:00:00.000Z,official|trending|2024,726053,36515,901,4679,https://i.ytimg.com/vi/i8UKmfvLZzf/default.jpg,False,False,False,Auto-generated sample description for Music video.
EjaDYJSz57S,25.01.02,Top 10 Entertainment Moments This Week,Channel_44,14,2025-01-30T10:00:00.000Z,music|2024|live,33745,2262,52,164,https://i.ytimg.com/vi/rRAlKak6m2e/default.jpg,False,False,False,Auto-generated sample description for Entertainment video.
TrLoufj4ggh,24.15.06,Official Entertainment Highlights,Channel_2285,14,2024-06-15T06:00:00.000Z,review|2024|live,35178,532,243,219,https://i.ytimg.com/vi/h1nJr7q8Fam/default.jpg,False,False,False,Auto-generated sample description for Entertainment video.
kSqsMKVhT9j,24.11.04,Gaming Compilation 2024,Channel_670,16,2024-04-09T21:00:00.000Z,vlog|live|2024,4425,297,40,39,https://i.ytimg.com/vi/LfALIZqYoxg/default.jpg,False,False,False,Auto-generated sample description for Gaming video.
0hEKtLOtgE2,24.28.02,Behind the Scenes: Music,Channel_230,3,2024-02-28T22:00:00.000Z,2024|official|music,15570,1090,96,311,https://i.ytimg.com/vi/VLmza1e8N5Q/default.jpg,False,False,False,Auto-generated sample description for Music video.
HzerKE6jlXu,24.01.05,Behind the Scenes: Music,Channel_4927,3,2024-04-29T16:00:00.000Z,review|music|vlog,189269,3612,1449,3458,https://i.ytimg.com/vi/nCdzzprKkto/default.jpg,False,False,False,Auto-generated sample description for Music video.
CA-4ZXtWl-0,24.06.03,Official Music Highlights,Channel_933,3,2024-03-06T11:00:00.000Z,live|trending|review,91348,4511,454,1078,https://i.ytimg.com/vi/EwwwRBSUxs2/default.jpg,False,False,False,Auto-generated sample description for Music video.
ORxgOZm8Sdx,24.29.11,Reacting to Entertainment Trends,Channel_1622,14,2024-11-28T20:00:00.000Z,music|review|vlog,587448,22900,2192,2803,https://i.ytimg.com/vi/UR6Z98B9Nrp/default.jpg,False,False,False,Auto-generated sample description for Entertainment video.
OyIJf7_qDZb,25.04.02,Why This Education Video Went Viral,Channel_894,10,2025-01-31T20:00:00.000Z,live|vlog|review,7804,346,37,13,https://i.ytimg.com/vi/Ul3n2Ozp0hs/default.jpg,False,False,False,Auto-generated sample description for Education video.
KkMPj7UlzWu,24.15.01,Top 10 Music Moments This Week,Channel_4700,11,2024-01-13T15:00:00.000Z,review|trending|music,35497,1748,126,434,https://i.ytimg.com/vi/L6gyUqkilNz/default.jpg,False,False,False,Auto-generated sample description for Music video.
HEqppQ_Hx77,24.20.06,Behind the Scenes: Music,Channel_3511,3,2024-06-18T08:00:00.000Z,review|trending|vlog,59439,900,384,78,https://i.ytimg.com/vi/AHtWPVsLAJY/default.jpg,False,False,False,Auto-generated sample description for Music video.
-TCRXNpkqX1,24.25.07,Reacting to Education Trends,Channel_2626,10,2024-07-24T02:00:00.000Z,music|vlog|live,3678,135,12,17,https://i.ytimg.com/vi/mQvq4F2Re6D/default.jpg,False,False,False,Auto-generated sample description for Education video.
IUaXudt0mL9,24.31.12,Reacting to Music Trends,Channel_1012,3,2024-12-27T09:00:00.000Z,official|music|live,41221,1014,172,386,https://i.ytimg.com/vi/z55KMz3pxwT/default.jpg,False,False,False,Auto-generated sample description for Music video.
5SOKv-j4Cna,24.10.12,Official Film & Animation Highlights,Channel_1618,9,2024-12-08T08:00:00.000Z,music|trending|official,1237,98,4,21,https://i.ytimg.com/vi/zFzOUN4yj8z/default.jpg,False,False,False,Auto-generated sample description for Film & Animation video.
jroKL6gzeqh,24.14.06,Music Compilation 2024,Channel_3825,11,2024-06-13T09:00:00.000Z,music|2024|live,22305,1737,112,417,https://i.ytimg.com/vi/yvXkvYQRhP5/default.jpg,False,False,False,Auto-generated sample description for Music video.
y4XOd8hGnrI,24.08.06,Top 10 Travel & Events Moments This Week,Channel_1965,15,2024-06-04T22:00:00.000Z,2024|official|vlog,74455,1946,695,1059,https://i.ytimg.com/vi/KQBZNnFS-Bt/default.jpg,False,False,False,Auto-generated sample description for Travel & Events video.
n7bGFg7TLtN,24.28.05,Entertainment Compilation 2024,Channel_1381,14,2024-05-27T19:00:00.000Z,music|live|official,55996,4021,124,796,https://i.ytimg.com/vi/VEAK3s0Z_fN/default.jpg,False,False,False,Auto-generated sample description for Entertainment video.
HSPyJkF8aZu,24.22.07,Official Music Highlights,Channel_3069,11,2024-07-19T17:00:00.000Z,vlog|official|2024,35849,2637,270,447,https://i.ytimg.com/vi/VOmVhy7jTbm/default.jpg,False,False,False,Auto-generated sample description for Music video.
9i_SN3iQ9V1,24.22.07,Why This Music Video Went Viral,Channel_3132,3,2024-07-22T06:00:00.000Z,2024|music|vlog,31284,962,275,374,https://i.ytimg.com/vi/mD1CrAmlk0Q/default.jpg,False,False,False,Auto-generated sample description for Music video.
HoJrg7eE5Q3,24.09.06,Reacting to Music Trends,Channel_1307,3,2024-06-09T01:00:00.000Z,trending|review|official,135195,10427,1050,878,https://i.ytimg.com/vi/ALBaxIIG9Hb/default.jpg,False,False,False,Auto-generated sample description for Music video.
H2v29kAkQkV,24.11.01,Official Comedy Highlights,Channel_4172,7,2024-01-07T21:00:00.000Z,2024|review|official,55123,3278,354,577,https://i.ytimg.com/vi/05CtLxRDe1o/default.jpg,False,False,False,Auto-generated sample description for Comedy video.
tcSLg2N2vn-,24.18.02,Education Compilation 2024,Channel_2261,10,2024-02-14T02:00:00.000Z,live|music|trending,3411,217,15,5,https://i.ytimg.com/vi/0bQ8Y3oR81m/default.jpg,False,False,False,Auto-generated sample description for Education video.
WFN9ieoG4w4,24.02.05,Why This Education Video Went Viral,Channel_4891,10,2024-04-29T02:00:00.000Z,review|trending|vlog,7984,185,71,94,https://i.ytimg.com/vi/xEncmDOPQH9/default.jpg,False,False,False,Auto-generated sample description for Education video.
U8SQKpOtQMM,24.09.05,Top 10 Music Moments This Week,Channel_4737,11,2024-05-05T07:00:00.000Z,live|trending|vlog,10020,513,53,23,https://i.ytimg.com/vi/T9H1GzVZ7KW/default.jpg,False,False,False,Auto-generated sample description for Music video.
VC5Z3TR3nv0,24.06.10,Why This Entertainment Video Went Viral,Channel_545,14,2024-10-05T18:00:00.000Z,trending|vlog|2024,18728,1104,95,297,https://i.ytimg.com/vi/v3ldJm8rcWh/default.jpg,False,False,False,Auto-generated sample description for Entertainment video.
UVTvxiqc4Jr,24.29.03,Top 10 Music Moments This Week,Channel_4884,11,2024-03-25T13:00:00.000Z,review|official|music,11502,293,61,204,https://i.ytimg.com/vi/SVJ5yyWiGZI/default.jpg,False,False,False,Auto-generated sample description for Music video.
VuYuxAjQ6KE,24.12.07,Behind the Scenes: Entertainment,Channel_2571,14,2024-07-12T21:00:00.000Z,live|2024|music,47473,1021,399,712,https://i.ytimg.com/vi/g0nR4SpH--l/default.jpg,False,False,False,Auto-generated sample description for Entertainment video.
8lg0t9y6fll,24.24.08,Behind the Scenes: Music,Channel_2102,3,2024-08-21T22:00:00.000Z,vlog|trending|official,20966,285,155,23,https://i.ytimg.com/vi/SB_ay3zEujE/default.jpg,False,False,False,Auto-generated sample description for Music video.
CtcAUDE-1So,24.19.04,Why This Gaming Video Went Viral,Channel_1943,16,2024-04-18T04:00:00.000Z,2024|music|review,2037,77,4,9,https://i.ytimg.com/vi/2lGQ1WTKz9o/default.jpg,False,False,False,Auto-generated sample description for Gaming video.
7MpQ0JkcyHo,24.20.01,Reacting to Gaming Trends,Channel_3879,6,2024-01-17T03:00:00.000Z,official|review|vlog,6510,296,28,80,https://i.ytimg.com/vi/0xkH-WNSbcO/default.jpg,False,False,False,Auto-generated sample description for Gaming video.
b35Oz_p-yLW,24.04.05,Why This Music Video Went Viral,Channel_4356,11,2024-05-02T13:00:00.000Z,official|review|vlog,73378,5526,62,1270,https://i.ytimg.com/vi/EFQkQELtCuk/default.jpg,False,False,False,Auto-generated sample description for Music video.
3m3_ZIhwf66,24.28.10,Behind the Scenes: Comedy,Channel_4753,7,2024-10-24T10:00:00.000Z,music|official|vlog,2706,34,4,29,https://i.ytimg.com/vi/MU3aMFiKQTX/default.jpg,False,False,False,Auto-generated sample description for Comedy video.
tUO9Xm-glLM,24.28.11,Behind the Scenes: Entertainment,Channel_2794,14,2024-11-24T05:00:00.000Z,official|2024|trending,59990,1548,409,153,https://i.ytimg.com/vi/BTkP5msu3Rr/default.jpg,False,False,False,Auto-generated sample description for Entertainment video.
5ifrnYacRi0,24.12.11,Top 10 Music Moments This Week,Channel_2326,3,2024-11-11T21:00:00.000Z,official|music|trending,120390,6263,535,458,https://i.ytimg.com/vi/agswLsbc_40/default.jpg,False,True,False,Auto-generated sample description for Music video.
3YeAvvuhZye,24.19.07,Education Compilation 2024,Channel_705,10,2024-07-19T19:00:00.000Z,trending|music|vlog,2733,163,6,39,https://i.ytimg.com/vi/TJFX3CJVCfr/default.jpg,False,False,False,Auto-generated sample description for Education video.
9xQ2kpXC0_t,24.20.01,Reacting to Music Trends,Channel_3160,11,2024-01-18T03:00:00.000Z,official|2024|live,9463,593,85,101,https://i.ytimg.com/vi/SdnGTPhWHQG/default.jpg,False,False,False,Auto-generated sample description for Music video.
BKe7WEMg8vR,24.10.12,Official Music Highlights,Channel_663,3,2024-12-07T18:00:00.000Z,trending|review|official,30085,455,180,275,https://i.ytimg.com/vi/YSzQ_Fpp5yU/default.jpg,False,False,False,Auto-generated sample description for Music video.
E1O3Uwpgzkj,24.09.01,Top 10 Entertainment Moments This Week,Channel_1611,14,2024-01-05T09:00:00.000Z,vlog|review|official,4615,343,30,29,https://i.ytimg.com/vi/QHDrnV43qZO/default.jpg,False,False,False,Auto-generated sample description for Entertainment video.
y-NYG4Q407Z,24.28.01,Top 10 Gaming Moments This Week,Channel_2787,6,2024-01-24T18:00:00.000Z,live|trending|2024,6768,124,61,62,https://i.ytimg.com/vi/1so8so49Cp_/default.jpg,False,False,False,Auto-generated sample description for Gaming video.
d4DxRm4Oesh,24.22.04,Top 10 Gaming Moments This Week,Channel_4700,16,2024-04-22T09:00:00.000Z,live|trending|2024,12093,731,67,179,https://i.ytimg.com/vi/JHssG7J8vCL/default.jpg,False,False,False,Auto-generated sample description for Gaming video.
Z61RZxKcfXM,24.30.11,Official Music Highlights,Channel_3411,3,2024-11-29T20:00:00.000Z,2024|review|vlog,59353,3332,151,510,https://i.ytimg.com/vi/TyQ_spbR9HC/default.jpg,False,False,False,Auto-generated sample description for Music video.
SeI4TrXnOX_,24.06.07,Behind the Scenes: Music,Channel_601,11,2024-07-03T18:00:00.000Z,2024|music|live,301148,7755,2524,3011,https://i.ytimg.com/vi/B11gXfHwAZG/default.jpg,False,False,False,Auto-generated sample description for Music video.
mpzJpydlO5N,24.30.06,Top 10 Autos & Vehicles Moments This Week,Channel_4610,1,2024-06-29T09:00:00.000Z,2024|vlog|live,1999,124,19,22,https://i.ytimg.com/vi/7SpIw2R2hsv/default.jpg,False,False,False,Auto-generated sample description for Autos & Vehicles video.
eg6Z7s1nfYN,25.02.01,Official Music Highlights,Channel_918,11,2024-12-31T14:00:00.000Z,vlog|review|music,372431,7748,3013,1553,https://i.ytimg.com/vi/V2jR8UTPK7p/default.jpg,False,False,False,Auto-generated sample description for Music video.
36P7bvQcyYz,24.22.08,Top 10 Music Moments This Week,Channel_2774,3,2024-08-21T22:00:00.000Z,live|2024|vlog,4885,319,38,86,https://i.ytimg.com/vi/BTBW3M2Jpcn/default.jpg,False,False,False,Auto-generated sample description for Music video.
dSGHJMUMjll,24.13.11,Reacting to Travel & Events Trends,Channel_453,15,2024-11-11T14:00:00.000Z,vlog|official|trending,3484,252,23,38,https://i.ytimg.com/vi/LrBprmvxeM2/default.jpg,False,False,False,Auto-generated sample description for Travel & Events video.
3Q-Xb5ld-W9,24.11.09,Official Music Highlights,Channel_1055,3,2024-09-10T14:00:00.000Z,trending|live|official,45782,1272,194,160,https://i.ytimg.com/vi/Gqv7hLKgsH9/default.jpg,False,False,False,
rlAEvuj1qW1,24.03.09,Why This Music Video Went Viral,Channel_3412,11,2024-09-01T02:00:00.000Z,vlog|review|live,995827,31983,5499,5952,https://i.ytimg.com/vi/_x_7h2owX1a/default.jpg,False,False,False,Auto-generated sample description for Music video.
v9xDS1daSaE,25.21.01,Top 10 Music Moments This Week,Channel_2015,3,2025-01-17T13:00:00.000Z,official|trending|review,67255,5210,634,116,https://i.ytimg.com/vi/ukuR8gEhC1p/default.jpg,False,False,False,Auto-generated sample description for Music video.
e1xREaO7qeP,24.13.06,Top 10 Music Moments This Week,Channel_1150,11,2024-06-13T03:00:00.000Z,review|trending|live,143470,8632,1430,2174,https://i.ytimg.com/vi/9upWWBGRkTg/default.jpg,False,False,False,Auto-generated sample description for Music video.
huwBhP0A45n,24.14.04,Why This Music Video Went Viral,Channel_1994,3,2024-04-12T17:00:00.000Z,live|music|trending,355996,5589,3407,5124,https://i.ytimg.com/vi/kD2ucLhM-BN/default.jpg,False,False,False,Auto-generated sample description for Music video.
Ks70JfsmWb3,24.29.10,Entertainment Compilation 2024,Channel_2024,14,2024-10-25T01:00:00.000Z,vlog|official|trending,31107,2431,174,171,https://i.ytimg.com/vi/4p67EcvdFcq/default.jpg,False,False,False,Auto-generated sample description for Entertainment video.
ZFVak-zwn_n,24.05.05,Why This Music Video Went Viral,Channel_3901,11,2024-05-01T00:00:00.000Z,official|2024|trending,93078,6876,324,810,https://i.ytimg.com/vi/pOiOYPm3Nel/default.jpg,True,False,False,Auto-generated sample description for Music video.
RWJY94Cp3VV,24.04.05,Behind the Scenes: Music,Channel_4680,11,2024-05-03T16:00:00.000Z,2024|live|music,59526,3787,280,780,https://i.ytimg.com/vi/hlkg9lG9M8d/default.jpg,False,True,False,Auto-generated sample description for Music video.
u6XHNZjBnLO,24.08.12,Reacting to Music Trends,Channel_4385,11,2024-12-05T05:00:00.000Z,music|trending|official,527200,19229,1810,5934,https://i.ytimg.com/vi/dZPeqUrz5c4/default.jpg,False,False,False,Auto-generated sample description for Music video.
uJHj7wiU_Df,24.10.06,Gaming Compilation 2024,Channel_2145,6,2024-06-06T15:00:00.000Z,live|official|review,7363,312,4,97,https://i.ytimg.com/vi/OHQpCFNVWwk/default.jpg,False,False,False,Auto-generated sample description for Gaming video.
LiIPpn07xLq,24.27.10,Entertainment Compilation 2024,Channel_562,14,2024-10-23T17:00:00.000Z,trending|music|review,39419,2960,278,692,https://i.ytimg.com/vi/H-Z__cN-2Vb/default.jpg,False,False,False,Auto-generated sample description for Entertainment video.
XpIQGCcpWdP,24.08.11,Reacting to People & Blogs Trends,Channel_494,8,2024-11-07T07:00:00.000Z,official|trending|review,5198,159,45,35,https://i.ytimg.com/vi/2EDUG0Lz282/default.jpg,False,False,False,Auto-generated sample description for People & Blogs video.
p-U1wjaNWA5,24.15.11,Behind the Scenes: Entertainment,Channel_3852,14,2024-11-12T16:00:00.000Z,review|live|official,84144,6422,442,325,https://i.ytimg.com/vi/hJazIACLxCY/default.jpg,False,False,False,Auto-generated sample description for Entertainment video.
3_9KDDvEmot,24.03.06,Reacting to Entertainment Trends,Channel_786,14,2024-05-30T00:00:00.000Z,2024|live|vlog,63191,3799,626,917,https://i.ytimg.com/vi/tRjzwMjUWlk/default.jpg,False,False,False,Auto-generated sample description for Entertainment video.
yzVSuXRloKf,24.17.08,Official Film & Animation Highlights,Channel_1285,9,2024-08-17T21:00:00.000Z,official|live|2024,22839,1764,114,358,https://i.ytimg.com/vi/hDeWc9sHQQk/default.jpg,False,False,False,"Auto-generated sample description for Film & Animation video.
Second line inside a quoted CSV field."
PPB4TpNnyvO,24.26.05,Official Music Highlights,Channel_888,11,2024-05-26T09:00:00.000Z,review|music|live,72938,1380,379,313,https://i.ytimg.com/vi/3WqMFKmz3xl/default.jpg,False,False,False,Auto-generated sample description for Music video.
Cmgcesg6iA6,24.17.04,Music Compilation 2024,Channel_1171,3,2024-04-16T02:00:00.000Z,trending|live|review,18274,330,119,149,https://i.ytimg.com/vi/-yePjzRrwJ4/default.jpg,False,False,False,Auto-generated sample description for Music video.
e1yG0jThoSd,24.13.06,Why This Music Video Went Viral,Channel_139,11,2024-06-09T14:00:00.000Z,live|vlog|2024,295491,19406,2349,1328,https://i.ytimg.com/vi/6HpVziQm6V4/default.jpg,False,False,False,Auto-generated sample description for Music video.
QpTFqcj6VTk,24.11.05,Why This Music Video Went Viral,Channel_4412,11,2024-05-07T09:00:00.000Z,trending|official|vlog,11431,888,24,18,https://i.ytimg.com/vi/_tPj3GmDbYo/default.jpg,False,False,False,Auto-generated sample description for Music video.
3sN6xnAc_gR,25.21.01,Reacting to Music Trends,Channel_2781,11,2025-01-20T12:00:00.000Z,trending|vlog|music,118758,2141,144,1874,https://i.ytimg.com/vi/pWWfa2EQrip/default.jpg,False,False,False,Auto-generated sample description for Music video.
JCMymC5FG85,24.13.01,Music Compilation 2024,Channel_1811,3,2024-01-13T05:00:00.000Z,vlog|review|music,78094,4079,208,1174,https://i.ytimg.com/vi/-caEQyum6Wk/default.jpg,False,False,False,Auto-generated sample description for Music video.
L8cP8OD5ToC,24.18.12,Comedy Compilation 2024,Channel_4395,7,2024-12-15T08:00:00.000Z,review|2024|vlog,43383,630,92,459,https://i.ytimg.com/vi/bY6eWuUWVAh/default.jpg,False,False,False,Auto-generated sample description for Comedy video.
yX_jrQeXSL1,24.07.07,Behind the Scenes: Comedy,Channel_1368,4,2024-07-04T14:00:00.000Z,2024|trending|official,14307,1101,106,226,https://i.ytimg.com/vi/LyzLWd3-szY/default.jpg,False,False,False,Auto-generated sample description for Comedy video.
sgZ_CjGr2o5,24.08.12,Top 10 Comedy Moments This Week,Channel_1063,4,2024-12-08T14:00:00.000Z,review|trending|music,33642,1351,111,469,https://i.ytimg.com/vi/8ZbjcwCTodx/default.jpg,False,False,False,Auto-generated sample description for Comedy video.
dzgLOkZhlS8,24.31.10,Official People & Blogs Highlights,Channel_1242,8,2024-10-30T00:00:00.000Z,2024|official|music,100966,5798,473,1759,https://i.ytimg.com/vi/z7vSw-Yx8GD/default.jpg,False,False,False,Auto-generated sample description for People & Blogs video.
491tlYYtKZ5,24.15.10,Top 10 Music Moments This Week,Channel_3006,3,2024-10-12T15:00:00.000Z,live|2024|review,13244,721,64,135,https://i.ytimg.com/vi/tgEDn-KYtpT/default.jpg,False,False,False,Auto-generated sample description for Music video.
CnDLcfSLj04,24.20.07,Music Compilation 2024,Channel_4980,3,2024-07-17T15:00:00.000Z,official|review|vlog,160712,12088,141,2236,https://i.ytimg.com/vi/RCj5iCNxakS/default.jpg,False,False,False,Auto-generated sample description for Music video.
O4H9iFKevzv,24.25.05,Official Comedy Highlights,Channel_4977,7,2024-05-22T10:00:00.000Z,official|live|vlog,45414,2550,222,320,https://i.ytimg.com/vi/I2VYJ9n2haq/default.jpg,False,False,False,Auto-generated sample description for Comedy video.
_az1Jzs34Fe,24.30.05,Reacting to Music Trends,Channel_579,11,2024-05-28T21:00:00.000Z,official|music|review,56295,1930,348,737,https://i.ytimg.com/vi/OL1UPdTDyxL/default.jpg,False,False,False,Auto-generated sample description for Music video.
KEpoIxV2uni,25.04.01,Reacting to Music Trends,Channel_1392,11,2024-12-31T01:00:00.000Z,official|2024|review,8909,351,22,99,https://i.ytimg.com/vi/CMEu-eelUpy/default.jpg,False,False,False,Auto-generated sample description for Music video.
NGZSvzC4jLr,25.03.02,Why This Music Video Went Viral,Channel_1016,11,2025-01-31T16:00:00.000Z,trending|live|2024,322436,12734,327,2647,https://i.ytimg.com/vi/YD5AFEKSaef/default.jpg,False,False,False,Auto-generated sample description for Music video.
NUUzqh2cneP,24.04.06,Official Entertainment Highlights,Channel_1804,14,2024-06-01T19:00:00.000Z,live|music|trending,16192,812,32,272,https://i.ytimg.com/vi/vsZJ2GrCYfb/default.jpg,False,False,False,Auto-generated sample description for Entertainment video.
or-8Q5oIDqN,25.01.01,Behind the Scenes: Entertainment,Channel_2208,14,2024-12-31T12:00:00.000Z,music|vlog|live,244393,14100,2127,1880,https://i.ytimg.com/vi/a0qJM_G8Ssd/default.jpg,False,False,False,Auto-generated sample description for Entertainment video.
why2771xXl6,24.07.05,Top 10 Music Moments This Week,Channel_4896,3,2024-05-05T13:00:00.000Z,2024|review|live,19155,1477,125,315,https://i.ytimg.com/vi/GPfEgxZYcys/default.jpg,False,False,False,Auto-generated sample description for Music video.
tNYkDrDFo-C,24.16.11,Behind the Scenes: Music,Channel_14,3,2024-11-14T07:00:00.000Z,official|trending|2024,54043,3248,374,377,https://i.ytimg.com/vi/F_yOIpJduGk/default.jpg,False,False,False,Auto-generated sample description for Music video.
3Uw6yu9-wPV,24.09.12,Top 10 Gaming Moments This Week,Channel_2650,6,2024-12-05T15:00:00.000Z,music|official|live,14096,243,61,31,https://i.ytimg.com/vi/fZE5ubihDwp/default.jpg,False,False,False,Auto-generated sample description for Gaming video.
yEyEHyhZjRF,24.09.03,Music Compilation 2024,Channel_3928,11,2024-03-08T02:00:00.000Z,music|live|review,16648,410,132,59,https://i.ytimg.com/vi/837onGSFXix/default.jpg,False,False,False,Auto-generated sample description for Music video.
fC_U9-iI1m_,24.13.12,Reacting to Music Trends,Channel_4955,3,2024-12-11T20:00:00.000Z,official|2024|live,184195,10683,1271,1704,https://i.ytimg.com/vi/hK-rdxibfvR/default.jpg,False,False,False,Auto-generated sample description for Music video.
0cMe8kHjCzc,24.19.03,Official Music Highlights,Channel_774,3,2024-03-19T00:00:00.000Z,review|official|2024,61191,1074,170,1065,https://i.ytimg.com/vi/NYnZkm_UhwH/default.jpg,False,False,False,Auto-generated sample description for Music video.
VqZb5oVOYJu,24.25.02,Official Entertainment Highlights,Channel_4490,14,2024-02-21T04:00:00.000Z,music|trending|live,21006,439,188,376,https://i.ytimg.com/vi/QIyUKJJpANs/default.jpg,False,False,False,Auto-generated sample description for Entertainment video.
SCpldNNWSCJ,24.21.10,Top 10 Entertainment Moments This Week,Channel_3494,14,2024-10-20T20:00:00.000Z,trending|review|music,6396,200,26,82,https://i.ytimg.com/vi/UiaphhMnIQk/default.jpg,False,False,False,Auto-generated sample description for Entertainment video.
kJNl9FBODS6,24.17.07,Official Entertainment Highlights,Channel_2765,14,2024-07-17T11:00:00.000Z,live|vlog|trending,137038,2290,178,2201,https://i.ytimg.com/vi/Nxj4I8LAjEb/default.jpg,False,False,False,Auto-generated sample description for Entertainment video.
Xwt_iNMgoIf,24.14.09,Comedy Compilation 2024,Channel_4112,7,2024-09-11T21:00:00.000Z,music|vlog|review,3663,143,35,62,https://i.ytimg.com/vi/Go9eHpX-L_6/default.jpg,False,False,False,Auto-generated sample description for Comedy video.
aJN6qG9XAxw,24.19.04,Top 10 Music Moments This Week,Channel_4,11,2024-04-15T05:00:00.000Z,official|review|vlog,73264,4068,205,796,https://i.ytimg.com/vi/iw-fjClFj6Y/default.jpg,False,False,False,Auto-generated sample description for Music video.
pl8J8kGXo2Z,25.09.01,Gaming Compilation 2024,Channel_520,6,2025-01-08T09:00:00.000Z,music|2024|live,6738,286,8,81,https://i.ytimg.com/vi/4zcfr8QTviQ/default.jpg,False,False,False,Auto-generated sample description for Gaming video.
A0mmFCO-yGn,24.21.11,Music Compilation 2024,Channel_1443,3,2024-11-20T15:00:00.000Z,trending|official|vlog,71649,3708,605,226,https://i.ytimg.com/vi/mIU-khOyW0F/default.jpg,False,False,False,Auto-generated sample description for Music video.
qtUAAqUyd05,24.25.08,Education Compilation 2024,Channel_1167,10,2024-08-23T16:00:00.000Z,official|trending|music,14412,751,78,71,https://i.ytimg.com/vi/e-r6pDq7vTb/default.jpg,False,False,False,Auto-generated sample description for Education video.
mwkPO0T6sUr,24.13.10,Entertainment Compilation 2024,Channel_4738,14,2024-10-12T06:00:00.000Z,live|2024|review,132369,9409,297,1601,https://i.ytimg.com/vi/e-FlbZMpTHM/default.jpg,False,False,False,Auto-generated sample description for Entertainment video.
WZ9i41IpnUD,24.24.09,Top 10 Comedy Moments This Week,Channel_4059,7,2024-09-22T22:00:00.000Z,official|music|trending,158541,9730,1058,2827,https://i.ytimg.com/vi/-hJ_kpnXOwR/default.jpg,False,False,False,Auto-generated sample description for Comedy video.
kxrS5QjvsAs,24.24.09,Behind the Scenes: Film & Animation,Channel_2513,9,2024-09-23T08:00:00.000Z,vlog|music|review,25904,2004,255,468,https://i.ytimg.com/vi/dR5a7NNXkma/default.jpg,False,False,False,Auto-generated sample description for Film & Animation video.
uhFHLj7Pde-,24.18.10,Official People & Blogs Highlights,Channel_3172,8,2024-10-16T11:00:00.000Z,music|vlog|2024,10806,600,28,190,https://i.ytimg.com/vi/F_hyq3nAqFL/default.jpg,False,False,False,Auto-generated sample description for People & Blogs video.
BNq4XeyDDUH,24.21.09,Top 10 Music Moments This Week,Channel_909,11,2024-09-21T14:00:00.000Z,music|official|trending,152474,10837,243,1180,https://i.ytimg.com/vi/stkkTUSxuzt/default.jpg,False,False,False,Auto-generated sample description for Music video.
kgZdICEtc5o,24.05.11,Reacting to Music Trends,Channel_976,11,2024-11-02T03:00:00.000Z,official|trending|2024,11015,276,75,130,https://i.ytimg.com/vi/_OMzzVtdGgl/default.jpg,False,False,False,Auto-generated sample description for Music video.
ZD2a7GamMXm,25.19.01,Why This Comedy Video Went Viral,Channel_3623,4,2025-01-19T19:00:00.000Z,trending|music|official,27308,996,122,191,https://i.ytimg.com/vi/vhm6rGQxht_/default.jpg,False,False,True,Auto-generated sample description for Comedy video.
JPeqPRIQSHl,24.26.11,Reacting to Music Trends,Channel_3624,11,2024-11-23T12:00:00.000Z,review|2024|music,104843,5037,1028,1011,https://i.ytimg.com/vi/k81cKUONOZJ/default.jpg,False,False,False,Auto-generated sample description for Music video.
Vel3ppTxUak,24.19.06,Behind the Scenes: Music,Channel_3828,3,2024-06-18T20:00:00.000Z,review|trending|vlog,4750,110,29,77,https://i.ytimg.com/vi/mR84RO41QxY/default.jpg,False,False,False,Auto-generated sample description for Music video.
laHQlEFHogo,25.11.01,Reacting to Music Trends,Channel_2688,3,2025-01-07T04:00:00.000Z,2024|official|review,74581,3747,630,1029,https://i.ytimg.com/vi/oZMLSX9b-G_/default.jpg,False,False,False,Auto-generated sample description for Music video.
pTVCRx9xY0K,24.13.04,Why This Gaming Video Went Viral,Channel_784,6,2024-04-09T19:00:00.000Z,live|trending|2024,15246,745,44,123,https://i.ytimg.com/vi/dqVawNdGRb3/default.jpg,False,False,True,Auto-generated sample description for Gaming video.
kQP7TLpKvv2,24.05.02,Why This Entertainment Video Went Viral,Channel_1842,14,2024-02-02T08:00:00.000Z,official|live|review,283163,14253,852,1280,https://i.ytimg.com/vi/rw6dSaoLt4U/default.jpg,False,False,False,Auto-generated sample description for Entertainment video.
yCQUFaSq2Ak,24.03.12,Behind the Scenes: Music,Channel_3469,3,2024-12-02T15:00:00.000Z,review|vlog|2024,3029,221,18,20,https://i.ytimg.com/vi/vw3mnZ89Y54/default.jpg,False,False,False,Auto-generated sample description for Music video.
Vh2QkhDdHpG,24.25.02,Reacting to Comedy Trends,Channel_3212,4,2024-02-21T18:00:00.000Z,vlog|trending|review,134222,7571,574,1829,https://i.ytimg.com/vi/YVLQg_SjxOD/default.jpg,False,False,False,Auto-generated sample description for Comedy video.
aC3Zxgfnuc0,25.13.01,Behind the Scenes: Entertainment,Channel_3365,14,2025-01-11T22:00:00.000Z,trending|2024|music,26358,1654,106,162,https://i.ytimg.com/vi/yu1tKrcH4e8/default.jpg,False,False,False,Auto-generated sample description for Entertainment video.
Zz4jORNihW4,24.01.02,Music Compilation 2024,Channel_2488,3,2024-02-01T13:00:00.000Z,trending|music|review,60068,1289,51,290,https://i.ytimg.com/vi/elIeXVEWRCn/default.jpg,False,False,False,Auto-generated sample description for Music video.
F-TYqu_pVLY,24.14.10,Reacting to Gaming Trends,Channel_1309,16,2024-10-11T02:00:00.000Z,vlog|music|official,275330,4743,2613,1245,https://i.ytimg.com/vi/GByCiwmHXZo/default.jpg,False,False,False,Auto-generated sample description for Gaming video.
2rQtUuXY7xm,24.03.12,Reacting to Gaming Trends,Channel_4615,16,2024-12-01T14:00:00.000Z,review|music|2024,59056,3212,538,1130,https://i.ytimg.com/vi/A04bGTM9Wi8/default.jpg,False,False,False,Auto-generated sample description for Gaming video.
1wkAnarGjw1,24.22.09,Top 10 Nonprofits & Activism Moments This Week,Channel_4703,17,2024-09-22T05:00:00.000Z,vlog|live|music,15619,629,42,124,https://i.ytimg.com/vi/mOo8Rx2Pur0/default.jpg,False,False,False,Auto-generated sample description for Nonprofits & Activism video.
D0I_WK53VcW,24.09.04,Top 10 Music Moments This Week,Channel_1632,11,2024-04-07T08:00:00.000Z,vlog|live|music,77869,3718,601,1234,https://i.ytimg.com/vi/8gMnKR-0SSO/default.jpg,False,False,False,Auto-generated sample description for Music video.
NkmMvmcIA-l,24.28.05,Reacting to Music Trends,Channel_1856,3,2024-05-25T01:00:00.000Z,trending|review|vlog,27216,1820,154,529,https://i.ytimg.com/vi/wRhgosrsjgi/default.jpg,False,False,False,Auto-generated sample description for Music video.
P5AFdwAP7MT,24.14.02,Behind the Scenes: Music,Channel_4414,11,2024-02-14T13:00:00.000Z,official|vlog|trending,301904,12964,514,5546,https://i.ytimg.com/vi/yxFRI9rP9su/default.jpg,False,False,False,Auto-generated sample description for Music video.
WqA72O9GWX1,24.26.07,Official Music Highlights,Channel_3999,3,2024-07-25T20:00:00.000Z,vlog|2024|official,24932,616,188,85,https://i.ytimg.com/vi/AlkqxL3Uwo5/default.jpg,False,False,False,Auto-generated sample description for Music video.
DaS0TnzP0ZQ,24.16.01,Reacting to Film & Animation Trends,Channel_3031,9,2024-01-15T13:00:00.000Z,live|official|trending,11283,736,34,123,https://i.ytimg.com/vi/jlC0QUMEKVm/default.jpg,False,False,False,Auto-generated sample description for Film & Animation video.
4d3Ds8FaIsL,24.29.08,Top 10 Music Moments This Week,Channel_379,3,2024-08-27T10:00:00.000Z,review|live|music,77333,4430,237,270,https://i.ytimg.com/vi/X0aAjP6B3hM/default.jpg,False,True,False,Auto-generated sample description for Music video.
0jhIv962rrU,24.09.07,Top 10 Comedy Moments This Week,Channel_4728,4,2024-07-07T08:00:00.000Z,live|trending|2024,13083,912,66,122,https://i.ytimg.com/vi/4sdmk8cfqrB/default.jpg,False,False,False,Auto-generated sample description for Comedy video.
4Qj1-V68BU5,24.31.05,Top 10 Gaming Moments This Week,Channel_2403,16,2024-05-31T14:00:00.000Z,live|music|vlog,1605,102,0,1,https://i.ytimg.com/vi/YvauXLxeoSy/default.jpg,False,False,False,Auto-generated sample description for Gaming video.
rVxi3MKA9_6,24.15.04,Behind the Scenes: Music,Channel_2044,11,2024-04-13T03:00:00.000Z,vlog|official|review,67856,2349,215,1202,https://i.ytimg.com/vi/5444n-Jsn3K/default.jpg,False,False,False,Auto-generated sample description for Music video.
YbZTSCgYP8o,24.03.12,Why This Gaming Video Went Viral,Channel_4046,6,2024-12-03T00:00:00.000Z,official|review|2024,5202,100,39,96,https://i.ytimg.com/vi/JjQeza4Y-PY/default.jpg,False,False,False,Auto-generated sample description for Gaming video.
uHgmQHelOe1,24.17.09,Official Entertainment Highlights,Channel_3190,14,2024-09-15T04:00:00.000Z,trending|music|vlog,8977,267,6,97,https://i.ytimg.com/vi/bld9hoI9Xmq/default.jpg,False,False,False,Auto-generated sample description for Entertainment video.
_xrR-bBwJZb,24.23.09,Travel & Events Compilation 2024,Channel_3765,13,2024-09-22T15:00:00.000Z,music|official|live,7316,387,38,56,https://i.ytimg.com/vi/bWijwAYvK-v/default.jpg,False,False,False,Auto-generated sample description for Travel & Events video.
ghaeqfQVV0M,24.07.02,Official Music Highlights,Channel_4965,3,2024-02-05T20:00:00.000Z,music|2024|official,721,24,3,10,https://i.ytimg.com/vi/czOxvyHxA50/default.jpg,False,False,False,Auto-generated sample description for Music video.
gAaVBKSmz7-,24.07.11,Official Education Highlights,Channel_251,10,2024-11-03T06:00:00.000Z,live|review|music,31452,1059,68,325,https://i.ytimg.com/vi/eMtvFGFbUQC/default.jpg,False,False,False,Auto-generated sample description for Education video.
fDemaFldDmg,24.15.03,Top 10 People & Blogs Moments This Week,Channel_2588,8,2024-03-14T18:00:00.000Z,music|vlog|trending,92091,3838,157,1149,https://i.ytimg.com/vi/dDaHeD5NzHD/default.jpg,False,False,False,Auto-generated sample description for People & Blogs video.
7XpMKqr-vjA,24.17.02,Music Compilation 2024,Channel_4024,11,2024-02-13T10:00:00.000Z,trending|live|music,66397,5266,486,227,https://i.ytimg.com/vi/Ps5y_Zg4PBh/default.jpg,False,True,False,Auto-generated sample description for Music video.
2qf4M7ln_vT,24.01.04,Behind the Scenes: Comedy,Channel_1250,4,2024-04-01T08:00:00.000Z,music|review|official,18827,788,36,126,https://i.ytimg.com/vi/onO4Wa3VrP3/default.jpg,False,False,False,Auto-generated sample description for Comedy video.
T7JVCaTXr5P,24.30.04,Why This Comedy Video Went Viral,Channel_4889,7,2024-04-28T06:00:00.000Z,music|official|vlog,12028,190,24,181,https://i.ytimg.com/vi/WVOKmf8lDtm/default.jpg,False,False,False,Auto-generated sample description for Comedy video.
iK-D_Pks1Ue,24.18.01,Why This Entertainment Video Went Viral,Channel_2528,14,2024-01-18T13:00:00.000Z,2024|review|music,12917,739,101,196,https://i.ytimg.com/vi/IaMjr0jsGq5/default.jpg,False,False,False,Auto-generated sample description for Entertainment video.
VPllVBU2_p9,24.23.08,Music Compilation 2024,Channel_447,11,2024-08-19T03:00:00.000Z,2024|trending|official,429282,7534,1195,7773,https://i.ytimg.com/vi/JDEdfSPY4Z7/default.jpg,False,False,False,Auto-generated sample description for Music video.
koKxoNVaSk6,24.30.04,Top 10 Music Moments This Week,Channel_4185,11,2024-04-27T04:00:00.000Z,vlog|music|trending,80919,2611,123,285,https://i.ytimg.com/vi/rPo6NImpVKn/default.jpg,False,False,False,Auto-generated sample description for Music video.
tVWTAlfWsJq,24.25.02,Reacting to Music Trends,Channel_2070,3,2024-02-23T21:00:00.000Z,official|trending|live,797,32,2,9,https://i.ytimg.com/vi/9M6xeZPt2gk/default.jpg,False,False,False,Auto-generated sample description for Music video.
I91jx8UuHXU,24.05.01,Reacting to Music Trends,Channel_1603,3,2024-01-01T11:00:00.000Z,review|2024|vlog,442793,12583,1825,3545,https://i.ytimg.com/vi/A9jN2H6HxcG/default.jpg,False,False,False,Auto-generated sample description for Music video.
DpqEHW6k7Wj,24.13.10,Top 10 Nonprofits & Activism Moments This Week,Channel_2692,17,2024-10-13T22:00:00.000Z,music|vlog|review,15573,663,27,45,https://i.ytimg.com/vi/HT0stNKDNMH/default.jpg,False,False,False,Auto-generated sample description for Nonprofits & Activism video.
WDSpOMc335d,24.28.10,Behind the Scenes: Music,Channel_1781,11,2024-10-26T22:00:00.000Z,official|music|review,6108,399,28,72,https://i.ytimg.com/vi/ORvek6B5lkb/default.jpg,False,False,False,Auto-generated sample description for Music video.
4lddndxhP6d,24.10.06,Official Music Highlights,Channel_4455,3,2024-06-06T20:00:00.000Z,live|2024|music,91996,6161,714,1708,https://i.ytimg.com/vi/x_0EhGubjBj/default.jpg,False,False,False,Auto-generated sample description for Music video.
M93_Yduh5E8,24.05.07,Behind the Scenes: Comedy,Channel_828,4,2024-07-05T07:00:00.000Z,trending|vlog|music,13994,392,139,140,https://i.ytimg.com/vi/lnTesJvXOZN/default.jpg,False,False,False,Auto-generated sample description for Comedy video.
VOWvHsLuxcu,24.03.12,Official Education Highlights,Channel_2591,10,2024-12-03T07:00:00.000Z,live|trending|2024,8198,195,51,76,https://i.ytimg.com/vi/sNGnTy1ciX5/default.jpg,False,False,False,Auto-generated sample description for Education video.
6RAzDh9jWZp,24.12.03,Behind the Scenes: Science & Technology,Channel_2443,12,2024-03-08T08:00:00.000Z,official|vlog|live,2042,28,3,35,https://i.ytimg.com/vi/C8kRbcOslaY/default.jpg,False,False,False,Auto-generated sample description for Science & Technology video.
QJvaXsnuK7E,24.01.05,Official Music Highlights,Channel_2888,3,2024-04-27T17:00:00.000Z,trending|vlog|2024,223175,9709,810,3490,https://i.ytimg.com/vi/jKsdM6KJaaW/default.jpg,False,False,False,"Auto-generated sample description for Music video.
Second line inside a quoted CSV field."
oqiPTP1X7UI,24.24.12,Top 10 Comedy Moments This Week,Channel_2273,4,2024-12-21T01:00:00.000Z,music|2024|review,19592,1140,52,355,https://i.ytimg.com/vi/yUnzZYh1o46/default.jpg,False,False,False,Auto-generated sample description for Comedy video.
afSOLSN4Xic,25.16.01,Reacting to Entertainment Trends,Channel_3289,14,2025-01-16T00:00:00.000Z,official|vlog|review,9314,514,5,177,https://i.ytimg.com/vi/7ecDOYSi-wi/default.jpg,False,False,False,Auto-generated sample description for Entertainment video.
j-MzegmVXJ4,24.04.07,Comedy Compilation 2024,Channel_703,7,2024-07-04T19:00:00.000Z,review|trending|live,42670,1405,183,22,https://i.ytimg.com/vi/It-9UwdvUmv/default.jpg,False,False,False,Auto-generated sample description for Comedy video.
j2avsHfbqhD,25.10.01,Top 10 Entertainment Moments This Week,Channel_3165,14,2025-01-06T05:00:00.000Z,2024|music|review,8807,490,73,10,https://i.ytimg.com/vi/AYJuB_eKtPI/default.jpg,False,False,False,Auto-generated sample description for Entertainment video.
ut2UCJOySzJ,24.30.01,Why This Music Video Went Viral,Channel_4582,3,2024-01-27T12:00:00.000Z,2024|official|music,41583,1269,267,103,https://i.ytimg.com/vi/cRLAtnnKdif/default.jpg,False,False,False,Auto-generated sample description for Music video.
HQEYBr62jNf,25.16.01,Why This Music Video Went Viral,Channel_502,3,2025-01-16T14:00:00.000Z,trending|2024|vlog,152137,10835,1431,2607,https://i.ytimg.com/vi/i_jqbSl_DlD/default.jpg,False,False,False,Auto-generated sample description for Music video.
WfOhetXNwNP,25.04.02,Travel & Events Compilation 2024,Channel_1921,13,2025-02-01T07:00:00.000Z,official|2024|live,9596,742,54,12,https://i.ytimg.com/vi/Umne0WfyLzM/default.jpg,False,False,False,Auto-generated sample description for Travel & Events video.
pAZfPSItUnv,24.14.02,Reacting to Film & Animation Trends,Channel_3572,9,2024-02-11T08:00:00.000Z,vlog|official|trending,178373,4901,1184,3298,https://i.ytimg.com/vi/oeJy5UeZ2R_/default.jpg,False,False,False,Auto-generated sample description for Film & Animation video.
C1DL-AcE2Mt,24.07.09,Why This Music Video Went Viral,Channel_87,11,2024-09-04T08:00:00.000Z,live|vlog|music,12945,660,46,18,https://i.ytimg.com/vi/DWOESdaq6Qn/default.jpg,False,False,False,Auto-generated sample description for Music video.
PUL8vl2NPkQ,25.31.01,Why This Gaming Video Went Viral,Channel_4658,6,2025-01-27T03:00:00.000Z,official|review|live,47780,1916,424,221,https://i.ytimg.com/vi/ZMk83Utu454/default.jpg,False,False,False,Auto-generated sample description for Gaming video.
hFvjlXhXsMg,24.29.04,Behind the Scenes: Entertainment,Channel_1207,14,2024-04-29T22:00:00.000Z,trending|live|2024,1681,76,15,19,https://i.ytimg.com/vi/oTd1sBxaWsN/default.jpg,False,False,False,Auto-generated sample description for Entertainment video.
IfnsjSZHNag,24.01.02,Reacting to Music Trends,Channel_4299,3,2024-01-29T00:00:00.000Z,review|trending|vlog,365347,22938,820,4235,https://i.ytimg.com/vi/dN-QwjtFh49/default.jpg,False,False,False,Auto-generated sample description for Music video.
8oCy_ZYeq6h,24.04.01,Behind the Scenes: Music,Channel_1532,3,2024-01-03T14:00:00.000Z,review|live|music,10615,815,34,158,https://i.ytimg.com/vi/PAvPJqSvCa5/default.jpg,False,False,False,Auto-generated sample description for Music video.
loyHBpCC2oo,24.08.01,Top 10 Gaming Moments This Week,Channel_534,16,2024-01-08T20:00:00.000Z,2024|official|review,22545,1134,126,109,https://i.ytimg.com/vi/FMyf7DbTum5/default.jpg,False,False,False,Auto-generated sample description for Gaming video.
2LmHbsXg3-I,24.03.02,Reacting to Entertainment Trends,Channel_4664,14,2024-02-02T14:00:00.000Z,official|music|trending,49214,3420,34,840,https://i.ytimg.com/vi/ZrdpmlbtO6e/default.jpg,False,False,False,Auto-generated sample description for Entertainment video.
GoOXqTDNDre,24.27.10,Behind the Scenes: Comedy,Channel_3686,7,2024-10-23T18:00:00.000Z,music|2024|vlog,21053,241,117,368,https://i.ytimg.com/vi/L75VUX9bcQG/default.jpg,False,False,False,Auto-generated sample description for Comedy video.
Vpc5AGs4HMw,24.25.02,Top 10 Music Moments This Week,Channel_4192,3,2024-02-22T22:00:00.000Z,music|vlog|trending,72958,3463,675,1340,https://i.ytimg.com/vi/Ywi_yjD3_bY/default.jpg,False,False,False,Auto-generated sample description for Music video.
6YYbzgj_tBI,24.05.12,Official Comedy Highlights,Channel_3447,7,2024-12-02T12:00:00.000Z,official|vlog|music,100192,1275,941,651,https://i.ytimg.com/vi/bSZGKNIRZF0/default.jpg,False,False,False,Auto-generated sample description for Comedy video.
h7oDrMuiqLR,24.25.12,Why This Music Video Went Viral,Channel_2917,3,2024-12-22T15:00:00.000Z,review|official|2024,64165,1375,92,275,https://i.ytimg.com/vi/du2IUUZSnaV/default.jpg,False,False,False,Auto-generated sample description for Music video.
3H31PR9-jk1,24.20.07,Music Compilation 2024,Channel_4712,11,2024-07-16T07:00:00.000Z,music|2024|official,6661185,219295,29700,52301,https://i.ytimg.com/vi/-2LWr5DOUsk/default.jpg,False,False,False,Auto-generated sample description for Music video.
iwJUOxJpfq8,24.04.07,Entertainment Compilation 2024,Channel_4197,14,2024-07-03T17:00:00.000Z,live|official|review,54868,3305,121,464,https://i.ytimg.com/vi/EfjYQwuVXLG/default.jpg,False,False,False,Auto-generated sample description for Entertainment video.
0ejRWYQUYJ1,24.06.08,Top 10 Gaming Moments This Week,Channel_2047,6,2024-08-02T03:00:00.000Z,live|music|2024,6594,255,55,104,https://i.ytimg.com/vi/9zZIpV-BMEg/default.jpg,False,False,False,Auto-generated sample description for Gaming video.
qTjz32zSQdZ,24.10.09,Why This Music Video Went Viral,Channel_4309,11,2024-09-08T16:00:00.000Z,official|trending|live,255875,7366,546,3432,https://i.ytimg.com/vi/mt8JCI1Z_dM/default.jpg,False,False,False,Auto-generated sample description for Music video.
U33FAvHIicR,24.14.04,Behind the Scenes: Comedy,Channel_3839,7,2024-04-11T06:00:00.000Z,vlog|official|music,7060,462,8,44,https://i.ytimg.com/vi/AcP82PuB9rM/default.jpg,False,False,False,Auto-generated sample description for Comedy video.
-rCOy6okyzW,24.03.09,Reacting to Music Trends,Channel_624,11,2024-09-02T11:00:00.000Z,review|trending|2024,76586,4052,56,643,https://i.ytimg.com/vi/RS7G4M-3Gj4/default.jpg,False,False,False,Auto-generated sample description for Music video.
jNAo_79LIUz,24.02.08,People & Blogs Compilation 2024,Channel_2452,8,2024-08-02T02:00:00.000Z,2024|vlog|official,2210,75,8,38,https://i.ytimg.com/vi/HbcByYFpt6Y/default.jpg,False,False,False,Auto-generated sample description for People & Blogs video.
SP6T5PPAwvU,24.05.06,Reacting to Music Trends,Channel_2230,11,2024-06-02T01:00:00.000Z,official|2024|vlog,80685,5369,204,948,https://i.ytimg.com/vi/FNvTnObimz3/default.jpg,False,False,False,Auto-generated sample description for Music video.
yO-b_gddbgg,24.09.07,Why This Music Video Went Viral,Channel_407,11,2024-07-06T00:00:00.000Z,music|official|vlog,730695,12668,2747,8894,https://i.ytimg.com/vi/hneLVqt1RPU/default.jpg,False,False,False,Auto-generated sample description for Music video.
iQjH8-lHAvA,24.24.08,Why This Music Video Went Viral,Channel_481,3,2024-08-20T03:00:00.000Z,2024|live|vlog,14662,1070,38,284,https://i.ytimg.com/vi/_D4bfkUr9ve/default.jpg,False,False,False,Auto-generated sample description for Music video.
6ZcZ5xoNW-g,25.06.02,Reacting to Music Trends,Channel_2441,11,2025-02-02T17:00:00.000Z,trending|live|vlog,817793,52945,7626,7193,https://i.ytimg.com/vi/EYlGGdSMGwr/default.jpg,False,False,False,Auto-generated sample description for Music video.
