video_id,trending_date,title,channel_title,category_id,publish_time,tags,views,likes,dislikes,comment_count,thumbnail_link,comments_disabled,ratings_disabled,video_error_or_removed,description
z0V5XiiMQgp,24.20.01,Reacting to Music Trends,Channel_3174,8,2024-01-16T17:00:00.000Z,live|review|vlog,9835,651,89,33,https://i.ytimg.com/vi/Htf2o0v1oVO/default.jpg,False,False,False,Auto-generated sample description for Music video.
QU99I4MhWcI,24.05.07,Reacting to Nonprofits & Activism Trends,Channel_2397,14,2024-07-02T06:00:00.000Z,music|live|trending,585,6,1,6,https://i.ytimg.com/vi/26HkHFB69Lc/default.jpg,False,False,False,Auto-generated sample description for Nonprofits & Activism video.
n9l-sHBEanf,24.05.01,Reacting to Autos & Vehicles Trends,Channel_2988,13,2024-01-02T22:00:00.000Z,trending|official|vlog,2484,197,7,31,https://i.ytimg.com/vi/7r1CpuO1Q3U/default.jpg,False,False,False,Auto-generated sample description for Autos & Vehicles video.
bf9UUPxP1uF,25.01.02,Reacting to Nonprofits & Activism Trends,Channel_1502,14,2025-01-30T20:00:00.000Z,2024|review|music,5051,198,23,5,https://i.ytimg.com/vi/wPr3MCVGAVi/default.jpg,False,False,False,Auto-generated sample description for Nonprofits & Activism video.
VJr9KwCTwqt,24.13.04,Music Compilation 2024,Channel_2775,4,2024-04-13T21:00:00.000Z,official|trending|live,61616,4653,424,1119,https://i.ytimg.com/vi/5_7Edr4KW1M/default.jpg,False,False,False,Auto-generated sample description for Music video.
VtdXnMqqBpt,24.05.03,Reacting to Music Trends,Channel_1792,4,2024-03-03T04:00:00.000Z,2024|review|trending,169350,5441,863,2805,https://i.ytimg.com/vi/yX1mrApEzHo/default.jpg,False,False,False,Auto-generated sample description for Music video.
j2Jezzu7Y5j,24.27.05,Behind the Scenes: Music,Channel_3355,8,2024-05-25T09:00:00.000Z,review|vlog|official,98945,3783,150,588,https://i.ytimg.com/vi/BoO1J0K5y5y/default.jpg,False,False,False,Auto-generated sample description for Music video.
3rFJg-tIHZn,24.22.06,Pets & Animals Compilation 2024,Channel_3072,12,2024-06-19T03:00:00.000Z,review|live|official,15312,1057,24,107,https://i.ytimg.com/vi/qNCk7DfM_9P/default.jpg,False,False,False,Auto-generated sample description for Pets & Animals video.
UWOkkWuXcyr,25.12.01,Why This Autos & Vehicles Video Went Viral,Channel_227,13,2025-01-12T20:00:00.000Z,trending|2024|music,6726,402,24,15,https://i.ytimg.com/vi/ZymwfZPAxRW/default.jpg,False,False,False,Auto-generated sample description for Autos & Vehicles video.
1_h-LOLdqPb,25.03.02,Behind the Scenes: Music,Channel_2109,8,2025-02-03T01:00:00.000Z,review|official|music,155611,1781,1323,94,https://i.ytimg.com/vi/nmUVEWbsjvD/default.jpg,False,False,False,Auto-generated sample description for Music video.
WyflRfJ1-8y,24.16.04,Behind the Scenes: Music,Channel_3441,8,2024-04-14T00:00:00.000Z,vlog|2024|review,68374,3938,240,1279,https://i.ytimg.com/vi/VDH1RSstK5w/default.jpg,False,False,False,Auto-generated sample description for Music video.
_iWrlzE3nI9,24.26.09,Music Compilation 2024,Channel_3988,4,2024-09-25T07:00:00.000Z,2024|live|trending,30715,2149,20,409,https://i.ytimg.com/vi/4wlRFZldjBJ/default.jpg,False,False,False,Auto-generated sample description for Music video.
g1P1GAx1ljT,24.23.06,Official Gaming Highlights,Channel_2814,17,2024-06-23T10:00:00.000Z,trending|live|official,20768,1081,12,109,https://i.ytimg.com/vi/FKIGBz8y2YQ/default.jpg,False,False,False,Auto-generated sample description for Gaming video.
fzQXFpzSxX-,24.07.05,Top 10 Music Moments This Week,Channel_1638,8,2024-05-06T18:00:00.000Z,official|2024|music,288197,16657,2278,890,https://i.ytimg.com/vi/cARlGB6cjHV/default.jpg,False,False,False,Auto-generated sample description for Music video.
8nAk7uWDjad,25.22.01,Music Compilation 2024,Channel_2635,8,2025-01-18T12:00:00.000Z,2024|trending|live,42851,1791,65,601,https://i.ytimg.com/vi/pV1ic7I0m2F/default.jpg,False,False,False,Auto-generated sample description for Music video.
X5qClX0oCZ2,24.06.07,Reacting to Gaming Trends,Channel_2815,17,2024-07-05T18:00:00.000Z,official|2024|vlog,52611,1662,447,1039,https://i.ytimg.com/vi/dk944WZotAa/default.jpg,False,False,False,Auto-generated sample description for Gaming video.
ZWXXpNaGdjN,24.19.07,Top 10 Film & Animation Moments This Week,Channel_2250,19,2024-07-16T08:00:00.000Z,vlog|live|trending,36350,592,247,99,https://i.ytimg.com/vi/8PbI2FOqBf7/default.jpg,False,False,False,Auto-generated sample description for Film & Animation video.
ofT_m1datCj,24.14.06,Reacting to Music Trends,Channel_3981,4,2024-06-14T15:00:00.000Z,official|trending|2024,2791,36,11,33,https://i.ytimg.com/vi/cSUlONHa1mX/default.jpg,False,False,False,Auto-generated sample description for Music video.
EM2ljZQ7CVC,24.22.07,Official Music Highlights,Channel_3638,4,2024-07-19T12:00:00.000Z,live|vlog|2024,149503,4828,400,271,https://i.ytimg.com/vi/1nlwkaOuuIK/default.jpg,False,False,False,Auto-generated sample description for Music video.
m7JNwHnYSGy,24.20.06,Official Science & Technology Highlights,Channel_2532,11,2024-06-17T19:00:00.000Z,music|live|2024,50679,1765,129,995,https://i.ytimg.com/vi/T51Iwwco-2k/default.jpg,False,False,False,Auto-generated sample description for Science & Technology video.
zOdOe-zTEWJ,24.28.09,Top 10 Music Moments This Week,Channel_206,8,2024-09-25T20:00:00.000Z,vlog|live|music,75087,4950,129,188,https://i.ytimg.com/vi/esthFxn1Lcu/default.jpg,False,False,False,Auto-generated sample description for Music video.
LrJY0zvrNoZ,24.15.11,Why This Music Video Went Viral,Channel_4279,4,2024-11-11T06:00:00.000Z,official|trending|2024,19780,478,87,45,https://i.ytimg.com/vi/zW0OaejHqBs/default.jpg,False,False,False,Auto-generated sample description for Music video.
TetPm_JTWku,25.15.01,Top 10 Music Moments This Week,Channel_552,4,2025-01-13T00:00:00.000Z,trending|2024|vlog,563683,29298,2637,6576,https://i.ytimg.com/vi/6AZeAE2m-8r/default.jpg,False,False,False,Auto-generated sample description for Music video.
3mxa2SxCp94,25.27.01,Top 10 Music Moments This Week,Channel_2080,4,2025-01-27T22:00:00.000Z,vlog|review|music,119325,4477,220,1414,https://i.ytimg.com/vi/k4JbY-sAiRt/default.jpg,False,False,False,Auto-generated sample description for Music video.
7UULMvcO4vo,24.07.08,Why This Music Video Went Viral,Channel_3960,8,2024-08-03T11:00:00.000Z,live|vlog|official,382425,20806,3426,2960,https://i.ytimg.com/vi/bKuQBQuTDof/default.jpg,False,False,False,Auto-generated sample description for Music video.
XmNCjpFxJkl,24.05.12,Top 10 Pets & Animals Moments This Week,Channel_4054,1,2024-12-05T03:00:00.000Z,live|review|music,2536,123,1,48,https://i.ytimg.com/vi/BONZkO5IMOV/default.jpg,False,False,False,Auto-generated sample description for Pets & Animals video.
F5cH4E-MXsm,24.23.07,Why This Music Video Went Viral,Channel_2003,8,2024-07-22T19:00:00.000Z,live|trending|2024,57957,2006,478,830,https://i.ytimg.com/vi/aYJv6YnGFO5/default.jpg,True,False,False,Auto-generated sample description for Music video.
j9pw4yRYnxv,24.26.02,Reacting to Autos & Vehicles Trends,Channel_2519,15,2024-02-26T20:00:00.000Z,2024|vlog|live,9357,444,87,40,https://i.ytimg.com/vi/8LY4Tn-_cT2/default.jpg,False,False,False,Auto-generated sample description for Autos & Vehicles video.
BUmlj-dsZlu,24.08.01,Reacting to Pets & Animals Trends,Channel_410,1,2024-01-06T12:00:00.000Z,official|music|2024,16673,1291,165,298,https://i.ytimg.com/vi/kVsrA-zbE_Z/default.jpg,False,False,False,Auto-generated sample description for Pets & Animals video.
eGshjQ_onGT,24.10.03,Gaming Compilation 2024,Channel_2077,17,2024-03-07T10:00:00.000Z,2024|official|vlog,27433,1926,250,367,https://i.ytimg.com/vi/Hj1IxS3jQ3V/default.jpg,False,False,False,Auto-generated sample description for Gaming video.
4rJaK7pOnB-,24.19.05,Why This Music Video Went Viral,Channel_3487,4,2024-05-15T09:00:00.000Z,2024|vlog|trending,13412,326,21,76,https://i.ytimg.com/vi/zdK4htGYU08/default.jpg,False,False,False,Auto-generated sample description for Music video.
A_UDMtJCKIc,24.27.11,Behind the Scenes: Education,Channel_4835,3,2024-11-26T05:00:00.000Z,trending|vlog|official,80369,5324,385,1323,https://i.ytimg.com/vi/MlE_UHiNv23/default.jpg,False,False,False,Auto-generated sample description for Education video.
IFudmNq6R2Z,24.03.04,Official Music Highlights,Channel_940,8,2024-04-02T17:00:00.000Z,2024|live|music,62247,3701,188,591,https://i.ytimg.com/vi/y6MGq_8gQ7H/default.jpg,False,False,True,Auto-generated sample description for Music video.
ynxqHbob2hC,24.04.09,Behind the Scenes: Music,Channel_4561,8,2024-08-31T10:00:00.000Z,music|2024|review,94759,7238,527,691,https://i.ytimg.com/vi/yB7Pr5-lf2C/default.jpg,False,False,False,Auto-generated sample description for Music video.
hbiA4p56Ymm,25.20.01,Music Compilation 2024,Channel_2431,4,2025-01-16T06:00:00.000Z,live|review|2024,41057,2704,106,477,https://i.ytimg.com/vi/oOy4dPASk7C/default.jpg,False,False,False,Auto-generated sample description for Music video.
_x0csJVaE_C,24.23.03,Music Compilation 2024,Channel_1282,4,2024-03-21T18:00:00.000Z,music|trending|2024,7011,482,15,40,https://i.ytimg.com/vi/2kIbStis_EP/default.jpg,False,False,False,Auto-generated sample description for Music video.
GPC29AjttpF,24.08.06,Why This Music Video Went Viral,Channel_4852,8,2024-06-04T20:00:00.000Z,review|vlog|official,804756,38830,4123,5671,https://i.ytimg.com/vi/lWLhBp_5gQh/default.jpg,False,False,False,Auto-generated sample description for Music video.
g27tIyOEyCM,25.04.01,Reacting to Music Trends,Channel_4825,8,2025-01-02T16:00:00.000Z,official|music|vlog,13884,779,138,205,https://i.ytimg.com/vi/0D806DVRFFY/default.jpg,False,False,False,Auto-generated sample description for Music video.
iiH6FpA7AYd,24.23.04,Music Compilation 2024,Channel_4384,4,2024-04-22T08:00:00.000Z,2024|music|live,1368,75,11,23,https://i.ytimg.com/vi/FyadCT95eqH/default.jpg,False,False,False,Auto-generated sample description for Music video.
MCgNl06XLkC,24.08.03,Reacting to Music Trends,Channel_2088,4,2024-03-07T13:00:00.000Z,music|2024|official,204692,14187,1711,868,https://i.ytimg.com/vi/gakPTv51uG_/default.jpg,False,False,False,Auto-generated sample description for Music video.
OL2i2jlS7V0,24.01.12,Official Music Highlights,Channel_4178,8,2024-12-01T22:00:00.000Z,trending|music|vlog,238169,17784,328,2082,https://i.ytimg.com/vi/MfaZy67EY87/default.jpg,False,False,False,Auto-generated sample description for Music video.
HzBcXcIVIZN,24.16.08,Behind the Scenes: Music,Channel_1346,8,2024-08-16T06:00:00.000Z,2024|official|review,35887,1744,74,646,https://i.ytimg.com/vi/o6ve7gx9xM4/default.jpg,False,False,False,Auto-generated sample description for Music video.
TJgdLU_0cvI,24.11.05,Reacting to Music Trends,Channel_2100,8,2024-05-07T03:00:00.000Z,trending|2024|vlog,325340,13980,1353,4634,https://i.ytimg.com/vi/UC9KtHV6wUT/default.jpg,False,False,False,Auto-generated sample description for Music video.
xn8MV2kcMeI,25.26.01,Reacting to Music Trends,Channel_713,4,2025-01-23T11:00:00.000Z,live|review|music,119597,1764,686,1239,https://i.ytimg.com/vi/WOhfFlGm_Uf/default.jpg,False,False,False,Auto-generated sample description for Music video.
-Y4sp3X9F5C,25.12.01,Why This Music Video Went Viral,Channel_1278,8,2025-01-08T02:00:00.000Z,vlog|review|2024,43834,1429,144,373,https://i.ytimg.com/vi/vNbXWSWy0gX/default.jpg,False,False,False,Auto-generated sample description for Music video.
HdTIHCQdAD5,25.18.01,Behind the Scenes: Gaming,Channel_2853,17,2025-01-17T09:00:00.000Z,2024|trending|live,7357,431,52,33,https://i.ytimg.com/vi/yONrGUyhS2U/default.jpg,False,False,False,Auto-generated sample description for Gaming video.
vG_jVK9Jf_z,24.16.05,Why This Music Video Went Viral,Channel_1438,4,2024-05-16T10:00:00.000Z,vlog|official|review,44878,2935,121,820,https://i.ytimg.com/vi/-E-osrOGVXC/default.jpg,False,False,False,Auto-generated sample description for Music video.
_1bBLEZk0d5,24.16.10,Why This Gaming Video Went Viral,Channel_2438,17,2024-10-16T07:00:00.000Z,music|official|trending,2831,173,2,13,https://i.ytimg.com/vi/eVNZS6pkNQL/default.jpg,False,False,False,Auto-generated sample description for Gaming video.
xZKd9PBxyGP,24.18.07,Top 10 Music Moments This Week,Channel_1135,8,2024-07-17T00:00:00.000Z,2024|review|trending,114118,5379,152,573,https://i.ytimg.com/vi/5WoVAvwCFkj/default.jpg,False,False,False,Auto-generated sample description for Music video.
GnS0teALBqp,24.18.08,Music Compilation 2024,Channel_4476,4,2024-08-16T09:00:00.000Z,2024|music|review,33867,1354,55,427,https://i.ytimg.com/vi/K7O7uXZIpXJ/default.jpg,False,False,False,Auto-generated sample description for Music video.
6VbBfQyajZp,24.20.11,Reacting to Music Trends,Channel_4498,8,2024-11-20T03:00:00.000Z,live|official|review,996855,19907,6479,11042,https://i.ytimg.com/vi/k2v8pfkYkfF/default.jpg,False,False,False,Auto-generated sample description for Music video.
b5DXl5eQUgz,24.08.07,Official Music Highlights,Channel_2554,4,2024-07-06T04:00:00.000Z,live|review|music,185649,1889,1209,584,https://i.ytimg.com/vi/bHZ6cN2BRPD/default.jpg,False,False,False,Auto-generated sample description for Music video.
HjtFLMUDSKG,24.28.09,Top 10 Music Moments This Week,Channel_3813,4,2024-09-26T18:00:00.000Z,2024|trending|official,17966,944,61,253,https://i.ytimg.com/vi/NP1RFSi7DmH/default.jpg,False,False,False,Auto-generated sample description for Music video.
IDwTKsB4FY7,24.16.10,Behind the Scenes: Music,Channel_827,4,2024-10-15T21:00:00.000Z,music|live|review,46644,3676,152,296,https://i.ytimg.com/vi/JiggmxPQ6_P/default.jpg,False,False,False,Auto-generated sample description for Music video.
rbAIIwFMENf,24.06.05,Top 10 Autos & Vehicles Moments This Week,Channel_4700,13,2024-05-04T16:00:00.000Z,trending|2024|live,9335,275,35,182,https://i.ytimg.com/vi/HJdE0Ld5CRp/default.jpg,False,False,False,Auto-generated sample description for Autos & Vehicles video.
PlIYhTQogwY,24.10.01,Behind the Scenes: Autos & Vehicles,Channel_1026,15,2024-01-10T17:00:00.000Z,music|official|2024,2665,30,17,51,https://i.ytimg.com/vi/SbjMbuSbCAu/default.jpg,False,False,False,"Auto-generated sample description for Autos & Vehicles video.
Second line inside a quoted CSV field."
964WaZBSUO5,24.16.05,Official Music Highlights,Channel_4756,8,2024-05-15T20:00:00.000Z,trending|live|official,11592,497,43,35,https://i.ytimg.com/vi/ic6mKUWVfpl/default.jpg,False,False,False,Auto-generated sample description for Music video.
akZOoLjbpMi,24.10.06,Behind the Scenes: Film & Animation,Channel_24,19,2024-06-09T04:00:00.000Z,2024|vlog|review,6101,466,14,81,https://i.ytimg.com/vi/X7zbPTEVkHx/default.jpg,False,False,False,Auto-generated sample description for Film & Animation video.
-325Y7g9brV,24.15.11,Music Compilation 2024,Channel_359,8,2024-11-14T01:00:00.000Z,music|2024|live,401918,28189,2602,3160,https://i.ytimg.com/vi/Fuo60l_sr-V/default.jpg,False,False,False,Auto-generated sample description for Music video.
KUonKRpGCqR,24.09.09,Autos & Vehicles Compilation 2024,Channel_3916,13,2024-09-09T13:00:00.000Z,review|trending|live,28337,2186,272,187,https://i.ytimg.com/vi/_3ygUquMNQo/default.jpg,False,False,False,Auto-generated sample description for Autos & Vehicles video.
zMTat1fT-QX,24.25.12,Reacting to Music Trends,Channel_3468,4,2024-12-21T16:00:00.000Z,official|music|trending,18712,1487,79,185,https://i.ytimg.com/vi/IKgoAytxxV2/default.jpg,False,False,False,Auto-generated sample description for Music video.
tA_04smEsPO,24.29.09,Official Music Highlights,Channel_2568,8,2024-09-28T07:00:00.000Z,2024|live|vlog,68464,1904,565,1269,https://i.ytimg.com/vi/4X2tut_WGe4/default.jpg,False,False,True,Auto-generated sample description for Music video.
L4lHpIapmEP,25.26.01,Reacting to Film & Animation Trends,Channel_3515,19,2025-01-24T17:00:00.000Z,review|vlog|2024,1774,98,5,11,https://i.ytimg.com/vi/VhOs3iMmiAU/default.jpg,False,False,False,Auto-generated sample description for Film & Animation video.
XJec7K1wapb,24.14.07,Reacting to Music Trends,Channel_2306,8,2024-07-11T04:00:00.000Z,vlog|trending|live,97031,1267,959,961,https://i.ytimg.com/vi/zSiLg9Jc1Bg/default.jpg,False,False,False,Auto-generated sample description for Music video.
lGOLVhG5Vrr,25.28.01,Behind the Scenes: Howto & Style,Channel_2954,20,2025-01-26T02:00:00.000Z,trending|vlog|review,2182,122,21,35,https://i.ytimg.com/vi/8KtgYRMXGuS/default.jpg,False,False,False,Auto-generated sample description for Howto & Style video.
ij_oneo_o6D,24.15.07,Behind the Scenes: Music,Channel_4477,4,2024-07-14T11:00:00.000Z,trending|live|2024,21445,544,133,89,https://i.ytimg.com/vi/mRaa3uH5E8M/default.jpg,False,False,False,Auto-generated sample description for Music video.
tIkD1jNmvY3,24.26.02,Top 10 Music Moments This Week,Channel_1923,4,2024-02-26T04:00:00.000Z,review|music|official,87572,1164,620,937,https://i.ytimg.com/vi/wv-vRo-cKKt/default.jpg,False,False,False,Auto-generated sample description for Music video.
5MWvZE09h9W,24.17.12,Top 10 Music Moments This Week,Channel_4420,8,2024-12-17T12:00:00.000Z,music|official|2024,1781,121,12,23,https://i.ytimg.com/vi/tf2S95WuEcV/default.jpg,False,False,False,Auto-generated sample description for Music video.
1tR444PXBeK,25.17.01,Reacting to Gaming Trends,Channel_2180,17,2025-01-16T02:00:00.000Z,vlog|official|review,4636,96,8,80,https://i.ytimg.com/vi/qiY61AjO0yj/default.jpg,False,False,False,Auto-generated sample description for Gaming video.
PnyaI5qxeWk,24.22.01,Behind the Scenes: Music,Channel_1734,8,2024-01-21T04:00:00.000Z,official|music|trending,35197,1875,224,144,https://i.ytimg.com/vi/Dm4CsmdZAWn/default.jpg,False,False,False,Auto-generated sample description for Music video.
jpeDEooua2-,24.31.08,Behind the Scenes: Gaming,Channel_4186,17,2024-08-27T13:00:00.000Z,review|trending|official,5219,198,15,103,https://i.ytimg.com/vi/3hnQwEVhIr4/default.jpg,False,False,False,Auto-generated sample description for Gaming video.
84nLCyFq9XS,24.28.01,Top 10 Music Moments This Week,Channel_4699,8,2024-01-25T19:00:00.000Z,vlog|official|2024,317938,8247,1200,2622,https://i.ytimg.com/vi/3gZOJ-1LAQY/default.jpg,False,False,False,Auto-generated sample description for Music video.
hI05Fr5C7P5,24.16.07,Behind the Scenes: Music,Channel_3770,4,2024-07-16T01:00:00.000Z,vlog|trending|live,2330,164,8,3,https://i.ytimg.com/vi/WBwmcMXwS7q/default.jpg,False,False,False,Auto-generated sample description for Music video.
vMrjQRrFR6Y,24.19.12,Official Music Highlights,Channel_3304,8,2024-12-15T20:00:00.000Z,live|trending|music,37047,697,112,419,https://i.ytimg.com/vi/k3cPTwdOsBb/default.jpg,False,False,False,Auto-generated sample description for Music video.
xqHpgw9JmBX,24.02.03,Reacting to Music Trends,Channel_4899,4,2024-02-29T18:00:00.000Z,2024|vlog|trending,21323,1519,89,47,https://i.ytimg.com/vi/ealvEFF1TRO/default.jpg,False,False,False,Auto-generated sample description for Music video.
ksSugaMw-bZ,24.25.03,Behind the Scenes: Music,Channel_2543,8,2024-03-22T09:00:00.000Z,2024|music|trending,37077,1226,322,80,https://i.ytimg.com/vi/Gk3tVSEfedv/default.jpg,False,False,False,Auto-generated sample description for Music video.
BfNAp4oSSMh,24.02.10,Reacting to Music Trends,Channel_167,8,2024-09-30T06:00:00.000Z,trending|review|live,5690969,66481,19701,34804,https://i.ytimg.com/vi/0IDYmn6p1zY/default.jpg,False,False,False,Auto-generated sample description for Music video.
HOHuRgvlasy,24.31.08,Music Compilation 2024,Channel_2505,4,2024-08-30T05:00:00.000Z,vlog|2024|official,28782,1310,146,39,https://i.ytimg.com/vi/coIE1iiFphq/default.jpg,False,False,False,Auto-generated sample description for Music video.
6kgHC1wGr5b,24.01.09,Reacting to Music Trends,Channel_642,4,2024-08-30T20:00:00.000Z,2024|official|vlog,196175,10986,1057,2845,https://i.ytimg.com/vi/74eHC9MqP6J/default.jpg,False,False,False,Auto-generated sample description for Music video.
ee3C4PW2vPv,25.19.01,Why This Music Video Went Viral,Channel_1466,4,2025-01-17T20:00:00.000Z,official|live|music,33665,2421,238,321,https://i.ytimg.com/vi/iluZ4Hrr95J/default.jpg,False,False,False,Auto-generated sample description for Music video.
YA-T0GWLOVl,25.20.01,Reacting to Music Trends,Channel_3641,4,2025-01-19T00:00:00.000Z,review|vlog|live,1564052,75840,4092,17764,https://i.ytimg.com/vi/q6r-zaMepeC/default.jpg,False,False,False,Auto-generated sample description for Music video.
I1K6UQ3ElAj,24.13.01,Why This News & Politics Video Went Viral,Channel_1286,2,2024-01-12T00:00:00.000Z,review|trending|live,1726,137,14,6,https://i.ytimg.com/vi/v9WJeHGTtb4/default.jpg,False,False,False,Auto-generated sample description for News & Politics video.
XPKxS1vyQEs,24.07.06,Reacting to Nonprofits & Activism Trends,Channel_2690,14,2024-06-04T04:00:00.000Z,music|2024|live,723,41,2,13,https://i.ytimg.com/vi/Xux7VocIDZv/default.jpg,False,False,False,Auto-generated sample description for Nonprofits & Activism video.
gCoa6dITWau,25.23.01,Behind the Scenes: Music,Channel_194,8,2025-01-21T14:00:00.000Z,2024|live|vlog,48749,2525,421,416,https://i.ytimg.com/vi/dF5Y3Tsd_EZ/default.jpg,True,False,False,Auto-generated sample description for Music video.
NCx0mcv0cOH,24.08.02,Official Film & Animation Highlights,Channel_1284,19,2024-02-08T13:00:00.000Z,vlog|live|trending,5423,124,7,95,https://i.ytimg.com/vi/pYHBxizG3Zq/default.jpg,False,False,False,Auto-generated sample description for Film & Animation video.
WKYCp5Kupvq,24.25.01,Music Compilation 2024,Channel_1504,8,2024-01-21T02:00:00.000Z,2024|vlog|review,29017,1126,193,165,https://i.ytimg.com/vi/CHKRvjR7y6F/default.jpg,False,False,False,Auto-generated sample description for Music video.
exXhff0l-eN,24.04.12,News & Politics Compilation 2024,Channel_4077,2,2024-12-04T03:00:00.000Z,review|music|trending,4141,236,37,27,https://i.ytimg.com/vi/a5_NB1k-SOy/default.jpg,False,False,False,Auto-generated sample description for News & Politics video.
7XRMdRduiXL,24.29.08,Reacting to Music Trends,Channel_2524,8,2024-08-27T01:00:00.000Z,live|trending|2024,99863,4617,656,660,https://i.ytimg.com/vi/hJW35TzuDJL/default.jpg,False,False,False,Auto-generated sample description for Music video.
AsXhJ7OqchY,24.04.05,Why This News & Politics Video Went Viral,Channel_1876,18,2024-05-01T12:00:00.000Z,vlog|review|2024,61841,2788,82,48,https://i.ytimg.com/vi/0H4NRMLElMq/default.jpg,False,False,False,Auto-generated sample description for News & Politics video.
44QVsuviQXJ,24.22.06,Music Compilation 2024,Channel_2711,8,2024-06-19T13:00:00.000Z,music|trending|2024,779370,49906,3313,3645,https://i.ytimg.com/vi/pcH9SMjgM_6/default.jpg,False,False,False,Auto-generated sample description for Music video.
yBfWArHM6J7,24.05.07,Top 10 Music Moments This Week,Channel_2511,8,2024-07-04T14:00:00.000Z,music|official|vlog,6073,365,42,108,https://i.ytimg.com/vi/i-EYJe0C9uj/default.jpg,False,False,False,Auto-generated sample description for Music video.
kdVvIcQFtBp,24.18.12,Reacting to Music Trends,Channel_4360,8,2024-12-16T05:00:00.000Z,trending|vlog|review,46753,2453,95,426,https://i.ytimg.com/vi/DD4BnT6BeXa/default.jpg,False,False,False,Auto-generated sample description for Music video.
E2QBPwinkcK,24.28.04,Why This Music Video Went Viral,Channel_4609,4,2024-04-25T07:00:00.000Z,live|official|vlog,5870,388,48,54,https://i.ytimg.com/vi/D8OwQShQJma/default.jpg,False,False,False,Auto-generated sample description for Music video.
FsN6lxtwGWp,24.17.01,Reacting to Music Trends,Channel_2099,8,2024-01-15T07:00:00.000Z,trending|live|official,73838,5656,664,712,https://i.ytimg.com/vi/KFUYqfCgvhj/default.jpg,False,False,False,Auto-generated sample description for Music video.
L5uEhcNS9NK,24.14.12,Behind the Scenes: Music,Channel_275,4,2024-12-13T21:00:00.000Z,2024|music|trending,35275,2408,203,384,https://i.ytimg.com/vi/lXKqUnz_BL8/default.jpg,False,False,False,Auto-generated sample description for Music video.
TI_P7zw0ZHO,24.01.06,Why This Nonprofits & Activism Video Went Viral,Channel_1708,9,2024-06-01T12:00:00.000Z,live|trending|review,1259,77,5,23,https://i.ytimg.com/vi/vp0XR7O1Gh9/default.jpg,False,False,False,Auto-generated sample description for Nonprofits & Activism video.
xBuMiqUv0G4,24.31.12,Behind the Scenes: Music,Channel_4462,8,2024-12-29T14:00:00.000Z,official|trending|vlog,44400,1713,35,206,https://i.ytimg.com/vi/yPvnDeMuf7b/default.jpg,False,True,True,Auto-generated sample description for Music video.
rDw-Qf_4hYt,24.02.07,Top 10 News & Politics Moments This Week,Channel_1318,2,2024-07-02T03:00:00.000Z,vlog|review|trending,36141,1430,93,527,https://i.ytimg.com/vi/_ASJ21T62Sa/default.jpg,True,False,False,Auto-generated sample description for News & Politics video.
7u9fcjNFi3R,24.15.08,Reacting to Film & Animation Trends,Channel_4336,5,2024-08-12T00:00:00.000Z,2024|trending|music,43864,2187,354,191,https://i.ytimg.com/vi/lB-JxM6VXie/default.jpg,False,False,False,Auto-generated sample description for Film & Animation video.
Ei3UZAbE7kZ,24.23.02,Top 10 Music Moments This Week,Channel_2342,4,2024-02-22T06:00:00.000Z,2024|music|official,18763,1293,129,356,https://i.ytimg.com/vi/2gfZHXi_gl1/default.jpg,False,False,False,Auto-generated sample description for Music video.
eILN9900tfr,24.06.06,Why This Music Video Went Viral,Channel_3837,4,2024-06-04T02:00:00.000Z,trending|2024|review,14865,836,123,206,https://i.ytimg.com/vi/kDIk07SPBi8/default.jpg,False,False,False,Auto-generated sample description for Music video.
N9UTo6icl6j,24.30.01,Reacting to Music Trends,Channel_1971,8,2024-01-27T18:00:00.000Z,2024|trending|live,165765,3863,1648,2961,https://i.ytimg.com/vi/8s__YBHcykm/default.jpg,False,False,False,Auto-generated sample description for Music video.
LIVsR1wsXoy,24.21.01,Behind the Scenes: Gaming,Channel_1821,17,2024-01-20T03:00:00.000Z,official|review|trending,30607,1531,109,57,https://i.ytimg.com/vi/aRfwuKJxxqI/default.jpg,False,False,False,Auto-generated sample description for Gaming video.
6H7ZuS--W6-,24.24.09,Music Compilation 2024,Channel_4027,8,2024-09-21T19:00:00.000Z,2024|official|live,116247,2719,191,2286,https://i.ytimg.com/vi/gRTHTqKKtBi/default.jpg,False,False,False,Auto-generated sample description for Music video.
WRq1qUj9pmx,25.28.01,Reacting to Music Trends,Channel_2380,8,2025-01-25T01:00:00.000Z,2024|official|vlog,73061,3782,376,1210,https://i.ytimg.com/vi/2XQznW6lbW7/default.jpg,False,False,False,Auto-generated sample description for Music video.
xC1DFKZmt6_,25.03.02,Why This Music Video Went Viral,Channel_183,8,2025-01-31T03:00:00.000Z,live|vlog|trending,4575,121,3,76,https://i.ytimg.com/vi/bkZgebZfReW/default.jpg,False,False,False,Auto-generated sample description for Music video.
6CfyrcIRwaI,25.26.01,Top 10 Howto & Style Moments This Week,Channel_1083,20,2025-01-25T02:00:00.000Z,live|review|music,42030,1020,50,587,https://i.ytimg.com/vi/94tQzSAK7gu/default.jpg,False,False,False,Auto-generated sample description for Howto & Style video.
v4nQ7GVs59v,24.14.04,Official Music Highlights,Channel_2081,4,2024-04-12T06:00:00.000Z,2024|trending|official,16080,817,160,105,https://i.ytimg.com/vi/bjnCzE04yNl/default.jpg,False,False,False,Auto-generated sample description for Music video.
s34C3lWGlK5,24.04.09,Top 10 Music Moments This Week,Channel_4168,4,2024-09-02T09:00:00.000Z,trending|vlog|2024,122943,4750,879,114,https://i.ytimg.com/vi/dNjRUYQ98Zd/default.jpg,False,False,False,Auto-generated sample description for Music video.
_exdloc8J8o,24.24.11,Top 10 Nonprofits & Activism Moments This Week,Channel_4573,9,2024-11-23T21:00:00.000Z,2024|vlog|review,5195,279,37,103,https://i.ytimg.com/vi/UJrU6F4z6_a/default.jpg,False,False,False,Auto-generated sample description for Nonprofits & Activism video.
hm7Ii1OJqSl,24.30.01,Reacting to Music Trends,Channel_3339,8,2024-01-29T13:00:00.000Z,vlog|live|trending,19042,240,66,174,https://i.ytimg.com/vi/1EjW_NIRUJK/default.jpg,False,False,False,Auto-generated sample description for Music video.
uopyjvnB8iX,24.09.09,Top 10 Film & Animation Moments This Week,Channel_3835,19,2024-09-05T14:00:00.000Z,official|2024|live,1813,55,15,20,https://i.ytimg.com/vi/yZgxBHPmgzM/default.jpg,False,False,False,Auto-generated sample description for Film & Animation video.
Abh69VqHOAH,24.17.02,Behind the Scenes: Music,Channel_2197,4,2024-02-16T14:00:00.000Z,official|music|2024,2163,97,3,20,https://i.ytimg.com/vi/nr2j-DW3iWY/default.jpg,False,False,False,Auto-generated sample description for Music video.
ouaGSO7ko-B,24.17.05,Behind the Scenes: Music,Channel_1807,4,2024-05-17T21:00:00.000Z,vlog|live|music,26376,834,131,507,https://i.ytimg.com/vi/IpkH76ClBoW/default.jpg,False,False,False,Auto-generated sample description for Music video.
8zv_N7zLHPS,24.05.09,Reacting to Music Trends,Channel_3794,8,2024-09-03T21:00:00.000Z,review|official|vlog,25010,539,97,368,https://i.ytimg.com/vi/zJxDk11RtXt/default.jpg,False,False,False,Auto-generated sample description for Music video.
hpkQmzdyUzc,24.03.12,Why This Music Video Went Viral,Channel_1268,4,2024-12-03T14:00:00.000Z,2024|vlog|music,141160,3543,276,2011,https://i.ytimg.com/vi/soLjD4R8lu1/default.jpg,False,True,False,Auto-generated sample description for Music video.
qYo2U6drQZS,24.27.10,Behind the Scenes: Music,Channel_4033,8,2024-10-25T13:00:00.000Z,review|live|vlog,6701,199,47,112,https://i.ytimg.com/vi/jXVeJ40gsf4/default.jpg,False,False,False,Auto-generated sample description for Music video.
utMAJW_z4d-,24.15.03,Official Music Highlights,Channel_1497,8,2024-03-14T15:00:00.000Z,music|2024|vlog,183005,5997,1046,3589,https://i.ytimg.com/vi/GXoLImUSseU/default.jpg,False,False,False,Auto-generated sample description for Music video.
XuvQXFTKdmr,24.01.10,Music Compilation 2024,Channel_4874,8,2024-09-27T16:00:00.000Z,live|trending|2024,79670,5197,54,341,https://i.ytimg.com/vi/sqUrfdcZYRH/default.jpg,False,False,False,Auto-generated sample description for Music video.
RhaDjTw0MHu,24.12.01,Top 10 Film & Animation Moments This Week,Channel_4785,5,2024-01-10T05:00:00.000Z,trending|2024|official,34346,2625,177,117,https://i.ytimg.com/vi/09KVSt3mGqx/default.jpg,False,False,False,Auto-generated sample description for Film & Animation video.
7uO7gLOZv7i,24.09.11,Top 10 Music Moments This Week,Channel_892,8,2024-11-08T19:00:00.000Z,trending|review|2024,35915,1620,267,241,https://i.ytimg.com/vi/ZziiHRnXU8p/default.jpg,False,False,False,Auto-generated sample description for Music video.
CVCeXrL6uVH,24.12.12,Music Compilation 2024,Channel_4244,4,2024-12-10T03:00:00.000Z,2024|trending|music,89596,2690,56,1526,https://i.ytimg.com/vi/bBzdpzveZ-D/default.jpg,False,False,False,Auto-generated sample description for Music video.
siyMiprbnje,24.04.07,Music Compilation 2024,Channel_433,8,2024-06-30T02:00:00.000Z,2024|vlog|review,44936,2950,226,808,https://i.ytimg.com/vi/XTSA-aUO633/default.jpg,False,False,False,Auto-generated sample description for Music video.
tVlScw30BTg,24.25.11,Why This News & Politics Video Went Viral,Channel_3828,18,2024-11-23T09:00:00.000Z,official|2024|live,52923,645,522,723,https://i.ytimg.com/vi/0sRw0DCI30Q/default.jpg,False,True,False,Auto-generated sample description for News & Politics video.
qx0a7GGQjc7,24.09.03,Official Pets & Animals Highlights,Channel_1449,1,2024-03-07T17:00:00.000Z,music|review|vlog,1827,51,5,7,https://i.ytimg.com/vi/iBm_koV6Oz8/default.jpg,False,False,False,Auto-generated sample description for Pets & Animals video.
e9wuy0bw435,24.06.08,Official Music Highlights,Channel_1996,8,2024-08-04T18:00:00.000Z,live|official|trending,464769,27328,3538,968,https://i.ytimg.com/vi/xynTgcqh2OG/default.jpg,False,False,False,Auto-generated sample description for Music video.
OM5pSPuX8eh,25.22.01,Reacting to Music Trends,Channel_2765,4,2025-01-21T04:00:00.000Z,vlog|2024|official,197124,12373,1364,950,https://i.ytimg.com/vi/A_TK2eN3wbh/default.jpg,False,False,False,Auto-generated sample description for Music video.
VnZAUfahujf,24.26.09,Top 10 Music Moments This Week,Channel_4359,4,2024-09-24T04:00:00.000Z,music|trending|2024,59628,2886,34,782,https://i.ytimg.com/vi/8Kg8bRtwxvT/default.jpg,False,False,False,Auto-generated sample description for Music video.
awF6tmgZ4JR,24.30.01,Behind the Scenes: Gaming,Channel_82,17,2024-01-26T18:00:00.000Z,2024|trending|music,8097,541,35,139,https://i.ytimg.com/vi/GTPhhTByWVk/default.jpg,False,False,False,Auto-generated sample description for Gaming video.
iHI6hUWhJNs,25.14.01,Why This Music Video Went Viral,Channel_3986,4,2025-01-10T17:00:00.000Z,2024|music|official,33520,2377,135,49,https://i.ytimg.com/vi/ZL2tZGnO-N3/default.jpg,False,False,False,Auto-generated sample description for Music video.
rHIhOjpRDdM,24.09.07,Top 10 Music Moments This Week,Channel_3467,4,2024-07-09T21:00:00.000Z,vlog|review|music,41615,3030,178,351,https://i.ytimg.com/vi/bQfNd8tGQgb/default.jpg,False,False,False,Auto-generated sample description for Music video.
Q7eNtOCOAUq,24.24.07,Official Music Highlights,Channel_846,4,2024-07-21T15:00:00.000Z,official|music|live,162899,1709,1427,1171,https://i.ytimg.com/vi/OUFPtZM2eL9/default.jpg,False,False,False,Auto-generated sample description for Music video.
EFHBHWCsct3,24.06.09,Official Pets & Animals Highlights,Channel_4421,12,2024-09-06T14:00:00.000Z,music|vlog|2024,12448,429,23,172,https://i.ytimg.com/vi/42lbvcRwkb1/default.jpg,False,False,False,Auto-generated sample description for Pets & Animals video.
1mBs-7hFIgO,24.06.09,Behind the Scenes: Pets & Animals,Channel_3954,12,2024-09-05T04:00:00.000Z,vlog|music|2024,848,26,8,5,https://i.ytimg.com/vi/Gx7JzVRaTop/default.jpg,False,False,False,Auto-generated sample description for Pets & Animals video.
5DldhMCwxGE,24.26.02,Why This Music Video Went Viral,Channel_2168,8,2024-02-25T07:00:00.000Z,review|trending|2024,54081,1951,115,109,https://i.ytimg.com/vi/6z1uymfWR5k/default.jpg,False,False,False,Auto-generated sample description for Music video.
dVm2Sw7MXY_,24.01.03,Reacting to Pets & Animals Trends,Channel_1340,6,2024-02-26T18:00:00.000Z,trending|review|official,7572,545,44,74,https://i.ytimg.com/vi/r487FnPj_TZ/default.jpg,False,False,False,Auto-generated sample description for Pets & Animals video.
nxPTP4i-x1j,24.22.09,Top 10 Pets & Animals Moments This Week,Channel_3427,6,2024-09-21T14:00:00.000Z,live|trending|review,10764,227,81,165,https://i.ytimg.com/vi/WsjQgsRAQwq/default.jpg,False,False,False,Auto-generated sample description for Pets & Animals video.
uegl5BiLfpe,24.18.11,Top 10 Film & Animation Moments This Week,Channel_3122,19,2024-11-17T20:00:00.000Z,vlog|trending|music,3985,270,26,58,https://i.ytimg.com/vi/4_2bpMjeBkw/default.jpg,False,False,False,Auto-generated sample description for Film & Animation video.
eSgUaNyReRZ,24.11.09,Reacting to Film & Animation Trends,Channel_3853,19,2024-09-09T10:00:00.000Z,live|official|2024,12512,927,37,134,https://i.ytimg.com/vi/tbP84FhZfQh/default.jpg,False,False,False,Auto-generated sample description for Film & Animation video.
5qk2Mwy_IO4,24.16.09,Reacting to Gaming Trends,Channel_2223,17,2024-09-16T13:00:00.000Z,vlog|music|review,159308,4582,672,1571,https://i.ytimg.com/vi/LWuvdvu5DCr/default.jpg,False,False,False,Auto-generated sample description for Gaming video.
bfE0qGaFI_4,24.13.12,Official Music Highlights,Channel_3694,8,2024-12-11T20:00:00.000Z,trending|official|music,136506,7487,147,1742,https://i.ytimg.com/vi/u9_DaRtcgiu/default.jpg,False,False,False,Auto-generated sample description for Music video.
jqG2KE-FuSE,24.12.10,Education Compilation 2024,Channel_2787,10,2024-10-09T08:00:00.000Z,music|2024|live,3084,197,15,6,https://i.ytimg.com/vi/w_1ZjFp8MrF/default.jpg,False,False,False,Auto-generated sample description for Education video.
v37DFnrIioE,24.02.11,Why This News & Politics Video Went Viral,Channel_1556,18,2024-10-30T10:00:00.000Z,official|music|trending,19201,1203,191,52,https://i.ytimg.com/vi/gc6-YgHsMfv/default.jpg,False,False,False,Auto-generated sample description for News & Politics video.
xVh-MF1Emip,24.26.10,Official Music Highlights,Channel_4497,4,2024-10-26T14:00:00.000Z,live|vlog|trending,23027,760,87,418,https://i.ytimg.com/vi/cJHNtwhRyYo/default.jpg,False,False,False,Auto-generated sample description for Music video.
ju27yAKUfnC,25.07.01,Official Music Highlights,Channel_2491,8,2025-01-05T07:00:00.000Z,vlog|review|music,5348,339,25,41,https://i.ytimg.com/vi/CZOCTXKza2j/default.jpg,False,False,False,Auto-generated sample description for Music video.
xV5Y01mVkvY,24.26.08,Top 10 Film & Animation Moments This Week,Channel_4093,19,2024-08-22T22:00:00.000Z,trending|vlog|2024,1657,29,1,4,https://i.ytimg.com/vi/wAqYbbzNFbt/default.jpg,False,False,False,Auto-generated sample description for Film & Animation video.
7IHpd6BYbtX,24.04.07,Behind the Scenes: Pets & Animals,Channel_1189,1,2024-06-30T03:00:00.000Z,review|music|trending,1682,90,4,23,https://i.ytimg.com/vi/3TJBDunWfCa/default.jpg,False,False,False,Auto-generated sample description for Pets & Animals video.
38VLe1LVBoL,24.06.09,Official Music Highlights,Channel_4303,4,2024-09-05T12:00:00.000Z,official|trending|review,31255,1356,65,28,https://i.ytimg.com/vi/lUng3esOHLD/default.jpg,False,False,False,Auto-generated sample description for Music video.
RePgTckypCJ,24.28.09,Official Music Highlights,Channel_296,8,2024-09-25T01:00:00.000Z,live|trending|review,2366,76,22,2,https://i.ytimg.com/vi/eAQr2pVaty_/default.jpg,False,False,False,Auto-generated sample description for Music video.
WXZe3lW8ros,24.02.09,Behind the Scenes: Music,Channel_2177,8,2024-08-29T20:00:00.000Z,2024|music|official,20299,960,143,159,https://i.ytimg.com/vi/bPAM_TT8EVi/default.jpg,False,False,False,Auto-generated sample description for Music video.
j0gp6AOoT64,24.09.10,Gaming Compilation 2024,Channel_639,17,2024-10-08T10:00:00.000Z,music|trending|vlog,63936,3235,105,1023,https://i.ytimg.com/vi/2w1kGHuN3F_/default.jpg,False,False,False,Auto-generated sample description for Gaming video.
LK_j_Vkc7ag,25.08.01,Reacting to Gaming Trends,Channel_3405,17,2025-01-04T09:00:00.000Z,live|music|vlog,13915,904,10,230,https://i.ytimg.com/vi/zbcaa2NitPw/default.jpg,False,False,False,Auto-generated sample description for Gaming video.
ivPxSjndR8H,24.08.03,Reacting to Music Trends,Channel_1031,8,2024-03-06T20:00:00.000Z,live|official|review,10951,779,65,152,https://i.ytimg.com/vi/QC9O7qHyR2b/default.jpg,False,False,False,Auto-generated sample description for Music video.
A1Goz_5xqZL,24.09.09,Why This Music Video Went Viral,Channel_4535,4,2024-09-09T11:00:00.000Z,music|review|official,385946,15072,3373,4246,https://i.ytimg.com/vi/lX5a4tnwM3T/default.jpg,False,True,False,Auto-generated sample description for Music video.
RAJWRFSEBE2,24.13.03,Why This Music Video Went Viral,Channel_3836,4,2024-03-10T18:00:00.000Z,music|review|official,13855,471,135,130,https://i.ytimg.com/vi/Ec7xt17Aqg3/default.jpg,False,False,False,Auto-generated sample description for Music video.
6slsNP3Mf5x,25.12.01,Top 10 Music Moments This Week,Channel_1953,4,2025-01-08T08:00:00.000Z,music|vlog|review,820,15,6,13,https://i.ytimg.com/vi/DeA1jHKaCKw/default.jpg,False,False,False,Auto-generated sample description for Music video.
k3LNuMdTZCq,24.19.08,Top 10 Film & Animation Moments This Week,Channel_4229,5,2024-08-15T02:00:00.000Z,trending|official|review,6321,454,59,12,https://i.ytimg.com/vi/1aWz-EhblXu/default.jpg,False,False,False,Auto-generated sample description for Film & Animation video.
8ywdKX1WSzN,24.10.06,Top 10 Education Moments This Week,Channel_1961,3,2024-06-10T05:00:00.000Z,review|official|music,9398,262,41,46,https://i.ytimg.com/vi/iJlkyAjD0Hc/default.jpg,False,False,False,Auto-generated sample description for Education video.
BSR09zefi-f,24.07.11,Official Music Highlights,Channel_4444,4,2024-11-07T21:00:00.000Z,review|live|2024,23493,916,142,155,https://i.ytimg.com/vi/El5Mo-m7k0J/default.jpg,False,False,False,Auto-generated sample description for Music video.
VjhGtGEUY8m,24.11.02,Why This Gaming Video Went Viral,Channel_1192,17,2024-02-09T12:00:00.000Z,music|live|2024,520,38,4,5,https://i.ytimg.com/vi/cILpgPdyDPh/default.jpg,False,False,False,Auto-generated sample description for Gaming video.
P4Cz72DG8vX,24.22.08,Top 10 Music Moments This Week,Channel_4135,4,2024-08-19T21:00:00.000Z,music|2024|official,18974,1356,168,16,https://i.ytimg.com/vi/CRokQGvNqqy/default.jpg,False,False,False,Auto-generated sample description for Music video.
nIy10scPgNj,24.03.08,Top 10 Film & Animation Moments This Week,Channel_1542,19,2024-07-31T00:00:00.000Z,trending|review|2024,113760,7613,362,1468,https://i.ytimg.com/vi/kj8Xf5NMo7C/default.jpg,False,False,False,Auto-generated sample description for Film & Animation video.
SVFfMdoijWw,24.19.11,Why This Nonprofits & Activism Video Went Viral,Channel_1504,14,2024-11-15T00:00:00.000Z,review|trending|music,11303,899,83,174,https://i.ytimg.com/vi/TaFWL1Q9gmg/default.jpg,False,False,False,Auto-generated sample description for Nonprofits & Activism video.
HN4HbtUL5bm,25.30.01,Official Music Highlights,Channel_4392,4,2025-01-26T07:00:00.000Z,trending|review|music,143143,10382,955,2191,https://i.ytimg.com/vi/KkMTvL9RN0h/default.jpg,False,False,False,Auto-generated sample description for Music video.
Ysgy213xQfi,24.21.12,Behind the Scenes: Music,Channel_3436,4,2024-12-18T07:00:00.000Z,music|official|trending,1155423,46177,7695,2349,https://i.ytimg.com/vi/z8LupkYiPvF/default.jpg,True,False,False,Auto-generated sample description for Music video.
8EaYTchBY_2,24.13.12,Reacting to Howto & Style Trends,Channel_2924,20,2024-12-11T15:00:00.000Z,review|music|vlog,18017,259,79,256,https://i.ytimg.com/vi/A8133lm6TN_/default.jpg,False,False,False,Auto-generated sample description for Howto & Style video.
ldLsxCyjM8X,24.06.06,Behind the Scenes: Music,Channel_1300,8,2024-06-03T19:00:00.000Z,music|2024|live,446211,11758,798,755,https://i.ytimg.com/vi/Fowii-SDWlc/default.jpg,False,False,False,Auto-generated sample description for Music video.
ZNa6XrxoWoc,24.18.12,Official Science & Technology Highlights,Channel_2835,11,2024-12-18T18:00:00.000Z,official|2024|review,1371,15,8,13,https://i.ytimg.com/vi/0PDftt4MI4K/default.jpg,False,False,False,Auto-generated sample description for Science & Technology video.
STrbN-zBoXo,24.29.03,Top 10 Music Moments This Week,Channel_3854,4,2024-03-26T19:00:00.000Z,vlog|review|official,417038,25348,4050,5785,https://i.ytimg.com/vi/96mWH_gbsQi/default.jpg,False,False,False,Auto-generated sample description for Music video.
qNjabXi86LN,24.15.10,Behind the Scenes: News & Politics,Channel_2807,18,2024-10-14T11:00:00.000Z,trending|official|vlog,3912,120,33,18,https://i.ytimg.com/vi/i39mkLrbnu5/default.jpg,False,False,False,Auto-generated sample description for News & Politics video.
T6RXHld4itT,24.19.08,Behind the Scenes: Music,Channel_438,4,2024-08-19T18:00:00.000Z,official|review|live,142085,8977,1093,859,https://i.ytimg.com/vi/SP8o2BNQLWh/default.jpg,False,False,False,Auto-generated sample description for Music video.
HalsjtsSnvT,24.27.09,Behind the Scenes: Education,Channel_1217,10,2024-09-25T12:00:00.000Z,trending|music|2024,250,16,2,2,https://i.ytimg.com/vi/Mw4vfSCzYS6/default.jpg,False,False,False,Auto-generated sample description for Education video.
kbFWhWOAzCs,24.28.02,Behind the Scenes: Pets & Animals,Channel_3758,1,2024-02-28T16:00:00.000Z,vlog|2024|official,17788,1109,135,346,https://i.ytimg.com/vi/2PzMkge8ezn/default.jpg,False,False,False,Auto-generated sample description for Pets & Animals video.
dN0Cir1VtNI,24.01.02,Official Autos & Vehicles Highlights,Channel_1409,15,2024-01-30T05:00:00.000Z,review|live|music,3318,83,5,31,https://i.ytimg.com/vi/oSmN_2YLonk/default.jpg,False,False,False,Auto-generated sample description for Autos & Vehicles video.
jOEvKUnL_Ni,24.13.07,Top 10 Music Moments This Week,Channel_1625,8,2024-07-11T20:00:00.000Z,live|official|2024,639069,19224,3131,9993,https://i.ytimg.com/vi/YbsGBQ2o_K8/default.jpg,False,False,False,Auto-generated sample description for Music video.
jn7AcBYF7vx,24.14.08,News & Politics Compilation 2024,Channel_3328,2,2024-08-12T14:00:00.000Z,vlog|2024|live,2035,129,18,33,https://i.ytimg.com/vi/NIQR-zKl_By/default.jpg,False,False,False,Auto-generated sample description for News & Politics video.
6NQ99u2wp8s,25.01.02,Music Compilation 2024,Channel_772,4,2025-01-29T00:00:00.000Z,live|music|vlog,54155,4285,481,915,https://i.ytimg.com/vi/rXAlKM9NRS9/default.jpg,False,False,False,Auto-generated sample description for Music video.
BR9cKUulswE,24.06.08,Behind the Scenes: Music,Channel_2066,8,2024-08-03T10:00:00.000Z,official|review|live,113075,3625,352,1391,https://i.ytimg.com/vi/mE2hySIKn5R/default.jpg,False,False,False,Auto-generated sample description for Music video.
Tz3_JtCmC0M,24.26.07,Official Education Highlights,Channel_2987,3,2024-07-26T22:00:00.000Z,music|official|review,68807,831,340,1318,https://i.ytimg.com/vi/PDRzpzIt8Gf/default.jpg,False,False,False,Auto-generated sample description for Education video.
iqGkOQNqxwf,24.18.06,Music Compilation 2024,Channel_2448,4,2024-06-15T14:00:00.000Z,2024|official|review,327909,5624,719,352,https://i.ytimg.com/vi/fuFsid5X5xU/default.jpg,False,False,False,Auto-generated sample description for Music video.
jQ6y_MkWxwp,24.19.09,Top 10 Autos & Vehicles Moments This Week,Channel_1708,15,2024-09-17T00:00:00.000Z,live|2024|review,30467,949,291,608,https://i.ytimg.com/vi/dIpiofVLMf3/default.jpg,False,False,False,Auto-generated sample description for Autos & Vehicles video.
KVvPGU3oTyI,24.13.11,Behind the Scenes: Gaming,Channel_2846,17,2024-11-10T20:00:00.000Z,official|vlog|live,23780,818,16,274,https://i.ytimg.com/vi/RIy1tJ2KjpQ/default.jpg,False,False,False,Auto-generated sample description for Gaming video.
91oujEVzlA8,24.30.05,Top 10 Film & Animation Moments This Week,Channel_2099,5,2024-05-26T07:00:00.000Z,live|2024|vlog,6169,89,47,13,https://i.ytimg.com/vi/AmbI5eEeEkj/default.jpg,False,False,False,Auto-generated sample description for Film & Animation video.
oe4JaS3hXtJ,24.25.07,Why This Gaming Video Went Viral,Channel_1551,17,2024-07-25T12:00:00.000Z,2024|music|official,15858,1079,99,236,https://i.ytimg.com/vi/Eo8hBJW0Hj4/default.jpg,False,False,False,Auto-generated sample description for Gaming video.
vX2sqVAFG6N,24.12.05,Music Compilation 2024,Channel_3358,4,2024-05-08T16:00:00.000Z,review|2024|music,40346,2955,48,213,https://i.ytimg.com/vi/OxFB8Doof8F/default.jpg,False,False,False,Auto-generated sample description for Music video.
WN_j7hB8j82,24.22.07,Official Music Highlights,Channel_3093,8,2024-07-22T10:00:00.000Z,music|2024|live,15174,811,41,177,https://i.ytimg.com/vi/pibIDb3j5AK/default.jpg,False,False,False,Auto-generated sample description for Music video.
--hBAame116,24.18.04,Official Gaming Highlights,Channel_3080,17,2024-04-14T20:00:00.000Z,music|live|official,26151,1962,220,282,https://i.ytimg.com/vi/1R8AURYhriu/default.jpg,False,False,False,Auto-generated sample description for Gaming video.
lMAXqgmrTt3,24.10.06,Why This News & Politics Video Went Viral,Channel_4670,18,2024-06-09T05:00:00.000Z,review|live|music,4453,118,21,60,https://i.ytimg.com/vi/dGGXv3UDvH-/default.jpg,False,False,False,Auto-generated sample description for News & Politics video.
1dAYr4jl-Et,24.05.05,Why This Travel & Events Video Went Viral,Channel_3543,16,2024-05-01T21:00:00.000Z,vlog|2024|music,48196,2892,291,72,https://i.ytimg.com/vi/oOv5PLmCjI7/default.jpg,False,False,False,Auto-generated sample description for Travel & Events video.
0vaD3vmd35f,24.23.04,Official Music Highlights,Channel_2426,4,2024-04-20T18:00:00.000Z,live|music|review,374331,5681,2542,4549,https://i.ytimg.com/vi/g5pQt2eo6De/default.jpg,False,False,False,Auto-generated sample description for Music video.
SzkvcMNtkiF,25.16.01,Reacting to Music Trends,Channel_699,8,2025-01-14T02:00:00.000Z,vlog|2024|review,50594,2905,32,873,https://i.ytimg.com/vi/lHM-L2KoHaP/default.jpg,False,False,False,Auto-generated sample description for Music video.
SOYbwAG-Xey,25.29.01,Gaming Compilation 2024,Channel_2366,17,2025-01-25T03:00:00.000Z,music|2024|live,10826,549,26,89,https://i.ytimg.com/vi/DYkoWpBo8vW/default.jpg,False,False,False,Auto-generated sample description for Gaming video.
OsYGENWB8Ho,24.21.10,Music Compilation 2024,Channel_3581,8,2024-10-20T14:00:00.000Z,official|review|live,19093,635,140,206,https://i.ytimg.com/vi/ZN7zSo1ZvL_/default.jpg,False,False,False,Auto-generated sample description for Music video.
EAZETmusP7X,24.01.01,Why This Music Video Went Viral,Channel_3356,8,2024-01-01T07:00:00.000Z,live|vlog|trending,630497,9099,3974,8536,https://i.ytimg.com/vi/jZ9yIj_DJSL/default.jpg,False,False,False,Auto-generated sample description for Music video.
-D-qH2boy9Y,24.12.06,Why This Film & Animation Video Went Viral,Channel_1828,5,2024-06-10T01:00:00.000Z,music|live|review,8106,94,31,93,https://i.ytimg.com/vi/C1bJdynczxF/default.jpg,False,False,False,Auto-generated sample description for Film & Animation video.
2IQRQoxH457,24.14.11,Why This Music Video Went Viral,Channel_1214,4,2024-11-12T08:00:00.000Z,official|2024|trending,32368,1303,17,398,https://i.ytimg.com/vi/3YaL0K2XXdA/default.jpg,False,False,False,Auto-generated sample description for Music video.
pbUtGSJfmq-,24.14.10,Why This Music Video Went Viral,Channel_1025,4,2024-10-12T06:00:00.000Z,review|2024|vlog,236859,17874,573,2305,https://i.ytimg.com/vi/wdbwkZY602S/default.jpg,False,False,False,Auto-generated sample description for Music video.
sYiNmgJQnUS,24.08.12,Reacting to Music Trends,Channel_953,8,2024-12-07T16:00:00.000Z,vlog|2024|review,1733,45,9,6,https://i.ytimg.com/vi/xLUVPXeuqBB/default.jpg,False,False,False,Auto-generated sample description for Music video.
H-K7lL5wLuq,24.20.10,Behind the Scenes: Music,Channel_4485,8,2024-10-20T16:00:00.000Z,review|vlog|music,73895,5526,589,984,https://i.ytimg.com/vi/0K3_4aNs1Wd/default.jpg,False,False,False,Auto-generated sample description for Music video.
wPSybkWIccv,24.06.09,Official Nonprofits & Activism Highlights,Channel_306,9,2024-09-02T12:00:00.000Z,trending|live|review,1847,67,14,8,https://i.ytimg.com/vi/4cyR1rT2r62/default.jpg,False,False,False,Auto-generated sample description for Nonprofits & Activism video.
ru-XB2o49uP,24.12.04,Music Compilation 2024,Channel_1190,4,2024-04-09T08:00:00.000Z,live|2024|trending,54899,1618,303,925,https://i.ytimg.com/vi/Vl08v0sIPQA/default.jpg,False,False,False,Auto-generated sample description for Music video.
djnyZzy8cFC,24.06.01,Reacting to Music Trends,Channel_2728,8,2024-01-05T05:00:00.000Z,live|trending|review,129982,3495,757,737,https://i.ytimg.com/vi/93q0hUeBnGj/default.jpg,False,False,False,Auto-generated sample description for Music video.
BJ94FDPubQq,24.13.12,Reacting to Nonprofits & Activism Trends,Channel_4806,9,2024-12-13T08:00:00.000Z,music|review|trending,24124,439,112,246,https://i.ytimg.com/vi/5GnSiuDZQI_/default.jpg,False,False,False,Auto-generated sample description for Nonprofits & Activism video.
NgMS_dmhS6A,24.03.03,Behind the Scenes: News & Politics,Channel_4188,2,2024-02-28T21:00:00.000Z,live|official|trending,16709,687,44,40,https://i.ytimg.com/vi/FimgJpbhCLk/default.jpg,False,False,False,Auto-generated sample description for News & Politics video.
gBY9usa54IN,24.11.07,Top 10 Music Moments This Week,Channel_2086,8,2024-07-07T17:00:00.000Z,live|2024|music,20943,358,44,272,https://i.ytimg.com/vi/Rzbmk92ZySu/default.jpg,False,False,False,Auto-generated sample description for Music video.
W0Hl0TvZG67,24.18.09,Why This Science & Technology Video Went Viral,Channel_2810,11,2024-09-14T03:00:00.000Z,trending|official|2024,3252,57,24,47,https://i.ytimg.com/vi/4mjQVdtmP-I/default.jpg,False,True,False,Auto-generated sample description for Science & Technology video.
DsjutOUyr21,25.07.01,Behind the Scenes: Music,Channel_2764,8,2025-01-03T06:00:00.000Z,official|2024|vlog,32758,522,273,593,https://i.ytimg.com/vi/SDm20kJ6jXx/default.jpg,False,False,False,Auto-generated sample description for Music video.
G1BAxamORLw,24.27.09,Why This Howto & Style Video Went Viral,Channel_3608,20,2024-09-24T14:00:00.000Z,live|review|vlog,3032,70,9,46,https://i.ytimg.com/vi/XQ7tI3PtU7K/default.jpg,False,False,False,Auto-generated sample description for Howto & Style video.
JnE-O8pEC5t,24.02.08,Top 10 Howto & Style Moments This Week,Channel_1543,20,2024-07-30T17:00:00.000Z,live|trending|review,119881,2837,406,1146,https://i.ytimg.com/vi/4qbQTgAjv91/default.jpg,False,False,False,Auto-generated sample description for Howto & Style video.
SqPXE3l3xwj,24.29.02,Official Music Highlights,Channel_4113,8,2024-02-29T15:00:00.000Z,review|live|music,326827,17485,1293,2531,https://i.ytimg.com/vi/thz2GIw-Hvw/default.jpg,False,False,False,Auto-generated sample description for Music video.
n4YVzSbDCwE,24.20.04,Behind the Scenes: Music,Channel_3635,4,2024-04-18T19:00:00.000Z,music|trending|live,8986,714,71,58,https://i.ytimg.com/vi/o9haJ4Cn07G/default.jpg,False,False,False,Auto-generated sample description for Music video.
wuBjk2_Bpx5,24.16.07,Official Music Highlights,Channel_3431,8,2024-07-12T10:00:00.000Z,2024|live|review,14261,745,39,91,https://i.ytimg.com/vi/eQQ7z8c002R/default.jpg,False,False,False,Auto-generated sample description for Music video.
N9jioesn3J1,24.28.04,Reacting to Film & Animation Trends,Channel_676,19,2024-04-24T13:00:00.000Z,review|music|trending,1870,48,18,8,https://i.ytimg.com/vi/mbqVMBu7c2s/default.jpg,False,False,False,Auto-generated sample description for Film & Animation video.
0Km2xEgxDFF,24.27.10,Music Compilation 2024,Channel_2665,4,2024-10-24T02:00:00.000Z,trending|live|music,125517,2391,1100,201,https://i.ytimg.com/vi/XvvdLGkp7Yh/default.jpg,False,False,False,Auto-generated sample description for Music video.
okpzmjTR2VO,24.02.05,Behind the Scenes: Music,Channel_2405,4,2024-04-28T15:00:00.000Z,music|review|official,17881,1320,121,74,https://i.ytimg.com/vi/5pJ3nHAxyUZ/default.jpg,False,False,False,Auto-generated sample description for Music video.
p7YoOlKUBX8,24.28.02,Reacting to Music Trends,Channel_4188,4,2024-02-24T06:00:00.000Z,2024|vlog|official,23817,457,23,108,https://i.ytimg.com/vi/7AFHNGA_IVw/default.jpg,False,False,False,Auto-generated sample description for Music video.
PMUz8beERA-,24.23.01,Behind the Scenes: News & Politics,Channel_2931,18,2024-01-19T12:00:00.000Z,music|live|official,5760,425,11,42,https://i.ytimg.com/vi/RhTQApo5XIx/default.jpg,False,False,False,Auto-generated sample description for News & Politics video.
c5bhvB7zoMP,24.22.08,Reacting to Music Trends,Channel_256,8,2024-08-19T18:00:00.000Z,official|2024|trending,33360,2123,231,71,https://i.ytimg.com/vi/YiOmJJUo9bC/default.jpg,False,False,False,Auto-generated sample description for Music video.
YlShDlueccg,24.05.03,Official Gaming Highlights,Channel_2344,17,2024-03-02T10:00:00.000Z,review|vlog|music,671,24,3,2,https://i.ytimg.com/vi/NQn-NTZPN1c/default.jpg,False,False,False,Auto-generated sample description for Gaming video.
56_dVAiC1RR,24.27.03,Why This Music Video Went Viral,Channel_392,8,2024-03-23T04:00:00.000Z,official|vlog|music,934420,74443,7750,6619,https://i.ytimg.com/vi/s2Nb6tNsdGp/default.jpg,False,False,False,Auto-generated sample description for Music video.
C-xWjrVa6nG,24.27.05,Why This Travel & Events Video Went Viral,Channel_4744,16,2024-05-25T00:00:00.000Z,live|vlog|review,5605,443,35,104,https://i.ytimg.com/vi/ftDEEdb4Zrm/default.jpg,False,False,False,Auto-generated sample description for Travel & Events video.
aSCzHAjyBah,24.13.03,Behind the Scenes: Music,Channel_4513,8,2024-03-12T17:00:00.000Z,vlog|official|review,22554,1790,221,325,https://i.ytimg.com/vi/tmI0UjTirgW/default.jpg,False,False,False,Auto-generated sample description for Music video.
N44vUmMBjBb,24.12.05,Behind the Scenes: Music,Channel_2251,4,2024-05-10T18:00:00.000Z,trending|live|2024,447507,5634,3112,3236,https://i.ytimg.com/vi/OWdFM9pqYie/default.jpg,True,False,False,Auto-generated sample description for Music video.
At0uSBLc0kx,24.17.07,Why This Music Video Went Viral,Channel_4525,4,2024-07-16T20:00:00.000Z,review|vlog|official,27807,1576,25,285,https://i.ytimg.com/vi/6F8KwLAG44l/default.jpg,False,False,False,Auto-generated sample description for Music video.
vfqXPKjAbnM,24.13.03,Why This Music Video Went Viral,Channel_2231,4,2024-03-13T18:00:00.000Z,vlog|live|2024,40761,2280,280,554,https://i.ytimg.com/vi/HBEVVyorCa8/default.jpg,False,False,False,Auto-generated sample description for Music video.
PSiYS1Yiqgm,24.24.02,Official Music Highlights,Channel_2897,4,2024-02-23T00:00:00.000Z,review|music|2024,85763,6149,306,1391,https://i.ytimg.com/vi/ouOYX1vYEGr/default.jpg,False,False,False,Auto-generated sample description for Music video.
8WROcezbg1X,24.23.07,Official Music Highlights,Channel_2820,8,2024-07-21T01:00:00.000Z,official|music|live,302362,20688,518,5272,https://i.ytimg.com/vi/vlTbuSouO0g/default.jpg,False,False,False,Auto-generated sample description for Music video.
Cd7TVUpaXbT,24.28.01,Why This Music Video Went Viral,Channel_4078,4,2024-01-28T06:00:00.000Z,official|vlog|trending,41254,2149,85,678,https://i.ytimg.com/vi/lXckEapxt17/default.jpg,False,False,False,Auto-generated sample description for Music video.
oTAXO0qGCn5,24.03.10,Top 10 Music Moments This Week,Channel_2911,8,2024-10-02T03:00:00.000Z,trending|live|2024,11283,601,34,67,https://i.ytimg.com/vi/b-lfY4rxPRO/default.jpg,False,False,False,Auto-generated sample description for Music video.
iG2ZzH4gWsJ,24.14.07,Behind the Scenes: Music,Channel_2240,4,2024-07-12T02:00:00.000Z,review|official|2024,45937,2270,133,827,https://i.ytimg.com/vi/e7Kts9USq9W/default.jpg,False,False,False,Auto-generated sample description for Music video.
Spmnr9SWqds,24.05.01,Official Music Highlights,Channel_985,8,2024-01-02T03:00:00.000Z,official|2024|vlog,294806,8614,2371,1071,https://i.ytimg.com/vi/4ezbPyI-tvy/default.jpg,True,False,False,Auto-generated sample description for Music video.
NYVNVrJh6lW,24.09.04,Top 10 Music Moments This Week,Channel_3433,4,2024-04-05T05:00:00.000Z,review|music|trending,31236,1481,265,117,https://i.ytimg.com/vi/TqwXrpljCPf/default.jpg,False,False,False,Auto-generated sample description for Music video.
l0Kpib-xI3c,24.08.09,Music Compilation 2024,Channel_1011,4,2024-09-08T18:00:00.000Z,trending|live|vlog,10907,599,84,73,https://i.ytimg.com/vi/rdxzeihxN8T/default.jpg,False,False,False,Auto-generated sample description for Music video.
4xmNTsjfVqg,24.16.01,Why This Education Video Went Viral,Channel_3661,3,2024-01-15T12:00:00.000Z,review|live|music,26247,2041,161,46,https://i.ytimg.com/vi/whvrtLBHrsY/default.jpg,False,False,False,Auto-generated sample description for Education video.
vlr1wC0X6Uw,24.12.07,Top 10 Music Moments This Week,Channel_600,8,2024-07-11T00:00:00.000Z,official|trending|2024,27037,941,194,283,https://i.ytimg.com/vi/cZahWetdFuA/default.jpg,False,False,False,Auto-generated sample description for Music video.
QeyQJ_YJqqF,24.02.02,Music Compilation 2024,Channel_3639,8,2024-02-02T19:00:00.000Z,official|review|2024,5735,298,18,43,https://i.ytimg.com/vi/wfp8Or1M-51/default.jpg,False,False,False,Auto-generated sample description for Music video.
WBNVSOz7Zx_,24.19.12,Top 10 Travel & Events Moments This Week,Channel_3713,16,2024-12-18T09:00:00.000Z,music|vlog|trending,10413,486,56,106,https://i.ytimg.com/vi/CKCwDhMvsVd/default.jpg,False,False,False,Auto-generated sample description for Travel & Events video.
s1W88DjLSqE,24.07.01,Official Music Highlights,Channel_1582,8,2024-01-03T01:00:00.000Z,official|trending|vlog,76900,4061,508,175,https://i.ytimg.com/vi/X4q1Anlm5jx/default.jpg,False,False,False,Auto-generated sample description for Music video.
tcLtFh9unoD,25.19.01,Behind the Scenes: Film & Animation,Channel_2885,5,2025-01-17T18:00:00.000Z,trending|2024|live,9158,127,88,168,https://i.ytimg.com/vi/oI7Z8ZLAiMx/default.jpg,False,False,False,Auto-generated sample description for Film & Animation video.
XdTgzpbwsBB,24.02.11,Official Nonprofits & Activism Highlights,Channel_1885,9,2024-11-01T01:00:00.000Z,music|review|trending,56403,2091,214,407,https://i.ytimg.com/vi/nhGfVAfYMug/default.jpg,False,False,False,Auto-generated sample description for Nonprofits & Activism video.
yC-dmXv7xl8,24.14.01,Reacting to Music Trends,Channel_1719,8,2024-01-12T01:00:00.000Z,2024|vlog|review,94906,6140,62,279,https://i.ytimg.com/vi/Tt2vb6xYJ-G/default.jpg,False,False,False,Auto-generated sample description for Music video.
k_58V8o5AVk,24.18.11,Why This Education Video Went Viral,Channel_1417,10,2024-11-14T11:00:00.000Z,vlog|review|music,7412,95,54,103,https://i.ytimg.com/vi/difPKWCRsZn/default.jpg,False,False,False,Auto-generated sample description for Education video.
Ue_SuSDZmyj,24.16.07,Reacting to Pets & Animals Trends,Channel_643,12,2024-07-12T12:00:00.000Z,music|trending|review,104,6,0,0,https://i.ytimg.com/vi/zsHNAv8g3Zg/default.jpg,False,False,False,Auto-generated sample description for Pets & Animals video.
mvxW0_mhMng,24.07.12,Behind the Scenes: Autos & Vehicles,Channel_807,13,2024-12-06T14:00:00.000Z,live|2024|official,4050,191,30,14,https://i.ytimg.com/vi/sKGIK-tZF9z/default.jpg,False,False,False,Auto-generated sample description for Autos & Vehicles video.
ypQ0sHvSCUf,25.10.01,Official News & Politics Highlights,Channel_489,2,2025-01-08T00:00:00.000Z,vlog|official|music,4678,359,32,60,https://i.ytimg.com/vi/2qEUa8puUOR/default.jpg,False,False,False,Auto-generated sample description for News & Politics video.
_qdbC9jPDvx,24.28.04,Why This Music Video Went Viral,Channel_1987,4,2024-04-24T15:00:00.000Z,live|music|trending,38787,519,114,251,https://i.ytimg.com/vi/i5OrtORadKx/default.jpg,False,False,False,Auto-generated sample description for Music video.
kxDcuyXBriq,25.15.01,Official Music Highlights,Channel_4359,8,2025-01-13T12:00:00.000Z,review|2024|official,4337,251,43,57,https://i.ytimg.com/vi/r-gBhN73jA0/default.jpg,False,False,False,Auto-generated sample description for Music video.
ZRN_ri4bQRR,24.04.08,Official Education Highlights,Channel_3155,10,2024-08-01T01:00:00.000Z,trending|review|official,54949,2777,41,1096,https://i.ytimg.com/vi/LvUTZyVDTbA/default.jpg,False,False,False,Auto-generated sample description for Education video.
dfJy2gmmByk,24.08.12,Behind the Scenes: Music,Channel_3807,4,2024-12-06T20:00:00.000Z,official|2024|music,26362,1514,36,369,https://i.ytimg.com/vi/I89IeyNJf2R/default.jpg,False,False,False,Auto-generated sample description for Music video.
HfFG3vFdsKh,24.02.03,Gaming Compilation 2024,Channel_376,17,2024-03-02T17:00:00.000Z,live|vlog|official,41933,3300,105,84,https://i.ytimg.com/vi/jt_AORh1k0e/default.jpg,False,False,False,Auto-generated sample description for Gaming video.
GgmsskUOeqG,24.01.08,Why This News & Politics Video Went Viral,Channel_1487,18,2024-07-30T04:00:00.000Z,trending|live|music,899,16,8,8,https://i.ytimg.com/vi/hLJXRSaYEpX/default.jpg,False,False,False,Auto-generated sample description for News & Politics video.
-f62fdHZcFz,24.27.06,Why This Music Video Went Viral,Channel_3700,4,2024-06-26T14:00:00.000Z,trending|music|review,2791,34,5,38,https://i.ytimg.com/vi/eeos3PayG-a/default.jpg,False,False,False,Auto-generated sample description for Music video.
iJ6Ak5iPM3Q,24.12.09,Official Travel & Events Highlights,Channel_531,16,2024-09-10T08:00:00.000Z,vlog|review|live,2485,113,21,42,https://i.ytimg.com/vi/cRmRFmFbcPp/default.jpg,False,False,False,Auto-generated sample description for Travel & Events video.
AOd0bUJlmoo,24.01.12,Official Music Highlights,Channel_2383,8,2024-11-29T16:00:00.000Z,vlog|2024|official,35435,1383,237,493,https://i.ytimg.com/vi/6Nub4L4-PJf/default.jpg,False,False,False,Auto-generated sample description for Music video.
LnR8pJ1JrYe,25.24.01,Official Music Highlights,Channel_4761,8,2025-01-24T11:00:00.000Z,trending|live|official,5048,76,25,33,https://i.ytimg.com/vi/Xk1k1CGnmkP/default.jpg,False,False,False,Auto-generated sample description for Music video.
vETb7v6rKpA,24.13.01,Top 10 Music Moments This Week,Channel_3853,4,2024-01-12T14:00:00.000Z,music|review|live,18687,923,167,231,https://i.ytimg.com/vi/zaRdlhvKOV_/default.jpg,False,False,False,Auto-generated sample description for Music video.
vdpnYo5FbPF,24.29.07,Official Music Highlights,Channel_1203,8,2024-07-25T21:00:00.000Z,official|review|vlog,3945,284,8,7,https://i.ytimg.com/vi/Maq8xGZsY29/default.jpg,False,False,False,Auto-generated sample description for Music video.
1PzK23HSc4E,24.03.11,Top 10 Howto & Style Moments This Week,Channel_1314,20,2024-11-01T00:00:00.000Z,official|2024|vlog,18459,523,50,20,https://i.ytimg.com/vi/R1N061AoomJ/default.jpg,False,False,False,Auto-generated sample description for Howto & Style video.
_l0XqjZRfEG,24.12.12,Official News & Politics Highlights,Channel_4063,2,2024-12-11T07:00:00.000Z,2024|live|vlog,27501,1790,250,513,https://i.ytimg.com/vi/jcKEXDGOosq/default.jpg,False,False,False,Auto-generated sample description for News & Politics video.
sBb5pqff8Tj,24.27.08,Top 10 Gaming Moments This Week,Channel_4016,17,2024-08-23T09:00:00.000Z,music|live|2024,3598,198,32,57,https://i.ytimg.com/vi/Ubp1QMHCMac/default.jpg,False,False,False,Auto-generated sample description for Gaming video.
UGEDK5WePIo,24.08.03,Reacting to Music Trends,Channel_1134,8,2024-03-08T00:00:00.000Z,live|2024|trending,11633,766,68,154,https://i.ytimg.com/vi/IwfS4GuFkVQ/default.jpg,False,False,False,Auto-generated sample description for Music video.
hEhrbunxdJT,24.06.10,Why This Music Video Went Viral,Channel_1419,8,2024-10-04T12:00:00.000Z,2024|official|review,469987,34096,560,3446,https://i.ytimg.com/vi/IZg3ny29jkU/default.jpg,False,False,False,Auto-generated sample description for Music video.
8jTekXdsulg,24.05.09,Official Gaming Highlights,Channel_2526,17,2024-09-04T11:00:00.000Z,official|vlog|2024,4966,397,48,36,https://i.ytimg.com/vi/3rNmRV3ZwZp/default.jpg,False,False,False,Auto-generated sample description for Gaming video.
ys436hqPUVp,24.02.08,Reacting to Music Trends,Channel_695,8,2024-08-02T21:00:00.000Z,review|2024|live,155159,5973,686,84,https://i.ytimg.com/vi/NMA_lhvaqLf/default.jpg,False,False,False,Auto-generated sample description for Music video.
k6dSqTisToP,24.06.04,Reacting to Music Trends,Channel_4498,8,2024-04-03T19:00:00.000Z,official|review|live,571955,42615,3036,3741,https://i.ytimg.com/vi/iRLTtZmyFJq/default.jpg,False,False,False,Auto-generated sample description for Music video.
Vx5Deu5KThj,24.28.09,Behind the Scenes: News & Politics,Channel_2539,2,2024-09-27T12:00:00.000Z,vlog|live|official,975,45,5,5,https://i.ytimg.com/vi/TOn4AHaziJm/default.jpg,False,False,False,Auto-generated sample description for News & Politics video.
Ejg3qiB8Bud,24.06.09,Reacting to Film & Animation Trends,Channel_4845,19,2024-09-03T13:00:00.000Z,music|official|trending,24607,698,142,223,https://i.ytimg.com/vi/ZyJNKpr9jO5/default.jpg,False,False,False,Auto-generated sample description for Film & Animation video.
7cezzk6miag,25.25.01,Why This Howto & Style Video Went Viral,Channel_1061,20,2025-01-25T07:00:00.000Z,live|trending|2024,3252,170,19,11,https://i.ytimg.com/vi/_QBWGkFc0O1/default.jpg,False,False,False,Auto-generated sample description for Howto & Style video.
a1ZC5x8aLLM,24.03.01,Music Compilation 2024,Channel_2399,8,2024-01-03T05:00:00.000Z,official|2024|music,31075,2064,286,544,https://i.ytimg.com/vi/kVjt_35ZZxM/default.jpg,False,False,False,Auto-generated sample description for Music video.
UvZhwhNS6X1,24.28.11,Why This Music Video Went Viral,Channel_1119,8,2024-11-28T07:00:00.000Z,2024|vlog|live,369974,23060,401,6615,https://i.ytimg.com/vi/a87_ZEZGoo3/default.jpg,True,False,False,Auto-generated sample description for Music video.
jvU18pdOrID,24.14.04,Reacting to Music Trends,Channel_1497,8,2024-04-11T04:00:00.000Z,official|review|live,31956,2159,303,107,https://i.ytimg.com/vi/31MNo0A3uQJ/default.jpg,False,False,False,Auto-generated sample description for Music video.
UoJ2gwPp_gI,24.17.10,Top 10 Music Moments This Week,Channel_1132,4,2024-10-17T20:00:00.000Z,live|trending|music,99204,3754,321,1228,https://i.ytimg.com/vi/DfdYIivLR3f/default.jpg,False,False,False,Auto-generated sample description for Music video.
RYHk0Dhajgl,24.11.07,Top 10 Music Moments This Week,Channel_2544,8,2024-07-10T07:00:00.000Z,music|live|trending,62165,3792,365,1157,https://i.ytimg.com/vi/J1dIaBZMJ3A/default.jpg,False,False,False,Auto-generated sample description for Music video.
gqBWkAZHXOL,25.07.01,Top 10 Film & Animation Moments This Week,Channel_1881,5,2025-01-07T01:00:00.000Z,music|trending|review,76665,1391,348,42,https://i.ytimg.com/vi/AxZt8m5OXkD/default.jpg,False,False,False,Auto-generated sample description for Film & Animation video.
TzvryWRSljv,24.24.11,Music Compilation 2024,Channel_3696,4,2024-11-20T14:00:00.000Z,2024|live|music,38491,2359,263,206,https://i.ytimg.com/vi/PSK6mbq7GPN/default.jpg,False,False,False,Auto-generated sample description for Music video.
VPFAABJ13zt,24.27.06,Music Compilation 2024,Channel_489,8,2024-06-24T08:00:00.000Z,vlog|2024|live,185751,14581,221,3154,https://i.ytimg.com/vi/Ug37C2RWwPZ/default.jpg,False,False,False,Auto-generated sample description for Music video.
3Z8PMhoca2Y,24.09.08,Reacting to Music Trends,Channel_1008,4,2024-08-05T17:00:00.000Z,trending|music|official,106125,6269,759,1968,https://i.ytimg.com/vi/NyKHgBZv-Lj/default.jpg,False,False,False,Auto-generated sample description for Music video.
E4NNrJ59Xm-,24.27.11,Why This Music Video Went Viral,Channel_3490,4,2024-11-27T09:00:00.000Z,live|2024|official,7624,187,42,48,https://i.ytimg.com/vi/SzUNpm9e8_u/default.jpg,False,False,False,Auto-generated sample description for Music video.
uUxDoH0GiVR,24.22.08,Education Compilation 2024,Channel_2513,10,2024-08-19T22:00:00.000Z,vlog|trending|review,20013,594,153,234,https://i.ytimg.com/vi/TGY3vwht7CJ/default.jpg,False,False,False,Auto-generated sample description for Education video.
6Wa86H8ZTcf,25.28.01,Reacting to Pets & Animals Trends,Channel_3156,6,2025-01-25T16:00:00.000Z,music|live|review,323885,25633,2700,227,https://i.ytimg.com/vi/VMs5x8FoEV5/default.jpg,False,False,False,Auto-generated sample description for Pets & Animals video.
HZT_ufWtk72,24.10.03,Behind the Scenes: Autos & Vehicles,Channel_1005,7,2024-03-08T18:00:00.000Z,official|vlog|trending,8235,151,23,81,https://i.ytimg.com/vi/uAi1af-P_qt/default.jpg,False,False,False,Auto-generated sample description for Autos & Vehicles video.
e3yFHRZfBMk,24.31.07,Behind the Scenes: Film & Animation,Channel_2605,19,2024-07-28T00:00:00.000Z,official|2024|music,14928,1055,74,132,https://i.ytimg.com/vi/kx9hQyZRwH_/default.jpg,False,False,False,Auto-generated sample description for Film & Animation video.
ZgJonk44-X6,24.19.07,Reacting to Howto & Style Trends,Channel_3227,20,2024-07-15T02:00:00.000Z,official|vlog|live,487,15,1,9,https://i.ytimg.com/vi/nHiZsBHCq_W/default.jpg,False,False,False,Auto-generated sample description for Howto & Style video.
8qcCeBRpoSI,24.29.02,Official Education Highlights,Channel_1434,3,2024-02-25T17:00:00.000Z,vlog|2024|official,19898,1256,70,382,https://i.ytimg.com/vi/ihyLbxFuR5_/default.jpg,False,False,False,Auto-generated sample description for Education video.
4AcT72awril,24.24.02,Why This Music Video Went Viral,Channel_804,8,2024-02-23T21:00:00.000Z,review|official|2024,16878,538,29,174,https://i.ytimg.com/vi/ssRZGtLrJSS/default.jpg,False,False,False,Auto-generated sample description for Music video.
gtKhLrBOf7w,24.23.08,Why This News & Politics Video Went Viral,Channel_1335,2,2024-08-20T20:00:00.000Z,live|official|review,29791,1262,157,90,https://i.ytimg.com/vi/npHpFdQUwV8/default.jpg,False,False,False,Auto-generated sample description for News & Politics video.
s4Z8syqtC3H,24.01.05,Film & Animation Compilation 2024,Channel_1610,19,2024-04-29T09:00:00.000Z,review|official|2024,3289,157,23,27,https://i.ytimg.com/vi/fT57s7QaAy1/default.jpg,False,False,False,Auto-generated sample description for Film & Animation video.
SybxE0NZk-c,24.05.08,Behind the Scenes: Music,Channel_421,8,2024-08-02T20:00:00.000Z,official|review|music,9107,443,85,179,https://i.ytimg.com/vi/XL4OQ2mAhO7/default.jpg,False,False,False,Auto-generated sample description for Music video.
kIAkK-bHdnV,24.31.03,Official Education Highlights,Channel_3781,10,2024-03-30T18:00:00.000Z,official|vlog|review,11553,506,57,157,https://i.ytimg.com/vi/Wx7jynIr5Od/default.jpg,False,False,False,Auto-generated sample description for Education video.
-JnNPh-4GIk,24.19.11,Music Compilation 2024,Channel_2076,8,2024-11-16T09:00:00.000Z,review|music|trending,55488,1596,136,1089,https://i.ytimg.com/vi/UrvGCaO3ncP/default.jpg,False,False,False,Auto-generated sample description for Music video.
rGD6HpJfCtB,24.08.11,Music Compilation 2024,Channel_84,8,2024-11-06T08:00:00.000Z,review|2024|music,69742,1218,118,411,https://i.ytimg.com/vi/ALJ5GFwuX4r/default.jpg,False,False,False,Auto-generated sample description for Music video.
3IcMvHuGfL5,24.05.03,Official Music Highlights,Channel_459,8,2024-03-03T20:00:00.000Z,vlog|trending|2024,148073,11463,1434,1389,https://i.ytimg.com/vi/foML52hCjRj/default.jpg,False,False,False,Auto-generated sample description for Music video.
wyN2kO0UPMl,24.06.08,Official Education Highlights,Channel_2299,3,2024-08-06T16:00:00.000Z,live|2024|official,3468,205,27,3,https://i.ytimg.com/vi/90-HMk7pLZW/default.jpg,False,False,False,Auto-generated sample description for Education video.
9-ZE80rfC07,24.12.02,Top 10 Pets & Animals Moments This Week,Channel_1571,6,2024-02-09T01:00:00.000Z,official|vlog|review,5563,139,9,77,https://i.ytimg.com/vi/P7E2T9qJFa_/default.jpg,False,False,False,Auto-generated sample description for Pets & Animals video.
d35stRumy53,25.12.01,Why This Music Video Went Viral,Channel_2403,8,2025-01-11T19:00:00.000Z,2024|official|music,109227,5583,278,2181,https://i.ytimg.com/vi/r1oPLq9TH7o/default.jpg,False,False,False,Auto-generated sample description for Music video.
DqDzR7463lQ,24.28.01,Why This Music Video Went Viral,Channel_760,8,2024-01-27T03:00:00.000Z,live|trending|music,136555,9778,126,1576,https://i.ytimg.com/vi/iQ1vYZOCqfy/default.jpg,False,False,False,Auto-generated sample description for Music video.
N7qVtZN_qTH,24.15.10,Behind the Scenes: Music,Channel_4583,4,2024-10-11T02:00:00.000Z,vlog|review|live,141026,8017,1408,2293,https://i.ytimg.com/vi/kNC6Ft3heJi/default.jpg,False,False,False,Auto-generated sample description for Music video.
H782KXKnexp,24.12.05,Film & Animation Compilation 2024,Channel_1579,5,2024-05-08T01:00:00.000Z,review|official|2024,97086,2880,554,371,https://i.ytimg.com/vi/WGC6tgu2gJZ/default.jpg,False,False,False,Auto-generated sample description for Film & Animation video.
_FS03xXAAnq,24.06.06,Behind the Scenes: Music,Channel_2428,8,2024-06-04T05:00:00.000Z,2024|music|trending,14884,528,114,258,https://i.ytimg.com/vi/Ihzw90QnCy9/default.jpg,False,False,False,Auto-generated sample description for Music video.
MfknZvcb_52,24.10.01,Behind the Scenes: Pets & Animals,Channel_2747,6,2024-01-06T04:00:00.000Z,vlog|review|official,10963,695,55,187,https://i.ytimg.com/vi/N84UDH5PbtT/default.jpg,False,False,False,Auto-generated sample description for Pets & Animals video.
RyaE7ZzXcsz,24.14.01,Music Compilation 2024,Channel_2197,4,2024-01-13T03:00:00.000Z,official|vlog|review,27866,699,219,295,https://i.ytimg.com/vi/MZ-CnXllgR9/default.jpg,False,False,False,Auto-generated sample description for Music video.
CF75RUNjswb,24.31.12,Top 10 Music Moments This Week,Channel_3834,8,2024-12-28T09:00:00.000Z,live|music|review,429359,28177,1923,3478,https://i.ytimg.com/vi/Se47EYa1yLV/default.jpg,False,False,False,Auto-generated sample description for Music video.
e75ZfuUTzVQ,24.18.02,Why This Music Video Went Viral,Channel_918,4,2024-02-15T08:00:00.000Z,vlog|review|official,194858,10860,1697,3649,https://i.ytimg.com/vi/rJod1xFUMdY/default.jpg,False,False,False,Auto-generated sample description for Music video.
_4Z6BVAbmTv,25.17.01,Why This Music Video Went Viral,Channel_4812,4,2025-01-13T06:00:00.000Z,review|official|live,110139,5007,957,1384,https://i.ytimg.com/vi/DWUPQJIJGxY/default.jpg,False,False,False,Auto-generated sample description for Music video.
z9_9fIf2yiO,24.19.07,Why This Music Video Went Viral,Channel_3347,4,2024-07-16T11:00:00.000Z,official|vlog|trending,182795,14198,1564,824,https://i.ytimg.com/vi/BaRH3NIEHve/default.jpg,False,False,False,Auto-generated sample description for Music video.
OWuYIarm77p,24.21.02,Why This Pets & Animals Video Went Viral,Channel_2983,12,2024-02-19T15:00:00.000Z,trending|vlog|2024,680,12,1,1,https://i.ytimg.com/vi/zd8SvtnuCcs/default.jpg,False,False,False,Auto-generated sample description for Pets & Animals video.
fJbMYf_jDUJ,24.28.05,Top 10 Gaming Moments This Week,Channel_1979,17,2024-05-24T21:00:00.000Z,vlog|review|official,2378,152,9,37,https://i.ytimg.com/vi/yDoueygSE7S/default.jpg,False,False,False,Auto-generated sample description for Gaming video.
ibCj0JbsGeu,24.15.05,Top 10 Music Moments This Week,Channel_4546,4,2024-05-13T06:00:00.000Z,vlog|official|music,237934,18843,2189,3397,https://i.ytimg.com/vi/-bgIZK785Jk/default.jpg,False,False,False,Auto-generated sample description for Music video.
9PKysGU_pYE,24.25.09,Film & Animation Compilation 2024,Channel_2587,5,2024-09-21T04:00:00.000Z,trending|vlog|music,5036,218,32,43,https://i.ytimg.com/vi/F-RGTi4YL95/default.jpg,False,True,False,Auto-generated sample description for Film & Animation video.
G-mCsLmW2C2,24.05.06,Reacting to Music Trends,Channel_906,4,2024-06-02T18:00:00.000Z,review|2024|official,81860,3094,496,790,https://i.ytimg.com/vi/pG2ZsSDg-1j/default.jpg,False,False,False,Auto-generated sample description for Music video.
A40nrfR5Kw6,24.08.09,Official Pets & Animals Highlights,Channel_1170,1,2024-09-07T07:00:00.000Z,live|trending|2024,182,13,0,3,https://i.ytimg.com/vi/ppkfLp2QtyR/default.jpg,False,False,False,Auto-generated sample description for Pets & Animals video.
vbXuM2U5B4n,24.21.04,Film & Animation Compilation 2024,Channel_4271,5,2024-04-20T06:00:00.000Z,review|vlog|music,10177,699,37,145,https://i.ytimg.com/vi/CmiD-JKWvJi/default.jpg,False,False,False,Auto-generated sample description for Film & Animation video.
L5SraSXGN8w,24.02.07,Behind the Scenes: Music,Channel_2128,8,2024-06-30T16:00:00.000Z,review|live|2024,2063,21,18,6,https://i.ytimg.com/vi/pK3SJXkAhRF/default.jpg,False,False,False,Auto-generated sample description for Music video.
GglhBAHieEP,24.28.02,Behind the Scenes: Music,Channel_2805,4,2024-02-24T05:00:00.000Z,2024|official|music,17002,584,109,320,https://i.ytimg.com/vi/u7CeUjGY623/default.jpg,False,False,False,Auto-generated sample description for Music video.
FlbpvGVlXTs,24.10.10,Reacting to Music Trends,Channel_1511,8,2024-10-07T06:00:00.000Z,live|review|official,107405,8579,744,498,https://i.ytimg.com/vi/d11dc5xFwYU/default.jpg,False,False,False,Auto-generated sample description for Music video.
yOA9xuuR9I1,24.21.04,Behind the Scenes: Music,Channel_418,4,2024-04-17T20:00:00.000Z,official|vlog|2024,495850,10665,1280,4167,https://i.ytimg.com/vi/8X0mvRhGes9/default.jpg,False,False,False,Auto-generated sample description for Music video.
R4sk2qWIPUy,25.07.01,Behind the Scenes: Pets & Animals,Channel_1743,12,2025-01-07T02:00:00.000Z,official|live|music,1430,17,2,22,https://i.ytimg.com/vi/ynQuSjPG2XH/default.jpg,False,False,False,Auto-generated sample description for Pets & Animals video.
ZKeLaU32o5b,24.24.11,Music Compilation 2024,Channel_417,4,2024-11-23T19:00:00.000Z,review|music|2024,328099,10807,1690,934,https://i.ytimg.com/vi/VCPWxctJ-4o/default.jpg,False,False,True,Auto-generated sample description for Music video.
QvkNWNoJR8O,24.18.12,Why This News & Politics Video Went Viral,Channel_3064,18,2024-12-15T17:00:00.000Z,trending|live|2024,13174,813,103,134,https://i.ytimg.com/vi/wYepI-V8eua/default.jpg,False,False,False,Auto-generated sample description for News & Politics video.
fnHiStOYSLp,24.25.09,Top 10 Gaming Moments This Week,Channel_3910,17,2024-09-23T09:00:00.000Z,review|vlog|music,5107,379,30,76,https://i.ytimg.com/vi/trnH9eKNz9k/default.jpg,False,False,False,Auto-generated sample description for Gaming video.
G4tbxnCEW9T,24.22.01,Official Gaming Highlights,Channel_1978,17,2024-01-20T03:00:00.000Z,official|vlog|2024,59798,4629,102,549,https://i.ytimg.com/vi/rWIoxxMwYOr/default.jpg,False,False,False,Auto-generated sample description for Gaming video.
1ZtAN457QcS,24.25.04,Behind the Scenes: Autos & Vehicles,Channel_1963,15,2024-04-23T13:00:00.000Z,official|2024|music,1899,142,11,19,https://i.ytimg.com/vi/E3wiIVDOz6q/default.jpg,False,False,False,Auto-generated sample description for Autos & Vehicles video.
S9a_4i93mnG,24.01.11,Reacting to Music Trends,Channel_3901,4,2024-10-31T01:00:00.000Z,official|music|trending,62313,4527,276,480,https://i.ytimg.com/vi/g3urZYzZrVS/default.jpg,False,False,False,Auto-generated sample description for Music video.
dHBIriY7lpQ,24.18.02,Reacting to Film & Animation Trends,Channel_4298,19,2024-02-16T11:00:00.000Z,trending|music|2024,6449,307,14,32,https://i.ytimg.com/vi/fvax-cx6GfN/default.jpg,False,False,False,Auto-generated sample description for Film & Animation video.
_uUCh9t4rzU,25.01.02,Official Music Highlights,Channel_2468,4,2025-02-01T10:00:00.000Z,vlog|review|music,26628,448,233,349,https://i.ytimg.com/vi/hkfFF_mn214/default.jpg,True,False,False,Auto-generated sample description for Music video.
gMYJ5Oujxu2,24.17.12,Behind the Scenes: Education,Channel_1715,3,2024-12-14T09:00:00.000Z,live|music|vlog,13304,358,65,128,https://i.ytimg.com/vi/LsjFU4zHVCS/default.jpg,False,False,False,Auto-generated sample description for Education video.
4xhPkvtapgu,24.20.06,Top 10 Music Moments This Week,Channel_1630,4,2024-06-16T07:00:00.000Z,music|2024|review,8989,633,50,84,https://i.ytimg.com/vi/gQlJ0X6dw9Y/default.jpg,False,False,False,Auto-generated sample description for Music video.
3nv75005mo4,24.15.11,Official Music Highlights,Channel_1652,4,2024-11-12T17:00:00.000Z,vlog|trending|review,120493,5110,294,829,https://i.ytimg.com/vi/P34PWHzfr9B/default.jpg,False,False,False,Auto-generated sample description for Music video.
2lI2t7oifVk,25.18.01,Top 10 Music Moments This Week,Channel_2372,8,2025-01-14T14:00:00.000Z,vlog|review|trending,289870,9760,1962,1928,https://i.ytimg.com/vi/ZoDm7uULHun/default.jpg,False,False,False,Auto-generated sample description for Music video.
apdxdh9vm2K,24.24.08,Official News & Politics Highlights,Channel_2575,18,2024-08-20T05:00:00.000Z,review|music|official,33844,2197,249,51,https://i.ytimg.com/vi/adovSbrn2ui/default.jpg,False,False,False,Auto-generated sample description for News & Politics video.
00s3QObh_Wb,24.17.07,Reacting to Science & Technology Trends,Channel_2415,11,2024-07-17T22:00:00.000Z,official|music|live,14318,443,58,75,https://i.ytimg.com/vi/06p8DxNq63O/default.jpg,False,False,False,Auto-generated sample description for Science & Technology video.
kXxW1voSLlj,24.21.04,Music Compilation 2024,Channel_3788,4,2024-04-19T16:00:00.000Z,live|vlog|official,330315,4171,2596,5501,https://i.ytimg.com/vi/TjYXz_qbr6X/default.jpg,False,False,False,Auto-generated sample description for Music video.
OMKTCFqqkBa,25.21.01,Official Music Highlights,Channel_4917,8,2025-01-19T22:00:00.000Z,review|vlog|official,15448,615,149,176,https://i.ytimg.com/vi/qk_OuZ6Rem6/default.jpg,False,False,False,Auto-generated sample description for Music video.
Ead-reQYRov,24.08.01,Behind the Scenes: Music,Channel_2598,4,2024-01-06T07:00:00.000Z,official|live|review,440597,29789,1482,4786,https://i.ytimg.com/vi/wsCXGXlidjx/default.jpg,False,False,False,Auto-generated sample description for Music video.
KraoaVVHM91,24.16.10,Top 10 Music Moments This Week,Channel_2299,4,2024-10-15T19:00:00.000Z,trending|vlog|review,39354,1751,306,176,https://i.ytimg.com/vi/_uUMWqnEkKW/default.jpg,False,False,False,Auto-generated sample description for Music video.
T-e87AN9T6Y,24.17.10,Top 10 Music Moments This Week,Channel_3571,8,2024-10-14T14:00:00.000Z,official|live|2024,182070,9563,900,2523,https://i.ytimg.com/vi/aykNFs-7XFy/default.jpg,False,False,False,Auto-generated sample description for Music video.
lMmOmVwcbkI,25.04.01,Reacting to Pets & Animals Trends,Channel_1073,12,2025-01-02T17:00:00.000Z,2024|official|music,3199,191,8,7,https://i.ytimg.com/vi/hMTjPKt-c-n/default.jpg,False,False,False,Auto-generated sample description for Pets & Animals video.
EW2qHhO6kw-,24.21.09,Music Compilation 2024,Channel_3968,4,2024-09-20T17:00:00.000Z,official|review|music,32242,507,140,127,https://i.ytimg.com/vi/Eof1E4A7_Pm/default.jpg,False,False,False,Auto-generated sample description for Music video.
OnUPpBA3iO_,24.15.02,Top 10 Travel & Events Moments This Week,Channel_1625,16,2024-02-15T22:00:00.000Z,official|2024|review,1255,39,7,1,https://i.ytimg.com/vi/gYvW-ECHyqw/default.jpg,False,False,False,Auto-generated sample description for Travel & Events video.
v9aXNWt8vbd,24.09.04,Why This Science & Technology Video Went Viral,Channel_1396,11,2024-04-06T04:00:00.000Z,2024|live|vlog,24030,1746,212,23,https://i.ytimg.com/vi/S1LDl2FycWs/default.jpg,False,False,False,Auto-generated sample description for Science & Technology video.
U_xNVz1Wk6t,24.12.12,Music Compilation 2024,Channel_2056,8,2024-12-08T02:00:00.000Z,2024|live|official,26190,416,112,391,https://i.ytimg.com/vi/yUMD_OQe2TB/default.jpg,False,False,False,Auto-generated sample description for Music video.
aiAAaS-dzSi,24.25.02,Nonprofits & Activism Compilation 2024,Channel_4180,14,2024-02-22T04:00:00.000Z,live|official|vlog,7227,491,14,63,https://i.ytimg.com/vi/m1nDo-_Gs0O/default.jpg,False,False,False,Auto-generated sample description for Nonprofits & Activism video.
f-uH0DqfL9Y,24.23.03,Gaming Compilation 2024,Channel_557,17,2024-03-23T02:00:00.000Z,trending|review|live,1834,111,1,5,https://i.ytimg.com/vi/GrHA_i3ocpr/default.jpg,False,False,False,Auto-generated sample description for Gaming video.
Wf22kTNjfaS,24.15.11,Top 10 Howto & Style Moments This Week,Channel_4707,20,2024-11-11T02:00:00.000Z,2024|official|vlog,3929,246,27,50,https://i.ytimg.com/vi/LYYsUN__HtC/default.jpg,False,False,False,Auto-generated sample description for Howto & Style video.
PubKiCl0oDU,24.21.08,Reacting to Music Trends,Channel_3633,4,2024-08-18T12:00:00.000Z,trending|official|music,59792,1676,282,158,https://i.ytimg.com/vi/v-B_0fz3fGU/default.jpg,False,False,False,Auto-generated sample description for Music video.
FTIka0Fi2wf,24.28.07,Reacting to Travel & Events Trends,Channel_3291,16,2024-07-27T09:00:00.000Z,review|official|live,2276,58,13,5,https://i.ytimg.com/vi/Fvi_VCTagAl/default.jpg,False,False,False,Auto-generated sample description for Travel & Events video.
ZNsGljtOe3S,24.19.08,Reacting to Music Trends,Channel_377,4,2024-08-17T10:00:00.000Z,2024|music|official,7265,361,31,34,https://i.ytimg.com/vi/-AxlbkWULK1/default.jpg,False,False,False,Auto-generated sample description for Music video.
i0SL0df6G1j,24.20.07,Music Compilation 2024,Channel_1851,8,2024-07-17T19:00:00.000Z,live|music|trending,952,56,7,6,https://i.ytimg.com/vi/j36JV8Lar63/default.jpg,False,False,False,Auto-generated sample description for Music video.
ynWibIbKPKe,24.08.09,Official Gaming Highlights,Channel_2742,17,2024-09-08T08:00:00.000Z,live|music|official,10425,164,99,79,https://i.ytimg.com/vi/UrFq8A1ksTC/default.jpg,False,False,False,Auto-generated sample description for Gaming video.
fljj8o6_RQY,24.13.12,Reacting to Music Trends,Channel_2186,8,2024-12-12T13:00:00.000Z,2024|official|review,13084,209,85,87,https://i.ytimg.com/vi/D_Yw6d9rWVu/default.jpg,False,False,False,Auto-generated sample description for Music video.
Wx9U4OUkTIT,24.19.09,Film & Animation Compilation 2024,Channel_4557,5,2024-09-19T00:00:00.000Z,trending|official|2024,23912,1359,190,153,https://i.ytimg.com/vi/-D9l4qa5ETh/default.jpg,False,False,False,Auto-generated sample description for Film & Animation video.
RlUtEhtGhya,24.19.07,Official Music Highlights,Channel_1446,4,2024-07-19T15:00:00.000Z,official|trending|vlog,54352,1392,287,258,https://i.ytimg.com/vi/PSbS4F5R7-t/default.jpg,False,False,False,Auto-generated sample description for Music video.
3DE--CA1uh2,24.27.04,Official Gaming Highlights,Channel_744,17,2024-04-23T01:00:00.000Z,music|vlog|2024,102371,7029,919,523,https://i.ytimg.com/vi/aarWxqVjbHS/default.jpg,False,False,False,Auto-generated sample description for Gaming video.
T3jsUvC7h3n,24.12.09,Top 10 Music Moments This Week,Channel_1289,4,2024-09-09T14:00:00.000Z,review|trending|live,18361,1274,126,140,https://i.ytimg.com/vi/THqvfV5nJBo/default.jpg,False,False,False,Auto-generated sample description for Music video.
Uo2TQ8VX4fs,24.09.02,Reacting to Gaming Trends,Channel_2337,17,2024-02-05T06:00:00.000Z,live|trending|vlog,4540,142,9,41,https://i.ytimg.com/vi/aTXSfhaqpIv/default.jpg,False,False,False,Auto-generated sample description for Gaming video.
o4J6PowfQUf,24.16.06,Reacting to Music Trends,Channel_1690,8,2024-06-13T13:00:00.000Z,trending|vlog|official,25635,1302,165,317,https://i.ytimg.com/vi/mgPqzKE1lUu/default.jpg,False,False,False,Auto-generated sample description for Music video.
b1rW8XdNFw-,24.29.07,Behind the Scenes: Gaming,Channel_4268,17,2024-07-28T07:00:00.000Z,live|music|official,19844,479,44,17,https://i.ytimg.com/vi/YuvS-RuXTWa/default.jpg,False,False,False,Auto-generated sample description for Gaming video.
YsFYY--xjQm,24.31.03,Why This Music Video Went Viral,Channel_2654,8,2024-03-27T10:00:00.000Z,official|review|trending,9819,613,62,49,https://i.ytimg.com/vi/wentcrBsuIO/default.jpg,False,False,False,Auto-generated sample description for Music video.
GBDBv7XdmUi,24.13.04,Reacting to Gaming Trends,Channel_734,17,2024-04-11T04:00:00.000Z,live|trending|official,13554,809,131,259,https://i.ytimg.com/vi/pRvTTZsebqr/default.jpg,False,False,False,Auto-generated sample description for Gaming video.
0exdpmgFJkk,24.26.01,Official Music Highlights,Channel_4309,4,2024-01-23T04:00:00.000Z,live|official|music,179469,2816,1196,1618,https://i.ytimg.com/vi/F3YQ1RW4Eoc/default.jpg,False,False,False,Auto-generated sample description for Music video.
u0ufWPP6JJJ,24.03.07,Pets & Animals Compilation 2024,Channel_4032,12,2024-07-01T13:00:00.000Z,2024|vlog|official,2657,91,6,49,https://i.ytimg.com/vi/ZTZcY5MZgX2/default.jpg,False,True,False,Auto-generated sample description for Pets & Animals video.
K1J8b9N-eSx,24.31.05,Why This Music Video Went Viral,Channel_2024,4,2024-05-30T12:00:00.000Z,vlog|music|live,52263,3862,255,785,https://i.ytimg.com/vi/0Tk1bwYz5dL/default.jpg,False,False,False,Auto-generated sample description for Music video.
pDSpU9Nkd1f,24.24.10,Why This Travel & Events Video Went Viral,Channel_1129,16,2024-10-23T07:00:00.000Z,review|vlog|trending,13165,495,115,130,https://i.ytimg.com/vi/obWhLsLEjyv/default.jpg,False,False,False,Auto-generated sample description for Travel & Events video.
5f0p_IHHPf9,24.28.12,Official Travel & Events Highlights,Channel_3718,16,2024-12-26T15:00:00.000Z,official|review|live,4026,107,18,17,https://i.ytimg.com/vi/cX-bpnlh3Dm/default.jpg,False,False,True,Auto-generated sample description for Travel & Events video.
HvVyPYUsPBL,24.17.07,Reacting to Music Trends,Channel_3028,8,2024-07-13T18:00:00.000Z,review|music|live,327589,22858,1216,2190,https://i.ytimg.com/vi/fma9w8Oy_Az/default.jpg,False,False,False,Auto-generated sample description for Music video.
Gv9GwOS7yBV,24.04.01,Music Compilation 2024,Channel_3182,4,2024-01-03T12:00:00.000Z,official|review|live,77544,1168,590,1202,https://i.ytimg.com/vi/NitofjKrFIU/default.jpg,False,False,False,Auto-generated sample description for Music video.
jyF7oLl8L89,24.29.02,Reacting to Music Trends,Channel_1054,4,2024-02-27T17:00:00.000Z,trending|official|vlog,135352,9062,1044,137,https://i.ytimg.com/vi/pkaOVx9GQOB/default.jpg,False,False,False,Auto-generated sample description for Music video.
F6984VWvY3d,24.22.05,Film & Animation Compilation 2024,Channel_1041,19,2024-05-20T10:00:00.000Z,live|review|music,58119,3664,34,129,https://i.ytimg.com/vi/v5SPy1Sz_ne/default.jpg,False,False,False,Auto-generated sample description for Film & Animation video.
jz91wlzmrYM,24.19.05,Reacting to News & Politics Trends,Channel_2492,2,2024-05-18T05:00:00.000Z,review|2024|official,12048,887,118,212,https://i.ytimg.com/vi/2RTEF0coimG/default.jpg,False,False,False,Auto-generated sample description for News & Politics video.
IjmE6KtfcZl,24.07.11,Top 10 Music Moments This Week,Channel_3442,4,2024-11-07T15:00:00.000Z,2024|review|official,39320,884,265,171,https://i.ytimg.com/vi/bW-wk2QF6er/default.jpg,False,False,False,Auto-generated sample description for Music video.
0nePgPei9wr,24.21.08,Science & Technology Compilation 2024,Channel_2980,11,2024-08-20T08:00:00.000Z,official|review|vlog,19512,805,82,216,https://i.ytimg.com/vi/Qc69TrVEU9F/default.jpg,False,False,False,Auto-generated sample description for Science & Technology video.
Hf0czJL5XLS,24.10.08,Music Compilation 2024,Channel_475,4,2024-08-10T12:00:00.000Z,2024|review|official,182150,6512,1587,2294,https://i.ytimg.com/vi/Y0XknsVQ_5G/default.jpg,False,False,False,Auto-generated sample description for Music video.
wHR05F8lFmY,24.25.02,Behind the Scenes: Music,Channel_1520,8,2024-02-25T17:00:00.000Z,trending|music|review,20987,1498,132,265,https://i.ytimg.com/vi/VBsZYw9n-Uk/default.jpg,False,False,False,Auto-generated sample description for Music video.
Kk7gwSKWNoR,24.17.12,Top 10 Music Moments This Week,Channel_978,8,2024-12-13T07:00:00.000Z,live|vlog|trending,31168,562,214,151,https://i.ytimg.com/vi/I8URKg3ZLbq/default.jpg,False,False,False,Auto-generated sample description for Music video.
wvuATEykajW,24.27.01,Why This Music Video Went Viral,Channel_4979,8,2024-01-26T07:00:00.000Z,music|official|trending,43618,839,356,170,https://i.ytimg.com/vi/ZNVrGFw8UKU/default.jpg,False,False,False,Auto-generated sample description for Music video.
T7xRDuCwGMU,24.03.05,Reacting to Music Trends,Channel_1874,8,2024-04-30T17:00:00.000Z,official|2024|review,35062,507,294,113,https://i.ytimg.com/vi/hcneF8HgaXo/default.jpg,False,False,False,Auto-generated sample description for Music video.
91DivTBasUb,24.06.02,Top 10 Music Moments This Week,Channel_760,8,2024-02-06T03:00:00.000Z,official|trending|review,33339,1031,313,335,https://i.ytimg.com/vi/XMZRVM_GOTE/default.jpg,False,False,False,Auto-generated sample description for Music video.
irZ2GHPLesr,24.30.05,Why This Music Video Went Viral,Channel_1142,4,2024-05-28T07:00:00.000Z,official|music|live,4338,188,25,20,https://i.ytimg.com/vi/QtJZ85Bm6HW/default.jpg,False,False,False,Auto-generated sample description for Music video.
KdmR_5dX41x,24.02.05,Music Compilation 2024,Channel_2947,8,2024-05-02T10:00:00.000Z,music|review|trending,24113,431,191,180,https://i.ytimg.com/vi/74gbUHIq6Y4/default.jpg,False,False,False,Auto-generated sample description for Music video.
UJ3zRbUZilF,24.28.03,Reacting to Music Trends,Channel_89,4,2024-03-27T19:00:00.000Z,vlog|2024|music,26749,1409,235,219,https://i.ytimg.com/vi/98TxgTIC7fA/default.jpg,False,False,False,Auto-generated sample description for Music video.
-6dAsKcswoL,24.10.02,Music Compilation 2024,Channel_2483,4,2024-02-07T04:00:00.000Z,official|trending|music,44456,2695,90,489,https://i.ytimg.com/vi/WnwL9lvcZ-5/default.jpg,False,False,False,Auto-generated sample description for Music video.
YLs2rBw1c1_,24.01.10,Why This Science & Technology Video Went Viral,Channel_3307,11,2024-09-28T00:00:00.000Z,live|music|trending,79331,1349,208,1586,https://i.ytimg.com/vi/cbRL0Ijyczz/default.jpg,False,False,False,Auto-generated sample description for Science & Technology video.
obefe81AgjR,24.07.12,Official News & Politics Highlights,Channel_2316,18,2024-12-07T14:00:00.000Z,2024|review|trending,25614,1523,123,128,https://i.ytimg.com/vi/k3i9AMU04zZ/default.jpg,False,False,False,Auto-generated sample description for News & Politics video.
kENhQV0v4Q5,24.06.09,Behind the Scenes: Music,Channel_3161,4,2024-09-02T03:00:00.000Z,live|review|official,86331,1442,645,1320,https://i.ytimg.com/vi/dyRTea4Eafs/default.jpg,False,False,False,Auto-generated sample description for Music video.
Otlyw9-WmWu,24.04.10,Top 10 Music Moments This Week,Channel_739,8,2024-09-30T14:00:00.000Z,trending|2024|review,17704,189,159,207,https://i.ytimg.com/vi/j_59yfhoNDW/default.jpg,False,False,False,Auto-generated sample description for Music video.
05Mbv_NWPzi,24.17.12,Top 10 News & Politics Moments This Week,Channel_4425,2,2024-12-15T03:00:00.000Z,vlog|official|trending,223862,16075,2101,614,https://i.ytimg.com/vi/a1IeJ2nZHwf/default.jpg,False,False,False,Auto-generated sample description for News & Politics video.
wzQTuCQKr7X,24.25.07,Reacting to Music Trends,Channel_2135,4,2024-07-21T03:00:00.000Z,review|vlog|live,33131,2135,240,201,https://i.ytimg.com/vi/feSOYq_3VdE/default.jpg,False,False,False,Auto-generated sample description for Music video.
umkybofCWaF,24.10.11,Top 10 Gaming Moments This Week,Channel_4750,17,2024-11-08T03:00:00.000Z,live|2024|trending,51209,3302,144,600,https://i.ytimg.com/vi/yezK-HxcbX8/default.jpg,False,False,False,Auto-generated sample description for Gaming video.
VrbJTy-4r1N,25.03.01,Top 10 Film & Animation Moments This Week,Channel_2608,5,2025-01-01T03:00:00.000Z,official|music|2024,85381,2699,256,935,https://i.ytimg.com/vi/l8TMcDB8ixL/default.jpg,False,False,False,Auto-generated sample description for Film & Animation video.
ePfiP9nS7Lu,24.08.12,Official Music Highlights,Channel_1184,4,2024-12-07T04:00:00.000Z,2024|review|trending,18461,212,165,132,https://i.ytimg.com/vi/sHWn-iNsRIP/default.jpg,False,False,False,Auto-generated sample description for Music video.
d3Ofnzzycg_,24.19.04,Reacting to Music Trends,Channel_2135,8,2024-04-18T07:00:00.000Z,official|trending|2024,200994,14194,1464,2601,https://i.ytimg.com/vi/mIa3M_7ed4i/default.jpg,False,False,False,Auto-generated sample description for Music video.
98d1kKrEB5a,24.15.03,Reacting to Music Trends,Channel_2365,4,2024-03-12T09:00:00.000Z,official|music|trending,196718,5717,1190,3621,https://i.ytimg.com/vi/C7g8yq5vZjN/default.jpg,False,False,False,Auto-generated sample description for Music video.
WZ8qxWlhE4V,24.02.06,Why This Film & Animation Video Went Viral,Channel_3355,5,2024-06-02T14:00:00.000Z,vlog|2024|music,22422,358,15,272,https://i.ytimg.com/vi/iIgg_etyiAs/default.jpg,False,False,False,Auto-generated sample description for Film & Animation video.
kHkOBMoJM8W,25.21.01,Top 10 Music Moments This Week,Channel_1380,8,2025-01-18T18:00:00.000Z,music|review|2024,30867,1493,280,541,https://i.ytimg.com/vi/FTTGXSV-Bm0/default.jpg,False,False,False,Auto-generated sample description for Music video.
PJOKu3IOofb,25.04.01,Reacting to Film & Animation Trends,Channel_1097,19,2025-01-02T05:00:00.000Z,trending|live|official,10137,520,53,38,https://i.ytimg.com/vi/W3MtpKivwjm/default.jpg,False,False,False,Auto-generated sample description for Film & Animation video.
kuE-5uraKNS,24.22.12,Official Music Highlights,Channel_2424,8,2024-12-19T13:00:00.000Z,review|trending|2024,11665,221,59,49,https://i.ytimg.com/vi/XUeeQPL5qGZ/default.jpg,False,False,False,Auto-generated sample description for Music video.
Vze73DcHiET,25.12.01,Official Music Highlights,Channel_1768,4,2025-01-11T04:00:00.000Z,trending|music|live,24836,1259,44,416,https://i.ytimg.com/vi/NLwvsBkSvAN/default.jpg,False,False,True,Auto-generated sample description for Music video.
DiHJPzFzIey,24.01.05,Why This News & Politics Video Went Viral,Channel_289,18,2024-04-29T04:00:00.000Z,music|official|vlog,11113,227,14,33,https://i.ytimg.com/vi/QWpPqYY2La_/default.jpg,False,False,False,Auto-generated sample description for News & Politics video.
wA5rnCfE-pd,24.08.06,Behind the Scenes: Gaming,Channel_4880,17,2024-06-08T06:00:00.000Z,review|live|music,49738,2724,477,664,https://i.ytimg.com/vi/DnNnMluoL8r/default.jpg,False,False,False,Auto-generated sample description for Gaming video.
wh3NU1ZYA4-,24.09.07,Top 10 Music Moments This Week,Channel_546,8,2024-07-06T17:00:00.000Z,trending|2024|music,31958,1555,85,570,https://i.ytimg.com/vi/dOA5EGfjxvb/default.jpg,False,False,False,Auto-generated sample description for Music video.
ACM8IjW-QiK,24.17.02,Behind the Scenes: Music,Channel_878,8,2024-02-15T09:00:00.000Z,review|official|trending,19033,445,34,280,https://i.ytimg.com/vi/twPTgnpZNXV/default.jpg,False,False,False,Auto-generated sample description for Music video.
YLGRsRJJKLG,24.09.02,Behind the Scenes: Music,Channel_4408,4,2024-02-06T02:00:00.000Z,trending|music|official,13757,148,36,235,https://i.ytimg.com/vi/7GIufvSNbnY/default.jpg,False,False,False,Auto-generated sample description for Music video.
ZoJd-H5xMlE,24.14.07,Official Music Highlights,Channel_4257,8,2024-07-12T17:00:00.000Z,2024|official|music,44740,1753,311,204,https://i.ytimg.com/vi/7SqhhWzvKlA/default.jpg,False,False,False,Auto-generated sample description for Music video.
Zqekp7O1c3w,24.11.04,Behind the Scenes: Music,Channel_2624,8,2024-04-08T14:00:00.000Z,live|2024|official,994,42,6,16,https://i.ytimg.com/vi/ku7AlMnLpG0/default.jpg,False,False,False,Auto-generated sample description for Music video.
E8jvZmUCPWD,24.04.09,Official Music Highlights,Channel_4752,8,2024-09-02T08:00:00.000Z,music|2024|review,102503,1110,836,1585,https://i.ytimg.com/vi/QZX_ZB4S_2d/default.jpg,False,False,False,Auto-generated sample description for Music video.
zhEh_GhvYr2,24.17.01,Official Music Highlights,Channel_1732,4,2024-01-15T04:00:00.000Z,music|live|review,93735,4240,211,610,https://i.ytimg.com/vi/xapuD_p0ytl/default.jpg,False,False,False,Auto-generated sample description for Music video.
u6KMTPX8Dlu,24.11.04,Official Gaming Highlights,Channel_2706,17,2024-04-09T20:00:00.000Z,review|trending|music,13902,762,70,220,https://i.ytimg.com/vi/Wl2_c4rbAB6/default.jpg,False,False,False,Auto-generated sample description for Gaming video.
xo8b7SH4rqJ,24.11.02,Why This Film & Animation Video Went Viral,Channel_3282,19,2024-02-09T01:00:00.000Z,2024|trending|review,10102,352,51,110,https://i.ytimg.com/vi/R-LRGGDLdIs/default.jpg,False,False,False,Auto-generated sample description for Film & Animation video.
91hDSF9IqWg,24.03.08,Behind the Scenes: Music,Channel_388,8,2024-08-01T13:00:00.000Z,vlog|trending|live,46415,1150,435,386,https://i.ytimg.com/vi/XWu4sEoBaZc/default.jpg,False,False,False,Auto-generated sample description for Music video.
_Ovz3vpNmaW,24.18.10,Official Music Highlights,Channel_2994,8,2024-10-14T08:00:00.000Z,live|trending|2024,7206,308,30,44,https://i.ytimg.com/vi/BcLxxnnisFg/default.jpg,False,False,False,Auto-generated sample description for Music video.
T6fRtt-HOB2,24.11.11,Official Gaming Highlights,Channel_2674,17,2024-11-08T17:00:00.000Z,official|music|2024,25069,296,199,15,https://i.ytimg.com/vi/y_pQ7kKRKrj/default.jpg,False,False,False,Auto-generated sample description for Gaming video.
_XyoQCaF2L7,24.28.10,Why This Music Video Went Viral,Channel_1418,8,2024-10-27T12:00:00.000Z,live|official|review,29602,1241,194,102,https://i.ytimg.com/vi/0P81CkxB3m4/default.jpg,False,False,False,Auto-generated sample description for Music video.
7SCBayiPxj7,24.22.06,Music Compilation 2024,Channel_575,4,2024-06-19T13:00:00.000Z,music|official|review,10202,173,26,202,https://i.ytimg.com/vi/tZNNT9u_9ME/default.jpg,False,False,False,Auto-generated sample description for Music video.
G6MsdXq6nUG,24.24.09,News & Politics Compilation 2024,Channel_3276,2,2024-09-21T04:00:00.000Z,trending|official|2024,3530,159,26,54,https://i.ytimg.com/vi/P3KLbKDWOhq/default.jpg,False,False,False,Auto-generated sample description for News & Politics video.
F1aDBFKjn-g,24.12.07,Official Music Highlights,Channel_2276,8,2024-07-10T10:00:00.000Z,live|music|trending,454511,10894,3016,987,https://i.ytimg.com/vi/5DLm0V2IQN8/default.jpg,False,False,False,Auto-generated sample description for Music video.
0PZI5Xzi0Tz,24.25.06,Top 10 Music Moments This Week,Channel_841,8,2024-06-21T22:00:00.000Z,2024|music|live,163501,5169,898,1969,https://i.ytimg.com/vi/W87NwQyLqVD/default.jpg,False,False,False,Auto-generated sample description for Music video.
exB9RranaUM,24.09.10,Behind the Scenes: Music,Channel_3648,4,2024-10-07T14:00:00.000Z,2024|official|live,62446,1062,266,898,https://i.ytimg.com/vi/ocvYa0qPyIN/default.jpg,False,False,False,Auto-generated sample description for Music video.
sOGml9DJ3aG,24.03.08,Gaming Compilation 2024,Channel_3491,17,2024-08-03T03:00:00.000Z,2024|vlog|live,429409,30324,3031,5575,https://i.ytimg.com/vi/R5vkHwDjW3n/default.jpg,False,False,False,Auto-generated sample description for Gaming video.
yAtknADz_ZO,24.23.08,Music Compilation 2024,Channel_1469,8,2024-08-22T15:00:00.000Z,review|trending|official,10387,625,17,185,https://i.ytimg.com/vi/EkakRnbLRmO/default.jpg,False,False,False,Auto-generated sample description for Music video.
xV62L4bG3sO,24.10.12,Top 10 Music Moments This Week,Channel_62,8,2024-12-10T20:00:00.000Z,vlog|review|official,131006,8671,1270,1054,https://i.ytimg.com/vi/JS8H5-K5cxk/default.jpg,False,False,False,Auto-generated sample description for Music video.
SxsfePCYyVD,24.25.10,Behind the Scenes: Music,Channel_3331,4,2024-10-23T13:00:00.000Z,trending|music|2024,791598,27219,628,10770,https://i.ytimg.com/vi/WopRUdoMh9W/default.jpg,False,False,False,Auto-generated sample description for Music video.
Ln1yQncaR2K,24.29.12,Why This Music Video Went Viral,Channel_4905,4,2024-12-29T20:00:00.000Z,live|2024|trending,81699,1751,788,950,https://i.ytimg.com/vi/7ItOGI_vbhP/default.jpg,False,False,False,Auto-generated sample description for Music video.
kqpMIFmPK77,24.12.08,Why This Pets & Animals Video Went Viral,Channel_2157,1,2024-08-12T14:00:00.000Z,music|live|official,5332,287,21,38,https://i.ytimg.com/vi/3w3jSgfuexn/default.jpg,False,False,False,Auto-generated sample description for Pets & Animals video.
OR8lFV6KLdf,24.15.12,Reacting to Film & Animation Trends,Channel_3946,19,2024-12-13T01:00:00.000Z,vlog|music|official,81941,3715,325,1372,https://i.ytimg.com/vi/RcbXfD1IADN/default.jpg,False,False,False,Auto-generated sample description for Film & Animation video.
WzGHVXNX13z,24.12.04,Official Education Highlights,Channel_1185,3,2024-04-11T14:00:00.000Z,vlog|live|official,82402,2701,542,366,https://i.ytimg.com/vi/trLpMQeLTmi/default.jpg,False,False,False,Auto-generated sample description for Education video.
KqkoQcRtF4z,25.19.01,Why This Music Video Went Viral,Channel_4490,4,2025-01-16T20:00:00.000Z,vlog|2024|music,41459,1455,108,92,https://i.ytimg.com/vi/kIKYFVjOOrU/default.jpg,False,False,False,Auto-generated sample description for Music video.
KFRiACfuBjl,24.20.05,Official Autos & Vehicles Highlights,Channel_4385,15,2024-05-18T11:00:00.000Z,trending|review|vlog,4961,250,23,92,https://i.ytimg.com/vi/alC4QIPtXIB/default.jpg,False,False,False,Auto-generated sample description for Autos & Vehicles video.
GEj1q6Za8K7,24.18.10,Why This Music Video Went Viral,Channel_2784,8,2024-10-16T12:00:00.000Z,review|vlog|trending,20973,643,180,102,https://i.ytimg.com/vi/bvWxnLMyhls/default.jpg,False,False,False,Auto-generated sample description for Music video.
2f8mydK0W3a,24.29.03,Autos & Vehicles Compilation 2024,Channel_989,13,2024-03-29T00:00:00.000Z,live|2024|review,125,9,0,0,https://i.ytimg.com/vi/EsxPrTaKeSJ/default.jpg,False,False,False,Auto-generated sample description for Autos & Vehicles video.
zrEV-VNIhw9,24.04.11,Official Music Highlights,Channel_4273,8,2024-10-31T07:00:00.000Z,live|official|review,319080,10574,2439,3872,https://i.ytimg.com/vi/gCcZsbeZOnS/default.jpg,True,False,False,Auto-generated sample description for Music video.
optpqib-b7u,24.06.11,Reacting to News & Politics Trends,Channel_2121,18,2024-11-03T14:00:00.000Z,music|official|review,4406,137,34,21,https://i.ytimg.com/vi/O1Oo-IvpbeM/default.jpg,False,False,False,Auto-generated sample description for News & Politics video.
UDUvYDctgq7,24.02.02,Behind the Scenes: Film & Animation,Channel_3330,5,2024-02-02T01:00:00.000Z,2024|live|trending,3142,164,17,31,https://i.ytimg.com/vi/HN6_WhbrRZ8/default.jpg,False,False,False,Auto-generated sample description for Film & Animation video.
ps1X8r17PlN,24.06.02,Behind the Scenes: Film & Animation,Channel_2962,19,2024-02-06T11:00:00.000Z,live|2024|review,7383,542,56,4,https://i.ytimg.com/vi/Tia1mMgqWvE/default.jpg,False,False,False,Auto-generated sample description for Film & Animation video.
xAXPo12gcC6,25.02.02,Music Compilation 2024,Channel_3163,4,2025-02-02T10:00:00.000Z,vlog|trending|2024,42405,479,332,615,https://i.ytimg.com/vi/kKqIQcxaFpJ/default.jpg,False,False,False,Auto-generated sample description for Music video.
dgsITwEcKL5,25.27.01,Why This News & Politics Video Went Viral,Channel_3234,18,2025-01-26T03:00:00.000Z,trending|review|vlog,3514,212,23,52,https://i.ytimg.com/vi/Ysd8iQ64P-q/default.jpg,False,False,False,Auto-generated sample description for News & Politics video.
DlcS2QegmDs,24.15.07,Reacting to Education Trends,Channel_2129,3,2024-07-12T01:00:00.000Z,review|music|2024,4727,102,13,38,https://i.ytimg.com/vi/SHu67TZNCnm/default.jpg,False,False,False,Auto-generated sample description for Education video.
h_kfNeS54xt,24.07.04,Top 10 Music Moments This Week,Channel_2895,8,2024-04-06T13:00:00.000Z,2024|music|live,63131,1672,411,1136,https://i.ytimg.com/vi/58ohdmB8XlT/default.jpg,False,False,False,Auto-generated sample description for Music video.
izk8WB7TBIe,24.10.03,Travel & Events Compilation 2024,Channel_1567,16,2024-03-07T09:00:00.000Z,trending|live|2024,4996,397,39,78,https://i.ytimg.com/vi/721-NBFW4w1/default.jpg,False,False,False,Auto-generated sample description for Travel & Events video.
c-ywweoTJDM,24.03.04,Howto & Style Compilation 2024,Channel_4359,20,2024-03-31T11:00:00.000Z,official|vlog|live,32519,844,71,220,https://i.ytimg.com/vi/HEeB3lK4Vsp/default.jpg,False,False,False,Auto-generated sample description for Howto & Style video.
06FlueqqWe9,24.22.08,Behind the Scenes: News & Politics,Channel_3898,18,2024-08-22T11:00:00.000Z,review|trending|official,563,19,3,5,https://i.ytimg.com/vi/bFM-zFK964n/default.jpg,False,False,False,Auto-generated sample description for News & Politics video.
NrX5jf7HLHe,25.15.01,Top 10 Music Moments This Week,Channel_3967,8,2025-01-15T00:00:00.000Z,vlog|2024|official,14347,226,61,113,https://i.ytimg.com/vi/b0U5OBw4CwY/default.jpg,False,False,False,Auto-generated sample description for Music video.
_g8Fr8S-cM6,24.09.10,Reacting to News & Politics Trends,Channel_3910,2,2024-10-07T15:00:00.000Z,trending|review|music,21099,1573,82,243,https://i.ytimg.com/vi/NWZCa3A83FN/default.jpg,True,False,False,Auto-generated sample description for News & Politics video.
yiElL0tYKF_,24.27.05,Why This Music Video Went Viral,Channel_3569,8,2024-05-24T11:00:00.000Z,vlog|2024|review,31915,2404,262,604,https://i.ytimg.com/vi/WKHloy0SzBQ/default.jpg,False,False,False,Auto-generated sample description for Music video.
TCQOLsj_Wmo,24.01.10,Why This Music Video Went Viral,Channel_496,8,2024-09-27T13:00:00.000Z,review|live|2024,5759,80,12,19,https://i.ytimg.com/vi/IFSJ1F1aCGT/default.jpg,False,False,False,Auto-generated sample description for Music video.
Aclb7h92bkT,24.03.03,Official Music Highlights,Channel_449,8,2024-02-29T08:00:00.000Z,2024|music|live,11064,381,98,165,https://i.ytimg.com/vi/vk7iWd4wErl/default.jpg,False,False,False,Auto-generated sample description for Music video.
HXwDx6thrdS,24.19.08,Why This Pets & Animals Video Went Viral,Channel_467,12,2024-08-16T08:00:00.000Z,2024|review|official,2978,78,29,18,https://i.ytimg.com/vi/hY5YGvuhqhy/default.jpg,False,False,False,Auto-generated sample description for Pets & Animals video.
6K7gLCNDmcj,25.15.01,Official Autos & Vehicles Highlights,Channel_2885,13,2025-01-11T08:00:00.000Z,vlog|review|music,1928,53,4,11,https://i.ytimg.com/vi/HfspcZ8WszY/default.jpg,False,False,False,Auto-generated sample description for Autos & Vehicles video.
5j9BV8-zq22,24.08.10,Top 10 Film & Animation Moments This Week,Channel_3290,5,2024-10-06T13:00:00.000Z,official|music|live,2103,127,5,17,https://i.ytimg.com/vi/GtzdsNR2_DB/default.jpg,False,False,False,Auto-generated sample description for Film & Animation video.
fIx_fPvtvyv,24.04.08,Behind the Scenes: Music,Channel_988,8,2024-08-03T18:00:00.000Z,live|official|review,48462,2140,331,251,https://i.ytimg.com/vi/nzq1Luer3A0/default.jpg,False,False,False,Auto-generated sample description for Music video.
3LufjV9XTOo,24.18.05,Behind the Scenes: Film & Animation,Channel_1239,19,2024-05-18T07:00:00.000Z,review|2024|trending,1889,19,9,24,https://i.ytimg.com/vi/H2SBUnpRGwV/default.jpg,False,False,False,Auto-generated sample description for Film & Animation video.
azCsGjZEQCR,24.02.12,Top 10 Film & Animation Moments This Week,Channel_1726,5,2024-11-29T17:00:00.000Z,trending|vlog|music,18597,1371,110,316,https://i.ytimg.com/vi/xmvQ7OGkuCC/default.jpg,False,False,False,Auto-generated sample description for Film & Animation video.
YvwSIMFAIQ-,24.24.10,Top 10 Music Moments This Week,Channel_2511,8,2024-10-23T05:00:00.000Z,vlog|review|2024,85987,5293,737,736,https://i.ytimg.com/vi/_wTfCYTfasQ/default.jpg,False,False,False,Auto-generated sample description for Music video.
ryDKOrTxQeS,24.26.05,Behind the Scenes: Music,Channel_2954,4,2024-05-23T11:00:00.000Z,official|2024|music,787986,8268,4831,13509,https://i.ytimg.com/vi/0ihLZXPry8o/default.jpg,False,False,False,Auto-generated sample description for Music video.
2H_G4SwbJbG,24.11.08,Behind the Scenes: Music,Channel_3877,8,2024-08-09T08:00:00.000Z,trending|review|live,43258,2031,430,505,https://i.ytimg.com/vi/Y70tNAlUsuv/default.jpg,False,True,False,Auto-generated sample description for Music video.
zFW-KJVwg4n,24.06.08,Gaming Compilation 2024,Channel_3634,17,2024-08-02T01:00:00.000Z,2024|music|trending,16316,538,148,112,https://i.ytimg.com/vi/cFB0kanTzL_/default.jpg,False,False,False,Auto-generated sample description for Gaming video.
E8iYMVwwzLz,24.20.04,Why This Gaming Video Went Viral,Channel_2013,17,2024-04-20T11:00:00.000Z,trending|live|music,8968,234,53,18,https://i.ytimg.com/vi/REaDxFrcwmd/default.jpg,False,False,False,Auto-generated sample description for Gaming video.
LQbF2Uh7SYj,24.27.08,Behind the Scenes: Music,Channel_1299,8,2024-08-23T10:00:00.000Z,trending|music|live,283253,14904,395,2463,https://i.ytimg.com/vi/4ysC2_a10JF/default.jpg,False,False,False,Auto-generated sample description for Music video.
PZ4e-hnUYvx,24.10.10,Music Compilation 2024,Channel_3729,4,2024-10-07T04:00:00.000Z,live|vlog|music,76229,2838,255,1069,https://i.ytimg.com/vi/Ya9gJIg48Tw/default.jpg,False,False,False,Auto-generated sample description for Music video.
ccYf3ycPUgp,24.23.06,Behind the Scenes: Music,Channel_1158,8,2024-06-22T11:00:00.000Z,vlog|official|2024,71791,4842,105,297,https://i.ytimg.com/vi/DEGCeT2qvd7/default.jpg,False,False,False,Auto-generated sample description for Music video.
EdZZb0wQVeH,24.06.06,Behind the Scenes: Music,Channel_4281,4,2024-06-05T11:00:00.000Z,official|review|vlog,1202182,35208,5953,15753,https://i.ytimg.com/vi/0VKj5ANT0xo/default.jpg,False,False,False,Auto-generated sample description for Music video.
qrxbtw3tivW,24.27.03,Top 10 Music Moments This Week,Channel_1455,8,2024-03-25T03:00:00.000Z,review|official|2024,2248,105,17,16,https://i.ytimg.com/vi/HhTVuqHGsir/default.jpg,False,False,False,Auto-generated sample description for Music video.
iMYt-XRBLzo,24.21.12,Education Compilation 2024,Channel_3697,10,2024-12-18T07:00:00.000Z,trending|review|2024,129295,8531,875,2583,https://i.ytimg.com/vi/D0KOlUmQMyD/default.jpg,False,False,False,Auto-generated sample description for Education video.
C_nQ9W-aHlc,24.09.03,Reacting to Gaming Trends,Channel_868,17,2024-03-07T10:00:00.000Z,review|official|vlog,9187,481,50,120,https://i.ytimg.com/vi/IeX0Pf95ZSE/default.jpg,False,False,False,Auto-generated sample description for Gaming video.
JLzL0BZudZy,25.22.01,Why This Education Video Went Viral,Channel_447,3,2025-01-21T19:00:00.000Z,2024|vlog|official,7200,224,9,112,https://i.ytimg.com/vi/pSv8rztv5Gl/default.jpg,False,False,False,Auto-generated sample description for Education video.
rYKujnTTPiY,24.22.01,Top 10 Music Moments This Week,Channel_411,4,2024-01-21T05:00:00.000Z,vlog|2024|official,17173,784,168,172,https://i.ytimg.com/vi/4LEsr_xL2LY/default.jpg,False,False,False,Auto-generated sample description for Music video.
x2sjYBUS3Eg,24.01.12,Official Music Highlights,Channel_721,4,2024-11-30T04:00:00.000Z,live|music|review,73073,5044,197,715,https://i.ytimg.com/vi/UvXSaASzUd7/default.jpg,False,False,False,Auto-generated sample description for Music video.
O4tHyAh0zDd,24.15.02,Music Compilation 2024,Channel_1437,8,2024-02-13T21:00:00.000Z,2024|music|review,5058,258,42,47,https://i.ytimg.com/vi/n_5xoaOGTH4/default.jpg,False,False,False,Auto-generated sample description for Music video.
qSGSy9MpkRx,24.07.01,Top 10 Howto & Style Moments This Week,Channel_4002,20,2024-01-04T08:00:00.000Z,official|2024|review,5169,386,36,44,https://i.ytimg.com/vi/NFVO6w5_SFl/default.jpg,True,False,False,Auto-generated sample description for Howto & Style video.
d96mzaIpnjx,24.03.04,Official Music Highlights,Channel_4908,8,2024-04-02T15:00:00.000Z,official|trending|live,10183,579,21,39,https://i.ytimg.com/vi/KkQFmpAQ3_0/default.jpg,False,False,False,Auto-generated sample description for Music video.
O6Li-zoqqou,24.01.11,Why This Music Video Went Viral,Channel_4995,8,2024-10-30T12:00:00.000Z,2024|official|trending,210478,5792,977,2412,https://i.ytimg.com/vi/j6R1ZU6yZq2/default.jpg,False,False,False,Auto-generated sample description for Music video.
Ve-HXZRUM2g,24.16.05,News & Politics Compilation 2024,Channel_123,18,2024-05-13T10:00:00.000Z,trending|review|vlog,12437,171,18,201,https://i.ytimg.com/vi/41mNNzYlxqe/default.jpg,False,False,False,Auto-generated sample description for News & Politics video.
t5dUcgRl9DR,24.16.01,Why This Music Video Went Viral,Channel_3713,8,2024-01-16T18:00:00.000Z,2024|music|review,50925,3566,288,437,https://i.ytimg.com/vi/fyjidUNYtcr/default.jpg,False,False,False,Auto-generated sample description for Music video.
zGjSzqavi4Z,24.28.05,Music Compilation 2024,Channel_518,4,2024-05-24T11:00:00.000Z,music|live|trending,109338,4580,226,241,https://i.ytimg.com/vi/slxuBfZ-wlR/default.jpg,False,False,False,Auto-generated sample description for Music video.
gxsNsfP4Csm,24.10.01,Reacting to Travel & Events Trends,Channel_999,16,2024-01-09T19:00:00.000Z,2024|trending|vlog,3965,114,11,17,https://i.ytimg.com/vi/0fZl_Tph3JX/default.jpg,False,False,False,Auto-generated sample description for Travel & Events video.
9nw8d5qlApr,24.15.04,Reacting to News & Politics Trends,Channel_1254,2,2024-04-14T10:00:00.000Z,music|trending|official,170947,9846,618,2807,https://i.ytimg.com/vi/D3o6GEHir4Z/default.jpg,False,False,False,Auto-generated sample description for News & Politics video.
T8st-ansxc_,24.14.05,Why This Music Video Went Viral,Channel_4204,4,2024-05-13T14:00:00.000Z,vlog|official|live,548337,34064,3327,6071,https://i.ytimg.com/vi/huCg1Sgnuy6/default.jpg,False,False,False,Auto-generated sample description for Music video.
lWRlS4MrZWI,24.22.11,Behind the Scenes: Film & Animation,Channel_2311,5,2024-11-19T12:00:00.000Z,trending|vlog|official,13031,405,67,63,https://i.ytimg.com/vi/rSwttewn_Sr/default.jpg,False,True,False,Auto-generated sample description for Film & Animation video.
7g71sjCSY_Y,24.11.01,Official Music Highlights,Channel_669,8,2024-01-11T04:00:00.000Z,trending|vlog|live,4110,115,23,73,https://i.ytimg.com/vi/1nPQSnXKO2N/default.jpg,False,False,False,Auto-generated sample description for Music video.
xIIXskJuJom,24.19.12,Official Music Highlights,Channel_4330,4,2024-12-18T14:00:00.000Z,2024|review|music,19710,417,190,173,https://i.ytimg.com/vi/J5NhGPrfWUC/default.jpg,False,False,False,Auto-generated sample description for Music video.
YtXwRJbK_y2,24.30.03,Official Gaming Highlights,Channel_166,17,2024-03-26T15:00:00.000Z,vlog|2024|review,29065,1853,167,247,https://i.ytimg.com/vi/zLx5LV4dPHP/default.jpg,False,False,False,Auto-generated sample description for Gaming video.
3m0rgFAY2X4,24.01.02,Top 10 Film & Animation Moments This Week,Channel_4182,19,2024-01-29T08:00:00.000Z,official|2024|vlog,7454,432,53,99,https://i.ytimg.com/vi/gHKW-5o8F87/default.jpg,False,False,False,Auto-generated sample description for Film & Animation video.
VtTf01KSfub,24.17.08,Reacting to Pets & Animals Trends,Channel_771,12,2024-08-13T15:00:00.000Z,vlog|review|2024,2288,150,19,42,https://i.ytimg.com/vi/-RFxE74rwyI/default.jpg,False,False,False,Auto-generated sample description for Pets & Animals video.
MLwzOMBhbx1,24.11.11,Music Compilation 2024,Channel_2481,4,2024-11-10T21:00:00.000Z,review|trending|2024,69722,2779,478,316,https://i.ytimg.com/vi/C1ntmUv0cAD/default.jpg,False,False,False,Auto-generated sample description for Music video.
y5GtE0ZxSg1,24.07.04,Music Compilation 2024,Channel_4489,8,2024-04-07T21:00:00.000Z,live|vlog|2024,17785,324,169,151,https://i.ytimg.com/vi/hP01mcebPaS/default.jpg,False,False,False,Auto-generated sample description for Music video.
A-uFnVGNynn,24.08.03,Official Gaming Highlights,Channel_4600,17,2024-03-08T22:00:00.000Z,2024|trending|official,3995,183,25,18,https://i.ytimg.com/vi/O5TLegg2pfB/default.jpg,False,False,False,Auto-generated sample description for Gaming video.
6LyxbOpjyO9,24.16.10,Behind the Scenes: Music,Channel_3939,8,2024-10-15T05:00:00.000Z,official|vlog|music,56222,850,307,621,https://i.ytimg.com/vi/A02pmVj_1XF/default.jpg,False,False,False,Auto-generated sample description for Music video.
XvAmfYGoan7,24.17.06,Why This Music Video Went Viral,Channel_1935,4,2024-06-16T14:00:00.000Z,music|official|2024,246277,10429,525,1236,https://i.ytimg.com/vi/Vs22uX6wGku/default.jpg,False,False,False,Auto-generated sample description for Music video.
hnCuYhpvOvd,24.28.07,Top 10 Film & Animation Moments This Week,Channel_726,5,2024-07-27T22:00:00.000Z,vlog|official|2024,12669,1012,88,157,https://i.ytimg.com/vi/wujY8PMg5Zn/default.jpg,False,False,False,Auto-generated sample description for Film & Animation video.
SbNw76Rd8yf,24.28.03,Reacting to Music Trends,Channel_2772,8,2024-03-27T16:00:00.000Z,trending|music|vlog,54545,1979,101,942,https://i.ytimg.com/vi/H5FAJQuYeU3/default.jpg,False,False,False,Auto-generated sample description for Music video.
5DFWsUZBv2t,24.03.11,Why This Music Video Went Viral,Channel_3875,4,2024-10-30T07:00:00.000Z,review|2024|vlog,233829,3268,1762,2661,https://i.ytimg.com/vi/fGh7LVZ6fVX/default.jpg,False,False,False,Auto-generated sample description for Music video.
eQssHI4uO8L,24.26.11,Why This Music Video Went Viral,Channel_852,4,2024-11-25T14:00:00.000Z,vlog|review|live,31387,1857,175,176,https://i.ytimg.com/vi/rjjNal0RNlf/default.jpg,False,False,False,Auto-generated sample description for Music video.
D6jIjzsRulV,25.11.01,Music Compilation 2024,Channel_2846,4,2025-01-11T14:00:00.000Z,2024|music|live,117549,1321,307,1927,https://i.ytimg.com/vi/hxnE8A_OsjA/default.jpg,False,False,False,Auto-generated sample description for Music video.
7C8iwM0shs4,24.13.06,Behind the Scenes: Music,Channel_3129,8,2024-06-12T05:00:00.000Z,review|live|music,604715,27868,2367,6985,https://i.ytimg.com/vi/MhYxXl3QTEy/default.jpg,False,False,False,Auto-generated sample description for Music video.
xRrvsduxwiq,24.28.05,Reacting to Gaming Trends,Channel_392,17,2024-05-27T17:00:00.000Z,trending|vlog|review,791,36,2,10,https://i.ytimg.com/vi/cFXVHhWdYoU/default.jpg,False,False,False,Auto-generated sample description for Gaming video.
h7lWQRTXbhu,24.24.11,Reacting to Music Trends,Channel_3582,8,2024-11-23T20:00:00.000Z,2024|trending|official,101917,4952,612,1068,https://i.ytimg.com/vi/uwaU0c0OOk4/default.jpg,False,False,False,Auto-generated sample description for Music video.
00Eajp_ZSGK,25.13.01,Reacting to News & Politics Trends,Channel_3804,18,2025-01-10T07:00:00.000Z,music|2024|review,1057,30,8,2,https://i.ytimg.com/vi/NBBrpKBr1hp/default.jpg,False,False,False,Auto-generated sample description for News & Politics video.
GgW2baIsOrS,24.02.02,Why This Music Video Went Viral,Channel_4892,8,2024-01-30T19:00:00.000Z,review|vlog|trending,15224,153,28,75,https://i.ytimg.com/vi/_duqo5dQfyi/default.jpg,False,False,False,Auto-generated sample description for Music video.
_-Pnf6dsCKX,24.06.02,Why This Music Video Went Viral,Channel_3354,8,2024-02-06T13:00:00.000Z,vlog|official|music,171116,3885,1663,1321,https://i.ytimg.com/vi/UeT-Y6a9GOc/default.jpg,False,False,False,Auto-generated sample description for Music video.
p9a5YfEUeQo,24.07.11,Why This Education Video Went Viral,Channel_725,10,2024-11-03T15:00:00.000Z,live|trending|review,54063,2130,35,731,https://i.ytimg.com/vi/BuMjP2ZN_Cp/default.jpg,False,False,False,Auto-generated sample description for Education video.
RgkznO8eCGK,24.28.06,Why This Music Video Went Viral,Channel_815,4,2024-06-24T09:00:00.000Z,music|review|live,265203,20328,213,2112,https://i.ytimg.com/vi/HQZDaOh6bWn/default.jpg,False,False,False,Auto-generated sample description for Music video.
R672_em1IjA,24.11.03,Top 10 Pets & Animals Moments This Week,Channel_3756,6,2024-03-08T05:00:00.000Z,live|2024|music,1811,75,11,2,https://i.ytimg.com/vi/JvkbxgbN5zZ/default.jpg,False,False,False,Auto-generated sample description for Pets & Animals video.
Hk7z9SFZ7l-,24.03.11,Why This Music Video Went Viral,Channel_4380,4,2024-11-01T06:00:00.000Z,review|official|live,40242,1761,307,556,https://i.ytimg.com/vi/OfDqXb_AhLW/default.jpg,False,False,False,Auto-generated sample description for Music video.
OQeS5_VMTZs,25.06.01,Official Music Highlights,Channel_4388,4,2025-01-04T06:00:00.000Z,music|review|live,61033,4256,137,90,https://i.ytimg.com/vi/84vHbOmDiGb/default.jpg,False,False,False,Auto-generated sample description for Music video.
j6FsT9-VjeL,24.01.09,Pets & Animals Compilation 2024,Channel_973,6,2024-08-28T20:00:00.000Z,music|vlog|review,56579,3782,521,195,https://i.ytimg.com/vi/ZFNRrw8xijk/default.jpg,False,False,False,Auto-generated sample description for Pets & Animals video.
tXJJbXqXDoO,24.16.06,Behind the Scenes: Education,Channel_4713,3,2024-06-15T02:00:00.000Z,review|trending|live,4590,268,34,62,https://i.ytimg.com/vi/vm2DpOIBTC2/default.jpg,False,False,False,Auto-generated sample description for Education video.
4uHKjrKtpec,24.07.12,Top 10 Music Moments This Week,Channel_2975,8,2024-12-06T14:00:00.000Z,music|trending|official,187437,10211,1476,789,https://i.ytimg.com/vi/7OlH77JrXWk/default.jpg,False,False,False,Auto-generated sample description for Music video.
pGEd2tzcGCE,24.03.07,Official Music Highlights,Channel_90,8,2024-07-01T10:00:00.000Z,official|review|music,14077,185,69,226,https://i.ytimg.com/vi/90gnzUlLtjq/default.jpg,False,False,False,Auto-generated sample description for Music video.
kJFr2OB4Twd,24.09.11,Top 10 Music Moments This Week,Channel_1182,4,2024-11-05T12:00:00.000Z,vlog|live|music,40766,2244,223,459,https://i.ytimg.com/vi/rvAWjXouoSb/default.jpg,False,False,False,Auto-generated sample description for Music video.
oDDJvuIei_P,24.17.11,Reacting to Music Trends,Channel_1223,8,2024-11-16T16:00:00.000Z,review|official|live,23767,1538,123,311,https://i.ytimg.com/vi/k3gA_7kGOt8/default.jpg,False,False,False,Auto-generated sample description for Music video.
AX8IXbDjTGO,24.28.06,Why This Music Video Went Viral,Channel_3724,8,2024-06-24T21:00:00.000Z,vlog|2024|review,31761,1433,194,277,https://i.ytimg.com/vi/1scpTmOfIir/default.jpg,False,False,False,Auto-generated sample description for Music video.
OdQEndoIHa1,25.29.01,Behind the Scenes: Music,Channel_2559,8,2025-01-28T03:00:00.000Z,official|vlog|trending,112325,5716,652,1486,https://i.ytimg.com/vi/0irfUawoUHY/default.jpg,False,False,False,Auto-generated sample description for Music video.
fJEw6Gypgzk,24.21.02,Official Music Highlights,Channel_4623,4,2024-02-21T06:00:00.000Z,trending|live|2024,43115,3002,22,35,https://i.ytimg.com/vi/-ABhPwA2Bsy/default.jpg,False,False,False,Auto-generated sample description for Music video.
QwBG6D5fhVv,24.22.12,Reacting to Music Trends,Channel_247,4,2024-12-19T06:00:00.000Z,music|review|2024,61261,2815,91,320,https://i.ytimg.com/vi/xOvfpKNg0VW/default.jpg,False,False,False,Auto-generated sample description for Music video.
X-uL7nd1WRC,24.29.06,Behind the Scenes: Music,Channel_4054,8,2024-06-28T21:00:00.000Z,trending|live|music,73175,3488,157,873,https://i.ytimg.com/vi/qDfhGfGAMLN/default.jpg,False,False,True,Auto-generated sample description for Music video.
kAjBu13yNaW,24.20.12,Reacting to Music Trends,Channel_962,4,2024-12-20T13:00:00.000Z,live|vlog|review,50950,2547,377,294,https://i.ytimg.com/vi/5rqSnkv8SSE/default.jpg,False,False,False,Auto-generated sample description for Music video.
bPZjtwsLZTN,24.27.01,Why This Music Video Went Viral,Channel_207,8,2024-01-27T17:00:00.000Z,2024|music|review,46699,1150,254,157,https://i.ytimg.com/vi/HxqL_NneS0X/default.jpg,False,False,False,Auto-generated sample description for Music video.
bmhsH-YgK8A,24.01.04,Why This Nonprofits & Activism Video Went Viral,Channel_2720,9,2024-03-29T22:00:00.000Z,official|music|2024,39702,2114,336,588,https://i.ytimg.com/vi/7AhdgnKME-r/default.jpg,False,False,False,Auto-generated sample description for Nonprofits & Activism video.
5PFY4r0f4SR,24.31.01,Top 10 Film & Animation Moments This Week,Channel_1974,19,2024-01-30T18:00:00.000Z,review|2024|music,6782,405,65,27,https://i.ytimg.com/vi/4mNkg2Ckvqi/default.jpg,False,False,False,Auto-generated sample description for Film & Animation video.
fVFJh393pff,24.29.03,Music Compilation 2024,Channel_280,8,2024-03-26T12:00:00.000Z,music|vlog|review,438089,13942,2962,1179,https://i.ytimg.com/vi/vrIL1PdjaJ9/default.jpg,False,False,False,Auto-generated sample description for Music video.
j6oiki2tRvy,24.17.11,Behind the Scenes: Music,Channel_4773,4,2024-11-16T08:00:00.000Z,trending|live|vlog,8562,223,68,108,https://i.ytimg.com/vi/lCrvg1PHagI/default.jpg,False,False,False,Auto-generated sample description for Music video.
h4TrHuTuOj6,24.01.02,Why This Music Video Went Viral,Channel_4422,8,2024-01-31T21:00:00.000Z,review|music|live,122797,8883,797,189,https://i.ytimg.com/vi/Wm4BrYQUpc4/default.jpg,False,False,False,Auto-generated sample description for Music video.
Y_jjydomRck,24.08.03,Reacting to Howto & Style Trends,Channel_549,20,2024-03-04T03:00:00.000Z,official|music|2024,56450,1087,210,1002,https://i.ytimg.com/vi/T5sLll0sfDf/default.jpg,False,False,False,Auto-generated sample description for Howto & Style video.
UCVYE3HIFsw,24.05.05,Behind the Scenes: Film & Animation,Channel_2444,5,2024-05-02T07:00:00.000Z,vlog|official|2024,1830,140,13,30,https://i.ytimg.com/vi/Fe96V1pDcOl/default.jpg,False,False,False,Auto-generated sample description for Film & Animation video.
9g5F0NDLmZq,24.06.10,Reacting to Pets & Animals Trends,Channel_79,1,2024-10-04T05:00:00.000Z,official|music|2024,5827,280,10,100,https://i.ytimg.com/vi/bfBe4RCQobK/default.jpg,False,False,False,Auto-generated sample description for Pets & Animals video.
RdmJw36Wdtl,24.11.12,Why This Music Video Went Viral,Channel_1387,8,2024-12-11T02:00:00.000Z,vlog|review|2024,90564,5633,693,916,https://i.ytimg.com/vi/noCDDRdIODD/default.jpg,False,False,False,Auto-generated sample description for Music video.
pZftNVAuepH,24.19.10,Why This Music Video Went Viral,Channel_2824,4,2024-10-16T17:00:00.000Z,trending|official|review,44386,1431,34,497,https://i.ytimg.com/vi/Jpd7HMaD0yK/default.jpg,False,False,False,Auto-generated sample description for Music video.
K5CTd8Z-uX_,24.21.04,Official News & Politics Highlights,Channel_4282,2,2024-04-18T19:00:00.000Z,official|live|trending,5927,61,30,22,https://i.ytimg.com/vi/HcFPOxFPaXr/default.jpg,False,False,False,Auto-generated sample description for News & Politics video.
Fn-LHv-9aGa,24.19.12,Reacting to Music Trends,Channel_81,4,2024-12-18T10:00:00.000Z,live|2024|music,120766,9499,887,283,https://i.ytimg.com/vi/jfZXe5KxbUo/default.jpg,False,False,False,Auto-generated sample description for Music video.
7P4nkhzkNTH,24.08.01,Official News & Politics Highlights,Channel_678,18,2024-01-08T16:00:00.000Z,review|vlog|trending,22779,373,224,40,https://i.ytimg.com/vi/JwUO7pdjd5b/default.jpg,False,False,False,Auto-generated sample description for News & Politics video.
u5gqV9r7qC3,24.26.11,Top 10 Autos & Vehicles Moments This Week,Channel_4337,15,2024-11-25T07:00:00.000Z,review|vlog|music,215493,4603,709,1889,https://i.ytimg.com/vi/CQ5dPdvArFJ/default.jpg,False,False,False,Auto-generated sample description for Autos & Vehicles video.
QzAiaYw85q6,24.02.09,Gaming Compilation 2024,Channel_2473,17,2024-08-29T15:00:00.000Z,2024|live|music,2235,149,18,14,https://i.ytimg.com/vi/x6MwwNSYRzl/default.jpg,False,False,False,Auto-generated sample description for Gaming video.
SoKtBqUI7jp,24.04.08,Reacting to Music Trends,Channel_411,8,2024-08-03T19:00:00.000Z,official|review|music,263097,13445,426,2310,https://i.ytimg.com/vi/49vQylOmehX/default.jpg,False,False,False,Auto-generated sample description for Music video.
YAqDRsbyaw9,24.11.10,Why This Education Video Went Viral,Channel_143,10,2024-10-08T00:00:00.000Z,trending|review|official,13245,338,88,45,https://i.ytimg.com/vi/kYzR-bdoDmd/default.jpg,False,False,False,Auto-generated sample description for Education video.
xKH2ON-J7qb,24.29.11,Top 10 Music Moments This Week,Channel_154,4,2024-11-26T11:00:00.000Z,music|live|vlog,319563,24050,1998,5607,https://i.ytimg.com/vi/TewKDSVR4Gn/default.jpg,False,False,False,Auto-generated sample description for Music video.
S3c1yDqPvfV,24.15.10,Behind the Scenes: Music,Channel_4219,8,2024-10-14T05:00:00.000Z,2024|review|vlog,6836,113,43,62,https://i.ytimg.com/vi/GSdR5zK6en6/default.jpg,False,False,False,Auto-generated sample description for Music video.
HfR2kyikIrE,24.25.02,Reacting to Howto & Style Trends,Channel_272,20,2024-02-25T15:00:00.000Z,official|vlog|live,3801,116,11,72,https://i.ytimg.com/vi/Ki_hOOXYwKg/default.jpg,False,False,False,Auto-generated sample description for Howto & Style video.
oDwPVKkon63,24.23.03,Why This Music Video Went Viral,Channel_192,8,2024-03-21T08:00:00.000Z,review|2024|vlog,38109,1374,256,659,https://i.ytimg.com/vi/MOCvs9VoYWL/default.jpg,False,False,False,Auto-generated sample description for Music video.
Sogn3KoQTIK,24.10.01,Official Music Highlights,Channel_3295,4,2024-01-10T18:00:00.000Z,music|trending|2024,10549,154,46,128,https://i.ytimg.com/vi/G74LpMhh2iy/default.jpg,False,False,False,Auto-generated sample description for Music video.
ko-e1_XjfFJ,24.13.09,Official Music Highlights,Channel_3197,8,2024-09-12T02:00:00.000Z,music|trending|2024,95264,2832,448,464,https://i.ytimg.com/vi/t0EiiMP0S5d/default.jpg,False,False,False,Auto-generated sample description for Music video.
6ls5_wr6R3u,24.01.12,Autos & Vehicles Compilation 2024,Channel_3078,7,2024-11-27T13:00:00.000Z,2024|review|live,14825,264,84,158,https://i.ytimg.com/vi/R-5lTp1ugmw/default.jpg,False,False,False,Auto-generated sample description for Autos & Vehicles video.
Qi042R_ZIr0,25.03.01,Reacting to Music Trends,Channel_309,8,2024-12-30T06:00:00.000Z,live|music|vlog,6745,117,28,37,https://i.ytimg.com/vi/GNoHwzE2W84/default.jpg,False,False,False,Auto-generated sample description for Music video.
Hh4fdSoqEn-,24.19.04,Top 10 Music Moments This Week,Channel_1855,4,2024-04-15T12:00:00.000Z,music|review|official,17057,1252,50,133,https://i.ytimg.com/vi/TbSunZhig1B/default.jpg,False,False,False,Auto-generated sample description for Music video.
UVy_HsjcIRH,24.22.02,Why This News & Politics Video Went Viral,Channel_1075,18,2024-02-21T14:00:00.000Z,music|review|2024,25014,1059,196,172,https://i.ytimg.com/vi/pWGo8GC29ui/default.jpg,False,False,False,Auto-generated sample description for News & Politics video.
o48h17H1-Np,24.20.01,Behind the Scenes: News & Politics,Channel_3874,2,2024-01-19T10:00:00.000Z,official|2024|review,1085,38,4,15,https://i.ytimg.com/vi/1NLk_9oiRa3/default.jpg,False,False,False,Auto-generated sample description for News & Politics video.
D6okj0hATY0,24.28.06,Why This Education Video Went Viral,Channel_2555,3,2024-06-26T04:00:00.000Z,trending|official|2024,12020,268,51,235,https://i.ytimg.com/vi/35bo9y27eS2/default.jpg,False,False,False,Auto-generated sample description for Education video.
OGGLOs7ie0u,24.12.07,Reacting to Education Trends,Channel_1327,3,2024-07-11T17:00:00.000Z,live|trending|vlog,2531,135,21,7,https://i.ytimg.com/vi/_giTCUBK-4X/default.jpg,False,False,False,Auto-generated sample description for Education video.
KFjQzHsYYxt,24.05.07,Behind the Scenes: Music,Channel_538,8,2024-07-02T09:00:00.000Z,live|trending|music,72370,5217,402,1422,https://i.ytimg.com/vi/yX10sfAPPu7/default.jpg,False,False,False,Auto-generated sample description for Music video.
b9ycQlWhYzq,24.10.05,Why This Music Video Went Viral,Channel_3463,4,2024-05-08T20:00:00.000Z,official|vlog|review,80998,6467,575,152,https://i.ytimg.com/vi/bfEzq9ry-Kc/default.jpg,False,False,False,Auto-generated sample description for Music video.
1u2deoIGrl0,24.25.10,Behind the Scenes: Music,Channel_778,8,2024-10-23T14:00:00.000Z,live|trending|review,338070,8392,2520,1483,https://i.ytimg.com/vi/-_7R5ud_4wN/default.jpg,False,False,False,Auto-generated sample description for Music video.
58xHrdwZ4VC,24.08.03,Top 10 Howto & Style Moments This Week,Channel_302,20,2024-03-07T11:00:00.000Z,trending|vlog|live,7374,556,30,101,https://i.ytimg.com/vi/RHTFbd6aZD7/default.jpg,False,False,False,Auto-generated sample description for Howto & Style video.
GeFET4CWNmS,24.16.03,Music Compilation 2024,Channel_3506,8,2024-03-16T02:00:00.000Z,live|trending|vlog,163883,10393,784,2433,https://i.ytimg.com/vi/hxUeaf2jbJC/default.jpg,False,False,False,Auto-generated sample description for Music video.
yC9CWcDQWsH,24.12.11,Top 10 Music Moments This Week,Channel_1568,4,2024-11-11T19:00:00.000Z,vlog|live|2024,103081,1727,245,405,https://i.ytimg.com/vi/VzVC7dJkwFE/default.jpg,False,False,False,Auto-generated sample description for Music video.
uhLBt15mDPX,24.17.03,Reacting to Music Trends,Channel_4033,8,2024-03-15T12:00:00.000Z,official|vlog|live,63911,3602,630,235,https://i.ytimg.com/vi/7VaBL9rpuLS/default.jpg,False,False,False,Auto-generated sample description for Music video.
8pHbWhxagTj,25.19.01,Music Compilation 2024,Channel_4177,4,2025-01-19T19:00:00.000Z,vlog|review|live,14744,533,16,212,https://i.ytimg.com/vi/Kh5e9yzuhmu/default.jpg,False,False,False,Auto-generated sample description for Music video.
VnMScJjpzAB,24.10.06,Behind the Scenes: Music,Channel_3252,4,2024-06-09T18:00:00.000Z,trending|2024|music,477229,28146,774,6985,https://i.ytimg.com/vi/yoA1NWIShP-/default.jpg,False,False,False,Auto-generated sample description for Music video.
tsFb6czcp1Z,24.14.02,Why This Music Video Went Viral,Channel_805,4,2024-02-10T08:00:00.000Z,live|vlog|review,2537,151,19,29,https://i.ytimg.com/vi/p8YbZqgvBlX/default.jpg,False,False,False,Auto-generated sample description for Music video.
N-sIxJxPy1d,24.11.12,Official Music Highlights,Channel_4422,4,2024-12-11T01:00:00.000Z,trending|music|review,79630,3344,745,868,https://i.ytimg.com/vi/Djxd1UtUoQg/default.jpg,False,False,False,Auto-generated sample description for Music video.
QNHe6mD0Fh2,24.06.11,Film & Animation Compilation 2024,Channel_3426,5,2024-11-04T08:00:00.000Z,music|trending|review,3596,271,11,65,https://i.ytimg.com/vi/yFiCy1yYINX/default.jpg,False,False,False,Auto-generated sample description for Film & Animation video.
pHBMlTdLVH8,24.13.12,Music Compilation 2024,Channel_572,4,2024-12-13T14:00:00.000Z,2024|review|music,117574,2366,990,1243,https://i.ytimg.com/vi/tKq78F23T2A/default.jpg,False,False,False,Auto-generated sample description for Music video.
ItWibLASOEB,24.02.12,Reacting to Music Trends,Channel_3715,4,2024-12-02T03:00:00.000Z,official|review|music,107135,8412,221,411,https://i.ytimg.com/vi/ITs8in7eRBV/default.jpg,False,False,False,Auto-generated sample description for Music video.
6xIu-4hFDCg,24.22.07,Why This Music Video Went Viral,Channel_2513,4,2024-07-21T08:00:00.000Z,vlog|official|trending,96365,4436,728,759,https://i.ytimg.com/vi/SFepvhx24p-/default.jpg,False,False,False,Auto-generated sample description for Music video.
mH_tpZqIYaZ,24.26.04,Reacting to Autos & Vehicles Trends,Channel_713,7,2024-04-22T01:00:00.000Z,2024|music|review,2843,49,6,16,https://i.ytimg.com/vi/66z6xVCtngG/default.jpg,False,False,False,Auto-generated sample description for Autos & Vehicles video.
mclZ4cIBFg8,24.22.10,Behind the Scenes: Music,Channel_3691,4,2024-10-18T08:00:00.000Z,review|2024|vlog,1261938,67351,11835,11208,https://i.ytimg.com/vi/JR7ewVO-Sy6/default.jpg,False,False,False,Auto-generated sample description for Music video.
Qlf2rmKX-3P,24.28.06,Music Compilation 2024,Channel_1298,4,2024-06-28T18:00:00.000Z,trending|music|live,314244,4934,488,996,https://i.ytimg.com/vi/sZeHMQzspUu/default.jpg,False,False,False,Auto-generated sample description for Music video.
NI_YYMAAiR9,24.14.02,Film & Animation Compilation 2024,Channel_752,5,2024-02-10T15:00:00.000Z,vlog|trending|live,2106,134,7,36,https://i.ytimg.com/vi/H3w0KCX48g5/default.jpg,False,False,False,Auto-generated sample description for Film & Animation video.
PiimJOLu8PH,24.20.07,Top 10 Music Moments This Week,Channel_319,8,2024-07-17T12:00:00.000Z,official|music|vlog,199459,4707,1855,3573,https://i.ytimg.com/vi/kc81-8RmrHl/default.jpg,False,False,False,Auto-generated sample description for Music video.
grKMIlm8c7e,24.03.07,Reacting to News & Politics Trends,Channel_1487,2,2024-06-30T00:00:00.000Z,official|music|live,3408,108,31,43,https://i.ytimg.com/vi/dq3ZPpjjxUM/default.jpg,False,False,False,Auto-generated sample description for News & Politics video.
Xgu0od6qgca,24.15.09,Why This Music Video Went Viral,Channel_1137,8,2024-09-15T07:00:00.000Z,review|2024|live,65554,4230,133,365,https://i.ytimg.com/vi/uHxFnwb2-u7/default.jpg,False,False,False,Auto-generated sample description for Music video.
arB1CgtVwPm,24.13.09,Behind the Scenes: News & Politics,Channel_1450,18,2024-09-09T02:00:00.000Z,2024|music|live,2238,147,13,26,https://i.ytimg.com/vi/AoDFthgTMY2/default.jpg,False,False,False,Auto-generated sample description for News & Politics video.
OzU_tQjydiz,24.03.07,Gaming Compilation 2024,Channel_510,17,2024-07-02T03:00:00.000Z,2024|music|live,7888,339,69,106,https://i.ytimg.com/vi/0BNM3UZOP3o/default.jpg,False,False,False,Auto-generated sample description for Gaming video.
N0x3LG9ybWE,24.08.05,Behind the Scenes: Music,Channel_655,8,2024-05-07T02:00:00.000Z,2024|review|music,39895,1179,207,366,https://i.ytimg.com/vi/PO8pPTQk5Ua/default.jpg,False,True,False,Auto-generated sample description for Music video.
vYzq9OSTEUq,24.28.02,Top 10 Music Moments This Week,Channel_4353,8,2024-02-24T01:00:00.000Z,music|review|live,53789,1449,261,216,https://i.ytimg.com/vi/xv2My8Rp1A7/default.jpg,False,False,False,Auto-generated sample description for Music video.
Ff4siDE-ByM,24.08.09,Music Compilation 2024,Channel_3206,4,2024-09-04T00:00:00.000Z,trending|live|music,1342309,78953,13359,14542,https://i.ytimg.com/vi/QS8_GZ15bgy/default.jpg,False,False,False,Auto-generated sample description for Music video.
qteFCkbI9BQ,24.24.12,Behind the Scenes: Music,Channel_3274,4,2024-12-22T13:00:00.000Z,2024|live|trending,257936,2756,1292,4209,https://i.ytimg.com/vi/-t_H_xjy4YN/default.jpg,False,False,False,Auto-generated sample description for Music video.
_TKeUjalcbO,24.03.07,Top 10 Music Moments This Week,Channel_4274,4,2024-06-30T17:00:00.000Z,live|review|2024,134900,7760,977,976,https://i.ytimg.com/vi/HjnzklVOAkq/default.jpg,False,False,False,Auto-generated sample description for Music video.
ZC013gPBVjf,24.31.10,Official Music Highlights,Channel_3349,8,2024-10-27T06:00:00.000Z,vlog|official|music,22894,739,12,185,https://i.ytimg.com/vi/GcKvJ-TsTZk/default.jpg,False,False,False,Auto-generated sample description for Music video.
kEDHqfwN_LI,24.19.11,Official News & Politics Highlights,Channel_3871,18,2024-11-18T12:00:00.000Z,live|vlog|trending,26006,827,170,283,https://i.ytimg.com/vi/QqdB4uLmQO7/default.jpg,False,False,False,Auto-generated sample description for News & Politics video.
podkXTU9SAb,24.20.10,Reacting to Music Trends,Channel_3218,4,2024-10-18T00:00:00.000Z,official|review|live,134127,6263,319,1977,https://i.ytimg.com/vi/36vcYEuKm3D/default.jpg,False,False,False,Auto-generated sample description for Music video.
3u1cDVOPvPt,24.13.01,News & Politics Compilation 2024,Channel_3363,2,2024-01-09T05:00:00.000Z,2024|official|music,11482,757,62,194,https://i.ytimg.com/vi/BhgGt23VnKf/default.jpg,False,False,False,Auto-generated sample description for News & Politics video.
j93kL4W5kRb,24.14.10,Official Music Highlights,Channel_3959,4,2024-10-11T11:00:00.000Z,2024|vlog|live,5379,180,42,2,https://i.ytimg.com/vi/ynWJa4k5mMs/default.jpg,False,False,False,Auto-generated sample description for Music video.
AsSmLMWeOL2,25.12.01,Behind the Scenes: Music,Channel_2662,8,2025-01-10T15:00:00.000Z,music|vlog|live,708080,13076,5348,10733,https://i.ytimg.com/vi/u6vxHHv2VFq/default.jpg,False,False,False,Auto-generated sample description for Music video.
Q7d0L-n8S5_,25.16.01,Top 10 Autos & Vehicles Moments This Week,Channel_2928,15,2025-01-16T01:00:00.000Z,music|review|trending,1895,59,10,26,https://i.ytimg.com/vi/AU-VRdAbBdB/default.jpg,False,False,False,Auto-generated sample description for Autos & Vehicles video.
XP-W2-lsUZl,24.30.03,Why This Autos & Vehicles Video Went Viral,Channel_1479,13,2024-03-30T01:00:00.000Z,review|music|live,19210,1518,186,179,https://i.ytimg.com/vi/tyU--ocieno/default.jpg,False,False,False,Auto-generated sample description for Autos & Vehicles video.
T61ueT_TURA,24.10.05,Reacting to Music Trends,Channel_1774,4,2024-05-08T09:00:00.000Z,live|2024|official,82628,6094,364,886,https://i.ytimg.com/vi/puJj_7bIz3z/default.jpg,False,False,False,Auto-generated sample description for Music video.
gq5y7GaMpFT,24.28.11,Behind the Scenes: Music,Channel_3625,4,2024-11-24T05:00:00.000Z,trending|music|official,90125,4658,663,1581,https://i.ytimg.com/vi/acwQFcGVFJ7/default.jpg,False,False,False,Auto-generated sample description for Music video.
g1IIF5ENwKC,24.27.03,Official Music Highlights,Channel_4745,8,2024-03-23T18:00:00.000Z,review|vlog|live,362675,7775,269,4754,https://i.ytimg.com/vi/GZy4XKpRno4/default.jpg,False,False,False,Auto-generated sample description for Music video.
eF1cvAzEICd,24.06.02,Music Compilation 2024,Channel_1389,4,2024-02-06T03:00:00.000Z,live|vlog|trending,10542,612,19,182,https://i.ytimg.com/vi/Vy7ntAYXeZp/default.jpg,False,False,False,Auto-generated sample description for Music video.
55cXsxSOasJ,24.25.06,Top 10 Music Moments This Week,Channel_658,8,2024-06-23T00:00:00.000Z,official|review|2024,66748,2551,91,357,https://i.ytimg.com/vi/NzgN-KwgGqN/default.jpg,False,False,False,Auto-generated sample description for Music video.
AHczMUa8a_0,24.10.07,Why This Music Video Went Viral,Channel_2443,8,2024-07-10T03:00:00.000Z,trending|official|2024,47368,2875,131,181,https://i.ytimg.com/vi/RSYujeUJY9o/default.jpg,False,False,False,Auto-generated sample description for Music video.
c7_JEFdqCLL,24.15.03,Official Science & Technology Highlights,Channel_4224,11,2024-03-12T14:00:00.000Z,live|trending|2024,3306,161,15,60,https://i.ytimg.com/vi/8FVW9XVl5d_/default.jpg,False,False,False,Auto-generated sample description for Science & Technology video.
mYxXv4WeiHa,24.05.06,Top 10 Film & Animation Moments This Week,Channel_356,19,2024-06-05T13:00:00.000Z,live|2024|official,7989,202,53,116,https://i.ytimg.com/vi/Fpa2-9n159X/default.jpg,False,False,False,Auto-generated sample description for Film & Animation video.
7yv2cc_mSgK,24.04.10,Why This Music Video Went Viral,Channel_3154,4,2024-10-01T05:00:00.000Z,official|trending|vlog,13916,585,32,209,https://i.ytimg.com/vi/c1NV7lI37Tn/default.jpg,False,False,False,Auto-generated sample description for Music video.
lf45f3X1Oud,24.14.07,Behind the Scenes: Gaming,Channel_1740,17,2024-07-11T08:00:00.000Z,music|2024|official,931102,53256,3879,2197,https://i.ytimg.com/vi/1Lesn2FY8T6/default.jpg,False,False,False,Auto-generated sample description for Gaming video.
b72Ka9gehEC,24.23.06,Reacting to Music Trends,Channel_2039,8,2024-06-19T08:00:00.000Z,vlog|live|review,10593,804,70,195,https://i.ytimg.com/vi/1X8tB9VogWB/default.jpg,False,False,False,Auto-generated sample description for Music video.
_edW_fLq1Qn,24.03.05,Top 10 Howto & Style Moments This Week,Channel_1059,20,2024-05-01T08:00:00.000Z,vlog|trending|review,71027,5374,142,127,https://i.ytimg.com/vi/oLNMrCxQzgB/default.jpg,False,False,False,Auto-generated sample description for Howto & Style video.
z5yHdDigLS8,24.14.05,Official Music Highlights,Channel_2747,8,2024-05-12T10:00:00.000Z,live|2024|vlog,309629,19194,2058,1652,https://i.ytimg.com/vi/Y81XxQaWUR-/default.jpg,False,False,False,Auto-generated sample description for Music video.
AE8x1KxlGUs,24.15.09,Top 10 Music Moments This Week,Channel_4583,4,2024-09-14T20:00:00.000Z,trending|music|2024,51599,1198,355,474,https://i.ytimg.com/vi/atxTONwnq0K/default.jpg,False,False,False,Auto-generated sample description for Music video.
u_ujO13Sdh4,24.20.11,Official Music Highlights,Channel_4369,8,2024-11-17T05:00:00.000Z,music|trending|vlog,11716,187,86,122,https://i.ytimg.com/vi/Hm3G2WpJB8k/default.jpg,False,False,False,Auto-generated sample description for Music video.
OEOr26fD4j5,24.24.06,Why This Gaming Video Went Viral,Channel_2394,17,2024-06-20T19:00:00.000Z,vlog|music|2024,22251,1310,113,140,https://i.ytimg.com/vi/vRgkWMg_LCH/default.jpg,False,False,False,Auto-generated sample description for Gaming video.
aJsncsNWZCm,24.14.03,Music Compilation 2024,Channel_4339,4,2024-03-10T03:00:00.000Z,music|review|2024,338886,14093,2012,6350,https://i.ytimg.com/vi/R2Gknvn71s2/default.jpg,False,False,False,Auto-generated sample description for Music video.
I2eqdmo7K7M,24.27.01,Top 10 Pets & Animals Moments This Week,Channel_4882,1,2024-01-24T03:00:00.000Z,review|vlog|live,4531,316,42,57,https://i.ytimg.com/vi/-K-0BS_1UOJ/default.jpg,False,False,False,Auto-generated sample description for Pets & Animals video.
XD3gB_OR4y3,24.13.02,Gaming Compilation 2024,Channel_4894,17,2024-02-13T00:00:00.000Z,2024|official|vlog,5608,142,39,83,https://i.ytimg.com/vi/J_D14VNnrN3/default.jpg,False,False,False,Auto-generated sample description for Gaming video.
MNYlnTGHIGX,24.04.06,Top 10 News & Politics Moments This Week,Channel_3774,18,2024-06-03T19:00:00.000Z,music|vlog|trending,10742,335,68,122,https://i.ytimg.com/vi/b5gBmmuxuZN/default.jpg,False,False,False,Auto-generated sample description for News & Politics video.
BHBVL4skjk8,24.25.12,Official Music Highlights,Channel_3545,4,2024-12-24T09:00:00.000Z,live|official|review,930406,18666,6883,7309,https://i.ytimg.com/vi/fK1GiFFVwYi/default.jpg,False,False,False,Auto-generated sample description for Music video.
EuWJP6vbwGG,24.23.11,Official News & Politics Highlights,Channel_1210,2,2024-11-21T02:00:00.000Z,live|vlog|2024,47604,2519,247,598,https://i.ytimg.com/vi/IBKJ1V-13hB/default.jpg,False,False,False,Auto-generated sample description for News & Politics video.
gN4ZbcZRceB,24.16.08,Behind the Scenes: News & Politics,Channel_2944,18,2024-08-14T11:00:00.000Z,live|vlog|trending,3160,136,10,20,https://i.ytimg.com/vi/_y8UMfc4gXj/default.jpg,False,False,False,Auto-generated sample description for News & Politics video.
eRf3b8-B78b,24.23.04,Behind the Scenes: Music,Channel_1620,4,2024-04-21T17:00:00.000Z,live|vlog|review,50385,1904,348,217,https://i.ytimg.com/vi/dhN_bjgI-Yz/default.jpg,False,False,False,Auto-generated sample description for Music video.
Ud2lgF7jzPe,24.06.06,Reacting to Music Trends,Channel_3397,8,2024-06-06T21:00:00.000Z,review|trending|live,523836,41728,2430,9546,https://i.ytimg.com/vi/6SgZnVH-VfO/default.jpg,False,False,False,Auto-generated sample description for Music video.
edvJTzj7RPT,25.29.01,Behind the Scenes: Music,Channel_2821,4,2025-01-27T00:00:00.000Z,live|vlog|2024,6571,113,64,66,https://i.ytimg.com/vi/dbPxEezMO5V/default.jpg,False,False,False,Auto-generated sample description for Music video.
mvok0yym2Wg,24.21.04,Top 10 Music Moments This Week,Channel_2215,4,2024-04-21T03:00:00.000Z,trending|live|review,194898,14239,234,1078,https://i.ytimg.com/vi/9gl35K_PTqP/default.jpg,False,False,False,Auto-generated sample description for Music video.
lxJeVrrMkvr,24.20.04,Behind the Scenes: Film & Animation,Channel_1887,5,2024-04-20T08:00:00.000Z,live|music|official,5510,409,25,82,https://i.ytimg.com/vi/3nfdI_9kcM6/default.jpg,False,False,False,Auto-generated sample description for Film & Animation video.
SKPJdnTzF38,24.25.08,Reacting to Music Trends,Channel_1927,8,2024-08-23T02:00:00.000Z,live|2024|vlog,14368,538,78,50,https://i.ytimg.com/vi/zEh2gQU8qoz/default.jpg,False,False,False,Auto-generated sample description for Music video.
mKpKbinXm3K,24.25.08,Official Music Highlights,Channel_4604,8,2024-08-22T05:00:00.000Z,music|official|trending,69605,5302,649,1279,https://i.ytimg.com/vi/6i5X4mAm_U-/default.jpg,False,False,False,Auto-generated sample description for Music video.
7l5_GJj5ZGk,25.22.01,Official Music Highlights,Channel_525,4,2025-01-22T13:00:00.000Z,2024|music|official,108989,8521,853,1138,https://i.ytimg.com/vi/_wFqFC4IrNk/default.jpg,False,False,False,Auto-generated sample description for Music video.
v-cXJcFonEq,24.05.10,Top 10 Film & Animation Moments This Week,Channel_3920,19,2024-10-05T19:00:00.000Z,trending|2024|official,13342,754,13,124,https://i.ytimg.com/vi/APTt9h7heyY/default.jpg,False,False,False,Auto-generated sample description for Film & Animation video.
YmjCRIc1R_6,24.12.10,Why This Nonprofits & Activism Video Went Viral,Channel_22,14,2024-10-10T14:00:00.000Z,music|review|official,24584,600,116,142,https://i.ytimg.com/vi/ZTB_z5MnPow/default.jpg,False,False,False,Auto-generated sample description for Nonprofits & Activism video.
kZnHvLAo67X,24.01.10,Pets & Animals Compilation 2024,Channel_1497,12,2024-09-29T02:00:00.000Z,2024|live|review,17417,504,115,208,https://i.ytimg.com/vi/VpK28iiCcQC/default.jpg,False,False,False,Auto-generated sample description for Pets & Animals video.
XbIdm041MXq,24.15.03,Official Music Highlights,Channel_837,8,2024-03-15T18:00:00.000Z,review|live|2024,192593,12897,1671,3100,https://i.ytimg.com/vi/cLDFLg9JuTW/default.jpg,False,False,False,Auto-generated sample description for Music video.
8lrWGGVETxp,24.21.07,Behind the Scenes: Music,Channel_12,8,2024-07-18T00:00:00.000Z,official|2024|music,162223,6948,744,2699,https://i.ytimg.com/vi/YYki0-Alnf7/default.jpg,False,False,False,Auto-generated sample description for Music video.
gw9dEAAD6x4,24.02.06,Official News & Politics Highlights,Channel_3551,2,2024-05-30T11:00:00.000Z,vlog|2024|music,816,18,1,15,https://i.ytimg.com/vi/JVpsS2EtGpQ/default.jpg,False,False,False,Auto-generated sample description for News & Politics video.
P6u0bxggfEi,24.12.07,Top 10 Music Moments This Week,Channel_3112,8,2024-07-11T13:00:00.000Z,review|vlog|2024,35680,730,123,280,https://i.ytimg.com/vi/BFu-MysCq6e/default.jpg,False,False,False,Auto-generated sample description for Music video.
Ea8CBE3kxyT,24.05.03,Why This Music Video Went Viral,Channel_4933,8,2024-03-02T01:00:00.000Z,official|vlog|live,27197,340,258,481,https://i.ytimg.com/vi/MdRKAdl-_l7/default.jpg,False,False,False,Auto-generated sample description for Music video.
DALuc6uEIBX,24.25.08,Behind the Scenes: Music,Channel_3158,4,2024-08-22T16:00:00.000Z,official|review|trending,157481,10188,111,2237,https://i.ytimg.com/vi/tE4t2LUIEiq/default.jpg,False,False,False,Auto-generated sample description for Music video.
_XhdVpIbKRY,24.10.06,Reacting to Gaming Trends,Channel_802,17,2024-06-06T07:00:00.000Z,vlog|review|2024,1568,34,14,18,https://i.ytimg.com/vi/s2UsbM21nku/default.jpg,False,False,False,Auto-generated sample description for Gaming video.
VIIG_jA9O71,24.24.12,Official Music Highlights,Channel_3089,8,2024-12-20T03:00:00.000Z,live|2024|music,1849956,77183,8764,36102,https://i.ytimg.com/vi/y8EwFTH0b8Z/default.jpg,False,False,False,Auto-generated sample description for Music video.
6BtUJQARHyY,24.03.05,Music Compilation 2024,Channel_2117,4,2024-05-02T03:00:00.000Z,vlog|trending|2024,7805,299,15,26,https://i.ytimg.com/vi/mdqClKvSE6s/default.jpg,False,False,False,Auto-generated sample description for Music video.
EmR0am73kg_,24.23.03,Why This Music Video Went Viral,Channel_2591,8,2024-03-19T11:00:00.000Z,2024|official|music,311699,10985,2402,1402,https://i.ytimg.com/vi/XiEUb1YIL7g/default.jpg,False,False,False,Auto-generated sample description for Music video.
qe1x7YWGxho,24.09.08,Why This Music Video Went Viral,Channel_4888,4,2024-08-07T22:00:00.000Z,music|official|live,122293,8516,626,1584,https://i.ytimg.com/vi/SWRhqlb3RWy/default.jpg,False,False,False,Auto-generated sample description for Music video.
rNkSLCaTuaA,25.15.01,Music Compilation 2024,Channel_4534,4,2025-01-11T19:00:00.000Z,2024|official|live,91725,5590,780,1256,https://i.ytimg.com/vi/2DRvFvS0TTh/default.jpg,False,False,False,Auto-generated sample description for Music video.
rqO4-txO0Ty,24.29.08,Reacting to Education Trends,Channel_4181,3,2024-08-27T03:00:00.000Z,2024|official|live,1074,34,6,2,https://i.ytimg.com/vi/n61M5MX0BWK/default.jpg,False,False,False,Auto-generated sample description for Education video.
O-JP0Slubcz,24.09.11,Music Compilation 2024,Channel_732,8,2024-11-07T09:00:00.000Z,review|live|music,12839,954,19,126,https://i.ytimg.com/vi/VrCyrM18wTA/default.jpg,False,False,False,Auto-generated sample description for Music video.
db6ZSyyDsg7,25.07.01,Behind the Scenes: Music,Channel_804,4,2025-01-03T15:00:00.000Z,2024|music|live,4710,219,32,18,https://i.ytimg.com/vi/nTefDOa45_c/default.jpg,False,False,False,Auto-generated sample description for Music video.
QKUJC25Le9s,24.26.09,Behind the Scenes: Howto & Style,Channel_1020,20,2024-09-24T11:00:00.000Z,vlog|trending|2024,16527,1182,98,219,https://i.ytimg.com/vi/eHrrsNwQOt-/default.jpg,False,False,False,Auto-generated sample description for Howto & Style video.
KTpq-QIZWjb,24.26.11,Why This Film & Animation Video Went Viral,Channel_1820,5,2024-11-26T16:00:00.000Z,music|review|2024,795,35,2,8,https://i.ytimg.com/vi/zDcxeMPrLQW/default.jpg,False,False,False,Auto-generated sample description for Film & Animation video.
aETLM4IMqdA,24.13.10,Top 10 Music Moments This Week,Channel_4094,4,2024-10-11T02:00:00.000Z,2024|vlog|music,1408058,88255,11033,3426,https://i.ytimg.com/vi/vJCtNQiR_PI/default.jpg,False,False,False,Auto-generated sample description for Music video.
BfB0p_lsNSm,24.16.09,Why This Music Video Went Viral,Channel_226,8,2024-09-13T02:00:00.000Z,live|music|2024,18954,856,82,167,https://i.ytimg.com/vi/4A6YWbQsI49/default.jpg,False,False,False,Auto-generated sample description for Music video.
M0sOLxvF8h9,24.28.10,Why This Howto & Style Video Went Viral,Channel_103,20,2024-10-27T14:00:00.000Z,2024|music|vlog,977,26,3,16,https://i.ytimg.com/vi/_8vQYG0PAMX/default.jpg,False,False,False,Auto-generated sample description for Howto & Style video.
GXpNZfp2LRR,25.25.01,Top 10 Music Moments This Week,Channel_4708,4,2025-01-24T11:00:00.000Z,review|official|music,9943,540,90,100,https://i.ytimg.com/vi/c1QZrBeWC3Q/default.jpg,False,False,False,Auto-generated sample description for Music video.
3-uamcAFEjt,24.29.06,Official Gaming Highlights,Channel_1490,17,2024-06-25T00:00:00.000Z,music|vlog|review,12419,615,55,8,https://i.ytimg.com/vi/xp7NYRAqafu/default.jpg,False,False,False,Auto-generated sample description for Gaming video.
khBfGVBS4G0,24.18.07,Reacting to Music Trends,Channel_471,8,2024-07-14T07:00:00.000Z,live|2024|music,77566,5454,542,527,https://i.ytimg.com/vi/DQInABmU2x2/default.jpg,False,False,False,Auto-generated sample description for Music video.
fGUPMYH2JWn,24.17.03,Why This Music Video Went Viral,Channel_1113,4,2024-03-14T00:00:00.000Z,review|official|2024,64205,4324,301,1171,https://i.ytimg.com/vi/7-7Usb909Sp/default.jpg,False,False,False,Auto-generated sample description for Music video.
Yp_P01w40rG,25.23.01,Top 10 Music Moments This Week,Channel_1638,4,2025-01-23T00:00:00.000Z,vlog|review|trending,30801,896,274,468,https://i.ytimg.com/vi/oa50_3Un18T/default.jpg,False,False,False,Auto-generated sample description for Music video.
z6nH1icR5wh,24.02.03,Music Compilation 2024,Channel_193,4,2024-03-02T19:00:00.000Z,vlog|live|official,24264,907,65,434,https://i.ytimg.com/vi/wniE1ifoyOo/default.jpg,False,False,False,Auto-generated sample description for Music video.
ebE-hD3rpQ6,24.07.12,Official Music Highlights,Channel_1137,8,2024-12-04T00:00:00.000Z,vlog|2024|official,154194,2568,233,3053,https://i.ytimg.com/vi/CmaW0AVTHPa/default.jpg,False,False,False,Auto-generated sample description for Music video.
OkJxATS025v,24.02.05,Reacting to Education Trends,Channel_4748,10,2024-04-28T08:00:00.000Z,official|2024|live,11501,186,42,19,https://i.ytimg.com/vi/4fLzQ34LrDb/default.jpg,False,False,False,Auto-generated sample description for Education video.
z4RACubfKjA,24.05.10,Music Compilation 2024,Channel_474,8,2024-10-05T05:00:00.000Z,music|trending|vlog,34922,385,167,674,https://i.ytimg.com/vi/uH02rXYbMPk/default.jpg,False,False,False,Auto-generated sample description for Music video.
_ba2-NN-gEj,24.19.11,Behind the Scenes: Pets & Animals,Channel_734,1,2024-11-19T05:00:00.000Z,review|trending|music,4964,375,34,68,https://i.ytimg.com/vi/Vhid4vexNik/default.jpg,False,False,False,Auto-generated sample description for Pets & Animals video.
83B2iXsfdBk,24.04.06,Why This Education Video Went Viral,Channel_2321,10,2024-05-31T11:00:00.000Z,trending|music|2024,12537,788,47,126,https://i.ytimg.com/vi/-8fZaTrrbxH/default.jpg,False,False,False,Auto-generated sample description for Education video.
5gmXGjf24dJ,25.31.01,Why This Film & Animation Video Went Viral,Channel_1635,19,2025-01-30T13:00:00.000Z,live|2024|official,6845,500,14,20,https://i.ytimg.com/vi/CqwI21vBDYn/default.jpg,False,False,False,Auto-generated sample description for Film & Animation video.
8-xQJC-MezS,24.13.04,Behind the Scenes: Pets & Animals,Channel_1577,1,2024-04-13T21:00:00.000Z,review|2024|music,1232,55,11,24,https://i.ytimg.com/vi/E5MldgHb6-T/default.jpg,False,False,False,Auto-generated sample description for Pets & Animals video.
jS7teoJBIC1,24.19.12,Reacting to Music Trends,Channel_2317,4,2024-12-15T12:00:00.000Z,vlog|live|official,17482,732,115,96,https://i.ytimg.com/vi/yeTHTUV8PiN/default.jpg,False,False,False,Auto-generated sample description for Music video.
fj0Pdia5I51,24.14.06,Official Music Highlights,Channel_4729,4,2024-06-14T12:00:00.000Z,live|review|official,24872,874,80,254,https://i.ytimg.com/vi/IFizQkRqq4s/default.jpg,False,False,False,Auto-generated sample description for Music video.
z4o9lOFOPaK,24.22.03,Top 10 Music Moments This Week,Channel_1556,8,2024-03-19T19:00:00.000Z,vlog|trending|review,29467,2217,131,209,https://i.ytimg.com/vi/1QQLHYYCZ8v/default.jpg,False,True,False,Auto-generated sample description for Music video.
JIumBMJpCOX,24.15.06,Official Music Highlights,Channel_1976,8,2024-06-14T14:00:00.000Z,vlog|review|music,17389,800,85,17,https://i.ytimg.com/vi/KtPQe9SCoed/default.jpg,False,False,False,Auto-generated sample description for Music video.
fdu2mKclBdD,24.15.02,Reacting to News & Politics Trends,Channel_3373,18,2024-02-13T00:00:00.000Z,vlog|trending|2024,34457,1306,335,261,https://i.ytimg.com/vi/WSeZq0yMlsg/default.jpg,False,False,False,Auto-generated sample description for News & Politics video.
TaYTJGsK8pZ,24.03.08,Official Travel & Events Highlights,Channel_4480,16,2024-08-03T22:00:00.000Z,live|review|2024,1141,51,1,2,https://i.ytimg.com/vi/SrN-jUC0uow/default.jpg,False,False,False,Auto-generated sample description for Travel & Events video.
61qsDUVHcUn,24.04.04,Reacting to News & Politics Trends,Channel_1348,2,2024-04-01T05:00:00.000Z,vlog|review|official,14230,332,117,220,https://i.ytimg.com/vi/aXMbevDm88h/default.jpg,False,False,False,Auto-generated sample description for News & Politics video.
cFan78pjrsm,24.23.11,Official Music Highlights,Channel_1056,8,2024-11-20T01:00:00.000Z,review|trending|live,9308,138,44,185,https://i.ytimg.com/vi/ssw1aE2hwj4/default.jpg,False,False,False,Auto-generated sample description for Music video.
CkngAs_lieO,24.16.01,Reacting to News & Politics Trends,Channel_2212,18,2024-01-14T13:00:00.000Z,music|official|vlog,15836,680,155,257,https://i.ytimg.com/vi/xrzmNjM6z12/default.jpg,False,False,False,Auto-generated sample description for News & Politics video.
f3yf4nNl5CF,24.08.04,Music Compilation 2024,Channel_1364,4,2024-04-05T01:00:00.000Z,review|trending|official,38215,3005,288,51,https://i.ytimg.com/vi/l3Nl42kZfNp/default.jpg,False,False,False,Auto-generated sample description for Music video.
JnR32HJ6cM_,25.26.01,Top 10 Music Moments This Week,Channel_4885,4,2025-01-25T21:00:00.000Z,trending|official|music,81923,2526,245,735,https://i.ytimg.com/vi/JkurQ9kZTXa/default.jpg,False,False,False,Auto-generated sample description for Music video.
jwm7LfipBdr,24.12.08,Top 10 Music Moments This Week,Channel_1668,8,2024-08-09T00:00:00.000Z,vlog|2024|official,548699,34952,602,4969,https://i.ytimg.com/vi/O4w7hbhrsO1/default.jpg,False,False,False,Auto-generated sample description for Music video.
gSaMktFqtCB,24.04.02,Behind the Scenes: Music,Channel_237,4,2024-02-01T06:00:00.000Z,review|official|trending,16391,677,82,171,https://i.ytimg.com/vi/e6BzfW2imu8/default.jpg,False,False,False,Auto-generated sample description for Music video.
bpeyJoEmEf-,24.18.06,Reacting to Music Trends,Channel_2712,4,2024-06-18T22:00:00.000Z,2024|trending|live,112891,1207,1090,974,https://i.ytimg.com/vi/97vN_jeiWS4/default.jpg,False,False,False,Auto-generated sample description for Music video.
YNOYhOuiBxv,24.16.09,Reacting to Howto & Style Trends,Channel_406,20,2024-09-13T17:00:00.000Z,vlog|trending|live,38076,1837,111,371,https://i.ytimg.com/vi/EsO30YSZ3l-/default.jpg,False,False,False,Auto-generated sample description for Howto & Style video.
hC7VWzln4J_,24.05.03,Why This Music Video Went Viral,Channel_3077,4,2024-03-05T14:00:00.000Z,live|music|trending,225803,17502,1226,359,https://i.ytimg.com/vi/TZyOBHWhmcv/default.jpg,False,False,False,Auto-generated sample description for Music video.
ya1tFFIp0I2,24.16.12,Official Music Highlights,Channel_3194,4,2024-12-14T08:00:00.000Z,vlog|live|review,50237,531,462,227,https://i.ytimg.com/vi/dF3CPXUOE8H/default.jpg,True,False,False,Auto-generated sample description for Music video.
ePrK9rer7lj,24.05.01,Official Film & Animation Highlights,Channel_2183,19,2024-01-03T05:00:00.000Z,live|vlog|review,41079,2572,206,513,https://i.ytimg.com/vi/zKYqN7DjAQB/default.jpg,False,False,False,Auto-generated sample description for Film & Animation video.
R7cxpV5K8I-,24.23.02,Top 10 Music Moments This Week,Channel_4461,8,2024-02-22T19:00:00.000Z,vlog|official|review,581773,45310,1053,5508,https://i.ytimg.com/vi/4o1jTwH4r9K/default.jpg,False,False,False,Auto-generated sample description for Music video.
BhRvVERRYDl,24.17.02,Behind the Scenes: Music,Channel_4568,8,2024-02-16T05:00:00.000Z,review|vlog|live,38728,2346,120,756,https://i.ytimg.com/vi/ite-DSEf1u2/default.jpg,False,False,False,Auto-generated sample description for Music video.
qswinGWhnuL,24.08.02,Behind the Scenes: Howto & Style,Channel_3313,20,2024-02-07T02:00:00.000Z,music|live|trending,2469,145,10,2,https://i.ytimg.com/vi/eGUkpUacBpe/default.jpg,False,False,False,Auto-generated sample description for Howto & Style video.
9PtusK2Vaex,24.10.07,Top 10 Music Moments This Week,Channel_4632,8,2024-07-08T07:00:00.000Z,vlog|review|trending,66331,4456,553,906,https://i.ytimg.com/vi/syN8ofqTUd5/default.jpg,False,False,False,Auto-generated sample description for Music video.
-8L3fLzhRFW,24.12.11,Behind the Scenes: Music,Channel_2719,4,2024-11-12T07:00:00.000Z,live|trending|review,15701,1200,138,118,https://i.ytimg.com/vi/4GdmW9jaKGg/default.jpg,False,False,False,Auto-generated sample description for Music video.
peRKnC3Dzlm,24.20.09,Why This Music Video Went Viral,Channel_4571,4,2024-09-17T18:00:00.000Z,review|trending|vlog,134706,5891,990,1888,https://i.ytimg.com/vi/shyO0plJea8/default.jpg,False,False,False,Auto-generated sample description for Music video.
PkWP9ZJczkb,24.12.05,Music Compilation 2024,Channel_2478,8,2024-05-09T17:00:00.000Z,trending|2024|live,396082,27213,2177,3771,https://i.ytimg.com/vi/cXCMdcTynF3/default.jpg,False,False,False,Auto-generated sample description for Music video.
ajIk2PEkUbO,24.04.06,Music Compilation 2024,Channel_4240,8,2024-06-04T00:00:00.000Z,music|trending|2024,137085,3172,388,1732,https://i.ytimg.com/vi/HY3x2RzGzZN/default.jpg,False,False,False,Auto-generated sample description for Music video.
tuC_EavUlHR,24.31.01,Official Music Highlights,Channel_4728,8,2024-01-29T12:00:00.000Z,official|vlog|2024,442089,12363,702,8812,https://i.ytimg.com/vi/aQbNBkTxiZI/default.jpg,False,False,False,Auto-generated sample description for Music video.
pNHzx-LFzOn,24.31.05,Top 10 News & Politics Moments This Week,Channel_1066,18,2024-05-29T01:00:00.000Z,review|vlog|music,13863,810,22,241,https://i.ytimg.com/vi/YbyP7L-B42M/default.jpg,False,False,False,Auto-generated sample description for News & Politics video.
POJlCzOsNOD,24.16.07,Official Music Highlights,Channel_3157,8,2024-07-14T18:00:00.000Z,2024|review|music,4855,158,35,32,https://i.ytimg.com/vi/8cErEm3N2CQ/default.jpg,False,False,False,Auto-generated sample description for Music video.
Fm547Y_ph2-,25.26.01,Reacting to Education Trends,Channel_3164,10,2025-01-22T22:00:00.000Z,live|official|review,6846,437,44,91,https://i.ytimg.com/vi/Fco1wDG39Wk/default.jpg,False,False,False,Auto-generated sample description for Education video.
jcunym3l8ei,24.03.02,Music Compilation 2024,Channel_775,4,2024-02-03T09:00:00.000Z,music|live|review,328379,12124,767,2036,https://i.ytimg.com/vi/VU2n2eVXwso/default.jpg,False,False,False,Auto-generated sample description for Music video.
7PXA2mwieBh,24.29.05,Top 10 Music Moments This Week,Channel_2721,8,2024-05-27T17:00:00.000Z,music|review|vlog,60103,1432,595,897,https://i.ytimg.com/vi/_3cgSDoK2rQ/default.jpg,False,False,False,Auto-generated sample description for Music video.
M1Ahxf2zN2t,24.30.12,Official Gaming Highlights,Channel_1190,17,2024-12-26T08:00:00.000Z,official|trending|vlog,5337,117,22,55,https://i.ytimg.com/vi/Mw-_a_RtpRD/default.jpg,False,False,False,Auto-generated sample description for Gaming video.
E3bxhbhx9nr,24.31.07,Behind the Scenes: Music,Channel_1121,8,2024-07-29T18:00:00.000Z,official|trending|music,557708,35746,2354,3644,https://i.ytimg.com/vi/txowdrJ3SCM/default.jpg,False,False,False,Auto-generated sample description for Music video.
rI71-XCQNhh,24.02.08,Official Music Highlights,Channel_2733,8,2024-07-31T03:00:00.000Z,trending|official|live,32280,2117,255,390,https://i.ytimg.com/vi/HK1PE3bjImb/default.jpg,False,False,False,Auto-generated sample description for Music video.
ByrYpjkhyeH,24.06.06,Gaming Compilation 2024,Channel_2109,17,2024-06-04T16:00:00.000Z,official|trending|music,4021,293,16,39,https://i.ytimg.com/vi/vPjBUhoZlmM/default.jpg,False,False,False,Auto-generated sample description for Gaming video.
tmciKHugDjn,25.01.01,Nonprofits & Activism Compilation 2024,Channel_4089,14,2024-12-28T01:00:00.000Z,vlog|music|2024,2587,130,3,15,https://i.ytimg.com/vi/tMTdtydX3WK/default.jpg,False,False,False,Auto-generated sample description for Nonprofits & Activism video.
Yl_G3VOUMcu,24.11.02,Science & Technology Compilation 2024,Channel_596,11,2024-02-09T12:00:00.000Z,music|vlog|trending,988,64,8,13,https://i.ytimg.com/vi/bgeCmrduPos/default.jpg,False,False,False,Auto-generated sample description for Science & Technology video.
aXOLi1VzRwr,24.16.07,Music Compilation 2024,Channel_4940,4,2024-07-16T22:00:00.000Z,review|vlog|official,7911,588,61,109,https://i.ytimg.com/vi/ghINuKl67ij/default.jpg,False,False,False,Auto-generated sample description for Music video.
27ZENu8uxTu,25.23.01,Official Education Highlights,Channel_566,10,2025-01-20T12:00:00.000Z,vlog|music|2024,4963,139,3,3,https://i.ytimg.com/vi/dEhR4KZpGo4/default.jpg,False,False,False,Auto-generated sample description for Education video.
n8AIXtYp2tB,24.19.06,Reacting to Music Trends,Channel_1621,4,2024-06-15T20:00:00.000Z,trending|review|official,30621,421,250,300,https://i.ytimg.com/vi/QYTcMG09eUd/default.jpg,False,False,False,Auto-generated sample description for Music video.
tl-rJFFcI1U,25.28.01,Official Education Highlights,Channel_142,3,2025-01-24T00:00:00.000Z,2024|vlog|official,7371,321,30,24,https://i.ytimg.com/vi/fHwOtqi2ju5/default.jpg,False,False,False,Auto-generated sample description for Education video.
vSfapCikQgf,24.11.02,Gaming Compilation 2024,Channel_196,17,2024-02-08T14:00:00.000Z,vlog|trending|2024,49653,880,45,158,https://i.ytimg.com/vi/JhWHSxsnNLB/default.jpg,False,False,False,Auto-generated sample description for Gaming video.
w6Ip1tEE97X,24.04.09,Behind the Scenes: Music,Channel_1514,8,2024-09-04T18:00:00.000Z,review|live|2024,8203,316,13,44,https://i.ytimg.com/vi/oZ_ew-nkJ9v/default.jpg,False,False,False,Auto-generated sample description for Music video.
1MNlwvwvcyK,24.18.06,Why This Music Video Went Viral,Channel_3069,4,2024-06-17T17:00:00.000Z,trending|review|vlog,31922,346,105,554,https://i.ytimg.com/vi/crGe09R6CmX/default.jpg,False,False,False,Auto-generated sample description for Music video.
3JN66DOsH_N,24.21.11,Why This Music Video Went Viral,Channel_1622,4,2024-11-17T06:00:00.000Z,music|live|official,3991,110,2,74,https://i.ytimg.com/vi/j9G-NinpSdb/default.jpg,False,False,False,Auto-generated sample description for Music video.
5JMDCugHl_o,24.09.10,Reacting to Music Trends,Channel_3972,8,2024-10-05T03:00:00.000Z,trending|vlog|music,6965,277,15,133,https://i.ytimg.com/vi/PFGH5-txpuW/default.jpg,False,False,False,Auto-generated sample description for Music video.
bMk9cLAGLAU,24.21.04,Science & Technology Compilation 2024,Channel_3266,11,2024-04-17T09:00:00.000Z,vlog|trending|review,786,27,1,4,https://i.ytimg.com/vi/u-MH4wMjbki/default.jpg,False,False,False,Auto-generated sample description for Science & Technology video.
V1yq9E14XFh,24.09.01,Reacting to Music Trends,Channel_214,8,2024-01-05T01:00:00.000Z,official|music|trending,65255,2897,35,170,https://i.ytimg.com/vi/mOLPoEvDnjd/default.jpg,False,False,False,Auto-generated sample description for Music video.
OzWrXXD2Utc,24.13.10,Official Gaming Highlights,Channel_3228,17,2024-10-13T14:00:00.000Z,music|official|review,44450,1177,213,246,https://i.ytimg.com/vi/Xp-_IGWjr3c/default.jpg,False,False,False,Auto-generated sample description for Gaming video.
CkM2W33wXNw,24.22.01,Top 10 Music Moments This Week,Channel_2338,8,2024-01-20T00:00:00.000Z,trending|live|official,10743,416,94,95,https://i.ytimg.com/vi/stO3j7sWrBL/default.jpg,False,False,False,Auto-generated sample description for Music video.
S6vHT9ZJ79F,24.12.04,Behind the Scenes: Music,Channel_4179,8,2024-04-11T00:00:00.000Z,2024|official|live,1132,51,7,19,https://i.ytimg.com/vi/1eqVY8y524-/default.jpg,False,False,False,Auto-generated sample description for Music video.
R8S6ijx18n1,24.24.10,Behind the Scenes: Film & Animation,Channel_1955,19,2024-10-23T15:00:00.000Z,2024|music|live,7969,270,8,51,https://i.ytimg.com/vi/FSvd8JloYx9/default.jpg,False,False,False,Auto-generated sample description for Film & Animation video.
WxPccDDURMQ,24.26.04,Behind the Scenes: Music,Channel_4084,8,2024-04-24T14:00:00.000Z,music|trending|review,98961,3762,547,116,https://i.ytimg.com/vi/OqdeSTZvjE4/default.jpg,False,False,False,Auto-generated sample description for Music video.
ItJlS7nFacb,25.01.02,Official Film & Animation Highlights,Channel_587,5,2025-01-28T15:00:00.000Z,review|2024|trending,56628,3608,206,655,https://i.ytimg.com/vi/LzvdrBXfZjN/default.jpg,False,False,False,Auto-generated sample description for Film & Animation video.
G_5IYw7irrz,24.07.01,Top 10 Film & Animation Moments This Week,Channel_4921,19,2024-01-03T22:00:00.000Z,official|music|2024,866,66,5,17,https://i.ytimg.com/vi/7dNfeWtUJ9T/default.jpg,False,False,False,Auto-generated sample description for Film & Animation video.
b_u6EwBC3mJ,24.30.06,Why This Music Video Went Viral,Channel_3824,4,2024-06-29T13:00:00.000Z,vlog|music|review,41592,3103,86,807,https://i.ytimg.com/vi/4XZPwPj9wGS/default.jpg,False,False,False,Auto-generated sample description for Music video.
h38RQAMf1g2,24.05.07,Top 10 Science & Technology Moments This Week,Channel_2411,11,2024-07-04T15:00:00.000Z,live|review|official,7082,366,66,31,https://i.ytimg.com/vi/ZdzHo5cj5gm/default.jpg,False,False,False,Auto-generated sample description for Science & Technology video.
oDSBoLxja7x,24.24.09,Music Compilation 2024,Channel_50,4,2024-09-24T15:00:00.000Z,review|live|trending,441764,6521,229,243,https://i.ytimg.com/vi/y-uSEqrEwLZ/default.jpg,False,False,False,Auto-generated sample description for Music video.
-42kQBbey7b,24.22.08,Reacting to Music Trends,Channel_1406,8,2024-08-20T03:00:00.000Z,review|vlog|music,22010,1116,74,299,https://i.ytimg.com/vi/s9l3UdSE7cg/default.jpg,False,False,False,Auto-generated sample description for Music video.
2GQq3zblOEz,24.08.06,Film & Animation Compilation 2024,Channel_169,19,2024-06-05T07:00:00.000Z,vlog|2024|music,7332,476,10,142,https://i.ytimg.com/vi/6GZCItY1AlN/default.jpg,False,False,False,Auto-generated sample description for Film & Animation video.
1mw_rCX8QBf,24.11.08,Official Music Highlights,Channel_2582,4,2024-08-11T04:00:00.000Z,vlog|review|live,8691,568,47,143,https://i.ytimg.com/vi/JntbBy9Kp2K/default.jpg,False,False,False,Auto-generated sample description for Music video.
LYLkmGuyYhX,24.14.06,Why This Music Video Went Viral,Channel_3036,4,2024-06-13T06:00:00.000Z,music|review|official,179335,9500,580,782,https://i.ytimg.com/vi/AojsfvBV3y-/default.jpg,False,True,False,Auto-generated sample description for Music video.
t9lM1TwjvaS,24.11.10,Science & Technology Compilation 2024,Channel_1047,11,2024-10-09T05:00:00.000Z,vlog|review|live,16923,1295,85,145,https://i.ytimg.com/vi/bd-RJ6VTR3E/default.jpg,False,False,False,Auto-generated sample description for Science & Technology video.
yxZcfsr3WqU,24.15.02,Official Travel & Events Highlights,Channel_4021,16,2024-02-13T20:00:00.000Z,live|official|review,1259,64,1,12,https://i.ytimg.com/vi/UN6CLU4yLN5/default.jpg,False,False,False,Auto-generated sample description for Travel & Events video.
gFfJmfFCud-,24.25.09,News & Politics Compilation 2024,Channel_2205,18,2024-09-24T10:00:00.000Z,vlog|2024|trending,22014,1760,128,345,https://i.ytimg.com/vi/QL-dG56jzvN/default.jpg,False,False,False,Auto-generated sample description for News & Politics video.
cs5C30NaanK,25.04.02,Science & Technology Compilation 2024,Channel_2835,11,2025-02-01T15:00:00.000Z,official|vlog|trending,8686,134,37,100,https://i.ytimg.com/vi/BtFPoAEzmWs/default.jpg,False,False,False,Auto-generated sample description for Science & Technology video.
UP3B9buzY7O,24.18.01,Top 10 Music Moments This Week,Channel_4399,8,2024-01-16T05:00:00.000Z,2024|review|music,20086,1084,112,29,https://i.ytimg.com/vi/L6BZKDO2HF5/default.jpg,False,False,False,Auto-generated sample description for Music video.
uNlBKMuJ7Ym,24.13.11,Film & Animation Compilation 2024,Channel_4249,5,2024-11-10T10:00:00.000Z,music|trending|live,23570,1827,100,174,https://i.ytimg.com/vi/IJHDJHV9iru/default.jpg,False,False,False,Auto-generated sample description for Film & Animation video.
Inb7THMBVaq,24.19.04,Why This News & Politics Video Went Viral,Channel_914,18,2024-04-19T16:00:00.000Z,live|trending|2024,4947,260,30,11,https://i.ytimg.com/vi/EumNTAYCRwG/default.jpg,False,False,False,Auto-generated sample description for News & Politics video.
XQoZ9Nly2RM,24.10.03,Why This Gaming Video Went Viral,Channel_1152,17,2024-03-08T02:00:00.000Z,review|music|vlog,7311,238,12,124,https://i.ytimg.com/vi/L_qSeEgOxuL/default.jpg,True,False,False,Auto-generated sample description for Gaming video.
jDH0nDSf-Wx,25.29.01,Music Compilation 2024,Channel_4228,4,2025-01-28T05:00:00.000Z,vlog|live|2024,87939,5427,276,180,https://i.ytimg.com/vi/AYV5Zz4DB-r/default.jpg,False,False,False,Auto-generated sample description for Music video.
_y8fxwDSX8U,24.31.12,Reacting to Science & Technology Trends,Channel_1262,11,2024-12-29T08:00:00.000Z,music|2024|review,17945,315,137,258,https://i.ytimg.com/vi/Z-SYRKM-bLI/default.jpg,False,False,False,Auto-generated sample description for Science & Technology video.
6WHYVwoCbCO,24.30.03,Reacting to Music Trends,Channel_183,8,2024-03-30T02:00:00.000Z,live|music|review,534109,38961,782,10518,https://i.ytimg.com/vi/ElRuAqQ5-U9/default.jpg,False,False,False,Auto-generated sample description for Music video.
rJlvEuk_tIA,24.03.09,Reacting to News & Politics Trends,Channel_1420,2,2024-09-03T00:00:00.000Z,trending|music|2024,17838,1084,145,300,https://i.ytimg.com/vi/HTsSV3NtL3y/default.jpg,False,False,False,Auto-generated sample description for News & Politics video.
c1QgogxSMzO,24.26.12,Gaming Compilation 2024,Channel_3106,17,2024-12-26T01:00:00.000Z,2024|official|trending,44209,3302,266,739,https://i.ytimg.com/vi/XIGZUVxuC_s/default.jpg,False,False,False,Auto-generated sample description for Gaming video.
-1zWbhVJgY2,24.28.03,Top 10 Pets & Animals Moments This Week,Channel_3708,12,2024-03-25T15:00:00.000Z,official|live|trending,992,11,2,4,https://i.ytimg.com/vi/U_DXV7LXWO3/default.jpg,False,False,False,Auto-generated sample description for Pets & Animals video.
ON5-Kck-5_y,24.03.06,Official Autos & Vehicles Highlights,Channel_4025,15,2024-06-02T04:00:00.000Z,review|vlog|official,36098,655,276,321,https://i.ytimg.com/vi/vjnopg6m2Ib/default.jpg,False,False,False,Auto-generated sample description for Autos & Vehicles video.
Y0pKGs6UyAH,24.12.02,Top 10 Music Moments This Week,Channel_3096,8,2024-02-09T20:00:00.000Z,official|review|2024,14178,488,102,177,https://i.ytimg.com/vi/LXMGjHcU-ng/default.jpg,False,False,False,Auto-generated sample description for Music video.
6RUFrvpqRb9,24.21.01,Top 10 Film & Animation Moments This Week,Channel_2137,5,2024-01-21T08:00:00.000Z,trending|vlog|live,21360,1701,105,420,https://i.ytimg.com/vi/lURIHgkju1k/default.jpg,False,False,False,Auto-generated sample description for Film & Animation video.
yDRTb44CvpO,24.11.03,Top 10 Film & Animation Moments This Week,Channel_2727,19,2024-03-08T04:00:00.000Z,vlog|trending|live,30486,1875,21,377,https://i.ytimg.com/vi/wPOg0tO8jrR/default.jpg,False,False,False,
vdhRl4cHrjB,24.11.01,Why This Pets & Animals Video Went Viral,Channel_2860,6,2024-01-10T17:00:00.000Z,review|music|trending,6638,107,21,29,https://i.ytimg.com/vi/WCbO0nhL6l6/default.jpg,True,False,False,Auto-generated sample description for Pets & Animals video.
7lbeHBA0QGL,25.01.02,Top 10 Film & Animation Moments This Week,Channel_3880,19,2025-02-01T02:00:00.000Z,music|trending|live,27794,581,57,318,https://i.ytimg.com/vi/15wMF4nPi1Y/default.jpg,False,False,False,Auto-generated sample description for Film & Animation video.
dCIH5VqMkg1,25.16.01,Gaming Compilation 2024,Channel_1846,17,2025-01-13T13:00:00.000Z,trending|official|live,32168,2372,253,274,https://i.ytimg.com/vi/6Fb60_ObpVS/default.jpg,False,False,False,Auto-generated sample description for Gaming video.
YPgmfA1Nuvs,24.04.06,Top 10 Music Moments This Week,Channel_2439,4,2024-06-04T00:00:00.000Z,vlog|live|official,1068694,70002,9911,16131,https://i.ytimg.com/vi/xTOFC7QO_lz/default.jpg,False,False,False,Auto-generated sample description for Music video.
Ju6LTO2-L19,24.24.01,Behind the Scenes: Music,Channel_581,4,2024-01-22T12:00:00.000Z,vlog|music|live,687367,46690,5944,13528,https://i.ytimg.com/vi/RTiO1iVO05Q/default.jpg,False,False,False,Auto-generated sample description for Music video.
hYY2H3jNuX8,24.22.07,Reacting to Gaming Trends,Channel_4166,17,2024-07-21T20:00:00.000Z,official|music|2024,60007,2233,538,1158,https://i.ytimg.com/vi/okSBborZDjz/default.jpg,False,False,False,Auto-generated sample description for Gaming video.
lDIW6R5aoxB,24.23.03,Music Compilation 2024,Channel_828,8,2024-03-20T18:00:00.000Z,vlog|2024|trending,9806,142,25,183,https://i.ytimg.com/vi/ObSAEcM2Pb6/default.jpg,False,False,False,Auto-generated sample description for Music video.
96OiGjFZuq6,24.10.06,Reacting to Music Trends,Channel_2516,4,2024-06-07T11:00:00.000Z,review|live|2024,15686,1078,71,144,https://i.ytimg.com/vi/OijwjJyjksE/default.jpg,False,False,False,Auto-generated sample description for Music video.
bpcCpMWa0V5,24.23.07,Top 10 Education Moments This Week,Channel_326,3,2024-07-22T02:00:00.000Z,trending|review|live,112542,6006,209,1974,https://i.ytimg.com/vi/7lp-8WE01aa/default.jpg,False,False,False,Auto-generated sample description for Education video.
2IyazVW0vVC,24.10.07,Official Autos & Vehicles Highlights,Channel_3572,13,2024-07-09T17:00:00.000Z,music|trending|review,2595,48,20,12,https://i.ytimg.com/vi/W5KTvGaBDA_/default.jpg,False,False,False,Auto-generated sample description for Autos & Vehicles video.
KMSi9E-6A6X,24.01.05,Official Education Highlights,Channel_4505,10,2024-04-30T15:00:00.000Z,live|review|official,2384,187,12,18,https://i.ytimg.com/vi/rjcLimmTlXW/default.jpg,False,False,False,Auto-generated sample description for Education video.
noccfJp9whu,24.18.06,Top 10 Music Moments This Week,Channel_2838,8,2024-06-14T05:00:00.000Z,music|review|2024,65088,1347,349,586,https://i.ytimg.com/vi/jxhw1djOnRt/default.jpg,False,False,False,Auto-generated sample description for Music video.
1tV4O6Swd-o,25.17.01,Behind the Scenes: Gaming,Channel_2274,17,2025-01-16T14:00:00.000Z,2024|music|review,13043,258,111,20,https://i.ytimg.com/vi/qqPl44v7hkf/default.jpg,False,False,False,Auto-generated sample description for Gaming video.
YbhPeITQGcq,24.01.06,Behind the Scenes: Film & Animation,Channel_2919,5,2024-05-28T14:00:00.000Z,official|vlog|live,3689,271,8,3,https://i.ytimg.com/vi/1YnGyf_XWYc/default.jpg,False,False,False,Auto-generated sample description for Film & Animation video.
O-Xj6CdnefT,24.02.11,Why This Gaming Video Went Viral,Channel_2705,17,2024-11-02T11:00:00.000Z,review|2024|live,20033,1440,174,186,https://i.ytimg.com/vi/vm7MX1BqVzg/default.jpg,False,False,False,Auto-generated sample description for Gaming video.
8epHfXn2FXn,24.24.06,Why This Music Video Went Viral,Channel_3276,8,2024-06-20T09:00:00.000Z,official|2024|review,34351,2584,202,471,https://i.ytimg.com/vi/j1ashYsTeVU/default.jpg,False,False,False,Auto-generated sample description for Music video.
JcF_sJN77br,25.05.01,Gaming Compilation 2024,Channel_3183,17,2025-01-05T00:00:00.000Z,2024|trending|review,3413,215,20,32,https://i.ytimg.com/vi/LEaQjqNZbRk/default.jpg,False,False,False,Auto-generated sample description for Gaming video.
MaY9kLlJn5E,24.11.04,Official Music Highlights,Channel_2609,4,2024-04-08T03:00:00.000Z,live|review|vlog,614389,7612,3717,2353,https://i.ytimg.com/vi/AA0_FWyDWU3/default.jpg,False,False,False,Auto-generated sample description for Music video.
k-ih84zbuAh,24.27.04,Official Music Highlights,Channel_320,4,2024-04-26T10:00:00.000Z,2024|review|trending,11995,191,22,132,https://i.ytimg.com/vi/AUc8BcysR4i/default.jpg,False,False,False,Auto-generated sample description for Music video.
jj0s4rcquAw,24.23.05,Top 10 Travel & Events Moments This Week,Channel_2106,16,2024-05-19T01:00:00.000Z,music|review|vlog,7385,365,12,146,https://i.ytimg.com/vi/UEIgWIwl3lH/default.jpg,False,False,False,Auto-generated sample description for Travel & Events video.
fgG8trDk8ab,24.02.11,Behind the Scenes: Music,Channel_3114,8,2024-10-30T18:00:00.000Z,review|official|vlog,54789,3857,535,766,https://i.ytimg.com/vi/fHob0Yh7Bu1/default.jpg,False,False,False,
o0vE45mJLzJ,24.18.06,Behind the Scenes: Autos & Vehicles,Channel_4739,13,2024-06-15T03:00:00.000Z,official|trending|review,16988,279,86,119,https://i.ytimg.com/vi/ehkl_DapfzM/default.jpg,False,False,False,Auto-generated sample description for Autos & Vehicles video.
yH908c6GSHG,24.04.04,Behind the Scenes: News & Politics,Channel_1105,2,2024-04-01T04:00:00.000Z,vlog|review|live,937,12,3,6,https://i.ytimg.com/vi/BoWFHg-tHhz/default.jpg,False,False,False,Auto-generated sample description for News & Politics video.
NF8WZDMmKhS,24.30.07,Why This Music Video Went Viral,Channel_4301,4,2024-07-29T02:00:00.000Z,live|2024|trending,10177,340,9,16,https://i.ytimg.com/vi/3odZGEwSdTF/default.jpg,False,False,False,Auto-generated sample description for Music video.
OJ6dhxVZX2P,24.16.01,Top 10 News & Politics Moments This Week,Channel_1666,2,2024-01-14T12:00:00.000Z,live|vlog|2024,20589,660,187,238,https://i.ytimg.com/vi/WM6SLITeA2Q/default.jpg,False,False,False,Auto-generated sample description for News & Politics video.
aaa7ev9ijJm,24.09.11,Why This Science & Technology Video Went Viral,Channel_2505,11,2024-11-07T07:00:00.000Z,trending|2024|review,11156,160,107,64,https://i.ytimg.com/vi/lC7X1VVkeKj/default.jpg,False,False,False,Auto-generated sample description for Science & Technology video.
e6CbhxopbA9,24.14.12,Official Music Highlights,Channel_1040,4,2024-12-12T10:00:00.000Z,music|trending|vlog,67465,3850,271,622,https://i.ytimg.com/vi/-yWCk1L74Xu/default.jpg,False,False,False,Auto-generated sample description for Music video.
pksBWJ1v8uN,24.02.08,Official Education Highlights,Channel_2469,3,2024-08-01T01:00:00.000Z,vlog|trending|2024,14014,1012,25,151,https://i.ytimg.com/vi/rqnLHcoUN5j/default.jpg,False,False,False,Auto-generated sample description for Education video.
ZOwLdxtzJW4,24.09.06,Why This Music Video Went Viral,Channel_950,4,2024-06-05T18:00:00.000Z,live|music|official,14476,783,73,99,https://i.ytimg.com/vi/HsMA3d7bi8w/default.jpg,False,False,False,Auto-generated sample description for Music video.
Fr72LrmjOr7,24.25.10,Music Compilation 2024,Channel_3352,4,2024-10-25T17:00:00.000Z,music|official|live,37071,2754,205,686,https://i.ytimg.com/vi/lZ-3r3x243E/default.jpg,False,False,False,Auto-generated sample description for Music video.
fYPV6rD2dv5,24.07.07,Top 10 Music Moments This Week,Channel_1025,4,2024-07-06T08:00:00.000Z,live|vlog|2024,141487,4688,1222,2054,https://i.ytimg.com/vi/lRBYWDJ-4K5/default.jpg,False,False,False,Auto-generated sample description for Music video.
rzFjgzEIRrT,24.11.09,Behind the Scenes: Music,Channel_1304,4,2024-09-10T00:00:00.000Z,trending|music|live,21941,888,101,129,https://i.ytimg.com/vi/hIqnGUgxz6S/default.jpg,False,False,False,Auto-generated sample description for Music video.
zP8G3xsXFIN,24.15.11,Reacting to Music Trends,Channel_1094,4,2024-11-14T07:00:00.000Z,trending|music|2024,274925,13598,2670,1412,https://i.ytimg.com/vi/6etKO9N310X/default.jpg,False,False,False,Auto-generated sample description for Music video.
962LJou_wq9,24.22.07,Behind the Scenes: Music,Channel_1010,8,2024-07-20T14:00:00.000Z,2024|review|music,76046,1699,216,1066,https://i.ytimg.com/vi/s3LshWs7ypu/default.jpg,False,False,False,Auto-generated sample description for Music video.
Ba9URhkHgMv,24.18.01,Top 10 Music Moments This Week,Channel_348,4,2024-01-14T15:00:00.000Z,2024|review|live,44296,505,415,149,https://i.ytimg.com/vi/_WHz6787xnX/default.jpg,False,False,False,Auto-generated sample description for Music video.
owbpG4FK3wJ,24.18.04,Why This Music Video Went Viral,Channel_3651,4,2024-04-16T20:00:00.000Z,trending|2024|live,49165,1825,327,572,https://i.ytimg.com/vi/OPHmiSbxZi4/default.jpg,False,False,False,Auto-generated sample description for Music video.
nOwXF-0BKzm,24.17.11,Reacting to News & Politics Trends,Channel_3914,2,2024-11-14T14:00:00.000Z,vlog|official|music,3177,179,22,2,https://i.ytimg.com/vi/lMLkbgkch80/default.jpg,False,False,False,Auto-generated sample description for News & Politics video.
CO_LtBy2kG4,24.11.08,Music Compilation 2024,Channel_4292,4,2024-08-09T03:00:00.000Z,official|music|vlog,44088,3177,180,242,https://i.ytimg.com/vi/2e7yILzdiqU/default.jpg,False,False,False,Auto-generated sample description for Music video.
tUZcktXlcOO,24.22.06,Reacting to Education Trends,Channel_554,3,2024-06-18T21:00:00.000Z,vlog|2024|review,8565,574,60,10,https://i.ytimg.com/vi/9tpZrSOuHyH/default.jpg,False,False,False,Auto-generated sample description for Education video.
PBX24bX8afK,25.05.02,Official Music Highlights,Channel_1878,4,2025-02-03T19:00:00.000Z,trending|music|vlog,53170,2610,433,373,https://i.ytimg.com/vi/CT8Ve7XbsNt/default.jpg,False,False,False,Auto-generated sample description for Music video.
b27xUQdi8DQ,25.28.01,Why This Film & Animation Video Went Viral,Channel_903,19,2025-01-25T09:00:00.000Z,review|official|2024,34694,2528,203,644,https://i.ytimg.com/vi/kxIEoRAEvy-/default.jpg,False,False,False,Auto-generated sample description for Film & Animation video.
FbfYMkon579,24.02.10,Reacting to Pets & Animals Trends,Channel_1280,1,2024-10-02T09:00:00.000Z,music|official|trending,6767,200,38,100,https://i.ytimg.com/vi/I_5DEG0XL-l/default.jpg,False,False,False,Auto-generated sample description for Pets & Animals video.
CgvU_IgAGn2,24.26.01,Top 10 Music Moments This Week,Channel_3705,8,2024-01-24T09:00:00.000Z,music|vlog|official,3961,82,14,50,https://i.ytimg.com/vi/f23C3GWEFSr/default.jpg,False,False,False,Auto-generated sample description for Music video.
3QS0dTqVgvW,24.16.04,Reacting to Music Trends,Channel_1927,8,2024-04-14T15:00:00.000Z,2024|live|official,16949,1172,45,331,https://i.ytimg.com/vi/pjh-Fpopb-q/default.jpg,False,False,True,Auto-generated sample description for Music video.
GXRQzNziIyc,24.20.08,Why This Education Video Went Viral,Channel_3006,3,2024-08-19T13:00:00.000Z,2024|trending|music,5963,321,35,105,https://i.ytimg.com/vi/lX-JEDQA4at/default.jpg,False,False,False,Auto-generated sample description for Education video.
JsaKIu4Gyy9,24.16.11,Reacting to Music Trends,Channel_1217,8,2024-11-16T06:00:00.000Z,music|vlog|2024,15633,1123,11,288,https://i.ytimg.com/vi/1Ja-mYXux5a/default.jpg,False,False,False,Auto-generated sample description for Music video.
xVDpjUbMLdE,24.22.08,Official News & Politics Highlights,Channel_4562,2,2024-08-20T08:00:00.000Z,music|vlog|2024,3161,247,10,54,https://i.ytimg.com/vi/Gd9plg7ECSr/default.jpg,False,False,False,Auto-generated sample description for News & Politics video.
uQRCtFEXqPS,24.04.08,Why This Music Video Went Viral,Channel_82,4,2024-08-03T15:00:00.000Z,official|music|2024,3311,60,20,61,https://i.ytimg.com/vi/CAlFzYfEaHC/default.jpg,False,False,False,Auto-generated sample description for Music video.
UQFx_5L74Q7,24.18.02,Official Music Highlights,Channel_4324,4,2024-02-14T00:00:00.000Z,review|2024|vlog,33991,1422,114,476,https://i.ytimg.com/vi/12JkemQreGM/default.jpg,False,False,False,Auto-generated sample description for Music video.
MaMDHZrpSi-,25.08.01,Behind the Scenes: Music,Channel_1034,8,2025-01-05T09:00:00.000Z,vlog|trending|official,79704,877,230,622,https://i.ytimg.com/vi/7RhLVXQj8lR/default.jpg,False,False,False,Auto-generated sample description for Music video.
aS47pkzRYHM,24.15.01,Music Compilation 2024,Channel_269,8,2024-01-15T03:00:00.000Z,2024|live|trending,107048,5999,733,756,https://i.ytimg.com/vi/CuTz1uH5DOd/default.jpg,False,True,False,Auto-generated sample description for Music video.
mRgqJLV4mKE,25.22.01,Behind the Scenes: Pets & Animals,Channel_569,6,2025-01-21T18:00:00.000Z,official|live|2024,16996,705,107,9,https://i.ytimg.com/vi/kUmE6ZqJde5/default.jpg,False,False,False,Auto-generated sample description for Pets & Animals video.
XjBp6QURT__,24.12.08,Top 10 Education Moments This Week,Channel_2266,3,2024-08-08T07:00:00.000Z,trending|official|vlog,1990,105,18,10,https://i.ytimg.com/vi/DQzhMIdfFGP/default.jpg,False,False,False,Auto-generated sample description for Education video.
TmlVYwJ94Ke,24.03.01,Why This Music Video Went Viral,Channel_4966,8,2024-01-02T22:00:00.000Z,vlog|review|2024,34218,1698,68,519,https://i.ytimg.com/vi/h8NfGAgj9TA/default.jpg,False,False,False,Auto-generated sample description for Music video.
OigUnLSmmKB,24.05.07,Reacting to Music Trends,Channel_4421,8,2024-07-03T10:00:00.000Z,official|music|live,41567,938,229,789,https://i.ytimg.com/vi/ampfPvWAkZD/default.jpg,False,False,False,Auto-generated sample description for Music video.
xdX0ClEAFaF,24.04.11,Behind the Scenes: Howto & Style,Channel_2402,20,2024-11-04T16:00:00.000Z,review|music|2024,23340,464,146,329,https://i.ytimg.com/vi/sk1mWJfUU5z/default.jpg,False,False,False,Auto-generated sample description for Howto & Style video.
haDm0Numtdz,24.15.08,Top 10 Music Moments This Week,Channel_4791,4,2024-08-13T18:00:00.000Z,music|official|review,137356,9615,179,1789,https://i.ytimg.com/vi/Frxp4oiK09h/default.jpg,False,False,False,Auto-generated sample description for Music video.
0unxnUvRBfd,24.22.02,Top 10 Music Moments This Week,Channel_3041,8,2024-02-19T14:00:00.000Z,official|2024|trending,5556,55,23,21,https://i.ytimg.com/vi/PdYTQx-vrD7/default.jpg,False,False,False,Auto-generated sample description for Music video.
ODCwmtwni3h,24.19.05,Reacting to Music Trends,Channel_4918,4,2024-05-19T02:00:00.000Z,review|trending|music,33853,610,299,290,https://i.ytimg.com/vi/mX_mw6L56OE/default.jpg,False,False,False,Auto-generated sample description for Music video.
hQE43vUetSN,24.24.05,Why This Music Video Went Viral,Channel_1490,4,2024-05-20T02:00:00.000Z,live|music|vlog,6294,233,8,22,https://i.ytimg.com/vi/n56WsUSkrIU/default.jpg,False,False,False,Auto-generated sample description for Music video.
yqXoZqO_xs_,24.05.09,Music Compilation 2024,Channel_611,4,2024-09-01T18:00:00.000Z,official|trending|live,11964,842,84,49,https://i.ytimg.com/vi/pohkZRR94P0/default.jpg,False,False,False,Auto-generated sample description for Music video.
0ItseZBIYhR,24.15.01,Why This Music Video Went Viral,Channel_4949,4,2024-01-11T13:00:00.000Z,live|review|2024,846953,63045,5008,4873,https://i.ytimg.com/vi/B3HmcKlC5Vr/default.jpg,False,False,False,Auto-generated sample description for Music video.
G6cqJIwnUox,24.25.07,Why This Music Video Went Viral,Channel_4928,4,2024-07-23T09:00:00.000Z,review|2024|vlog,21264,1077,93,215,https://i.ytimg.com/vi/FzyPoAYRTSp/default.jpg,False,False,False,Auto-generated sample description for Music video.
htT6dEETZ-M,24.20.09,Reacting to Nonprofits & Activism Trends,Channel_2662,9,2024-09-17T07:00:00.000Z,music|2024|vlog,549,24,2,4,https://i.ytimg.com/vi/8AJfh40_pbl/default.jpg,False,False,False,Auto-generated sample description for Nonprofits & Activism video.
b_DuUy8Lu9v,24.25.01,Official Music Highlights,Channel_1394,4,2024-01-21T02:00:00.000Z,music|review|live,70286,5557,667,454,https://i.ytimg.com/vi/MqjVyRM90DB/default.jpg,False,False,False,Auto-generated sample description for Music video.
nopOcMRf2IU,24.15.07,Official Music Highlights,Channel_2008,8,2024-07-13T15:00:00.000Z,2024|trending|official,249888,17153,1898,798,https://i.ytimg.com/vi/_OxWU-HTTCc/default.jpg,False,False,False,Auto-generated sample description for Music video.
PfN5AQstFdq,24.01.10,Top 10 Music Moments This Week,Channel_2274,8,2024-09-29T00:00:00.000Z,official|2024|music,325903,25126,1496,411,https://i.ytimg.com/vi/nhzyMswWWQf/default.jpg,False,False,False,Auto-generated sample description for Music video.
i5c5FgJjxIF,24.28.11,News & Politics Compilation 2024,Channel_1957,2,2024-11-26T12:00:00.000Z,official|live|vlog,108789,4881,598,1477,https://i.ytimg.com/vi/Zf6U9weOmzy/default.jpg,False,False,False,Auto-generated sample description for News & Politics video.
GK61LIDhsxq,24.03.02,Official Music Highlights,Channel_379,4,2024-01-30T15:00:00.000Z,music|official|live,38138,1382,348,635,https://i.ytimg.com/vi/iA8SixsucKR/default.jpg,False,True,False,Auto-generated sample description for Music video.
kkx9t7kdl0x,24.11.11,Top 10 Music Moments This Week,Channel_798,8,2024-11-10T00:00:00.000Z,review|trending|official,117554,6882,273,846,https://i.ytimg.com/vi/P891aNJFJms/default.jpg,False,False,False,Auto-generated sample description for Music video.
_FF9k8xOvFN,24.11.09,Reacting to Music Trends,Channel_453,4,2024-09-07T06:00:00.000Z,vlog|live|music,33083,1638,270,432,https://i.ytimg.com/vi/e3XsoNNiRYm/default.jpg,False,False,False,Auto-generated sample description for Music video.
ism-Y7CYtpA,25.07.01,Official Music Highlights,Channel_1835,8,2025-01-05T12:00:00.000Z,official|vlog|2024,62563,4765,534,1173,https://i.ytimg.com/vi/vhW1Ps3rVhH/default.jpg,False,False,False,Auto-generated sample description for Music video.
5C9CkMiuNfH,24.12.05,Education Compilation 2024,Channel_918,10,2024-05-10T16:00:00.000Z,review|vlog|2024,6843,112,43,83,https://i.ytimg.com/vi/lLwcxdtJUeL/default.jpg,False,False,False,Auto-generated sample description for Education video.
Njogu9oXTj3,24.09.05,Behind the Scenes: Film & Animation,Channel_934,5,2024-05-08T18:00:00.000Z,2024|live|review,10939,564,42,191,https://i.ytimg.com/vi/QKw1Ue2he7i/default.jpg,False,False,False,Auto-generated sample description for Film & Animation video.
Pvp9-gZxdYr,24.17.01,Behind the Scenes: News & Politics,Channel_511,2,2024-01-15T11:00:00.000Z,vlog|live|official,12398,564,76,71,https://i.ytimg.com/vi/U4TTpp-u0U1/default.jpg,False,False,False,Auto-generated sample description for News & Politics video.
JoFz5N5CHJV,24.27.09,Official Education Highlights,Channel_2589,10,2024-09-24T02:00:00.000Z,live|music|review,1952,72,10,22,https://i.ytimg.com/vi/rKibmHwPjxW/default.jpg,False,False,False,Auto-generated sample description for Education video.
IqhF4lrLcAa,24.30.11,Top 10 Gaming Moments This Week,Channel_966,17,2024-11-27T18:00:00.000Z,2024|vlog|trending,3234,79,11,1,https://i.ytimg.com/vi/2VGS6DqZFyY/default.jpg,False,False,False,Auto-generated sample description for Gaming video.
l3mJk4Wd8gK,24.26.04,Why This Film & Animation Video Went Viral,Channel_2348,5,2024-04-23T06:00:00.000Z,live|official|music,30293,1854,22,500,https://i.ytimg.com/vi/2CaeR1ckV5h/default.jpg,False,False,False,Auto-generated sample description for Film & Animation video.
3eQI0rdlWzl,24.19.11,Pets & Animals Compilation 2024,Channel_886,12,2024-11-19T02:00:00.000Z,vlog|official|live,13222,414,57,10,https://i.ytimg.com/vi/DSSl2hiqJN2/default.jpg,False,False,False,Auto-generated sample description for Pets & Animals video.
qfcGyn9sgNs,24.20.11,Official Music Highlights,Channel_4257,8,2024-11-16T16:00:00.000Z,official|trending|review,74423,2624,43,1274,https://i.ytimg.com/vi/-WHoYqMqm7l/default.jpg,False,False,False,Auto-generated sample description for Music video.
-hyqM3iRO6w,24.05.10,Top 10 Music Moments This Week,Channel_4519,8,2024-10-03T21:00:00.000Z,2024|trending|vlog,52978,3294,419,462,https://i.ytimg.com/vi/idZGImjA2sS/default.jpg,False,False,False,Auto-generated sample description for Music video.
UtnzKj9HvPH,24.14.10,Official Autos & Vehicles Highlights,Channel_3744,13,2024-10-11T05:00:00.000Z,vlog|review|music,114132,8297,191,1092,https://i.ytimg.com/vi/Ni3c3mbtwu0/default.jpg,False,False,False,Auto-generated sample description for Autos & Vehicles video.
PjXKpCf6QMA,24.28.07,Official Music Highlights,Channel_3050,4,2024-07-27T16:00:00.000Z,review|trending|live,43588,1788,179,630,https://i.ytimg.com/vi/OCkCWXMHjRB/default.jpg,False,False,False,Auto-generated sample description for Music video.
MAg20DNfL_U,25.06.01,Official Music Highlights,Channel_3155,8,2025-01-06T12:00:00.000Z,official|vlog|live,25972,740,203,498,https://i.ytimg.com/vi/9k_fOCEBLPB/default.jpg,False,False,False,Auto-generated sample description for Music video.
GU10zVIJpDi,24.25.02,Reacting to News & Politics Trends,Channel_1204,2,2024-02-25T17:00:00.000Z,vlog|official|live,1665,72,14,6,https://i.ytimg.com/vi/LQSQjJpGXgx/default.jpg,False,False,False,Auto-generated sample description for News & Politics video.
aiHFewW1Hma,24.10.08,Official Education Highlights,Channel_133,3,2024-08-08T10:00:00.000Z,official|trending|2024,7102,180,7,72,https://i.ytimg.com/vi/_fvFem_oYvn/default.jpg,False,False,False,Auto-generated sample description for Education video.
7dM7GCFRLRz,24.11.10,Behind the Scenes: Music,Channel_4456,8,2024-10-07T01:00:00.000Z,music|2024|live,81731,5862,402,1227,https://i.ytimg.com/vi/czHN-6lQRIj/default.jpg,False,False,False,Auto-generated sample description for Music video.
2mUYAN2aWuX,25.13.01,Film & Animation Compilation 2024,Channel_1541,19,2025-01-10T02:00:00.000Z,music|review|live,16000,989,86,11,https://i.ytimg.com/vi/Ho2P2zRQ6Kf/default.jpg,False,False,False,Auto-generated sample description for Film & Animation video.
_AmzrCESuZZ,24.06.09,Official Music Highlights,Channel_4119,8,2024-09-05T07:00:00.000Z,official|2024|live,7864,479,43,46,https://i.ytimg.com/vi/NemdaeNzhzq/default.jpg,False,False,False,Auto-generated sample description for Music video.
fb_C2NShgmZ,24.29.06,Top 10 Music Moments This Week,Channel_4882,4,2024-06-26T17:00:00.000Z,music|2024|official,25273,654,158,314,https://i.ytimg.com/vi/82pzKqdrP2K/default.jpg,False,False,False,Auto-generated sample description for Music video.
zu3XAqm_JEL,24.08.01,Music Compilation 2024,Channel_621,4,2024-01-04T02:00:00.000Z,official|2024|vlog,114810,3406,982,503,https://i.ytimg.com/vi/4rVpPlauk4c/default.jpg,False,False,False,Auto-generated sample description for Music video.
vX5ucN0BJm6,24.09.06,Why This Music Video Went Viral,Channel_1932,4,2024-06-06T08:00:00.000Z,official|trending|vlog,147607,3331,1438,1700,https://i.ytimg.com/vi/G-zwJ222A_V/default.jpg,False,False,False,Auto-generated sample description for Music video.
YPF1PCCdOPG,25.04.01,Behind the Scenes: Film & Animation,Channel_162,19,2024-12-31T20:00:00.000Z,review|trending|live,5575,384,50,10,https://i.ytimg.com/vi/C1fpGkyJVoB/default.jpg,False,False,False,Auto-generated sample description for Film & Animation video.
_NX3Z0U4tI4,25.27.01,Behind the Scenes: Film & Animation,Channel_2136,5,2025-01-25T14:00:00.000Z,trending|2024|official,59290,1670,124,230,https://i.ytimg.com/vi/b7xOZAtUTCu/default.jpg,False,False,False,Auto-generated sample description for Film & Animation video.
LwV2P79ZDHi,24.18.08,Official Gaming Highlights,Channel_3704,17,2024-08-17T12:00:00.000Z,trending|2024|live,8486,305,53,153,https://i.ytimg.com/vi/wOCE8eOa8Yk/default.jpg,False,False,False,Auto-generated sample description for Gaming video.
HILYGeMzGAX,24.22.01,Top 10 Music Moments This Week,Channel_1276,8,2024-01-22T22:00:00.000Z,official|vlog|music,9078,395,45,144,https://i.ytimg.com/vi/4FYBXaZBVVb/default.jpg,False,False,False,Auto-generated sample description for Music video.
YVp0cnqp3OC,24.11.06,Reacting to Music Trends,Channel_1912,8,2024-06-10T22:00:00.000Z,music|trending|review,4570,179,43,66,https://i.ytimg.com/vi/p05aYohkDyA/default.jpg,False,False,False,Auto-generated sample description for Music video.
Zo6fQ3-Lu_i,24.08.02,Behind the Scenes: Music,Channel_4565,8,2024-02-06T13:00:00.000Z,music|review|official,15964,201,65,284,https://i.ytimg.com/vi/0Wd4cPqsmet/default.jpg,False,False,False,Auto-generated sample description for Music video.
wsNWwdBR8k7,24.28.05,Film & Animation Compilation 2024,Channel_1532,5,2024-05-26T13:00:00.000Z,review|trending|official,5451,380,37,14,https://i.ytimg.com/vi/6oahZtgjIwA/default.jpg,False,False,False,Auto-generated sample description for Film & Animation video.
zaliX6hXYrO,24.02.07,Pets & Animals Compilation 2024,Channel_3651,6,2024-07-02T15:00:00.000Z,live|vlog|official,117900,4230,372,2283,https://i.ytimg.com/vi/Auvj7EFiM9Q/default.jpg,False,False,False,Auto-generated sample description for Pets & Animals video.
gDB5Dn47R-m,24.31.12,Top 10 Music Moments This Week,Channel_4441,4,2024-12-31T18:00:00.000Z,music|2024|official,120828,7602,921,2219,https://i.ytimg.com/vi/F2qxz4XZBby/default.jpg,False,False,False,Auto-generated sample description for Music video.
hsE9lOPbERu,24.29.06,Reacting to Music Trends,Channel_4692,4,2024-06-26T15:00:00.000Z,music|vlog|2024,34799,2253,48,108,https://i.ytimg.com/vi/JjTR4Crzbmx/default.jpg,False,False,False,Auto-generated sample description for Music video.
rCPjwHkXauF,24.30.04,Music Compilation 2024,Channel_627,4,2024-04-29T03:00:00.000Z,2024|music|vlog,89038,5179,509,1555,https://i.ytimg.com/vi/5UyiAcR8OQo/default.jpg,False,False,False,Auto-generated sample description for Music video.
dXyy96DeLxD,24.22.07,Music Compilation 2024,Channel_3633,8,2024-07-22T06:00:00.000Z,review|music|live,1603,51,12,9,https://i.ytimg.com/vi/jhsXzc2c93W/default.jpg,False,False,False,Auto-generated sample description for Music video.
DUJP2_I0u8N,24.08.03,News & Politics Compilation 2024,Channel_4344,18,2024-03-07T02:00:00.000Z,music|trending|review,55748,4190,540,674,https://i.ytimg.com/vi/mV6Z32s4c1C/default.jpg,False,False,False,Auto-generated sample description for News & Politics video.
Zp0a0QgQ3dh,24.19.12,Why This Travel & Events Video Went Viral,Channel_3115,16,2024-12-18T20:00:00.000Z,official|trending|live,11913,254,53,115,https://i.ytimg.com/vi/KY-ljTRaDEp/default.jpg,False,False,False,Auto-generated sample description for Travel & Events video.
aDcC0IPSrhm,24.07.05,Music Compilation 2024,Channel_2755,4,2024-05-05T19:00:00.000Z,live|music|official,36002,751,188,399,https://i.ytimg.com/vi/jK9ujWB0yw2/default.jpg,False,False,False,Auto-generated sample description for Music video.
2QGjdalfAvy,24.16.05,Music Compilation 2024,Channel_3941,4,2024-05-15T00:00:00.000Z,vlog|official|live,58510,619,230,901,https://i.ytimg.com/vi/GcrVg_QK_vi/default.jpg,False,False,False,Auto-generated sample description for Music video.
difBHTB9byJ,24.02.02,Behind the Scenes: Music,Channel_4410,4,2024-01-29T00:00:00.000Z,trending|2024|official,801104,37208,720,12553,https://i.ytimg.com/vi/dWgVjgnngCx/default.jpg,False,False,False,Auto-generated sample description for Music video.
T0ivn_pGDKi,24.02.02,Why This Gaming Video Went Viral,Channel_4448,17,2024-01-29T01:00:00.000Z,2024|review|music,37005,2753,84,644,https://i.ytimg.com/vi/YiGnycshxRc/default.jpg,False,False,False,Auto-generated sample description for Gaming video.
oZbVGLstsae,24.12.12,Official Nonprofits & Activism Highlights,Channel_2845,9,2024-12-09T10:00:00.000Z,vlog|2024|review,5645,208,38,85,https://i.ytimg.com/vi/Eh52REaQESe/default.jpg,False,False,True,Auto-generated sample description for Nonprofits & Activism video.
wypw94fcoju,24.23.09,Top 10 Music Moments This Week,Channel_4712,4,2024-09-21T11:00:00.000Z,music|vlog|review,285748,7061,2719,1857,https://i.ytimg.com/vi/hOu4qkODCq5/default.jpg,False,False,False,Auto-generated sample description for Music video.
nIhEQ1i_B-1,24.15.04,Top 10 Music Moments This Week,Channel_4380,4,2024-04-12T12:00:00.000Z,review|music|live,193451,5005,1170,3366,https://i.ytimg.com/vi/W16tAXtulaH/default.jpg,False,False,False,Auto-generated sample description for Music video.
fbOIbCujq8N,24.23.11,Behind the Scenes: News & Politics,Channel_736,18,2024-11-20T15:00:00.000Z,music|review|live,55901,2857,197,775,https://i.ytimg.com/vi/oyUnC5Us7Ue/default.jpg,False,False,False,Auto-generated sample description for News & Politics video.
TCrlJfIKD5B,24.07.08,Reacting to Film & Animation Trends,Channel_4184,5,2024-08-05T17:00:00.000Z,review|2024|vlog,612,7,0,1,https://i.ytimg.com/vi/Pxwl5Zteybn/default.jpg,False,False,False,Auto-generated sample description for Film & Animation video.
UK3HYa7QwMV,24.24.11,Top 10 Nonprofits & Activism Moments This Week,Channel_2355,14,2024-11-24T18:00:00.000Z,live|official|music,2211,34,8,13,https://i.ytimg.com/vi/JspR9_nnbFZ/default.jpg,False,False,False,Auto-generated sample description for Nonprofits & Activism video.
iGq9sA4oMV6,24.27.05,Gaming Compilation 2024,Channel_1095,17,2024-05-27T09:00:00.000Z,official|live|review,4997,243,32,33,https://i.ytimg.com/vi/jMqDh1z7PSu/default.jpg,False,False,False,Auto-generated sample description for Gaming video.
LfsTJxlQk8G,24.21.09,Top 10 Music Moments This Week,Channel_1007,8,2024-09-17T06:00:00.000Z,music|2024|trending,131348,5093,653,1586,https://i.ytimg.com/vi/TvDbduCyMGf/default.jpg,True,False,False,Auto-generated sample description for Music video.
CB0qxnbAiDa,24.29.10,Behind the Scenes: Film & Animation,Channel_357,19,2024-10-28T12:00:00.000Z,review|official|trending,10478,467,15,53,https://i.ytimg.com/vi/wL5M1xbS5W7/default.jpg,False,False,False,Auto-generated sample description for Film & Animation video.
bZQJ_FSP8oG,24.28.07,Reacting to Education Trends,Channel_636,3,2024-07-26T06:00:00.000Z,2024|official|music,28690,1822,137,541,https://i.ytimg.com/vi/jzrumQLnDqQ/default.jpg,False,False,False,Auto-generated sample description for Education video.
hHYjFdi8lCL,25.19.01,Reacting to Music Trends,Channel_2535,8,2025-01-19T22:00:00.000Z,vlog|trending|music,71107,1960,335,968,https://i.ytimg.com/vi/iEtdjqJAQs0/default.jpg,False,False,False,Auto-generated sample description for Music video.
l5OTBkn_Mur,24.16.02,Why This Film & Animation Video Went Viral,Channel_3963,5,2024-02-14T17:00:00.000Z,review|vlog|2024,41453,2986,103,382,https://i.ytimg.com/vi/z1F5LkddYWI/default.jpg,False,False,False,Auto-generated sample description for Film & Animation video.
ZaqVqqCC7mP,24.07.05,Top 10 Music Moments This Week,Channel_2024,4,2024-05-03T21:00:00.000Z,2024|vlog|music,2826,104,16,31,https://i.ytimg.com/vi/h658bCzVaTi/default.jpg,False,False,False,Auto-generated sample description for Music video.
mmuo7wt9I2C,24.20.11,Music Compilation 2024,Channel_3101,4,2024-11-16T18:00:00.000Z,live|official|trending,197757,6137,290,1950,https://i.ytimg.com/vi/L1wesngnFbR/default.jpg,False,False,False,Auto-generated sample description for Music video.
tDZqDwVm7MP,24.12.06,Official Music Highlights,Channel_3395,4,2024-06-11T18:00:00.000Z,live|music|2024,1015834,76563,9596,6312,https://i.ytimg.com/vi/m1W4jNrDVPk/default.jpg,False,False,False,Auto-generated sample description for Music video.
gBqnt33K4et,24.29.11,Nonprofits & Activism Compilation 2024,Channel_4855,14,2024-11-25T18:00:00.000Z,trending|2024|music,736,37,6,3,https://i.ytimg.com/vi/YFrdAUDIIMS/default.jpg,False,False,False,Auto-generated sample description for Nonprofits & Activism video.
0GAtO8HGJZH,24.25.04,Top 10 Music Moments This Week,Channel_186,8,2024-04-25T20:00:00.000Z,review|vlog|music,27287,1579,202,29,https://i.ytimg.com/vi/fbSX3STPOql/default.jpg,False,False,False,Auto-generated sample description for Music video.
dTJWndl5xNR,24.20.04,Behind the Scenes: Music,Channel_3721,8,2024-04-20T18:00:00.000Z,review|official|vlog,172705,7601,243,1997,https://i.ytimg.com/vi/yHXWFYi9OXY/default.jpg,False,False,False,Auto-generated sample description for Music video.
WIZ2Ta-ygUD,24.23.09,Behind the Scenes: Music,Channel_3823,4,2024-09-22T15:00:00.000Z,2024|trending|music,3987,299,2,49,https://i.ytimg.com/vi/ipfy-sxviEZ/default.jpg,False,False,False,Auto-generated sample description for Music video.
bupNSwumApF,25.02.02,Top 10 Education Moments This Week,Channel_626,10,2025-01-31T06:00:00.000Z,2024|trending|official,11078,823,98,125,https://i.ytimg.com/vi/x5KxEuvUHXY/default.jpg,False,False,False,Auto-generated sample description for Education video.
2295QxKQTU9,25.16.01,Top 10 Music Moments This Week,Channel_4246,8,2025-01-15T00:00:00.000Z,vlog|trending|live,18609,481,81,312,https://i.ytimg.com/vi/xk-XvDHCASi/default.jpg,False,False,False,Auto-generated sample description for Music video.
xLKtdLwHugE,24.27.10,Autos & Vehicles Compilation 2024,Channel_2750,15,2024-10-25T04:00:00.000Z,review|live|2024,10990,552,24,142,https://i.ytimg.com/vi/lhu4JuRiwzD/default.jpg,False,False,False,Auto-generated sample description for Autos & Vehicles video.
vKowXNRCd_8,24.21.11,Reacting to Howto & Style Trends,Channel_190,20,2024-11-20T18:00:00.000Z,official|review|trending,23462,1800,163,304,https://i.ytimg.com/vi/G-otA-VqXXf/default.jpg,False,False,False,Auto-generated sample description for Howto & Style video.
Gtl0JuEw4kD,24.14.09,Official Music Highlights,Channel_1064,8,2024-09-13T16:00:00.000Z,trending|2024|music,6782,210,43,42,https://i.ytimg.com/vi/_K3CaSYOi0_/default.jpg,False,False,False,Auto-generated sample description for Music video.
Jw7VibwZhT6,24.20.04,Music Compilation 2024,Channel_1104,8,2024-04-20T18:00:00.000Z,2024|review|music,140234,3182,572,257,https://i.ytimg.com/vi/AVrlA8nPioP/default.jpg,False,False,False,Auto-generated sample description for Music video.
Zub8VFpymlK,25.21.01,Top 10 Music Moments This Week,Channel_4128,4,2025-01-20T11:00:00.000Z,review|trending|music,429179,10654,4083,3070,https://i.ytimg.com/vi/-hMGp48RFSS/default.jpg,False,False,False,Auto-generated sample description for Music video.
HUaBt5VPPpJ,24.26.04,Why This Howto & Style Video Went Viral,Channel_3805,20,2024-04-26T14:00:00.000Z,trending|music|vlog,37474,2826,365,127,https://i.ytimg.com/vi/ythSIRxVZ_3/default.jpg,False,False,False,Auto-generated sample description for Howto & Style video.
uSzSpxrj4uG,24.01.03,Behind the Scenes: Education,Channel_3129,3,2024-02-28T15:00:00.000Z,trending|vlog|review,16781,539,128,139,https://i.ytimg.com/vi/wX9AkVUl9Zz/default.jpg,False,False,False,Auto-generated sample description for Education video.
quGFO4BCoDB,24.11.01,Official Music Highlights,Channel_277,4,2024-01-07T20:00:00.000Z,live|2024|official,7021,261,49,132,https://i.ytimg.com/vi/aLCpIW0d3Ic/default.jpg,False,False,False,Auto-generated sample description for Music video.
0WMdVVuTYIm,24.09.08,Reacting to Music Trends,Channel_3983,8,2024-08-06T10:00:00.000Z,live|official|trending,259078,8949,1769,2810,https://i.ytimg.com/vi/Ljk1lXHPYEs/default.jpg,False,False,False,Auto-generated sample description for Music video.
FiSfqOxHbLl,24.30.11,Top 10 Music Moments This Week,Channel_3199,4,2024-11-27T19:00:00.000Z,music|trending|review,20061,1182,16,51,https://i.ytimg.com/vi/JBfqcQL1r9n/default.jpg,False,False,False,Auto-generated sample description for Music video.
KKPOhdXZZF3,24.10.06,Top 10 Music Moments This Week,Channel_1112,4,2024-06-09T00:00:00.000Z,official|2024|music,69170,5120,230,476,https://i.ytimg.com/vi/q9Aw29RUuzm/default.jpg,False,False,False,Auto-generated sample description for Music video.
HfK2l85p9-_,24.27.09,Top 10 Gaming Moments This Week,Channel_1338,17,2024-09-23T18:00:00.000Z,music|trending|official,1646,77,11,19,https://i.ytimg.com/vi/s0-Kg7KCXin/default.jpg,False,False,False,Auto-generated sample description for Gaming video.
Tk6k2oTfqNC,25.19.01,Music Compilation 2024,Channel_2223,4,2025-01-16T09:00:00.000Z,review|live|2024,48333,984,411,560,https://i.ytimg.com/vi/QfiInlQpv23/default.jpg,False,False,True,Auto-generated sample description for Music video.
cTY_NIMHcj3,24.26.04,Why This Music Video Went Viral,Channel_4390,8,2024-04-26T19:00:00.000Z,vlog|live|2024,186610,10734,1196,2092,https://i.ytimg.com/vi/m73S2hFfYAQ/default.jpg,False,False,False,Auto-generated sample description for Music video.
T2dbwDXZe7j,24.04.02,Top 10 Music Moments This Week,Channel_2914,8,2024-01-31T11:00:00.000Z,vlog|trending|2024,526350,14818,4258,10090,https://i.ytimg.com/vi/VoUX7fml7LJ/default.jpg,False,False,False,Auto-generated sample description for Music video.
iEm9VKT6qR3,24.10.09,Official Howto & Style Highlights,Channel_3768,20,2024-09-10T16:00:00.000Z,vlog|music|official,16399,188,82,175,https://i.ytimg.com/vi/413drhbtChr/default.jpg,False,False,False,Auto-generated sample description for Howto & Style video.
tS1Ra90I_AJ,24.13.12,Reacting to Music Trends,Channel_690,4,2024-12-11T13:00:00.000Z,official|2024|review,11048,157,8,86,https://i.ytimg.com/vi/s3LZi7IS7wz/default.jpg,False,False,False,Auto-generated sample description for Music video.
PgK12TmsxnA,24.05.10,Behind the Scenes: Education,Channel_1962,3,2024-10-01T14:00:00.000Z,official|music|review,3777,231,34,6,https://i.ytimg.com/vi/OlTjlmSLBVS/default.jpg,False,False,False,Auto-generated sample description for Education video.
G74YprzHv41,24.11.09,Official Autos & Vehicles Highlights,Channel_1520,13,2024-09-09T01:00:00.000Z,live|review|2024,32708,635,159,631,https://i.ytimg.com/vi/glzo3mV2HOh/default.jpg,False,False,False,Auto-generated sample description for Autos & Vehicles video.
4c5M3Ag2yRP,24.20.10,Music Compilation 2024,Channel_3832,8,2024-10-18T10:00:00.000Z,review|live|2024,382943,8477,3161,543,https://i.ytimg.com/vi/UWQ1qGaROVR/default.jpg,False,False,False,Auto-generated sample description for Music video.
Zng7vgKMZyE,25.26.01,Reacting to Music Trends,Channel_1460,8,2025-01-23T05:00:00.000Z,review|live|vlog,502898,11609,2708,401,https://i.ytimg.com/vi/SWPrj2EP2W4/default.jpg,False,False,False,Auto-generated sample description for Music video.
AXPLlu_B40Q,24.16.12,Top 10 Education Moments This Week,Channel_2079,3,2024-12-16T03:00:00.000Z,official|2024|live,8611,213,29,41,https://i.ytimg.com/vi/ygoxNA7aiEG/default.jpg,False,False,False,Auto-generated sample description for Education video.
-3Q0Ow8iySd,25.21.01,Why This Education Video Went Viral,Channel_4351,3,2025-01-21T02:00:00.000Z,live|2024|music,879,30,4,8,https://i.ytimg.com/vi/Jk_TZPQs8mu/default.jpg,False,False,False,Auto-generated sample description for Education video.
_tBT-Cnsif_,24.01.02,Reacting to Music Trends,Channel_658,8,2024-01-29T14:00:00.000Z,review|vlog|official,7048,423,15,74,https://i.ytimg.com/vi/uLh3bn8LJiK/default.jpg,False,False,False,Auto-generated sample description for Music video.
Q0a8udOHto0,24.27.02,Official Pets & Animals Highlights,Channel_3632,1,2024-02-23T22:00:00.000Z,music|trending|2024,16141,479,91,197,https://i.ytimg.com/vi/SfFRPZZqY4E/default.jpg,False,False,False,Auto-generated sample description for Pets & Animals video.
H4RcfKJK1q-,24.15.07,Why This Film & Animation Video Went Viral,Channel_3845,19,2024-07-15T19:00:00.000Z,live|music|vlog,12158,769,97,117,https://i.ytimg.com/vi/vEujDgstUoq/default.jpg,False,False,False,Auto-generated sample description for Film & Animation video.
XL2GLKh8Akh,25.27.01,Reacting to Gaming Trends,Channel_1647,17,2025-01-27T18:00:00.000Z,2024|review|official,68212,2439,315,1145,https://i.ytimg.com/vi/4bI68vPT-4O/default.jpg,False,False,False,Auto-generated sample description for Gaming video.
20zFQeBPpZW,24.22.06,Behind the Scenes: Music,Channel_3458,4,2024-06-19T14:00:00.000Z,official|music|review,22691,1367,131,207,https://i.ytimg.com/vi/jGb_ah5aTJm/default.jpg,False,False,False,Auto-generated sample description for Music video.
rmVm4zJCb-I,24.17.12,Why This Music Video Went Viral,Channel_2290,4,2024-12-13T15:00:00.000Z,live|2024|official,16657,652,32,295,https://i.ytimg.com/vi/veTIVKGpp2C/default.jpg,False,False,False,
syARrRsNBcU,24.15.12,Why This Film & Animation Video Went Viral,Channel_1885,19,2024-12-12T03:00:00.000Z,live|official|vlog,20263,1449,153,80,https://i.ytimg.com/vi/GkhCgUzmgu8/default.jpg,False,False,False,Auto-generated sample description for Film & Animation video.
oE1kDD7SlPb,24.15.02,Why This Pets & Animals Video Went Viral,Channel_3804,6,2024-02-13T04:00:00.000Z,live|music|vlog,18527,1422,125,55,https://i.ytimg.com/vi/ABt9as3Hd2b/default.jpg,False,False,False,Auto-generated sample description for Pets & Animals video.
t0cUKoo-Ksb,24.10.10,Behind the Scenes: Music,Channel_598,8,2024-10-08T17:00:00.000Z,2024|music|official,160827,12143,387,1639,https://i.ytimg.com/vi/XoH6XUgk6fy/default.jpg,False,False,False,Auto-generated sample description for Music video.
nrYUXrYgwai,24.15.06,Official Music Highlights,Channel_1610,8,2024-06-11T09:00:00.000Z,trending|review|live,4679,108,41,5,https://i.ytimg.com/vi/NF4TnOqbABr/default.jpg,False,False,False,Auto-generated sample description for Music video.
QcvadziRSS1,24.12.04,Top 10 News & Politics Moments This Week,Channel_2212,2,2024-04-09T05:00:00.000Z,music|live|official,2261,137,11,30,https://i.ytimg.com/vi/dX-msAAPBqR/default.jpg,False,False,False,Auto-generated sample description for News & Politics video.
jlGuU9d4s1x,24.26.06,Howto & Style Compilation 2024,Channel_1744,20,2024-06-26T22:00:00.000Z,vlog|2024|live,844,38,2,2,https://i.ytimg.com/vi/3npAIJl67lk/default.jpg,False,False,False,Auto-generated sample description for Howto & Style video.
cr2RTrHL_XZ,24.08.06,Top 10 Film & Animation Moments This Week,Channel_386,5,2024-06-07T03:00:00.000Z,vlog|official|live,7894,240,35,94,https://i.ytimg.com/vi/gkx4kDj0IqR/default.jpg,False,False,False,Auto-generated sample description for Film & Animation video.
kw5KpBFMLtU,24.20.12,Official Education Highlights,Channel_2267,3,2024-12-19T22:00:00.000Z,review|2024|vlog,20025,1237,46,222,https://i.ytimg.com/vi/6o4K90iC9Wm/default.jpg,False,False,False,Auto-generated sample description for Education video.
ac4H243jEUS,24.01.06,Reacting to Music Trends,Channel_1840,4,2024-05-31T16:00:00.000Z,2024|live|music,463316,31753,4444,8363,https://i.ytimg.com/vi/EadBaPj5J-m/default.jpg,False,False,False,Auto-generated sample description for Music video.
LzasLNiiw2_,24.30.10,Behind the Scenes: Music,Channel_652,4,2024-10-28T00:00:00.000Z,review|live|music,110068,5987,831,2166,https://i.ytimg.com/vi/i5aLLl6igMl/default.jpg,False,False,False,Auto-generated sample description for Music video.
3-au-jUHAMr,24.03.06,Top 10 Autos & Vehicles Moments This Week,Channel_1907,7,2024-05-31T15:00:00.000Z,live|music|official,1040,76,2,2,https://i.ytimg.com/vi/h-C_uetv_kw/default.jpg,False,False,False,Auto-generated sample description for Autos & Vehicles video.
i0Eav8s40v6,24.07.11,Official Music Highlights,Channel_1413,8,2024-11-03T02:00:00.000Z,official|trending|2024,200472,7587,1440,2381,https://i.ytimg.com/vi/TivorhrNpFJ/default.jpg,False,False,False,Auto-generated sample description for Music video.
Ab4m-az6Isc,24.21.03,Behind the Scenes: Autos & Vehicles,Channel_355,7,2024-03-20T14:00:00.000Z,official|vlog|live,18008,180,131,28,https://i.ytimg.com/vi/pbvguJU5Bef/default.jpg,False,False,False,Auto-generated sample description for Autos & Vehicles video.
8bQtLmVhXvx,24.21.01,Music Compilation 2024,Channel_3750,4,2024-01-19T09:00:00.000Z,2024|official|live,199227,14378,1408,3632,https://i.ytimg.com/vi/xA00PH3X6h9/default.jpg,False,False,False,Auto-generated sample description for Music video.
qI_Mx-mKRe7,24.06.07,Music Compilation 2024,Channel_857,8,2024-07-04T18:00:00.000Z,2024|trending|live,189567,5812,583,2288,https://i.ytimg.com/vi/INpOatm1Gm_/default.jpg,False,False,False,Auto-generated sample description for Music video.
90o6xcVdEQC,24.18.04,Why This Music Video Went Viral,Channel_1710,4,2024-04-16T14:00:00.000Z,2024|trending|review,33478,2094,38,337,https://i.ytimg.com/vi/RYVlsi2aY4w/default.jpg,False,False,False,Auto-generated sample description for Music video.
Ear_eJbEb0D,24.07.02,Official Music Highlights,Channel_2337,4,2024-02-03T18:00:00.000Z,review|trending|official,132214,8322,460,1896,https://i.ytimg.com/vi/TlYFL9eNllu/default.jpg,False,True,False,Auto-generated sample description for Music video.
3ILjqXMhhUy,24.20.07,Education Compilation 2024,Channel_824,3,2024-07-19T18:00:00.000Z,review|official|trending,4311,327,14,38,https://i.ytimg.com/vi/QxbA5mQLqYi/default.jpg,True,False,False,Auto-generated sample description for Education video.
AKc8QU6YtOv,24.15.07,Top 10 Music Moments This Week,Channel_1987,4,2024-07-14T22:00:00.000Z,vlog|live|official,167293,3609,1249,2272,https://i.ytimg.com/vi/RxHBIumOP-5/default.jpg,False,False,False,Auto-generated sample description for Music video.
_VmHYbP_GEr,24.21.12,Official Music Highlights,Channel_447,4,2024-12-21T18:00:00.000Z,2024|official|live,8389,603,50,151,https://i.ytimg.com/vi/YLKItcKKZOD/default.jpg,False,False,False,Auto-generated sample description for Music video.
ljQApbjaMWl,24.07.08,Official Film & Animation Highlights,Channel_271,5,2024-08-05T00:00:00.000Z,trending|2024|live,24301,1942,158,485,https://i.ytimg.com/vi/UiQUylv2lum/default.jpg,False,False,False,Auto-generated sample description for Film & Animation video.
KKm0kGEJcn6,24.06.08,Official Music Highlights,Channel_86,8,2024-08-06T15:00:00.000Z,music|review|official,37984,587,151,107,https://i.ytimg.com/vi/tXMuge26o3M/default.jpg,False,False,False,Auto-generated sample description for Music video.
QeNHD-JEiCN,25.11.01,Top 10 Pets & Animals Moments This Week,Channel_1532,12,2025-01-08T19:00:00.000Z,2024|music|live,1909,113,3,36,https://i.ytimg.com/vi/CxNq-rTtWJt/default.jpg,False,False,False,Auto-generated sample description for Pets & Animals video.
0ySi1ipSnwj,24.16.05,Behind the Scenes: Music,Channel_3760,8,2024-05-14T11:00:00.000Z,2024|review|official,243773,9647,2182,2167,https://i.ytimg.com/vi/c-21XC6clvl/default.jpg,False,True,False,Auto-generated sample description for Music video.
n8JVfp6SoMl,24.22.11,Why This Music Video Went Viral,Channel_2089,8,2024-11-20T21:00:00.000Z,live|official|trending,65296,2428,227,620,https://i.ytimg.com/vi/rG9To1qTLIj/default.jpg,False,False,False,Auto-generated sample description for Music video.
f4v1P_oP1Hp,24.19.10,Top 10 Music Moments This Week,Channel_1027,4,2024-10-18T09:00:00.000Z,2024|live|official,57185,3701,195,251,https://i.ytimg.com/vi/G1DfWZ3tZ2J/default.jpg,False,False,False,Auto-generated sample description for Music video.
BOpwWrwS0WS,24.08.12,Top 10 Music Moments This Week,Channel_4161,8,2024-12-04T20:00:00.000Z,live|official|review,988891,46009,4427,19487,https://i.ytimg.com/vi/b2J4AMuJ6Dx/default.jpg,False,False,False,Auto-generated sample description for Music video.
4REZTzF3_s5,24.12.11,Why This Music Video Went Viral,Channel_4208,4,2024-11-10T02:00:00.000Z,trending|music|2024,35733,1507,67,509,https://i.ytimg.com/vi/5wleVIlbjZL/default.jpg,False,False,False,Auto-generated sample description for Music video.
uuNtl1NH-Pm,24.27.10,Reacting to Film & Animation Trends,Channel_2460,5,2024-10-27T04:00:00.000Z,review|live|trending,14206,679,13,103,https://i.ytimg.com/vi/-m1mIBzplH8/default.jpg,False,False,False,Auto-generated sample description for Film & Animation video.
Rmb1d3ZwTOf,24.12.12,Why This Autos & Vehicles Video Went Viral,Channel_4933,7,2024-12-10T14:00:00.000Z,official|2024|trending,5786,393,43,79,https://i.ytimg.com/vi/JwFN6MFyqKt/default.jpg,False,False,False,Auto-generated sample description for Autos & Vehicles video.
YLFxUne4QEP,25.28.01,Top 10 Autos & Vehicles Moments This Week,Channel_4005,7,2025-01-25T13:00:00.000Z,review|2024|music,1695,92,11,30,https://i.ytimg.com/vi/Nf2ljifhVko/default.jpg,False,False,False,Auto-generated sample description for Autos & Vehicles video.
qRG00pSWLS5,24.01.03,Top 10 Film & Animation Moments This Week,Channel_778,19,2024-02-28T12:00:00.000Z,review|2024|official,2708,173,5,27,https://i.ytimg.com/vi/NHEt_FUjTuu/default.jpg,False,False,False,Auto-generated sample description for Film & Animation video.
I5PUZlOHGWe,24.18.04,Reacting to Music Trends,Channel_3603,8,2024-04-15T11:00:00.000Z,live|vlog|2024,87629,2154,495,1377,https://i.ytimg.com/vi/O8m58960SaV/default.jpg,False,False,False,Auto-generated sample description for Music video.
YjISGfs72fO,24.05.05,Behind the Scenes: Music,Channel_4568,8,2024-05-01T08:00:00.000Z,review|official|vlog,23303,1271,183,136,https://i.ytimg.com/vi/j1yifP1xiWX/default.jpg,False,False,False,Auto-generated sample description for Music video.
8KP_bqBw_1A,24.18.09,Official Autos & Vehicles Highlights,Channel_2337,13,2024-09-17T22:00:00.000Z,2024|vlog|trending,33458,2542,132,295,https://i.ytimg.com/vi/MyWHTt12q-i/default.jpg,False,False,False,Auto-generated sample description for Autos & Vehicles video.
A0CJxpr59If,25.19.01,Behind the Scenes: News & Politics,Channel_1738,18,2025-01-16T22:00:00.000Z,2024|live|review,31600,884,122,450,https://i.ytimg.com/vi/G5cSYFgEeOs/default.jpg,False,False,False,Auto-generated sample description for News & Politics video.
eQBmufhZiRA,24.22.04,Education Compilation 2024,Channel_839,10,2024-04-20T07:00:00.000Z,live|2024|music,1006,50,8,6,https://i.ytimg.com/vi/6-xmfdFo4JS/default.jpg,False,False,False,Auto-generated sample description for Education video.
mjGmgchJ9h8,24.04.02,Official Music Highlights,Channel_449,8,2024-02-04T22:00:00.000Z,live|vlog|trending,21306,1390,131,21,https://i.ytimg.com/vi/-uZyioj4Eto/default.jpg,False,False,False,Auto-generated sample description for Music video.
CdTtpvX_GDP,24.20.01,Pets & Animals Compilation 2024,Channel_4285,12,2024-01-16T20:00:00.000Z,official|live|review,4681,240,43,24,https://i.ytimg.com/vi/cnQ3lzI2AyY/default.jpg,False,False,False,Auto-generated sample description for Pets & Animals video.
uy9C5tVD5yf,24.19.08,Why This News & Politics Video Went Viral,Channel_3556,18,2024-08-15T14:00:00.000Z,vlog|live|music,3484,74,17,17,https://i.ytimg.com/vi/y0Q7Z_-vOiB/default.jpg,False,False,True,Auto-generated sample description for News & Politics video.
jAkDVPHVSlS,24.21.04,Music Compilation 2024,Channel_3089,4,2024-04-18T12:00:00.000Z,live|trending|official,482889,11089,3962,669,https://i.ytimg.com/vi/BgPnBLchiLL/default.jpg,False,False,True,Auto-generated sample description for Music video.
EkbR_cLlk96,24.07.03,Behind the Scenes: Music,Channel_1679,8,2024-03-03T03:00:00.000Z,vlog|2024|music,5143,272,17,34,https://i.ytimg.com/vi/kga6_CuqaeL/default.jpg,False,False,False,Auto-generated sample description for Music video.
1WrtP58jG9x,25.02.02,Behind the Scenes: Education,Channel_3694,10,2025-01-31T13:00:00.000Z,music|2024|review,13026,1004,49,125,https://i.ytimg.com/vi/oq6bimvwMVe/default.jpg,False,False,False,Auto-generated sample description for Education video.
FbCWA0LJ1uZ,24.27.12,Why This Music Video Went Viral,Channel_4288,4,2024-12-25T02:00:00.000Z,trending|review|2024,46654,832,252,764,https://i.ytimg.com/vi/6QKXzP6kqrP/default.jpg,False,False,False,Auto-generated sample description for Music video.
M70k5-vN1-6,24.12.07,Official Howto & Style Highlights,Channel_3669,20,2024-07-11T00:00:00.000Z,official|vlog|live,20608,855,56,311,https://i.ytimg.com/vi/ydM7gDj4GuQ/default.jpg,False,False,False,Auto-generated sample description for Howto & Style video.
A22Orvj78cR,24.19.04,Behind the Scenes: Music,Channel_3092,4,2024-04-18T04:00:00.000Z,live|music|vlog,213811,12191,1586,3424,https://i.ytimg.com/vi/LPEPTvg8hTO/default.jpg,False,False,False,Auto-generated sample description for Music video.
wMtc2T6kqlS,25.04.01,Reacting to Music Trends,Channel_3093,8,2025-01-03T09:00:00.000Z,music|2024|vlog,27558,2102,173,301,https://i.ytimg.com/vi/biwFRau1Mcw/default.jpg,False,False,False,Auto-generated sample description for Music video.
grqDGEJVN2r,24.30.01,Why This Music Video Went Viral,Channel_4764,8,2024-01-27T11:00:00.000Z,review|official|music,104753,7579,883,223,https://i.ytimg.com/vi/pWv4wBAmt-H/default.jpg,False,False,False,Auto-generated sample description for Music video.
G9hky5Yi-P6,25.09.01,Official Music Highlights,Channel_646,4,2025-01-06T04:00:00.000Z,review|live|music,28470,1612,170,438,https://i.ytimg.com/vi/sVmXnX55YPU/default.jpg,False,False,False,Auto-generated sample description for Music video.
XK6PT6y0Pp2,24.04.09,Top 10 Music Moments This Week,Channel_1668,4,2024-08-31T01:00:00.000Z,trending|live|review,198359,13917,852,3654,https://i.ytimg.com/vi/XiAQ_4xKfPc/default.jpg,False,False,False,Auto-generated sample description for Music video.
FtyyPEGWOjH,24.05.06,Why This Music Video Went Viral,Channel_3387,8,2024-06-04T21:00:00.000Z,live|review|music,20933,1135,201,189,https://i.ytimg.com/vi/_uvAKU8qpDU/default.jpg,False,False,False,Auto-generated sample description for Music video.
45lfGJbJjLM,24.21.06,Why This Music Video Went Viral,Channel_3201,8,2024-06-18T22:00:00.000Z,official|review|music,32040,2019,192,203,https://i.ytimg.com/vi/DiyVwrSPTHW/default.jpg,False,False,False,Auto-generated sample description for Music video.
hZICV5HHwD8,24.28.12,Reacting to Gaming Trends,Channel_2089,17,2024-12-27T15:00:00.000Z,review|music|vlog,27547,450,31,33,https://i.ytimg.com/vi/vjL0zzlE92-/default.jpg,False,False,False,Auto-generated sample description for Gaming video.
-rHoLETbBqf,24.11.09,Behind the Scenes: News & Politics,Channel_2601,2,2024-09-10T03:00:00.000Z,review|vlog|trending,2960,71,18,19,https://i.ytimg.com/vi/f9tUS-YepkY/default.jpg,False,False,False,Auto-generated sample description for News & Politics video.
UXsNjdYlCQP,24.10.03,Reacting to Education Trends,Channel_391,10,2024-03-07T01:00:00.000Z,trending|vlog|live,13515,913,109,95,https://i.ytimg.com/vi/cRH7JCy47L0/default.jpg,False,False,False,Auto-generated sample description for Education video.
GhdNqOoZn_R,24.19.04,Top 10 Music Moments This Week,Channel_2655,4,2024-04-19T22:00:00.000Z,2024|official|live,39429,1263,336,52,https://i.ytimg.com/vi/2M-ttNQ3NWL/default.jpg,False,False,False,Auto-generated sample description for Music video.
I_xBO5Sa2Ky,24.18.08,Music Compilation 2024,Channel_2331,4,2024-08-16T21:00:00.000Z,live|review|trending,52239,3061,343,655,https://i.ytimg.com/vi/fp5QYYQL1vv/default.jpg,False,False,False,Auto-generated sample description for Music video.
XXiUzocGO3r,24.25.06,Top 10 Gaming Moments This Week,Channel_4343,17,2024-06-25T09:00:00.000Z,trending|live|2024,44517,2133,211,532,https://i.ytimg.com/vi/rkdJTm3vEpU/default.jpg,False,False,False,Auto-generated sample description for Gaming video.
mF8q5yKi20g,24.10.12,Why This Music Video Went Viral,Channel_3892,8,2024-12-09T05:00:00.000Z,review|official|vlog,69419,4062,483,505,https://i.ytimg.com/vi/zpvWO7e5qxU/default.jpg,False,False,False,Auto-generated sample description for Music video.
U19AM1nNyoZ,24.05.03,Behind the Scenes: Music,Channel_801,8,2024-03-03T09:00:00.000Z,trending|live|official,313273,7147,166,4709,https://i.ytimg.com/vi/rR5pbe5gqWl/default.jpg,False,False,False,Auto-generated sample description for Music video.
jLgicldQ7IQ,24.13.04,News & Politics Compilation 2024,Channel_1715,2,2024-04-13T10:00:00.000Z,music|official|live,541,21,1,8,https://i.ytimg.com/vi/yxf4jT2fIll/default.jpg,False,False,False,Auto-generated sample description for News & Politics video.
o_SqNUEoSew,24.08.03,Official Music Highlights,Channel_1948,4,2024-03-06T19:00:00.000Z,2024|review|live,12906,250,58,109,https://i.ytimg.com/vi/iTCLW7tVL_h/default.jpg,False,False,False,Auto-generated sample description for Music video.
eJDDRSUrHGx,24.02.04,Music Compilation 2024,Channel_140,4,2024-03-29T07:00:00.000Z,review|vlog|2024,25798,1339,28,320,https://i.ytimg.com/vi/3uwsp5CKxvk/default.jpg,False,False,False,Auto-generated sample description for Music video.
imJIRXMdjwa,24.08.07,Top 10 Music Moments This Week,Channel_543,4,2024-07-05T08:00:00.000Z,trending|live|official,26360,1250,48,55,https://i.ytimg.com/vi/BYVNWhpJy_n/default.jpg,False,False,False,Auto-generated sample description for Music video.
tV7jZ8dp5ya,24.17.02,Reacting to Music Trends,Channel_3208,4,2024-02-14T19:00:00.000Z,live|vlog|2024,39229,1347,258,736,https://i.ytimg.com/vi/HYuY7_-tGiQ/default.jpg,False,False,False,Auto-generated sample description for Music video.
SrvCOhuhmGF,24.03.02,Reacting to Autos & Vehicles Trends,Channel_1507,15,2024-01-30T18:00:00.000Z,official|trending|vlog,725,16,3,9,https://i.ytimg.com/vi/XvXTnnEEAqv/default.jpg,False,False,False,Auto-generated sample description for Autos & Vehicles video.
jWzFQiNWtec,24.20.08,Why This Gaming Video Went Viral,Channel_1725,17,2024-08-18T00:00:00.000Z,trending|live|music,9272,350,69,86,https://i.ytimg.com/vi/2n0jdA93aeN/default.jpg,False,False,False,Auto-generated sample description for Gaming video.
ZzMtSLA2vSc,24.22.04,Top 10 Music Moments This Week,Channel_3555,4,2024-04-20T21:00:00.000Z,live|official|trending,103323,2203,858,804,https://i.ytimg.com/vi/n1773bg_L2m/default.jpg,False,False,False,Auto-generated sample description for Music video.
taUzPxFZJij,24.14.01,Why This Music Video Went Viral,Channel_1558,8,2024-01-13T17:00:00.000Z,review|trending|vlog,703580,34474,3284,4137,https://i.ytimg.com/vi/8UX0oxAYPap/default.jpg,False,False,False,Auto-generated sample description for Music video.
jSS95cq3_Lz,25.06.02,Why This Gaming Video Went Viral,Channel_555,17,2025-02-02T09:00:00.000Z,live|2024|music,12035,881,39,81,https://i.ytimg.com/vi/7nZW5EOEroJ/default.jpg,False,False,False,Auto-generated sample description for Gaming video.
cakp_3Ev0ua,25.03.01,Official Music Highlights,Channel_1307,8,2025-01-03T00:00:00.000Z,vlog|2024|live,51134,677,104,675,https://i.ytimg.com/vi/W_gqUuViORN/default.jpg,False,False,False,Auto-generated sample description for Music video.
0ewVeW0NuPh,24.22.02,Reacting to Music Trends,Channel_1929,4,2024-02-20T07:00:00.000Z,vlog|review|trending,52240,1870,129,266,https://i.ytimg.com/vi/E9z_CjyOQ_0/default.jpg,False,False,False,Auto-generated sample description for Music video.
RQizIhob2HL,24.20.09,Official Music Highlights,Channel_372,8,2024-09-20T21:00:00.000Z,vlog|live|music,46841,1820,437,553,https://i.ytimg.com/vi/RXv4KGOAuxl/default.jpg,False,False,False,Auto-generated sample description for Music video.
ArR90e9coeW,24.10.08,Official Autos & Vehicles Highlights,Channel_4251,13,2024-08-09T10:00:00.000Z,trending|vlog|music,4599,145,44,83,https://i.ytimg.com/vi/KBO6RT36S_-/default.jpg,False,False,False,Auto-generated sample description for Autos & Vehicles video.
kOKThol8I0F,24.20.05,Top 10 Gaming Moments This Week,Channel_2672,17,2024-05-16T03:00:00.000Z,vlog|review|official,13885,790,79,234,https://i.ytimg.com/vi/2qlIT_2qg7m/default.jpg,False,False,False,Auto-generated sample description for Gaming video.
oUViuBqKFaM,24.01.01,Top 10 News & Politics Moments This Week,Channel_1248,18,2024-01-01T02:00:00.000Z,2024|vlog|live,5200,315,6,80,https://i.ytimg.com/vi/R7Ay1DoxPYj/default.jpg,False,False,False,Auto-generated sample description for News & Politics video.
sB0ufKr3cnJ,24.17.02,Top 10 Music Moments This Week,Channel_692,8,2024-02-15T12:00:00.000Z,official|vlog|2024,105740,2442,951,1258,https://i.ytimg.com/vi/nZd-9XcIMIf/default.jpg,False,False,False,Auto-generated sample description for Music video.
BxKR1T6agXn,25.02.01,Reacting to Science & Technology Trends,Channel_2372,11,2024-12-29T14:00:00.000Z,trending|review|official,69435,2410,133,926,https://i.ytimg.com/vi/g4svdiUwnRu/default.jpg,False,False,False,Auto-generated sample description for Science & Technology video.
QJIPzUfe1Kj,24.03.02,Behind the Scenes: Music,Channel_3933,4,2024-01-30T20:00:00.000Z,official|vlog|2024,93158,2581,742,198,https://i.ytimg.com/vi/sZB1ExkDaf_/default.jpg,False,False,False,Auto-generated sample description for Music video.
tpIZEXKsfBl,24.25.06,Official Film & Animation Highlights,Channel_4706,5,2024-06-25T16:00:00.000Z,trending|official|review,2622,192,8,23,https://i.ytimg.com/vi/kgZHsANqOat/default.jpg,False,False,False,Auto-generated sample description for Film & Animation video.
vEFnruPNnQV,24.02.05,Official Music Highlights,Channel_966,4,2024-05-01T14:00:00.000Z,live|music|official,70012,3114,587,413,https://i.ytimg.com/vi/wpA7PBvYadL/default.jpg,False,False,False,Auto-generated sample description for Music video.
cYcnDV2h9mk,24.18.10,Gaming Compilation 2024,Channel_4310,17,2024-10-16T10:00:00.000Z,live|trending|music,1138,52,11,10,https://i.ytimg.com/vi/vQ1KZgFtNfi/default.jpg,False,False,False,Auto-generated sample description for Gaming video.
OeVnX5jiU44,24.23.10,Official Film & Animation Highlights,Channel_1937,5,2024-10-22T01:00:00.000Z,2024|review|trending,9729,600,73,34,https://i.ytimg.com/vi/uIN7x0beKas/default.jpg,False,False,False,Auto-generated sample description for Film & Animation video.
2tGL7hpPQpK,24.16.11,Behind the Scenes: Travel & Events,Channel_4222,16,2024-11-14T03:00:00.000Z,music|vlog|trending,15653,170,39,122,https://i.ytimg.com/vi/IC_jy5LKve8/default.jpg,False,False,False,Auto-generated sample description for Travel & Events video.
tmSD0LqY-AQ,24.22.03,Top 10 Science & Technology Moments This Week,Channel_1945,11,2024-03-22T13:00:00.000Z,review|music|2024,13693,736,25,162,https://i.ytimg.com/vi/kFiT58aqbbS/default.jpg,False,False,False,Auto-generated sample description for Science & Technology video.
k0QvzO45WRK,24.27.07,Official Science & Technology Highlights,Channel_3352,11,2024-07-24T22:00:00.000Z,trending|vlog|review,9587,380,73,117,https://i.ytimg.com/vi/PFI_rwgFsTi/default.jpg,False,False,False,Auto-generated sample description for Science & Technology video.
FmdzEDGjChj,24.06.07,Behind the Scenes: Music,Channel_3614,4,2024-07-02T16:00:00.000Z,live|review|trending,36009,1385,29,515,https://i.ytimg.com/vi/Eyi8w1fZ6Ln/default.jpg,False,False,False,Auto-generated sample description for Music video.
FAKPFy_oW9c,24.14.11,Why This Music Video Went Viral,Channel_4321,4,2024-11-12T12:00:00.000Z,2024|review|official,25851,1884,79,291,https://i.ytimg.com/vi/MzGeUOJwx3X/default.jpg,False,False,False,Auto-generated sample description for Music video.
g-NUfDJjv5D,24.16.10,Why This Music Video Went Viral,Channel_4015,8,2024-10-13T17:00:00.000Z,review|music|live,94243,1571,899,1316,https://i.ytimg.com/vi/YBcLBj-ZNqK/default.jpg,False,False,False,Auto-generated sample description for Music video.
egqeFrx_p7G,24.11.04,Top 10 Music Moments This Week,Channel_3483,8,2024-04-09T14:00:00.000Z,official|2024|vlog,2938,221,24,10,https://i.ytimg.com/vi/Q2TYdkGFJGk/default.jpg,True,False,False,Auto-generated sample description for Music video.
DDx_wa57Kv9,24.23.11,Top 10 Autos & Vehicles Moments This Week,Channel_3983,7,2024-11-20T16:00:00.000Z,review|vlog|music,1887,57,9,36,https://i.ytimg.com/vi/c4L2DFJ3sC_/default.jpg,False,False,False,Auto-generated sample description for Autos & Vehicles video.
6ABlUkfstT9,24.04.04,Why This Music Video Went Viral,Channel_305,8,2024-04-01T14:00:00.000Z,trending|music|2024,133352,2976,772,1319,https://i.ytimg.com/vi/W4wPzchSbXQ/default.jpg,False,False,False,Auto-generated sample description for Music video.
EW4TH3Lq89A,24.18.10,Official Music Highlights,Channel_3778,8,2024-10-14T01:00:00.000Z,official|vlog|trending,17170,844,93,61,https://i.ytimg.com/vi/q6655lg6ye6/default.jpg,False,False,False,Auto-generated sample description for Music video.
Iz3tC6fxzpx,24.02.05,Why This Music Video Went Viral,Channel_4391,8,2024-05-02T13:00:00.000Z,live|2024|review,80155,4513,276,852,https://i.ytimg.com/vi/5bcezPhPFdX/default.jpg,False,False,False,Auto-generated sample description for Music video.
V1o4Gx8rgV3,24.15.08,Official Music Highlights,Channel_4819,4,2024-08-13T09:00:00.000Z,live|official|trending,478112,37602,1013,7540,https://i.ytimg.com/vi/lhW2auj5NBy/default.jpg,False,False,False,Auto-generated sample description for Music video.
bCJfhSc-TkH,24.03.09,Why This Music Video Went Viral,Channel_1741,4,2024-09-02T19:00:00.000Z,review|music|trending,2344,144,5,35,https://i.ytimg.com/vi/G6EF1Pl2G40/default.jpg,False,False,False,Auto-generated sample description for Music video.
HO9MKAEEMIy,24.12.04,Official Music Highlights,Channel_2967,4,2024-04-08T22:00:00.000Z,trending|vlog|official,53780,1483,358,667,https://i.ytimg.com/vi/RKsbJeqjfg4/default.jpg,False,False,False,Auto-generated sample description for Music video.
M8jCL5ibZXY,24.27.04,Howto & Style Compilation 2024,Channel_1099,20,2024-04-24T22:00:00.000Z,2024|official|review,2365,172,18,2,https://i.ytimg.com/vi/VSlp7D_IbK4/default.jpg,False,False,False,Auto-generated sample description for Howto & Style video.
EAEezzbBhrS,24.19.10,Behind the Scenes: Music,Channel_2663,8,2024-10-17T21:00:00.000Z,official|live|vlog,171672,5575,1204,1209,https://i.ytimg.com/vi/9ZDJ4MRofMX/default.jpg,False,False,False,"Auto-generated sample description for Music video.
Second line inside a quoted CSV field."
j4QmW4Lp6Lj,24.24.09,Music Compilation 2024,Channel_3360,4,2024-09-21T12:00:00.000Z,live|music|review,71753,5311,171,1192,https://i.ytimg.com/vi/4uTXdJT4gNg/default.jpg,False,False,False,Auto-generated sample description for Music video.
krOzJGmePLV,24.06.09,Music Compilation 2024,Channel_4995,8,2024-09-02T03:00:00.000Z,music|live|trending,770515,54167,2665,5477,https://i.ytimg.com/vi/eOnH72lSdCQ/default.jpg,False,False,False,Auto-generated sample description for Music video.
mnmGBDu9lR4,24.03.09,Behind the Scenes: Music,Channel_2901,8,2024-09-03T17:00:00.000Z,official|review|2024,29454,965,187,256,https://i.ytimg.com/vi/u8WNWH_mEAw/default.jpg,False,False,False,Auto-generated sample description for Music video.
wJPmpbMVaEb,24.10.09,Why This Music Video Went Viral,Channel_2439,4,2024-09-09T13:00:00.000Z,live|official|review,1657827,46933,6222,25019,https://i.ytimg.com/vi/5DIVkw8T_76/default.jpg,False,False,False,Auto-generated sample description for Music video.
BpuSl-a8zzl,24.25.09,Why This Music Video Went Viral,Channel_4120,4,2024-09-23T16:00:00.000Z,live|vlog|music,222342,13055,1624,4170,https://i.ytimg.com/vi/l33X_jZ1AB9/default.jpg,False,False,False,Auto-generated sample description for Music video.
2f_ucgQQ6Oy,24.27.01,Top 10 Film & Animation Moments This Week,Channel_1240,19,2024-01-27T21:00:00.000Z,vlog|music|live,16769,1067,137,72,https://i.ytimg.com/vi/PALU_T6kOP9/default.jpg,False,False,False,Auto-generated sample description for Film & Animation video.
P8I9ob7bCWH,24.14.01,Official News & Politics Highlights,Channel_1224,18,2024-01-12T18:00:00.000Z,music|official|trending,7815,541,29,35,https://i.ytimg.com/vi/Ymd6wH0urE5/default.jpg,False,False,False,Auto-generated sample description for News & Politics video.
HzcvGgpfsgT,24.25.04,Why This Music Video Went Viral,Channel_4280,4,2024-04-22T11:00:00.000Z,live|2024|review,1343761,100677,6378,7448,https://i.ytimg.com/vi/U0-3kuBwZ2s/default.jpg,False,False,False,Auto-generated sample description for Music video.
pY8FU1C4ZlA,24.01.12,Behind the Scenes: News & Politics,Channel_3354,2,2024-12-01T19:00:00.000Z,trending|official|review,23734,863,158,233,https://i.ytimg.com/vi/B6QoSeDgMJB/default.jpg,False,False,False,Auto-generated sample description for News & Politics video.
foCDQcazMXY,25.25.01,Why This Music Video Went Viral,Channel_262,8,2025-01-25T18:00:00.000Z,review|music|trending,18957,448,31,117,https://i.ytimg.com/vi/PKIsl95t0TF/default.jpg,False,False,False,Auto-generated sample description for Music video.
0j8Cq6AkVXL,24.17.08,Reacting to Autos & Vehicles Trends,Channel_175,13,2024-08-13T22:00:00.000Z,music|review|2024,40684,2555,85,747,https://i.ytimg.com/vi/1h6oaFoCPdw/default.jpg,False,False,False,Auto-generated sample description for Autos & Vehicles video.
rtmjN8TwcBh,25.02.02,Reacting to Music Trends,Channel_872,8,2025-01-29T01:00:00.000Z,music|live|trending,407844,30221,2428,2254,https://i.ytimg.com/vi/5oxtFyAcWCf/default.jpg,False,False,False,Auto-generated sample description for Music video.
8T-Ms2GQWrr,24.15.01,Official Music Highlights,Channel_3638,8,2024-01-14T11:00:00.000Z,trending|vlog|official,100225,5089,587,82,https://i.ytimg.com/vi/dtQduRNFXQ5/default.jpg,False,True,False,Auto-generated sample description for Music video.
tpxTQ0yc87H,24.22.11,Official Music Highlights,Channel_323,8,2024-11-20T22:00:00.000Z,music|review|official,27409,1661,73,164,https://i.ytimg.com/vi/M4j6jfEdo31/default.jpg,False,False,False,Auto-generated sample description for Music video.
clhXKDrgPtk,24.07.01,Behind the Scenes: Music,Channel_564,8,2024-01-07T22:00:00.000Z,trending|official|vlog,5558,311,7,75,https://i.ytimg.com/vi/02itdZ3FhGl/default.jpg,False,False,False,Auto-generated sample description for Music video.
y8lKV6MNs-x,24.04.09,Music Compilation 2024,Channel_3927,4,2024-09-03T04:00:00.000Z,music|official|review,87230,4472,711,329,https://i.ytimg.com/vi/QdW5kcwUf-k/default.jpg,False,True,False,Auto-generated sample description for Music video.
mQzyHqKd8G7,24.14.02,Music Compilation 2024,Channel_4416,4,2024-02-11T20:00:00.000Z,trending|vlog|live,32654,402,86,95,https://i.ytimg.com/vi/tcD_RQbT2Ni/default.jpg,False,False,False,Auto-generated sample description for Music video.
nZzJZaHbdBd,24.06.08,Music Compilation 2024,Channel_674,8,2024-08-05T22:00:00.000Z,2024|trending|live,49921,3786,266,712,https://i.ytimg.com/vi/ohVRIP-tAiV/default.jpg,False,False,False,Auto-generated sample description for Music video.
y2wi7b_KCKj,24.22.02,Why This Music Video Went Viral,Channel_1284,8,2024-02-22T20:00:00.000Z,music|2024|vlog,407360,25633,2935,955,https://i.ytimg.com/vi/_9RoP1pXESl/default.jpg,False,False,False,Auto-generated sample description for Music video.
XgVUFgw47n8,24.14.04,Behind the Scenes: Music,Channel_3321,8,2024-04-12T22:00:00.000Z,live|2024|music,5771,344,39,15,https://i.ytimg.com/vi/lAm2vO6FSzf/default.jpg,False,False,False,Auto-generated sample description for Music video.
g3fY8iNlOmi,24.21.12,Behind the Scenes: Music,Channel_4037,8,2024-12-20T14:00:00.000Z,music|review|vlog,7883,395,13,54,https://i.ytimg.com/vi/Az1Uj4YykuH/default.jpg,False,False,False,Auto-generated sample description for Music video.
W6e-Ij4OJ78,24.15.01,Official Music Highlights,Channel_3119,8,2024-01-12T13:00:00.000Z,music|live|vlog,28063,472,186,106,https://i.ytimg.com/vi/5XotxmUQGLN/default.jpg,False,False,False,Auto-generated sample description for Music video.
LGdOal1ljXB,24.19.12,Why This Education Video Went Viral,Channel_3916,10,2024-12-18T20:00:00.000Z,vlog|official|trending,25059,766,229,463,https://i.ytimg.com/vi/WuWV0BFt9PU/default.jpg,False,False,False,Auto-generated sample description for Education video.
sdlbMeb4SSl,24.08.11,Gaming Compilation 2024,Channel_1606,17,2024-11-07T13:00:00.000Z,trending|2024|official,43737,3420,190,288,https://i.ytimg.com/vi/meniIP_1XjF/default.jpg,False,False,False,Auto-generated sample description for Gaming video.
-jE9aq68u0y,24.29.07,Why This Music Video Went Viral,Channel_4250,4,2024-07-27T16:00:00.000Z,official|trending|vlog,130764,4688,356,2349,https://i.ytimg.com/vi/xz5HnGCW6e5/default.jpg,False,False,False,Auto-generated sample description for Music video.
S77H0u4KBnf,24.13.02,Behind the Scenes: Music,Channel_4882,4,2024-02-11T12:00:00.000Z,live|music|official,11750,804,98,48,https://i.ytimg.com/vi/M4CoLBZl6Zd/default.jpg,False,False,False,Auto-generated sample description for Music video.
kUw0kCWT-dd,24.01.11,Official Music Highlights,Channel_4380,8,2024-11-01T19:00:00.000Z,live|trending|music,514812,26690,4577,8406,https://i.ytimg.com/vi/0i0IgUwHmva/default.jpg,False,False,False,Auto-generated sample description for Music video.
4f0T3rX09_8,24.23.12,Music Compilation 2024,Channel_3965,4,2024-12-21T22:00:00.000Z,review|trending|official,24744,593,210,77,https://i.ytimg.com/vi/HlKJ6mqL9Fo/default.jpg,False,False,False,Auto-generated sample description for Music video.
TlduJvu6qUf,24.13.12,Official News & Politics Highlights,Channel_890,2,2024-12-09T14:00:00.000Z,2024|official|trending,3439,50,11,56,https://i.ytimg.com/vi/zO4q_VVwEv2/default.jpg,False,False,False,Auto-generated sample description for News & Politics video.
1-5bqyflW5o,24.23.12,Why This Film & Animation Video Went Viral,Channel_3190,19,2024-12-20T09:00:00.000Z,2024|official|trending,18288,1292,177,282,https://i.ytimg.com/vi/alLdoMjZhJe/default.jpg,True,False,False,Auto-generated sample description for Film & Animation video.
8VEN6qHqzL5,24.08.05,Reacting to Gaming Trends,Channel_1831,17,2024-05-06T03:00:00.000Z,trending|2024|official,4196,205,31,11,https://i.ytimg.com/vi/6jU69Nc47NT/default.jpg,False,False,False,Auto-generated sample description for Gaming video.
AVtX5q36t3A,24.27.03,Music Compilation 2024,Channel_2643,4,2024-03-26T21:00:00.000Z,review|live|music,227368,4551,1382,341,https://i.ytimg.com/vi/vSjkvUfVJ8u/default.jpg,False,False,False,Auto-generated sample description for Music video.
33D4FeHbSxw,24.04.04,Official Music Highlights,Channel_1257,8,2024-03-31T00:00:00.000Z,vlog|review|music,26129,1122,232,399,https://i.ytimg.com/vi/oEDCVgITUfb/default.jpg,False,False,False,Auto-generated sample description for Music video.
g-DeN-ABIdK,24.16.09,Behind the Scenes: Music,Channel_4251,8,2024-09-15T13:00:00.000Z,trending|2024|music,16211,898,44,63,https://i.ytimg.com/vi/-9lQ6pOsr9b/default.jpg,False,False,False,Auto-generated sample description for Music video.
ak95BP80BCe,24.10.10,Why This Music Video Went Viral,Channel_2822,4,2024-10-06T01:00:00.000Z,trending|review|official,41119,1817,400,260,https://i.ytimg.com/vi/lPw-C58cDx2/default.jpg,False,False,False,Auto-generated sample description for Music video.
SMdPkPba1X9,24.14.03,Official Music Highlights,Channel_1766,8,2024-03-10T04:00:00.000Z,vlog|live|music,44712,1074,74,823,https://i.ytimg.com/vi/puN_PVGhQpU/default.jpg,False,False,False,Auto-generated sample description for Music video.
yhzMUGtH8nY,24.15.02,Pets & Animals Compilation 2024,Channel_3423,1,2024-02-14T10:00:00.000Z,live|trending|vlog,7984,535,22,33,https://i.ytimg.com/vi/dDM2NtzIDdO/default.jpg,False,False,False,Auto-generated sample description for Pets & Animals video.
YeF_RnIVNa7,25.18.01,Top 10 Music Moments This Week,Channel_271,4,2025-01-17T02:00:00.000Z,trending|live|vlog,9540,235,40,165,https://i.ytimg.com/vi/AYbWWXq-a5g/default.jpg,False,True,False,Auto-generated sample description for Music video.
sh-i-tz7FT9,24.20.07,Top 10 Music Moments This Week,Channel_3310,4,2024-07-16T01:00:00.000Z,review|official|music,965022,54782,8233,676,https://i.ytimg.com/vi/e40vxO8C_7r/default.jpg,False,False,False,Auto-generated sample description for Music video.
Kep4FLMWMIH,24.16.05,Official Music Highlights,Channel_455,8,2024-05-14T09:00:00.000Z,music|vlog|live,7529,411,30,61,https://i.ytimg.com/vi/-Aiwm1o9EY_/default.jpg,False,False,False,Auto-generated sample description for Music video.
WYhO5RuJzj0,24.29.11,Reacting to Music Trends,Channel_2339,8,2024-11-25T08:00:00.000Z,2024|vlog|music,82555,5441,567,1138,https://i.ytimg.com/vi/GO4gmCXKkzJ/default.jpg,False,True,False,Auto-generated sample description for Music video.
t-Bxw4_oU_1,24.23.06,Top 10 Music Moments This Week,Channel_1656,8,2024-06-23T11:00:00.000Z,music|live|2024,32590,881,32,565,https://i.ytimg.com/vi/2LnUrdVUawj/default.jpg,False,False,False,Auto-generated sample description for Music video.
G0hlmX9GqPT,24.18.06,Official Music Highlights,Channel_936,8,2024-06-16T14:00:00.000Z,2024|music|live,14655,556,52,212,https://i.ytimg.com/vi/dHAGi1jV79d/default.jpg,False,False,False,Auto-generated sample description for Music video.
-g3kicTMI8K,24.24.06,Why This Science & Technology Video Went Viral,Channel_3712,11,2024-06-23T22:00:00.000Z,music|live|review,6203,327,28,38,https://i.ytimg.com/vi/0r0ajm1qOy-/default.jpg,False,False,False,Auto-generated sample description for Science & Technology video.
pfnRtPRQL0Y,24.22.01,Why This Music Video Went Viral,Channel_1677,8,2024-01-19T15:00:00.000Z,trending|live|review,73739,835,477,79,https://i.ytimg.com/vi/6AQ2hrTeS-_/default.jpg,False,False,False,Auto-generated sample description for Music video.
Sc0uXzQR12S,24.25.08,Behind the Scenes: Music,Channel_971,8,2024-08-21T20:00:00.000Z,2024|vlog|music,2841,212,14,50,https://i.ytimg.com/vi/w-6PLRO_0uy/default.jpg,False,False,False,Auto-generated sample description for Music video.
ye7Gna6SWMQ,24.06.01,Behind the Scenes: Film & Animation,Channel_3090,19,2024-01-06T04:00:00.000Z,live|2024|vlog,3163,192,28,3,https://i.ytimg.com/vi/7KD3dzqZjbC/default.jpg,False,False,False,Auto-generated sample description for Film & Animation video.
ZcQZee0bK9d,24.12.12,Why This Music Video Went Viral,Channel_3092,8,2024-12-11T03:00:00.000Z,official|review|music,122898,8987,1101,334,https://i.ytimg.com/vi/WXWvUD2Utyn/default.jpg,False,False,False,Auto-generated sample description for Music video.
8dfPp_a-KRF,24.01.07,Why This News & Politics Video Went Viral,Channel_308,2,2024-06-28T01:00:00.000Z,music|review|2024,3530,104,11,21,https://i.ytimg.com/vi/IDtYWsQRlbw/default.jpg,False,False,False,Auto-generated sample description for News & Politics video.
exR2p4ikAV7,24.14.07,Official Science & Technology Highlights,Channel_3586,11,2024-07-11T02:00:00.000Z,2024|music|trending,9219,490,17,134,https://i.ytimg.com/vi/FF99PMxISHH/default.jpg,False,False,False,Auto-generated sample description for Science & Technology video.
cG8Qj_leIHy,24.18.06,Reacting to Music Trends,Channel_2532,4,2024-06-15T17:00:00.000Z,2024|review|live,51644,3444,469,658,https://i.ytimg.com/vi/zt3HvJMndXV/default.jpg,False,False,False,Auto-generated sample description for Music video.
ShvVZKrsflD,24.21.08,Music Compilation 2024,Channel_2047,4,2024-08-18T10:00:00.000Z,2024|vlog|review,34658,2203,217,402,https://i.ytimg.com/vi/QG7VIFzCrVE/default.jpg,False,False,False,Auto-generated sample description for Music video.
qiJGqxLTXbi,24.29.10,Gaming Compilation 2024,Channel_2300,17,2024-10-28T14:00:00.000Z,review|official|vlog,1384,34,8,17,https://i.ytimg.com/vi/YGztXiGtnDP/default.jpg,False,False,False,Auto-generated sample description for Gaming video.
63mw-mLQ4C8,24.16.10,Top 10 Music Moments This Week,Channel_4746,8,2024-10-15T20:00:00.000Z,official|vlog|live,134517,4572,515,1623,https://i.ytimg.com/vi/jZkSLvCF6MW/default.jpg,False,False,False,Auto-generated sample description for Music video.
kgTartzQA4_,24.15.08,Official Music Highlights,Channel_2677,8,2024-08-12T20:00:00.000Z,live|2024|vlog,148619,3577,96,2096,https://i.ytimg.com/vi/12X98X__lWF/default.jpg,False,False,False,Auto-generated sample description for Music video.
d0aVJk295sw,24.08.02,Behind the Scenes: Music,Channel_2164,4,2024-02-04T20:00:00.000Z,official|review|trending,11988,954,55,92,https://i.ytimg.com/vi/mryjm0wvnpE/default.jpg,False,False,False,Auto-generated sample description for Music video.
uUEbrjrHKNS,24.01.08,Reacting to Music Trends,Channel_1231,8,2024-08-01T04:00:00.000Z,trending|official|live,451435,15054,2174,1781,https://i.ytimg.com/vi/Y1u57mUQFTo/default.jpg,False,False,False,Auto-generated sample description for Music video.
d6w7fs60WP8,24.19.08,Behind the Scenes: Education,Channel_3771,10,2024-08-17T11:00:00.000Z,vlog|review|live,575,12,2,3,https://i.ytimg.com/vi/qyqw0rR5HiC/default.jpg,False,False,False,Auto-generated sample description for Education video.
1_4BxzvdmZq,24.02.06,Music Compilation 2024,Channel_4285,4,2024-06-01T03:00:00.000Z,live|vlog|2024,61381,823,235,727,https://i.ytimg.com/vi/F0S4Gp0Z79V/default.jpg,False,False,False,Auto-generated sample description for Music video.
fzzaeLxaMIh,24.05.03,Why This Music Video Went Viral,Channel_3156,4,2024-03-03T09:00:00.000Z,official|2024|trending,41038,3231,207,748,https://i.ytimg.com/vi/mcRyR7g5WsY/default.jpg,False,False,False,Auto-generated sample description for Music video.
7zWFr2JMvCM,24.16.12,Why This Music Video Went Viral,Channel_1366,8,2024-12-13T15:00:00.000Z,2024|music|official,38433,1206,247,727,https://i.ytimg.com/vi/WMclql1qlz5/default.jpg,False,False,False,Auto-generated sample description for Music video.
bWSXcZOi68x,24.19.07,Why This Music Video Went Viral,Channel_4995,8,2024-07-17T16:00:00.000Z,live|2024|review,221243,10861,1953,4060,https://i.ytimg.com/vi/SBDm58EVBka/default.jpg,False,False,False,Auto-generated sample description for Music video.
KitYlP1iZ2R,24.16.06,Official Gaming Highlights,Channel_4630,17,2024-06-15T18:00:00.000Z,official|review|2024,12250,686,19,38,https://i.ytimg.com/vi/Aly-NS9rd5a/default.jpg,False,True,False,Auto-generated sample description for Gaming video.
KiLLIehjEBR,24.26.03,Why This Music Video Went Viral,Channel_574,4,2024-03-22T10:00:00.000Z,official|live|music,33825,726,326,76,https://i.ytimg.com/vi/iCB6jVr7Sp4/default.jpg,False,False,False,Auto-generated sample description for Music video.
2GUlUKDdM0y,24.01.09,Why This Music Video Went Viral,Channel_3143,8,2024-08-30T02:00:00.000Z,vlog|trending|live,179556,6975,1168,169,https://i.ytimg.com/vi/bKflKW70tJd/default.jpg,False,False,False,Auto-generated sample description for Music video.
p0CWmSxOP-V,24.13.05,Reacting to Music Trends,Channel_4256,4,2024-05-10T04:00:00.000Z,live|trending|review,71853,4738,393,881,https://i.ytimg.com/vi/zpdjMHCixRc/default.jpg,False,False,False,Auto-generated sample description for Music video.
bhhN6BXCOEd,24.11.11,Official Music Highlights,Channel_2798,8,2024-11-07T10:00:00.000Z,vlog|live|official,62788,1093,108,518,https://i.ytimg.com/vi/01bJfwQLUnh/default.jpg,False,False,False,
86527MWxZUB,24.24.02,Behind the Scenes: Music,Channel_1992,8,2024-02-23T18:00:00.000Z,official|review|vlog,8690,188,11,67,https://i.ytimg.com/vi/IWtzFm5ucPz/default.jpg,False,False,False,Auto-generated sample description for Music video.
qyDnw2uCg74,24.20.11,Why This Music Video Went Viral,Channel_4877,4,2024-11-16T02:00:00.000Z,2024|music|review,8353,244,81,123,https://i.ytimg.com/vi/IK3vEfTxCi4/default.jpg,False,False,False,Auto-generated sample description for Music video.
nSKXwpBn7hX,24.05.07,Reacting to Music Trends,Channel_2049,4,2024-07-03T02:00:00.000Z,2024|trending|music,237511,5347,1336,3007,https://i.ytimg.com/vi/50Ss5l6DirR/default.jpg,False,False,False,Auto-generated sample description for Music video.
YFaBEbRCqOx,24.07.05,Behind the Scenes: Music,Channel_2341,8,2024-05-06T19:00:00.000Z,official|review|2024,41043,2569,206,407,https://i.ytimg.com/vi/VpzZKLxr0Ou/default.jpg,False,False,False,Auto-generated sample description for Music video.
55N-BD_adkt,24.09.08,Reacting to Pets & Animals Trends,Channel_2754,12,2024-08-06T20:00:00.000Z,vlog|music|live,28878,2290,144,437,https://i.ytimg.com/vi/hTBr6rmMdW2/default.jpg,False,True,False,Auto-generated sample description for Pets & Animals video.
LRzAHIbYEmq,24.23.04,Reacting to News & Politics Trends,Channel_2846,18,2024-04-22T20:00:00.000Z,2024|review|trending,409640,29469,1390,206,https://i.ytimg.com/vi/cEZfh8QDs1K/default.jpg,False,False,False,Auto-generated sample description for News & Politics video.
2eSkJELbmGH,24.25.01,Reacting to Howto & Style Trends,Channel_64,20,2024-01-23T07:00:00.000Z,2024|review|official,3766,54,7,43,https://i.ytimg.com/vi/g4wkc-1mQS6/default.jpg,False,False,False,Auto-generated sample description for Howto & Style video.
ACS1fHYj1BO,24.16.04,Pets & Animals Compilation 2024,Channel_3365,1,2024-04-14T18:00:00.000Z,music|review|live,1538,57,9,15,https://i.ytimg.com/vi/zjk4vNemo0t/default.jpg,False,True,False,Auto-generated sample description for Pets & Animals video.
S0yccQ7eOOv,24.13.09,Why This Autos & Vehicles Video Went Viral,Channel_2527,7,2024-09-12T15:00:00.000Z,trending|official|music,1517,32,6,10,https://i.ytimg.com/vi/KfaY8jAFw0k/default.jpg,False,False,False,Auto-generated sample description for Autos & Vehicles video.
Pxu9YvjYdIy,24.31.12,Top 10 Music Moments This Week,Channel_3045,4,2024-12-31T11:00:00.000Z,trending|2024|vlog,669142,8781,5011,2220,https://i.ytimg.com/vi/x2PISZnILT6/default.jpg,False,False,False,Auto-generated sample description for Music video.
B18W1qcIl_C,24.28.02,Music Compilation 2024,Channel_1517,4,2024-02-24T19:00:00.000Z,vlog|review|live,30573,822,263,418,https://i.ytimg.com/vi/3e9VUT5LCqG/default.jpg,False,False,False,Auto-generated sample description for Music video.
7P-YU-swAzs,24.13.09,Official Gaming Highlights,Channel_4401,17,2024-09-11T19:00:00.000Z,vlog|trending|music,20509,243,144,317,https://i.ytimg.com/vi/nlUOgwM1hBg/default.jpg,False,False,False,Auto-generated sample description for Gaming video.
IMGFWzKaxmF,24.29.05,Reacting to News & Politics Trends,Channel_1910,18,2024-05-28T05:00:00.000Z,music|official|2024,10097,515,77,10,https://i.ytimg.com/vi/aTlwbqMtSrW/default.jpg,False,False,False,Auto-generated sample description for News & Politics video.
e7YcrITphsb,24.21.02,Behind the Scenes: Music,Channel_3546,8,2024-02-21T04:00:00.000Z,2024|official|music,6760,537,52,32,https://i.ytimg.com/vi/qHkzBI9P1Eo/default.jpg,False,False,False,Auto-generated sample description for Music video.
fsLhwfLRbba,24.04.07,Film & Animation Compilation 2024,Channel_3594,19,2024-06-30T17:00:00.000Z,music|trending|live,11714,132,87,26,https://i.ytimg.com/vi/dMpsgGlcPbX/default.jpg,False,False,False,Auto-generated sample description for Film & Animation video.
O9mkhtdvl_K,24.10.11,Why This Music Video Went Viral,Channel_3943,8,2024-11-08T18:00:00.000Z,review|official|music,4208677,123538,18284,64407,https://i.ytimg.com/vi/aNjHRc4hgz5/default.jpg,False,False,False,Auto-generated sample description for Music video.
9-3CQR1mcYQ,25.17.01,Behind the Scenes: Music,Channel_4224,8,2025-01-13T07:00:00.000Z,vlog|2024|official,33594,1563,114,80,https://i.ytimg.com/vi/JMbt3c8JzTm/default.jpg,False,False,False,Auto-generated sample description for Music video.
9ws9nBqcVkg,25.07.01,Behind the Scenes: Music,Channel_4333,4,2025-01-05T04:00:00.000Z,music|official|2024,51768,1467,399,716,https://i.ytimg.com/vi/Ld4zozozY7m/default.jpg,False,False,False,Auto-generated sample description for Music video.
xYHWtOVsQJN,24.20.08,Top 10 Howto & Style Moments This Week,Channel_4324,20,2024-08-18T06:00:00.000Z,trending|official|live,5943,318,48,30,https://i.ytimg.com/vi/Hb8W_cCVp_W/default.jpg,False,False,False,Auto-generated sample description for Howto & Style video.
4zM7tH2_ZQn,24.15.01,Behind the Scenes: Music,Channel_2083,4,2024-01-11T20:00:00.000Z,official|live|review,11134,710,63,119,https://i.ytimg.com/vi/6mjSRJidliA/default.jpg,False,False,False,Auto-generated sample description for Music video.
Gxw7A6wUh5v,24.09.10,Behind the Scenes: News & Politics,Channel_3955,18,2024-10-09T07:00:00.000Z,vlog|music|live,9146,592,85,179,https://i.ytimg.com/vi/nnJODOjeHaN/default.jpg,False,False,False,Auto-generated sample description for News & Politics video.
pYPCqARr3cT,24.20.04,Reacting to News & Politics Trends,Channel_3390,18,2024-04-16T16:00:00.000Z,live|2024|vlog,822,42,0,14,https://i.ytimg.com/vi/7ogy6ewD09A/default.jpg,False,False,False,Auto-generated sample description for News & Politics video.
0fVuiUeagMz,24.08.09,Reacting to Education Trends,Channel_2556,10,2024-09-07T01:00:00.000Z,2024|music|official,7186,193,42,31,https://i.ytimg.com/vi/vknbsCcdUhL/default.jpg,False,False,False,Auto-generated sample description for Education video.
KXGwN9ArV1e,24.18.02,Music Compilation 2024,Channel_3187,4,2024-02-16T20:00:00.000Z,2024|live|review,10306,263,88,167,https://i.ytimg.com/vi/iaY6w5raMmO/default.jpg,False,False,False,Auto-generated sample description for Music video.
Gx9mJOQftat,24.02.03,Official Nonprofits & Activism Highlights,Channel_2577,9,2024-03-02T02:00:00.000Z,live|2024|music,10115,427,7,199,https://i.ytimg.com/vi/GBjOUy979Kv/default.jpg,False,False,False,Auto-generated sample description for Nonprofits & Activism video.
EI4JlpL_cEd,25.18.01,Why This Music Video Went Viral,Channel_168,8,2025-01-15T09:00:00.000Z,trending|review|music,75033,1846,104,470,https://i.ytimg.com/vi/zY5aZexBQJW/default.jpg,False,False,False,Auto-generated sample description for Music video.
SGKZ9gJyZPg,24.15.08,Why This Music Video Went Viral,Channel_3888,8,2024-08-15T21:00:00.000Z,2024|review|music,78737,2897,700,300,https://i.ytimg.com/vi/HOp4xVKZtUB/default.jpg,False,False,False,Auto-generated sample description for Music video.
v6PE3lxCzmS,24.28.04,Behind the Scenes: Music,Channel_3276,4,2024-04-28T04:00:00.000Z,vlog|official|music,14295,594,112,145,https://i.ytimg.com/vi/tWGIsT_5Db1/default.jpg,False,False,False,Auto-generated sample description for Music video.
C-RKUZSFQjk,24.15.09,Reacting to Film & Animation Trends,Channel_4387,5,2024-09-15T18:00:00.000Z,2024|official|music,4647,289,19,35,https://i.ytimg.com/vi/RcoKbTf3c7V/default.jpg,False,True,False,Auto-generated sample description for Film & Animation video.
XfFgaF6Crzp,25.05.01,Why This Autos & Vehicles Video Went Viral,Channel_1611,13,2025-01-03T10:00:00.000Z,music|vlog|live,33196,716,67,500,https://i.ytimg.com/vi/k-UOPNukcey/default.jpg,False,False,False,Auto-generated sample description for Autos & Vehicles video.
TUhy4tSz4Ub,24.12.01,Behind the Scenes: Music,Channel_2376,8,2024-01-10T01:00:00.000Z,live|review|2024,35446,1051,170,328,https://i.ytimg.com/vi/YH14S-aPD7f/default.jpg,False,False,False,Auto-generated sample description for Music video.
e_g8TiEK4Ll,24.21.05,Top 10 Music Moments This Week,Channel_3494,4,2024-05-19T03:00:00.000Z,vlog|music|live,6801,411,21,70,https://i.ytimg.com/vi/ClX7vLlSgis/default.jpg,False,False,False,Auto-generated sample description for Music video.
o0ZpGHb9vrA,24.07.04,Official Gaming Highlights,Channel_3135,17,2024-04-03T05:00:00.000Z,live|trending|vlog,2364,172,16,1,https://i.ytimg.com/vi/XZOTqTs57EV/default.jpg,False,False,False,Auto-generated sample description for Gaming video.
GoY5_9lvRtG,24.06.12,Reacting to Music Trends,Channel_2894,8,2024-12-02T17:00:00.000Z,music|review|live,13500,791,30,255,https://i.ytimg.com/vi/mN1RXrRJFCR/default.jpg,False,False,False,Auto-generated sample description for Music video.
3CY6Js7f5Xb,24.18.12,Official Music Highlights,Channel_2172,4,2024-12-15T06:00:00.000Z,official|vlog|music,21434,1544,54,232,https://i.ytimg.com/vi/XF3uHRf3qwD/default.jpg,False,False,False,Auto-generated sample description for Music video.
wk8EIhLlYgV,24.26.10,Reacting to Nonprofits & Activism Trends,Channel_4856,9,2024-10-25T16:00:00.000Z,official|review|2024,55259,1181,99,107,https://i.ytimg.com/vi/bw5ICxC1rGw/default.jpg,False,False,False,Auto-generated sample description for Nonprofits & Activism video.
GBtb_U8FV6r,25.05.01,Music Compilation 2024,Channel_4968,4,2025-01-03T16:00:00.000Z,music|live|vlog,26139,1855,16,186,https://i.ytimg.com/vi/-iF5ICBZQ-H/default.jpg,False,False,False,Auto-generated sample description for Music video.
4CXW-5MeEKf,24.22.05,Why This News & Politics Video Went Viral,Channel_1346,2,2024-05-21T02:00:00.000Z,vlog|music|review,768,36,0,3,https://i.ytimg.com/vi/w1-QTmD1sSA/default.jpg,False,False,False,Auto-generated sample description for News & Politics video.
LCYFF7c1U0T,24.11.09,Why This Music Video Went Viral,Channel_4818,4,2024-09-08T00:00:00.000Z,official|trending|vlog,47952,1898,138,328,https://i.ytimg.com/vi/FoW9omp0rQf/default.jpg,False,False,False,Auto-generated sample description for Music video.
1653xQtIJYE,24.30.03,Official Film & Animation Highlights,Channel_1180,19,2024-03-28T01:00:00.000Z,review|2024|official,8528,113,9,15,https://i.ytimg.com/vi/2L2BEPn7O-O/default.jpg,False,False,False,Auto-generated sample description for Film & Animation video.
zJ_xxPVoHeM,24.11.06,Reacting to Music Trends,Channel_4751,8,2024-06-10T22:00:00.000Z,trending|2024|live,12444,292,123,235,https://i.ytimg.com/vi/h6NaSsa_ebq/default.jpg,False,False,False,Auto-generated sample description for Music video.
gSg-RkINXwY,24.23.07,Why This Autos & Vehicles Video Went Viral,Channel_2242,15,2024-07-22T05:00:00.000Z,official|2024|trending,76532,6086,537,1416,https://i.ytimg.com/vi/nuEtwVs_yT-/default.jpg,False,False,False,Auto-generated sample description for Autos & Vehicles video.
-tPFiZ5TEkY,24.25.12,Top 10 Music Moments This Week,Channel_686,8,2024-12-25T19:00:00.000Z,vlog|live|music,183744,2816,1282,3536,https://i.ytimg.com/vi/USp_eth7_AU/default.jpg,False,False,False,Auto-generated sample description for Music video.
6PBANvL9LOR,24.03.11,Behind the Scenes: Music,Channel_48,8,2024-11-02T22:00:00.000Z,vlog|review|official,525590,6474,1806,10024,https://i.ytimg.com/vi/GuZ5JB8Zk0z/default.jpg,False,True,False,Auto-generated sample description for Music video.
F8NThKshGpa,24.21.07,Reacting to Science & Technology Trends,Channel_2848,11,2024-07-19T00:00:00.000Z,trending|official|live,37583,2383,317,597,https://i.ytimg.com/vi/yyUTpCrvLWY/default.jpg,False,False,False,Auto-generated sample description for Science & Technology video.
anBtEuD1Vd2,24.19.09,Behind the Scenes: Music,Channel_472,8,2024-09-17T09:00:00.000Z,music|live|trending,14992,591,53,111,https://i.ytimg.com/vi/sqw333syLzq/default.jpg,False,False,False,Auto-generated sample description for Music video.
EJ8NGUVyDri,24.20.12,Official Music Highlights,Channel_2902,8,2024-12-20T10:00:00.000Z,music|review|official,5072,256,31,71,https://i.ytimg.com/vi/f7hKgLToLcf/default.jpg,False,False,False,Auto-generated sample description for Music video.
s24ilwbdE8U,24.15.05,Music Compilation 2024,Channel_4948,4,2024-05-11T10:00:00.000Z,music|live|trending,10509,439,84,162,https://i.ytimg.com/vi/v7UCu2vrP3o/default.jpg,False,False,False,Auto-generated sample description for Music video.
esBsC8bntJl,24.18.01,Behind the Scenes: Pets & Animals,Channel_3947,1,2024-01-15T07:00:00.000Z,music|trending|2024,18973,668,187,299,https://i.ytimg.com/vi/rlafCqCGTHs/default.jpg,False,False,False,Auto-generated sample description for Pets & Animals video.
15NQkRORLzW,24.27.12,Reacting to Music Trends,Channel_3703,4,2024-12-24T15:00:00.000Z,live|trending|music,24710,1588,178,318,https://i.ytimg.com/vi/ltXlX1GSpNk/default.jpg,False,False,False,Auto-generated sample description for Music video.
f3ghYd2CNFp,24.12.03,Top 10 Education Moments This Week,Channel_1839,3,2024-03-09T04:00:00.000Z,vlog|official|review,17163,540,56,211,https://i.ytimg.com/vi/h6K9Zl98559/default.jpg,False,False,False,Auto-generated sample description for Education video.
fhWrUM7UmQH,24.24.03,Music Compilation 2024,Channel_1560,4,2024-03-23T13:00:00.000Z,trending|official|live,20652,506,36,322,https://i.ytimg.com/vi/awQ9sgwoj8C/default.jpg,False,False,False,Auto-generated sample description for Music video.
eMMizPOp6mV,24.05.07,Why This Science & Technology Video Went Viral,Channel_1436,11,2024-07-01T06:00:00.000Z,music|2024|trending,4785,176,23,41,https://i.ytimg.com/vi/FOoAJmEOoo6/default.jpg,False,False,False,Auto-generated sample description for Science & Technology video.
MfForaZW1Bv,24.27.04,Official Music Highlights,Channel_4935,4,2024-04-27T17:00:00.000Z,music|live|review,939333,32175,1384,3592,https://i.ytimg.com/vi/-zmLm31pGWI/default.jpg,False,False,False,Auto-generated sample description for Music video.
I_bXLQ1GC9t,24.17.06,Top 10 Music Moments This Week,Channel_2234,4,2024-06-13T15:00:00.000Z,2024|vlog|review,134352,10200,829,2061,https://i.ytimg.com/vi/Nh1ATZSPRft/default.jpg,False,False,False,Auto-generated sample description for Music video.
3b0DRzLG8We,24.23.11,Top 10 Music Moments This Week,Channel_3836,8,2024-11-23T12:00:00.000Z,official|live|vlog,76141,919,576,106,https://i.ytimg.com/vi/uREUJzfNMGE/default.jpg,False,False,False,Auto-generated sample description for Music video.
iMPi6Rqbbax,24.14.09,Top 10 Music Moments This Week,Channel_2419,4,2024-09-14T03:00:00.000Z,trending|official|vlog,6355,227,45,51,https://i.ytimg.com/vi/reS14CCwisF/default.jpg,False,False,False,Auto-generated sample description for Music video.
ZvDmEiUEV1w,24.17.01,Why This Film & Animation Video Went Viral,Channel_4913,19,2024-01-13T22:00:00.000Z,live|trending|official,19188,1205,33,174,https://i.ytimg.com/vi/bGFlKa50M8Q/default.jpg,False,False,False,Auto-generated sample description for Film & Animation video.
9DH2fHFFHny,24.11.09,Reacting to Pets & Animals Trends,Channel_1587,1,2024-09-09T13:00:00.000Z,official|vlog|trending,1589,16,12,6,https://i.ytimg.com/vi/tTobZR2OU6R/default.jpg,False,False,False,Auto-generated sample description for Pets & Animals video.
uDraSDeMHtn,24.24.08,Travel & Events Compilation 2024,Channel_3510,16,2024-08-23T09:00:00.000Z,2024|trending|live,11726,749,77,29,https://i.ytimg.com/vi/LBLVAnw8RSA/default.jpg,False,False,False,Auto-generated sample description for Travel & Events video.
WAZupHY7eBj,24.19.04,Why This Music Video Went Viral,Channel_3302,4,2024-04-19T18:00:00.000Z,2024|review|vlog,965730,39206,3017,7926,https://i.ytimg.com/vi/8mcsOF2XdSo/default.jpg,False,False,False,Auto-generated sample description for Music video.
ONQ6uT0uxQ8,25.17.01,Top 10 Nonprofits & Activism Moments This Week,Channel_1558,9,2025-01-13T14:00:00.000Z,music|trending|review,11348,574,106,143,https://i.ytimg.com/vi/zzLz67rkhHW/default.jpg,False,False,False,Auto-generated sample description for Nonprofits & Activism video.
9jo2EELPwGu,24.07.11,Official Film & Animation Highlights,Channel_1796,19,2024-11-04T01:00:00.000Z,review|official|music,4347,266,20,30,https://i.ytimg.com/vi/m9jUDsp_F0D/default.jpg,False,False,False,Auto-generated sample description for Film & Animation video.
Bc-d7DrRKyZ,24.05.06,Why This Music Video Went Viral,Channel_4270,4,2024-06-03T16:00:00.000Z,vlog|trending|live,23518,437,157,312,https://i.ytimg.com/vi/DiE7PXAnwD-/default.jpg,False,False,False,Auto-generated sample description for Music video.
avZWvQxrQqZ,24.23.07,Why This Howto & Style Video Went Viral,Channel_4007,20,2024-07-22T05:00:00.000Z,trending|2024|music,173,11,0,2,https://i.ytimg.com/vi/g0cuEy7OGyf/default.jpg,False,False,False,Auto-generated sample description for Howto & Style video.
WnbuSkhDU_j,24.25.07,Reacting to Music Trends,Channel_3221,8,2024-07-22T15:00:00.000Z,music|live|review,39728,1029,320,250,https://i.ytimg.com/vi/qh-VfCQiwkN/default.jpg,False,False,False,Auto-generated sample description for Music video.
5i9bPuB31Br,24.26.12,Reacting to Music Trends,Channel_4653,8,2024-12-25T21:00:00.000Z,2024|official|trending,55205,4145,224,447,https://i.ytimg.com/vi/k-bHSsWxIks/default.jpg,False,False,False,Auto-generated sample description for Music video.
0f0Hwht9EK9,24.26.12,Reacting to Autos & Vehicles Trends,Channel_1777,7,2024-12-23T12:00:00.000Z,official|trending|live,19234,436,151,40,https://i.ytimg.com/vi/a-jIrNkLxmW/default.jpg,False,False,False,Auto-generated sample description for Autos & Vehicles video.
suf2NsNI9XK,24.17.02,Official Music Highlights,Channel_4255,8,2024-02-16T22:00:00.000Z,vlog|trending|review,174690,6899,201,2808,https://i.ytimg.com/vi/eY2mUPvWDp7/default.jpg,False,False,False,Auto-generated sample description for Music video.
RABejS59ZrL,25.12.01,Behind the Scenes: Music,Channel_2137,4,2025-01-09T07:00:00.000Z,music|live|vlog,67094,3191,289,344,https://i.ytimg.com/vi/5URqTcYVm5-/default.jpg,False,False,False,Auto-generated sample description for Music video.
vJbp2kDtjNV,24.15.09,Official Music Highlights,Channel_1078,8,2024-09-13T18:00:00.000Z,live|music|official,68455,951,61,621,https://i.ytimg.com/vi/dFG308mgo0L/default.jpg,False,False,False,Auto-generated sample description for Music video.
a-P2c2_FcOj,24.03.07,Official Music Highlights,Channel_3152,8,2024-06-29T09:00:00.000Z,vlog|2024|live,537302,21950,801,2529,https://i.ytimg.com/vi/-iliD2AjQvJ/default.jpg,False,False,False,Auto-generated sample description for Music video.
OVzLyEVOF7C,24.25.04,Behind the Scenes: Music,Channel_738,4,2024-04-24T22:00:00.000Z,vlog|live|official,35116,585,331,239,https://i.ytimg.com/vi/sCrbDgnHN4-/default.jpg,False,False,False,Auto-generated sample description for Music video.
Aa63-MFaKfj,24.20.05,Behind the Scenes: Travel & Events,Channel_1655,16,2024-05-17T11:00:00.000Z,review|live|trending,1365,30,8,16,https://i.ytimg.com/vi/4oqglD1S_Lr/default.jpg,False,False,False,Auto-generated sample description for Travel & Events video.
2k5G8ABN0Gl,24.28.02,Behind the Scenes: Music,Channel_2165,8,2024-02-26T14:00:00.000Z,music|live|official,1153348,76381,4207,914,https://i.ytimg.com/vi/XrlAJ53YY-R/default.jpg,False,False,False,Auto-generated sample description for Music video.
_Yle_whUqY9,24.14.11,Music Compilation 2024,Channel_3339,4,2024-11-13T12:00:00.000Z,review|trending|2024,116776,2791,224,1430,https://i.ytimg.com/vi/PqbI4Jz8V8P/default.jpg,False,False,False,Auto-generated sample description for Music video.
i_z4TltPUdK,24.16.02,Official Film & Animation Highlights,Channel_4957,5,2024-02-13T12:00:00.000Z,vlog|live|music,5676,240,53,27,https://i.ytimg.com/vi/ahGNUW5rRwB/default.jpg,False,False,False,Auto-generated sample description for Film & Animation video.
DySSWkalquc,24.30.08,Why This Music Video Went Viral,Channel_4075,4,2024-08-29T22:00:00.000Z,official|vlog|review,116371,7743,437,1674,https://i.ytimg.com/vi/u9wdXH5XWeV/default.jpg,False,False,False,Auto-generated sample description for Music video.
ofEeNw0Y8vv,24.24.06,Reacting to Education Trends,Channel_333,10,2024-06-22T00:00:00.000Z,live|official|review,109224,3774,518,242,https://i.ytimg.com/vi/3m_Qwhbo9w4/default.jpg,True,False,False,Auto-generated sample description for Education video.
17ztnUPHJyV,24.23.12,Official Music Highlights,Channel_2896,8,2024-12-21T00:00:00.000Z,official|vlog|live,3888,137,16,68,https://i.ytimg.com/vi/_Hv29sDV_7m/default.jpg,False,False,False,Auto-generated sample description for Music video.
K7eZKvN3wYK,24.08.06,Official Music Highlights,Channel_1167,4,2024-06-06T13:00:00.000Z,trending|live|review,13285,933,88,131,https://i.ytimg.com/vi/9lu5x4KSnjE/default.jpg,False,False,False,Auto-generated sample description for Music video.
5COd5jW1fAd,24.29.05,Top 10 News & Politics Moments This Week,Channel_1387,2,2024-05-25T20:00:00.000Z,live|2024|trending,19817,786,165,57,https://i.ytimg.com/vi/BFhzF37a6KQ/default.jpg,False,False,False,Auto-generated sample description for News & Politics video.
Bb_iCRj7RMg,24.27.11,Top 10 Music Moments This Week,Channel_4120,8,2024-11-23T16:00:00.000Z,official|live|trending,14423,158,138,173,https://i.ytimg.com/vi/5qHy0hnX-0U/default.jpg,False,False,False,Auto-generated sample description for Music video.
1mWt0NDms09,24.10.10,Reacting to Music Trends,Channel_1784,8,2024-10-09T12:00:00.000Z,live|music|trending,4181,122,37,23,https://i.ytimg.com/vi/46W97eifRBl/default.jpg,False,False,False,Auto-generated sample description for Music video.
EyxV3RPEfLP,24.23.10,Reacting to Music Trends,Channel_2453,8,2024-10-21T12:00:00.000Z,review|music|vlog,32308,999,213,350,https://i.ytimg.com/vi/UQttr5H7RNJ/default.jpg,False,False,False,Auto-generated sample description for Music video.
rnKfnHOTV1J,24.31.08,Behind the Scenes: Music,Channel_2138,8,2024-08-30T15:00:00.000Z,live|2024|vlog,369635,25318,1693,5541,https://i.ytimg.com/vi/Jr98wrCAEAE/default.jpg,False,False,False,Auto-generated sample description for Music video.
oQbqiOgRNbl,24.08.01,Behind the Scenes: Music,Channel_3396,8,2024-01-05T21:00:00.000Z,official|live|2024,21720,1019,205,74,https://i.ytimg.com/vi/Dq_rnucsf5z/default.jpg,False,False,False,Auto-generated sample description for Music video.
g8SgAUI7POF,24.30.09,Music Compilation 2024,Channel_2295,4,2024-09-26T22:00:00.000Z,official|2024|music,7216,146,43,124,https://i.ytimg.com/vi/0ld92hMylP-/default.jpg,False,False,False,Auto-generated sample description for Music video.
3qqmIO3Awzx,24.29.08,Behind the Scenes: Music,Channel_2663,4,2024-08-26T08:00:00.000Z,vlog|trending|music,7424,476,6,38,https://i.ytimg.com/vi/B-oGNRgPIk4/default.jpg,False,False,False,Auto-generated sample description for Music video.
hze1Kjs7dkx,24.01.02,Gaming Compilation 2024,Channel_2150,17,2024-02-01T05:00:00.000Z,live|trending|vlog,18556,212,28,95,https://i.ytimg.com/vi/Efl7oK1hxdd/default.jpg,False,False,False,Auto-generated sample description for Gaming video.
cTUv1D9PXA1,24.26.04,Reacting to Pets & Animals Trends,Channel_366,12,2024-04-25T22:00:00.000Z,trending|vlog|official,22088,589,133,347,https://i.ytimg.com/vi/dwhoNmAOPGK/default.jpg,False,False,False,Auto-generated sample description for Pets & Animals video.
c1GMmOldchW,24.17.09,Official Education Highlights,Channel_2907,10,2024-09-13T18:00:00.000Z,official|vlog|2024,8284,478,17,56,https://i.ytimg.com/vi/Xd4Ruvl9quA/default.jpg,False,False,False,Auto-generated sample description for Education video.
3oYizY-uq4C,24.27.10,Official Gaming Highlights,Channel_1293,17,2024-10-24T00:00:00.000Z,vlog|review|official,14322,228,117,179,https://i.ytimg.com/vi/Iqanv3eRvUt/default.jpg,False,False,False,Auto-generated sample description for Gaming video.
wHa9hvX8k-C,24.28.05,Behind the Scenes: Music,Channel_2600,4,2024-05-25T17:00:00.000Z,music|vlog|2024,597096,45361,1381,11749,https://i.ytimg.com/vi/rwbAd53Kuce/default.jpg,False,False,False,Auto-generated sample description for Music video.
d-pAVWtVk3Q,24.22.03,Pets & Animals Compilation 2024,Channel_1258,1,2024-03-19T21:00:00.000Z,vlog|official|music,4188,249,31,83,https://i.ytimg.com/vi/M0CdygqU8gk/default.jpg,False,False,False,Auto-generated sample description for Pets & Animals video.
OGSL0RZaxl7,25.26.01,Behind the Scenes: Music,Channel_1763,4,2025-01-25T19:00:00.000Z,live|vlog|trending,74421,4092,458,315,https://i.ytimg.com/vi/jbYPhgwL9wO/default.jpg,False,False,False,Auto-generated sample description for Music video.
UkM7-AA32oz,24.29.09,Behind the Scenes: Pets & Animals,Channel_343,6,2024-09-25T14:00:00.000Z,trending|2024|music,23859,1021,92,34,https://i.ytimg.com/vi/DZYqFoJ0Tkz/default.jpg,False,False,False,Auto-generated sample description for Pets & Animals video.
BYdNLLGVSI4,24.07.08,Behind the Scenes: Music,Channel_3122,8,2024-08-06T10:00:00.000Z,live|2024|vlog,8912,390,40,108,https://i.ytimg.com/vi/Os55SZJJqyO/default.jpg,False,False,False,Auto-generated sample description for Music video.
jMNsWoublw2,24.18.08,Music Compilation 2024,Channel_762,8,2024-08-14T02:00:00.000Z,live|review|vlog,4705,127,18,65,https://i.ytimg.com/vi/qLuNlOUgy5I/default.jpg,False,False,False,Auto-generated sample description for Music video.
pGqc2ibF9Yc,24.09.10,Behind the Scenes: Music,Channel_4884,8,2024-10-08T18:00:00.000Z,music|live|trending,83635,4032,101,1503,https://i.ytimg.com/vi/Y1Ft-kC7242/default.jpg,False,False,False,Auto-generated sample description for Music video.
Le_JaSqPswZ,24.19.08,Why This Autos & Vehicles Video Went Viral,Channel_2701,7,2024-08-16T14:00:00.000Z,official|live|2024,11816,784,34,61,https://i.ytimg.com/vi/fA20PMd500E/default.jpg,False,False,False,Auto-generated sample description for Autos & Vehicles video.
nvL926sklZF,24.16.07,Behind the Scenes: Music,Channel_243,4,2024-07-14T05:00:00.000Z,review|music|official,968637,65652,9669,12285,https://i.ytimg.com/vi/rM594INS3k3/default.jpg,False,False,False,Auto-generated sample description for Music video.
tvQewjeLusg,24.01.11,Official Film & Animation Highlights,Channel_4280,5,2024-11-01T10:00:00.000Z,trending|music|review,2602,30,3,21,https://i.ytimg.com/vi/CVrMBFmR7XZ/default.jpg,False,False,False,Auto-generated sample description for Film & Animation video.
PX0pWl5NbFw,25.04.01,Why This Music Video Went Viral,Channel_1068,4,2025-01-03T14:00:00.000Z,music|2024|trending,12342,862,97,186,https://i.ytimg.com/vi/AQNYDoB-Nh9/default.jpg,False,False,False,Auto-generated sample description for Music video.
86KTwyiJ3ps,24.01.10,Behind the Scenes: Music,Channel_4550,4,2024-09-30T02:00:00.000Z,official|vlog|trending,169125,5488,721,2531,https://i.ytimg.com/vi/fTZRordENFZ/default.jpg,False,False,False,Auto-generated sample description for Music video.
UwNAsviGW6l,24.23.01,Reacting to Music Trends,Channel_1641,4,2024-01-21T13:00:00.000Z,official|vlog|trending,73470,3526,197,1040,https://i.ytimg.com/vi/p2gErJ_Xu2T/default.jpg,False,False,False,Auto-generated sample description for Music video.
T8c6aUuNfLt,24.09.06,Top 10 Autos & Vehicles Moments This Week,Channel_839,13,2024-06-08T11:00:00.000Z,2024|review|music,6428,467,30,6,https://i.ytimg.com/vi/2wz2CZrEaQg/default.jpg,False,False,False,Auto-generated sample description for Autos & Vehicles video.
V8wTI8IBpHV,24.20.02,Behind the Scenes: Music,Channel_1755,8,2024-02-20T09:00:00.000Z,vlog|2024|official,51852,2264,177,422,https://i.ytimg.com/vi/tnJAS96Od38/default.jpg,False,False,False,Auto-generated sample description for Music video.
yRP1hRVwc1I,24.03.11,Behind the Scenes: Music,Channel_1463,4,2024-10-30T03:00:00.000Z,2024|live|vlog,67224,3872,108,606,https://i.ytimg.com/vi/0P3IQrSBV3C/default.jpg,False,False,False,Auto-generated sample description for Music video.
7wNY2p8Sp8a,24.20.08,Official Pets & Animals Highlights,Channel_3042,1,2024-08-16T03:00:00.000Z,vlog|live|official,13281,909,122,222,https://i.ytimg.com/vi/nIiFxAL2wm8/default.jpg,False,False,False,Auto-generated sample description for Pets & Animals video.
QVmMwfX2zST,24.14.07,Top 10 Music Moments This Week,Channel_1222,8,2024-07-11T04:00:00.000Z,live|official|2024,18912,665,178,314,https://i.ytimg.com/vi/3xuqtMeKT9y/default.jpg,False,False,True,Auto-generated sample description for Music video.
rv9rpyGmm1l,24.20.06,Reacting to Gaming Trends,Channel_4365,17,2024-06-19T13:00:00.000Z,official|vlog|live,19400,692,146,16,https://i.ytimg.com/vi/76y7CsavQ9-/default.jpg,False,False,False,Auto-generated sample description for Gaming video.
jQqV5V54R5i,24.06.05,Top 10 Pets & Animals Moments This Week,Channel_384,6,2024-05-02T13:00:00.000Z,vlog|music|2024,1567,71,13,27,https://i.ytimg.com/vi/3ogUXOWiUz0/default.jpg,False,False,False,Auto-generated sample description for Pets & Animals video.
1CSMqnHF6p2,24.13.01,Official Music Highlights,Channel_1605,4,2024-01-10T12:00:00.000Z,live|review|2024,40988,642,73,555,https://i.ytimg.com/vi/6sZDrYhAiDm/default.jpg,False,False,False,Auto-generated sample description for Music video.
aZ7xQAGj2ej,24.29.11,Autos & Vehicles Compilation 2024,Channel_866,7,2024-11-28T15:00:00.000Z,review|music|live,18219,1453,169,187,https://i.ytimg.com/vi/mjYn2lolgtk/default.jpg,False,False,False,Auto-generated sample description for Autos & Vehicles video.
YlZVZUJMPsM,24.02.12,Education Compilation 2024,Channel_32,10,2024-11-30T11:00:00.000Z,live|2024|review,5907,87,40,75,https://i.ytimg.com/vi/qGsMomTyNur/default.jpg,False,False,False,Auto-generated sample description for Education video.
IQUgnopfoSS,24.05.12,Behind the Scenes: Music,Channel_2201,8,2024-12-05T17:00:00.000Z,2024|review|official,37363,965,343,166,https://i.ytimg.com/vi/WiWC0pM-47G/default.jpg,False,False,False,Auto-generated sample description for Music video.
sa0NlitLVc1,24.24.11,Behind the Scenes: Music,Channel_90,8,2024-11-23T20:00:00.000Z,music|live|2024,2449,36,15,22,https://i.ytimg.com/vi/EfbamSzWHS_/default.jpg,False,False,False,Auto-generated sample description for Music video.
bHj4GET0sRZ,24.03.07,Reacting to Music Trends,Channel_1027,4,2024-07-01T18:00:00.000Z,music|trending|live,397656,27577,3152,1118,https://i.ytimg.com/vi/x_4E2K7PdZx/default.jpg,False,False,False,Auto-generated sample description for Music video.
zN9oDoPy-Wy,24.07.07,Official Nonprofits & Activism Highlights,Channel_2243,14,2024-07-05T05:00:00.000Z,live|music|review,410,30,2,0,https://i.ytimg.com/vi/pOZHRZWG2sz/default.jpg,False,False,False,Auto-generated sample description for Nonprofits & Activism video.
JpmkdHPzQsK,24.01.11,Why This Music Video Went Viral,Channel_448,8,2024-10-31T20:00:00.000Z,music|trending|2024,48304,3150,46,35,https://i.ytimg.com/vi/WBrLAgE-gs-/default.jpg,False,False,False,Auto-generated sample description for Music video.
DaASidQ7sZ_,24.12.01,Behind the Scenes: Music,Channel_4015,8,2024-01-12T20:00:00.000Z,2024|review|official,179615,11433,957,2224,https://i.ytimg.com/vi/8if-xkl8TgV/default.jpg,False,False,False,Auto-generated sample description for Music video.
9mk-dIYjkMZ,24.24.12,Behind the Scenes: Music,Channel_654,8,2024-12-23T00:00:00.000Z,trending|live|2024,95087,1383,946,1722,https://i.ytimg.com/vi/VW8ZCNFO17y/default.jpg,False,False,False,Auto-generated sample description for Music video.
SyiTd5YwjcK,25.07.01,Official Film & Animation Highlights,Channel_4168,19,2025-01-06T21:00:00.000Z,music|live|trending,987,53,1,11,https://i.ytimg.com/vi/Gr9DpxqzTfr/default.jpg,False,False,False,Auto-generated sample description for Film & Animation video.
c5rX0QNs5sG,24.29.09,Reacting to Music Trends,Channel_2349,8,2024-09-29T16:00:00.000Z,review|official|trending,26975,838,27,508,https://i.ytimg.com/vi/Pd029OstcZZ/default.jpg,False,False,False,Auto-generated sample description for Music video.
Qh5fTjplwPA,24.09.11,Top 10 Music Moments This Week,Channel_3703,8,2024-11-05T08:00:00.000Z,trending|review|live,18886,910,79,356,https://i.ytimg.com/vi/1nzTGlVMdDT/default.jpg,False,False,False,Auto-generated sample description for Music video.
YccqyUdY5zv,25.06.01,Behind the Scenes: Music,Channel_291,8,2025-01-03T20:00:00.000Z,2024|review|vlog,50777,3836,235,670,https://i.ytimg.com/vi/alEJCE41fHJ/default.jpg,False,False,False,Auto-generated sample description for Music video.
6zFmEhFEnB2,24.17.02,Reacting to Travel & Events Trends,Channel_1017,16,2024-02-14T04:00:00.000Z,review|music|2024,38141,2076,92,73,https://i.ytimg.com/vi/Nmds1C0hcAc/default.jpg,False,False,False,Auto-generated sample description for Travel & Events video.
001fELL6szI,24.13.08,Gaming Compilation 2024,Channel_4526,17,2024-08-09T07:00:00.000Z,review|official|2024,59920,814,84,730,https://i.ytimg.com/vi/YhpffvUNE7i/default.jpg,False,False,False,Auto-generated sample description for Gaming video.
akfJStJnSKG,25.25.01,Why This Gaming Video Went Viral,Channel_3986,17,2025-01-21T13:00:00.000Z,vlog|trending|official,15276,1055,147,242,https://i.ytimg.com/vi/f1skNYKnlqU/default.jpg,False,False,False,Auto-generated sample description for Gaming video.
veWByZI4gRm,24.02.04,Music Compilation 2024,Channel_704,8,2024-04-01T20:00:00.000Z,official|trending|2024,3216,123,23,44,https://i.ytimg.com/vi/Td-uhWvUWrC/default.jpg,False,False,False,Auto-generated sample description for Music video.
dF7tJMZYToT,24.03.10,Top 10 Music Moments This Week,Channel_4241,4,2024-10-02T16:00:00.000Z,music|review|official,121485,8820,1138,661,https://i.ytimg.com/vi/xBsp7RxAB4I/default.jpg,False,False,False,Auto-generated sample description for Music video.
viSQxN5b4KH,25.04.02,Education Compilation 2024,Channel_4265,10,2025-02-03T18:00:00.000Z,trending|music|live,11910,920,35,191,https://i.ytimg.com/vi/6Vz8b1kdOi3/default.jpg,False,False,False,Auto-generated sample description for Education video.
SKRPA3_HBTF,24.12.04,Behind the Scenes: Gaming,Channel_3056,17,2024-04-09T10:00:00.000Z,trending|vlog|music,3139,72,30,54,https://i.ytimg.com/vi/MmAZUzi79nz/default.jpg,False,False,False,Auto-generated sample description for Gaming video.
qzPooiKJzed,24.07.05,Reacting to Education Trends,Channel_1891,10,2024-05-05T22:00:00.000Z,review|official|music,1060,78,9,18,https://i.ytimg.com/vi/o_R4oFCD2K_/default.jpg,False,False,False,Auto-generated sample description for Education video.
9MXnHo5AfQJ,24.17.07,Top 10 Music Moments This Week,Channel_3659,8,2024-07-14T01:00:00.000Z,music|2024|vlog,808165,15214,549,2850,https://i.ytimg.com/vi/g-w4RN-Mf6d/default.jpg,False,False,False,Auto-generated sample description for Music video.
FV_q45w4xlZ,24.13.01,Reacting to News & Politics Trends,Channel_3949,18,2024-01-13T02:00:00.000Z,trending|live|vlog,2331,96,9,30,https://i.ytimg.com/vi/NlMbfPsHPdv/default.jpg,False,False,False,Auto-generated sample description for News & Politics video.
Ifn7Feh-3QD,24.29.08,Official Howto & Style Highlights,Channel_1536,20,2024-08-26T14:00:00.000Z,review|vlog|official,44154,3459,156,146,https://i.ytimg.com/vi/3bQvgdY9RIs/default.jpg,False,False,False,Auto-generated sample description for Howto & Style video.
QFsEyfQExv5,24.10.03,Reacting to Music Trends,Channel_937,4,2024-03-10T00:00:00.000Z,vlog|trending|2024,86495,4416,313,103,https://i.ytimg.com/vi/Y1KChWnIt3M/default.jpg,False,False,False,Auto-generated sample description for Music video.
LTBiZgqs9zH,25.03.02,Music Compilation 2024,Channel_1553,8,2025-02-03T22:00:00.000Z,review|trending|official,184922,3957,412,2767,https://i.ytimg.com/vi/WZ_YM4sSVHp/default.jpg,False,False,False,Auto-generated sample description for Music video.
PgupQJPI-a3,24.23.01,Behind the Scenes: Gaming,Channel_1377,17,2024-01-23T03:00:00.000Z,review|2024|official,1611,105,6,23,https://i.ytimg.com/vi/XaS5hSp5kAM/default.jpg,False,False,False,Auto-generated sample description for Gaming video.
9k7LaQjf1u1,24.11.07,Official Music Highlights,Channel_1855,8,2024-07-11T19:00:00.000Z,live|music|review,3133132,175495,18102,29060,https://i.ytimg.com/vi/bsYBC0IMMR2/default.jpg,False,False,False,Auto-generated sample description for Music video.
KyF_EgC5LCf,24.26.07,Official Gaming Highlights,Channel_4595,17,2024-07-23T00:00:00.000Z,live|official|music,5167,113,29,21,https://i.ytimg.com/vi/s5HA46Rj871/default.jpg,False,False,False,Auto-generated sample description for Gaming video.
irUIpzRtWXh,24.07.03,Behind the Scenes: Music,Channel_3169,4,2024-03-03T06:00:00.000Z,official|trending|live,40951,582,38,551,https://i.ytimg.com/vi/PAD59lyN-NG/default.jpg,False,False,False,Auto-generated sample description for Music video.
1JaSeizi-T4,24.17.02,Why This Nonprofits & Activism Video Went Viral,Channel_1478,14,2024-02-17T11:00:00.000Z,music|trending|official,12659,668,116,150,https://i.ytimg.com/vi/ZeVOKsQjv73/default.jpg,False,False,True,Auto-generated sample description for Nonprofits & Activism video.
nNHveEMQuwd,25.26.01,Behind the Scenes: Music,Channel_4943,4,2025-01-24T06:00:00.000Z,2024|music|review,441710,34847,2215,8424,https://i.ytimg.com/vi/qdtaGNGMJlQ/default.jpg,False,False,False,Auto-generated sample description for Music video.
qHgI2XXxfmH,24.06.12,Official Howto & Style Highlights,Channel_2356,20,2024-12-06T14:00:00.000Z,vlog|live|official,3784,277,29,34,https://i.ytimg.com/vi/1qKAIF5E5G4/default.jpg,False,False,False,Auto-generated sample description for Howto & Style video.
u4vFleCr4Nn,24.24.12,Gaming Compilation 2024,Channel_1412,17,2024-12-21T10:00:00.000Z,official|review|2024,5146,178,16,77,https://i.ytimg.com/vi/S4G9dY-BuE1/default.jpg,False,False,False,Auto-generated sample description for Gaming video.
HSBXyKuk6VL,24.28.04,Why This News & Politics Video Went Viral,Channel_1983,2,2024-04-28T15:00:00.000Z,live|review|trending,4140,72,23,36,https://i.ytimg.com/vi/qmg5OMZwuXX/default.jpg,False,False,False,Auto-generated sample description for News & Politics video.
CMl78aU-s4G,24.13.09,Official Gaming Highlights,Channel_3202,17,2024-09-13T21:00:00.000Z,music|trending|2024,29806,2207,154,360,https://i.ytimg.com/vi/48jm-II4OYo/default.jpg,False,False,False,Auto-generated sample description for Gaming video.
11vpwhqvjzW,25.27.01,Behind the Scenes: Music,Channel_1996,8,2025-01-23T19:00:00.000Z,official|music|live,24811,1606,75,441,https://i.ytimg.com/vi/9jOIDdkKZeh/default.jpg,False,False,False,Auto-generated sample description for Music video.
x8Z4sirEfoz,24.24.10,Official Music Highlights,Channel_4665,4,2024-10-23T18:00:00.000Z,2024|vlog|official,95321,4933,432,386,https://i.ytimg.com/vi/CumgWL_p3Uv/default.jpg,False,False,False,Auto-generated sample description for Music video.
5m5S4UDUF7d,25.27.01,Why This Education Video Went Viral,Channel_283,3,2025-01-27T19:00:00.000Z,music|trending|vlog,108736,3789,217,1066,https://i.ytimg.com/vi/tbOANd-FBrO/default.jpg,False,False,False,Auto-generated sample description for Education video.
Lo-2bzM0TBk,24.27.09,Film & Animation Compilation 2024,Channel_2666,19,2024-09-24T16:00:00.000Z,live|review|music,14834,1093,22,9,https://i.ytimg.com/vi/HTjXjokcTC6/default.jpg,False,False,False,Auto-generated sample description for Film & Animation video.
YPypH7b41Df,24.23.04,Behind the Scenes: Gaming,Channel_4277,17,2024-04-22T09:00:00.000Z,official|music|live,15626,718,48,96,https://i.ytimg.com/vi/jQGy59b965P/default.jpg,False,False,False,Auto-generated sample description for Gaming video.
o3V9uE7O8kN,25.10.01,Official Music Highlights,Channel_853,8,2025-01-06T22:00:00.000Z,music|official|review,132364,4452,951,709,https://i.ytimg.com/vi/bBTwMWLrnLF/default.jpg,False,False,False,Auto-generated sample description for Music video.
pEi9KhTZ-eP,24.04.05,Official Music Highlights,Channel_1731,4,2024-05-01T12:00:00.000Z,vlog|official|trending,36528,1642,128,423,https://i.ytimg.com/vi/R9tzM13AunY/default.jpg,False,False,False,Auto-generated sample description for Music video.
M5XbiH29rL6,24.27.09,Why This Gaming Video Went Viral,Channel_3610,17,2024-09-24T16:00:00.000Z,music|2024|live,11992,818,98,227,https://i.ytimg.com/vi/hUr7LNNahTq/default.jpg,False,False,False,Auto-generated sample description for Gaming video.
FmnrGpCXlyn,24.03.09,Behind the Scenes: Music,Channel_4263,4,2024-08-31T05:00:00.000Z,2024|trending|music,128341,2309,504,354,https://i.ytimg.com/vi/nqYRnMEjEcD/default.jpg,False,False,False,Auto-generated sample description for Music video.
fP_RjssKJTc,24.09.07,Behind the Scenes: Music,Channel_2782,4,2024-07-09T22:00:00.000Z,music|review|live,15070,340,48,173,https://i.ytimg.com/vi/XdSuf9RVHyO/default.jpg,False,False,False,Auto-generated sample description for Music video.
7MgMcIvUx6r,24.10.07,Reacting to Music Trends,Channel_2748,4,2024-07-10T15:00:00.000Z,official|vlog|2024,20175,432,47,11,https://i.ytimg.com/vi/JZdR6wJFg6z/default.jpg,False,False,False,Auto-generated sample description for Music video.
aRA_xQVUP8C,24.15.01,Behind the Scenes: Gaming,Channel_4416,17,2024-01-15T19:00:00.000Z,live|trending|2024,7367,488,72,25,https://i.ytimg.com/vi/-_Q14HYYBjk/default.jpg,False,False,False,Auto-generated sample description for Gaming video.
7ylqr8dg7ly,24.24.08,Official Gaming Highlights,Channel_438,17,2024-08-24T14:00:00.000Z,vlog|live|2024,324019,17477,2084,6148,https://i.ytimg.com/vi/EtNfR41Dv8g/default.jpg,False,False,False,Auto-generated sample description for Gaming video.
ZqdQhj1qz2r,24.09.03,Behind the Scenes: Music,Channel_2131,8,2024-03-07T09:00:00.000Z,2024|vlog|trending,15560,796,80,50,https://i.ytimg.com/vi/aBNaPqavwzq/default.jpg,False,False,False,Auto-generated sample description for Music video.
AqoPfhNEphY,24.12.08,Official Music Highlights,Channel_2380,8,2024-08-12T00:00:00.000Z,2024|trending|live,34529,845,333,117,https://i.ytimg.com/vi/h9NJOwp9U5x/default.jpg,False,False,False,Auto-generated sample description for Music video.
VlFwCTCE2-7,24.27.09,Why This Music Video Went Viral,Channel_2749,4,2024-09-27T02:00:00.000Z,vlog|review|trending,630762,41724,1306,4330,https://i.ytimg.com/vi/oTp4-jyH8dN/default.jpg,False,False,False,Auto-generated sample description for Music video.
Z4p4Mxal7H3,24.13.09,Why This Autos & Vehicles Video Went Viral,Channel_3253,13,2024-09-11T19:00:00.000Z,vlog|live|review,1277,91,3,17,https://i.ytimg.com/vi/vQQg-ef3UUF/default.jpg,False,False,False,Auto-generated sample description for Autos & Vehicles video.
F2Bsv9N0ERP,24.13.05,Education Compilation 2024,Channel_3949,10,2024-05-11T02:00:00.000Z,2024|official|review,6928,198,54,135,https://i.ytimg.com/vi/acDJwRnMTp9/default.jpg,False,False,False,Auto-generated sample description for Education video.
1h4FdTCY0Op,24.04.11,Music Compilation 2024,Channel_2224,8,2024-11-02T17:00:00.000Z,official|review|vlog,53887,3227,343,311,https://i.ytimg.com/vi/FZloIU7WcAU/default.jpg,False,False,False,Auto-generated sample description for Music video.
Wxy9QeQjBH3,24.03.12,Top 10 Music Moments This Week,Channel_59,8,2024-12-01T07:00:00.000Z,2024|vlog|review,1613,86,15,3,https://i.ytimg.com/vi/gcS8m6zYl4k/default.jpg,False,False,False,Auto-generated sample description for Music video.
YtGhSXysRtH,24.04.04,Why This Music Video Went Viral,Channel_3330,4,2024-04-04T16:00:00.000Z,live|music|2024,186084,1864,730,3520,https://i.ytimg.com/vi/dxcaDBN24K7/default.jpg,False,True,False,Auto-generated sample description for Music video.
-szssuAIF6r,24.29.09,Gaming Compilation 2024,Channel_1931,17,2024-09-26T13:00:00.000Z,vlog|music|official,572,25,2,11,https://i.ytimg.com/vi/Ok4TUG7aiM6/default.jpg,False,False,False,Auto-generated sample description for Gaming video.
isBOwPMbSYV,24.17.09,Music Compilation 2024,Channel_4222,8,2024-09-13T05:00:00.000Z,live|trending|music,19455,763,143,205,https://i.ytimg.com/vi/7vjrAVJ1D7J/default.jpg,False,False,False,Auto-generated sample description for Music video.
YhxXt07TL3P,24.07.09,Reacting to Music Trends,Channel_3987,8,2024-09-07T01:00:00.000Z,live|review|music,247663,11146,2117,901,https://i.ytimg.com/vi/IBtekva87AM/default.jpg,False,False,False,Auto-generated sample description for Music video.
B-bjTfYBpEP,24.28.01,Music Compilation 2024,Channel_887,4,2024-01-24T00:00:00.000Z,vlog|official|trending,10446,627,39,207,https://i.ytimg.com/vi/xmu1Y-Env9z/default.jpg,False,False,False,Auto-generated sample description for Music video.
yCjym7TU3Dd,24.27.10,Why This Music Video Went Viral,Channel_3073,8,2024-10-24T07:00:00.000Z,official|live|review,45456,2802,374,702,https://i.ytimg.com/vi/qCs708rh-0R/default.jpg,False,False,False,Auto-generated sample description for Music video.
A8-UQ0_4n_M,24.29.06,Behind the Scenes: Music,Channel_1829,4,2024-06-26T04:00:00.000Z,official|live|music,293995,23008,566,1565,https://i.ytimg.com/vi/VPfXOrDVwh5/default.jpg,False,False,False,Auto-generated sample description for Music video.
pEohNzQXg_h,24.16.03,Reacting to News & Politics Trends,Channel_1805,18,2024-03-16T08:00:00.000Z,official|music|review,39296,1988,252,209,https://i.ytimg.com/vi/j8K29Gk2qie/default.jpg,False,False,False,Auto-generated sample description for News & Politics video.
47ekWafqEVy,24.22.01,Why This Music Video Went Viral,Channel_4907,8,2024-01-18T09:00:00.000Z,trending|official|live,18442,1455,103,81,https://i.ytimg.com/vi/w5XSPJ6UzNK/default.jpg,False,False,False,Auto-generated sample description for Music video.
jftBkxRo3ZM,24.15.09,Top 10 Music Moments This Week,Channel_3857,4,2024-09-13T13:00:00.000Z,review|trending|official,161092,4518,784,160,https://i.ytimg.com/vi/eWCU54wJu8d/default.jpg,False,False,False,Auto-generated sample description for Music video.
bdh-91Gz_z6,24.04.08,Behind the Scenes: Gaming,Channel_1146,17,2024-08-02T14:00:00.000Z,review|vlog|official,18455,694,174,42,https://i.ytimg.com/vi/K8aRxc2-75d/default.jpg,False,False,False,Auto-generated sample description for Gaming video.
-jKf00t3_BK,24.10.11,Behind the Scenes: Education,Channel_3088,10,2024-11-08T01:00:00.000Z,vlog|music|live,611,41,2,0,https://i.ytimg.com/vi/XTRqRZjD7sr/default.jpg,False,False,False,Auto-generated sample description for Education video.
0sc80f9SDlf,25.07.02,Reacting to Autos & Vehicles Trends,Channel_2939,7,2025-02-03T03:00:00.000Z,vlog|2024|official,2249,25,4,12,https://i.ytimg.com/vi/b98S6hcMQfh/default.jpg,False,False,False,Auto-generated sample description for Autos & Vehicles video.
Nk6-DySRlW_,24.27.08,Why This Music Video Went Viral,Channel_4158,4,2024-08-23T19:00:00.000Z,2024|trending|live,65799,4772,299,412,https://i.ytimg.com/vi/EACJzBSx2y5/default.jpg,False,False,False,Auto-generated sample description for Music video.
VyQYuZrr0Ao,24.23.07,Behind the Scenes: Music,Channel_1006,8,2024-07-20T05:00:00.000Z,music|vlog|review,95404,5765,848,1238,https://i.ytimg.com/vi/3-FeJ6U6YxK/default.jpg,False,False,False,Auto-generated sample description for Music video.
tQ6Eqa4bU3O,24.20.03,Gaming Compilation 2024,Channel_4430,17,2024-03-17T20:00:00.000Z,vlog|official|review,160769,12339,386,2576,https://i.ytimg.com/vi/-OU_T0iW-qb/default.jpg,False,False,False,Auto-generated sample description for Gaming video.
JwZ5ZYLU_Je,24.15.04,Top 10 Music Moments This Week,Channel_4961,8,2024-04-14T06:00:00.000Z,trending|2024|live,39976,401,134,718,https://i.ytimg.com/vi/3lwqjyLMXmx/default.jpg,False,False,False,Auto-generated sample description for Music video.
sCt5SC1KBYh,24.10.11,Top 10 Pets & Animals Moments This Week,Channel_3495,1,2024-11-07T04:00:00.000Z,live|music|trending,2945,171,24,39,https://i.ytimg.com/vi/6VuInvn_TsV/default.jpg,False,False,False,Auto-generated sample description for Pets & Animals video.
6jOLy1jnqK0,24.25.09,Official Music Highlights,Channel_2799,4,2024-09-22T07:00:00.000Z,review|trending|2024,63680,1761,492,547,https://i.ytimg.com/vi/iovYQe6OpzS/default.jpg,False,False,False,Auto-generated sample description for Music video.
fwrWBTDtzJe,24.05.08,Behind the Scenes: Music,Channel_3791,8,2024-08-01T15:00:00.000Z,vlog|review|live,16982,635,21,235,https://i.ytimg.com/vi/Y1rz3SBrTSB/default.jpg,False,False,False,Auto-generated sample description for Music video.
mf2BpYSjajU,24.26.06,Reacting to Music Trends,Channel_2076,8,2024-06-25T15:00:00.000Z,vlog|music|live,399634,25964,2430,5045,https://i.ytimg.com/vi/nm4sLXI5IkL/default.jpg,False,False,False,Auto-generated sample description for Music video.
tGgf60bJ_Wi,24.04.06,Official Music Highlights,Channel_2723,8,2024-06-04T12:00:00.000Z,review|official|live,38990,1016,145,435,https://i.ytimg.com/vi/RCWHYXO6_Eb/default.jpg,False,False,False,Auto-generated sample description for Music video.
lGx66zBN2xZ,24.28.10,Official Music Highlights,Channel_4341,4,2024-10-27T22:00:00.000Z,official|2024|live,52054,2277,246,610,https://i.ytimg.com/vi/HuHXLVyjFAd/default.jpg,False,False,False,Auto-generated sample description for Music video.
Lk3TrZxKIB6,24.19.05,Education Compilation 2024,Channel_2354,3,2024-05-18T09:00:00.000Z,music|2024|official,22234,1723,16,371,https://i.ytimg.com/vi/ufLPJT_4COb/default.jpg,False,False,False,Auto-generated sample description for Education video.
jw7s5J_sNmo,24.26.05,Official Film & Animation Highlights,Channel_3198,19,2024-05-22T12:00:00.000Z,vlog|official|music,47249,1974,404,243,https://i.ytimg.com/vi/Rahf4Vpq8dS/default.jpg,False,False,False,Auto-generated sample description for Film & Animation video.
BoENNndQuyk,24.12.06,Behind the Scenes: Music,Channel_3815,8,2024-06-09T16:00:00.000Z,2024|music|official,112468,6577,248,746,https://i.ytimg.com/vi/G7SLZ-_2cKo/default.jpg,False,False,False,Auto-generated sample description for Music video.
S6-IwbrysB4,25.17.01,Top 10 Music Moments This Week,Channel_898,4,2025-01-16T15:00:00.000Z,review|live|official,44459,2248,37,736,https://i.ytimg.com/vi/Tln2i59HLQL/default.jpg,False,False,False,Auto-generated sample description for Music video.
9z943qZdTNk,24.20.03,Music Compilation 2024,Channel_4234,4,2024-03-20T04:00:00.000Z,trending|official|music,618231,43198,2050,6195,https://i.ytimg.com/vi/GoQOxdY9a6y/default.jpg,False,False,False,Auto-generated sample description for Music video.
YVbmBo23ZZ8,24.20.01,Why This Film & Animation Video Went Viral,Channel_2266,19,2024-01-18T09:00:00.000Z,music|trending|official,30481,1976,214,431,https://i.ytimg.com/vi/KYDSayTR35e/default.jpg,False,False,False,Auto-generated sample description for Film & Animation video.
TqQXeV0Psoi,24.29.01,Top 10 Music Moments This Week,Channel_3652,4,2024-01-27T14:00:00.000Z,review|music|2024,18780,1052,67,198,https://i.ytimg.com/vi/ytlSaTLZM81/default.jpg,False,False,False,Auto-generated sample description for Music video.
7l3I6GbxpZ_,24.24.02,Why This Music Video Went Viral,Channel_54,8,2024-02-24T03:00:00.000Z,music|live|review,227506,6425,729,4085,https://i.ytimg.com/vi/Iojaapwjwxp/default.jpg,False,False,False,Auto-generated sample description for Music video.
HoPnN65jOh7,24.02.04,Top 10 Science & Technology Moments This Week,Channel_1578,11,2024-04-01T00:00:00.000Z,music|review|live,9786,487,43,99,https://i.ytimg.com/vi/Ef6ACh6A59L/default.jpg,False,False,False,Auto-generated sample description for Science & Technology video.
d5Mhk82OQLH,25.09.01,Behind the Scenes: Music,Channel_4571,8,2025-01-06T05:00:00.000Z,music|2024|official,1653435,104272,2678,1924,https://i.ytimg.com/vi/i_JNl4e9h6K/default.jpg,False,False,False,Auto-generated sample description for Music video.
a-m8BleXh2V,25.20.01,Why This Film & Animation Video Went Viral,Channel_2318,19,2025-01-18T09:00:00.000Z,live|official|2024,1413,52,7,3,https://i.ytimg.com/vi/x3DNjh9dhhP/default.jpg,False,False,False,Auto-generated sample description for Film & Animation video.
hSGkgDYIyIm,24.30.08,Behind the Scenes: Music,Channel_531,8,2024-08-28T13:00:00.000Z,vlog|trending|official,112293,8390,808,106,https://i.ytimg.com/vi/dcP_r5tNROG/default.jpg,False,False,False,Auto-generated sample description for Music video.
WjRNeWNfv4y,24.10.01,Why This Music Video Went Viral,Channel_2710,4,2024-01-08T18:00:00.000Z,music|official|vlog,39175,1207,272,562,https://i.ytimg.com/vi/Cv7ow3IRTZz/default.jpg,False,False,False,Auto-generated sample description for Music video.
1qm7Tv0DkTU,24.17.05,Top 10 Music Moments This Week,Channel_2154,4,2024-05-14T15:00:00.000Z,vlog|2024|live,49654,1343,382,341,https://i.ytimg.com/vi/xzrG1XOFhlY/default.jpg,False,False,False,Auto-generated sample description for Music video.
NAFOTlyzk5m,24.20.04,Reacting to Music Trends,Channel_3603,8,2024-04-19T08:00:00.000Z,music|review|vlog,24004,1476,207,173,https://i.ytimg.com/vi/ZIpccNEdq2i/default.jpg,False,False,False,Auto-generated sample description for Music video.
ttWxh_Gm-vM,24.03.03,Behind the Scenes: Music,Channel_2150,8,2024-02-29T06:00:00.000Z,official|music|live,60163,2558,93,173,https://i.ytimg.com/vi/WwjV5DvQZH8/default.jpg,False,False,False,Auto-generated sample description for Music video.
kGasaQPjZYy,24.01.08,Behind the Scenes: Pets & Animals,Channel_1528,6,2024-07-31T20:00:00.000Z,trending|review|2024,39350,1528,245,542,https://i.ytimg.com/vi/b9SEtBeKQ7i/default.jpg,False,False,False,Auto-generated sample description for Pets & Animals video.
J7ywAtPDpQr,24.26.03,Why This Music Video Went Viral,Channel_2228,8,2024-03-26T04:00:00.000Z,live|vlog|music,48857,2340,124,576,https://i.ytimg.com/vi/yGJZZjf_umu/default.jpg,False,False,False,Auto-generated sample description for Music video.
siK8ZdOIOrX,24.29.06,Why This Music Video Went Viral,Channel_3332,4,2024-06-26T06:00:00.000Z,2024|trending|vlog,44804,3385,86,387,https://i.ytimg.com/vi/Tmb370AjfLw/default.jpg,False,True,False,Auto-generated sample description for Music video.
qmWEg-rCVH7,24.29.06,Official Music Highlights,Channel_2717,8,2024-06-28T13:00:00.000Z,trending|2024|official,46341,1956,354,873,https://i.ytimg.com/vi/rcKii53rwIs/default.jpg,False,False,False,Auto-generated sample description for Music video.
-nxvtChG-_E,24.30.11,Top 10 Film & Animation Moments This Week,Channel_885,19,2024-11-29T18:00:00.000Z,vlog|official|music,2831,47,21,48,https://i.ytimg.com/vi/eeqmCM8yydq/default.jpg,False,False,False,Auto-generated sample description for Film & Animation video.
qYcCeHrtEge,24.14.01,Gaming Compilation 2024,Channel_2742,17,2024-01-13T06:00:00.000Z,2024|live|vlog,3673,177,24,53,https://i.ytimg.com/vi/EPJ5CNasDhD/default.jpg,False,False,False,Auto-generated sample description for Gaming video.
wwO0SUfj7qk,24.30.09,Music Compilation 2024,Channel_1075,8,2024-09-29T00:00:00.000Z,music|trending|review,10991,552,86,141,https://i.ytimg.com/vi/QicjLpmcENp/default.jpg,False,False,False,Auto-generated sample description for Music video.
34QteLlOFq0,24.10.12,Behind the Scenes: Music,Channel_1583,4,2024-12-06T01:00:00.000Z,2024|live|official,144992,11176,276,318,https://i.ytimg.com/vi/5zGwNphynaW/default.jpg,False,False,False,Auto-generated sample description for Music video.
nYweBIxMAeB,24.17.02,Official Music Highlights,Channel_3755,8,2024-02-14T01:00:00.000Z,review|trending|vlog,8994,155,28,91,https://i.ytimg.com/vi/_aNC0FBSmFY/default.jpg,False,False,False,Auto-generated sample description for Music video.
W4JmuQz-K9f,24.25.03,Music Compilation 2024,Channel_3381,8,2024-03-25T16:00:00.000Z,live|review|vlog,55931,1886,196,357,https://i.ytimg.com/vi/J-DLnMdgwmt/default.jpg,False,False,False,Auto-generated sample description for Music video.
Vy6B_BeMgat,24.23.04,Why This Music Video Went Viral,Channel_2043,8,2024-04-20T17:00:00.000Z,live|trending|vlog,14362,629,57,180,https://i.ytimg.com/vi/Q2tMvl0cb5d/default.jpg,False,False,False,Auto-generated sample description for Music video.
UwOJjZiHhnJ,24.18.02,Why This Music Video Went Viral,Channel_4385,8,2024-02-16T03:00:00.000Z,review|vlog|2024,18938,1283,13,14,https://i.ytimg.com/vi/9nbCW07c04q/default.jpg,False,False,False,Auto-generated sample description for Music video.
_MlwHSKU_VA,24.20.02,Top 10 Education Moments This Week,Channel_1331,3,2024-02-16T03:00:00.000Z,vlog|trending|official,47056,2695,424,363,https://i.ytimg.com/vi/p4tP_hocL1F/default.jpg,False,False,False,Auto-generated sample description for Education video.
AgJooTNB9Jf,24.05.05,Official News & Politics Highlights,Channel_3424,2,2024-05-04T02:00:00.000Z,trending|music|vlog,59383,2496,391,715,https://i.ytimg.com/vi/XDlFLtiHdd9/default.jpg,False,False,False,"Auto-generated sample description for News & Politics video.
Second line inside a quoted CSV field."
cBdp2aa6B_-,24.20.04,Reacting to Music Trends,Channel_4880,8,2024-04-20T09:00:00.000Z,2024|live|trending,7915,373,46,24,https://i.ytimg.com/vi/QZJy2de7SFN/default.jpg,False,False,False,Auto-generated sample description for Music video.
0t5i16IIAot,24.15.08,Reacting to Music Trends,Channel_4720,4,2024-08-13T12:00:00.000Z,trending|live|vlog,21989,411,39,287,https://i.ytimg.com/vi/Buvcx-SVh6V/default.jpg,False,False,False,Auto-generated sample description for Music video.
e2TU32N-6aj,24.06.06,Film & Animation Compilation 2024,Channel_4282,5,2024-06-06T03:00:00.000Z,2024|trending|music,16468,208,113,203,https://i.ytimg.com/vi/rnut-Pufia3/default.jpg,False,False,False,Auto-generated sample description for Film & Animation video.
MKaN96VkKMQ,25.04.01,Behind the Scenes: Gaming,Channel_3233,17,2025-01-01T12:00:00.000Z,live|vlog|music,313845,16454,2298,1997,https://i.ytimg.com/vi/sSP9Vocbyu6/default.jpg,False,False,False,Auto-generated sample description for Gaming video.
VvYLwG-TI0J,24.23.08,Music Compilation 2024,Channel_3811,8,2024-08-22T22:00:00.000Z,vlog|live|music,78724,3966,725,203,https://i.ytimg.com/vi/SaIdKKvz95P/default.jpg,True,False,False,Auto-generated sample description for Music video.
FamIvgibnuX,24.01.06,Why This Film & Animation Video Went Viral,Channel_696,5,2024-05-31T06:00:00.000Z,trending|2024|live,16979,832,48,25,https://i.ytimg.com/vi/ZqxT_ferGxc/default.jpg,False,False,False,Auto-generated sample description for Film & Animation video.
D32bMbNotlx,24.16.05,Official Music Highlights,Channel_428,4,2024-05-13T17:00:00.000Z,music|2024|live,72320,4736,188,187,https://i.ytimg.com/vi/URrb_cvA4Ge/default.jpg,False,False,False,Auto-generated sample description for Music video.
OoaDPlK4ZwY,24.14.12,Official Autos & Vehicles Highlights,Channel_1989,13,2024-12-11T19:00:00.000Z,music|official|2024,9206,399,47,140,https://i.ytimg.com/vi/wzSZBXzbDkg/default.jpg,False,False,False,Auto-generated sample description for Autos & Vehicles video.
hcjfB6Sc_O7,24.08.03,Official Science & Technology Highlights,Channel_2352,11,2024-03-04T19:00:00.000Z,vlog|live|trending,3423,138,24,9,https://i.ytimg.com/vi/2kruSq346YP/default.jpg,False,False,False,Auto-generated sample description for Science & Technology video.
1V_rAxFRBf3,24.03.06,Why This Education Video Went Viral,Channel_74,3,2024-06-01T04:00:00.000Z,music|live|review,20594,1400,122,212,https://i.ytimg.com/vi/AX4exCPtYnf/default.jpg,False,False,False,Auto-generated sample description for Education video.
0P0-4E7mmdn,24.13.10,Reacting to Music Trends,Channel_939,4,2024-10-13T14:00:00.000Z,music|trending|review,19926,602,11,245,https://i.ytimg.com/vi/913HqFrqISo/default.jpg,False,False,False,Auto-generated sample description for Music video.
7mAIfz7UBjq,24.24.08,Gaming Compilation 2024,Channel_94,17,2024-08-22T22:00:00.000Z,official|trending|music,3683,124,36,47,https://i.ytimg.com/vi/_d2gpz84Red/default.jpg,False,False,True,Auto-generated sample description for Gaming video.
wPC1JLDGC34,24.13.04,Reacting to Music Trends,Channel_2702,8,2024-04-09T05:00:00.000Z,trending|vlog|2024,24709,904,195,425,https://i.ytimg.com/vi/BzFAtAj0UW6/default.jpg,False,False,False,Auto-generated sample description for Music video.
pTohFxKHw5J,24.23.05,Reacting to Music Trends,Channel_4569,4,2024-05-19T09:00:00.000Z,review|music|2024,25020,438,46,63,https://i.ytimg.com/vi/-R1ESHJ8im5/default.jpg,False,False,False,Auto-generated sample description for Music video.
_ApHTk3eyDM,24.11.09,Official Film & Animation Highlights,Channel_129,19,2024-09-08T03:00:00.000Z,official|vlog|trending,3299,121,29,10,https://i.ytimg.com/vi/MzjfsNAOC_I/default.jpg,False,False,False,Auto-generated sample description for Film & Animation video.
gpoTKj48c2Y,24.16.12,Top 10 Music Moments This Week,Channel_2121,4,2024-12-15T02:00:00.000Z,live|review|music,93769,5986,923,926,https://i.ytimg.com/vi/1RtLqSbNiNj/default.jpg,False,False,False,Auto-generated sample description for Music video.
ZF8_l5Rz0Ih,24.28.12,Official Music Highlights,Channel_2409,4,2024-12-25T03:00:00.000Z,music|live|official,12010,130,68,20,https://i.ytimg.com/vi/ziIwwe4Hkfi/default.jpg,False,False,False,Auto-generated sample description for Music video.
JuvyMmVTZ0a,24.01.11,News & Politics Compilation 2024,Channel_1515,2,2024-10-28T00:00:00.000Z,vlog|review|trending,14599,829,43,143,https://i.ytimg.com/vi/A3t5W2Tz3Lh/default.jpg,False,False,False,Auto-generated sample description for News & Politics video.
sEtQnnEaU0H,24.07.01,Gaming Compilation 2024,Channel_1208,17,2024-01-03T09:00:00.000Z,review|live|trending,7911,360,49,38,https://i.ytimg.com/vi/rHhPb6tWPNQ/default.jpg,False,False,False,Auto-generated sample description for Gaming video.
eGA0cJcJOfI,24.23.11,Top 10 Pets & Animals Moments This Week,Channel_1508,6,2024-11-22T10:00:00.000Z,vlog|2024|music,11767,710,87,212,https://i.ytimg.com/vi/emF3ekVz6y_/default.jpg,False,False,False,Auto-generated sample description for Pets & Animals video.
y-ZcwLho-CZ,24.20.03,Reacting to Music Trends,Channel_4133,4,2024-03-16T07:00:00.000Z,review|2024|live,116842,3210,709,188,https://i.ytimg.com/vi/qiXT9yzZN5d/default.jpg,False,False,False,Auto-generated sample description for Music video.
kiJB5zagqFG,24.20.07,Top 10 Music Moments This Week,Channel_1253,4,2024-07-19T10:00:00.000Z,trending|music|2024,76883,2712,297,1497,https://i.ytimg.com/vi/Mjdo-4Lq75a/default.jpg,False,False,False,Auto-generated sample description for Music video.
nQOlxLTPBrz,24.05.09,Top 10 Film & Animation Moments This Week,Channel_4815,5,2024-09-04T03:00:00.000Z,official|review|vlog,37427,1280,359,159,https://i.ytimg.com/vi/dpbsbNL0OZb/default.jpg,False,False,False,Auto-generated sample description for Film & Animation video.
Nj7yQ7MUx6P,24.29.01,Behind the Scenes: Music,Channel_3089,8,2024-01-26T15:00:00.000Z,music|review|official,177709,5689,1036,1084,https://i.ytimg.com/vi/6tMJ7wAr_CD/default.jpg,False,False,False,Auto-generated sample description for Music video.
Z8tjLDjv1NF,24.27.10,Official Music Highlights,Channel_2137,4,2024-10-27T12:00:00.000Z,trending|2024|vlog,147023,8126,715,366,https://i.ytimg.com/vi/B06a7Uioz9s/default.jpg,False,False,False,Auto-generated sample description for Music video.
pUkw5JmQGx_,24.06.08,Reacting to Film & Animation Trends,Channel_4672,19,2024-08-05T00:00:00.000Z,official|music|vlog,34275,1608,204,598,https://i.ytimg.com/vi/qIJqJu1lMS0/default.jpg,False,False,False,Auto-generated sample description for Film & Animation video.
KBVahUF8Zt6,25.09.01,Top 10 Music Moments This Week,Channel_4592,8,2025-01-08T08:00:00.000Z,music|review|live,17916,1103,170,44,https://i.ytimg.com/vi/kIC92b-CqV4/default.jpg,False,False,False,Auto-generated sample description for Music video.
dE39n6okj_o,24.14.12,Top 10 Music Moments This Week,Channel_3354,8,2024-12-11T09:00:00.000Z,review|live|music,35021,2378,151,51,https://i.ytimg.com/vi/7MzJPQQT0CK/default.jpg,False,False,False,Auto-generated sample description for Music video.
JNlQDRTDWYa,25.10.01,Why This Music Video Went Viral,Channel_1076,4,2025-01-09T20:00:00.000Z,trending|2024|review,4302,52,5,51,https://i.ytimg.com/vi/phgcYTFr6gz/default.jpg,False,False,False,Auto-generated sample description for Music video.
cT3k4mFfqGl,25.28.01,Why This Music Video Went Viral,Channel_2443,4,2025-01-26T12:00:00.000Z,live|vlog|trending,53447,1357,520,1020,https://i.ytimg.com/vi/e3HpxzdVq1v/default.jpg,False,False,False,Auto-generated sample description for Music video.
tiWKuyFPNMo,24.11.11,Music Compilation 2024,Channel_3323,4,2024-11-09T12:00:00.000Z,music|vlog|trending,93506,4419,336,247,https://i.ytimg.com/vi/BCLlvJw0RYO/default.jpg,False,False,False,Auto-generated sample description for Music video.
scGby-OslC9,24.02.10,Reacting to Music Trends,Channel_591,8,2024-09-30T18:00:00.000Z,official|review|2024,5508,329,54,102,https://i.ytimg.com/vi/OC39sEbpBX6/default.jpg,False,False,False,Auto-generated sample description for Music video.
DEu1xYO2TyQ,25.02.02,Official Music Highlights,Channel_1758,8,2025-02-01T12:00:00.000Z,review|live|2024,21767,1149,129,425,https://i.ytimg.com/vi/BrQavUrdcTx/default.jpg,False,True,False,Auto-generated sample description for Music video.
-BZyrwz1sKX,24.14.02,Behind the Scenes: Music,Channel_785,4,2024-02-11T03:00:00.000Z,official|music|live,141704,4211,403,1822,https://i.ytimg.com/vi/k56LT0VwIbn/default.jpg,False,False,False,Auto-generated sample description for Music video.
D-5245HwZnx,24.01.10,Film & Animation Compilation 2024,Channel_3838,5,2024-09-30T18:00:00.000Z,official|live|trending,2835,134,15,35,https://i.ytimg.com/vi/pbYCFqY2t6O/default.jpg,False,False,False,Auto-generated sample description for Film & Animation video.
OJvjCK5uc1s,24.21.03,Official Music Highlights,Channel_4111,8,2024-03-18T06:00:00.000Z,2024|trending|vlog,262398,19478,530,1743,https://i.ytimg.com/vi/tXZ0eiBVlY0/default.jpg,False,False,True,Auto-generated sample description for Music video.
n7N6FR7N3z-,24.20.08,Reacting to Music Trends,Channel_3249,8,2024-08-20T22:00:00.000Z,2024|official|review,248466,5829,1293,2848,https://i.ytimg.com/vi/g1xZm-lWrjK/default.jpg,True,False,False,Auto-generated sample description for Music video.
8v32RnSxUSR,24.05.01,Why This Music Video Went Viral,Channel_291,4,2024-01-02T03:00:00.000Z,official|trending|live,141660,6356,616,2270,https://i.ytimg.com/vi/sc-kxtkmI0n/default.jpg,False,False,False,Auto-generated sample description for Music video.
XVlDlzvNE-M,24.31.03,Reacting to Film & Animation Trends,Channel_574,19,2024-03-27T07:00:00.000Z,vlog|music|live,36773,2393,258,160,https://i.ytimg.com/vi/UKVBEIhgjuv/default.jpg,False,False,False,Auto-generated sample description for Film & Animation video.
7TKABsXW41y,25.14.01,Reacting to Music Trends,Channel_4718,4,2025-01-10T18:00:00.000Z,music|trending|vlog,9265,217,21,182,https://i.ytimg.com/vi/d-W6Bvuf7AL/default.jpg,False,False,False,
5cJjUJr3LBy,24.23.04,Why This Music Video Went Viral,Channel_1683,4,2024-04-20T09:00:00.000Z,music|vlog|2024,119374,2582,463,675,https://i.ytimg.com/vi/UspQoOOkfri/default.jpg,False,False,False,Auto-generated sample description for Music video.
mK9AuJbdKi6,24.17.07,Official Travel & Events Highlights,Channel_1044,16,2024-07-13T09:00:00.000Z,live|vlog|2024,5543,342,35,60,https://i.ytimg.com/vi/9L8B0mOzWI5/default.jpg,False,False,False,Auto-generated sample description for Travel & Events video.
a7X_iPFG7HI,24.18.03,Reacting to Music Trends,Channel_1554,8,2024-03-16T08:00:00.000Z,vlog|2024|trending,33666,2613,172,161,https://i.ytimg.com/vi/pJoeuiig3k0/default.jpg,False,False,False,Auto-generated sample description for Music video.
q4bnwS0ZIpq,25.20.01,Why This Music Video Went Viral,Channel_762,8,2025-01-16T11:00:00.000Z,music|live|review,273092,3382,2699,2865,https://i.ytimg.com/vi/1dGhJLOt5NF/default.jpg,False,False,False,Auto-generated sample description for Music video.
aVOyImn92I0,24.11.01,Top 10 Education Moments This Week,Channel_1917,10,2024-01-08T10:00:00.000Z,review|live|2024,35604,1417,320,68,https://i.ytimg.com/vi/LWK-8XDR4Gn/default.jpg,False,False,False,Auto-generated sample description for Education video.
vWRsNI2s7ID,24.19.07,Reacting to Music Trends,Channel_3002,8,2024-07-19T06:00:00.000Z,2024|official|vlog,409338,21662,613,6784,https://i.ytimg.com/vi/WJdWvqKgIUt/default.jpg,False,False,False,Auto-generated sample description for Music video.
FdrUWGmSWJU,24.19.10,Top 10 Music Moments This Week,Channel_817,4,2024-10-17T03:00:00.000Z,review|live|vlog,210889,4545,1228,453,https://i.ytimg.com/vi/tAk8khIxeUr/default.jpg,False,False,False,Auto-generated sample description for Music video.
Y3XLYt9nRx9,24.18.08,Official News & Politics Highlights,Channel_2371,2,2024-08-17T06:00:00.000Z,official|vlog|live,26296,1903,250,525,https://i.ytimg.com/vi/tM40WuDwJfT/default.jpg,False,False,False,Auto-generated sample description for News & Politics video.
szU-vWIgLJr,24.05.05,Why This Music Video Went Viral,Channel_3768,4,2024-05-05T14:00:00.000Z,review|official|live,6533,419,32,98,https://i.ytimg.com/vi/YUSuFNjtRlL/default.jpg,False,False,False,Auto-generated sample description for Music video.
w0yyzNXc4u2,24.12.04,Behind the Scenes: Music,Channel_2199,4,2024-04-11T06:00:00.000Z,2024|review|music,91574,5635,271,856,https://i.ytimg.com/vi/aH-5Dpthuo4/default.jpg,False,False,False,Auto-generated sample description for Music video.
1kJG2ajMSk-,24.09.12,Why This Music Video Went Viral,Channel_3229,8,2024-12-08T15:00:00.000Z,vlog|review|music,311350,24077,314,4944,https://i.ytimg.com/vi/sAAdiAOWorl/default.jpg,False,False,False,Auto-generated sample description for Music video.
34iftXqPlnw,24.10.12,Official Gaming Highlights,Channel_4574,17,2024-12-08T19:00:00.000Z,review|live|official,6135,114,44,42,https://i.ytimg.com/vi/Cvixr06HdEM/default.jpg,False,False,False,Auto-generated sample description for Gaming video.
Ce49GW_fb2L,24.26.10,Behind the Scenes: Education,Channel_2830,3,2024-10-25T13:00:00.000Z,2024|trending|review,75501,2260,558,1431,https://i.ytimg.com/vi/ONWGAQ2Ki1J/default.jpg,False,False,False,Auto-generated sample description for Education video.
6M74rZ3BUqQ,24.13.06,Why This Music Video Went Viral,Channel_454,4,2024-06-13T01:00:00.000Z,vlog|official|live,11464,651,85,54,https://i.ytimg.com/vi/z_ATYsPmV6Y/default.jpg,False,False,False,Auto-generated sample description for Music video.
pWuhxixvKqG,24.21.09,Behind the Scenes: Autos & Vehicles,Channel_3126,15,2024-09-18T17:00:00.000Z,2024|review|music,14629,261,144,91,https://i.ytimg.com/vi/v0DkXxxhc3Q/default.jpg,False,False,False,Auto-generated sample description for Autos & Vehicles video.
iGUz6yeYJyy,24.24.05,Music Compilation 2024,Channel_4816,4,2024-05-22T22:00:00.000Z,vlog|2024|official,121076,3402,209,1788,https://i.ytimg.com/vi/xhRzO5OdwMU/default.jpg,False,False,False,Auto-generated sample description for Music video.
QNaWNQIbygZ,24.31.05,Behind the Scenes: Film & Animation,Channel_2754,19,2024-05-30T00:00:00.000Z,music|2024|official,483,23,4,4,https://i.ytimg.com/vi/F3I_s5B0kXF/default.jpg,False,False,False,Auto-generated sample description for Film & Animation video.
IQxuRRZnDLX,24.02.03,Reacting to Music Trends,Channel_4574,4,2024-03-01T02:00:00.000Z,review|trending|live,44652,2437,437,76,https://i.ytimg.com/vi/sEpiuMhslJx/default.jpg,False,False,False,Auto-generated sample description for Music video.
5UK4Dqs_Rkl,24.05.11,Reacting to Music Trends,Channel_2787,4,2024-11-03T00:00:00.000Z,2024|trending|music,13223,867,75,27,https://i.ytimg.com/vi/KXMSkbhzHn8/default.jpg,False,False,False,Auto-generated sample description for Music video.
tnIJtxtZCA_,24.03.02,Why This Autos & Vehicles Video Went Viral,Channel_4532,7,2024-02-02T21:00:00.000Z,vlog|trending|2024,3741,233,7,70,https://i.ytimg.com/vi/7qrniwYyxSG/default.jpg,False,False,False,Auto-generated sample description for Autos & Vehicles video.
cNvW_AcoIov,24.15.05,Behind the Scenes: Music,Channel_2474,8,2024-05-11T13:00:00.000Z,official|review|trending,73978,4102,242,1133,https://i.ytimg.com/vi/Dsj9yo8tRkJ/default.jpg,False,False,False,Auto-generated sample description for Music video.
vGjSbXk5Le5,24.11.09,Reacting to Music Trends,Channel_4583,4,2024-09-08T00:00:00.000Z,trending|2024|vlog,8089803,503363,79666,81705,https://i.ytimg.com/vi/ktq-1r-9zRp/default.jpg,False,False,False,Auto-generated sample description for Music video.
vf1TSa9HWe4,24.26.02,Reacting to Music Trends,Channel_1319,4,2024-02-24T18:00:00.000Z,2024|review|music,255840,7568,236,1269,https://i.ytimg.com/vi/L3GlGLu_eD3/default.jpg,True,False,False,Auto-generated sample description for Music video.
lWoqNGprxmV,24.08.07,Official Music Highlights,Channel_1746,4,2024-07-06T00:00:00.000Z,vlog|2024|music,87987,2068,312,755,https://i.ytimg.com/vi/2xupxFS55WO/default.jpg,False,False,False,Auto-generated sample description for Music video.
_1mmjBIB81X,24.27.10,Why This Music Video Went Viral,Channel_4243,8,2024-10-23T15:00:00.000Z,live|official|vlog,41028,952,179,633,https://i.ytimg.com/vi/0Mvzv4XMOJ5/default.jpg,False,False,False,Auto-generated sample description for Music video.
sydSbvviwWa,24.19.04,Gaming Compilation 2024,Channel_3452,17,2024-04-19T08:00:00.000Z,trending|music|live,12688,251,44,75,https://i.ytimg.com/vi/IjMGxgfkHyX/default.jpg,False,False,False,Auto-generated sample description for Gaming video.
5dNEFC0K_l1,24.22.02,Why This Gaming Video Went Viral,Channel_852,17,2024-02-19T06:00:00.000Z,live|2024|music,46286,713,447,560,https://i.ytimg.com/vi/6rPYLAMlDgV/default.jpg,False,False,False,Auto-generated sample description for Gaming video.
wS5imk1ZZyh,24.27.08,Official Pets & Animals Highlights,Channel_4522,12,2024-08-23T15:00:00.000Z,vlog|live|music,626,22,5,2,https://i.ytimg.com/vi/tF9PMi6hm8a/default.jpg,False,False,False,Auto-generated sample description for Pets & Animals video.
TPI3pxSGoJX,24.03.06,Howto & Style Compilation 2024,Channel_2382,20,2024-06-03T17:00:00.000Z,official|music|2024,16290,807,14,39,https://i.ytimg.com/vi/RYrJrv3IU9O/default.jpg,False,False,False,Auto-generated sample description for Howto & Style video.
y3lChoTcQNA,24.04.02,Reacting to Music Trends,Channel_1715,4,2024-02-01T18:00:00.000Z,live|review|vlog,62003,3840,524,301,https://i.ytimg.com/vi/LTFVKCUyYlB/default.jpg,False,False,False,Auto-generated sample description for Music video.
Tphrj0vO22u,24.31.03,Top 10 Education Moments This Week,Channel_2528,10,2024-03-27T13:00:00.000Z,trending|vlog|music,443,23,3,5,https://i.ytimg.com/vi/VBnVHX1fHhn/default.jpg,False,False,False,Auto-generated sample description for Education video.
8OZxfFTcKS2,24.19.07,Music Compilation 2024,Channel_3019,8,2024-07-17T04:00:00.000Z,2024|trending|vlog,81739,2623,774,1612,https://i.ytimg.com/vi/4tw2j1HtaZg/default.jpg,False,False,False,Auto-generated sample description for Music video.
EZmOS2zrUC2,24.30.07,Official News & Politics Highlights,Channel_2455,18,2024-07-29T01:00:00.000Z,2024|review|vlog,5703,219,13,109,https://i.ytimg.com/vi/-B0AkhMATHa/default.jpg,False,False,False,Auto-generated sample description for News & Politics video.
V6-WSvXNSMF,24.22.04,Why This Film & Animation Video Went Viral,Channel_3144,19,2024-04-22T08:00:00.000Z,trending|live|official,14350,1014,29,195,https://i.ytimg.com/vi/h_p1kEZJJ_p/default.jpg,False,False,False,Auto-generated sample description for Film & Animation video.
fyI0WyI_KoJ,24.19.08,Music Compilation 2024,Channel_4435,8,2024-08-18T12:00:00.000Z,live|music|2024,8743,278,78,171,https://i.ytimg.com/vi/J9JVTKqR-Iu/default.jpg,True,False,False,Auto-generated sample description for Music video.
3y7faIKxfCC,24.16.08,Gaming Compilation 2024,Channel_4266,17,2024-08-13T17:00:00.000Z,vlog|trending|music,3028,31,25,51,https://i.ytimg.com/vi/APhiY-tDy9i/default.jpg,False,False,False,Auto-generated sample description for Gaming video.
-uOdZ9OEXt4,24.22.03,Music Compilation 2024,Channel_2347,8,2024-03-22T13:00:00.000Z,official|review|2024,86855,4058,753,1640,https://i.ytimg.com/vi/RveZcx0fq3d/default.jpg,False,False,False,Auto-generated sample description for Music video.
Lk6Lf8an8eM,24.29.09,Travel & Events Compilation 2024,Channel_3166,16,2024-09-29T18:00:00.000Z,official|live|2024,9152,323,70,62,https://i.ytimg.com/vi/GSrGBt4NWNf/default.jpg,False,False,False,Auto-generated sample description for Travel & Events video.
-X7cITg-oyu,24.03.03,Howto & Style Compilation 2024,Channel_1578,20,2024-03-02T03:00:00.000Z,review|official|2024,2013,64,17,19,https://i.ytimg.com/vi/kWOIuTPfEQu/default.jpg,False,False,False,Auto-generated sample description for Howto & Style video.
YgF2DzmnAyP,24.27.04,Official Music Highlights,Channel_3885,8,2024-04-23T15:00:00.000Z,vlog|trending|music,29901,2176,69,509,https://i.ytimg.com/vi/XlJ4If_hgbJ/default.jpg,False,False,False,Auto-generated sample description for Music video.
dMeU-dBGkl0,24.18.10,Science & Technology Compilation 2024,Channel_45,11,2024-10-14T18:00:00.000Z,music|review|live,2464,138,10,40,https://i.ytimg.com/vi/D6Xrk96rI8F/default.jpg,False,False,False,Auto-generated sample description for Science & Technology video.
PFfFQ19vnd0,25.23.01,Reacting to Music Trends,Channel_1886,8,2025-01-22T00:00:00.000Z,2024|vlog|review,7826,439,75,103,https://i.ytimg.com/vi/myCAVrBDoqj/default.jpg,False,False,False,Auto-generated sample description for Music video.
aVHV_2_0drQ,24.19.12,Reacting to Music Trends,Channel_890,8,2024-12-19T02:00:00.000Z,music|trending|official,139595,11023,437,732,https://i.ytimg.com/vi/2FVHTM4XTiY/default.jpg,False,False,False,Auto-generated sample description for Music video.
WC-SUt9ZTSg,24.10.11,Official Music Highlights,Channel_1246,8,2024-11-08T17:00:00.000Z,official|trending|live,5602,407,50,79,https://i.ytimg.com/vi/kcLcrqgNLz-/default.jpg,False,False,False,Auto-generated sample description for Music video.
RoN28oQX0jw,24.13.12,Reacting to Science & Technology Trends,Channel_306,11,2024-12-12T20:00:00.000Z,vlog|live|music,27681,1276,80,92,https://i.ytimg.com/vi/LRAfvBUbqTa/default.jpg,False,False,False,Auto-generated sample description for Science & Technology video.
122R8qh8Lld,24.20.03,Behind the Scenes: Music,Channel_571,4,2024-03-19T07:00:00.000Z,2024|review|trending,56502,3322,41,260,https://i.ytimg.com/vi/atB4C3WmSWG/default.jpg,False,False,False,Auto-generated sample description for Music video.
_inEnpskosT,24.21.05,Behind the Scenes: Music,Channel_2536,8,2024-05-18T20:00:00.000Z,vlog|official|2024,38843,1292,21,538,https://i.ytimg.com/vi/PPlJUKXCQCr/default.jpg,False,False,False,Auto-generated sample description for Music video.
TY2KQSbOqtV,24.19.02,Why This Music Video Went Viral,Channel_2492,4,2024-02-19T18:00:00.000Z,music|live|2024,371982,10298,961,6829,https://i.ytimg.com/vi/GyKtps087oh/default.jpg,False,False,False,Auto-generated sample description for Music video.
4B3yFUg8mvM,24.17.03,Travel & Events Compilation 2024,Channel_2412,16,2024-03-14T02:00:00.000Z,vlog|trending|2024,4104,151,11,46,https://i.ytimg.com/vi/BDPHk3F_CVi/default.jpg,False,False,False,Auto-generated sample description for Travel & Events video.
J6KNfL4lzJ1,24.20.06,Behind the Scenes: Travel & Events,Channel_2817,16,2024-06-19T06:00:00.000Z,2024|vlog|music,68156,983,315,527,https://i.ytimg.com/vi/8q4egJbF5m9/default.jpg,False,False,False,Auto-generated sample description for Travel & Events video.
BWpQ_vc60q7,24.05.09,Film & Animation Compilation 2024,Channel_3993,5,2024-09-02T10:00:00.000Z,music|official|vlog,25712,942,23,362,https://i.ytimg.com/vi/d0GjETeCJL2/default.jpg,False,False,False,Auto-generated sample description for Film & Animation video.
m8fzyYH_XKd,24.04.06,Official Music Highlights,Channel_745,8,2024-06-02T00:00:00.000Z,trending|live|2024,21096,787,24,322,https://i.ytimg.com/vi/FuQ0ql6hysA/default.jpg,False,False,False,Auto-generated sample description for Music video.
Ir5vM4lLW1Z,24.10.09,Official Music Highlights,Channel_4627,4,2024-09-10T11:00:00.000Z,vlog|music|2024,77446,955,295,38,https://i.ytimg.com/vi/us7yUPJhnmX/default.jpg,False,False,False,Auto-generated sample description for Music video.
_rxIy_6fgVv,24.28.06,Behind the Scenes: Education,Channel_1749,3,2024-06-24T05:00:00.000Z,2024|vlog|live,3062,160,6,32,https://i.ytimg.com/vi/jmdRWWRunUp/default.jpg,False,False,False,Auto-generated sample description for Education video.
XMYrRC5s4R8,24.16.12,Why This Music Video Went Viral,Channel_3879,8,2024-12-13T11:00:00.000Z,official|review|music,86369,6372,141,49,https://i.ytimg.com/vi/oP3LwhsdvHo/default.jpg,False,False,False,Auto-generated sample description for Music video.
ZG7vuupyiAx,24.14.10,Why This Film & Animation Video Went Viral,Channel_1515,19,2024-10-13T04:00:00.000Z,review|music|vlog,3814,180,22,65,https://i.ytimg.com/vi/hlssx1QJ83O/default.jpg,False,False,False,Auto-generated sample description for Film & Animation video.
8htBZGvz5Yb,24.04.02,Top 10 Music Moments This Week,Channel_4380,4,2024-01-31T03:00:00.000Z,review|music|official,98646,6113,746,1498,https://i.ytimg.com/vi/xb5xFIfBh4p/default.jpg,False,False,False,Auto-generated sample description for Music video.
MCvcIu5WZoK,25.07.01,Why This Music Video Went Viral,Channel_3785,8,2025-01-06T12:00:00.000Z,2024|music|official,610879,26328,2769,1379,https://i.ytimg.com/vi/3P-PvwK4-aS/default.jpg,False,False,False,Auto-generated sample description for Music video.
lK8fsIWJsUj,24.03.04,Music Compilation 2024,Channel_3752,4,2024-03-31T19:00:00.000Z,live|music|review,126818,9724,979,2239,https://i.ytimg.com/vi/qba3GjaZZj7/default.jpg,False,False,False,Auto-generated sample description for Music video.
0jFOMKeOD8K,24.27.07,Official Music Highlights,Channel_694,4,2024-07-23T06:00:00.000Z,trending|live|2024,38198,3007,270,346,https://i.ytimg.com/vi/kd0brljZVdA/default.jpg,False,False,False,Auto-generated sample description for Music video.
JQBPQ0kIE3O,24.07.05,Top 10 Music Moments This Week,Channel_2117,4,2024-05-03T14:00:00.000Z,music|trending|live,105972,7136,1022,1069,https://i.ytimg.com/vi/tULwIejKYVj/default.jpg,False,False,False,Auto-generated sample description for Music video.
UZkyLaL33gY,24.02.09,Reacting to Music Trends,Channel_2552,4,2024-08-29T16:00:00.000Z,trending|live|music,15703,935,63,67,https://i.ytimg.com/vi/E8TOch50Mwy/default.jpg,False,False,False,Auto-generated sample description for Music video.
IcmgMZnLhwA,24.03.12,Pets & Animals Compilation 2024,Channel_3009,1,2024-12-03T06:00:00.000Z,trending|music|live,4171,105,18,43,https://i.ytimg.com/vi/EcZc_j-Juca/default.jpg,False,False,False,Auto-generated sample description for Pets & Animals video.
muts5OzIdqd,24.09.04,Gaming Compilation 2024,Channel_2237,17,2024-04-08T07:00:00.000Z,live|review|vlog,605,22,1,11,https://i.ytimg.com/vi/2DrlP2Vgqya/default.jpg,False,False,False,Auto-generated sample description for Gaming video.
QbNiW0a1FFv,24.26.11,Behind the Scenes: Music,Channel_662,4,2024-11-23T14:00:00.000Z,trending|vlog|live,231759,7145,703,1278,https://i.ytimg.com/vi/J9_byfQkoUU/default.jpg,False,False,False,Auto-generated sample description for Music video.
KjmfjgjdKbK,24.05.08,Music Compilation 2024,Channel_3691,4,2024-08-03T08:00:00.000Z,live|review|2024,22741,334,114,408,https://i.ytimg.com/vi/n47xJuIlNjx/default.jpg,False,False,False,Auto-generated sample description for Music video.
h6zOSD3Yf62,24.23.10,Reacting to Pets & Animals Trends,Channel_4930,6,2024-10-20T03:00:00.000Z,vlog|2024|official,19029,1431,181,117,https://i.ytimg.com/vi/JjFtYhA9PME/default.jpg,False,False,False,Auto-generated sample description for Pets & Animals video.
G7Lu8_pXOYN,24.06.03,Official Film & Animation Highlights,Channel_740,19,2024-03-03T04:00:00.000Z,vlog|live|official,7787,193,49,54,https://i.ytimg.com/vi/Q9NRBWj2qj4/default.jpg,False,False,False,Auto-generated sample description for Film & Animation video.
axl8u7eHQg2,24.19.08,Official Music Highlights,Channel_1901,4,2024-08-17T11:00:00.000Z,vlog|review|trending,154836,9111,300,732,https://i.ytimg.com/vi/3mLs8guVgFT/default.jpg,False,False,False,Auto-generated sample description for Music video.
bpAHMAo27IY,25.08.01,Behind the Scenes: News & Politics,Channel_3945,2,2025-01-05T14:00:00.000Z,trending|live|vlog,1025,35,1,10,https://i.ytimg.com/vi/nZTJ71tMVyD/default.jpg,False,False,False,Auto-generated sample description for News & Politics video.
ncMceCa7LO8,24.03.12,Reacting to Music Trends,Channel_3080,4,2024-12-01T10:00:00.000Z,trending|2024|music,130810,8826,429,2102,https://i.ytimg.com/vi/-NstZXAkUGn/default.jpg,False,False,False,Auto-generated sample description for Music video.
kSHLzctNTsX,24.25.01,Reacting to Music Trends,Channel_2251,4,2024-01-25T18:00:00.000Z,review|vlog|trending,70131,4484,149,1089,https://i.ytimg.com/vi/KbhULZCfW4T/default.jpg,False,False,False,Auto-generated sample description for Music video.
VreoPFpCbMw,24.05.02,Reacting to Autos & Vehicles Trends,Channel_3519,13,2024-02-03T10:00:00.000Z,trending|official|live,3364,208,13,5,https://i.ytimg.com/vi/ZKAg2rIr0Gp/default.jpg,False,False,False,Auto-generated sample description for Autos & Vehicles video.
AUOSNURvfp2,24.23.08,Reacting to Pets & Animals Trends,Channel_804,12,2024-08-21T14:00:00.000Z,official|review|live,1604,108,12,11,https://i.ytimg.com/vi/iyEFtpT00Pf/default.jpg,False,False,False,Auto-generated sample description for Pets & Animals video.
fN5cW-brNbq,24.02.08,Why This Music Video Went Viral,Channel_2802,8,2024-07-29T16:00:00.000Z,vlog|2024|live,91028,5592,613,472,https://i.ytimg.com/vi/G2fwI2gp7LE/default.jpg,False,False,False,Auto-generated sample description for Music video.
RS86sgxTT_T,24.03.03,Autos & Vehicles Compilation 2024,Channel_3506,15,2024-02-29T18:00:00.000Z,review|vlog|2024,18782,1031,11,295,https://i.ytimg.com/vi/evDp2jSMZCb/default.jpg,False,True,False,Auto-generated sample description for Autos & Vehicles video.
_YYQHLPJup0,24.01.04,Why This Music Video Went Viral,Channel_2066,4,2024-03-28T01:00:00.000Z,2024|trending|music,164327,7642,796,1085,https://i.ytimg.com/vi/WM3ZiUjjM_j/default.jpg,False,False,False,Auto-generated sample description for Music video.
anKFwOq05x4,24.28.02,Why This Howto & Style Video Went Viral,Channel_1724,20,2024-02-25T15:00:00.000Z,official|2024|trending,31795,721,303,431,https://i.ytimg.com/vi/nJPw1HZNhVd/default.jpg,False,False,False,Auto-generated sample description for Howto & Style video.
VfAI8ZYKxVQ,24.31.03,Music Compilation 2024,Channel_3028,4,2024-03-31T12:00:00.000Z,official|live|vlog,28624,1516,141,58,https://i.ytimg.com/vi/LCHDXYk59VY/default.jpg,False,False,False,Auto-generated sample description for Music video.
7SDA_AXr_Uc,24.20.05,Top 10 Music Moments This Week,Channel_3871,4,2024-05-19T16:00:00.000Z,review|live|2024,63803,4719,180,371,https://i.ytimg.com/vi/MbFCTvjZYQs/default.jpg,False,False,False,Auto-generated sample description for Music video.
svqsr6ekojX,24.22.02,News & Politics Compilation 2024,Channel_4792,18,2024-02-19T06:00:00.000Z,2024|music|review,3673,105,4,2,https://i.ytimg.com/vi/7Jv9f4pxwbb/default.jpg,False,False,False,Auto-generated sample description for News & Politics video.
YXipQGBhZ6j,24.06.10,Why This News & Politics Video Went Viral,Channel_4722,18,2024-10-05T09:00:00.000Z,trending|review|music,91352,4859,485,149,https://i.ytimg.com/vi/BG2A33lGaEb/default.jpg,False,False,False,Auto-generated sample description for News & Politics video.
c8mOhGE-Rzp,24.21.04,Gaming Compilation 2024,Channel_1471,17,2024-04-19T07:00:00.000Z,trending|2024|vlog,22214,445,172,288,https://i.ytimg.com/vi/S4xeKf2OuaU/default.jpg,False,True,False,Auto-generated sample description for Gaming video.
Bi0-T6z1Hpf,24.17.10,Official Gaming Highlights,Channel_4770,17,2024-10-13T05:00:00.000Z,official|2024|music,28183,811,131,280,https://i.ytimg.com/vi/j2-LB2JPFIg/default.jpg,False,False,False,Auto-generated sample description for Gaming video.
TDKBvck1NuS,24.30.04,Official Music Highlights,Channel_4533,8,2024-04-27T12:00:00.000Z,2024|live|vlog,124005,2853,530,1208,https://i.ytimg.com/vi/ceaIwozZpEP/default.jpg,False,False,False,Auto-generated sample description for Music video.
k7-QNF5micg,24.04.12,Music Compilation 2024,Channel_2979,4,2024-12-04T20:00:00.000Z,live|2024|review,61534,1336,532,146,https://i.ytimg.com/vi/WpXx_8rOOrx/default.jpg,False,False,False,Auto-generated sample description for Music video.
A6XN9LCgVtS,24.14.05,Reacting to Music Trends,Channel_3194,4,2024-05-12T08:00:00.000Z,trending|review|official,11334,465,97,92,https://i.ytimg.com/vi/8JQtKAwZIsn/default.jpg,False,False,False,Auto-generated sample description for Music video.
WaF12eF4OcK,24.01.07,Behind the Scenes: Music,Channel_1845,4,2024-06-30T15:00:00.000Z,official|2024|trending,9094,258,52,56,https://i.ytimg.com/vi/3HY7kuNNryu/default.jpg,False,False,False,Auto-generated sample description for Music video.
W2_2f-FUcOn,24.31.07,Why This Music Video Went Viral,Channel_3969,8,2024-07-27T02:00:00.000Z,trending|official|review,14300,789,20,68,https://i.ytimg.com/vi/EwruM1iSUHf/default.jpg,False,False,False,Auto-generated sample description for Music video.
Tt33iNczkpO,24.22.12,Behind the Scenes: Music,Channel_564,8,2024-12-21T07:00:00.000Z,trending|music|vlog,30769,1857,52,55,https://i.ytimg.com/vi/wqdkMZ5gAYa/default.jpg,False,False,False,Auto-generated sample description for Music video.
bkuT0DBdMwD,24.27.06,Behind the Scenes: Music,Channel_3965,4,2024-06-26T08:00:00.000Z,vlog|2024|live,7459,385,58,42,https://i.ytimg.com/vi/47qEbXjg1FX/default.jpg,False,False,False,Auto-generated sample description for Music video.
WQbHBYM8wyR,24.06.02,Behind the Scenes: Music,Channel_2582,8,2024-02-02T00:00:00.000Z,trending|review|official,46720,642,134,84,https://i.ytimg.com/vi/H7dygZzygE4/default.jpg,False,False,False,Auto-generated sample description for Music video.
kNGrXqBWOyK,24.16.01,Top 10 Music Moments This Week,Channel_1025,4,2024-01-16T10:00:00.000Z,review|trending|vlog,36146,1175,206,195,https://i.ytimg.com/vi/q26dR_l25Sf/default.jpg,False,False,False,Auto-generated sample description for Music video.
0qq15KkDOGw,24.28.07,Top 10 Science & Technology Moments This Week,Channel_594,11,2024-07-27T06:00:00.000Z,trending|music|vlog,9304,305,67,109,https://i.ytimg.com/vi/1JKEQRBUpLx/default.jpg,False,False,False,Auto-generated sample description for Science & Technology video.
ynO03-7alN0,24.04.09,Top 10 Music Moments This Week,Channel_4631,4,2024-09-03T01:00:00.000Z,2024|review|live,6226,215,10,55,https://i.ytimg.com/vi/GhOAL9U_5eP/default.jpg,False,False,False,Auto-generated sample description for Music video.
lvA51y9trYB,24.23.02,Official Music Highlights,Channel_4453,4,2024-02-19T17:00:00.000Z,official|2024|music,7269,551,48,143,https://i.ytimg.com/vi/ma9ogGLBWXr/default.jpg,False,False,False,Auto-generated sample description for Music video.
hfz1wZGGa3P,24.24.10,Official Pets & Animals Highlights,Channel_2076,6,2024-10-23T09:00:00.000Z,review|2024|official,5929,396,41,74,https://i.ytimg.com/vi/Yh2GuA3n_w7/default.jpg,False,False,False,Auto-generated sample description for Pets & Animals video.
-0WhaAR5Ido,24.29.01,Reacting to Gaming Trends,Channel_1918,17,2024-01-28T21:00:00.000Z,trending|review|2024,4064,316,5,80,https://i.ytimg.com/vi/wdaqW7OBgub/default.jpg,False,False,False,Auto-generated sample description for Gaming video.
Y56Yn3kEqlB,24.21.10,News & Politics Compilation 2024,Channel_4726,18,2024-10-19T14:00:00.000Z,vlog|trending|live,33163,1693,127,72,https://i.ytimg.com/vi/FrjITqbcjr7/default.jpg,False,False,False,Auto-generated sample description for News & Politics video.
nl32488h9Yv,24.02.02,Official Film & Animation Highlights,Channel_4433,19,2024-01-31T19:00:00.000Z,review|music|official,2198,55,14,23,https://i.ytimg.com/vi/LtjvMGQZ8nM/default.jpg,False,False,False,Auto-generated sample description for Film & Animation video.
slY_TXx_IsH,24.26.03,Official Film & Animation Highlights,Channel_62,19,2024-03-26T19:00:00.000Z,music|live|2024,19212,911,179,261,https://i.ytimg.com/vi/AY6SPZNXjlX/default.jpg,False,False,False,Auto-generated sample description for Film & Animation video.
HInOkCC94Gx,24.11.02,Official Music Highlights,Channel_4035,4,2024-02-11T04:00:00.000Z,trending|music|live,81079,5543,321,61,https://i.ytimg.com/vi/YFwC4yZ9qQK/default.jpg,False,False,False,Auto-generated sample description for Music video.
TEEGdEpE6_1,24.13.07,Reacting to Music Trends,Channel_1580,4,2024-07-12T18:00:00.000Z,2024|review|live,2935,109,12,34,https://i.ytimg.com/vi/nsjH1CHhVmk/default.jpg,False,True,False,Auto-generated sample description for Music video.
vD8pQutQc6e,24.25.03,Reacting to Education Trends,Channel_2895,10,2024-03-24T09:00:00.000Z,review|music|2024,10002,327,19,96,https://i.ytimg.com/vi/uEPGsbKUZgq/default.jpg,False,False,False,Auto-generated sample description for Education video.
9rlnmMSTTog,24.06.05,Behind the Scenes: News & Politics,Channel_2011,2,2024-05-02T00:00:00.000Z,vlog|2024|live,1001,47,8,4,https://i.ytimg.com/vi/Bnk6AUKqqQB/default.jpg,False,False,False,Auto-generated sample description for News & Politics video.
uShsTAdMtyC,24.03.11,Reacting to News & Politics Trends,Channel_2952,2,2024-10-30T15:00:00.000Z,vlog|live|2024,3863,250,3,19,https://i.ytimg.com/vi/XymzM9aJ9Y5/default.jpg,False,False,False,Auto-generated sample description for News & Politics video.
evJvNBxmvmT,24.07.01,Behind the Scenes: Music,Channel_520,8,2024-01-04T04:00:00.000Z,official|review|2024,241174,6268,2139,1627,https://i.ytimg.com/vi/9CoiI4-3SJF/default.jpg,False,False,False,Auto-generated sample description for Music video.
soAmC7ZwCcT,24.06.06,Top 10 Science & Technology Moments This Week,Channel_429,11,2024-06-02T01:00:00.000Z,official|review|music,15818,170,115,76,https://i.ytimg.com/vi/1kMY_fo0bSI/default.jpg,False,False,False,Auto-generated sample description for Science & Technology video.
07hTxjSBQ4c,24.29.03,Behind the Scenes: Music,Channel_1188,4,2024-03-25T04:00:00.000Z,official|live|vlog,188687,11202,129,1906,https://i.ytimg.com/vi/VLyLnQBoeaL/default.jpg,False,False,False,Auto-generated sample description for Music video.
RomROER7H0_,24.08.09,Top 10 Music Moments This Week,Channel_4286,8,2024-09-08T16:00:00.000Z,official|music|vlog,11736,213,36,134,https://i.ytimg.com/vi/cATeABnzePs/default.jpg,False,False,False,Auto-generated sample description for Music video.
7eQhlTuC0vz,24.15.02,Behind the Scenes: Howto & Style,Channel_4806,20,2024-02-12T12:00:00.000Z,official|music|review,4890,53,4,24,https://i.ytimg.com/vi/SS8pLQO6MaU/default.jpg,False,False,False,Auto-generated sample description for Howto & Style video.
yvK9Dikai72,24.13.03,Behind the Scenes: Film & Animation,Channel_731,19,2024-03-11T17:00:00.000Z,vlog|review|music,31624,2440,159,285,https://i.ytimg.com/vi/sQ4SB1LqOCu/default.jpg,False,False,False,Auto-generated sample description for Film & Animation video.
efLAVqcYOXT,24.22.10,Behind the Scenes: Howto & Style,Channel_2755,20,2024-10-22T19:00:00.000Z,vlog|live|2024,27355,879,120,219,https://i.ytimg.com/vi/iQNqSwzqk8b/default.jpg,False,False,False,Auto-generated sample description for Howto & Style video.
qGBPZIP3enm,24.28.05,Gaming Compilation 2024,Channel_3705,17,2024-05-26T00:00:00.000Z,review|2024|live,8377,92,48,40,https://i.ytimg.com/vi/e66E4VwKRyy/default.jpg,False,False,False,Auto-generated sample description for Gaming video.
N1p1oXCSMlT,24.19.09,Why This Gaming Video Went Viral,Channel_290,17,2024-09-16T11:00:00.000Z,review|music|trending,14628,973,24,65,https://i.ytimg.com/vi/lySFkNejzaD/default.jpg,False,False,False,Auto-generated sample description for Gaming video.
eidf7MDjfQx,24.03.01,Behind the Scenes: News & Politics,Channel_4233,2,2024-01-02T02:00:00.000Z,2024|live|review,31653,478,179,390,https://i.ytimg.com/vi/9NINque7x4Q/default.jpg,False,False,False,Auto-generated sample description for News & Politics video.
EpbPavS74Rc,24.12.12,Official Music Highlights,Channel_822,8,2024-12-08T11:00:00.000Z,music|live|review,116546,2445,1023,1026,https://i.ytimg.com/vi/d1c_guTJt8G/default.jpg,False,False,False,Auto-generated sample description for Music video.
P2_UAEQX6sA,25.01.01,Why This News & Politics Video Went Viral,Channel_1934,18,2025-01-01T01:00:00.000Z,music|vlog|2024,41009,1906,117,776,https://i.ytimg.com/vi/bZmqm4QNmIL/default.jpg,False,False,False,Auto-generated sample description for News & Politics video.
fa0IZNMC7Wb,24.09.02,Nonprofits & Activism Compilation 2024,Channel_2147,14,2024-02-09T11:00:00.000Z,official|music|vlog,6487,485,10,46,https://i.ytimg.com/vi/FHtm9f1LOQH/default.jpg,False,False,False,Auto-generated sample description for Nonprofits & Activism video.
LgTpbqnA61K,24.14.01,Top 10 News & Politics Moments This Week,Channel_4185,2,2024-01-14T03:00:00.000Z,official|music|live,2051,155,18,38,https://i.ytimg.com/vi/IhOEOjKGa4R/default.jpg,False,False,False,Auto-generated sample description for News & Politics video.
rbpzj2dAfUi,24.14.10,Official Music Highlights,Channel_3767,4,2024-10-12T02:00:00.000Z,official|vlog|live,26336,1725,257,306,https://i.ytimg.com/vi/w6u1qjtw4AP/default.jpg,False,False,False,Auto-generated sample description for Music video.
29C5exmAiC9,24.05.10,Autos & Vehicles Compilation 2024,Channel_406,7,2024-10-01T10:00:00.000Z,vlog|official|live,60485,3224,150,404,https://i.ytimg.com/vi/6jr95YFtVWc/default.jpg,False,False,False,Auto-generated sample description for Autos & Vehicles video.
hcF5w6Pw4J8,24.28.11,Reacting to Science & Technology Trends,Channel_2783,11,2024-11-24T07:00:00.000Z,2024|vlog|live,15319,445,33,204,https://i.ytimg.com/vi/Y0z21tfhEwR/default.jpg,False,True,False,Auto-generated sample description for Science & Technology video.
7QoNWNyaDIg,24.27.08,Music Compilation 2024,Channel_2965,8,2024-08-26T15:00:00.000Z,official|review|vlog,28646,2287,139,337,https://i.ytimg.com/vi/zqJ_PbJGkW5/default.jpg,False,False,False,Auto-generated sample description for Music video.
GsOFZUnriub,24.01.05,Top 10 Music Moments This Week,Channel_1563,4,2024-04-27T10:00:00.000Z,vlog|trending|live,53657,1148,481,628,https://i.ytimg.com/vi/l6OyMkuIrYT/default.jpg,False,False,False,Auto-generated sample description for Music video.
mt1EsMPtL-W,24.12.11,Top 10 Autos & Vehicles Moments This Week,Channel_3207,7,2024-11-11T20:00:00.000Z,trending|music|live,13636,1051,101,81,https://i.ytimg.com/vi/xfnyByVIR0F/default.jpg,False,False,False,Auto-generated sample description for Autos & Vehicles video.
sPWeatfju5a,24.22.07,Music Compilation 2024,Channel_2107,4,2024-07-22T10:00:00.000Z,2024|trending|vlog,46167,2649,195,700,https://i.ytimg.com/vi/8etj-Fwc2l0/default.jpg,False,False,False,Auto-generated sample description for Music video.
x3ySE9S0oaj,24.21.10,Why This Music Video Went Viral,Channel_3636,4,2024-10-20T14:00:00.000Z,2024|official|music,15531,791,55,232,https://i.ytimg.com/vi/Pm8pOzOm0LY/default.jpg,False,False,False,Auto-generated sample description for Music video.
U4an10aIw0o,24.27.06,Top 10 Pets & Animals Moments This Week,Channel_1839,12,2024-06-25T14:00:00.000Z,live|music|2024,18392,647,83,253,https://i.ytimg.com/vi/OVr5uYl4MZL/default.jpg,False,False,False,Auto-generated sample description for Pets & Animals video.
JBnuikDzEDi,24.20.07,News & Politics Compilation 2024,Channel_4402,18,2024-07-19T01:00:00.000Z,vlog|trending|review,6100,390,44,23,https://i.ytimg.com/vi/BSodNm_tyDn/default.jpg,False,False,False,Auto-generated sample description for News & Politics video.
tniOaKvkvg-,24.31.07,Why This News & Politics Video Went Viral,Channel_894,2,2024-07-30T05:00:00.000Z,official|trending|vlog,36763,899,153,681,https://i.ytimg.com/vi/HcPQsUgOmte/default.jpg,False,False,False,Auto-generated sample description for News & Politics video.
hIVsPW9GlJB,24.09.11,Official Music Highlights,Channel_1075,4,2024-11-09T16:00:00.000Z,vlog|review|music,13541,785,63,245,https://i.ytimg.com/vi/hDNUgD6equq/default.jpg,False,False,False,Auto-generated sample description for Music video.
yYn4QkZrJbO,24.28.11,Top 10 Music Moments This Week,Channel_2200,8,2024-11-25T14:00:00.000Z,official|trending|review,1088363,32497,2262,3826,https://i.ytimg.com/vi/3aruYWYUtfq/default.jpg,False,False,False,Auto-generated sample description for Music video.
nLscnw1xF8F,25.18.01,Why This Music Video Went Viral,Channel_1225,4,2025-01-18T21:00:00.000Z,live|music|2024,3293,239,31,49,https://i.ytimg.com/vi/kEF5NsLONiQ/default.jpg,False,False,False,Auto-generated sample description for Music video.
cUL8H3-TjJS,24.04.04,Official Music Highlights,Channel_2923,4,2024-04-03T17:00:00.000Z,live|2024|vlog,25869,1551,87,300,https://i.ytimg.com/vi/AxzfschHKzD/default.jpg,False,False,False,Auto-generated sample description for Music video.
Xp7XkvPH1su,24.04.05,Official Music Highlights,Channel_4475,8,2024-05-02T03:00:00.000Z,2024|official|live,5290,374,48,34,https://i.ytimg.com/vi/Ewr_Po_57Gi/default.jpg,False,False,False,Auto-generated sample description for Music video.
hCrtCkTOamL,24.17.06,Reacting to News & Politics Trends,Channel_3114,2,2024-06-13T13:00:00.000Z,official|vlog|review,3106,36,15,55,https://i.ytimg.com/vi/KKVy64P_3Cf/default.jpg,False,False,False,Auto-generated sample description for News & Politics video.
vFkrGocEN-Y,24.04.10,Official Gaming Highlights,Channel_3676,17,2024-09-30T09:00:00.000Z,2024|live|trending,1360,87,7,7,https://i.ytimg.com/vi/rxxzTDtdKlK/default.jpg,False,False,False,Auto-generated sample description for Gaming video.
YWGiC148Mr5,24.26.06,Travel & Events Compilation 2024,Channel_2317,16,2024-06-25T13:00:00.000Z,music|review|official,22267,1689,200,366,https://i.ytimg.com/vi/osSdH1-IP2h/default.jpg,False,False,False,Auto-generated sample description for Travel & Events video.
qgOna8wr4jM,24.14.11,Top 10 Music Moments This Week,Channel_2577,4,2024-11-11T00:00:00.000Z,trending|music|vlog,25033,1270,143,299,https://i.ytimg.com/vi/WvvSdIga7RQ/default.jpg,False,False,False,Auto-generated sample description for Music video.
KFgvZPsYhuU,24.27.12,Top 10 Autos & Vehicles Moments This Week,Channel_3161,7,2024-12-26T22:00:00.000Z,official|music|review,69599,3707,142,1297,https://i.ytimg.com/vi/CloGDUG5ugF/default.jpg,False,False,False,Auto-generated sample description for Autos & Vehicles video.
I6g5H9yEBX3,24.11.03,Why This Music Video Went Viral,Channel_2817,4,2024-03-10T02:00:00.000Z,official|review|vlog,4765,372,10,59,https://i.ytimg.com/vi/hQ4p-E5p5QZ/default.jpg,False,False,False,Auto-generated sample description for Music video.
Nzt6e1NoXq5,24.04.02,Behind the Scenes: Music,Channel_1675,4,2024-01-31T21:00:00.000Z,trending|vlog|live,324620,12006,1234,4321,https://i.ytimg.com/vi/gbxtVuyZKj-/default.jpg,False,False,False,Auto-generated sample description for Music video.
fx2brA2ECZs,24.27.01,Top 10 Music Moments This Week,Channel_758,8,2024-01-23T21:00:00.000Z,review|live|trending,11987,408,82,34,https://i.ytimg.com/vi/G0NsCHjci9Y/default.jpg,False,False,False,Auto-generated sample description for Music video.
btmeUijCsPD,24.08.04,Why This News & Politics Video Went Viral,Channel_26,18,2024-04-06T06:00:00.000Z,2024|trending|music,16731,1041,67,258,https://i.ytimg.com/vi/CBzSZ-gN-ek/default.jpg,False,False,False,Auto-generated sample description for News & Politics video.
gQ2o6wpWH4M,25.14.01,Reacting to Education Trends,Channel_826,10,2025-01-13T06:00:00.000Z,official|live|trending,4318,135,22,7,https://i.ytimg.com/vi/J6WWEAqrpfy/default.jpg,False,False,False,Auto-generated sample description for Education video.
OSWwwGVnSCp,24.28.02,Reacting to Howto & Style Trends,Channel_4633,20,2024-02-28T08:00:00.000Z,vlog|2024|live,6051,388,22,110,https://i.ytimg.com/vi/Ag397gG3fWE/default.jpg,False,False,False,Auto-generated sample description for Howto & Style video.
LuzRH4j2ZG5,24.12.09,Why This Music Video Went Viral,Channel_828,8,2024-09-10T00:00:00.000Z,trending|review|live,285683,20905,2014,4901,https://i.ytimg.com/vi/ktF0q7MlZlk/default.jpg,False,False,False,Auto-generated sample description for Music video.
fnQqW7-3UYs,24.29.09,Official Gaming Highlights,Channel_1447,17,2024-09-25T07:00:00.000Z,official|music|live,3647,281,28,65,https://i.ytimg.com/vi/FgRT4Qfnf2T/default.jpg,False,False,False,Auto-generated sample description for Gaming video.
5KyBw2tse4I,24.30.09,Official Music Highlights,Channel_1682,8,2024-09-29T15:00:00.000Z,vlog|official|live,1271365,42882,11781,9135,https://i.ytimg.com/vi/v67d8Qq9OBV/default.jpg,False,False,False,Auto-generated sample description for Music video.
B6yAMkQK2An,25.19.01,Top 10 Music Moments This Week,Channel_4904,4,2025-01-18T10:00:00.000Z,live|vlog|2024,548260,34593,4878,4232,https://i.ytimg.com/vi/zgr0a-DZwxV/default.jpg,False,False,False,Auto-generated sample description for Music video.
Z_6tGnbXZzE,24.19.08,Travel & Events Compilation 2024,Channel_3508,16,2024-08-19T05:00:00.000Z,live|2024|music,1581,79,12,26,https://i.ytimg.com/vi/YPfYUgwzIBj/default.jpg,False,False,False,Auto-generated sample description for Travel & Events video.
NquJzzsXuYC,24.25.06,Why This Music Video Went Viral,Channel_1499,8,2024-06-21T21:00:00.000Z,trending|live|vlog,66531,995,210,180,https://i.ytimg.com/vi/roVilCtHOhJ/default.jpg,False,False,False,Auto-generated sample description for Music video.
CwjbMcWx6pW,24.17.02,Reacting to Music Trends,Channel_2004,8,2024-02-17T15:00:00.000Z,2024|live|trending,3675,232,9,65,https://i.ytimg.com/vi/f2PaeUZV9y0/default.jpg,False,False,False,Auto-generated sample description for Music video.
pPIvxpvCy6v,24.25.05,Top 10 Film & Animation Moments This Week,Channel_1226,5,2024-05-22T20:00:00.000Z,live|vlog|music,20886,597,139,412,https://i.ytimg.com/vi/dSENYqNjF2d/default.jpg,False,False,False,Auto-generated sample description for Film & Animation video.
vLEGThoeWHx,24.02.04,Official Science & Technology Highlights,Channel_2845,11,2024-03-31T02:00:00.000Z,official|vlog|2024,9671,346,52,19,https://i.ytimg.com/vi/oL19yVs4Ioc/default.jpg,False,False,False,Auto-generated sample description for Science & Technology video.
xU9yXIPI8nS,24.25.01,Behind the Scenes: Music,Channel_4200,4,2024-01-23T10:00:00.000Z,official|trending|review,6004,412,32,48,https://i.ytimg.com/vi/chsgbt9yG6b/default.jpg,False,False,False,Auto-generated sample description for Music video.
kK9gp951vOU,24.18.06,Reacting to Music Trends,Channel_1334,8,2024-06-18T20:00:00.000Z,vlog|music|2024,3931,279,5,13,https://i.ytimg.com/vi/JTOAreN2Z7b/default.jpg,False,False,False,Auto-generated sample description for Music video.
ZIrRZ5FkL4N,24.01.05,Official Music Highlights,Channel_4868,4,2024-04-27T04:00:00.000Z,music|review|2024,30957,702,137,367,https://i.ytimg.com/vi/SSec-RYzELz/default.jpg,False,False,False,Auto-generated sample description for Music video.
EV2UT6IMqNs,24.02.07,Music Compilation 2024,Channel_2111,4,2024-06-28T12:00:00.000Z,2024|official|review,2439,94,8,47,https://i.ytimg.com/vi/abKrMb0Z0tV/default.jpg,False,False,False,Auto-generated sample description for Music video.
JoLpC7seR0Q,24.07.06,Reacting to Music Trends,Channel_3755,4,2024-06-05T15:00:00.000Z,vlog|review|trending,5278,330,14,60,https://i.ytimg.com/vi/QGg2VRVFFfj/default.jpg,False,False,False,Auto-generated sample description for Music video.
qshXTFXtJK7,24.27.01,Music Compilation 2024,Channel_2145,8,2024-01-23T00:00:00.000Z,2024|trending|review,16093,249,58,126,https://i.ytimg.com/vi/VQ0aFfmr3ko/default.jpg,False,False,False,Auto-generated sample description for Music video.
Owb3sq1jhIw,24.09.01,Top 10 Music Moments This Week,Channel_2317,8,2024-01-06T09:00:00.000Z,official|music|trending,17667,1052,136,182,https://i.ytimg.com/vi/mciIWc0QIHJ/default.jpg,False,False,False,Auto-generated sample description for Music video.
BY0VRoG1e0r,24.17.08,Reacting to News & Politics Trends,Channel_274,18,2024-08-14T20:00:00.000Z,live|official|trending,4902,332,5,42,https://i.ytimg.com/vi/kBDl-4t10G1/default.jpg,False,False,False,Auto-generated sample description for News & Politics video.
9sqtZusNKyC,24.04.09,Why This Gaming Video Went Viral,Channel_3697,17,2024-09-02T10:00:00.000Z,review|music|2024,90056,2371,462,1358,https://i.ytimg.com/vi/eVfK4sazflM/default.jpg,False,False,False,Auto-generated sample description for Gaming video.
HowEdFYwG7G,24.03.05,Behind the Scenes: Music,Channel_1976,8,2024-04-29T11:00:00.000Z,trending|vlog|live,116314,4707,555,1865,https://i.ytimg.com/vi/lTEzGWeAQaX/default.jpg,False,False,False,Auto-generated sample description for Music video.
l7lhf_aG48k,24.23.08,Behind the Scenes: Film & Animation,Channel_1534,19,2024-08-21T13:00:00.000Z,music|2024|official,51554,1249,325,626,https://i.ytimg.com/vi/H9tW0-1I5ou/default.jpg,False,False,False,Auto-generated sample description for Film & Animation video.
dztFjDCDRJt,24.29.09,Why This Gaming Video Went Viral,Channel_4497,17,2024-09-26T09:00:00.000Z,music|trending|official,15469,839,20,263,https://i.ytimg.com/vi/_b2Vo8jIz1F/default.jpg,False,False,False,Auto-generated sample description for Gaming video.
toBKV7gkP4i,24.28.11,Why This Music Video Went Viral,Channel_512,4,2024-11-27T12:00:00.000Z,2024|trending|live,253479,4931,1952,3613,https://i.ytimg.com/vi/jUJJxNyVMrf/default.jpg,False,False,False,Auto-generated sample description for Music video.
G7q7yBz5rp-,24.26.03,News & Politics Compilation 2024,Channel_622,2,2024-03-25T08:00:00.000Z,music|review|live,8935,273,36,177,https://i.ytimg.com/vi/nOYWNVdwvlZ/default.jpg,False,False,False,
dK434KEeQPE,24.17.07,Top 10 Gaming Moments This Week,Channel_4073,17,2024-07-13T20:00:00.000Z,official|trending|music,29938,1498,38,157,https://i.ytimg.com/vi/u7djt9gzJQ7/default.jpg,False,False,False,Auto-generated sample description for Gaming video.
gk5yDbsZRBT,24.19.10,Reacting to Music Trends,Channel_2637,8,2024-10-15T20:00:00.000Z,music|official|vlog,25905,1200,140,477,https://i.ytimg.com/vi/Y3l3iBlycxr/default.jpg,False,False,False,Auto-generated sample description for Music video.
TT94NKufveV,25.20.01,Why This Music Video Went Viral,Channel_1211,4,2025-01-20T17:00:00.000Z,2024|official|review,37605,2948,30,429,https://i.ytimg.com/vi/ffJVWwhROUx/default.jpg,False,False,False,Auto-generated sample description for Music video.
3iyF5UlKDNO,24.13.11,Top 10 Music Moments This Week,Channel_350,8,2024-11-12T02:00:00.000Z,music|vlog|review,26790,1917,193,402,https://i.ytimg.com/vi/xZeyU5DY1K8/default.jpg,False,False,False,Auto-generated sample description for Music video.
6nzcHfktt7b,24.02.11,Pets & Animals Compilation 2024,Channel_4649,6,2024-11-02T15:00:00.000Z,vlog|trending|live,23184,654,223,134,https://i.ytimg.com/vi/yEtJuQazBWt/default.jpg,False,False,False,Auto-generated sample description for Pets & Animals video.
hcM8jml4FRQ,24.11.11,Music Compilation 2024,Channel_264,8,2024-11-08T05:00:00.000Z,music|vlog|live,28581,1564,162,379,https://i.ytimg.com/vi/nZLfiPe7UIE/default.jpg,False,False,False,Auto-generated sample description for Music video.
-hjSBA4s1Ki,24.06.03,Official Music Highlights,Channel_4813,4,2024-03-03T15:00:00.000Z,2024|vlog|music,12946,556,110,60,https://i.ytimg.com/vi/OsJb162LJuI/default.jpg,False,False,False,Auto-generated sample description for Music video.
5kt9gv29mbW,24.30.01,Top 10 Music Moments This Week,Channel_219,8,2024-01-29T04:00:00.000Z,live|vlog|trending,19128,195,39,99,https://i.ytimg.com/vi/Pgf-jYJI1st/default.jpg,False,False,False,Auto-generated sample description for Music video.
94pYbeh3CgY,24.07.04,Reacting to Music Trends,Channel_2590,8,2024-04-05T19:00:00.000Z,vlog|2024|official,298350,14550,843,4228,https://i.ytimg.com/vi/_yg4T2ro6Hr/default.jpg,False,False,False,Auto-generated sample description for Music video.
yCZYui8olRf,24.04.01,Music Compilation 2024,Channel_3906,4,2024-01-02T17:00:00.000Z,review|2024|official,44578,2906,30,810,https://i.ytimg.com/vi/iymEU3EwZg2/default.jpg,False,False,False,Auto-generated sample description for Music video.
6G9WBjRi_0A,24.03.05,Why This Music Video Went Viral,Channel_1817,4,2024-05-03T03:00:00.000Z,trending|vlog|music,4892,272,10,32,https://i.ytimg.com/vi/ZZfVatreLjK/default.jpg,False,False,False,Auto-generated sample description for Music video.
-akBcerSLZO,24.14.09,Why This Music Video Went Viral,Channel_103,4,2024-09-10T03:00:00.000Z,review|official|live,22863,822,21,446,https://i.ytimg.com/vi/hyIDaeMJvDf/default.jpg,False,False,False,Auto-generated sample description for Music video.
_pVKlNi_3oD,24.09.04,Reacting to Autos & Vehicles Trends,Channel_1882,13,2024-04-08T05:00:00.000Z,live|music|vlog,967,68,0,2,https://i.ytimg.com/vi/7R-kjHJCVu4/default.jpg,False,False,False,Auto-generated sample description for Autos & Vehicles video.
XWR0nCmY8i0,24.03.11,Behind the Scenes: Music,Channel_1618,4,2024-11-03T05:00:00.000Z,live|trending|music,282939,3557,658,5546,https://i.ytimg.com/vi/xIQZqgWyCsf/default.jpg,False,False,False,Auto-generated sample description for Music video.
ONGgnHcoRRw,24.18.04,Music Compilation 2024,Channel_1826,8,2024-04-18T12:00:00.000Z,review|vlog|music,160766,6201,1410,2868,https://i.ytimg.com/vi/wAkiAe5NWIb/default.jpg,False,False,False,Auto-generated sample description for Music video.
ujJJ4kN-r55,24.12.11,Top 10 Science & Technology Moments This Week,Channel_1968,11,2024-11-08T18:00:00.000Z,live|review|music,14237,1010,61,100,https://i.ytimg.com/vi/2L-33FSYBRr/default.jpg,False,False,False,Auto-generated sample description for Science & Technology video.
t-51u1fvXaP,24.29.03,Music Compilation 2024,Channel_4174,8,2024-03-27T18:00:00.000Z,review|official|trending,3947,226,13,22,https://i.ytimg.com/vi/IUW310qIMzT/default.jpg,False,False,False,Auto-generated sample description for Music video.
72DZ92g1h-0,24.06.07,Music Compilation 2024,Channel_3952,4,2024-07-06T20:00:00.000Z,2024|official|review,28003,727,32,204,https://i.ytimg.com/vi/5aLQpjJ0GXp/default.jpg,False,False,False,Auto-generated sample description for Music video.
JKV_aTN4eYR,24.16.01,Music Compilation 2024,Channel_3444,4,2024-01-14T22:00:00.000Z,vlog|review|2024,8613,373,4,28,https://i.ytimg.com/vi/QjB-WaYm_3a/default.jpg,False,True,False,Auto-generated sample description for Music video.
6pqgvP-zZo2,24.13.08,Official Gaming Highlights,Channel_4248,17,2024-08-12T16:00:00.000Z,2024|official|review,15451,706,74,104,https://i.ytimg.com/vi/hG_c8qJE5Ah/default.jpg,False,False,False,Auto-generated sample description for Gaming video.
KetNiITfNA1,25.20.01,Official Music Highlights,Channel_2477,4,2025-01-17T20:00:00.000Z,2024|live|official,341865,6557,3115,6203,https://i.ytimg.com/vi/n3uWHZaJA2i/default.jpg,False,False,False,Auto-generated sample description for Music video.
0O6myuyYUnl,24.12.09,Why This Music Video Went Viral,Channel_1189,8,2024-09-11T03:00:00.000Z,trending|official|live,8036,567,68,31,https://i.ytimg.com/vi/Ohf4Szc_urD/default.jpg,False,False,False,Auto-generated sample description for Music video.
SEofr42iFC9,24.09.02,Official Film & Animation Highlights,Channel_175,5,2024-02-08T22:00:00.000Z,vlog|official|trending,18132,1204,179,212,https://i.ytimg.com/vi/eyEbT-4kyhg/default.jpg,False,False,False,Auto-generated sample description for Film & Animation video.
th2_Hag_aTP,24.30.06,Official Film & Animation Highlights,Channel_3502,19,2024-06-29T12:00:00.000Z,trending|official|vlog,21497,1656,21,14,https://i.ytimg.com/vi/BJ9hIoiF2uX/default.jpg,False,False,False,Auto-generated sample description for Film & Animation video.
9Ast7tIDEaw,24.03.09,Reacting to Music Trends,Channel_508,8,2024-09-02T02:00:00.000Z,review|live|vlog,37146,2920,122,519,https://i.ytimg.com/vi/rKr5dLwI7d_/default.jpg,False,False,False,Auto-generated sample description for Music video.
orfUF-O50Em,24.30.06,Behind the Scenes: Music,Channel_2255,8,2024-06-30T18:00:00.000Z,trending|music|live,26489,1429,236,329,https://i.ytimg.com/vi/1qk5HMrZQne/default.jpg,False,False,False,Auto-generated sample description for Music video.
7CtrQuM8_nd,24.09.01,Top 10 Music Moments This Week,Channel_1783,4,2024-01-05T20:00:00.000Z,review|trending|live,16532,838,135,276,https://i.ytimg.com/vi/bLZOCO-wdwP/default.jpg,False,False,False,Auto-generated sample description for Music video.
OxlLbpKX8NQ,24.09.04,Behind the Scenes: Music,Channel_214,8,2024-04-07T12:00:00.000Z,music|live|2024,206978,6829,269,1618,https://i.ytimg.com/vi/UHRus8RIJkj/default.jpg,False,False,False,Auto-generated sample description for Music video.
qvpXb3exM9a,24.30.05,Top 10 Gaming Moments This Week,Channel_1587,17,2024-05-29T06:00:00.000Z,official|music|review,2384,50,11,12,https://i.ytimg.com/vi/wiDCxjW0Sox/default.jpg,False,False,False,Auto-generated sample description for Gaming video.
8xPSf4Z8gTS,25.21.01,Music Compilation 2024,Channel_3169,4,2025-01-19T16:00:00.000Z,trending|2024|live,111252,7337,485,400,https://i.ytimg.com/vi/ZsdGmBr4CXV/default.jpg,False,False,False,Auto-generated sample description for Music video.
gOuwW9q5ouS,24.04.10,Top 10 Music Moments This Week,Channel_4580,4,2024-10-02T00:00:00.000Z,vlog|music|trending,70900,1600,325,1250,https://i.ytimg.com/vi/-qXhCcsoBTe/default.jpg,False,False,False,Auto-generated sample description for Music video.
8pM7mCLiAoz,24.27.07,Official Music Highlights,Channel_712,4,2024-07-23T11:00:00.000Z,official|vlog|music,63253,673,614,1166,https://i.ytimg.com/vi/0JCkeJXg_sO/default.jpg,False,False,False,Auto-generated sample description for Music video.
nzAHmgsW23M,24.02.11,Official Music Highlights,Channel_1499,4,2024-11-01T03:00:00.000Z,official|live|review,251374,18886,2125,3985,https://i.ytimg.com/vi/YGsfaDJ9Y2Z/default.jpg,False,False,False,Auto-generated sample description for Music video.
kHa2KP9MJJr,24.20.10,Top 10 Autos & Vehicles Moments This Week,Channel_1703,15,2024-10-19T16:00:00.000Z,music|official|2024,1846,27,4,28,https://i.ytimg.com/vi/KxepJ4BXE9L/default.jpg,False,False,False,Auto-generated sample description for Autos & Vehicles video.
pjY4Psew4d2,24.05.11,Behind the Scenes: Music,Channel_3428,4,2024-11-01T01:00:00.000Z,live|vlog|trending,22137,1515,98,270,https://i.ytimg.com/vi/1JnWBvz5Uf8/default.jpg,False,False,False,Auto-generated sample description for Music video.
SkqLOLvR0Hk,24.07.11,Why This News & Politics Video Went Viral,Channel_3855,2,2024-11-07T09:00:00.000Z,vlog|2024|review,16287,1058,73,57,https://i.ytimg.com/vi/fNvZVFiC6Et/default.jpg,False,False,False,Auto-generated sample description for News & Politics video.
ULpccH4gbOv,24.20.12,Reacting to Pets & Animals Trends,Channel_4953,12,2024-12-18T05:00:00.000Z,2024|review|live,14285,334,110,171,https://i.ytimg.com/vi/UUEx4Og6yn1/default.jpg,False,False,False,Auto-generated sample description for Pets & Animals video.
e1ap7mIiTI4,24.12.10,Music Compilation 2024,Channel_1943,8,2024-10-11T06:00:00.000Z,review|trending|live,15753,412,80,59,https://i.ytimg.com/vi/o7zIR2U_d8b/default.jpg,False,False,False,Auto-generated sample description for Music video.
AzGIfXRzPf7,25.21.01,Behind the Scenes: Music,Channel_3796,8,2025-01-17T21:00:00.000Z,vlog|live|2024,13501,208,62,77,https://i.ytimg.com/vi/CbjfDz6-EZb/default.jpg,False,False,False,Auto-generated sample description for Music video.
M2mmrMAKlxG,24.11.06,Music Compilation 2024,Channel_2903,4,2024-06-09T01:00:00.000Z,live|official|trending,5175,53,17,44,https://i.ytimg.com/vi/Jw-N4Hweo4W/default.jpg,False,False,False,Auto-generated sample description for Music video.
Fkcv5nbvyrA,24.26.05,Why This Music Video Went Viral,Channel_1121,8,2024-05-25T21:00:00.000Z,vlog|official|trending,9810,168,85,147,https://i.ytimg.com/vi/3l3Xa8p9xg1/default.jpg,False,False,True,Auto-generated sample description for Music video.
rrpPQGmSL9_,24.02.11,Why This Music Video Went Viral,Channel_2928,8,2024-11-01T05:00:00.000Z,official|live|vlog,116774,7334,72,1602,https://i.ytimg.com/vi/IEh_jUYX9Q7/default.jpg,False,False,False,Auto-generated sample description for Music video.
y5ELml5LVSO,24.19.12,Reacting to Music Trends,Channel_2103,8,2024-12-16T03:00:00.000Z,music|trending|vlog,66343,1847,410,1298,https://i.ytimg.com/vi/IhTUhJxs6Ad/default.jpg,False,False,False,Auto-generated sample description for Music video.
gCSAI_Nrog7,24.25.05,Top 10 Music Moments This Week,Channel_2661,8,2024-05-23T16:00:00.000Z,trending|live|review,9507,473,83,76,https://i.ytimg.com/vi/HBjiX7o3K-s/default.jpg,False,False,False,Auto-generated sample description for Music video.
GkQcGR6coy5,24.11.03,Reacting to Autos & Vehicles Trends,Channel_848,13,2024-03-11T00:00:00.000Z,vlog|live|music,3545,179,15,35,https://i.ytimg.com/vi/B0CFouRszx1/default.jpg,False,False,False,Auto-generated sample description for Autos & Vehicles video.
JpU4LrNF76x,25.08.01,Reacting to Music Trends,Channel_2715,8,2025-01-04T06:00:00.000Z,review|2024|live,78382,6222,496,920,https://i.ytimg.com/vi/_0PNqV6nHaN/default.jpg,False,False,False,Auto-generated sample description for Music video.
phb7VUroMes,24.13.03,Reacting to Music Trends,Channel_2507,4,2024-03-10T02:00:00.000Z,music|official|trending,325755,4746,2756,5892,https://i.ytimg.com/vi/bRx733h1-9h/default.jpg,False,False,False,Auto-generated sample description for Music video.
t_qQ750PKEH,24.14.05,Reacting to Music Trends,Channel_1460,8,2024-05-12T08:00:00.000Z,trending|vlog|review,19908,1583,21,336,https://i.ytimg.com/vi/p8WU0MVEB4z/default.jpg,False,False,False,Auto-generated sample description for Music video.
BM8yhrbp709,24.14.07,Top 10 News & Politics Moments This Week,Channel_1232,18,2024-07-10T09:00:00.000Z,2024|vlog|trending,4315,176,15,34,https://i.ytimg.com/vi/skFFKKWxOgh/default.jpg,False,False,False,Auto-generated sample description for News & Politics video.
WRfTkJBaYCU,24.27.08,Official Pets & Animals Highlights,Channel_2955,1,2024-08-23T05:00:00.000Z,review|official|vlog,53845,1387,68,413,https://i.ytimg.com/vi/bMQTzBDB6sg/default.jpg,False,False,False,Auto-generated sample description for Pets & Animals video.
bi8iMTmjJaS,24.15.12,Official Pets & Animals Highlights,Channel_2900,1,2024-12-14T21:00:00.000Z,review|music|official,18540,315,111,280,https://i.ytimg.com/vi/2dnUPcMM3Lw/default.jpg,False,False,False,Auto-generated sample description for Pets & Animals video.
1SVnyxIRiu8,24.24.06,Official Science & Technology Highlights,Channel_4079,11,2024-06-22T03:00:00.000Z,2024|official|vlog,23696,883,132,39,https://i.ytimg.com/vi/FZ_TiohG6J0/default.jpg,False,False,False,Auto-generated sample description for Science & Technology video.
SXZf-0bbPZe,24.03.10,Official Music Highlights,Channel_850,4,2024-10-01T17:00:00.000Z,trending|official|review,31512,1463,68,184,https://i.ytimg.com/vi/HQuw4xB6gCJ/default.jpg,False,False,False,Auto-generated sample description for Music video.
Zu_2qPVa9Tx,24.29.09,Film & Animation Compilation 2024,Channel_1191,5,2024-09-27T12:00:00.000Z,vlog|2024|trending,6938,209,21,99,https://i.ytimg.com/vi/UuuQSPQVVX2/default.jpg,False,False,False,Auto-generated sample description for Film & Animation video.
dKb0y9hOdBt,24.19.11,Why This Music Video Went Viral,Channel_2397,8,2024-11-19T05:00:00.000Z,2024|live|vlog,26079,2085,168,335,https://i.ytimg.com/vi/wRf1z_48H2J/default.jpg,False,False,False,Auto-generated sample description for Music video.
SvH5YNkpj3T,24.17.03,Reacting to Music Trends,Channel_2396,4,2024-03-17T17:00:00.000Z,live|music|2024,35093,2299,229,676,https://i.ytimg.com/vi/SatwXzcN3sS/default.jpg,False,False,False,Auto-generated sample description for Music video.
jOad1Z2RSSg,24.07.08,Why This Music Video Went Viral,Channel_2261,4,2024-08-03T17:00:00.000Z,trending|music|2024,141498,5939,1175,2139,https://i.ytimg.com/vi/zpECB32sVzq/default.jpg,False,False,False,Auto-generated sample description for Music video.
3Nt3IRiYttU,24.11.02,Film & Animation Compilation 2024,Channel_687,19,2024-02-08T02:00:00.000Z,live|vlog|review,3651,181,23,64,https://i.ytimg.com/vi/TSnjBlXMLq_/default.jpg,False,False,False,Auto-generated sample description for Film & Animation video.
EzOvCDEulip,24.29.06,Top 10 Music Moments This Week,Channel_2911,4,2024-06-25T03:00:00.000Z,music|trending|live,18517,641,104,204,https://i.ytimg.com/vi/OQD-G06U9wl/default.jpg,False,False,False,Auto-generated sample description for Music video.
HI6FrEpJj3o,25.16.01,Music Compilation 2024,Channel_1769,4,2025-01-13T14:00:00.000Z,2024|live|vlog,119674,3741,768,740,https://i.ytimg.com/vi/3wJT1lNryaa/default.jpg,False,False,False,Auto-generated sample description for Music video.
lxRj69bcYpY,25.12.01,Music Compilation 2024,Channel_2653,4,2025-01-09T04:00:00.000Z,2024|official|trending,15054,161,66,166,https://i.ytimg.com/vi/9uaIb5jInWe/default.jpg,False,False,False,Auto-generated sample description for Music video.
tEHJpvyS7Yw,24.27.09,Behind the Scenes: Music,Channel_615,4,2024-09-26T19:00:00.000Z,review|2024|official,128933,6727,734,1889,https://i.ytimg.com/vi/ylNpCXyJNu_/default.jpg,False,False,False,Auto-generated sample description for Music video.
OG5Sn9qEdxr,24.09.10,Reacting to Music Trends,Channel_895,4,2024-10-05T20:00:00.000Z,vlog|2024|official,15557,766,18,154,https://i.ytimg.com/vi/HIY8hLK1FGH/default.jpg,True,False,False,Auto-generated sample description for Music video.
ocrkY3-aBHH,24.21.07,Behind the Scenes: Music,Channel_514,8,2024-07-18T03:00:00.000Z,trending|live|2024,391569,25289,699,560,https://i.ytimg.com/vi/FwQ_r7s-cEa/default.jpg,False,False,False,Auto-generated sample description for Music video.
KRtbnyjN8RP,25.16.01,Top 10 Music Moments This Week,Channel_688,8,2025-01-12T21:00:00.000Z,2024|official|vlog,2720,42,8,20,https://i.ytimg.com/vi/yr2fiU0Bdko/default.jpg,False,False,False,Auto-generated sample description for Music video.
FdTgu41tnp-,24.09.03,Official Howto & Style Highlights,Channel_4921,20,2024-03-09T16:00:00.000Z,live|vlog|review,10496,313,33,96,https://i.ytimg.com/vi/v8PHBtoxLtb/default.jpg,False,False,False,Auto-generated sample description for Howto & Style video.
6rbb1xuBMlB,24.28.11,Reacting to Music Trends,Channel_1434,8,2024-11-27T06:00:00.000Z,trending|live|2024,31329,1836,95,157,https://i.ytimg.com/vi/vdrYJ-gK5aD/default.jpg,False,False,False,Auto-generated sample description for Music video.
qZnsgR28HQY,24.28.03,Official Gaming Highlights,Channel_3236,17,2024-03-24T14:00:00.000Z,2024|vlog|official,16891,586,88,229,https://i.ytimg.com/vi/rQr1e3EyNHM/default.jpg,False,False,False,Auto-generated sample description for Gaming video.
xla3hNHLWgq,24.05.06,Behind the Scenes: Music,Channel_4564,8,2024-06-05T19:00:00.000Z,live|vlog|trending,197401,5253,953,2469,https://i.ytimg.com/vi/OoDx5Gt05Fi/default.jpg,False,False,False,Auto-generated sample description for Music video.
ht4eKx9BlGU,24.15.10,Behind the Scenes: Gaming,Channel_4436,17,2024-10-13T21:00:00.000Z,trending|vlog|live,5534,353,32,81,https://i.ytimg.com/vi/ct8t9BgCeVz/default.jpg,False,False,False,Auto-generated sample description for Gaming video.
z1YyuC5V43J,25.16.01,Top 10 News & Politics Moments This Week,Channel_1950,18,2025-01-14T04:00:00.000Z,review|vlog|official,14905,1031,77,172,https://i.ytimg.com/vi/wRF2b60E19T/default.jpg,False,False,False,Auto-generated sample description for News & Politics video.
4dKIy2M_nuQ,24.16.08,Music Compilation 2024,Channel_3940,8,2024-08-14T18:00:00.000Z,vlog|trending|review,4815,340,40,85,https://i.ytimg.com/vi/tk7LA231SR0/default.jpg,False,False,False,Auto-generated sample description for Music video.
ewqfyK1gGC5,24.24.09,Official Music Highlights,Channel_2772,4,2024-09-23T01:00:00.000Z,review|2024|live,1135650,62492,7554,3177,https://i.ytimg.com/vi/YR1QUMWZD_o/default.jpg,False,False,False,Auto-generated sample description for Music video.
O1z_EBOMoF2,24.17.11,Official Gaming Highlights,Channel_1723,17,2024-11-14T16:00:00.000Z,live|vlog|music,209629,10077,1490,3727,https://i.ytimg.com/vi/OnnIxHAqPRr/default.jpg,False,False,False,Auto-generated sample description for Gaming video.
8-ocxbwQfVw,24.06.01,Top 10 Music Moments This Week,Channel_3519,4,2024-01-06T02:00:00.000Z,official|live|2024,109221,4391,599,913,https://i.ytimg.com/vi/1WYY_ohQiQs/default.jpg,False,False,False,Auto-generated sample description for Music video.
ZrwZHn3qpV7,24.21.08,Official Howto & Style Highlights,Channel_1516,20,2024-08-17T16:00:00.000Z,official|vlog|trending,2167,62,13,32,https://i.ytimg.com/vi/MsLt_xFK5J7/default.jpg,False,False,False,Auto-generated sample description for Howto & Style video.
hnHycWFSckH,25.28.01,Reacting to Music Trends,Channel_1671,4,2025-01-27T01:00:00.000Z,trending|review|music,9428,587,89,116,https://i.ytimg.com/vi/3L5bM71G4PX/default.jpg,False,False,False,Auto-generated sample description for Music video.
OwaiRA0t9Ua,24.17.05,Music Compilation 2024,Channel_591,8,2024-05-14T10:00:00.000Z,review|music|trending,20686,591,32,40,https://i.ytimg.com/vi/TZA4LiTxprb/default.jpg,False,True,False,Auto-generated sample description for Music video.
jCyyXMgC9Pj,24.09.08,Behind the Scenes: Music,Channel_1738,8,2024-08-05T12:00:00.000Z,review|trending|official,15547,623,82,297,https://i.ytimg.com/vi/ZORvaV0j4CZ/default.jpg,False,False,False,Auto-generated sample description for Music video.
MavczRlkI95,24.19.03,Why This Music Video Went Viral,Channel_1001,4,2024-03-15T14:00:00.000Z,music|vlog|2024,32662,1370,181,610,https://i.ytimg.com/vi/TILbTy-f0FK/default.jpg,False,False,False,Auto-generated sample description for Music video.
SypG1PflA0M,24.10.10,Top 10 Music Moments This Week,Channel_2831,8,2024-10-07T02:00:00.000Z,trending|official|2024,77198,5855,144,555,https://i.ytimg.com/vi/aYNDbe2JtM7/default.jpg,False,False,False,Auto-generated sample description for Music video.
CK_Xup5soiq,24.08.07,Music Compilation 2024,Channel_1644,8,2024-07-08T13:00:00.000Z,2024|vlog|review,394030,14715,3173,1328,https://i.ytimg.com/vi/ietnLHUltT2/default.jpg,False,False,False,Auto-generated sample description for Music video.
a089fZNgd6x,24.22.08,Behind the Scenes: News & Politics,Channel_4073,18,2024-08-19T22:00:00.000Z,live|trending|music,28601,1770,267,224,https://i.ytimg.com/vi/b0iYSyAI3ol/default.jpg,False,False,False,Auto-generated sample description for News & Politics video.
jcVtU2ssF9j,24.22.04,Behind the Scenes: Gaming,Channel_853,17,2024-04-20T05:00:00.000Z,official|live|2024,3224,163,7,31,https://i.ytimg.com/vi/hV57Th_dFty/default.jpg,False,False,False,Auto-generated sample description for Gaming video.
7RDWml_pG73,24.02.03,News & Politics Compilation 2024,Channel_4092,18,2024-02-28T11:00:00.000Z,trending|2024|vlog,5794,286,50,4,https://i.ytimg.com/vi/PY2o2Mg9zZ0/default.jpg,False,False,False,Auto-generated sample description for News & Politics video.
TrMQIp-sQ1n,24.02.12,Why This Music Video Went Viral,Channel_4342,8,2024-11-28T11:00:00.000Z,music|trending|2024,42576,3313,237,68,https://i.ytimg.com/vi/Gjzv6f6NyGU/default.jpg,False,False,False,Auto-generated sample description for Music video.
nEWKVOFPJai,24.14.12,Behind the Scenes: Autos & Vehicles,Channel_4560,13,2024-12-12T04:00:00.000Z,review|2024|vlog,65679,5120,213,311,https://i.ytimg.com/vi/pr5xwxG0GDu/default.jpg,False,False,False,Auto-generated sample description for Autos & Vehicles video.
nhzSyUHBReK,24.09.02,Top 10 Music Moments This Week,Channel_1489,4,2024-02-06T04:00:00.000Z,music|trending|vlog,26800,1372,48,396,https://i.ytimg.com/vi/zvWVltMJPe5/default.jpg,False,False,False,Auto-generated sample description for Music video.
A9OsFIbMfX0,24.24.01,Behind the Scenes: Music,Channel_1883,8,2024-01-23T04:00:00.000Z,vlog|music|2024,16602,988,80,117,https://i.ytimg.com/vi/YbVX2dVsy0r/default.jpg,False,False,False,Auto-generated sample description for Music video.
6Evw7W-wceM,24.02.10,Why This Education Video Went Viral,Channel_2234,10,2024-09-28T01:00:00.000Z,review|live|vlog,21115,971,152,248,https://i.ytimg.com/vi/EB1SRjvSOtF/default.jpg,False,False,False,Auto-generated sample description for Education video.
vnpET53LiLT,24.21.01,Why This Film & Animation Video Went Viral,Channel_4860,5,2024-01-19T20:00:00.000Z,2024|music|live,35310,2606,154,699,https://i.ytimg.com/vi/0IDjv_HDZp6/default.jpg,False,False,False,Auto-generated sample description for Film & Animation video.
xL2CO6zU7Ev,24.16.01,Why This Music Video Went Viral,Channel_4527,4,2024-01-16T08:00:00.000Z,2024|trending|review,127854,6252,1134,559,https://i.ytimg.com/vi/1iKVtLezf4K/default.jpg,False,False,False,Auto-generated sample description for Music video.
yXdHno6WMqs,24.29.04,Top 10 Autos & Vehicles Moments This Week,Channel_4782,7,2024-04-27T02:00:00.000Z,official|live|trending,89583,5334,378,1255,https://i.ytimg.com/vi/aToMiPAZL15/default.jpg,False,False,False,Auto-generated sample description for Autos & Vehicles video.
K6OwpQcPb3x,24.23.06,Behind the Scenes: Music,Channel_3886,4,2024-06-21T09:00:00.000Z,vlog|music|live,444383,29158,348,2080,https://i.ytimg.com/vi/hLWghAH1aH6/default.jpg,False,False,False,Auto-generated sample description for Music video.
AnYAE3dyKwX,24.21.03,Top 10 Music Moments This Week,Channel_3502,4,2024-03-21T00:00:00.000Z,vlog|music|2024,11303,603,21,117,https://i.ytimg.com/vi/B17Uem2PUuX/default.jpg,False,False,False,Auto-generated sample description for Music video.
WGB6HTMzfNj,24.21.01,Top 10 Nonprofits & Activism Moments This Week,Channel_3500,14,2024-01-18T12:00:00.000Z,review|2024|official,25123,1922,85,495,https://i.ytimg.com/vi/7uw1TlshBba/default.jpg,False,False,False,Auto-generated sample description for Nonprofits & Activism video.
J7G7VbE6KSP,24.12.12,Why This Film & Animation Video Went Viral,Channel_4670,19,2024-12-09T05:00:00.000Z,music|review|2024,44024,2257,230,691,https://i.ytimg.com/vi/1QKPhJKoWhs/default.jpg,False,False,False,Auto-generated sample description for Film & Animation video.
Bz_PlgqxfWS,24.23.05,Music Compilation 2024,Channel_4808,8,2024-05-22T08:00:00.000Z,live|trending|vlog,24057,289,196,394,https://i.ytimg.com/vi/qvWBnI7jzUJ/default.jpg,False,False,False,Auto-generated sample description for Music video.
O7ubQAJcHhS,24.12.06,Behind the Scenes: Music,Channel_1675,8,2024-06-12T22:00:00.000Z,music|trending|vlog,34708,2637,291,331,https://i.ytimg.com/vi/xlPkYtqgOTl/default.jpg,False,False,False,Auto-generated sample description for Music video.
5cgMYTmlTyk,24.10.01,Top 10 Howto & Style Moments This Week,Channel_4268,20,2024-01-08T03:00:00.000Z,vlog|review|music,4248,325,37,7,https://i.ytimg.com/vi/NgT7yUSMX_A/default.jpg,False,False,False,Auto-generated sample description for Howto & Style video.
eWm2YlcHNUk,25.21.01,Official Film & Animation Highlights,Channel_1603,19,2025-01-20T19:00:00.000Z,music|official|2024,3272,92,11,17,https://i.ytimg.com/vi/9kK52SMDY5v/default.jpg,False,False,False,Auto-generated sample description for Film & Animation video.
Y5Y0XpopLhw,24.23.07,Behind the Scenes: Music,Channel_3850,4,2024-07-23T01:00:00.000Z,trending|review|music,170944,10501,799,525,https://i.ytimg.com/vi/ZvJoOOLYm6X/default.jpg,False,False,False,Auto-generated sample description for Music video.
aef65xciTeO,24.21.03,Reacting to Film & Animation Trends,Channel_834,5,2024-03-20T18:00:00.000Z,official|trending|live,5723,236,26,74,https://i.ytimg.com/vi/CtkorUd3aUK/default.jpg,False,False,False,Auto-generated sample description for Film & Animation video.
D4tXap1W7Cm,24.01.03,Reacting to Music Trends,Channel_1018,4,2024-02-29T07:00:00.000Z,live|trending|review,100596,3510,329,694,https://i.ytimg.com/vi/GrurcdJxkc9/default.jpg,True,False,False,Auto-generated sample description for Music video.
kjNlVT9OWep,25.07.01,Top 10 Music Moments This Week,Channel_803,8,2025-01-07T00:00:00.000Z,trending|official|2024,33957,2180,121,242,https://i.ytimg.com/vi/IxdlfQZuT46/default.jpg,False,False,False,Auto-generated sample description for Music video.
lcmttWgb8Nn,24.02.03,Top 10 Film & Animation Moments This Week,Channel_3447,19,2024-02-29T20:00:00.000Z,vlog|music|trending,3286,47,7,35,https://i.ytimg.com/vi/Xngkh32UYbR/default.jpg,False,False,False,Auto-generated sample description for Film & Animation video.
HLR09BvZ5U5,24.25.03,Behind the Scenes: Music,Channel_918,8,2024-03-21T06:00:00.000Z,review|vlog|trending,16128,457,99,213,https://i.ytimg.com/vi/41v-FllkhmK/default.jpg,False,False,False,Auto-generated sample description for Music video.
dt42qW0bUis,24.04.05,Why This Music Video Went Viral,Channel_3272,4,2024-05-03T13:00:00.000Z,music|trending|official,116941,1791,706,440,https://i.ytimg.com/vi/Nh5HHWYNkQx/default.jpg,False,False,False,Auto-generated sample description for Music video.
66nyGwAvukf,25.30.01,Behind the Scenes: News & Politics,Channel_3298,2,2025-01-26T15:00:00.000Z,review|vlog|live,1889,78,18,6,https://i.ytimg.com/vi/LeIKVcJdxpo/default.jpg,False,False,False,Auto-generated sample description for News & Politics video.
LW7X4ECD2bn,24.21.02,Film & Animation Compilation 2024,Channel_995,19,2024-02-19T17:00:00.000Z,2024|vlog|music,88840,4983,537,205,https://i.ytimg.com/vi/JDBePXJU3eL/default.jpg,False,False,False,Auto-generated sample description for Film & Animation video.
O5hc32kTiN-,24.04.12,Top 10 Music Moments This Week,Channel_3431,8,2024-12-04T19:00:00.000Z,review|live|2024,25625,555,197,26,https://i.ytimg.com/vi/x1caD_6Nirc/default.jpg,False,False,False,Auto-generated sample description for Music video.
Q7KTYeGghgT,24.22.04,Top 10 Music Moments This Week,Channel_2654,8,2024-04-18T02:00:00.000Z,trending|official|live,22834,1047,193,134,https://i.ytimg.com/vi/iaA_4PYZj5d/default.jpg,False,False,False,Auto-generated sample description for Music video.
SaWIOAJVAJY,24.11.03,Official Autos & Vehicles Highlights,Channel_4533,15,2024-03-11T09:00:00.000Z,music|vlog|2024,12665,516,92,18,https://i.ytimg.com/vi/X3nJzgIThyZ/default.jpg,False,False,False,Auto-generated sample description for Autos & Vehicles video.
Fedr6xoYf2h,24.18.09,Reacting to Music Trends,Channel_2256,8,2024-09-14T21:00:00.000Z,trending|official|review,6701,521,58,109,https://i.ytimg.com/vi/AfcIstAHqfV/default.jpg,False,False,False,Auto-generated sample description for Music video.
wm6Pxrg_PGP,24.14.10,Reacting to Music Trends,Channel_748,4,2024-10-10T08:00:00.000Z,vlog|music|2024,33234,2368,189,344,https://i.ytimg.com/vi/ODFXyzdToeE/default.jpg,False,False,False,Auto-generated sample description for Music video.
UtPCz36fBs5,24.04.08,News & Politics Compilation 2024,Channel_780,2,2024-08-04T02:00:00.000Z,vlog|2024|trending,38819,601,166,59,https://i.ytimg.com/vi/5JqDdfG_aPk/default.jpg,False,False,False,Auto-generated sample description for News & Politics video.
i6vsEgH-qXX,24.17.09,Reacting to Music Trends,Channel_1353,8,2024-09-17T13:00:00.000Z,vlog|2024|music,157549,7828,102,1073,https://i.ytimg.com/vi/BS0Mi7b5jbK/default.jpg,False,False,False,Auto-generated sample description for Music video.
G0SXTWWLemf,24.21.10,Reacting to Music Trends,Channel_3137,8,2024-10-19T19:00:00.000Z,trending|vlog|official,11818,435,26,51,https://i.ytimg.com/vi/8mgn0ywz4ka/default.jpg,False,False,False,Auto-generated sample description for Music video.
UfSQL0EtAQS,24.08.09,Top 10 Education Moments This Week,Channel_2736,3,2024-09-04T04:00:00.000Z,trending|live|vlog,30117,1306,108,559,https://i.ytimg.com/vi/u2QDhUhL4Lx/default.jpg,False,False,False,Auto-generated sample description for Education video.
8hO9aZlaW66,24.21.03,Official Pets & Animals Highlights,Channel_666,6,2024-03-18T10:00:00.000Z,2024|vlog|live,7107,220,52,8,https://i.ytimg.com/vi/JILtqcPYSye/default.jpg,False,False,False,Auto-generated sample description for Pets & Animals video.
lDWPzrHKYsl,24.08.08,Official Music Highlights,Channel_2622,8,2024-08-08T21:00:00.000Z,review|official|music,550791,6190,5486,9128,https://i.ytimg.com/vi/N_b13e_X7Z0/default.jpg,False,False,False,
cvkqrKQh3mt,24.30.07,Top 10 Music Moments This Week,Channel_1764,8,2024-07-29T03:00:00.000Z,music|vlog|2024,63909,3819,70,395,https://i.ytimg.com/vi/vuDBPVSt30I/default.jpg,False,False,False,Auto-generated sample description for Music video.
CactWw6HY1s,24.16.01,Behind the Scenes: Howto & Style,Channel_2413,20,2024-01-15T10:00:00.000Z,official|vlog|music,2958,37,15,39,https://i.ytimg.com/vi/2i73lExakfF/default.jpg,True,False,False,Auto-generated sample description for Howto & Style video.
XQDwx1rrLHq,24.16.01,Top 10 Education Moments This Week,Channel_287,10,2024-01-15T22:00:00.000Z,2024|review|live,2886,190,15,12,https://i.ytimg.com/vi/4CJSsTChLnY/default.jpg,False,False,False,Auto-generated sample description for Education video.
SQ1qCw8Llfk,24.02.02,Education Compilation 2024,Channel_1101,10,2024-01-30T15:00:00.000Z,official|2024|vlog,40783,1488,392,410,https://i.ytimg.com/vi/FWZn_2s1TCQ/default.jpg,False,False,False,Auto-generated sample description for Education video.
tBh4jaF4_Q5,25.10.01,Music Compilation 2024,Channel_1548,8,2025-01-07T13:00:00.000Z,music|live|trending,21031,229,66,212,https://i.ytimg.com/vi/y7oZrx4HZFd/default.jpg,False,False,False,Auto-generated sample description for Music video.
12qUXYLjE-8,24.08.05,Top 10 Music Moments This Week,Channel_1442,4,2024-05-08T05:00:00.000Z,review|live|trending,114669,8275,996,124,https://i.ytimg.com/vi/Mix0CAFErs_/default.jpg,False,False,False,Auto-generated sample description for Music video.
nRmDMc_0eE3,24.17.03,Behind the Scenes: Gaming,Channel_3799,17,2024-03-16T06:00:00.000Z,live|trending|2024,5159,134,51,76,https://i.ytimg.com/vi/2rF-yP7VLyp/default.jpg,False,False,False,Auto-generated sample description for Gaming video.
4jew5oAQ3yI,24.05.03,Behind the Scenes: Music,Channel_2777,8,2024-03-02T09:00:00.000Z,live|vlog|official,20498,1196,37,196,https://i.ytimg.com/vi/iqfd7RY1NrI/default.jpg,True,False,False,Auto-generated sample description for Music video.
uS1UxrUaAB5,24.29.07,Official Music Highlights,Channel_242,4,2024-07-26T16:00:00.000Z,trending|review|official,5597,90,41,58,https://i.ytimg.com/vi/tG5qC6HSE2F/default.jpg,False,False,False,Auto-generated sample description for Music video.
ZI7JCxeSrXE,24.22.06,Music Compilation 2024,Channel_1076,8,2024-06-18T12:00:00.000Z,2024|live|review,222245,6513,1298,3969,https://i.ytimg.com/vi/Cy2kdnLnWmI/default.jpg,False,False,False,Auto-generated sample description for Music video.
i8vpNit2HtP,24.09.12,Top 10 Science & Technology Moments This Week,Channel_258,11,2024-12-06T16:00:00.000Z,review|official|trending,3388,89,18,47,https://i.ytimg.com/vi/d4MaRsIhtTm/default.jpg,False,False,False,Auto-generated sample description for Science & Technology video.
SYk_MLU3rHi,24.10.07,Reacting to Film & Animation Trends,Channel_1988,19,2024-07-06T20:00:00.000Z,live|trending|vlog,2435,107,21,39,https://i.ytimg.com/vi/X7EMEfArbVb/default.jpg,False,False,False,Auto-generated sample description for Film & Animation video.
F0G59gI_YY9,24.14.06,Official Music Highlights,Channel_930,4,2024-06-11T19:00:00.000Z,official|review|live,820573,39233,3791,10277,https://i.ytimg.com/vi/U46uCpMldop/default.jpg,False,False,False,Auto-generated sample description for Music video.
_JO7SRVbooF,24.24.06,Film & Animation Compilation 2024,Channel_1560,19,2024-06-21T08:00:00.000Z,official|2024|music,23520,728,128,327,https://i.ytimg.com/vi/J_1lFjg-gry/default.jpg,False,False,False,Auto-generated sample description for Film & Animation video.
7nhqehQ9NVs,24.02.12,Why This Film & Animation Video Went Viral,Channel_2533,19,2024-11-28T15:00:00.000Z,music|2024|trending,4202,212,22,19,https://i.ytimg.com/vi/2pb5L4lueOW/default.jpg,False,False,False,Auto-generated sample description for Film & Animation video.
Cn4GawHWaOE,24.14.12,Top 10 Music Moments This Week,Channel_1572,4,2024-12-13T13:00:00.000Z,2024|music|review,3784,226,4,45,https://i.ytimg.com/vi/MuvLqgA45yv/default.jpg,False,False,False,Auto-generated sample description for Music video.
opJm5MMuCRZ,24.24.03,Gaming Compilation 2024,Channel_2162,17,2024-03-23T04:00:00.000Z,music|live|2024,27936,1950,29,200,https://i.ytimg.com/vi/Hd5DU-7YPpf/default.jpg,False,False,False,Auto-generated sample description for Gaming video.
FGbcziflVq5,24.25.01,Why This Music Video Went Viral,Channel_8,4,2024-01-21T01:00:00.000Z,vlog|trending|review,20914,657,76,406,https://i.ytimg.com/vi/4Pkt6Wdf9sV/default.jpg,False,False,False,Auto-generated sample description for Music video.
mcZW0vaf-QT,24.06.07,Reacting to Gaming Trends,Channel_2769,17,2024-07-02T01:00:00.000Z,2024|trending|review,1730,36,1,26,https://i.ytimg.com/vi/IYMgbDnAyBq/default.jpg,False,False,False,Auto-generated sample description for Gaming video.
wNv_BF15MKb,24.03.06,Official Gaming Highlights,Channel_4584,17,2024-06-02T08:00:00.000Z,2024|vlog|live,4709,154,37,8,https://i.ytimg.com/vi/nlQMXCNpJTf/default.jpg,False,False,False,Auto-generated sample description for Gaming video.
yr2phB4srha,24.24.08,Howto & Style Compilation 2024,Channel_2849,20,2024-08-21T09:00:00.000Z,2024|review|trending,1406,33,1,21,https://i.ytimg.com/vi/Hpcxe_ywmxL/default.jpg,False,False,False,Auto-generated sample description for Howto & Style video.
BbOKdymOmzF,24.15.01,Music Compilation 2024,Channel_4700,8,2024-01-12T09:00:00.000Z,music|live|vlog,96171,1866,652,1743,https://i.ytimg.com/vi/qVl-uueOpfo/default.jpg,False,False,False,Auto-generated sample description for Music video.
mjyNFb20sk9,24.08.09,Why This Music Video Went Viral,Channel_3474,4,2024-09-05T07:00:00.000Z,live|vlog|trending,11443,298,26,130,https://i.ytimg.com/vi/S5z_qZU4qSh/default.jpg,True,False,False,Auto-generated sample description for Music video.
8RDP2ol7OnV,24.02.07,Official Music Highlights,Channel_1665,4,2024-07-02T15:00:00.000Z,music|official|live,54303,3819,154,487,https://i.ytimg.com/vi/BZSYSZKPHo-/default.jpg,False,False,False,Auto-generated sample description for Music video.
Dh9YYAVNq4W,24.28.10,Official Nonprofits & Activism Highlights,Channel_2813,9,2024-10-28T07:00:00.000Z,live|2024|music,15302,674,113,154,https://i.ytimg.com/vi/whfSQFX3Tu4/default.jpg,False,False,False,Auto-generated sample description for Nonprofits & Activism video.
fnIWbzDFQs6,24.12.05,Why This Science & Technology Video Went Viral,Channel_720,11,2024-05-12T16:00:00.000Z,2024|live|vlog,16392,525,16,91,https://i.ytimg.com/vi/z5RrLQNl2g-/default.jpg,False,False,False,Auto-generated sample description for Science & Technology video.
Tk5J3la_c_C,24.25.01,Music Compilation 2024,Channel_702,8,2024-01-24T06:00:00.000Z,trending|official|music,10282,606,24,189,https://i.ytimg.com/vi/d0U-aszs42y/default.jpg,True,False,False,Auto-generated sample description for Music video.
aCsoLKUSzLF,24.01.07,Behind the Scenes: Gaming,Channel_870,17,2024-07-01T17:00:00.000Z,official|live|vlog,1572,93,1,19,https://i.ytimg.com/vi/1Ps0Z7mAoRK/default.jpg,False,False,False,Auto-generated sample description for Gaming video.
t-TgzAyZBjO,25.22.01,Reacting to Gaming Trends,Channel_2745,17,2025-01-22T08:00:00.000Z,trending|vlog|official,12927,274,68,36,https://i.ytimg.com/vi/OXiHFqHfFTL/default.jpg,False,False,False,Auto-generated sample description for Gaming video.
pWuj288t2Vb,24.04.02,Behind the Scenes: Music,Channel_4205,8,2024-02-02T02:00:00.000Z,review|vlog|2024,144954,10154,725,2460,https://i.ytimg.com/vi/2g9rTY2mwtS/default.jpg,False,False,False,Auto-generated sample description for Music video.
QJz92kS4UOm,24.29.07,Why This Music Video Went Viral,Channel_629,8,2024-07-27T08:00:00.000Z,music|review|trending,166699,10533,1199,1563,https://i.ytimg.com/vi/ys6nqfNFBH4/default.jpg,False,False,False,Auto-generated sample description for Music video.
OBB5osyZ_Jt,24.25.11,Autos & Vehicles Compilation 2024,Channel_2224,15,2024-11-22T00:00:00.000Z,official|2024|review,3186,186,29,38,https://i.ytimg.com/vi/5-IOq20Ap9m/default.jpg,False,False,False,Auto-generated sample description for Autos & Vehicles video.
UNWgJ--mHvZ,24.11.01,Why This Music Video Went Viral,Channel_1327,8,2024-01-07T18:00:00.000Z,2024|review|official,33505,1349,314,33,https://i.ytimg.com/vi/6rnJj6i1zD3/default.jpg,False,False,False,Auto-generated sample description for Music video.
PpbGBW3ltPM,24.29.03,Why This Pets & Animals Video Went Viral,Channel_1767,1,2024-03-29T14:00:00.000Z,2024|live|official,7323,225,23,136,https://i.ytimg.com/vi/5B4GqB9iW9u/default.jpg,False,False,False,Auto-generated sample description for Pets & Animals video.
prC0CMEhM7d,24.07.03,Reacting to Music Trends,Channel_1531,8,2024-03-07T12:00:00.000Z,2024|live|trending,15924,694,154,273,https://i.ytimg.com/vi/OHKd0PLtpyC/default.jpg,False,False,False,Auto-generated sample description for Music video.
vXnCD5wAQ9w,24.28.08,Official Gaming Highlights,Channel_1511,17,2024-08-26T05:00:00.000Z,trending|official|review,3924,248,14,31,https://i.ytimg.com/vi/Y8LeZCRYpYX/default.jpg,False,False,False,Auto-generated sample description for Gaming video.
gI7R1ArqBIh,24.30.06,Howto & Style Compilation 2024,Channel_4646,20,2024-06-26T18:00:00.000Z,official|2024|live,5515,394,50,3,https://i.ytimg.com/vi/pwMgMKUGxgQ/default.jpg,False,False,False,Auto-generated sample description for Howto & Style video.
uFqib19D5yx,24.12.10,Official Travel & Events Highlights,Channel_745,16,2024-10-09T18:00:00.000Z,2024|music|live,11633,559,19,209,https://i.ytimg.com/vi/m6IRID5Bxnt/default.jpg,False,False,False,Auto-generated sample description for Travel & Events video.
resFU99LUIp,24.29.01,Top 10 Education Moments This Week,Channel_763,10,2024-01-25T16:00:00.000Z,trending|vlog|review,31925,2385,115,573,https://i.ytimg.com/vi/Lqf5RrTi-cC/default.jpg,False,False,False,Auto-generated sample description for Education video.
IDQzgNpBwIn,24.08.10,Reacting to Music Trends,Channel_3258,4,2024-10-07T07:00:00.000Z,music|official|2024,13235,487,67,243,https://i.ytimg.com/vi/hsufFFHJztK/default.jpg,False,True,False,Auto-generated sample description for Music video.
Mh5QTe8sQBs,24.11.12,Official Music Highlights,Channel_4088,8,2024-12-10T02:00:00.000Z,official|live|music,218712,9604,1364,920,https://i.ytimg.com/vi/mfafCchxcJm/default.jpg,False,False,False,Auto-generated sample description for Music video.
LUTVqauoB9Y,24.18.08,Top 10 Gaming Moments This Week,Channel_4597,17,2024-08-14T19:00:00.000Z,official|live|2024,1455,76,7,14,https://i.ytimg.com/vi/annHwMMVEyT/default.jpg,False,False,False,Auto-generated sample description for Gaming video.
vdhHlQfmgCC,24.03.06,Official Science & Technology Highlights,Channel_2120,11,2024-05-31T16:00:00.000Z,review|2024|live,96931,1190,556,193,https://i.ytimg.com/vi/R1ndVCzmmVx/default.jpg,False,False,False,Auto-generated sample description for Science & Technology video.
vzkWs4ufQur,24.30.09,Official Travel & Events Highlights,Channel_3595,16,2024-09-27T18:00:00.000Z,trending|2024|music,7444,361,21,128,https://i.ytimg.com/vi/Y1CkUzeMl1T/default.jpg,False,False,False,Auto-generated sample description for Travel & Events video.
gALR4Dn50zA,24.09.10,Top 10 Nonprofits & Activism Moments This Week,Channel_2319,9,2024-10-09T04:00:00.000Z,live|official|vlog,6579,157,58,20,https://i.ytimg.com/vi/JIozxckX1u_/default.jpg,False,False,False,Auto-generated sample description for Nonprofits & Activism video.
yLgMqWNr4bP,25.06.01,Behind the Scenes: News & Politics,Channel_3005,18,2025-01-02T21:00:00.000Z,vlog|official|trending,20712,865,24,279,https://i.ytimg.com/vi/SaJsTcY_n21/default.jpg,False,False,False,Auto-generated sample description for News & Politics video.
_s-pZQqqf81,24.12.08,Top 10 Howto & Style Moments This Week,Channel_1528,20,2024-08-10T12:00:00.000Z,2024|live|music,14018,1086,79,49,https://i.ytimg.com/vi/gedwGozSSnA/default.jpg,False,False,False,Auto-generated sample description for Howto & Style video.
9PXIB6lt70k,24.16.10,Top 10 Pets & Animals Moments This Week,Channel_2897,12,2024-10-16T10:00:00.000Z,trending|2024|live,10341,605,83,162,https://i.ytimg.com/vi/RwZcPdqFrdn/default.jpg,False,False,False,Auto-generated sample description for Pets & Animals video.
3KOWXJH-zQy,25.15.01,Reacting to Education Trends,Channel_1901,3,2025-01-12T19:00:00.000Z,trending|live|music,14815,1007,123,84,https://i.ytimg.com/vi/Vpzh4dV1xTV/default.jpg,False,False,False,Auto-generated sample description for Education video.
suPJ6EVIgQ0,24.30.08,Official Music Highlights,Channel_2781,4,2024-08-26T17:00:00.000Z,trending|live|music,63694,1397,223,463,https://i.ytimg.com/vi/llKaQ7l88Iv/default.jpg,False,False,False,Auto-generated sample description for Music video.
2TsqntUT2zg,24.01.01,Reacting to Education Trends,Channel_2208,3,2024-01-01T02:00:00.000Z,2024|official|review,2476,93,4,8,https://i.ytimg.com/vi/J_aLXcQZgS4/default.jpg,False,False,False,Auto-generated sample description for Education video.
1q8KAaEqIL5,24.17.11,Official Music Highlights,Channel_2924,4,2024-11-17T20:00:00.000Z,music|live|trending,12741,555,127,117,https://i.ytimg.com/vi/b1H86iyHY9x/default.jpg,False,False,False,Auto-generated sample description for Music video.
paBFeRaC4gw,24.18.02,Behind the Scenes: Music,Channel_1442,8,2024-02-17T16:00:00.000Z,2024|music|trending,90076,6187,292,825,https://i.ytimg.com/vi/9CkdosoWvWa/default.jpg,False,False,False,Auto-generated sample description for Music video.
IKA8kkRRS84,24.29.09,Top 10 Film & Animation Moments This Week,Channel_4348,19,2024-09-28T21:00:00.000Z,music|trending|official,19573,534,64,361,https://i.ytimg.com/vi/CIPaoYEBawp/default.jpg,False,True,False,Auto-generated sample description for Film & Animation video.
hReiQ9UvDEg,24.18.04,Music Compilation 2024,Channel_3115,8,2024-04-18T09:00:00.000Z,review|trending|music,196395,2673,1456,988,https://i.ytimg.com/vi/HUv_atPgYoe/default.jpg,False,False,False,Auto-generated sample description for Music video.
WSGc0JYYGLc,24.11.08,Top 10 Pets & Animals Moments This Week,Channel_1925,1,2024-08-08T15:00:00.000Z,live|vlog|2024,13243,596,126,52,https://i.ytimg.com/vi/KPrleX7IiCO/default.jpg,False,False,False,Auto-generated sample description for Pets & Animals video.
L0LfrJhH2mX,24.16.09,News & Politics Compilation 2024,Channel_3325,18,2024-09-13T17:00:00.000Z,2024|live|vlog,11168,892,97,63,https://i.ytimg.com/vi/2zgNwiLAEDc/default.jpg,False,False,False,Auto-generated sample description for News & Politics video.
JWx4AfBDCZJ,24.25.04,Top 10 Music Moments This Week,Channel_3368,4,2024-04-24T22:00:00.000Z,review|official|music,67804,1877,365,590,https://i.ytimg.com/vi/RUoihUmNzyX/default.jpg,False,False,False,Auto-generated sample description for Music video.
J_FBTSmz5jH,24.23.12,Official Gaming Highlights,Channel_3095,17,2024-12-21T12:00:00.000Z,review|music|2024,21728,1514,30,332,https://i.ytimg.com/vi/tQaEfabG-OP/default.jpg,False,False,False,Auto-generated sample description for Gaming video.
bDsyoPEIX60,25.01.02,Why This Music Video Went Viral,Channel_2716,8,2025-01-29T02:00:00.000Z,review|official|2024,19444,559,53,370,https://i.ytimg.com/vi/WhcpZkn_c5-/default.jpg,False,False,False,Auto-generated sample description for Music video.
KMzFua9Y-7i,24.21.08,Why This News & Politics Video Went Viral,Channel_4824,18,2024-08-18T22:00:00.000Z,live|2024|music,2452,184,5,27,https://i.ytimg.com/vi/jEcGR3IFUiJ/default.jpg,False,False,False,Auto-generated sample description for News & Politics video.
pI6yR9mLvN9,24.27.07,Official Music Highlights,Channel_1001,8,2024-07-27T04:00:00.000Z,official|live|vlog,2835,88,14,21,https://i.ytimg.com/vi/qFBgdH0VtXA/default.jpg,False,False,False,Auto-generated sample description for Music video.
YulYVVW-g8v,24.19.10,Autos & Vehicles Compilation 2024,Channel_1559,15,2024-10-19T16:00:00.000Z,music|review|trending,218846,7150,181,591,https://i.ytimg.com/vi/lTp4G6gblMw/default.jpg,False,False,False,Auto-generated sample description for Autos & Vehicles video.
eehASiWPb5x,24.11.11,Why This Gaming Video Went Viral,Channel_1575,17,2024-11-07T13:00:00.000Z,live|vlog|review,39180,496,129,426,https://i.ytimg.com/vi/pOdLrO6ouZ0/default.jpg,False,False,False,Auto-generated sample description for Gaming video.
iBEOoq9sYd6,24.25.05,Behind the Scenes: Music,Channel_3268,4,2024-05-23T11:00:00.000Z,2024|vlog|trending,35732,1052,269,450,https://i.ytimg.com/vi/U_NXHi24agV/default.jpg,False,False,False,Auto-generated sample description for Music video.
aythXf2hboQ,24.20.12,Behind the Scenes: Music,Channel_4883,4,2024-12-17T17:00:00.000Z,2024|vlog|trending,67627,3820,166,94,https://i.ytimg.com/vi/OV9cbtEbu7p/default.jpg,False,False,True,Auto-generated sample description for Music video.
VwXJVhOJSRc,24.25.10,Music Compilation 2024,Channel_3805,4,2024-10-24T21:00:00.000Z,trending|official|music,12592,465,27,146,https://i.ytimg.com/vi/tZT1OzfBg1P/default.jpg,False,False,False,Auto-generated sample description for Music video.
PfV52rOdGM_,24.27.03,Music Compilation 2024,Channel_4491,4,2024-03-23T05:00:00.000Z,2024|review|vlog,16770,941,33,314,https://i.ytimg.com/vi/LZCB0ob4J71/default.jpg,False,False,False,Auto-generated sample description for Music video.
hAQHR81qNjF,25.19.01,Behind the Scenes: Education,Channel_2738,10,2025-01-15T18:00:00.000Z,review|music|official,8374,171,76,92,https://i.ytimg.com/vi/cQRR2WVBgEI/default.jpg,False,False,False,Auto-generated sample description for Education video.
3KExFN9F9RZ,24.30.05,Top 10 Gaming Moments This Week,Channel_4708,17,2024-05-28T03:00:00.000Z,vlog|2024|live,31781,567,292,251,https://i.ytimg.com/vi/-hgE3x8Z5rE/default.jpg,False,False,False,Auto-generated sample description for Gaming video.
rIHZ_A1WmEr,24.21.09,Top 10 Music Moments This Week,Channel_3057,8,2024-09-20T06:00:00.000Z,review|official|2024,2773,189,14,2,https://i.ytimg.com/vi/sfFyi2yjYvc/default.jpg,False,False,False,Auto-generated sample description for Music video.
u1hqgat07w5,24.04.10,Behind the Scenes: Music,Channel_1226,8,2024-09-30T21:00:00.000Z,2024|trending|vlog,30989,639,216,537,https://i.ytimg.com/vi/GQ-CLyJBl1m/default.jpg,False,False,False,Auto-generated sample description for Music video.
sOdzAlhrrT8,24.05.11,Reacting to Pets & Animals Trends,Channel_2447,1,2024-11-04T04:00:00.000Z,vlog|2024|official,19612,568,86,223,https://i.ytimg.com/vi/DlY5AXyJCLt/default.jpg,False,False,False,Auto-generated sample description for Pets & Animals video.
1zuANUyhswy,24.11.01,Film & Animation Compilation 2024,Channel_3388,19,2024-01-09T01:00:00.000Z,music|trending|official,9895,758,72,184,https://i.ytimg.com/vi/M_Lig-hPZRT/default.jpg,False,False,False,Auto-generated sample description for Film & Animation video.
tWHzuHhepAh,24.27.11,Reacting to Gaming Trends,Channel_303,17,2024-11-23T20:00:00.000Z,vlog|2024|live,17647,206,82,94,https://i.ytimg.com/vi/9o5eM0kBzqY/default.jpg,False,False,False,Auto-generated sample description for Gaming video.
qAdyoC1x-DC,24.15.06,Why This Film & Animation Video Went Viral,Channel_1830,5,2024-06-11T07:00:00.000Z,music|live|official,5199,203,6,37,https://i.ytimg.com/vi/Ju7Ie_pMeG2/default.jpg,False,False,False,Auto-generated sample description for Film & Animation video.
s-S1JRlv6W5,24.01.04,Reacting to Film & Animation Trends,Channel_902,5,2024-03-28T18:00:00.000Z,review|live|vlog,25722,1737,257,496,https://i.ytimg.com/vi/2G8IeWUXcl_/default.jpg,False,False,False,Auto-generated sample description for Film & Animation video.
YtkatOErVYp,24.21.03,Why This Nonprofits & Activism Video Went Viral,Channel_3242,9,2024-03-21T16:00:00.000Z,trending|official|live,52624,2651,332,944,https://i.ytimg.com/vi/S7XryIiALQX/default.jpg,False,False,False,Auto-generated sample description for Nonprofits & Activism video.
xWdWKwIVQXn,24.26.11,Top 10 Music Moments This Week,Channel_1303,8,2024-11-24T05:00:00.000Z,official|trending|music,141599,5146,1048,2124,https://i.ytimg.com/vi/2NMzBI5OBaU/default.jpg,False,False,False,Auto-generated sample description for Music video.
r3sOohM9bBm,24.24.10,Why This Music Video Went Viral,Channel_4148,8,2024-10-20T11:00:00.000Z,2024|live|music,51911,654,220,921,https://i.ytimg.com/vi/uEOWJVyRKia/default.jpg,False,False,False,Auto-generated sample description for Music video.
t9s5aYPJBh6,25.16.01,Top 10 Gaming Moments This Week,Channel_2421,17,2025-01-16T14:00:00.000Z,2024|live|review,182097,3276,1554,1702,https://i.ytimg.com/vi/GajEjU7ialS/default.jpg,False,False,False,Auto-generated sample description for Gaming video.
JR1nJnR_TF4,24.19.11,Official Music Highlights,Channel_1485,4,2024-11-15T01:00:00.000Z,official|review|trending,30848,1579,238,522,https://i.ytimg.com/vi/9vzTFLS_w9T/default.jpg,False,False,False,Auto-generated sample description for Music video.
rq9roXL-_xj,25.14.01,Why This Music Video Went Viral,Channel_3997,8,2025-01-12T15:00:00.000Z,review|music|trending,24230,776,139,150,https://i.ytimg.com/vi/U51vOf_qihO/default.jpg,False,False,False,Auto-generated sample description for Music video.
B0e8xC25itw,24.09.03,Reacting to News & Politics Trends,Channel_511,18,2024-03-06T01:00:00.000Z,music|2024|review,7424,372,27,35,https://i.ytimg.com/vi/MPwebnKBdLs/default.jpg,False,False,False,Auto-generated sample description for News & Politics video.
mrAfH3y5dcQ,24.01.10,Music Compilation 2024,Channel_2719,8,2024-09-30T13:00:00.000Z,official|2024|music,30003,2048,35,461,https://i.ytimg.com/vi/kbbU_d5duLe/default.jpg,False,False,False,Auto-generated sample description for Music video.
QeyarNKE9tu,24.24.05,Behind the Scenes: Music,Channel_2613,4,2024-05-23T04:00:00.000Z,music|live|review,10854,121,108,210,https://i.ytimg.com/vi/cmzWdjhCFUU/default.jpg,False,False,False,Auto-generated sample description for Music video.
jLrRAgoIqv2,24.07.08,Why This Music Video Went Viral,Channel_4413,4,2024-08-03T03:00:00.000Z,vlog|trending|music,77055,4677,656,218,https://i.ytimg.com/vi/gooDD5UEvq_/default.jpg,False,False,False,Auto-generated sample description for Music video.
XYRmBUxLc4n,24.08.05,Official Film & Animation Highlights,Channel_2808,19,2024-05-04T16:00:00.000Z,review|music|live,36007,483,64,354,https://i.ytimg.com/vi/L2_oGtoVMCE/default.jpg,False,False,False,Auto-generated sample description for Film & Animation video.
VZZrfYrzxz3,24.25.01,Top 10 Music Moments This Week,Channel_1453,8,2024-01-22T02:00:00.000Z,2024|review|music,44453,2301,272,573,https://i.ytimg.com/vi/bcEJsb_CNei/default.jpg,False,False,False,Auto-generated sample description for Music video.
UDxaLbP5GjP,24.09.10,Reacting to Autos & Vehicles Trends,Channel_1903,15,2024-10-06T07:00:00.000Z,music|official|review,25661,1587,120,385,https://i.ytimg.com/vi/UbRYNfiSIbm/default.jpg,False,False,False,Auto-generated sample description for Autos & Vehicles video.
nUQsRdJIHch,24.26.12,Behind the Scenes: Pets & Animals,Channel_50,6,2024-12-22T16:00:00.000Z,trending|vlog|review,3590,272,5,13,https://i.ytimg.com/vi/7hW4nB_X3Gk/default.jpg,False,False,False,Auto-generated sample description for Pets & Animals video.
EC2R8D4kg8s,24.23.12,Official Pets & Animals Highlights,Channel_2888,12,2024-12-21T01:00:00.000Z,2024|official|music,11145,342,14,221,https://i.ytimg.com/vi/hEZdgJPMk7b/default.jpg,False,False,True,Auto-generated sample description for Pets & Animals video.
gEPLW5ACHyg,24.10.09,Music Compilation 2024,Channel_2497,8,2024-09-09T12:00:00.000Z,live|review|official,95180,5314,225,398,https://i.ytimg.com/vi/ct_ottRDCEI/default.jpg,False,False,False,Auto-generated sample description for Music video.
pmN0Ji4R3h9,24.21.01,Why This Music Video Went Viral,Channel_213,4,2024-01-17T21:00:00.000Z,review|trending|official,78268,2925,207,160,https://i.ytimg.com/vi/9cdfdWOTywp/default.jpg,False,False,False,Auto-generated sample description for Music video.
nGKvTAnVftz,24.04.03,Why This Music Video Went Viral,Channel_4980,8,2024-02-29T07:00:00.000Z,2024|official|vlog,16990,764,141,324,https://i.ytimg.com/vi/_lhHdkummmT/default.jpg,False,False,False,Auto-generated sample description for Music video.
MA1W59F10D2,24.26.10,Top 10 Gaming Moments This Week,Channel_2942,17,2024-10-26T06:00:00.000Z,trending|live|official,14722,692,26,135,https://i.ytimg.com/vi/1ueSYq5S7hy/default.jpg,False,False,False,Auto-generated sample description for Gaming video.
QSgzAP6ZmfN,24.25.01,Official Music Highlights,Channel_3242,4,2024-01-22T08:00:00.000Z,2024|trending|vlog,54594,2066,232,472,https://i.ytimg.com/vi/zy6VoV47VAb/default.jpg,False,False,False,Auto-generated sample description for Music video.
xpwz0C7YZAI,25.18.01,Music Compilation 2024,Channel_420,8,2025-01-14T04:00:00.000Z,music|review|2024,40294,1364,239,24,https://i.ytimg.com/vi/oHwdcZB_iR5/default.jpg,False,False,False,Auto-generated sample description for Music video.
EB97Ax7DZ7G,24.02.03,Reacting to Music Trends,Channel_4289,8,2024-03-01T22:00:00.000Z,trending|live|official,24489,659,196,386,https://i.ytimg.com/vi/O7A-BlhEE4r/default.jpg,False,False,False,Auto-generated sample description for Music video.
4ADKg-boRVu,24.22.05,Music Compilation 2024,Channel_4508,8,2024-05-20T18:00:00.000Z,trending|music|2024,32785,2608,130,71,https://i.ytimg.com/vi/NZh4OAfGadZ/default.jpg,False,False,False,Auto-generated sample description for Music video.
af2XRncS5s6,24.01.03,Top 10 Travel & Events Moments This Week,Channel_1298,16,2024-02-27T19:00:00.000Z,vlog|trending|review,9676,767,15,118,https://i.ytimg.com/vi/ghYr_4ZLmm_/default.jpg,False,False,False,Auto-generated sample description for Travel & Events video.
a_mi0HqM_Aj,24.03.11,Top 10 Education Moments This Week,Channel_4323,10,2024-10-30T04:00:00.000Z,trending|official|vlog,7299,230,43,11,https://i.ytimg.com/vi/v9P0uIUUAmD/default.jpg,False,False,False,Auto-generated sample description for Education video.
Wf57REgKpep,24.06.08,Reacting to Nonprofits & Activism Trends,Channel_1348,14,2024-08-06T03:00:00.000Z,review|official|live,3688,126,11,19,https://i.ytimg.com/vi/813cnsuV3vn/default.jpg,False,False,False,Auto-generated sample description for Nonprofits & Activism video.
Rj2BTzfIYyN,24.15.01,Why This Music Video Went Viral,Channel_2348,4,2024-01-13T06:00:00.000Z,official|live|review,83092,1415,754,284,https://i.ytimg.com/vi/M_dIp4Iw5OA/default.jpg,False,False,False,Auto-generated sample description for Music video.
Vcc3gM-1Bli,24.18.01,Behind the Scenes: Music,Channel_3398,8,2024-01-16T22:00:00.000Z,live|2024|trending,20303,247,133,133,https://i.ytimg.com/vi/NcXID5MCqdK/default.jpg,False,False,False,Auto-generated sample description for Music video.
xFEaMNaghxT,24.07.04,Reacting to News & Politics Trends,Channel_262,2,2024-04-07T11:00:00.000Z,review|trending|music,59655,2240,105,1026,https://i.ytimg.com/vi/7LBi_eqPBNO/default.jpg,False,False,False,Auto-generated sample description for News & Politics video.
GysI1Tpd9s7,24.23.02,Reacting to Music Trends,Channel_1572,4,2024-02-22T10:00:00.000Z,2024|review|vlog,28174,2197,116,536,https://i.ytimg.com/vi/wJN2y1-_HZb/default.jpg,False,False,True,Auto-generated sample description for Music video.
XSmCDdX3em8,24.09.09,Why This Music Video Went Viral,Channel_448,8,2024-09-06T05:00:00.000Z,2024|trending|vlog,2950,142,23,19,https://i.ytimg.com/vi/ZA_ZnTMSNDn/default.jpg,False,False,False,Auto-generated sample description for Music video.
bY6xgka9ByS,24.27.11,Official Music Highlights,Channel_1573,4,2024-11-23T17:00:00.000Z,music|official|live,11372,121,15,87,https://i.ytimg.com/vi/98gmSvIL050/default.jpg,False,False,False,Auto-generated sample description for Music video.
XLRowMWSulb,24.20.10,Official Music Highlights,Channel_2791,8,2024-10-16T16:00:00.000Z,official|music|vlog,21984,565,31,263,https://i.ytimg.com/vi/ZcUz3r1-PS0/default.jpg,False,False,False,Auto-generated sample description for Music video.
AhycaYSWrrM,24.01.11,Top 10 Film & Animation Moments This Week,Channel_3414,19,2024-10-31T18:00:00.000Z,music|official|trending,1312,94,8,23,https://i.ytimg.com/vi/63XaeUtwYme/default.jpg,False,False,False,Auto-generated sample description for Film & Animation video.
i41YfXMZzQ-,25.04.01,Top 10 Music Moments This Week,Channel_4212,8,2025-01-01T11:00:00.000Z,music|review|vlog,48542,2281,90,631,https://i.ytimg.com/vi/p0Gb-4BRv-4/default.jpg,False,False,False,Auto-generated sample description for Music video.
tMnZ1NhfImI,24.01.06,Why This Music Video Went Viral,Channel_1868,8,2024-05-30T17:00:00.000Z,music|trending|live,160404,11988,871,2178,https://i.ytimg.com/vi/RPy9W8OYwCT/default.jpg,False,False,False,Auto-generated sample description for Music video.
25GPwyLlck0,24.17.09,Reacting to Pets & Animals Trends,Channel_799,12,2024-09-15T22:00:00.000Z,live|2024|review,1727,27,14,2,https://i.ytimg.com/vi/si0vmpcXTDf/default.jpg,False,False,False,Auto-generated sample description for Pets & Animals video.
n_F_WBpgTUe,24.01.04,Top 10 Music Moments This Week,Channel_953,4,2024-03-30T22:00:00.000Z,review|2024|official,48472,1014,287,248,https://i.ytimg.com/vi/Y7wDXb_GRVQ/default.jpg,False,False,False,Auto-generated sample description for Music video.
ONmagQ9FPZr,24.28.12,Music Compilation 2024,Channel_3283,8,2024-12-24T22:00:00.000Z,live|official|review,83792,4196,557,155,https://i.ytimg.com/vi/uChFTY3ZVA8/default.jpg,False,False,False,Auto-generated sample description for Music video.
Aoy1aqrvHEy,24.15.05,Official News & Politics Highlights,Channel_258,18,2024-05-11T15:00:00.000Z,live|trending|official,36763,1366,117,349,https://i.ytimg.com/vi/YBqtbCzJT45/default.jpg,False,False,False,Auto-generated sample description for News & Politics video.
ziKZ53pgC5V,24.16.08,Why This Music Video Went Viral,Channel_3487,8,2024-08-13T20:00:00.000Z,vlog|music|live,23139,1015,186,239,https://i.ytimg.com/vi/xLbqBHr-swT/default.jpg,False,False,False,Auto-generated sample description for Music video.
MlCCbvQovvO,24.28.04,Why This Music Video Went Viral,Channel_516,4,2024-04-24T04:00:00.000Z,trending|review|official,121638,1553,278,1155,https://i.ytimg.com/vi/MS4joTo0nrn/default.jpg,False,False,False,Auto-generated sample description for Music video.
kq_YitCT56E,24.07.06,Music Compilation 2024,Channel_4914,8,2024-06-04T01:00:00.000Z,2024|official|music,80406,6247,654,1598,https://i.ytimg.com/vi/zpu521nSQw5/default.jpg,False,False,False,Auto-generated sample description for Music video.
-VvkLUheWJK,24.13.05,Howto & Style Compilation 2024,Channel_2239,20,2024-05-12T14:00:00.000Z,2024|live|vlog,2918,76,14,53,https://i.ytimg.com/vi/dO5wgzGoLjM/default.jpg,False,False,False,Auto-generated sample description for Howto & Style video.
hvaaHhn0MGO,24.06.01,Reacting to Pets & Animals Trends,Channel_3461,1,2024-01-03T04:00:00.000Z,live|vlog|music,10880,650,55,136,https://i.ytimg.com/vi/6-waQhEyZXY/default.jpg,False,False,False,Auto-generated sample description for Pets & Animals video.
RBaN8bIYmpZ,24.30.01,Top 10 Music Moments This Week,Channel_3237,4,2024-01-28T14:00:00.000Z,live|review|official,97462,2728,244,1417,https://i.ytimg.com/vi/8j4C7cU8HDm/default.jpg,False,False,False,Auto-generated sample description for Music video.
AU-QAse0GrU,24.23.09,News & Politics Compilation 2024,Channel_4570,18,2024-09-23T10:00:00.000Z,official|vlog|2024,2321,66,3,36,https://i.ytimg.com/vi/zdw23udCZ--/default.jpg,False,False,False,Auto-generated sample description for News & Politics video.
tfrpLP1yLmo,24.08.09,Official Music Highlights,Channel_1369,4,2024-09-05T13:00:00.000Z,trending|live|vlog,62830,819,346,60,https://i.ytimg.com/vi/JzEyAhMYvJS/default.jpg,False,False,False,Auto-generated sample description for Music video.
duurKW0a6Ap,24.01.11,Reacting to Music Trends,Channel_1337,4,2024-10-29T10:00:00.000Z,review|live|trending,4541,331,42,86,https://i.ytimg.com/vi/Gbv4RVDenkX/default.jpg,False,False,False,Auto-generated sample description for Music video.
swUf9zZcY_M,24.29.01,Education Compilation 2024,Channel_3526,10,2024-01-27T09:00:00.000Z,review|trending|vlog,25955,885,145,214,https://i.ytimg.com/vi/_rtlaRumpHR/default.jpg,False,False,False,Auto-generated sample description for Education video.
JiT-a6Uyfxr,24.16.01,Music Compilation 2024,Channel_3985,4,2024-01-16T14:00:00.000Z,music|review|2024,7815,224,75,49,https://i.ytimg.com/vi/EA4XvY4G9r2/default.jpg,False,False,False,Auto-generated sample description for Music video.
Zrd7fKfOAe_,24.01.08,Top 10 Music Moments This Week,Channel_4678,4,2024-07-30T11:00:00.000Z,official|music|review,64250,4125,180,511,https://i.ytimg.com/vi/cLBGU2s5izT/default.jpg,False,False,False,Auto-generated sample description for Music video.
xdWVR5TABFY,24.17.09,Why This Autos & Vehicles Video Went Viral,Channel_2828,15,2024-09-17T13:00:00.000Z,vlog|2024|trending,8966,163,15,81,https://i.ytimg.com/vi/cUsOs6zLo4n/default.jpg,False,False,False,Auto-generated sample description for Autos & Vehicles video.
RW_-M851cTK,24.28.12,Why This Film & Animation Video Went Viral,Channel_1157,5,2024-12-28T22:00:00.000Z,live|trending|vlog,1741,29,12,22,https://i.ytimg.com/vi/GAM_SPHfsXd/default.jpg,False,False,False,Auto-generated sample description for Film & Animation video.
rojLy2cWOHK,24.30.06,Why This Autos & Vehicles Video Went Viral,Channel_2708,13,2024-06-28T06:00:00.000Z,vlog|music|live,6626,88,52,72,https://i.ytimg.com/vi/K5zewt-rf42/default.jpg,False,False,False,Auto-generated sample description for Autos & Vehicles video.
quMSzObezF7,25.05.01,Music Compilation 2024,Channel_1630,4,2025-01-05T01:00:00.000Z,2024|vlog|trending,57578,2901,85,859,https://i.ytimg.com/vi/rJXZyxQLNhu/default.jpg,False,False,False,Auto-generated sample description for Music video.
GhvxrDr3ZO4,24.16.07,Top 10 Science & Technology Moments This Week,Channel_2749,11,2024-07-12T00:00:00.000Z,official|live|vlog,2566,66,5,3,https://i.ytimg.com/vi/iYDECb4olwS/default.jpg,False,False,False,Auto-generated sample description for Science & Technology video.
3_fJ82ZYJ2V,24.15.01,Official Music Highlights,Channel_306,8,2024-01-14T00:00:00.000Z,review|live|2024,89623,2426,480,662,https://i.ytimg.com/vi/P5d7J_CLHAj/default.jpg,False,False,False,Auto-generated sample description for Music video.
KCKJwl00xyq,24.06.12,Official Music Highlights,Channel_4856,8,2024-12-04T22:00:00.000Z,review|music|vlog,54053,4064,383,237,https://i.ytimg.com/vi/jvAE8G0F8z2/default.jpg,True,False,False,Auto-generated sample description for Music video.
azIppzhUGza,24.30.07,Why This Music Video Went Viral,Channel_279,8,2024-07-30T16:00:00.000Z,live|vlog|2024,73439,2604,423,844,https://i.ytimg.com/vi/nevraEgFBMz/default.jpg,False,False,False,Auto-generated sample description for Music video.
n-ptOWpFMWM,24.03.06,Official Nonprofits & Activism Highlights,Channel_4201,14,2024-05-31T09:00:00.000Z,trending|review|music,10327,713,20,197,https://i.ytimg.com/vi/1KQcm8jTLtX/default.jpg,False,False,False,Auto-generated sample description for Nonprofits & Activism video.
im4L_mjAqza,24.22.05,Official Pets & Animals Highlights,Channel_850,1,2024-05-19T06:00:00.000Z,vlog|live|trending,47787,888,184,948,https://i.ytimg.com/vi/kLQz41hi9XX/default.jpg,False,False,False,Auto-generated sample description for Pets & Animals video.
thWObllsnix,24.02.09,Reacting to Music Trends,Channel_1878,4,2024-09-01T18:00:00.000Z,live|trending|official,6115,474,42,25,https://i.ytimg.com/vi/uAW0fwpQnAz/default.jpg,False,False,False,Auto-generated sample description for Music video.
ytGE4Nvnur-,24.08.12,Gaming Compilation 2024,Channel_4476,17,2024-12-07T09:00:00.000Z,official|trending|2024,7253,544,33,35,https://i.ytimg.com/vi/tA2AYCHcOGs/default.jpg,False,False,False,Auto-generated sample description for Gaming video.
MoEAyzCQkSj,24.04.02,Reacting to News & Politics Trends,Channel_916,18,2024-02-03T21:00:00.000Z,trending|2024|official,6367,107,19,28,https://i.ytimg.com/vi/nlojpVyXhyp/default.jpg,False,False,False,Auto-generated sample description for News & Politics video.
StRw2CSwzIH,24.08.05,Why This Music Video Went Viral,Channel_3245,8,2024-05-08T13:00:00.000Z,trending|official|2024,2602,187,16,47,https://i.ytimg.com/vi/9XmWZHQGO2c/default.jpg,False,False,False,Auto-generated sample description for Music video.
Uc_EKSTcn_N,24.27.02,Film & Animation Compilation 2024,Channel_2769,5,2024-02-26T01:00:00.000Z,music|vlog|live,6397,138,12,21,https://i.ytimg.com/vi/NkFStnZ0Q_Z/default.jpg,False,False,False,Auto-generated sample description for Film & Animation video.
xHmIa5v3F-7,24.12.04,Top 10 Gaming Moments This Week,Channel_1885,17,2024-04-10T00:00:00.000Z,vlog|review|music,26510,1008,76,224,https://i.ytimg.com/vi/AB_xVrZXd7Q/default.jpg,False,False,False,Auto-generated sample description for Gaming video.
VqA8v5nITI2,24.06.11,Why This Music Video Went Viral,Channel_312,4,2024-11-02T19:00:00.000Z,trending|live|2024,18817,698,177,234,https://i.ytimg.com/vi/uOqzHMsaSFG/default.jpg,False,False,False,Auto-generated sample description for Music video.
Bm2SUOxxX4u,24.28.01,Behind the Scenes: Gaming,Channel_4391,17,2024-01-25T16:00:00.000Z,music|review|vlog,25648,841,92,458,https://i.ytimg.com/vi/Ll7QAUQ4ds4/default.jpg,False,False,False,Auto-generated sample description for Gaming video.
5KaQlkp8TeR,24.12.11,Top 10 Education Moments This Week,Channel_2445,3,2024-11-12T06:00:00.000Z,trending|music|live,13382,401,58,175,https://i.ytimg.com/vi/A83pOM7jdct/default.jpg,False,True,False,Auto-generated sample description for Education video.
d3bvVqEHu8R,24.22.05,Music Compilation 2024,Channel_3157,8,2024-05-20T02:00:00.000Z,music|vlog|trending,26985,1070,34,156,https://i.ytimg.com/vi/jP4ZKsGkHbC/default.jpg,False,False,False,Auto-generated sample description for Music video.
yIQWfmbQUV1,24.20.04,Why This Gaming Video Went Viral,Channel_198,17,2024-04-19T18:00:00.000Z,live|official|music,20384,326,119,66,https://i.ytimg.com/vi/Ibaiqk8rZ3P/default.jpg,False,False,False,Auto-generated sample description for Gaming video.
EsRL4wJ5gWi,24.14.01,Official Music Highlights,Channel_167,4,2024-01-12T17:00:00.000Z,music|vlog|review,24546,1013,36,485,https://i.ytimg.com/vi/IEsi0tepbPl/default.jpg,False,False,False,Auto-generated sample description for Music video.
aHT5-sZY45Z,24.25.02,Behind the Scenes: Music,Channel_3661,8,2024-02-21T17:00:00.000Z,official|trending|review,1544,35,14,10,https://i.ytimg.com/vi/-aYG3S-rJl2/default.jpg,False,False,False,Auto-generated sample description for Music video.
nk9pCMAi47x,24.08.03,Gaming Compilation 2024,Channel_1631,17,2024-03-04T17:00:00.000Z,live|review|2024,2736,167,26,36,https://i.ytimg.com/vi/Ub10VOLtX0O/default.jpg,False,False,False,Auto-generated sample description for Gaming video.
aLLLP8SMiRL,24.24.06,Why This Pets & Animals Video Went Viral,Channel_3892,12,2024-06-20T16:00:00.000Z,live|2024|trending,21309,678,40,79,https://i.ytimg.com/vi/a-h3ENmbIn3/default.jpg,False,False,False,Auto-generated sample description for Pets & Animals video.
gEp_Kw9SocW,24.15.01,Behind the Scenes: Music,Channel_591,4,2024-01-13T20:00:00.000Z,review|trending|vlog,80099,862,709,1453,https://i.ytimg.com/vi/G5M3WApRfMu/default.jpg,False,False,False,Auto-generated sample description for Music video.
ioT4WchxTra,24.05.10,Official Film & Animation Highlights,Channel_2699,5,2024-10-03T03:00:00.000Z,vlog|music|live,24050,1390,71,82,https://i.ytimg.com/vi/ATLU3TNy2OQ/default.jpg,False,False,False,Auto-generated sample description for Film & Animation video.
yFspLH08Zix,25.07.01,Reacting to Film & Animation Trends,Channel_977,19,2025-01-07T14:00:00.000Z,live|review|trending,16126,744,82,290,https://i.ytimg.com/vi/2-yt5zoo8ZA/default.jpg,False,False,False,Auto-generated sample description for Film & Animation video.
0JpnzgXD0IX,24.15.09,Official Music Highlights,Channel_2461,4,2024-09-11T03:00:00.000Z,review|vlog|live,23355,1136,173,48,https://i.ytimg.com/vi/6GaVpr6QX6d/default.jpg,False,False,False,Auto-generated sample description for Music video.
PT5QJAMCMd3,24.11.09,Why This Music Video Went Viral,Channel_4249,4,2024-09-10T09:00:00.000Z,music|vlog|review,108346,4564,202,2100,https://i.ytimg.com/vi/AvdXVOoKz3v/default.jpg,False,False,False,Auto-generated sample description for Music video.
h4Ca3on9t49,24.03.10,Music Compilation 2024,Channel_538,8,2024-10-02T19:00:00.000Z,2024|official|vlog,30820,1954,54,117,https://i.ytimg.com/vi/RfBNbvgu4Dj/default.jpg,False,False,False,Auto-generated sample description for Music video.
XTqenXLgNEh,24.13.02,Top 10 Music Moments This Week,Channel_4796,4,2024-02-12T12:00:00.000Z,review|vlog|trending,241558,14707,1733,2598,https://i.ytimg.com/vi/g5ZP6mFC2lh/default.jpg,False,False,False,Auto-generated sample description for Music video.
9phfa5Ngj9m,25.16.01,Top 10 Music Moments This Week,Channel_3391,4,2025-01-12T03:00:00.000Z,music|trending|official,3418,254,14,10,https://i.ytimg.com/vi/FSpm4-5tG9F/default.jpg,False,False,False,Auto-generated sample description for Music video.
V9fwGp9XuI_,24.05.12,Top 10 Music Moments This Week,Channel_2917,8,2024-12-01T05:00:00.000Z,trending|2024|music,1149,20,10,3,https://i.ytimg.com/vi/3O4sAcLdR7Q/default.jpg,False,False,False,Auto-generated sample description for Music video.
p8RTtsThiKy,24.14.08,Why This Film & Animation Video Went Viral,Channel_3953,19,2024-08-14T16:00:00.000Z,music|live|official,96361,6437,947,378,https://i.ytimg.com/vi/t-imFo3OWhI/default.jpg,True,False,False,Auto-generated sample description for Film & Animation video.
r7DowPr0w_t,25.16.01,Top 10 Education Moments This Week,Channel_1594,10,2025-01-14T16:00:00.000Z,official|2024|live,3705,242,11,18,https://i.ytimg.com/vi/_9Ii_MSukO1/default.jpg,False,False,False,Auto-generated sample description for Education video.
VBjPFGJ0flt,24.10.06,Why This Music Video Went Viral,Channel_2807,4,2024-06-10T04:00:00.000Z,trending|official|vlog,368800,16608,3486,7164,https://i.ytimg.com/vi/CU6xe7E_kX9/default.jpg,False,False,False,Auto-generated sample description for Music video.
scDwgBryK-i,24.16.10,Reacting to Music Trends,Channel_3661,4,2024-10-12T21:00:00.000Z,2024|vlog|review,24645,1500,14,115,https://i.ytimg.com/vi/e2RivHfU0To/default.jpg,False,False,False,Auto-generated sample description for Music video.
aozZPAKxdYU,24.14.09,Reacting to Gaming Trends,Channel_3425,17,2024-09-14T20:00:00.000Z,official|live|review,45084,2468,424,192,https://i.ytimg.com/vi/Zl4BeUVBxuQ/default.jpg,False,False,False,Auto-generated sample description for Gaming video.
QNib9v_Mk1-,24.25.02,Why This Autos & Vehicles Video Went Viral,Channel_571,15,2024-02-24T03:00:00.000Z,official|2024|vlog,2057,42,4,36,https://i.ytimg.com/vi/kwBuIWhnckq/default.jpg,False,False,False,Auto-generated sample description for Autos & Vehicles video.
fbkgfxrQfpw,24.13.07,Behind the Scenes: Pets & Animals,Channel_3249,1,2024-07-09T09:00:00.000Z,live|official|trending,1431,43,4,18,https://i.ytimg.com/vi/63iScA-uaji/default.jpg,False,False,False,Auto-generated sample description for Pets & Animals video.
8I45gyX01Q0,24.30.06,Behind the Scenes: Gaming,Channel_51,17,2024-06-30T20:00:00.000Z,music|vlog|official,9051,175,38,97,https://i.ytimg.com/vi/HqsN7QTpNEu/default.jpg,False,False,False,Auto-generated sample description for Gaming video.
Wu-Y3R3F-x4,24.23.08,Why This News & Politics Video Went Viral,Channel_1450,2,2024-08-20T22:00:00.000Z,official|2024|vlog,5867,414,38,7,https://i.ytimg.com/vi/6jsmtwrm6n5/default.jpg,False,False,False,Auto-generated sample description for News & Politics video.
Eahns5D-eGY,24.12.03,Behind the Scenes: Music,Channel_4341,4,2024-03-09T08:00:00.000Z,trending|vlog|official,60240,1998,325,102,https://i.ytimg.com/vi/X_ACatj7Kga/default.jpg,False,False,False,Auto-generated sample description for Music video.
LlVVkpuxrPT,25.04.01,Music Compilation 2024,Channel_16,4,2024-12-31T16:00:00.000Z,vlog|live|official,386840,16079,2146,4238,https://i.ytimg.com/vi/wltiU1PZxwq/default.jpg,False,False,False,Auto-generated sample description for Music video.
rHdx70Wb6vx,24.09.03,Why This Music Video Went Viral,Channel_3995,8,2024-03-07T04:00:00.000Z,trending|official|vlog,18828,1401,160,220,https://i.ytimg.com/vi/n0Z6bvGhTlC/default.jpg,False,False,False,Auto-generated sample description for Music video.
jmAvG_Vb7be,24.17.11,Reacting to Film & Animation Trends,Channel_3313,5,2024-11-14T13:00:00.000Z,music|trending|review,48463,2161,73,656,https://i.ytimg.com/vi/PCYShd-9yBU/default.jpg,False,False,False,Auto-generated sample description for Film & Animation video.
LDgsrIyHq1K,24.05.05,Official News & Politics Highlights,Channel_305,2,2024-05-04T10:00:00.000Z,trending|vlog|review,54084,2763,94,145,https://i.ytimg.com/vi/4_fgmHp7EZu/default.jpg,False,False,False,Auto-generated sample description for News & Politics video.
EfNqPIKgJN2,24.29.04,Top 10 Music Moments This Week,Channel_1786,4,2024-04-29T03:00:00.000Z,official|vlog|music,39957,2310,183,208,https://i.ytimg.com/vi/UMoZpU9KLNm/default.jpg,False,False,False,Auto-generated sample description for Music video.
hvudPvxcW8U,24.06.08,Music Compilation 2024,Channel_895,8,2024-08-06T06:00:00.000Z,2024|trending|review,16447,192,126,40,https://i.ytimg.com/vi/3JA1_rViauj/default.jpg,False,False,False,Auto-generated sample description for Music video.
unUYxGp68Ci,24.11.12,Behind the Scenes: Music,Channel_206,8,2024-12-09T02:00:00.000Z,live|music|vlog,255471,19681,1944,4096,https://i.ytimg.com/vi/7A4IInan1KP/default.jpg,False,False,False,Auto-generated sample description for Music video.
DKondQ0gVU3,24.10.12,Why This Education Video Went Viral,Channel_116,3,2024-12-10T22:00:00.000Z,vlog|music|live,51160,3563,67,335,https://i.ytimg.com/vi/iLs5POU-ibe/default.jpg,True,False,False,Auto-generated sample description for Education video.
ygi6Gw6m7ti,24.26.02,Reacting to Education Trends,Channel_3598,3,2024-02-25T06:00:00.000Z,official|live|trending,13069,389,94,150,https://i.ytimg.com/vi/svkePgwNv_b/default.jpg,False,False,False,Auto-generated sample description for Education video.
ZHHtll2hW_n,24.11.02,Reacting to Film & Animation Trends,Channel_938,19,2024-02-10T06:00:00.000Z,vlog|trending|live,10214,223,75,8,https://i.ytimg.com/vi/KajtY5SfByH/default.jpg,False,False,False,Auto-generated sample description for Film & Animation video.
j9qJC3TJM4v,24.08.03,Why This Music Video Went Viral,Channel_926,4,2024-03-07T08:00:00.000Z,official|review|music,31991,1741,83,61,https://i.ytimg.com/vi/-9_pOZ6TvMZ/default.jpg,False,False,False,Auto-generated sample description for Music video.
nuc8MWIqh0P,24.30.12,Reacting to News & Politics Trends,Channel_4938,2,2024-12-30T15:00:00.000Z,music|live|official,50816,1558,61,356,https://i.ytimg.com/vi/AQu0eYxzweH/default.jpg,False,False,False,Auto-generated sample description for News & Politics video.
iJBLvoJK2bx,24.14.01,Official Howto & Style Highlights,Channel_2969,20,2024-01-11T11:00:00.000Z,trending|review|official,5981,423,37,49,https://i.ytimg.com/vi/7LjL46P-Vid/default.jpg,False,False,False,Auto-generated sample description for Howto & Style video.
IZbgT8rn-CV,24.06.09,Nonprofits & Activism Compilation 2024,Channel_135,14,2024-09-06T18:00:00.000Z,official|review|2024,15298,525,71,30,https://i.ytimg.com/vi/tfugzOKtc6J/default.jpg,False,False,False,Auto-generated sample description for Nonprofits & Activism video.
V0aZcVddjzP,24.06.04,Behind the Scenes: Music,Channel_3144,4,2024-04-02T22:00:00.000Z,live|official|review,36848,813,183,555,https://i.ytimg.com/vi/WBOqujM1EZ3/default.jpg,False,False,False,Auto-generated sample description for Music video.
bcJh-eAr7tR,24.29.03,Top 10 News & Politics Moments This Week,Channel_1705,2,2024-03-29T09:00:00.000Z,vlog|live|music,5254,366,15,104,https://i.ytimg.com/vi/fSs7e26KM-6/default.jpg,False,False,False,Auto-generated sample description for News & Politics video.
9LNTJvXL5vq,24.07.08,Music Compilation 2024,Channel_3686,4,2024-08-07T05:00:00.000Z,music|2024|trending,78034,6206,548,1114,https://i.ytimg.com/vi/IsJdP1AxieN/default.jpg,False,False,False,Auto-generated sample description for Music video.
BmHVjuyfc3y,24.30.10,Music Compilation 2024,Channel_4874,4,2024-10-27T11:00:00.000Z,review|trending|live,173488,4728,244,2780,https://i.ytimg.com/vi/o8u_PB56Lq-/default.jpg,False,False,False,Auto-generated sample description for Music video.
lOGxWvQ7fvO,24.27.09,Reacting to Music Trends,Channel_2345,8,2024-09-23T03:00:00.000Z,trending|live|vlog,58605,3360,242,747,https://i.ytimg.com/vi/pYilrbA7mbR/default.jpg,False,False,False,Auto-generated sample description for Music video.
XhbsHAKe7O-,24.19.11,Official Music Highlights,Channel_2626,4,2024-11-16T07:00:00.000Z,live|music|2024,61610,2130,276,441,https://i.ytimg.com/vi/BfWgK6mjvVO/default.jpg,False,False,False,Auto-generated sample description for Music video.
OnxQX8_tRIu,24.17.08,Reacting to Music Trends,Channel_3993,4,2024-08-16T20:00:00.000Z,vlog|music|live,14353,671,72,52,https://i.ytimg.com/vi/adn3G3ETCJj/default.jpg,False,False,False,Auto-generated sample description for Music video.
rt1qfY7NgPQ,24.09.08,Education Compilation 2024,Channel_896,3,2024-08-07T02:00:00.000Z,vlog|review|2024,2008,115,19,40,https://i.ytimg.com/vi/wLWPEt_D9Ih/default.jpg,False,False,False,Auto-generated sample description for Education video.
k1Dt7Syi283,24.22.12,Behind the Scenes: Music,Channel_2974,4,2024-12-20T21:00:00.000Z,review|vlog|music,2070534,91197,2610,34667,https://i.ytimg.com/vi/NRcYuC90eAT/default.jpg,False,False,False,Auto-generated sample description for Music video.
kKl9gRvkv2v,24.01.12,Music Compilation 2024,Channel_3146,8,2024-11-30T03:00:00.000Z,review|official|2024,323445,24314,2770,1101,https://i.ytimg.com/vi/KoaZ6RBjePV/default.jpg,False,False,False,Auto-generated sample description for Music video.
ndYYZDp9MpE,25.23.01,Reacting to Education Trends,Channel_3953,10,2025-01-23T02:00:00.000Z,2024|official|music,13082,839,22,257,https://i.ytimg.com/vi/DEUu0wNduX2/default.jpg,False,True,False,Auto-generated sample description for Education video.
WF6I1ROCpkf,24.08.10,Top 10 News & Politics Moments This Week,Channel_4993,2,2024-10-06T18:00:00.000Z,music|2024|vlog,470806,11661,4105,8208,https://i.ytimg.com/vi/HMuIov60MI6/default.jpg,False,False,False,Auto-generated sample description for News & Politics video.
JcQswJ57Xhx,24.01.10,Reacting to Gaming Trends,Channel_2156,17,2024-10-01T10:00:00.000Z,review|live|trending,8667,403,45,22,https://i.ytimg.com/vi/Mh6zZQ4EnsR/default.jpg,False,False,False,Auto-generated sample description for Gaming video.
1pGQIdisHC_,24.22.03,Top 10 Gaming Moments This Week,Channel_1095,17,2024-03-19T04:00:00.000Z,music|live|vlog,5048,50,41,69,https://i.ytimg.com/vi/A_FPj-OwN6m/default.jpg,False,False,False,Auto-generated sample description for Gaming video.
Kv-KtDTs849,24.04.12,Why This Music Video Went Viral,Channel_88,8,2024-12-03T22:00:00.000Z,live|vlog|trending,9549,472,29,48,https://i.ytimg.com/vi/WW5KFKWoje7/default.jpg,True,False,False,Auto-generated sample description for Music video.
u-03813oFT8,25.24.01,Music Compilation 2024,Channel_2698,4,2025-01-24T06:00:00.000Z,vlog|trending|live,271183,20085,2540,860,https://i.ytimg.com/vi/apJMU31xaeP/default.jpg,False,False,False,Auto-generated sample description for Music video.
uLKpzwACqFd,24.01.04,Reacting to Music Trends,Channel_1755,4,2024-03-28T20:00:00.000Z,official|2024|music,61136,754,64,905,https://i.ytimg.com/vi/8-fwHZPa4WM/default.jpg,False,False,False,Auto-generated sample description for Music video.
xt4Etba7A33,24.09.01,Top 10 Music Moments This Week,Channel_4377,4,2024-01-09T04:00:00.000Z,official|review|music,370657,27051,3639,3802,https://i.ytimg.com/vi/6ArC144C2an/default.jpg,False,False,False,Auto-generated sample description for Music video.
eJ8mXq-79wn,24.07.07,Reacting to News & Politics Trends,Channel_3518,18,2024-07-05T22:00:00.000Z,trending|official|live,8814,279,51,104,https://i.ytimg.com/vi/Khmf_8RbWOa/default.jpg,False,False,False,Auto-generated sample description for News & Politics video.
M3sEzbVuYaj,24.24.04,Top 10 Music Moments This Week,Channel_4642,8,2024-04-22T01:00:00.000Z,review|live|music,82126,3075,239,496,https://i.ytimg.com/vi/sfyKJg2dRS_/default.jpg,False,False,False,Auto-generated sample description for Music video.
JKj2rJXydPN,24.04.07,Behind the Scenes: Autos & Vehicles,Channel_1825,13,2024-07-04T00:00:00.000Z,music|official|2024,42217,3113,307,693,https://i.ytimg.com/vi/GjoUann4GDr/default.jpg,False,False,False,Auto-generated sample description for Autos & Vehicles video.
006o_e2jV6U,24.14.05,Music Compilation 2024,Channel_1208,4,2024-05-13T01:00:00.000Z,review|2024|live,30637,1177,119,531,https://i.ytimg.com/vi/vVIot1F7d3F/default.jpg,False,False,False,Auto-generated sample description for Music video.
-L3L2RkE1rA,24.16.01,Behind the Scenes: Film & Animation,Channel_4312,19,2024-01-12T19:00:00.000Z,2024|live|trending,14737,1084,91,19,https://i.ytimg.com/vi/qIuLps0NW34/default.jpg,True,False,False,Auto-generated sample description for Film & Animation video.
NjE4l4jCfTR,24.10.08,Reacting to Autos & Vehicles Trends,Channel_2371,15,2024-08-06T01:00:00.000Z,official|trending|2024,18815,649,178,112,https://i.ytimg.com/vi/iToTNlK6Sc9/default.jpg,False,False,False,Auto-generated sample description for Autos & Vehicles video.
x3F4nD7Mjdd,24.25.09,Reacting to Travel & Events Trends,Channel_3581,16,2024-09-23T06:00:00.000Z,music|live|vlog,122315,6238,1067,1069,https://i.ytimg.com/vi/nZeYHkGRPiu/default.jpg,False,False,False,Auto-generated sample description for Travel & Events video.
P490iGUPbcO,24.10.01,Music Compilation 2024,Channel_4308,4,2024-01-09T02:00:00.000Z,official|review|2024,247768,12645,438,4851,https://i.ytimg.com/vi/aLUr7LetKLP/default.jpg,False,False,False,Auto-generated sample description for Music video.
HP2vtWqDEw7,25.31.01,Why This Music Video Went Viral,Channel_4205,4,2025-01-31T21:00:00.000Z,live|review|music,45739,3607,214,623,https://i.ytimg.com/vi/FwOJp8gUsL9/default.jpg,False,False,False,Auto-generated sample description for Music video.
WPoQCbQOlhf,24.24.02,Reacting to Music Trends,Channel_2421,4,2024-02-21T17:00:00.000Z,music|vlog|live,350140,3927,1101,4467,https://i.ytimg.com/vi/mN1WrNI5hmH/default.jpg,False,False,False,Auto-generated sample description for Music video.
CoSV9joP8nn,24.14.07,Autos & Vehicles Compilation 2024,Channel_741,7,2024-07-14T05:00:00.000Z,2024|review|live,2349,66,19,30,https://i.ytimg.com/vi/z0VCK3HwLSr/default.jpg,False,False,False,Auto-generated sample description for Autos & Vehicles video.
RjDqE9dq5cK,24.26.06,Top 10 Autos & Vehicles Moments This Week,Channel_2450,13,2024-06-23T16:00:00.000Z,vlog|live|2024,438,34,0,8,https://i.ytimg.com/vi/jbnLeijy8ai/default.jpg,False,False,False,Auto-generated sample description for Autos & Vehicles video.
Um201voC7cK,24.03.08,Reacting to Music Trends,Channel_4242,8,2024-08-01T12:00:00.000Z,review|2024|vlog,44787,623,215,67,https://i.ytimg.com/vi/LM4ilaxelke/default.jpg,False,False,False,Auto-generated sample description for Music video.
cx7jAVh3wkO,24.21.11,Why This Music Video Went Viral,Channel_3511,8,2024-11-18T20:00:00.000Z,official|trending|review,19813,569,124,257,https://i.ytimg.com/vi/fmDNN9K3OwI/default.jpg,False,False,False,Auto-generated sample description for Music video.
ftZYVvH61VO,24.10.02,Top 10 Pets & Animals Moments This Week,Channel_3108,12,2024-02-10T02:00:00.000Z,live|trending|music,95484,6243,953,1595,https://i.ytimg.com/vi/auT9rhaK4vg/default.jpg,False,False,False,Auto-generated sample description for Pets & Animals video.
ki3XXnM1HEJ,25.28.01,Top 10 News & Politics Moments This Week,Channel_14,18,2025-01-27T00:00:00.000Z,2024|live|review,5136,276,41,22,https://i.ytimg.com/vi/ootJAvP3e7-/default.jpg,False,False,False,Auto-generated sample description for News & Politics video.
nKA0RN7_hq3,24.10.11,Top 10 Film & Animation Moments This Week,Channel_2913,5,2024-11-07T03:00:00.000Z,live|music|2024,6918,462,29,91,https://i.ytimg.com/vi/j_WQo6TUUSZ/default.jpg,False,False,False,Auto-generated sample description for Film & Animation video.
2KikBcHQTMV,24.22.04,Top 10 Music Moments This Week,Channel_3908,8,2024-04-19T06:00:00.000Z,2024|trending|vlog,149573,7892,210,2937,https://i.ytimg.com/vi/KC-ZQy_b9Mb/default.jpg,False,False,False,Auto-generated sample description for Music video.
WNsK1j0OkqT,24.23.02,Top 10 Music Moments This Week,Channel_2809,4,2024-02-21T21:00:00.000Z,music|trending|vlog,12847,456,48,168,https://i.ytimg.com/vi/s05hcwS3RnO/default.jpg,False,False,False,Auto-generated sample description for Music video.
mwqa43NseXR,24.12.07,Reacting to Music Trends,Channel_1270,8,2024-07-09T02:00:00.000Z,trending|music|2024,17565,1253,74,274,https://i.ytimg.com/vi/Ws8QWzXzVpV/default.jpg,False,False,False,Auto-generated sample description for Music video.
Lw9OWD7YyvZ,24.04.06,Gaming Compilation 2024,Channel_3369,17,2024-06-03T11:00:00.000Z,vlog|review|trending,5098,141,15,31,https://i.ytimg.com/vi/IkIO-RVUNvL/default.jpg,False,False,False,Auto-generated sample description for Gaming video.
TrK9vRYITpX,24.12.12,Music Compilation 2024,Channel_487,4,2024-12-10T00:00:00.000Z,official|live|vlog,16472,941,104,215,https://i.ytimg.com/vi/BG_6j93GgkM/default.jpg,False,False,False,Auto-generated sample description for Music video.
fI9uHuLBHBa,25.22.01,Music Compilation 2024,Channel_1661,4,2025-01-21T19:00:00.000Z,2024|review|music,69873,3960,479,1015,https://i.ytimg.com/vi/fvT6SxVjy8K/default.jpg,False,False,False,Auto-generated sample description for Music video.
dm3O2ijqSTo,24.05.10,Behind the Scenes: Music,Channel_2141,8,2024-10-01T03:00:00.000Z,trending|vlog|review,80541,1758,324,751,https://i.ytimg.com/vi/NRTGc_TGNdf/default.jpg,False,False,False,Auto-generated sample description for Music video.
09r1HzIP3Us,24.31.07,Behind the Scenes: Music,Channel_902,4,2024-07-27T04:00:00.000Z,2024|official|music,174979,5861,1582,1674,https://i.ytimg.com/vi/gdKq4nL9FJa/default.jpg,False,False,False,Auto-generated sample description for Music video.
Xj2E98Ya18X,24.26.11,Why This Gaming Video Went Viral,Channel_3195,17,2024-11-26T18:00:00.000Z,trending|review|live,57489,2155,355,251,https://i.ytimg.com/vi/fNTizU977Vg/default.jpg,False,False,False,Auto-generated sample description for Gaming video.
2wjqYblG_do,24.11.08,Music Compilation 2024,Channel_1979,8,2024-08-07T22:00:00.000Z,official|music|trending,275906,14607,1680,5028,https://i.ytimg.com/vi/AKxlFGckPEj/default.jpg,False,False,False,Auto-generated sample description for Music video.
kcCv6dXk4xL,24.04.01,Official Film & Animation Highlights,Channel_3017,19,2024-01-01T03:00:00.000Z,2024|trending|official,20935,298,160,368,https://i.ytimg.com/vi/z94dNLnbuYZ/default.jpg,False,False,False,Auto-generated sample description for Film & Animation video.
EDX-yBCloiG,24.04.02,Reacting to Music Trends,Channel_3798,4,2024-02-04T17:00:00.000Z,official|review|vlog,92573,5466,286,1237,https://i.ytimg.com/vi/GnVCfNSqsyZ/default.jpg,False,False,False,Auto-generated sample description for Music video.
VcDEMExJZ2u,24.15.05,Music Compilation 2024,Channel_3748,4,2024-05-11T22:00:00.000Z,2024|official|trending,18576,894,53,162,https://i.ytimg.com/vi/Q22vEH6B0Ac/default.jpg,False,False,True,Auto-generated sample description for Music video.
nhjRmfjYvDx,24.16.07,Behind the Scenes: Gaming,Channel_2102,17,2024-07-13T10:00:00.000Z,2024|vlog|review,5191,148,18,70,https://i.ytimg.com/vi/YQ5cFBaf-bU/default.jpg,False,False,False,Auto-generated sample description for Gaming video.
sqnZzBXzZfG,24.08.11,Film & Animation Compilation 2024,Channel_3673,5,2024-11-08T13:00:00.000Z,2024|trending|music,5216,368,19,58,https://i.ytimg.com/vi/jhjcMXZDE4L/default.jpg,False,False,False,Auto-generated sample description for Film & Animation video.
4oAlm9l0Dke,24.21.05,Reacting to Music Trends,Channel_4110,4,2024-05-18T04:00:00.000Z,2024|review|official,193614,4383,398,2574,https://i.ytimg.com/vi/baYo7o5DA3z/default.jpg,False,False,True,Auto-generated sample description for Music video.
VtFQZjWTs6l,24.23.12,Official Music Highlights,Channel_4271,4,2024-12-21T02:00:00.000Z,review|music|live,67750,2982,179,354,https://i.ytimg.com/vi/99e8cM2MRhI/default.jpg,False,False,False,Auto-generated sample description for Music video.
dl-QrwDa3KF,24.24.12,Top 10 Music Moments This Week,Channel_3143,8,2024-12-24T20:00:00.000Z,official|live|trending,35134,1416,45,548,https://i.ytimg.com/vi/_fKuo8wInz9/default.jpg,False,False,False,Auto-generated sample description for Music video.
HIuBgiTYVeO,24.19.11,Top 10 Music Moments This Week,Channel_1352,8,2024-11-15T15:00:00.000Z,review|2024|trending,64917,1674,608,749,https://i.ytimg.com/vi/C0C-1RAlA1d/default.jpg,False,False,False,Auto-generated sample description for Music video.
MIJKMDarDag,24.20.03,Behind the Scenes: Music,Channel_2776,8,2024-03-16T16:00:00.000Z,vlog|official|2024,48702,3361,375,669,https://i.ytimg.com/vi/moPDTh_UghB/default.jpg,False,False,False,Auto-generated sample description for Music video.
Fjp2wVs6mfv,24.09.03,Music Compilation 2024,Channel_2119,4,2024-03-08T03:00:00.000Z,live|review|2024,68382,4843,47,474,https://i.ytimg.com/vi/jmzx3rEJnFw/default.jpg,False,False,False,Auto-generated sample description for Music video.
R_ED0U1NPXz,24.18.12,Music Compilation 2024,Channel_404,4,2024-12-15T20:00:00.000Z,music|trending|live,327508,25604,1484,4963,https://i.ytimg.com/vi/oRqPXHNkHzt/default.jpg,True,False,False,Auto-generated sample description for Music video.
9sIM2EHkGit,24.12.10,Reacting to Music Trends,Channel_1867,8,2024-10-08T01:00:00.000Z,official|vlog|trending,53024,3274,200,662,https://i.ytimg.com/vi/H_FPMIsjnvk/default.jpg,False,False,False,Auto-generated sample description for Music video.
AJWOTPwE_rT,24.13.10,Reacting to Music Trends,Channel_858,4,2024-10-13T16:00:00.000Z,music|2024|live,7856,88,37,20,https://i.ytimg.com/vi/tm6c4xlLBaV/default.jpg,False,False,False,Auto-generated sample description for Music video.
kYBBJU1A0Mf,25.22.01,Music Compilation 2024,Channel_3590,8,2025-01-19T12:00:00.000Z,review|official|music,200052,10932,1497,2655,https://i.ytimg.com/vi/Aa2LdrtM-sY/default.jpg,False,False,False,Auto-generated sample description for Music video.
lrVUyEZiScE,24.03.04,Official Gaming Highlights,Channel_1051,17,2024-03-30T12:00:00.000Z,trending|music|review,567,6,3,5,https://i.ytimg.com/vi/C7L_piVUmLk/default.jpg,False,False,False,Auto-generated sample description for Gaming video.
qyPFi9kiNAt,24.16.08,Reacting to News & Politics Trends,Channel_1781,2,2024-08-15T02:00:00.000Z,live|trending|music,16609,1052,29,155,https://i.ytimg.com/vi/lojAU3HIv9G/default.jpg,False,False,False,Auto-generated sample description for News & Politics video.
GD90sp4cVLs,25.18.01,Why This Education Video Went Viral,Channel_4925,10,2025-01-14T21:00:00.000Z,review|trending|official,95511,6535,94,1354,https://i.ytimg.com/vi/EO4tBJT3bLo/default.jpg,False,False,False,Auto-generated sample description for Education video.
ebA3Xxh_uhD,24.18.03,Top 10 Music Moments This Week,Channel_1696,4,2024-03-15T09:00:00.000Z,2024|music|review,297586,17185,1779,3073,https://i.ytimg.com/vi/IfRueij1Q0D/default.jpg,False,False,False,Auto-generated sample description for Music video.
GCkJUhFZXy_,24.20.03,Music Compilation 2024,Channel_550,4,2024-03-19T16:00:00.000Z,live|vlog|2024,947642,65867,3011,7099,https://i.ytimg.com/vi/2uBTnCaccrx/default.jpg,False,False,False,Auto-generated sample description for Music video.
fN-T372AE5I,25.18.01,Official Education Highlights,Channel_2097,10,2025-01-14T07:00:00.000Z,2024|official|review,26809,656,183,425,https://i.ytimg.com/vi/SGSVuf6ULCx/default.jpg,False,False,False,Auto-generated sample description for Education video.
D6YyIHDd7sG,24.21.01,Why This News & Politics Video Went Viral,Channel_487,18,2024-01-17T19:00:00.000Z,official|vlog|music,15518,825,81,299,https://i.ytimg.com/vi/-KWd5uSr6gV/default.jpg,True,False,False,Auto-generated sample description for News & Politics video.
8cvOLX8HLvT,25.12.01,Behind the Scenes: Music,Channel_3419,4,2025-01-12T07:00:00.000Z,vlog|music|official,20786,992,109,194,https://i.ytimg.com/vi/gPqJvJfg1qO/default.jpg,False,False,False,Auto-generated sample description for Music video.
qA486rPV1Zr,24.10.09,Why This Music Video Went Viral,Channel_4912,8,2024-09-07T18:00:00.000Z,official|vlog|review,8449,483,63,109,https://i.ytimg.com/vi/qjrK9p5dz1h/default.jpg,False,False,False,Auto-generated sample description for Music video.
Riml8sICTPM,24.10.08,Official Travel & Events Highlights,Channel_645,16,2024-08-09T22:00:00.000Z,official|vlog|2024,2160,43,5,37,https://i.ytimg.com/vi/MpVsnkJ0Nky/default.jpg,False,False,False,Auto-generated sample description for Travel & Events video.
L1CXwlDWSne,24.17.12,Why This Education Video Went Viral,Channel_3223,10,2024-12-15T05:00:00.000Z,vlog|live|music,69977,3275,408,803,https://i.ytimg.com/vi/A1emUYMngFx/default.jpg,False,False,False,Auto-generated sample description for Education video.
aZywIAk5jq5,24.25.06,Top 10 Travel & Events Moments This Week,Channel_704,16,2024-06-23T10:00:00.000Z,music|official|review,28941,1843,61,63,https://i.ytimg.com/vi/aX7wtbNfR-E/default.jpg,False,False,False,Auto-generated sample description for Travel & Events video.
0GMSrkHBkIL,24.08.12,Science & Technology Compilation 2024,Channel_3263,11,2024-12-07T05:00:00.000Z,vlog|review|2024,8693,158,8,134,https://i.ytimg.com/vi/GVj8ZP1DcNh/default.jpg,False,False,False,Auto-generated sample description for Science & Technology video.
yfB9QRvRr2R,24.20.09,Top 10 Gaming Moments This Week,Channel_3597,17,2024-09-20T22:00:00.000Z,review|live|official,38104,1250,147,145,https://i.ytimg.com/vi/xYoLnDDkPRE/default.jpg,False,False,False,Auto-generated sample description for Gaming video.
5uzvxdVc8cv,24.22.10,Top 10 Music Moments This Week,Channel_4348,4,2024-10-19T20:00:00.000Z,official|music|live,241204,2918,1367,744,https://i.ytimg.com/vi/ubPqpwVkVZR/default.jpg,False,False,False,Auto-generated sample description for Music video.
oEm5wrVU_xq,24.14.06,Reacting to Howto & Style Trends,Channel_635,20,2024-06-12T06:00:00.000Z,live|trending|official,2619,146,7,45,https://i.ytimg.com/vi/WTNOBbOvWNt/default.jpg,False,False,False,Auto-generated sample description for Howto & Style video.
IsYDoigCh-7,25.02.02,Official Music Highlights,Channel_2494,8,2025-02-02T11:00:00.000Z,trending|2024|vlog,36973,2921,126,391,https://i.ytimg.com/vi/pJh5f_76e4t/default.jpg,False,False,False,Auto-generated sample description for Music video.
7HMd0IGWisL,24.03.08,Top 10 Travel & Events Moments This Week,Channel_2696,16,2024-08-02T17:00:00.000Z,vlog|2024|music,22598,1394,191,387,https://i.ytimg.com/vi/citnPScXE_X/default.jpg,False,False,False,Auto-generated sample description for Travel & Events video.
Q5gA6MYlim3,24.10.02,Official Music Highlights,Channel_1296,4,2024-02-06T10:00:00.000Z,vlog|review|official,43705,848,401,742,https://i.ytimg.com/vi/yCgIX70Qnyx/default.jpg,False,False,False,Auto-generated sample description for Music video.
2-8w5b9oMBj,24.05.10,Official Music Highlights,Channel_1768,8,2024-10-02T17:00:00.000Z,live|music|2024,22256,1532,169,201,https://i.ytimg.com/vi/UxHFNXbpHJQ/default.jpg,False,False,False,Auto-generated sample description for Music video.
VpHnGUuVNk9,24.15.10,Official Music Highlights,Channel_31,4,2024-10-14T07:00:00.000Z,music|review|trending,10601,494,12,139,https://i.ytimg.com/vi/XcKbBqx7K-5/default.jpg,False,False,False,Auto-generated sample description for Music video.
RRQGAIFB7dE,24.30.05,Official Music Highlights,Channel_1051,8,2024-05-30T03:00:00.000Z,trending|vlog|music,102495,6889,616,390,https://i.ytimg.com/vi/x8QiFQiwIMs/default.jpg,False,False,False,Auto-generated sample description for Music video.
-rneIhZe61Z,24.08.05,Why This Music Video Went Viral,Channel_3953,8,2024-05-06T02:00:00.000Z,2024|trending|vlog,299737,21848,1593,1947,https://i.ytimg.com/vi/MhcVpApTdoy/default.jpg,False,False,False,Auto-generated sample description for Music video.
CO877A3NbGx,24.10.02,Top 10 Music Moments This Week,Channel_1805,4,2024-02-08T01:00:00.000Z,music|official|vlog,20321,797,106,20,https://i.ytimg.com/vi/MuPGfiAYjC_/default.jpg,False,False,False,Auto-generated sample description for Music video.
gxe-8lIHaeX,24.22.05,Top 10 Music Moments This Week,Channel_2442,4,2024-05-18T10:00:00.000Z,trending|vlog|2024,14578,147,132,184,https://i.ytimg.com/vi/5vBSm8E7pEb/default.jpg,False,False,False,Auto-generated sample description for Music video.
d8ba2nmjOht,24.14.10,Top 10 Gaming Moments This Week,Channel_1100,17,2024-10-10T06:00:00.000Z,official|music|review,6141,398,27,65,https://i.ytimg.com/vi/Bd2aBLrPqG1/default.jpg,False,False,False,Auto-generated sample description for Gaming video.
ZmNM_9hZrFG,24.02.07,Reacting to Pets & Animals Trends,Channel_3048,6,2024-06-28T20:00:00.000Z,live|vlog|music,14857,937,116,18,https://i.ytimg.com/vi/ZcxqVzOH8Pt/default.jpg,False,False,False,Auto-generated sample description for Pets & Animals video.
fd_hmjyvB4U,24.16.02,Reacting to Music Trends,Channel_69,4,2024-02-13T20:00:00.000Z,2024|music|live,379536,19532,750,6006,https://i.ytimg.com/vi/NEVY_maVouV/default.jpg,False,False,False,Auto-generated sample description for Music video.
aYlUFHu2YkQ,24.17.06,Official Music Highlights,Channel_4278,8,2024-06-17T12:00:00.000Z,live|trending|official,354035,17425,1889,1530,https://i.ytimg.com/vi/n-i3_oplL-_/default.jpg,False,False,False,Auto-generated sample description for Music video.
L1CZEiJV2V5,24.16.09,Why This Music Video Went Viral,Channel_3733,8,2024-09-15T19:00:00.000Z,music|live|review,173627,4110,1561,962,https://i.ytimg.com/vi/8z47EdJ_iWE/default.jpg,False,False,False,Auto-generated sample description for Music video.
sx-jVqQ_nkM,24.25.01,Why This Music Video Went Viral,Channel_1575,8,2024-01-21T20:00:00.000Z,review|music|official,409264,20963,3735,3331,https://i.ytimg.com/vi/J84t2bg5xDG/default.jpg,False,False,False,Auto-generated sample description for Music video.
7LtOTg_7h8O,24.24.06,Top 10 Science & Technology Moments This Week,Channel_716,11,2024-06-22T03:00:00.000Z,music|vlog|trending,11437,450,54,17,https://i.ytimg.com/vi/55WSoL5NVXQ/default.jpg,False,False,False,Auto-generated sample description for Science & Technology video.
ycwh3cXK0_H,24.02.06,Why This Howto & Style Video Went Viral,Channel_1778,20,2024-05-29T17:00:00.000Z,official|music|live,4025,158,24,59,https://i.ytimg.com/vi/bzIPoSnKifA/default.jpg,False,False,False,Auto-generated sample description for Howto & Style video.
huUHyC89gKJ,24.27.04,Top 10 Music Moments This Week,Channel_467,8,2024-04-23T18:00:00.000Z,vlog|music|trending,195045,4415,943,1443,https://i.ytimg.com/vi/nP7hEICpUBQ/default.jpg,False,False,False,Auto-generated sample description for Music video.
f7qP125EA_C,24.21.08,Music Compilation 2024,Channel_1826,8,2024-08-18T05:00:00.000Z,vlog|live|music,8739,130,39,60,https://i.ytimg.com/vi/aMUndOdh1W1/default.jpg,False,False,False,Auto-generated sample description for Music video.
xczBGgWFORN,24.21.04,Why This Education Video Went Viral,Channel_4193,10,2024-04-19T16:00:00.000Z,official|trending|vlog,2183,54,10,32,https://i.ytimg.com/vi/OP5D9uZqjam/default.jpg,False,False,False,Auto-generated sample description for Education video.
ZXB0spCDAnv,24.18.07,Top 10 News & Politics Moments This Week,Channel_4327,18,2024-07-14T08:00:00.000Z,trending|review|2024,75789,2582,153,884,https://i.ytimg.com/vi/tK4eSvh4xOt/default.jpg,False,False,False,Auto-generated sample description for News & Politics video.
gAN2aQd0Ymb,24.01.11,Howto & Style Compilation 2024,Channel_2624,20,2024-11-01T18:00:00.000Z,review|official|trending,15789,268,120,229,https://i.ytimg.com/vi/1Zr8P5dhRFG/default.jpg,False,False,False,Auto-generated sample description for Howto & Style video.
i1wE7aHVIrg,24.08.05,Reacting to Science & Technology Trends,Channel_203,11,2024-05-05T15:00:00.000Z,vlog|trending|music,39406,2897,104,257,https://i.ytimg.com/vi/1ZoxhhKXGcy/default.jpg,False,True,False,Auto-generated sample description for Science & Technology video.
ms7TPtrfGA9,24.21.06,Reacting to Gaming Trends,Channel_515,17,2024-06-21T12:00:00.000Z,2024|vlog|live,45709,1180,330,353,https://i.ytimg.com/vi/Z6TGd3KaV8u/default.jpg,False,False,False,Auto-generated sample description for Gaming video.
zoMz3qi7QRE,24.29.03,Top 10 Autos & Vehicles Moments This Week,Channel_2076,7,2024-03-28T20:00:00.000Z,official|music|2024,3224,219,22,35,https://i.ytimg.com/vi/tNaKpPivN2o/default.jpg,False,False,False,Auto-generated sample description for Autos & Vehicles video.
L4Ll6_FnRD-,24.19.05,Behind the Scenes: Music,Channel_2427,8,2024-05-19T05:00:00.000Z,vlog|2024|live,382369,4449,1717,1908,https://i.ytimg.com/vi/5wXoHFNtuQH/default.jpg,False,False,False,Auto-generated sample description for Music video.
BKv3X466PAB,24.19.09,Reacting to Pets & Animals Trends,Channel_1130,6,2024-09-19T10:00:00.000Z,trending|live|vlog,24446,1727,224,188,https://i.ytimg.com/vi/7tVF-41SMK0/default.jpg,False,False,False,Auto-generated sample description for Pets & Animals video.
-_o9CVWm1jD,24.19.04,Top 10 Film & Animation Moments This Week,Channel_4987,19,2024-04-15T21:00:00.000Z,official|2024|live,61028,4371,189,773,https://i.ytimg.com/vi/vu09FVvnNsy/default.jpg,False,False,False,Auto-generated sample description for Film & Animation video.
pwis5j6Pvyx,24.08.03,Official Howto & Style Highlights,Channel_219,20,2024-03-04T01:00:00.000Z,official|trending|music,1258,77,9,3,https://i.ytimg.com/vi/OZG21nR5SG3/default.jpg,False,False,False,Auto-generated sample description for Howto & Style video.
rOywJC3xQ08,24.16.08,Behind the Scenes: News & Politics,Channel_267,18,2024-08-15T02:00:00.000Z,2024|vlog|trending,13270,869,131,66,https://i.ytimg.com/vi/YesM2L2GU5K/default.jpg,False,False,False,Auto-generated sample description for News & Politics video.
xCVJs84NF3g,24.12.04,Official News & Politics Highlights,Channel_921,2,2024-04-08T14:00:00.000Z,trending|music|review,11695,535,40,123,https://i.ytimg.com/vi/QbMhX0_XOMs/default.jpg,False,False,True,Auto-generated sample description for News & Politics video.
zHWr_HE52Mw,24.08.09,Why This Music Video Went Viral,Channel_4206,4,2024-09-06T04:00:00.000Z,vlog|2024|review,16757,794,92,102,https://i.ytimg.com/vi/uI3dZ3Qtouc/default.jpg,False,False,False,Auto-generated sample description for Music video.
C_p9iVF0XTt,24.12.01,Reacting to Film & Animation Trends,Channel_4189,19,2024-01-11T12:00:00.000Z,2024|review|live,13999,420,37,252,https://i.ytimg.com/vi/xGFzCuUi0p4/default.jpg,False,False,False,Auto-generated sample description for Film & Animation video.
JodI-wZi6lr,24.24.06,Reacting to Music Trends,Channel_4700,8,2024-06-22T02:00:00.000Z,music|trending|live,3248,258,5,51,https://i.ytimg.com/vi/_qSH5KIiYCS/default.jpg,False,False,False,Auto-generated sample description for Music video.
flnm0VkIs7U,24.01.04,Top 10 Music Moments This Week,Channel_2678,4,2024-03-31T16:00:00.000Z,live|official|review,333645,15961,1063,1415,https://i.ytimg.com/vi/YzMx23dVYIR/default.jpg,False,False,False,Auto-generated sample description for Music video.
SWtbQJtn6sD,24.09.05,Why This Music Video Went Viral,Channel_4528,8,2024-05-07T17:00:00.000Z,official|trending|music,25691,883,34,492,https://i.ytimg.com/vi/PtFrj45szbp/default.jpg,False,False,False,Auto-generated sample description for Music video.
6tmHeprHsv5,24.12.04,Official News & Politics Highlights,Channel_4490,18,2024-04-10T03:00:00.000Z,official|vlog|trending,11821,496,106,108,https://i.ytimg.com/vi/3XW5gnAJDkK/default.jpg,False,False,False,Auto-generated sample description for News & Politics video.
P8Sf3N6ozoe,25.28.01,Official Gaming Highlights,Channel_1637,17,2025-01-24T18:00:00.000Z,official|review|trending,15676,1022,107,138,https://i.ytimg.com/vi/n3TMxQxCnhI/default.jpg,False,False,False,Auto-generated sample description for Gaming video.
X0RK1IQVbs-,25.25.01,Why This Music Video Went Viral,Channel_3892,4,2025-01-23T21:00:00.000Z,music|official|review,45676,1090,201,718,https://i.ytimg.com/vi/BAr-c8EnZuK/default.jpg,True,False,False,Auto-generated sample description for Music video.
2CjwPNET9ly,24.30.04,Behind the Scenes: Music,Channel_3907,4,2024-04-26T21:00:00.000Z,live|official|2024,281865,17939,2314,1402,https://i.ytimg.com/vi/SAHmfjOIMnL/default.jpg,False,False,False,Auto-generated sample description for Music video.
QmuT9gDaKiN,24.29.03,Top 10 Gaming Moments This Week,Channel_3312,17,2024-03-25T13:00:00.000Z,2024|music|vlog,99338,5803,961,1170,https://i.ytimg.com/vi/cViME9CMnW3/default.jpg,False,False,False,Auto-generated sample description for Gaming video.
C10O1x-utAg,24.28.03,Top 10 Music Moments This Week,Channel_3205,4,2024-03-24T11:00:00.000Z,review|live|official,230330,15933,1866,3352,https://i.ytimg.com/vi/cjH8PgZiXNi/default.jpg,False,False,False,Auto-generated sample description for Music video.
wyj3hACPXiI,24.18.01,Official Music Highlights,Channel_1066,4,2024-01-17T14:00:00.000Z,live|trending|official,33601,2596,108,582,https://i.ytimg.com/vi/UQ_Mh5QToAt/default.jpg,False,False,False,Auto-generated sample description for Music video.
lEM2thUtWUw,24.30.01,Behind the Scenes: Gaming,Channel_3102,17,2024-01-27T05:00:00.000Z,2024|official|review,1793,45,6,3,https://i.ytimg.com/vi/rRoOesIlmUK/default.jpg,False,False,False,Auto-generated sample description for Gaming video.
lCeUHf4PgXe,24.03.09,Top 10 Autos & Vehicles Moments This Week,Channel_1778,13,2024-08-30T12:00:00.000Z,2024|music|live,41432,1961,326,254,https://i.ytimg.com/vi/9lk0t2pIFwa/default.jpg,False,False,False,Auto-generated sample description for Autos & Vehicles video.
kelUL1yJ5Y7,24.04.03,Why This Music Video Went Viral,Channel_4913,8,2024-03-03T05:00:00.000Z,official|2024|review,41548,688,378,756,https://i.ytimg.com/vi/UhMVa2JIPPn/default.jpg,False,False,False,Auto-generated sample description for Music video.
IH8cRPK1pLG,24.15.02,Why This Howto & Style Video Went Viral,Channel_1994,20,2024-02-12T12:00:00.000Z,review|2024|official,3128,190,26,3,https://i.ytimg.com/vi/5vrGDL2JK2i/default.jpg,False,False,False,Auto-generated sample description for Howto & Style video.
_WR17Xoeiw4,24.06.08,Official Music Highlights,Channel_99,8,2024-08-02T21:00:00.000Z,live|2024|review,4203550,273559,30810,27043,https://i.ytimg.com/vi/Nz1QkTpI8ah/default.jpg,False,False,False,Auto-generated sample description for Music video.
zzAYcFlM7vY,24.06.10,Reacting to Music Trends,Channel_477,8,2024-10-06T08:00:00.000Z,vlog|live|official,14086,861,43,121,https://i.ytimg.com/vi/fMEc0RLuwrQ/default.jpg,False,False,False,Auto-generated sample description for Music video.
_QS_kMq5Iu1,24.17.11,Top 10 Music Moments This Week,Channel_2473,4,2024-11-16T07:00:00.000Z,review|music|trending,8560,250,71,27,https://i.ytimg.com/vi/oXFHwyAcCkj/default.jpg,False,False,False,Auto-generated sample description for Music video.
NjpB-Z82acf,24.15.03,Top 10 Music Moments This Week,Channel_3895,8,2024-03-12T18:00:00.000Z,2024|vlog|music,65292,4294,509,771,https://i.ytimg.com/vi/lKBqAB8gTql/default.jpg,False,False,False,Auto-generated sample description for Music video.
1OKcDKZQ_pq,24.06.08,Why This Music Video Went Viral,Channel_2123,4,2024-08-03T06:00:00.000Z,live|music|trending,111891,2500,226,267,https://i.ytimg.com/vi/qNutSfN2iSe/default.jpg,False,False,False,Auto-generated sample description for Music video.
78jRY_Xb5a2,24.08.03,Behind the Scenes: Film & Animation,Channel_4800,19,2024-03-08T21:00:00.000Z,official|vlog|review,6168,284,49,117,https://i.ytimg.com/vi/L5cBfdklplP/default.jpg,False,False,False,Auto-generated sample description for Film & Animation video.
zclII-7jvnQ,24.24.05,Behind the Scenes: Music,Channel_1711,8,2024-05-24T17:00:00.000Z,official|review|live,51593,3576,478,48,https://i.ytimg.com/vi/RCMzNF-FsPe/default.jpg,False,False,False,Auto-generated sample description for Music video.
UlnfZ_zC-ex,24.11.02,Music Compilation 2024,Channel_3342,4,2024-02-10T06:00:00.000Z,2024|music|vlog,582875,27446,1912,5251,https://i.ytimg.com/vi/UVDCLqqJ77N/default.jpg,False,False,False,
PR04AVIWUax,24.25.04,Pets & Animals Compilation 2024,Channel_4272,12,2024-04-25T04:00:00.000Z,music|live|official,2535,191,21,25,https://i.ytimg.com/vi/eo-RcCuj8qz/default.jpg,False,False,False,Auto-generated sample description for Pets & Animals video.
RRFj3bvQrXx,24.02.12,Music Compilation 2024,Channel_1624,8,2024-12-02T15:00:00.000Z,official|vlog|music,15284,1006,123,280,https://i.ytimg.com/vi/MJGRZumrS9M/default.jpg,False,False,False,Auto-generated sample description for Music video.
7WOdPodw2Tz,25.14.01,Behind the Scenes: Music,Channel_4281,8,2025-01-12T01:00:00.000Z,music|trending|2024,46532,2726,460,134,https://i.ytimg.com/vi/_cE2u_Vbh4p/default.jpg,False,False,False,Auto-generated sample description for Music video.
z8y6K3DSdaF,24.08.02,Reacting to Music Trends,Channel_3984,8,2024-02-06T15:00:00.000Z,music|2024|trending,29109,1306,127,459,https://i.ytimg.com/vi/MaeBnyl1Ydj/default.jpg,False,False,False,Auto-generated sample description for Music video.
OFdjBhDyPx1,24.02.04,Why This Music Video Went Viral,Channel_4856,8,2024-03-30T06:00:00.000Z,trending|official|music,33956,1222,291,293,https://i.ytimg.com/vi/xmF6HKqW5Cj/default.jpg,False,False,False,Auto-generated sample description for Music video.
uRFR5VZBmWs,25.13.01,Top 10 Music Moments This Week,Channel_4268,8,2025-01-09T15:00:00.000Z,music|live|trending,23289,1301,193,156,https://i.ytimg.com/vi/QwJHqYaQjao/default.jpg,False,False,False,Auto-generated sample description for Music video.
D2J5OZrr-tk,24.07.01,Why This Music Video Went Viral,Channel_4271,8,2024-01-05T01:00:00.000Z,official|live|vlog,36907,2651,343,206,https://i.ytimg.com/vi/FFixpTu7M_I/default.jpg,False,False,False,Auto-generated sample description for Music video.
vpkP6bLvVVB,24.28.10,Top 10 Music Moments This Week,Channel_2837,8,2024-10-27T09:00:00.000Z,2024|live|music,13352,423,16,19,https://i.ytimg.com/vi/reVi62APMM2/default.jpg,False,False,False,Auto-generated sample description for Music video.
5j1-vUWSTJg,24.17.02,Why This Music Video Went Viral,Channel_2024,8,2024-02-15T06:00:00.000Z,official|music|review,15681,468,149,223,https://i.ytimg.com/vi/8opj3f04-g3/default.jpg,False,False,False,Auto-generated sample description for Music video.
5Vz6ztMq9Fq,24.21.06,Music Compilation 2024,Channel_1647,4,2024-06-17T04:00:00.000Z,vlog|trending|live,1139544,29261,2819,21309,https://i.ytimg.com/vi/DK4Wed09ofA/default.jpg,False,False,False,Auto-generated sample description for Music video.
Oh0HpX48yGp,25.26.01,Why This Music Video Went Viral,Channel_1598,8,2025-01-24T07:00:00.000Z,trending|review|vlog,4603,300,7,59,https://i.ytimg.com/vi/EqFbzCLV3i5/default.jpg,False,False,False,Auto-generated sample description for Music video.
d01yEmUfrpM,25.02.01,Film & Animation Compilation 2024,Channel_2862,19,2024-12-30T19:00:00.000Z,official|vlog|review,7688,487,19,87,https://i.ytimg.com/vi/uhdrfQEyAGB/default.jpg,False,False,False,Auto-generated sample description for Film & Animation video.
oBCJkQXZJQa,24.21.05,Official Music Highlights,Channel_2975,8,2024-05-19T15:00:00.000Z,trending|vlog|2024,58423,1385,174,941,https://i.ytimg.com/vi/_CIwX4FgBHS/default.jpg,False,False,False,Auto-generated sample description for Music video.
8jVb-3z_4Ex,25.16.01,Official Music Highlights,Channel_919,4,2025-01-14T06:00:00.000Z,official|2024|review,200324,11752,1167,3476,https://i.ytimg.com/vi/111lWKnAkFg/default.jpg,False,False,False,Auto-generated sample description for Music video.
U-hL-fKKOVe,24.27.12,Why This Music Video Went Viral,Channel_2826,4,2024-12-24T08:00:00.000Z,official|live|2024,65057,4609,486,554,https://i.ytimg.com/vi/u16Q9jW09hd/default.jpg,False,False,False,Auto-generated sample description for Music video.
ZoT-LAeGbqj,24.04.11,Reacting to Gaming Trends,Channel_2200,17,2024-11-04T15:00:00.000Z,trending|live|review,18790,487,106,221,https://i.ytimg.com/vi/lBmmYsKtTTA/default.jpg,False,False,False,Auto-generated sample description for Gaming video.
KwtSa_hTd_N,24.05.06,Official Science & Technology Highlights,Channel_3513,11,2024-06-02T12:00:00.000Z,trending|vlog|official,2575,204,5,15,https://i.ytimg.com/vi/3HkbDW1NcJn/default.jpg,False,False,False,Auto-generated sample description for Science & Technology video.
mgyvhFm71vW,25.31.01,Official Pets & Animals Highlights,Channel_4511,6,2025-01-28T03:00:00.000Z,official|trending|review,4201,290,34,58,https://i.ytimg.com/vi/j05KI4MG7NO/default.jpg,False,True,False,Auto-generated sample description for Pets & Animals video.
NXDtjpPObMN,24.18.03,Top 10 Music Moments This Week,Channel_2320,8,2024-03-18T07:00:00.000Z,trending|review|live,1150721,39185,5365,7006,https://i.ytimg.com/vi/NyRP-yGjqUb/default.jpg,False,False,False,Auto-generated sample description for Music video.
OaKwEjwwBk4,24.24.11,Official Pets & Animals Highlights,Channel_983,6,2024-11-20T06:00:00.000Z,2024|official|trending,46927,875,114,421,https://i.ytimg.com/vi/b5YzJmv3fG4/default.jpg,False,False,False,Auto-generated sample description for Pets & Animals video.
hvUzpSTaqlg,24.24.01,Top 10 Music Moments This Week,Channel_1119,8,2024-01-22T19:00:00.000Z,official|vlog|live,77182,2020,589,1445,https://i.ytimg.com/vi/iTYU1xYwzTq/default.jpg,False,False,False,Auto-generated sample description for Music video.
bFS6P6kbpq5,25.24.01,Autos & Vehicles Compilation 2024,Channel_4270,15,2025-01-24T17:00:00.000Z,review|2024|vlog,2141,66,8,36,https://i.ytimg.com/vi/AUxZ78ccFVH/default.jpg,False,False,False,Auto-generated sample description for Autos & Vehicles video.
uJ4Ne2atm1h,24.12.10,Film & Animation Compilation 2024,Channel_3223,5,2024-10-09T10:00:00.000Z,trending|vlog|music,7537,142,70,57,https://i.ytimg.com/vi/CYSmV2yCH4u/default.jpg,False,False,False,
AwcFANOsj2h,24.19.06,Top 10 Music Moments This Week,Channel_1379,4,2024-06-18T14:00:00.000Z,live|vlog|official,16722,305,15,46,https://i.ytimg.com/vi/nTiUa0JCOk3/default.jpg,False,False,False,Auto-generated sample description for Music video.
1uJUXBz8MKt,24.24.07,Top 10 Gaming Moments This Week,Channel_100,17,2024-07-23T01:00:00.000Z,vlog|music|live,9281,611,60,89,https://i.ytimg.com/vi/qkMN0MMYuDf/default.jpg,False,False,False,Auto-generated sample description for Gaming video.
r2ZKBZFUB3X,24.16.04,Official Gaming Highlights,Channel_2524,17,2024-04-15T06:00:00.000Z,trending|official|2024,9903,212,63,126,https://i.ytimg.com/vi/3UvOs2dNzd5/default.jpg,False,False,False,Auto-generated sample description for Gaming video.
09V6l-0lRqg,24.01.03,Why This Howto & Style Video Went Viral,Channel_2914,20,2024-02-29T13:00:00.000Z,review|2024|live,5103,156,32,29,https://i.ytimg.com/vi/OsxAd1C_vl9/default.jpg,False,False,False,Auto-generated sample description for Howto & Style video.
my3c1Flk4JV,24.12.08,Top 10 Music Moments This Week,Channel_79,4,2024-08-10T01:00:00.000Z,vlog|live|2024,30756,1886,50,523,https://i.ytimg.com/vi/eyExN8II9eG/default.jpg,False,False,False,Auto-generated sample description for Music video.
DUuoJfZp5k1,24.19.06,Reacting to Music Trends,Channel_226,4,2024-06-19T09:00:00.000Z,2024|music|review,11684,219,112,110,https://i.ytimg.com/vi/oQu5JbAoQ1R/default.jpg,False,False,False,Auto-generated sample description for Music video.
oVSMQT4jBn_,24.17.10,Official Music Highlights,Channel_1731,8,2024-10-13T04:00:00.000Z,live|review|2024,135473,6146,269,1835,https://i.ytimg.com/vi/u5euNEiE5nN/default.jpg,False,False,False,Auto-generated sample description for Music video.
2r3h4Jn5uJd,25.01.02,Official Science & Technology Highlights,Channel_3033,11,2025-02-01T21:00:00.000Z,review|live|official,8421,341,46,105,https://i.ytimg.com/vi/WEHwZcezk3J/default.jpg,False,False,False,Auto-generated sample description for Science & Technology video.
Yvxh6BFq8rt,25.18.01,Behind the Scenes: Music,Channel_3285,4,2025-01-17T16:00:00.000Z,2024|vlog|live,261078,5160,315,186,https://i.ytimg.com/vi/OQlErAiVSrt/default.jpg,False,False,False,Auto-generated sample description for Music video.
_UwwIQpzhaR,24.27.02,Why This Music Video Went Viral,Channel_4140,4,2024-02-23T22:00:00.000Z,live|vlog|2024,8113,278,46,120,https://i.ytimg.com/vi/ffzMB-6MsJJ/default.jpg,False,False,False,Auto-generated sample description for Music video.
zg8o2E2V-JH,24.22.09,Official Music Highlights,Channel_972,8,2024-09-20T13:00:00.000Z,music|live|review,14828,376,60,273,https://i.ytimg.com/vi/IbgIw4Dk1NX/default.jpg,False,False,False,Auto-generated sample description for Music video.
7TbMaeyIzbi,25.31.01,Behind the Scenes: Education,Channel_4856,10,2025-01-31T22:00:00.000Z,music|live|2024,2899,183,20,31,https://i.ytimg.com/vi/R3PyJI9Oalu/default.jpg,True,False,False,Auto-generated sample description for Education video.
erXAZro1g62,24.26.10,Top 10 Music Moments This Week,Channel_4118,4,2024-10-25T20:00:00.000Z,2024|trending|music,10692,797,70,160,https://i.ytimg.com/vi/3qu_1c-S_K0/default.jpg,True,False,False,Auto-generated sample description for Music video.
dJ5YGKs2VR3,24.08.02,Reacting to Music Trends,Channel_2521,8,2024-02-07T07:00:00.000Z,live|official|review,43653,722,113,355,https://i.ytimg.com/vi/eTqGqbgkRhJ/default.jpg,False,False,False,Auto-generated sample description for Music video.
GsK9EkDK4wD,24.24.09,Music Compilation 2024,Channel_3155,4,2024-09-20T05:00:00.000Z,live|vlog|trending,38610,1593,289,541,https://i.ytimg.com/vi/eRj3D5v4XU9/default.jpg,False,False,False,Auto-generated sample description for Music video.
cJghzFr3gyU,24.03.06,Official Music Highlights,Channel_900,8,2024-06-03T05:00:00.000Z,music|vlog|review,23785,1203,191,151,https://i.ytimg.com/vi/yyrjDRNLL_u/default.jpg,True,False,False,Auto-generated sample description for Music video.
zcnKd84T9lP,24.04.12,Behind the Scenes: Music,Channel_4081,4,2024-12-02T03:00:00.000Z,trending|2024|music,169451,3174,1218,629,https://i.ytimg.com/vi/KH55lpKrU58/default.jpg,False,False,False,Auto-generated sample description for Music video.
Zin1f0Eoy0L,24.17.05,Official Music Highlights,Channel_2119,8,2024-05-14T06:00:00.000Z,official|live|music,44933,2644,216,179,https://i.ytimg.com/vi/a2GZZJG2x15/default.jpg,False,False,False,Auto-generated sample description for Music video.
zfOXXNAxuD-,25.24.01,Top 10 Film & Animation Moments This Week,Channel_2419,5,2025-01-23T06:00:00.000Z,2024|vlog|music,8050,613,16,48,https://i.ytimg.com/vi/O7InZSzmC2Q/default.jpg,False,False,False,Auto-generated sample description for Film & Animation video.
vj4DdBxZ_S7,24.11.02,Why This Music Video Went Viral,Channel_472,4,2024-02-09T06:00:00.000Z,review|official|live,26237,1935,146,523,https://i.ytimg.com/vi/MuRR-sddEKE/default.jpg,False,True,False,Auto-generated sample description for Music video.
b0cYDjPNyij,24.03.08,Music Compilation 2024,Channel_3048,8,2024-08-03T03:00:00.000Z,music|2024|trending,100751,5397,503,105,https://i.ytimg.com/vi/cZLvv6MzZIe/default.jpg,False,False,False,Auto-generated sample description for Music video.
-l_QaixHcGr,24.05.05,Music Compilation 2024,Channel_2421,8,2024-05-04T08:00:00.000Z,trending|2024|review,173214,1954,1552,3074,https://i.ytimg.com/vi/k6kkIZhyjjr/default.jpg,False,False,False,Auto-generated sample description for Music video.
aVkdXNsS7BU,24.21.05,Top 10 Music Moments This Week,Channel_953,8,2024-05-19T08:00:00.000Z,review|live|trending,66343,3583,539,1088,https://i.ytimg.com/vi/oZVCh43WslS/default.jpg,False,False,False,Auto-generated sample description for Music video.
ATURMHzTBuU,24.26.06,Music Compilation 2024,Channel_2033,4,2024-06-22T19:00:00.000Z,live|2024|official,3320,87,8,24,https://i.ytimg.com/vi/vGz4HEXdKr0/default.jpg,False,False,False,Auto-generated sample description for Music video.
XK19veR7J3o,24.28.03,Reacting to Music Trends,Channel_2623,8,2024-03-26T03:00:00.000Z,vlog|2024|live,91125,4982,766,174,https://i.ytimg.com/vi/zNUZRDCECmm/default.jpg,False,False,False,Auto-generated sample description for Music video.
x-JtNbEVeKE,24.30.12,Reacting to Music Trends,Channel_1357,4,2024-12-26T01:00:00.000Z,live|vlog|official,10852,397,82,36,https://i.ytimg.com/vi/oyKuAAsa5kg/default.jpg,False,False,False,Auto-generated sample description for Music video.
bM-oBSsvECB,24.28.05,Why This Music Video Went Viral,Channel_2025,8,2024-05-24T07:00:00.000Z,official|music|2024,92172,4914,312,1059,https://i.ytimg.com/vi/HKhdu12vwGG/default.jpg,False,False,False,Auto-generated sample description for Music video.
-ZKtllPGt7V,24.10.12,Top 10 Education Moments This Week,Channel_2155,3,2024-12-06T20:00:00.000Z,music|trending|vlog,29046,457,39,210,https://i.ytimg.com/vi/K2ZXjgo8S7U/default.jpg,False,False,False,Auto-generated sample description for Education video.
oRT_scKszg3,24.30.09,Official Pets & Animals Highlights,Channel_2207,6,2024-09-30T09:00:00.000Z,vlog|review|music,114979,5828,153,2126,https://i.ytimg.com/vi/XhLR_LJAFwO/default.jpg,False,False,False,Auto-generated sample description for Pets & Animals video.
tQraE204xxL,24.05.04,Official Film & Animation Highlights,Channel_2352,5,2024-04-01T06:00:00.000Z,review|vlog|trending,16615,1136,143,47,https://i.ytimg.com/vi/oj9TCAI2b7U/default.jpg,False,False,False,Auto-generated sample description for Film & Animation video.
ujjoVQgutVj,24.19.05,Official Music Highlights,Channel_4988,8,2024-05-16T03:00:00.000Z,live|trending|vlog,31698,914,112,570,https://i.ytimg.com/vi/cIrLI9FiVue/default.jpg,False,False,False,Auto-generated sample description for Music video.
qTZqseV_QcF,24.04.06,Reacting to News & Politics Trends,Channel_4735,18,2024-06-03T20:00:00.000Z,vlog|official|music,7540,520,51,108,https://i.ytimg.com/vi/JBmeTxmNbYX/default.jpg,False,False,False,Auto-generated sample description for News & Politics video.
jWz1TsQVBoH,24.31.05,Why This Music Video Went Viral,Channel_1710,4,2024-05-31T19:00:00.000Z,review|vlog|2024,25527,2017,116,141,https://i.ytimg.com/vi/tdZhu1wsKJg/default.jpg,False,False,False,Auto-generated sample description for Music video.
0GIKdYawT8J,24.11.08,Music Compilation 2024,Channel_690,4,2024-08-10T00:00:00.000Z,review|2024|live,96287,5471,96,1422,https://i.ytimg.com/vi/TztWmCbwZYJ/default.jpg,False,False,False,Auto-generated sample description for Music video.
efsT25boa9L,24.05.02,Top 10 Education Moments This Week,Channel_811,10,2024-02-01T00:00:00.000Z,music|review|live,29044,971,49,544,https://i.ytimg.com/vi/T4KV2jQoYzz/default.jpg,False,False,False,Auto-generated sample description for Education video.
aMpUQCGWWFS,24.29.07,Official Music Highlights,Channel_111,8,2024-07-27T10:00:00.000Z,review|live|official,243806,7922,542,4710,https://i.ytimg.com/vi/Dbh7PHHH9HL/default.jpg,False,False,False,Auto-generated sample description for Music video.
oX4_ls8juN6,24.05.09,Why This Film & Animation Video Went Viral,Channel_4441,19,2024-09-05T15:00:00.000Z,live|official|2024,48729,1240,317,617,https://i.ytimg.com/vi/YpIOXXLFH6p/default.jpg,False,False,False,Auto-generated sample description for Film & Animation video.
lEG_mNCjkcW,24.18.09,Behind the Scenes: Music,Channel_598,8,2024-09-16T02:00:00.000Z,trending|official|music,14114,527,134,198,https://i.ytimg.com/vi/5FNFR63AIfh/default.jpg,False,False,False,Auto-generated sample description for Music video.
OhJlOl8u1Uj,24.10.02,Film & Animation Compilation 2024,Channel_4351,19,2024-02-09T14:00:00.000Z,music|official|live,63373,2908,260,255,https://i.ytimg.com/vi/1hsAKAPKvz1/default.jpg,False,False,False,Auto-generated sample description for Film & Animation video.
VQglSIdAgxS,24.04.04,Music Compilation 2024,Channel_4126,8,2024-04-03T04:00:00.000Z,2024|vlog|official,41955,1005,304,770,https://i.ytimg.com/vi/1ee-OkutgQB/default.jpg,False,False,False,Auto-generated sample description for Music video.
_zEkVOkyUAa,24.04.06,Official Music Highlights,Channel_76,4,2024-06-04T05:00:00.000Z,trending|music|official,15631,736,147,16,https://i.ytimg.com/vi/HpuJvKyj4Fu/default.jpg,False,False,False,Auto-generated sample description for Music video.
1XHeekWLFXv,24.20.09,Why This Education Video Went Viral,Channel_6,10,2024-09-18T06:00:00.000Z,live|2024|trending,8813,586,32,84,https://i.ytimg.com/vi/--53xQ61X6x/default.jpg,False,False,False,Auto-generated sample description for Education video.
PD92ZogkBCV,24.28.03,Official Music Highlights,Channel_1953,4,2024-03-28T13:00:00.000Z,trending|live|review,37629,2421,158,584,https://i.ytimg.com/vi/Au6ofgwEjNN/default.jpg,False,False,False,Auto-generated sample description for Music video.
w6y0IU-8Y4V,24.22.05,Why This Music Video Went Viral,Channel_1448,8,2024-05-21T22:00:00.000Z,vlog|trending|2024,552632,40195,1912,5487,https://i.ytimg.com/vi/IVRctwE66d1/default.jpg,False,False,False,Auto-generated sample description for Music video.
Pdw16f3No-g,24.26.06,Behind the Scenes: Gaming,Channel_372,17,2024-06-22T02:00:00.000Z,trending|vlog|live,6074,341,14,11,https://i.ytimg.com/vi/5qXrBquJlff/default.jpg,False,False,False,Auto-generated sample description for Gaming video.
XBHRntTMf1E,24.13.11,Gaming Compilation 2024,Channel_3495,17,2024-11-10T11:00:00.000Z,vlog|official|music,1988,100,4,19,https://i.ytimg.com/vi/jzu6VxLdS53/default.jpg,False,False,False,Auto-generated sample description for Gaming video.
TY7Q6teabK8,24.24.08,Behind the Scenes: Music,Channel_337,8,2024-08-24T07:00:00.000Z,live|music|2024,83724,1771,129,1046,https://i.ytimg.com/vi/iihKMwhqJJ8/default.jpg,False,False,False,Auto-generated sample description for Music video.
E4UtNkNqhed,24.11.06,Reacting to Howto & Style Trends,Channel_1051,20,2024-06-10T01:00:00.000Z,vlog|2024|live,52848,3462,247,504,https://i.ytimg.com/vi/9XKkmtMwwkh/default.jpg,False,False,False,Auto-generated sample description for Howto & Style video.
