video_id,trending_date,title,channel_title,category_id,publish_time,tags,views,likes,dislikes,comment_count,thumbnail_link,comments_disabled,ratings_disabled,video_error_or_removed,description
QN2N0DQO5QS,24.14.07,Official Entertainment Highlights,Channel_4012,18,2024-07-14T00:00:00.000Z,music|live|vlog,39832,1123,289,316,https://i.ytimg.com/vi/SZ2fEMR7W9m/default.jpg,False,False,False,Auto-generated sample description for Entertainment video.
xyp9Af8oJvb,25.06.01,Top 10 Sports Moments This Week,Channel_4323,9,2025-01-05T10:00:00.000Z,review|trending|music,8340,171,66,158,https://i.ytimg.com/vi/i73u7u14EAG/default.jpg,False,False,False,Auto-generated sample description for Sports video.
rcLN5ZyEQ8z,24.25.04,Official Entertainment Highlights,Channel_614,18,2024-04-24T17:00:00.000Z,review|2024|vlog,228927,3956,2167,3111,https://i.ytimg.com/vi/MFVj5pvZ6lJ/default.jpg,False,False,False,Auto-generated sample description for Entertainment video.
FmOIwJi6MtW,24.09.05,Why This Entertainment Video Went Viral,Channel_4926,12,2024-05-08T12:00:00.000Z,live|trending|review,41602,1586,362,823,https://i.ytimg.com/vi/xbyWcZka8Jt/default.jpg,False,False,False,Auto-generated sample description for Entertainment video.
bCp4Q-AUu11,24.22.04,Official Sports Highlights,Channel_4336,9,2024-04-19T02:00:00.000Z,live|review|official,5392,239,53,95,https://i.ytimg.com/vi/Y4rR_JbqwB-/default.jpg,False,False,False,Auto-generated sample description for Sports video.
UyZ6M-WC2-j,24.03.08,Why This Sports Video Went Viral,Channel_4845,1,2024-08-03T06:00:00.000Z,trending|2024|live,112340,3118,637,1235,https://i.ytimg.com/vi/0-E1ApC4r2r/default.jpg,False,False,False,Auto-generated sample description for Sports video.
ydLa1PI0Cky,25.25.01,Why This Entertainment Video Went Viral,Channel_3894,18,2025-01-25T21:00:00.000Z,trending|official|vlog,162687,9827,804,1570,https://i.ytimg.com/vi/F6CqFqsHAya/default.jpg,False,False,False,Auto-generated sample description for Entertainment video.
hSv414AggiT,24.01.03,Behind the Scenes: Entertainment,Channel_1538,18,2024-02-28T21:00:00.000Z,trending|official|live,59127,1617,435,229,https://i.ytimg.com/vi/rbnFh_8b1pA/default.jpg,False,False,False,Auto-generated sample description for Entertainment video.
n4JRqNck8oU,24.09.06,Sports Compilation 2024,Channel_3975,9,2024-06-06T16:00:00.000Z,trending|2024|official,847,61,2,1,https://i.ytimg.com/vi/75xXNto14_Q/default.jpg,False,False,False,Auto-generated sample description for Sports video.
_AML0iqHzKm,24.06.02,Why This Music Video Went Viral,Channel_863,8,2024-02-03T03:00:00.000Z,2024|music|review,413124,18884,2284,3223,https://i.ytimg.com/vi/xXRYqPcDlyA/default.jpg,False,False,False,Auto-generated sample description for Music video.
IRGfw2vDPBi,24.11.01,Why This Gaming Video Went Viral,Channel_1614,4,2024-01-09T13:00:00.000Z,review|music|live,1984,74,7,24,https://i.ytimg.com/vi/WaLbR_LQjhI/default.jpg,False,False,False,Auto-generated sample description for Gaming video.
NiuFQTG-AAx,24.18.02,Gaming Compilation 2024,Channel_630,2,2024-02-15T08:00:00.000Z,review|official|live,32000,323,302,124,https://i.ytimg.com/vi/2CSK87WmUhX/default.jpg,False,False,False,Auto-generated sample description for Gaming video.
O6s8dmwj-qB,24.12.01,Science & Technology Compilation 2024,Channel_349,14,2024-01-11T06:00:00.000Z,review|vlog|live,7549,345,43,70,https://i.ytimg.com/vi/gw04z3HbHJ3/default.jpg,False,False,False,Auto-generated sample description for Science & Technology video.
7M-8VsvlH5p,24.26.09,Music Compilation 2024,Channel_397,8,2024-09-25T22:00:00.000Z,trending|official|vlog,10713,601,105,111,https://i.ytimg.com/vi/syar2psE4ss/default.jpg,False,False,False,Auto-generated sample description for Music video.
67mbhhdURTI,24.14.08,Behind the Scenes: Comedy,Channel_2580,10,2024-08-14T21:00:00.000Z,2024|live|music,1532,92,8,27,https://i.ytimg.com/vi/DM2dt_3ocsj/default.jpg,False,False,False,Auto-generated sample description for Comedy video.
vFChgsjn_Y7,24.20.08,Top 10 Film & Animation Moments This Week,Channel_1196,6,2024-08-20T06:00:00.000Z,vlog|live|review,1904,47,1,5,https://i.ytimg.com/vi/gd8U6kRkT34/default.jpg,False,False,False,Auto-generated sample description for Film & Animation video.
5sBzd9uL-BD,24.12.12,Behind the Scenes: Entertainment,Channel_1291,12,2024-12-10T16:00:00.000Z,music|live|vlog,45155,1993,185,494,https://i.ytimg.com/vi/hTN3NfHHpa5/default.jpg,True,False,False,Auto-generated sample description for Entertainment video.
DPow7otAt3w,24.20.02,Official Entertainment Highlights,Channel_1503,12,2024-02-16T14:00:00.000Z,live|trending|official,443660,31224,1807,1517,https://i.ytimg.com/vi/pw5exsdhfXx/default.jpg,False,False,False,Auto-generated sample description for Entertainment video.
62sFmRI3UI7,24.12.12,Reacting to Entertainment Trends,Channel_3984,18,2024-12-08T18:00:00.000Z,official|vlog|2024,28375,1271,66,308,https://i.ytimg.com/vi/s1-enE7UbBE/default.jpg,False,False,False,Auto-generated sample description for Entertainment video.
oXgDu4ncFpU,25.20.01,Music Compilation 2024,Channel_1509,8,2025-01-20T05:00:00.000Z,official|review|2024,249777,14096,2256,3522,https://i.ytimg.com/vi/G74AqKEUXNF/default.jpg,False,False,False,Auto-generated sample description for Music video.
Qw6FdwDL_XO,24.07.07,Behind the Scenes: Film & Animation,Channel_4446,6,2024-07-04T15:00:00.000Z,music|official|review,19308,1345,19,314,https://i.ytimg.com/vi/eqpzlVHkRZM/default.jpg,False,False,False,Auto-generated sample description for Film & Animation video.
aqRm0uC3-vK,24.15.01,Official Gaming Highlights,Channel_906,2,2024-01-11T05:00:00.000Z,vlog|official|live,47439,959,301,908,https://i.ytimg.com/vi/ovbvC7DRJ3Q/default.jpg,False,False,False,Auto-generated sample description for Gaming video.
0BPxqhlKzsJ,24.14.04,Why This Entertainment Video Went Viral,Channel_3719,18,2024-04-11T22:00:00.000Z,live|music|official,102843,1101,909,1591,https://i.ytimg.com/vi/ZlVWqChhq3Z/default.jpg,False,False,False,Auto-generated sample description for Entertainment video.
zAtIVrZru_R,24.23.08,Entertainment Compilation 2024,Channel_3478,18,2024-08-22T09:00:00.000Z,review|2024|official,3788,159,33,51,https://i.ytimg.com/vi/_rF83kvsM1G/default.jpg,False,False,False,Auto-generated sample description for Entertainment video.
T8XXBkwNAyu,24.31.01,Reacting to Music Trends,Channel_4240,8,2024-01-29T18:00:00.000Z,music|official|review,34060,2271,84,97,https://i.ytimg.com/vi/ZBMKlEqIlNt/default.jpg,False,False,False,Auto-generated sample description for Music video.
w4Tbj98lveO,24.21.05,Behind the Scenes: Music,Channel_4847,5,2024-05-17T04:00:00.000Z,review|music|trending,38247,1777,232,675,https://i.ytimg.com/vi/_qAWfpXcXgD/default.jpg,False,False,False,Auto-generated sample description for Music video.
8oParpiV2yn,25.10.01,Behind the Scenes: Entertainment,Channel_3983,12,2025-01-10T10:00:00.000Z,live|music|trending,19982,1010,40,345,https://i.ytimg.com/vi/ROSAOVvDC71/default.jpg,False,False,False,Auto-generated sample description for Entertainment video.
Uon4Ltq6esv,24.16.08,Why This Entertainment Video Went Viral,Channel_2751,12,2024-08-15T05:00:00.000Z,trending|music|live,16574,516,85,148,https://i.ytimg.com/vi/MXPoHAfm28R/default.jpg,False,False,False,Auto-generated sample description for Entertainment video.
T_zBZZ52KRB,24.01.02,Entertainment Compilation 2024,Channel_617,12,2024-01-28T13:00:00.000Z,vlog|2024|review,548886,16269,5210,6391,https://i.ytimg.com/vi/80zJVoJ1RoK/default.jpg,False,False,False,Auto-generated sample description for Entertainment video.
7vNVCCtvWqn,24.13.02,Top 10 Gaming Moments This Week,Channel_749,2,2024-02-09T06:00:00.000Z,review|music|vlog,81154,2535,114,769,https://i.ytimg.com/vi/ih2YK-4ISwD/default.jpg,False,False,False,Auto-generated sample description for Gaming video.
G9nXQPxwYal,24.03.03,Reacting to Entertainment Trends,Channel_3021,18,2024-03-01T17:00:00.000Z,trending|official|2024,17107,1109,96,64,https://i.ytimg.com/vi/Cge_6NYlVtk/default.jpg,False,False,False,Auto-generated sample description for Entertainment video.
k2QDqFRsMb0,24.17.10,Top 10 Sports Moments This Week,Channel_2194,9,2024-10-13T19:00:00.000Z,music|live|vlog,1748,33,4,31,https://i.ytimg.com/vi/0pIBHjHiYEa/default.jpg,False,False,False,Auto-generated sample description for Sports video.
6MKwxBmw8CH,24.24.11,Top 10 Howto & Style Moments This Week,Channel_780,11,2024-11-22T18:00:00.000Z,2024|review|vlog,20647,646,106,17,https://i.ytimg.com/vi/-2Er1TgZQjy/default.jpg,False,False,False,Auto-generated sample description for Howto & Style video.
yy_PEb2_yuG,25.13.01,Behind the Scenes: Sports,Channel_2284,1,2025-01-09T01:00:00.000Z,vlog|live|music,14256,314,17,97,https://i.ytimg.com/vi/1Cz_dr3aYds/default.jpg,False,False,False,Auto-generated sample description for Sports video.
GovQF-u2ifV,24.07.08,Top 10 Sports Moments This Week,Channel_1631,1,2024-08-05T13:00:00.000Z,2024|live|review,6829,279,11,12,https://i.ytimg.com/vi/fhGsLZ9uG7r/default.jpg,False,False,False,Auto-generated sample description for Sports video.
SHE6_47Ad3u,24.02.09,Behind the Scenes: Gaming,Channel_3079,4,2024-08-30T03:00:00.000Z,music|trending|official,8786,95,26,126,https://i.ytimg.com/vi/frOqS_iYuO6/default.jpg,False,False,False,Auto-generated sample description for Gaming video.
O6qMSj2ep7V,24.06.02,Official Music Highlights,Channel_1054,8,2024-02-03T17:00:00.000Z,review|live|2024,35711,2345,191,517,https://i.ytimg.com/vi/V3VWMZRJ3SA/default.jpg,False,False,False,Auto-generated sample description for Music video.
b6q23wvQqvq,24.16.09,Reacting to Entertainment Trends,Channel_729,18,2024-09-16T00:00:00.000Z,2024|official|review,70415,1382,536,606,https://i.ytimg.com/vi/bPQmBbJmH5Y/default.jpg,False,False,False,Auto-generated sample description for Entertainment video.
8_8cUKPTv9Q,24.30.11,Reacting to Entertainment Trends,Channel_1560,12,2024-11-28T07:00:00.000Z,2024|official|trending,593,14,0,2,https://i.ytimg.com/vi/zBAdFhzMEcO/default.jpg,False,False,False,Auto-generated sample description for Entertainment video.
RZ5SyU0jOVv,24.07.03,Behind the Scenes: Entertainment,Channel_4528,18,2024-03-04T20:00:00.000Z,live|vlog|2024,146545,5288,203,807,https://i.ytimg.com/vi/N8kJ_MLSdgJ/default.jpg,False,False,False,Auto-generated sample description for Entertainment video.
7zYcHyBISNw,24.15.07,Entertainment Compilation 2024,Channel_4754,12,2024-07-11T17:00:00.000Z,live|review|official,10914,729,5,164,https://i.ytimg.com/vi/DPsBQ8NZDP1/default.jpg,False,False,False,Auto-generated sample description for Entertainment video.
C9T5ehnmH0H,24.15.04,Why This Gaming Video Went Viral,Channel_4730,4,2024-04-11T08:00:00.000Z,live|trending|official,1409,73,4,25,https://i.ytimg.com/vi/iUH-Bx4uqs6/default.jpg,False,False,False,Auto-generated sample description for Gaming video.
PN27R9SjIBd,24.20.02,Why This Entertainment Video Went Viral,Channel_2401,12,2024-02-18T00:00:00.000Z,trending|music|live,14944,666,89,176,https://i.ytimg.com/vi/IS_goeip9VA/default.jpg,False,False,False,Auto-generated sample description for Entertainment video.
W54Ymix-6tb,24.25.03,Reacting to Entertainment Trends,Channel_3093,12,2024-03-25T20:00:00.000Z,music|official|trending,8553,649,65,104,https://i.ytimg.com/vi/5FT_dmzSVtS/default.jpg,False,False,False,
lUyLh9QTEOf,24.26.02,Top 10 Entertainment Moments This Week,Channel_4397,18,2024-02-24T14:00:00.000Z,music|2024|vlog,161080,12276,1576,969,https://i.ytimg.com/vi/ma0zqdXdZO_/default.jpg,False,False,False,Auto-generated sample description for Entertainment video.
GwXZgDZMHlB,24.14.05,Sports Compilation 2024,Channel_2000,9,2024-05-14T14:00:00.000Z,official|vlog|2024,11127,544,78,77,https://i.ytimg.com/vi/loUqUhBFbT6/default.jpg,False,False,False,Auto-generated sample description for Sports video.
5Amjjb7IRoc,24.23.07,Music Compilation 2024,Channel_3895,5,2024-07-21T20:00:00.000Z,2024|live|review,17030,1122,150,258,https://i.ytimg.com/vi/cuOdZwPYFse/default.jpg,False,False,False,Auto-generated sample description for Music video.
Gi3a86c63T_,24.12.01,Official Entertainment Highlights,Channel_935,12,2024-01-12T11:00:00.000Z,trending|official|vlog,67341,973,487,144,https://i.ytimg.com/vi/Nw8tR-lqYdm/default.jpg,False,False,False,Auto-generated sample description for Entertainment video.
rylY91w-_xE,24.13.11,Why This Entertainment Video Went Viral,Channel_2318,12,2024-11-09T11:00:00.000Z,trending|live|2024,162640,10440,931,2407,https://i.ytimg.com/vi/jsfE13YpF08/default.jpg,False,False,False,Auto-generated sample description for Entertainment video.
gPQMOf2TQot,24.10.02,Behind the Scenes: Sports,Channel_3632,9,2024-02-08T10:00:00.000Z,official|music|vlog,2916,46,10,44,https://i.ytimg.com/vi/8l6rQ-7vqdi/default.jpg,False,False,False,Auto-generated sample description for Sports video.
jx63JIjP9lu,24.30.09,Top 10 Gaming Moments This Week,Channel_2290,4,2024-09-30T19:00:00.000Z,2024|live|music,46226,3199,128,270,https://i.ytimg.com/vi/1LrL9XUSMmx/default.jpg,False,False,False,Auto-generated sample description for Gaming video.
Op79ulfO4_T,24.15.11,Music Compilation 2024,Channel_2745,8,2024-11-13T17:00:00.000Z,trending|music|review,21886,582,48,155,https://i.ytimg.com/vi/oMIr6SP1NpH/default.jpg,False,False,False,Auto-generated sample description for Music video.
I6DuFCAAQH2,24.25.01,Top 10 News & Politics Moments This Week,Channel_4703,17,2024-01-22T20:00:00.000Z,review|music|trending,5713,219,14,96,https://i.ytimg.com/vi/ENUXzJJhAJ5/default.jpg,False,False,False,Auto-generated sample description for News & Politics video.
8raMYxwk9CI,24.27.08,Film & Animation Compilation 2024,Channel_653,6,2024-08-24T06:00:00.000Z,live|vlog|2024,1451,72,11,1,https://i.ytimg.com/vi/jjMUfhR8u5e/default.jpg,False,False,False,Auto-generated sample description for Film & Animation video.
dz8-UtPLADv,25.13.01,Why This Entertainment Video Went Viral,Channel_2698,12,2025-01-11T15:00:00.000Z,official|review|2024,97732,2446,192,1168,https://i.ytimg.com/vi/D4ktpb5LMai/default.jpg,False,False,False,Auto-generated sample description for Entertainment video.
85E3MTSbIbl,24.19.07,Why This Music Video Went Viral,Channel_3571,5,2024-07-15T06:00:00.000Z,official|trending|vlog,15089,1015,112,136,https://i.ytimg.com/vi/6H0G23RtvkO/default.jpg,False,False,False,Auto-generated sample description for Music video.
l4Alzju6obZ,24.06.03,Official Film & Animation Highlights,Channel_4044,7,2024-03-03T00:00:00.000Z,live|music|vlog,8326,493,73,93,https://i.ytimg.com/vi/Htkll-mM1X1/default.jpg,False,False,False,Auto-generated sample description for Film & Animation video.
s0Z-Aox_u-T,24.11.08,Top 10 Music Moments This Week,Channel_876,8,2024-08-08T03:00:00.000Z,live|review|vlog,129896,1654,488,1539,https://i.ytimg.com/vi/nFVjuLx1ru6/default.jpg,False,False,False,Auto-generated sample description for Music video.
tStjuF4WZaM,24.30.07,Reacting to Music Trends,Channel_3863,5,2024-07-30T03:00:00.000Z,official|vlog|trending,35826,1556,315,72,https://i.ytimg.com/vi/N-a4ub6RMW3/default.jpg,False,False,False,Auto-generated sample description for Music video.
pOS_tN0eUu_,24.16.11,Top 10 Music Moments This Week,Channel_3369,8,2024-11-13T04:00:00.000Z,trending|live|review,7152,406,44,132,https://i.ytimg.com/vi/9hN3CRhL3dn/default.jpg,False,False,False,Auto-generated sample description for Music video.
gxfUEIjxSGA,24.06.07,Entertainment Compilation 2024,Channel_1764,12,2024-07-04T18:00:00.000Z,music|review|vlog,1024009,56583,4686,19434,https://i.ytimg.com/vi/JfzDzhcpDBW/default.jpg,False,False,False,Auto-generated sample description for Entertainment video.
g7__81TpfHS,24.10.08,Top 10 Music Moments This Week,Channel_3971,8,2024-08-07T02:00:00.000Z,trending|music|review,20469,771,10,209,https://i.ytimg.com/vi/hZ5GTyeSXhS/default.jpg,False,False,False,Auto-generated sample description for Music video.
ER-LeFCMZKT,24.09.12,Top 10 Film & Animation Moments This Week,Channel_3639,6,2024-12-09T22:00:00.000Z,official|trending|live,102335,7243,417,869,https://i.ytimg.com/vi/839tjNZwKbb/default.jpg,False,False,False,Auto-generated sample description for Film & Animation video.
YLN9Ag5BMc-,24.07.02,Official Entertainment Highlights,Channel_140,12,2024-02-07T15:00:00.000Z,2024|live|vlog,13315,183,65,210,https://i.ytimg.com/vi/6UtFI0ztWMi/default.jpg,False,False,False,Auto-generated sample description for Entertainment video.
xO5qbryjE3Y,24.12.05,Reacting to Sports Trends,Channel_1477,9,2024-05-08T08:00:00.000Z,vlog|live|review,8604,444,52,51,https://i.ytimg.com/vi/QxluFt6hL6x/default.jpg,False,False,False,Auto-generated sample description for Sports video.
3TGthDL8WB4,24.14.02,Behind the Scenes: Music,Channel_1334,8,2024-02-10T11:00:00.000Z,review|live|official,152921,7175,1476,1811,https://i.ytimg.com/vi/vRj5PqlLP1C/default.jpg,False,False,False,Auto-generated sample description for Music video.
KB9zGaxBua2,24.06.11,Official Science & Technology Highlights,Channel_32,14,2024-11-02T18:00:00.000Z,live|2024|vlog,18144,1391,100,331,https://i.ytimg.com/vi/z8YIPQZFDMS/default.jpg,False,False,False,Auto-generated sample description for Science & Technology video.
g6YO0yJzZ71,24.24.08,Reacting to Music Trends,Channel_1361,8,2024-08-22T04:00:00.000Z,trending|vlog|music,121817,6573,357,2089,https://i.ytimg.com/vi/gzVu47Wi2sI/default.jpg,False,False,False,Auto-generated sample description for Music video.
sm00n-gy8ov,24.26.08,Why This Sports Video Went Viral,Channel_3542,9,2024-08-26T22:00:00.000Z,trending|vlog|official,26180,1101,32,505,https://i.ytimg.com/vi/_7SR4yAMiz3/default.jpg,False,False,False,Auto-generated sample description for Sports video.
yjw5VwHu9H8,24.20.12,Sports Compilation 2024,Channel_3046,1,2024-12-19T04:00:00.000Z,trending|review|2024,12109,910,85,22,https://i.ytimg.com/vi/LsRmOj8NOZp/default.jpg,False,False,False,Auto-generated sample description for Sports video.
WN7jHqiSJiJ,24.11.04,Official Music Highlights,Channel_2691,8,2024-04-09T07:00:00.000Z,2024|review|music,259686,15515,1759,157,https://i.ytimg.com/vi/IIYfhw06jB7/default.jpg,True,False,False,Auto-generated sample description for Music video.
uxkkz-oVQNh,24.17.11,Why This Music Video Went Viral,Channel_4108,5,2024-11-15T04:00:00.000Z,review|vlog|trending,241960,13858,2169,4790,https://i.ytimg.com/vi/j8NJuRMIvtK/default.jpg,False,False,False,Auto-generated sample description for Music video.
f1bIWEolnit,24.02.09,Behind the Scenes: Entertainment,Channel_4253,18,2024-08-31T21:00:00.000Z,2024|official|trending,21662,317,57,122,https://i.ytimg.com/vi/_lohiuPcnEs/default.jpg,False,False,False,Auto-generated sample description for Entertainment video.
hnKvQG_DIeO,24.11.09,Why This Sports Video Went Viral,Channel_4896,1,2024-09-07T21:00:00.000Z,review|trending|official,2081,114,17,12,https://i.ytimg.com/vi/zNpRJrmgaha/default.jpg,False,False,False,Auto-generated sample description for Sports video.
6QnQniqvPmx,24.08.02,Entertainment Compilation 2024,Channel_2394,12,2024-02-08T01:00:00.000Z,live|vlog|trending,35240,628,327,650,https://i.ytimg.com/vi/blWxaa9TTl2/default.jpg,False,False,False,Auto-generated sample description for Entertainment video.
zNGcrXrS9MB,24.09.04,Entertainment Compilation 2024,Channel_2362,12,2024-04-07T22:00:00.000Z,2024|review|trending,27766,865,77,446,https://i.ytimg.com/vi/6PodTNMTV-C/default.jpg,False,False,False,Auto-generated sample description for Entertainment video.
FVi71DlOcEB,24.24.06,Behind the Scenes: Film & Animation,Channel_744,7,2024-06-22T13:00:00.000Z,trending|official|review,31140,2368,51,85,https://i.ytimg.com/vi/arY8PSuHpkv/default.jpg,False,False,False,Auto-generated sample description for Film & Animation video.
2j4-oM5hZKE,24.10.08,Reacting to Music Trends,Channel_2345,5,2024-08-09T21:00:00.000Z,review|music|vlog,15685,1247,13,58,https://i.ytimg.com/vi/vgFItcpZpWz/default.jpg,False,False,False,Auto-generated sample description for Music video.
hXqr5V_B6_g,24.16.08,Top 10 Music Moments This Week,Channel_4696,5,2024-08-13T00:00:00.000Z,2024|trending|official,12238,320,118,42,https://i.ytimg.com/vi/u6CDjbkVBzi/default.jpg,True,False,False,Auto-generated sample description for Music video.
d9P7lCjmIdA,24.09.02,Music Compilation 2024,Channel_272,5,2024-02-06T19:00:00.000Z,music|official|2024,31121,1543,39,70,https://i.ytimg.com/vi/Ftdp5sQcRtk/default.jpg,False,False,False,Auto-generated sample description for Music video.
2nTDyd7rVav,24.04.12,Entertainment Compilation 2024,Channel_3668,18,2024-12-01T08:00:00.000Z,review|live|official,43187,1387,200,104,https://i.ytimg.com/vi/77R3aqVz-11/default.jpg,False,False,False,Auto-generated sample description for Entertainment video.
P9gEu4nphxI,24.03.03,Official Sports Highlights,Channel_1270,1,2024-03-03T10:00:00.000Z,vlog|trending|2024,10084,746,76,11,https://i.ytimg.com/vi/5Vk0aawphpI/default.jpg,False,False,False,Auto-generated sample description for Sports video.
kyihfwTbBLI,24.13.04,Top 10 Music Moments This Week,Channel_2961,8,2024-04-13T00:00:00.000Z,2024|vlog|review,68714,5388,168,978,https://i.ytimg.com/vi/MDeMHxK2Ios/default.jpg,False,False,False,Auto-generated sample description for Music video.
HpN2DCh-iBL,24.23.02,Why This Music Video Went Viral,Channel_2367,5,2024-02-19T01:00:00.000Z,official|music|trending,12898,398,124,162,https://i.ytimg.com/vi/0KodEGkOAUK/default.jpg,False,True,False,Auto-generated sample description for Music video.
Pz97tgZMAvB,24.01.04,Reacting to Entertainment Trends,Channel_1522,12,2024-03-31T15:00:00.000Z,official|live|review,124469,3601,1057,1409,https://i.ytimg.com/vi/2UBPlDYm4hy/default.jpg,False,False,False,Auto-generated sample description for Entertainment video.
pQbGYnSF7Z7,24.03.01,Top 10 Film & Animation Moments This Week,Channel_4268,7,2024-01-02T12:00:00.000Z,official|vlog|trending,2271,38,20,27,https://i.ytimg.com/vi/AIBT6Dm8I7B/default.jpg,False,False,False,Auto-generated sample description for Film & Animation video.
XK5LsfAvR4W,24.03.04,Behind the Scenes: Music,Channel_3835,8,2024-03-31T07:00:00.000Z,review|trending|2024,29136,573,106,448,https://i.ytimg.com/vi/18TbEbwsKBo/default.jpg,False,False,False,Auto-generated sample description for Music video.
3stfMk79HIw,24.23.12,Behind the Scenes: Gaming,Channel_2867,2,2024-12-21T15:00:00.000Z,music|official|vlog,5359,188,26,60,https://i.ytimg.com/vi/hy9_wW0liev/default.jpg,False,False,False,Auto-generated sample description for Gaming video.
cAnDY-er3Uj,24.10.06,Entertainment Compilation 2024,Channel_575,18,2024-06-10T11:00:00.000Z,review|2024|music,8474,265,39,117,https://i.ytimg.com/vi/ugb49UpIZUz/default.jpg,False,False,False,Auto-generated sample description for Entertainment video.
vWs8S-ArdzM,24.28.12,Top 10 Sports Moments This Week,Channel_2915,9,2024-12-25T01:00:00.000Z,trending|music|vlog,72077,3951,622,156,https://i.ytimg.com/vi/GuGQXmSBkO7/default.jpg,False,False,False,Auto-generated sample description for Sports video.
yBgWDKA6IWl,24.12.01,Top 10 Gaming Moments This Week,Channel_1738,2,2024-01-10T11:00:00.000Z,2024|official|vlog,96659,3714,896,908,https://i.ytimg.com/vi/teMlZV_fSRG/default.jpg,False,False,False,Auto-generated sample description for Gaming video.
2yiCvRg9crC,24.02.09,Official Entertainment Highlights,Channel_1885,12,2024-08-29T12:00:00.000Z,vlog|music|review,205203,7197,246,1500,https://i.ytimg.com/vi/ySWhPWDIvhp/default.jpg,False,False,False,Auto-generated sample description for Entertainment video.
k6JuQLT6uVV,24.23.06,Top 10 People & Blogs Moments This Week,Channel_792,13,2024-06-23T22:00:00.000Z,2024|review|live,14679,731,143,97,https://i.ytimg.com/vi/O5hzV_gSC0s/default.jpg,True,False,False,Auto-generated sample description for People & Blogs video.
F45hqW2mk6d,24.22.03,Music Compilation 2024,Channel_3490,8,2024-03-20T20:00:00.000Z,music|vlog|live,7055,253,6,108,https://i.ytimg.com/vi/4wlr2e0iCzC/default.jpg,False,False,False,Auto-generated sample description for Music video.
jpcBt_ix3WA,24.14.04,Why This Entertainment Video Went Viral,Channel_3883,18,2024-04-12T05:00:00.000Z,music|2024|official,31237,850,262,243,https://i.ytimg.com/vi/gOmrnb0TYWg/default.jpg,False,False,False,Auto-generated sample description for Entertainment video.
50fmYOUB6Mj,24.23.06,Behind the Scenes: Music,Channel_73,5,2024-06-20T04:00:00.000Z,vlog|review|live,50104,3781,48,177,https://i.ytimg.com/vi/ECD8tD5gsWe/default.jpg,False,False,False,Auto-generated sample description for Music video.
oTI7MAby5Js,24.07.03,News & Politics Compilation 2024,Channel_812,17,2024-03-04T01:00:00.000Z,review|2024|music,5086,264,43,81,https://i.ytimg.com/vi/kQsTe1msvRz/default.jpg,False,False,False,Auto-generated sample description for News & Politics video.
aJsUEVLVWOi,24.11.11,Behind the Scenes: News & Politics,Channel_3331,17,2024-11-07T15:00:00.000Z,2024|live|vlog,471,32,2,1,https://i.ytimg.com/vi/YZ3JP91rfwV/default.jpg,False,False,False,Auto-generated sample description for News & Politics video.
8Kar3JmaZmK,24.21.06,Top 10 Sports Moments This Week,Channel_3495,9,2024-06-17T14:00:00.000Z,vlog|official|2024,63630,1097,400,532,https://i.ytimg.com/vi/QXxlV0j_3lu/default.jpg,False,False,False,Auto-generated sample description for Sports video.
ky-gLJJNZ3U,24.02.10,Why This Sports Video Went Viral,Channel_3233,9,2024-09-30T14:00:00.000Z,trending|review|live,11411,131,21,86,https://i.ytimg.com/vi/uUcboEIQJKN/default.jpg,False,False,False,Auto-generated sample description for Sports video.
FtbvqhJx8z_,24.20.11,Reacting to Gaming Trends,Channel_122,4,2024-11-19T06:00:00.000Z,review|2024|music,28129,1835,39,340,https://i.ytimg.com/vi/Djy7adDQLNR/default.jpg,False,False,False,Auto-generated sample description for Gaming video.
9uvKbeRp0Ie,24.25.01,Official Music Highlights,Channel_1262,5,2024-01-25T20:00:00.000Z,2024|review|official,19990,445,102,369,https://i.ytimg.com/vi/0pU7GpxBKyc/default.jpg,False,False,False,Auto-generated sample description for Music video.
Zuk57bhEbpk,24.03.05,Why This Music Video Went Viral,Channel_992,8,2024-04-30T21:00:00.000Z,music|2024|trending,7490,144,54,149,https://i.ytimg.com/vi/Sj_2Dae-e40/default.jpg,False,False,False,Auto-generated sample description for Music video.
OxUuoiH0Dms,24.18.10,Behind the Scenes: Entertainment,Channel_1858,18,2024-10-17T19:00:00.000Z,live|review|music,4805,274,33,90,https://i.ytimg.com/vi/ISw-OykMkYH/default.jpg,False,False,False,Auto-generated sample description for Entertainment video.
l_H5-BTEGL6,24.12.12,Behind the Scenes: Music,Channel_3340,5,2024-12-08T14:00:00.000Z,review|trending|music,88289,4838,256,784,https://i.ytimg.com/vi/GLaCXKxIqBR/default.jpg,False,False,False,Auto-generated sample description for Music video.
T_ZMK2YVKy2,24.21.06,Why This Music Video Went Viral,Channel_4751,8,2024-06-20T21:00:00.000Z,live|music|trending,209602,6213,530,4095,https://i.ytimg.com/vi/GbTibWUWHaY/default.jpg,False,False,False,Auto-generated sample description for Music video.
pdxraDx_Cfc,24.29.06,Behind the Scenes: Gaming,Channel_4749,2,2024-06-25T10:00:00.000Z,trending|vlog|review,29014,1855,184,311,https://i.ytimg.com/vi/bULfyyQkkxR/default.jpg,False,False,False,Auto-generated sample description for Gaming video.
KY3wShjgojp,24.27.11,Behind the Scenes: Film & Animation,Channel_173,6,2024-11-23T15:00:00.000Z,official|trending|review,20835,282,11,211,https://i.ytimg.com/vi/I8MF2ejSHe8/default.jpg,False,False,False,Auto-generated sample description for Film & Animation video.
J9bSEywdiwq,24.08.01,Official Music Highlights,Channel_2504,8,2024-01-06T10:00:00.000Z,live|music|trending,2659,121,16,47,https://i.ytimg.com/vi/WctvLTFpk9u/default.jpg,False,False,False,Auto-generated sample description for Music video.
xf1_Cqyqm7J,24.09.09,Top 10 Entertainment Moments This Week,Channel_345,18,2024-09-07T07:00:00.000Z,review|music|vlog,183196,4233,136,2348,https://i.ytimg.com/vi/jWMYRZ6fkOe/default.jpg,False,False,False,Auto-generated sample description for Entertainment video.
R-ld3bTYE3c,24.07.11,Reacting to Music Trends,Channel_2811,5,2024-11-04T08:00:00.000Z,2024|trending|review,27618,958,124,90,https://i.ytimg.com/vi/9v7YraypAHA/default.jpg,False,False,False,Auto-generated sample description for Music video.
cIMmg4C4GHa,24.19.03,Reacting to Gaming Trends,Channel_4621,4,2024-03-15T21:00:00.000Z,music|official|live,4329,92,30,37,https://i.ytimg.com/vi/0cafq0XXhG4/default.jpg,False,False,False,Auto-generated sample description for Gaming video.
GzCtlseMNUH,24.18.04,Gaming Compilation 2024,Channel_1445,2,2024-04-15T13:00:00.000Z,2024|review|live,63138,3177,406,475,https://i.ytimg.com/vi/EbXEMuOGhAQ/default.jpg,True,False,False,Auto-generated sample description for Gaming video.
wv4E-rfveFx,24.19.06,Sports Compilation 2024,Channel_3376,9,2024-06-19T16:00:00.000Z,music|2024|live,68589,4985,287,537,https://i.ytimg.com/vi/XdPQ_3Gsd9g/default.jpg,False,False,False,Auto-generated sample description for Sports video.
WexMsTU0f3f,24.21.09,Why This Sports Video Went Viral,Channel_3854,9,2024-09-19T20:00:00.000Z,live|review|trending,141315,8762,815,924,https://i.ytimg.com/vi/WlN5p1kpoVx/default.jpg,False,False,False,Auto-generated sample description for Sports video.
qlU6rS8VSLv,25.05.02,Why This Music Video Went Viral,Channel_4379,5,2025-02-01T05:00:00.000Z,music|live|vlog,8817,210,44,54,https://i.ytimg.com/vi/3MyWQYHPUrS/default.jpg,False,False,False,Auto-generated sample description for Music video.
npWMrJ48FVe,24.08.04,Music Compilation 2024,Channel_2123,5,2024-04-05T08:00:00.000Z,2024|vlog|live,35002,1571,191,182,https://i.ytimg.com/vi/4tnC7z6ar6D/default.jpg,False,False,False,Auto-generated sample description for Music video.
SP1UgIylWlr,24.18.03,Film & Animation Compilation 2024,Channel_615,7,2024-03-18T11:00:00.000Z,review|2024|live,52114,4160,69,797,https://i.ytimg.com/vi/vBkZqaEMybo/default.jpg,False,False,False,Auto-generated sample description for Film & Animation video.
sVlCrT1S11n,24.01.07,Reacting to Sports Trends,Channel_862,1,2024-06-28T02:00:00.000Z,official|2024|vlog,4506,205,22,29,https://i.ytimg.com/vi/wE5ySMLaBUt/default.jpg,False,False,False,Auto-generated sample description for Sports video.
tySWtCVEhsh,24.08.07,Behind the Scenes: People & Blogs,Channel_1413,15,2024-07-08T05:00:00.000Z,live|music|vlog,2907,49,4,18,https://i.ytimg.com/vi/NRbuVZvjA5l/default.jpg,False,False,True,Auto-generated sample description for People & Blogs video.
s1U2kZz3y8q,24.26.04,Why This People & Blogs Video Went Viral,Channel_3997,13,2024-04-23T10:00:00.000Z,trending|live|review,1714,53,11,23,https://i.ytimg.com/vi/gecW72l11DD/default.jpg,False,False,False,Auto-generated sample description for People & Blogs video.
Yw68N9Ug-T8,24.19.07,Behind the Scenes: Film & Animation,Channel_1128,7,2024-07-18T11:00:00.000Z,official|vlog|music,60947,4784,431,717,https://i.ytimg.com/vi/NUQfJN-rMos/default.jpg,False,False,False,Auto-generated sample description for Film & Animation video.
e_nYiYWJFRN,24.13.06,Comedy Compilation 2024,Channel_664,10,2024-06-10T21:00:00.000Z,official|live|review,4470,306,40,87,https://i.ytimg.com/vi/XOHYUkXMzYW/default.jpg,False,False,False,Auto-generated sample description for Comedy video.
nzK1FeIWItS,24.10.11,Behind the Scenes: Film & Animation,Channel_1113,7,2024-11-07T17:00:00.000Z,official|trending|review,23571,1751,228,257,https://i.ytimg.com/vi/sdCiAIcvmQa/default.jpg,False,False,False,Auto-generated sample description for Film & Animation video.
n8ETyY10gGN,24.24.02,Behind the Scenes: Sports,Channel_1521,1,2024-02-23T08:00:00.000Z,2024|review|official,8338,161,83,15,https://i.ytimg.com/vi/Gis9eg01ORA/default.jpg,False,False,False,Auto-generated sample description for Sports video.
6RXJI4Tdg5n,25.24.01,Why This Comedy Video Went Viral,Channel_1771,10,2025-01-22T20:00:00.000Z,official|trending|2024,16519,255,149,173,https://i.ytimg.com/vi/RDpF9TkCoMx/default.jpg,False,False,False,Auto-generated sample description for Comedy video.
iOw8hB6k-6N,24.03.12,Behind the Scenes: Entertainment,Channel_2688,12,2024-12-02T22:00:00.000Z,2024|official|live,45350,1263,450,557,https://i.ytimg.com/vi/gyNWQ7f3jwP/default.jpg,True,False,False,Auto-generated sample description for Entertainment video.
-un75lNKR1z,24.23.08,Top 10 Film & Animation Moments This Week,Channel_3709,7,2024-08-23T09:00:00.000Z,official|2024|live,15213,998,73,289,https://i.ytimg.com/vi/K6fDzI9QDzw/default.jpg,False,False,False,Auto-generated sample description for Film & Animation video.
T7kTNcXcVQJ,24.26.01,Top 10 Music Moments This Week,Channel_2060,5,2024-01-23T12:00:00.000Z,2024|trending|vlog,6889,442,16,53,https://i.ytimg.com/vi/xj2iIgqonUV/default.jpg,False,False,False,Auto-generated sample description for Music video.
4SRnX4palNR,25.13.01,Why This Music Video Went Viral,Channel_672,5,2025-01-12T11:00:00.000Z,vlog|trending|2024,32441,383,53,36,https://i.ytimg.com/vi/6sKhd5NGt-l/default.jpg,False,False,False,Auto-generated sample description for Music video.
E8_IXtptqWn,24.22.10,Behind the Scenes: Music,Channel_3366,8,2024-10-20T06:00:00.000Z,trending|music|review,56948,954,418,561,https://i.ytimg.com/vi/5D7StyM-O8Y/default.jpg,False,False,False,Auto-generated sample description for Music video.
CEvTZBIMhnn,24.22.08,Why This Music Video Went Viral,Channel_3905,8,2024-08-20T10:00:00.000Z,review|official|music,14046,423,25,201,https://i.ytimg.com/vi/Yb5t1ce65tA/default.jpg,False,False,False,Auto-generated sample description for Music video.
ZNK9UFRHgGn,24.22.12,Official Entertainment Highlights,Channel_3639,12,2024-12-20T09:00:00.000Z,vlog|trending|music,13992,936,107,56,https://i.ytimg.com/vi/9z3NA5sDIq5/default.jpg,False,False,False,Auto-generated sample description for Entertainment video.
ezJOX_grzRo,25.13.01,Top 10 Music Moments This Week,Channel_2383,5,2025-01-09T21:00:00.000Z,official|trending|review,36107,2365,74,204,https://i.ytimg.com/vi/msLhLXlp7Ui/default.jpg,False,False,False,Auto-generated sample description for Music video.
dgpaZ04fEl1,24.31.01,Official Entertainment Highlights,Channel_4419,12,2024-01-31T19:00:00.000Z,review|trending|vlog,77343,3994,366,160,https://i.ytimg.com/vi/KYtCqMWII6G/default.jpg,False,False,False,Auto-generated sample description for Entertainment video.
RX99xhb9j3Y,24.16.04,Behind the Scenes: Entertainment,Channel_2806,18,2024-04-16T17:00:00.000Z,official|vlog|music,31409,645,187,481,https://i.ytimg.com/vi/bNlNQvjM4HU/default.jpg,False,False,False,Auto-generated sample description for Entertainment video.
I-2bnXCCSbx,24.25.10,Reacting to Music Trends,Channel_3143,5,2024-10-21T04:00:00.000Z,2024|live|vlog,1329817,35907,6404,26103,https://i.ytimg.com/vi/v_YfFf80n7b/default.jpg,False,False,False,Auto-generated sample description for Music video.
1wU6Jz18l4y,24.18.10,Sports Compilation 2024,Channel_1553,9,2024-10-18T04:00:00.000Z,live|review|music,81329,3398,748,1250,https://i.ytimg.com/vi/Q5611eJcm9f/default.jpg,False,False,False,Auto-generated sample description for Sports video.
7kOWrGTg8zk,24.28.12,Music Compilation 2024,Channel_4354,8,2024-12-27T08:00:00.000Z,music|2024|official,14259,821,117,220,https://i.ytimg.com/vi/vNgk-QGK-Yx/default.jpg,False,False,False,Auto-generated sample description for Music video.
0uCZdmllYp6,24.16.02,Official Howto & Style Highlights,Channel_1685,11,2024-02-15T13:00:00.000Z,live|vlog|official,26784,465,136,273,https://i.ytimg.com/vi/1xZjdQIQH14/default.jpg,False,False,False,Auto-generated sample description for Howto & Style video.
p0fTbjR1zB-,24.24.07,Official Entertainment Highlights,Channel_2460,18,2024-07-22T10:00:00.000Z,official|vlog|live,5698,260,19,78,https://i.ytimg.com/vi/Y7VdbMt-ARJ/default.jpg,False,True,False,Auto-generated sample description for Entertainment video.
MbQKEPFYfct,24.28.04,Official Entertainment Highlights,Channel_4675,18,2024-04-25T19:00:00.000Z,2024|vlog|live,54475,3485,527,166,https://i.ytimg.com/vi/CkOrTbDVgXA/default.jpg,False,False,False,Auto-generated sample description for Entertainment video.
XqLCnUB-4Lp,24.28.09,Why This Music Video Went Viral,Channel_4777,8,2024-09-28T18:00:00.000Z,vlog|2024|trending,17246,956,158,82,https://i.ytimg.com/vi/7wACfHCaVWL/default.jpg,False,False,False,Auto-generated sample description for Music video.
vBrjqKTC35e,24.29.08,Reacting to Entertainment Trends,Channel_2951,12,2024-08-29T14:00:00.000Z,review|official|music,105920,8172,790,1117,https://i.ytimg.com/vi/ieujchpVAlR/default.jpg,False,False,False,Auto-generated sample description for Entertainment video.
e9tu2Fa76eg,24.23.12,Top 10 Sports Moments This Week,Channel_1050,9,2024-12-20T08:00:00.000Z,review|trending|vlog,17695,301,71,265,https://i.ytimg.com/vi/o4nJFaAUZn_/default.jpg,False,False,False,Auto-generated sample description for Sports video.
5-q6L38jCdM,24.03.02,Behind the Scenes: People & Blogs,Channel_3381,13,2024-01-30T08:00:00.000Z,official|trending|live,1107,47,7,3,https://i.ytimg.com/vi/jEekUvIzGMW/default.jpg,False,False,False,Auto-generated sample description for People & Blogs video.
Ba9XY-EWEik,24.20.06,Official Entertainment Highlights,Channel_3912,18,2024-06-20T06:00:00.000Z,music|live|review,19652,1067,117,252,https://i.ytimg.com/vi/MCu3k5AhQwU/default.jpg,False,False,False,Auto-generated sample description for Entertainment video.
law_VPZCmf1,24.06.12,Entertainment Compilation 2024,Channel_2170,12,2024-12-03T13:00:00.000Z,2024|vlog|trending,68069,5312,515,950,https://i.ytimg.com/vi/DDtsRe1d5DW/default.jpg,False,False,False,Auto-generated sample description for Entertainment video.
T1URYsBfjtr,24.12.02,Why This Gaming Video Went Viral,Channel_2061,2,2024-02-08T15:00:00.000Z,vlog|official|2024,29440,552,67,333,https://i.ytimg.com/vi/fERnnb8gxu_/default.jpg,False,False,False,Auto-generated sample description for Gaming video.
FUOciixioGq,25.03.01,Behind the Scenes: Music,Channel_4502,5,2024-12-30T07:00:00.000Z,music|live|vlog,101052,3297,245,1939,https://i.ytimg.com/vi/GD7rZIvFXnC/default.jpg,False,False,False,Auto-generated sample description for Music video.
qfgl0urnFO5,24.27.10,Official People & Blogs Highlights,Channel_939,13,2024-10-23T14:00:00.000Z,live|2024|music,12090,406,47,225,https://i.ytimg.com/vi/XyM_ozMzw53/default.jpg,False,False,False,Auto-generated sample description for People & Blogs video.
E2SdJJEeo81,24.18.02,Why This Sports Video Went Viral,Channel_2190,1,2024-02-14T01:00:00.000Z,official|vlog|review,962,14,5,17,https://i.ytimg.com/vi/SrUiBSczwt4/default.jpg,False,False,False,Auto-generated sample description for Sports video.
x7uk2qGe5cH,24.28.03,Reacting to Sports Trends,Channel_4136,9,2024-03-24T03:00:00.000Z,trending|review|music,11882,257,26,198,https://i.ytimg.com/vi/DVP5rerzzg_/default.jpg,False,False,False,Auto-generated sample description for Sports video.
bb0k3DgTQEx,24.21.04,Why This Howto & Style Video Went Viral,Channel_540,11,2024-04-19T22:00:00.000Z,vlog|live|official,3412,130,21,30,https://i.ytimg.com/vi/4fgFyamAtKT/default.jpg,False,False,True,Auto-generated sample description for Howto & Style video.
tt4C-LpsAgy,24.24.06,Why This People & Blogs Video Went Viral,Channel_4492,15,2024-06-20T14:00:00.000Z,music|trending|review,9179,354,48,56,https://i.ytimg.com/vi/yDt_Zunk-ki/default.jpg,False,False,False,Auto-generated sample description for People & Blogs video.
3VLNWi8-49B,24.02.09,Top 10 People & Blogs Moments This Week,Channel_998,15,2024-08-30T20:00:00.000Z,review|official|live,5963,64,33,46,https://i.ytimg.com/vi/YCgkTl2pVqJ/default.jpg,False,False,False,Auto-generated sample description for People & Blogs video.
7uro7Vm9F2q,24.02.04,Gaming Compilation 2024,Channel_578,2,2024-03-31T09:00:00.000Z,review|trending|official,2619,161,3,7,https://i.ytimg.com/vi/ejD52nw-Hxk/default.jpg,False,False,False,Auto-generated sample description for Gaming video.
no0rMpkEQUm,24.20.04,Top 10 Entertainment Moments This Week,Channel_4778,12,2024-04-18T08:00:00.000Z,review|official|live,26038,1404,43,277,https://i.ytimg.com/vi/pnqPCFp-dJn/default.jpg,False,False,False,Auto-generated sample description for Entertainment video.
lnTwRexZGcC,24.04.11,Why This Science & Technology Video Went Viral,Channel_3542,14,2024-11-01T05:00:00.000Z,official|trending|music,10281,382,79,60,https://i.ytimg.com/vi/miXUoMzg4ko/default.jpg,False,False,False,Auto-generated sample description for Science & Technology video.
qny8QR6Km5h,24.02.04,Official Gaming Highlights,Channel_4104,4,2024-04-01T16:00:00.000Z,review|live|official,31699,2427,62,633,https://i.ytimg.com/vi/a40ExBwqfFy/default.jpg,False,False,False,Auto-generated sample description for Gaming video.
cdFDMaF6nRr,24.23.08,Top 10 Music Moments This Week,Channel_4037,8,2024-08-20T11:00:00.000Z,official|live|vlog,5551,65,10,46,https://i.ytimg.com/vi/mgS3uwiaCsd/default.jpg,False,False,False,Auto-generated sample description for Music video.
MBLzsMXSSsC,24.14.11,Entertainment Compilation 2024,Channel_2883,12,2024-11-12T05:00:00.000Z,review|2024|trending,11586,664,92,57,https://i.ytimg.com/vi/5kqwA9j6Lgq/default.jpg,False,False,False,Auto-generated sample description for Entertainment video.
dGn6UBxgYhx,24.17.08,Music Compilation 2024,Channel_2869,8,2024-08-13T11:00:00.000Z,trending|2024|official,24146,1403,127,186,https://i.ytimg.com/vi/-7-PkHgWl0y/default.jpg,False,False,False,Auto-generated sample description for Music video.
vYTBPTfvkRb,24.13.10,Official Music Highlights,Channel_2572,8,2024-10-09T04:00:00.000Z,official|live|trending,145204,2635,641,1735,https://i.ytimg.com/vi/qEkTVQ7JWFw/default.jpg,False,False,False,Auto-generated sample description for Music video.
nanTAmCEhK2,24.29.10,Why This Gaming Video Went Viral,Channel_3664,4,2024-10-29T07:00:00.000Z,music|trending|live,14543,214,15,201,https://i.ytimg.com/vi/DeAw7n0q2-9/default.jpg,False,False,False,Auto-generated sample description for Gaming video.
DoK2WPT8mDV,24.16.11,People & Blogs Compilation 2024,Channel_3717,13,2024-11-12T05:00:00.000Z,review|live|vlog,40480,1516,263,168,https://i.ytimg.com/vi/yLDetD1FFRo/default.jpg,False,False,False,Auto-generated sample description for People & Blogs video.
AX2SS86l0fI,24.24.12,Why This Music Video Went Viral,Channel_833,5,2024-12-20T07:00:00.000Z,2024|music|review,16441,353,151,234,https://i.ytimg.com/vi/MZbAjJUasFD/default.jpg,False,False,False,Auto-generated sample description for Music video.
rx8ZxV2hPth,24.23.02,Top 10 Music Moments This Week,Channel_4528,8,2024-02-19T10:00:00.000Z,live|official|trending,2970,69,29,56,https://i.ytimg.com/vi/6sYVXbSm4rg/default.jpg,False,False,False,Auto-generated sample description for Music video.
ZGesdaY_VVz,24.20.07,Why This Sports Video Went Viral,Channel_3341,9,2024-07-18T16:00:00.000Z,vlog|live|2024,34372,1539,80,298,https://i.ytimg.com/vi/kWIayBnSUOY/default.jpg,False,False,False,Auto-generated sample description for Sports video.
az7fKJJaTAW,24.16.09,Why This Gaming Video Went Viral,Channel_990,2,2024-09-13T19:00:00.000Z,music|review|live,14178,242,109,7,https://i.ytimg.com/vi/-orC-W4qbPJ/default.jpg,False,False,False,Auto-generated sample description for Gaming video.
TqQh4XYuGef,24.27.11,Why This Music Video Went Viral,Channel_4825,8,2024-11-25T04:00:00.000Z,live|music|trending,28283,1954,35,50,https://i.ytimg.com/vi/OG1uLK7dTyJ/default.jpg,False,False,False,Auto-generated sample description for Music video.
cBcNUXN8QFG,24.13.06,Music Compilation 2024,Channel_2102,5,2024-06-11T10:00:00.000Z,music|2024|trending,10818,266,85,128,https://i.ytimg.com/vi/HCVQcCKv-MQ/default.jpg,False,False,False,Auto-generated sample description for Music video.
YTE4Zl4nq8f,24.31.07,Music Compilation 2024,Channel_4428,5,2024-07-31T17:00:00.000Z,2024|music|trending,138204,9256,559,1948,https://i.ytimg.com/vi/YaJsZ5W1kQo/default.jpg,False,False,False,Auto-generated sample description for Music video.
_zo0tRP3SQO,24.31.07,Music Compilation 2024,Channel_4162,8,2024-07-31T22:00:00.000Z,trending|vlog|official,15571,521,96,70,https://i.ytimg.com/vi/ciKjwSUZLYN/default.jpg,False,False,False,Auto-generated sample description for Music video.
DQrSGopaJHP,24.31.12,Why This Music Video Went Viral,Channel_3534,8,2024-12-27T07:00:00.000Z,vlog|trending|music,45623,897,275,237,https://i.ytimg.com/vi/dD7W-hiphTt/default.jpg,False,False,False,Auto-generated sample description for Music video.
lNUyHA4JRGr,24.21.12,Music Compilation 2024,Channel_1766,8,2024-12-19T07:00:00.000Z,2024|trending|music,53986,3684,161,239,https://i.ytimg.com/vi/_YMdYcgknwb/default.jpg,False,False,False,Auto-generated sample description for Music video.
KZ2JYhEmJeE,24.19.09,Official Gaming Highlights,Channel_1716,2,2024-09-16T20:00:00.000Z,2024|trending|official,3049,119,4,56,https://i.ytimg.com/vi/AVnIlgkouiI/default.jpg,False,False,False,Auto-generated sample description for Gaming video.
_5QQYj5SLNf,24.02.12,Top 10 Music Moments This Week,Channel_4205,8,2024-11-28T16:00:00.000Z,music|review|vlog,72714,3729,40,1287,https://i.ytimg.com/vi/EUuixM57_AV/default.jpg,False,False,False,Auto-generated sample description for Music video.
AZcsxNXCJMn,24.26.06,Sports Compilation 2024,Channel_3497,1,2024-06-24T02:00:00.000Z,music|vlog|trending,6688,198,13,87,https://i.ytimg.com/vi/HkDb03-6UKI/default.jpg,False,False,False,Auto-generated sample description for Sports video.
TI44qvuqu2L,24.01.07,Behind the Scenes: Music,Channel_1609,5,2024-06-29T05:00:00.000Z,review|live|music,244091,10821,728,889,https://i.ytimg.com/vi/vc9lmRMiAi9/default.jpg,False,False,False,Auto-generated sample description for Music video.
SOkKwGTubka,24.14.11,Why This Gaming Video Went Viral,Channel_2553,2,2024-11-12T06:00:00.000Z,vlog|music|official,11695,886,26,71,https://i.ytimg.com/vi/bMsl0kai8sg/default.jpg,False,False,False,Auto-generated sample description for Gaming video.
ZrIumoYj3fL,24.03.11,Music Compilation 2024,Channel_1966,5,2024-10-30T21:00:00.000Z,music|official|vlog,38571,397,369,367,https://i.ytimg.com/vi/N_I92HgRpyJ/default.jpg,False,False,False,Auto-generated sample description for Music video.
QIHctye2a69,24.09.11,Why This Sports Video Went Viral,Channel_1787,9,2024-11-07T08:00:00.000Z,official|review|2024,7086,346,31,77,https://i.ytimg.com/vi/oF2yxCGT_ar/default.jpg,False,False,False,Auto-generated sample description for Sports video.
EhBhOLZMjSL,24.08.09,Official Entertainment Highlights,Channel_207,18,2024-09-05T03:00:00.000Z,music|trending|official,23400,677,146,79,https://i.ytimg.com/vi/usMMXMj_8nb/default.jpg,False,False,False,Auto-generated sample description for Entertainment video.
VFRWiAZ4096,24.15.09,Music Compilation 2024,Channel_2125,5,2024-09-15T19:00:00.000Z,official|trending|2024,261695,14452,1575,2301,https://i.ytimg.com/vi/um7SSwA-UtD/default.jpg,False,False,False,Auto-generated sample description for Music video.
gw_NYGJkRhy,24.20.09,Entertainment Compilation 2024,Channel_3737,12,2024-09-18T03:00:00.000Z,2024|live|review,19490,754,134,342,https://i.ytimg.com/vi/yyokuLiWF4D/default.jpg,False,False,False,Auto-generated sample description for Entertainment video.
sWlFTQBCx0w,24.04.11,Sports Compilation 2024,Channel_2417,1,2024-11-01T02:00:00.000Z,review|live|official,22332,421,147,321,https://i.ytimg.com/vi/t8Ejyg83Vah/default.jpg,False,False,False,Auto-generated sample description for Sports video.
L7pZpS3InIU,24.01.07,Official Film & Animation Highlights,Channel_812,7,2024-07-01T19:00:00.000Z,2024|vlog|music,3948,97,21,46,https://i.ytimg.com/vi/nD0t0M9lHaz/default.jpg,False,False,False,
arvuC6wKzMD,24.16.10,Top 10 Music Moments This Week,Channel_2644,8,2024-10-14T12:00:00.000Z,music|live|vlog,31534,904,30,224,https://i.ytimg.com/vi/trKjo_J2Hab/default.jpg,False,False,False,Auto-generated sample description for Music video.
ice0KTjTtM2,24.23.11,Official Gaming Highlights,Channel_3922,4,2024-11-22T18:00:00.000Z,music|official|review,3675,117,6,44,https://i.ytimg.com/vi/Q2aVnjOPxHq/default.jpg,False,False,False,Auto-generated sample description for Gaming video.
G09VFcQO9EB,24.22.02,Top 10 Entertainment Moments This Week,Channel_4101,12,2024-02-22T21:00:00.000Z,vlog|live|music,100054,4867,812,433,https://i.ytimg.com/vi/nHThW5nHq-Q/default.jpg,False,False,False,Auto-generated sample description for Entertainment video.
AhB28bL5Yan,24.12.12,Music Compilation 2024,Channel_4926,5,2024-12-10T03:00:00.000Z,2024|live|review,5160,267,27,21,https://i.ytimg.com/vi/ETh4CUysPjv/default.jpg,False,False,False,Auto-generated sample description for Music video.
pItuZ_Hlhs_,24.30.08,Top 10 Science & Technology Moments This Week,Channel_1578,14,2024-08-28T16:00:00.000Z,trending|review|live,14426,167,107,65,https://i.ytimg.com/vi/TWCu7JIGLsz/default.jpg,False,False,False,Auto-generated sample description for Science & Technology video.
wdGfV-s9Qdq,24.27.08,Official Comedy Highlights,Channel_876,10,2024-08-24T19:00:00.000Z,vlog|review|music,6575,176,54,29,https://i.ytimg.com/vi/QLwV294HWaU/default.jpg,False,False,False,Auto-generated sample description for Comedy video.
PfPapZ6lLMG,24.13.09,Top 10 Entertainment Moments This Week,Channel_3640,12,2024-09-11T02:00:00.000Z,2024|vlog|music,109878,3922,944,1878,https://i.ytimg.com/vi/Ihh94f1lhqK/default.jpg,False,False,False,Auto-generated sample description for Entertainment video.
jF5hk5bOIRo,24.24.10,Official Music Highlights,Channel_4007,5,2024-10-24T01:00:00.000Z,review|live|2024,28857,503,234,249,https://i.ytimg.com/vi/w2XmWgIjagl/default.jpg,False,False,False,Auto-generated sample description for Music video.
hFrPJBdpvEH,25.07.02,Why This Film & Animation Video Went Viral,Channel_866,7,2025-02-03T07:00:00.000Z,review|live|vlog,2084,147,14,25,https://i.ytimg.com/vi/ua3WhkBaydq/default.jpg,False,False,False,Auto-generated sample description for Film & Animation video.
-fMOUvS9x5B,24.12.10,Entertainment Compilation 2024,Channel_3120,12,2024-10-08T02:00:00.000Z,review|2024|trending,177314,3892,894,3406,https://i.ytimg.com/vi/OjbrnPaanD1/default.jpg,False,False,False,Auto-generated sample description for Entertainment video.
J8z4iC6soAs,24.13.02,Top 10 Music Moments This Week,Channel_4811,8,2024-02-13T14:00:00.000Z,2024|vlog|live,40312,2481,231,329,https://i.ytimg.com/vi/bBj8JNp59UL/default.jpg,False,False,False,Auto-generated sample description for Music video.
Iq1HOzGfO0K,24.13.06,Reacting to Entertainment Trends,Channel_150,12,2024-06-13T10:00:00.000Z,music|official|live,7317,349,45,121,https://i.ytimg.com/vi/4jgDoZTKhI2/default.jpg,False,False,False,Auto-generated sample description for Entertainment video.
aiSb0lEY6D4,24.11.06,Reacting to Music Trends,Channel_2101,8,2024-06-11T21:00:00.000Z,official|trending|vlog,22764,356,42,200,https://i.ytimg.com/vi/N_pBTGfup5t/default.jpg,False,False,False,Auto-generated sample description for Music video.
BYm5REJsv-u,24.27.10,Entertainment Compilation 2024,Channel_4757,12,2024-10-26T14:00:00.000Z,music|trending|vlog,28605,1789,20,377,https://i.ytimg.com/vi/ogI3H2u3LnF/default.jpg,False,False,False,Auto-generated sample description for Entertainment video.
ad6dr23V5_4,24.18.03,Behind the Scenes: Entertainment,Channel_1373,12,2024-03-15T09:00:00.000Z,2024|trending|official,14834,1180,128,218,https://i.ytimg.com/vi/sZuSIu6WvVf/default.jpg,False,False,False,Auto-generated sample description for Entertainment video.
DIL5KehC6H5,24.21.03,Reacting to Film & Animation Trends,Channel_920,6,2024-03-19T08:00:00.000Z,review|2024|trending,1135,87,10,3,https://i.ytimg.com/vi/tMnTh-JFjvU/default.jpg,False,False,False,Auto-generated sample description for Film & Animation video.
-oY9Cjl7NmW,24.16.04,Entertainment Compilation 2024,Channel_4365,18,2024-04-14T09:00:00.000Z,review|vlog|official,173382,10086,861,709,https://i.ytimg.com/vi/mHV-qFvK5JY/default.jpg,False,True,False,Auto-generated sample description for Entertainment video.
3a3Na1LadQA,24.18.10,Behind the Scenes: Entertainment,Channel_1932,12,2024-10-17T05:00:00.000Z,review|2024|live,69814,1168,568,458,https://i.ytimg.com/vi/HmSNnMuLZKP/default.jpg,False,False,False,Auto-generated sample description for Entertainment video.
S418GIA6s-R,24.30.07,Why This Gaming Video Went Viral,Channel_3929,2,2024-07-30T15:00:00.000Z,review|music|official,49417,3091,102,358,https://i.ytimg.com/vi/ID4jyK9BAqG/default.jpg,True,False,False,Auto-generated sample description for Gaming video.
e-pmBIcbx3j,24.30.08,Why This Sports Video Went Viral,Channel_4632,1,2024-08-27T21:00:00.000Z,music|trending|official,10111,360,20,56,https://i.ytimg.com/vi/W-vbAPFDCqA/default.jpg,False,False,True,Auto-generated sample description for Sports video.
3i-YobNPS55,24.03.02,Entertainment Compilation 2024,Channel_3193,12,2024-02-02T18:00:00.000Z,vlog|official|live,20666,1086,83,398,https://i.ytimg.com/vi/kkBAgwM1vg-/default.jpg,False,False,False,Auto-generated sample description for Entertainment video.
WZ51IO4yESs,24.26.11,Reacting to Entertainment Trends,Channel_2694,12,2024-11-25T10:00:00.000Z,official|trending|live,7828,616,66,133,https://i.ytimg.com/vi/116FrBL7rxH/default.jpg,False,False,False,Auto-generated sample description for Entertainment video.
dr9RF-pzDrS,24.23.12,Reacting to Entertainment Trends,Channel_3361,18,2024-12-23T16:00:00.000Z,2024|vlog|music,32998,988,166,98,https://i.ytimg.com/vi/tG7Q7vitk0i/default.jpg,False,False,False,Auto-generated sample description for Entertainment video.
aE_UjzE7AIA,24.13.09,Why This Entertainment Video Went Viral,Channel_2373,12,2024-09-09T06:00:00.000Z,official|live|trending,16804,1060,145,116,https://i.ytimg.com/vi/kd5fi0FUlCk/default.jpg,False,False,False,Auto-generated sample description for Entertainment video.
e4OqMM_cpqb,24.11.06,Official Music Highlights,Channel_2652,5,2024-06-08T00:00:00.000Z,live|vlog|review,49104,754,157,122,https://i.ytimg.com/vi/km0WGHM8fCF/default.jpg,False,False,False,Auto-generated sample description for Music video.
OrjwwDE1Y6b,24.08.05,Sports Compilation 2024,Channel_3320,1,2024-05-05T18:00:00.000Z,official|trending|vlog,4026,190,30,57,https://i.ytimg.com/vi/Fqv3yxtPkx7/default.jpg,False,False,False,Auto-generated sample description for Sports video.
H69ZYVzM4Am,24.19.02,Behind the Scenes: Sports,Channel_1217,9,2024-02-15T09:00:00.000Z,2024|review|live,1460,17,11,5,https://i.ytimg.com/vi/fsoA1Trmdui/default.jpg,False,False,False,Auto-generated sample description for Sports video.
xQpm0RGZgnv,24.17.06,Official Music Highlights,Channel_333,8,2024-06-15T22:00:00.000Z,music|2024|live,177261,11675,543,2975,https://i.ytimg.com/vi/e6TATKnkBP_/default.jpg,False,False,False,Auto-generated sample description for Music video.
C-A9iu7Caue,24.02.04,Entertainment Compilation 2024,Channel_1557,18,2024-04-02T14:00:00.000Z,official|2024|live,148625,11007,1413,125,https://i.ytimg.com/vi/aLYQbHmE9Zg/default.jpg,False,True,False,Auto-generated sample description for Entertainment video.
MIFzzCdh4UY,24.17.03,Reacting to Entertainment Trends,Channel_3432,12,2024-03-16T12:00:00.000Z,trending|2024|review,6650,157,36,80,https://i.ytimg.com/vi/exZD9aANWPG/default.jpg,False,False,False,Auto-generated sample description for Entertainment video.
med1-k7zkoc,24.04.08,Behind the Scenes: Entertainment,Channel_137,18,2024-08-04T15:00:00.000Z,2024|live|music,521838,7596,4428,10431,https://i.ytimg.com/vi/dQOTUhRq-nf/default.jpg,False,False,False,Auto-generated sample description for Entertainment video.
lehGIfJpMGI,24.15.01,Entertainment Compilation 2024,Channel_1541,12,2024-01-12T11:00:00.000Z,2024|live|trending,4013,91,24,75,https://i.ytimg.com/vi/VbB522lFuiR/default.jpg,False,False,False,Auto-generated sample description for Entertainment video.
85UeN3dyJWE,24.30.01,Top 10 Entertainment Moments This Week,Channel_1101,12,2024-01-28T12:00:00.000Z,vlog|2024|review,131949,6296,633,1603,https://i.ytimg.com/vi/dTSzhF51OVJ/default.jpg,False,False,False,Auto-generated sample description for Entertainment video.
pq2gyiSr0UE,24.16.08,Why This Comedy Video Went Viral,Channel_3935,10,2024-08-13T09:00:00.000Z,live|vlog|official,6153,291,30,74,https://i.ytimg.com/vi/NcLHGnj6bSg/default.jpg,False,False,False,Auto-generated sample description for Comedy video.
Rx40B5I56P6,24.16.11,Official Comedy Highlights,Channel_4525,10,2024-11-16T16:00:00.000Z,live|review|vlog,4414,190,20,44,https://i.ytimg.com/vi/No1eb--HFB4/default.jpg,False,False,False,Auto-generated sample description for Comedy video.
3FDlwo1nUON,24.01.06,Why This Sports Video Went Viral,Channel_1384,9,2024-05-31T01:00:00.000Z,live|2024|trending,9336,570,92,117,https://i.ytimg.com/vi/2x69kvbQu9i/default.jpg,False,False,False,Auto-generated sample description for Sports video.
McJcXcrinxU,24.30.05,Top 10 News & Politics Moments This Week,Channel_4565,17,2024-05-27T00:00:00.000Z,review|trending|live,13149,942,70,258,https://i.ytimg.com/vi/3gaXuchK2c2/default.jpg,False,True,False,Auto-generated sample description for News & Politics video.
Dd3B8iUQURj,24.13.04,Top 10 Music Moments This Week,Channel_2582,5,2024-04-09T22:00:00.000Z,vlog|2024|music,120646,3265,80,1310,https://i.ytimg.com/vi/qdObAekbABT/default.jpg,False,False,False,Auto-generated sample description for Music video.
hH8skqLsraM,24.09.01,Entertainment Compilation 2024,Channel_2595,18,2024-01-09T10:00:00.000Z,live|trending|vlog,4471,155,5,60,https://i.ytimg.com/vi/PRRo-FJxb8w/default.jpg,False,False,False,Auto-generated sample description for Entertainment video.
B85xUVtkozX,24.03.04,Top 10 Comedy Moments This Week,Channel_1311,10,2024-04-01T05:00:00.000Z,music|live|official,33965,1669,188,490,https://i.ytimg.com/vi/V2cw8-SP3yU/default.jpg,False,False,False,Auto-generated sample description for Comedy video.
N7Oi4YXXP-L,24.22.02,Reacting to Music Trends,Channel_1894,8,2024-02-21T13:00:00.000Z,official|vlog|live,459414,8348,4096,2489,https://i.ytimg.com/vi/dVzNSz8zyD2/default.jpg,False,False,False,Auto-generated sample description for Music video.
aFbak4l40HE,24.11.03,Official Music Highlights,Channel_2015,5,2024-03-08T08:00:00.000Z,music|trending|official,105451,1505,518,677,https://i.ytimg.com/vi/jFmjUTvXx4X/default.jpg,False,False,False,Auto-generated sample description for Music video.
4UzmNRWkE5y,24.09.12,Why This Music Video Went Viral,Channel_502,5,2024-12-07T22:00:00.000Z,vlog|trending|official,63111,2223,615,186,https://i.ytimg.com/vi/oTI1k3NbLZI/default.jpg,False,False,False,Auto-generated sample description for Music video.
p2IwOjdiRmm,24.24.12,Top 10 Comedy Moments This Week,Channel_2870,10,2024-12-22T09:00:00.000Z,trending|music|2024,7431,553,34,28,https://i.ytimg.com/vi/8Wx-Ka_LuE_/default.jpg,False,False,False,Auto-generated sample description for Comedy video.
13QAzu7WfTh,24.11.03,Behind the Scenes: Music,Channel_404,5,2024-03-09T14:00:00.000Z,official|2024|vlog,26534,1949,140,472,https://i.ytimg.com/vi/p21-0s2xRvx/default.jpg,False,False,False,Auto-generated sample description for Music video.
N08u5m8d5ge,24.02.10,Official Sports Highlights,Channel_1747,1,2024-09-29T06:00:00.000Z,official|trending|live,6909,171,8,38,https://i.ytimg.com/vi/n_QyEZkJTBK/default.jpg,False,False,False,Auto-generated sample description for Sports video.
Fweb5WUA7b2,25.14.01,Top 10 Music Moments This Week,Channel_1627,5,2025-01-13T17:00:00.000Z,music|2024|review,49148,2880,400,573,https://i.ytimg.com/vi/n2z8IxOr-Mj/default.jpg,False,False,False,Auto-generated sample description for Music video.
tI-nE55Hf44,24.26.07,Why This Film & Animation Video Went Viral,Channel_574,6,2024-07-22T20:00:00.000Z,live|review|vlog,3009,171,22,20,https://i.ytimg.com/vi/8Tu3urFv8RG/default.jpg,False,False,False,Auto-generated sample description for Film & Animation video.
Pvg_iJZp3nQ,24.18.01,Why This Entertainment Video Went Viral,Channel_3317,18,2024-01-16T21:00:00.000Z,trending|music|official,453142,19969,1650,6570,https://i.ytimg.com/vi/8V7Js6wCj1R/default.jpg,False,False,False,Auto-generated sample description for Entertainment video.
5P_ImmGL4Ik,24.07.10,Official Comedy Highlights,Channel_1108,10,2024-10-05T12:00:00.000Z,vlog|official|trending,23164,292,134,276,https://i.ytimg.com/vi/dVeVcUqJnKE/default.jpg,False,False,False,Auto-generated sample description for Comedy video.
Vi6i5XsjXBZ,24.08.11,Music Compilation 2024,Channel_2991,8,2024-11-05T02:00:00.000Z,vlog|review|2024,69872,1647,201,545,https://i.ytimg.com/vi/VldYAjWdIA9/default.jpg,False,False,False,Auto-generated sample description for Music video.
8rC5j7sw3mq,24.17.03,Entertainment Compilation 2024,Channel_814,18,2024-03-16T20:00:00.000Z,music|review|vlog,73340,954,227,547,https://i.ytimg.com/vi/yHtbPafDN1K/default.jpg,False,False,True,Auto-generated sample description for Entertainment video.
RvWXFJaIHf0,24.25.10,Music Compilation 2024,Channel_3294,8,2024-10-25T06:00:00.000Z,official|2024|vlog,182950,14560,532,2299,https://i.ytimg.com/vi/7SK0nlW536O/default.jpg,False,False,False,Auto-generated sample description for Music video.
NNOd4X8h8Df,24.20.01,Official Entertainment Highlights,Channel_3441,18,2024-01-16T19:00:00.000Z,trending|2024|vlog,26708,807,94,229,https://i.ytimg.com/vi/xuan5p1doHd/default.jpg,False,False,False,Auto-generated sample description for Entertainment video.
TztW0QUgn-7,24.28.08,Entertainment Compilation 2024,Channel_1581,18,2024-08-25T16:00:00.000Z,official|live|trending,208663,4754,2039,2795,https://i.ytimg.com/vi/mOUlgkLBUD3/default.jpg,False,False,False,Auto-generated sample description for Entertainment video.
4BXbKjqcrtA,24.06.01,Top 10 Entertainment Moments This Week,Channel_2141,12,2024-01-04T10:00:00.000Z,trending|review|vlog,19514,992,118,12,https://i.ytimg.com/vi/E5i68mNFOM1/default.jpg,False,False,False,Auto-generated sample description for Entertainment video.
Macw9lYJ_0v,24.08.09,Behind the Scenes: Sports,Channel_2330,9,2024-09-04T05:00:00.000Z,review|2024|music,67038,4202,406,405,https://i.ytimg.com/vi/_fMVkvlLfQq/default.jpg,False,False,False,Auto-generated sample description for Sports video.
XX1Kw9vpp7c,24.22.06,Behind the Scenes: People & Blogs,Channel_2291,15,2024-06-20T02:00:00.000Z,review|2024|music,3086,224,5,43,https://i.ytimg.com/vi/RIfs-4BVsxm/default.jpg,False,False,False,Auto-generated sample description for People & Blogs video.
WB-p9gs8-vr,24.04.06,Film & Animation Compilation 2024,Channel_1873,7,2024-06-04T09:00:00.000Z,live|music|vlog,1414,43,6,10,https://i.ytimg.com/vi/1lomfQJLoqJ/default.jpg,False,False,False,Auto-generated sample description for Film & Animation video.
p2d6HFN-y92,24.10.03,Top 10 Music Moments This Week,Channel_1232,8,2024-03-10T13:00:00.000Z,vlog|live|trending,365279,13714,2239,3608,https://i.ytimg.com/vi/Au18HFGeIPn/default.jpg,False,False,False,Auto-generated sample description for Music video.
fsa-m_WDhmU,24.17.05,Music Compilation 2024,Channel_353,5,2024-05-15T10:00:00.000Z,live|official|review,278346,14865,1789,1118,https://i.ytimg.com/vi/HVeceb6SHo8/default.jpg,False,False,False,Auto-generated sample description for Music video.
XmKMgCjBd0L,24.17.12,Official Music Highlights,Channel_4336,5,2024-12-17T21:00:00.000Z,music|trending|vlog,9887,611,8,148,https://i.ytimg.com/vi/897_ol-gJ1B/default.jpg,False,False,False,Auto-generated sample description for Music video.
BHbad0pBsQL,24.29.04,Official Music Highlights,Channel_734,5,2024-04-29T06:00:00.000Z,2024|live|trending,41601,892,154,330,https://i.ytimg.com/vi/A5_ncZWEDja/default.jpg,False,False,False,Auto-generated sample description for Music video.
PN4n8pbRre_,24.01.04,Top 10 News & Politics Moments This Week,Channel_1668,17,2024-03-29T13:00:00.000Z,live|music|2024,6099,308,38,65,https://i.ytimg.com/vi/PSLqV_bkSic/default.jpg,False,False,False,Auto-generated sample description for News & Politics video.
44acLCjUQLp,24.18.08,Top 10 Sports Moments This Week,Channel_2210,1,2024-08-15T15:00:00.000Z,live|trending|music,6256,495,37,80,https://i.ytimg.com/vi/zDgmTuSyl4n/default.jpg,False,False,True,Auto-generated sample description for Sports video.
oqnvUAxsrVk,25.21.01,Behind the Scenes: Music,Channel_4296,8,2025-01-20T08:00:00.000Z,live|trending|official,133691,2848,274,639,https://i.ytimg.com/vi/JDYR-vuNR8c/default.jpg,False,False,False,Auto-generated sample description for Music video.
QMWb2_Zylr9,24.20.03,Top 10 Music Moments This Week,Channel_2136,8,2024-03-16T19:00:00.000Z,trending|review|2024,21004,917,191,286,https://i.ytimg.com/vi/BcooSTxJCAw/default.jpg,False,False,False,Auto-generated sample description for Music video.
Cc4YsRtRpsV,24.11.12,Why This Music Video Went Viral,Channel_64,8,2024-12-09T15:00:00.000Z,vlog|review|music,119198,6145,820,1770,https://i.ytimg.com/vi/36Tm003iC3H/default.jpg,False,False,False,Auto-generated sample description for Music video.
92SggUWETa7,25.02.02,Behind the Scenes: News & Politics,Channel_1725,17,2025-01-31T02:00:00.000Z,vlog|2024|official,12349,446,16,181,https://i.ytimg.com/vi/igilMUr0HjC/default.jpg,False,False,False,Auto-generated sample description for News & Politics video.
SYAv7Kup0-S,24.30.04,Reacting to People & Blogs Trends,Channel_4735,15,2024-04-27T15:00:00.000Z,trending|music|review,24735,299,115,395,https://i.ytimg.com/vi/9lMiI_1HJlq/default.jpg,False,False,False,Auto-generated sample description for People & Blogs video.
qnvF6Ax_Gkb,24.14.07,Why This Entertainment Video Went Viral,Channel_3511,12,2024-07-11T04:00:00.000Z,live|vlog|music,4953,132,10,4,https://i.ytimg.com/vi/SaBK8AZUaYN/default.jpg,False,False,False,Auto-generated sample description for Entertainment video.
5_EiynBdA1U,24.01.05,Official Entertainment Highlights,Channel_3503,12,2024-04-28T01:00:00.000Z,2024|review|music,27255,1863,221,205,https://i.ytimg.com/vi/RG8xRhzR78K/default.jpg,False,False,False,Auto-generated sample description for Entertainment video.
8BbyXLk7zfJ,24.11.07,Top 10 People & Blogs Moments This Week,Channel_3117,15,2024-07-10T10:00:00.000Z,review|live|trending,3104,104,22,18,https://i.ytimg.com/vi/nEovEf6Q1nZ/default.jpg,False,False,False,Auto-generated sample description for People & Blogs video.
xiaq9PARPfa,24.08.02,Why This Music Video Went Viral,Channel_143,8,2024-02-05T09:00:00.000Z,music|review|official,34059,2026,185,476,https://i.ytimg.com/vi/ah34udxQ-SK/default.jpg,False,False,False,Auto-generated sample description for Music video.
-bUsUL0-iSJ,24.15.06,Why This Music Video Went Viral,Channel_1322,8,2024-06-15T16:00:00.000Z,live|trending|vlog,29394,1763,160,234,https://i.ytimg.com/vi/VYrN2M3IfWh/default.jpg,False,False,False,Auto-generated sample description for Music video.
CJO6oTVMA96,24.30.05,Behind the Scenes: Music,Channel_4674,5,2024-05-29T10:00:00.000Z,music|official|vlog,2919,40,5,47,https://i.ytimg.com/vi/ZOwQJd9tyfy/default.jpg,False,False,False,Auto-generated sample description for Music video.
it7Ilyg6Kwk,24.30.10,Why This Music Video Went Viral,Channel_4131,5,2024-10-27T02:00:00.000Z,music|vlog|review,18146,954,127,76,https://i.ytimg.com/vi/Hyo5bic0890/default.jpg,False,False,False,Auto-generated sample description for Music video.
1mXyjskhbEE,25.21.01,Behind the Scenes: Entertainment,Channel_3542,18,2025-01-18T19:00:00.000Z,official|2024|trending,12662,935,104,214,https://i.ytimg.com/vi/t2WFa20Z5Up/default.jpg,False,False,False,Auto-generated sample description for Entertainment video.
nUO8axqO6Ub,24.15.10,Behind the Scenes: Entertainment,Channel_102,12,2024-10-15T05:00:00.000Z,live|trending|music,14193,892,92,273,https://i.ytimg.com/vi/EL492H6x8_Z/default.jpg,False,False,False,Auto-generated sample description for Entertainment video.
k_eiC3VT0BR,24.07.04,Why This Music Video Went Viral,Channel_1864,8,2024-04-03T06:00:00.000Z,music|official|review,57689,2515,386,270,https://i.ytimg.com/vi/rPUOSK0DtWp/default.jpg,False,False,False,Auto-generated sample description for Music video.
G8hBJARnvPV,24.26.09,Behind the Scenes: Sports,Channel_756,1,2024-09-26T19:00:00.000Z,music|review|vlog,1170,18,6,0,https://i.ytimg.com/vi/v1hIPk5hkVl/default.jpg,False,False,False,Auto-generated sample description for Sports video.
GZIWv9vT_F5,24.01.04,Reacting to Entertainment Trends,Channel_2108,12,2024-03-31T04:00:00.000Z,trending|live|music,10638,612,15,52,https://i.ytimg.com/vi/DgfunjTxxQ9/default.jpg,False,False,False,Auto-generated sample description for Entertainment video.
EVUiYiqWbo7,24.29.07,Entertainment Compilation 2024,Channel_1135,18,2024-07-25T15:00:00.000Z,live|review|vlog,71146,1827,661,798,https://i.ytimg.com/vi/12uZfYZ1ELn/default.jpg,False,False,False,Auto-generated sample description for Entertainment video.
BHmfxKc8GI_,24.04.03,Top 10 Entertainment Moments This Week,Channel_728,18,2024-03-01T03:00:00.000Z,vlog|official|2024,261574,2664,1120,1043,https://i.ytimg.com/vi/_EDQ0Ehryho/default.jpg,True,False,False,Auto-generated sample description for Entertainment video.
Xs2hPXhvOz4,24.19.06,Official Entertainment Highlights,Channel_3093,12,2024-06-19T15:00:00.000Z,official|review|2024,143284,9825,1096,1215,https://i.ytimg.com/vi/id06iB1n5jA/default.jpg,False,False,False,Auto-generated sample description for Entertainment video.
M_7hzls7thv,24.11.04,Reacting to Entertainment Trends,Channel_4202,12,2024-04-08T08:00:00.000Z,music|vlog|live,31139,704,69,349,https://i.ytimg.com/vi/IoIY7SgEv2D/default.jpg,False,False,False,Auto-generated sample description for Entertainment video.
K4aktl6uvJk,24.17.07,Gaming Compilation 2024,Channel_2373,4,2024-07-14T09:00:00.000Z,review|official|trending,59917,1983,58,61,https://i.ytimg.com/vi/ktGzQLPqXBT/default.jpg,False,False,False,Auto-generated sample description for Gaming video.
c2XOTt4ZWUL,24.11.12,Official Gaming Highlights,Channel_2979,2,2024-12-09T19:00:00.000Z,2024|review|trending,6925,481,17,50,https://i.ytimg.com/vi/i-aWYizeBrB/default.jpg,False,False,False,Auto-generated sample description for Gaming video.
Y9xDlVIKa3N,24.17.03,Top 10 Music Moments This Week,Channel_333,5,2024-03-14T11:00:00.000Z,review|official|trending,513895,26379,3975,2885,https://i.ytimg.com/vi/8BXVFdBCD7X/default.jpg,False,False,False,Auto-generated sample description for Music video.
wXJ8zgF4CUd,24.21.09,Why This Comedy Video Went Viral,Channel_253,10,2024-09-20T01:00:00.000Z,trending|vlog|live,16207,433,141,283,https://i.ytimg.com/vi/FOzJtrEXooP/default.jpg,False,False,False,Auto-generated sample description for Comedy video.
YprK8_2A3la,24.23.12,Official Entertainment Highlights,Channel_3729,18,2024-12-19T08:00:00.000Z,official|live|vlog,754,48,3,4,https://i.ytimg.com/vi/T5aboKH6yeZ/default.jpg,False,False,False,Auto-generated sample description for Entertainment video.
n89FDZB6w5w,25.26.01,Behind the Scenes: Entertainment,Channel_3426,18,2025-01-24T16:00:00.000Z,music|official|review,28678,1519,48,163,https://i.ytimg.com/vi/X9Qt7-j-leK/default.jpg,False,False,False,Auto-generated sample description for Entertainment video.
movsxwCZbrR,24.06.06,Film & Animation Compilation 2024,Channel_3384,6,2024-06-03T09:00:00.000Z,review|vlog|trending,5827,94,46,11,https://i.ytimg.com/vi/GkvaeA-S6Lw/default.jpg,False,False,False,Auto-generated sample description for Film & Animation video.
hs0yY3oyXiO,24.30.07,Official Music Highlights,Channel_1936,8,2024-07-26T06:00:00.000Z,live|2024|vlog,28650,2213,231,550,https://i.ytimg.com/vi/WUZIsd-sdKj/default.jpg,False,False,False,Auto-generated sample description for Music video.
odLhWMoJcXo,24.10.11,Behind the Scenes: Film & Animation,Channel_390,6,2024-11-07T15:00:00.000Z,trending|vlog|live,1878,140,2,30,https://i.ytimg.com/vi/yFVhN7mkxNw/default.jpg,False,False,False,Auto-generated sample description for Film & Animation video.
ZrxYVJP97vK,24.09.07,Official Sports Highlights,Channel_2594,9,2024-07-08T01:00:00.000Z,trending|review|vlog,98286,3552,363,1930,https://i.ytimg.com/vi/UtfRUnVuloL/default.jpg,False,False,False,Auto-generated sample description for Sports video.
HEp5ZGqXdjD,24.05.10,Why This People & Blogs Video Went Viral,Channel_4342,15,2024-10-02T09:00:00.000Z,2024|review|trending,36924,2673,343,122,https://i.ytimg.com/vi/Sv-CI-uJWTU/default.jpg,False,False,False,Auto-generated sample description for People & Blogs video.
QhHNazL6S_i,24.02.07,Top 10 People & Blogs Moments This Week,Channel_3453,13,2024-07-01T06:00:00.000Z,trending|live|music,3292,93,17,22,https://i.ytimg.com/vi/AmFF8qaB6ye/default.jpg,False,False,False,Auto-generated sample description for People & Blogs video.
mjrARx5XnC9,25.06.01,Entertainment Compilation 2024,Channel_4254,18,2025-01-03T08:00:00.000Z,review|2024|trending,49399,1525,295,602,https://i.ytimg.com/vi/LlLDbwEKcaK/default.jpg,False,False,False,Auto-generated sample description for Entertainment video.
exmze3ll-ov,24.11.11,Reacting to Sports Trends,Channel_2759,9,2024-11-11T01:00:00.000Z,2024|vlog|official,89641,3822,708,1739,https://i.ytimg.com/vi/_EkUZivbby_/default.jpg,False,False,False,Auto-generated sample description for Sports video.
fy0DPgf7iOl,24.01.07,Official Entertainment Highlights,Channel_2506,12,2024-06-28T09:00:00.000Z,2024|live|music,101140,5869,695,321,https://i.ytimg.com/vi/CxuZ1VaW2ww/default.jpg,False,False,False,Auto-generated sample description for Entertainment video.
YD_-5Vc-5eQ,24.26.09,Top 10 Entertainment Moments This Week,Channel_2372,18,2024-09-24T10:00:00.000Z,music|trending|official,27641,736,170,58,https://i.ytimg.com/vi/qKd5mQL9xSc/default.jpg,False,False,False,Auto-generated sample description for Entertainment video.
wXLesUQnexo,24.26.10,Why This Entertainment Video Went Viral,Channel_2400,12,2024-10-23T06:00:00.000Z,music|review|2024,20264,459,50,366,https://i.ytimg.com/vi/Xy9pUniCfvf/default.jpg,False,False,False,Auto-generated sample description for Entertainment video.
HJKmV1PBY2K,24.03.09,Music Compilation 2024,Channel_3570,5,2024-09-01T07:00:00.000Z,vlog|review|trending,5327,283,42,7,https://i.ytimg.com/vi/mUMbEjVJGDi/default.jpg,False,False,False,Auto-generated sample description for Music video.
AsQ_fUQeCgX,24.15.04,Film & Animation Compilation 2024,Channel_218,7,2024-04-12T08:00:00.000Z,review|live|music,56490,4286,348,960,https://i.ytimg.com/vi/u8FueG7YfEd/default.jpg,False,False,False,Auto-generated sample description for Film & Animation video.
p05QwUmytoA,24.12.02,Reacting to Gaming Trends,Channel_4524,2,2024-02-11T09:00:00.000Z,2024|live|vlog,67384,5390,456,1212,https://i.ytimg.com/vi/32L468YS2gy/default.jpg,False,False,False,Auto-generated sample description for Gaming video.
WYz5wZi7H7t,24.10.12,Behind the Scenes: Gaming,Channel_2610,4,2024-12-06T22:00:00.000Z,trending|review|music,5827,117,44,74,https://i.ytimg.com/vi/47d57-mWDGD/default.jpg,False,False,False,Auto-generated sample description for Gaming video.
143B42XTN-5,24.24.04,Official Music Highlights,Channel_1109,8,2024-04-22T18:00:00.000Z,official|trending|vlog,50075,3424,275,662,https://i.ytimg.com/vi/qcA1kMTd_AZ/default.jpg,False,False,False,Auto-generated sample description for Music video.
PZ0KrG_8NgW,24.09.02,Behind the Scenes: Entertainment,Channel_4485,12,2024-02-06T21:00:00.000Z,2024|official|live,11697,466,74,29,https://i.ytimg.com/vi/nwLlgHMGMpm/default.jpg,False,True,False,Auto-generated sample description for Entertainment video.
KsKxAcs2Khf,24.28.06,Reacting to Music Trends,Channel_4319,5,2024-06-28T19:00:00.000Z,trending|vlog|official,20888,1082,165,254,https://i.ytimg.com/vi/00wLMaX4asK/default.jpg,True,False,False,Auto-generated sample description for Music video.
6So9wiKo5Ol,24.09.03,Film & Animation Compilation 2024,Channel_303,7,2024-03-05T22:00:00.000Z,2024|live|music,7043,303,46,43,https://i.ytimg.com/vi/TqHcu07MVA5/default.jpg,False,False,False,Auto-generated sample description for Film & Animation video.
I3R5ddsQG-E,24.02.06,Top 10 Music Moments This Week,Channel_4758,8,2024-06-01T07:00:00.000Z,2024|review|official,24879,1587,27,317,https://i.ytimg.com/vi/eKMK9DI_SvL/default.jpg,False,False,False,Auto-generated sample description for Music video.
UOOQ3gylip8,25.07.01,Why This News & Politics Video Went Viral,Channel_1304,17,2025-01-07T08:00:00.000Z,vlog|review|live,20371,402,33,292,https://i.ytimg.com/vi/oNyQQgKhN7L/default.jpg,False,False,False,Auto-generated sample description for News & Politics video.
ADqKR_OeCQb,24.26.03,Official Music Highlights,Channel_7,5,2024-03-23T17:00:00.000Z,trending|vlog|2024,24429,1521,93,327,https://i.ytimg.com/vi/UkIv1LexSKI/default.jpg,False,False,False,Auto-generated sample description for Music video.
0EGTxZSjLct,24.18.08,Official Sports Highlights,Channel_3975,1,2024-08-14T09:00:00.000Z,official|music|review,229850,17293,1256,1100,https://i.ytimg.com/vi/1BOiUEjmRRT/default.jpg,False,False,False,Auto-generated sample description for Sports video.
3cKNCR41tUx,24.18.03,Behind the Scenes: Entertainment,Channel_1046,12,2024-03-14T01:00:00.000Z,live|official|trending,68619,4943,518,944,https://i.ytimg.com/vi/vjcOog1ZjFt/default.jpg,False,False,False,Auto-generated sample description for Entertainment video.
ZXH-yQBvTQG,25.03.02,Why This Sports Video Went Viral,Channel_2996,9,2025-02-02T16:00:00.000Z,official|live|review,59266,4597,320,713,https://i.ytimg.com/vi/rCRnogfg3R9/default.jpg,False,False,False,Auto-generated sample description for Sports video.
kZzxM041R9Y,25.05.02,Top 10 Sports Moments This Week,Channel_4890,1,2025-02-01T21:00:00.000Z,vlog|review|music,4359,133,23,22,https://i.ytimg.com/vi/jW_R9-TPN1Z/default.jpg,False,False,False,Auto-generated sample description for Sports video.
0GENsUxxvoE,24.17.11,Reacting to People & Blogs Trends,Channel_3874,13,2024-11-17T01:00:00.000Z,live|trending|music,14424,879,42,116,https://i.ytimg.com/vi/FLhNJ5ukmMQ/default.jpg,False,False,False,Auto-generated sample description for People & Blogs video.
fCMIFm9dMBb,24.31.12,Why This Music Video Went Viral,Channel_3740,8,2024-12-27T02:00:00.000Z,official|trending|vlog,112420,7219,465,1535,https://i.ytimg.com/vi/HqoB6sSu72R/default.jpg,False,False,False,Auto-generated sample description for Music video.
ZsU800Y657E,24.13.11,Top 10 Comedy Moments This Week,Channel_4301,10,2024-11-13T12:00:00.000Z,music|vlog|live,63298,2504,62,505,https://i.ytimg.com/vi/W3-dWgdugtO/default.jpg,False,False,False,Auto-generated sample description for Comedy video.
E_t9zDer1Is,25.27.01,Entertainment Compilation 2024,Channel_3034,12,2025-01-24T05:00:00.000Z,vlog|music|live,125842,8725,580,297,https://i.ytimg.com/vi/KCcmJxKD-HH/default.jpg,False,False,False,Auto-generated sample description for Entertainment video.
uHPhbCnozdt,24.29.10,Gaming Compilation 2024,Channel_574,2,2024-10-26T07:00:00.000Z,live|official|vlog,15312,428,56,264,https://i.ytimg.com/vi/MjpQLIHGneI/default.jpg,False,False,False,Auto-generated sample description for Gaming video.
c4mMsdqpb2H,24.10.03,Music Compilation 2024,Channel_3963,5,2024-03-07T18:00:00.000Z,official|live|trending,26110,1196,139,272,https://i.ytimg.com/vi/dQWcB-BERzB/default.jpg,False,False,False,Auto-generated sample description for Music video.
qPbffx4J6wu,25.16.01,Why This Music Video Went Viral,Channel_4345,8,2025-01-12T13:00:00.000Z,2024|live|review,3743,251,29,58,https://i.ytimg.com/vi/fL57j4DFt2V/default.jpg,False,False,False,Auto-generated sample description for Music video.
VGlt_WAJPnp,24.11.02,Reacting to Music Trends,Channel_3506,5,2024-02-11T12:00:00.000Z,official|review|trending,21651,626,127,318,https://i.ytimg.com/vi/nd6uMBvOMfk/default.jpg,False,False,False,Auto-generated sample description for Music video.
rIcwRt-94X8,24.11.09,Behind the Scenes: Gaming,Channel_3337,4,2024-09-11T06:00:00.000Z,2024|official|review,163921,7220,559,2546,https://i.ytimg.com/vi/2b3ju6fMKeG/default.jpg,False,False,False,Auto-generated sample description for Gaming video.
4uxDE_s7XDO,24.27.01,Why This Film & Animation Video Went Viral,Channel_3830,7,2024-01-23T10:00:00.000Z,review|vlog|official,9000,417,69,110,https://i.ytimg.com/vi/Q-U_7U82GaX/default.jpg,False,False,False,Auto-generated sample description for Film & Animation video.
b3mliuKfFjj,24.04.07,Why This Music Video Went Viral,Channel_4695,8,2024-07-01T08:00:00.000Z,trending|live|music,68294,4232,218,63,https://i.ytimg.com/vi/3qJqRMvPGf0/default.jpg,False,False,False,Auto-generated sample description for Music video.
b_zzlHrLpz4,24.15.12,Official News & Politics Highlights,Channel_4728,17,2024-12-12T09:00:00.000Z,trending|review|live,21443,1600,160,416,https://i.ytimg.com/vi/rLSZIikA5zn/default.jpg,False,False,False,Auto-generated sample description for News & Politics video.
Y7uOS_kCnSD,24.24.06,Top 10 Comedy Moments This Week,Channel_346,10,2024-06-23T14:00:00.000Z,2024|music|review,1312,31,0,8,https://i.ytimg.com/vi/eI9_c_CXbSv/default.jpg,False,False,False,Auto-generated sample description for Comedy video.
4lAJ06RQu14,24.17.11,Reacting to Entertainment Trends,Channel_1132,18,2024-11-15T21:00:00.000Z,review|trending|official,100425,5564,836,494,https://i.ytimg.com/vi/Y-zPKR9fmLB/default.jpg,False,False,False,Auto-generated sample description for Entertainment video.
APTVnTvJXAW,24.08.01,Music Compilation 2024,Channel_2880,8,2024-01-08T19:00:00.000Z,music|2024|review,83703,895,606,1465,https://i.ytimg.com/vi/_v5HmWc3Zd1/default.jpg,False,False,False,Auto-generated sample description for Music video.
pRBIWYgr3nG,24.04.09,Music Compilation 2024,Channel_1509,8,2024-09-01T00:00:00.000Z,live|vlog|music,290335,13916,1166,5474,https://i.ytimg.com/vi/NXei55um_gt/default.jpg,False,False,False,Auto-generated sample description for Music video.
8aZDV3MFYmJ,24.30.07,Behind the Scenes: Film & Animation,Channel_3211,6,2024-07-28T12:00:00.000Z,music|trending|live,30893,2305,64,309,https://i.ytimg.com/vi/1FMxdf7qqz9/default.jpg,False,False,False,Auto-generated sample description for Film & Animation video.
e9O4xLNhHUB,24.18.01,Official Gaming Highlights,Channel_987,2,2024-01-15T19:00:00.000Z,2024|official|review,6451,386,12,102,https://i.ytimg.com/vi/9Fi58tfZCGN/default.jpg,False,False,False,Auto-generated sample description for Gaming video.
NyJNwHEj6_L,25.25.01,Official Music Highlights,Channel_1392,5,2025-01-22T00:00:00.000Z,vlog|2024|review,15731,484,134,219,https://i.ytimg.com/vi/HpX1kLs8Zax/default.jpg,False,False,False,Auto-generated sample description for Music video.
_ezCpVdJVkI,24.20.12,Official Gaming Highlights,Channel_468,2,2024-12-17T07:00:00.000Z,official|live|2024,735,58,3,4,https://i.ytimg.com/vi/_FIQIZeMmZR/default.jpg,False,False,False,Auto-generated sample description for Gaming video.
dLGTWtzS7SP,24.24.11,Top 10 Entertainment Moments This Week,Channel_834,12,2024-11-24T01:00:00.000Z,music|review|vlog,7542,574,41,50,https://i.ytimg.com/vi/Q_hmcuLvUf7/default.jpg,False,False,False,Auto-generated sample description for Entertainment video.
_LrUM7bfe2w,24.15.04,Official Music Highlights,Channel_4442,8,2024-04-11T22:00:00.000Z,music|official|trending,146272,4774,318,1747,https://i.ytimg.com/vi/pg4d1EeeeCO/default.jpg,False,False,False,Auto-generated sample description for Music video.
NGyudxMYrzg,24.29.09,Reacting to Sports Trends,Channel_20,1,2024-09-26T20:00:00.000Z,vlog|live|trending,19255,1316,171,136,https://i.ytimg.com/vi/EpH6Z7rFgC6/default.jpg,False,False,False,Auto-generated sample description for Sports video.
EGR7wJdVSQN,25.09.01,Reacting to Entertainment Trends,Channel_3876,12,2025-01-09T13:00:00.000Z,music|official|live,68880,3107,214,1209,https://i.ytimg.com/vi/4QRk5jYDf5R/default.jpg,False,False,False,Auto-generated sample description for Entertainment video.
wyaXWdOByAH,24.21.05,Top 10 Music Moments This Week,Channel_1519,5,2024-05-17T16:00:00.000Z,music|official|review,7161,166,39,141,https://i.ytimg.com/vi/XEwrVcv5gw9/default.jpg,False,False,False,Auto-generated sample description for Music video.
zZZ9syt2BbB,24.30.04,Reacting to Entertainment Trends,Channel_870,18,2024-04-28T01:00:00.000Z,2024|review|vlog,99338,2033,273,482,https://i.ytimg.com/vi/P-15Xv__RDd/default.jpg,False,False,True,Auto-generated sample description for Entertainment video.
eIulORU1Y80,24.10.02,Why This People & Blogs Video Went Viral,Channel_2078,15,2024-02-09T05:00:00.000Z,review|trending|vlog,57639,1628,379,642,https://i.ytimg.com/vi/MM-pQTTxq55/default.jpg,False,False,False,Auto-generated sample description for People & Blogs video.
RAHz9MGPb_v,24.20.04,Why This Film & Animation Video Went Viral,Channel_429,6,2024-04-17T00:00:00.000Z,music|official|trending,3185,171,10,9,https://i.ytimg.com/vi/tZl07j1hKxw/default.jpg,False,False,False,Auto-generated sample description for Film & Animation video.
ZeobJo2EBgl,24.19.02,Reacting to Music Trends,Channel_2035,5,2024-02-16T13:00:00.000Z,music|vlog|2024,17994,1024,114,113,https://i.ytimg.com/vi/HEKJmPyXGor/default.jpg,False,False,False,Auto-generated sample description for Music video.
tp03uHTOVYm,24.31.10,Entertainment Compilation 2024,Channel_828,18,2024-10-31T21:00:00.000Z,review|trending|live,139419,8484,942,2310,https://i.ytimg.com/vi/1M-lxuYtGMw/default.jpg,False,False,False,Auto-generated sample description for Entertainment video.
mW-V7kYSFWm,24.27.10,Why This People & Blogs Video Went Viral,Channel_17,15,2024-10-25T12:00:00.000Z,2024|music|official,15619,790,67,111,https://i.ytimg.com/vi/MSSXB2WiXEs/default.jpg,False,False,False,Auto-generated sample description for People & Blogs video.
gMjXvi8GktJ,24.09.04,Behind the Scenes: Entertainment,Channel_1586,18,2024-04-05T12:00:00.000Z,vlog|trending|2024,15785,667,99,94,https://i.ytimg.com/vi/hUv1ImnH-Bs/default.jpg,False,False,False,Auto-generated sample description for Entertainment video.
0Xpzf08TMl6,24.05.10,Why This Sports Video Went Viral,Channel_2288,1,2024-10-04T07:00:00.000Z,review|vlog|official,305011,9649,320,2087,https://i.ytimg.com/vi/WfNqF5DkV09/default.jpg,False,False,False,Auto-generated sample description for Sports video.
gjjdbn9bIuV,24.22.07,Top 10 Comedy Moments This Week,Channel_3254,10,2024-07-22T03:00:00.000Z,vlog|2024|live,60573,2077,340,1133,https://i.ytimg.com/vi/qdSMSR-i2bq/default.jpg,False,False,False,Auto-generated sample description for Comedy video.
gMOJq-KN9Bh,24.11.03,Music Compilation 2024,Channel_4357,5,2024-03-07T05:00:00.000Z,live|review|trending,31558,2272,91,399,https://i.ytimg.com/vi/ZhoxZV4Dmse/default.jpg,False,False,False,Auto-generated sample description for Music video.
ZrjYrXCrrsB,24.03.12,Top 10 Music Moments This Week,Channel_305,8,2024-11-29T15:00:00.000Z,music|2024|official,112158,2758,614,1917,https://i.ytimg.com/vi/Js5Mx_dtEIq/default.jpg,False,False,False,Auto-generated sample description for Music video.
hDGxREuzSpT,24.30.12,Reacting to Nonprofits & Activism Trends,Channel_1483,3,2024-12-28T08:00:00.000Z,review|official|2024,5179,401,34,62,https://i.ytimg.com/vi/0lVNcuYR1_R/default.jpg,False,False,False,Auto-generated sample description for Nonprofits & Activism video.
w1AreYSo0Rs,24.03.12,Why This Entertainment Video Went Viral,Channel_484,12,2024-12-01T11:00:00.000Z,official|review|trending,6353,498,28,76,https://i.ytimg.com/vi/EDrN-iQsjy3/default.jpg,False,False,False,Auto-generated sample description for Entertainment video.
IeowA1_qVGZ,24.06.11,Reacting to Sports Trends,Channel_3248,9,2024-11-06T03:00:00.000Z,vlog|music|trending,47190,1172,172,393,https://i.ytimg.com/vi/NTqLRE5uJst/default.jpg,False,False,False,Auto-generated sample description for Sports video.
-nvCAb18V0R,24.03.12,Science & Technology Compilation 2024,Channel_2018,14,2024-11-29T08:00:00.000Z,2024|official|trending,4559,48,42,25,https://i.ytimg.com/vi/w9_mQ2K4LXK/default.jpg,False,False,False,Auto-generated sample description for Science & Technology video.
xYYYXlosmGC,24.27.01,Gaming Compilation 2024,Channel_3836,4,2024-01-26T10:00:00.000Z,trending|2024|vlog,12368,957,61,178,https://i.ytimg.com/vi/Zb5WFSB4phA/default.jpg,False,False,False,Auto-generated sample description for Gaming video.
a-eG6dY_4FH,24.18.02,Reacting to Entertainment Trends,Channel_4063,18,2024-02-16T15:00:00.000Z,2024|live|trending,21990,1039,144,119,https://i.ytimg.com/vi/fMKd3Jjzv9p/default.jpg,False,False,False,Auto-generated sample description for Entertainment video.
AmNnHYGq0bG,24.27.01,Why This Music Video Went Viral,Channel_4447,8,2024-01-25T15:00:00.000Z,trending|official|review,65538,5077,106,855,https://i.ytimg.com/vi/3kurAFJCliH/default.jpg,False,False,False,Auto-generated sample description for Music video.
Bz8r1KOzy9B,24.11.04,Official Entertainment Highlights,Channel_743,18,2024-04-10T13:00:00.000Z,music|trending|review,168111,10516,294,984,https://i.ytimg.com/vi/IREI6rwYXjg/default.jpg,False,False,False,Auto-generated sample description for Entertainment video.
PE7Xh34Gh-N,25.05.01,Top 10 Entertainment Moments This Week,Channel_891,12,2025-01-04T22:00:00.000Z,vlog|music|live,33724,1380,204,247,https://i.ytimg.com/vi/TgG3ElmyM4Z/default.jpg,False,False,False,Auto-generated sample description for Entertainment video.
EuKH9CicJGM,24.04.06,Why This Gaming Video Went Viral,Channel_2269,4,2024-05-31T18:00:00.000Z,2024|official|music,4372,286,11,50,https://i.ytimg.com/vi/KBTEHJ3vTqK/default.jpg,False,False,False,Auto-generated sample description for Gaming video.
do6wWTVI3tq,24.11.07,Official People & Blogs Highlights,Channel_169,13,2024-07-07T12:00:00.000Z,trending|music|vlog,2001,108,14,20,https://i.ytimg.com/vi/pulK6Ltn1pg/default.jpg,False,False,False,Auto-generated sample description for People & Blogs video.
VBje6pTtPZy,24.21.09,Official Comedy Highlights,Channel_2854,10,2024-09-20T08:00:00.000Z,2024|music|review,10039,201,18,86,https://i.ytimg.com/vi/QWp_SBhD2up/default.jpg,False,False,False,Auto-generated sample description for Comedy video.
JQvSKF4tnwE,24.30.06,Official Music Highlights,Channel_1458,5,2024-06-29T13:00:00.000Z,review|official|2024,79177,5603,397,1148,https://i.ytimg.com/vi/FUUSLgdXxE8/default.jpg,False,False,False,Auto-generated sample description for Music video.
09ZNI0qtiRo,24.20.04,Reacting to Music Trends,Channel_510,5,2024-04-16T00:00:00.000Z,official|live|vlog,1432602,78761,6728,21930,https://i.ytimg.com/vi/JbNAsksMZSw/default.jpg,False,False,False,Auto-generated sample description for Music video.
mamw2XOOgi9,24.24.10,Behind the Scenes: Entertainment,Channel_2379,18,2024-10-20T07:00:00.000Z,live|official|trending,166431,4601,835,892,https://i.ytimg.com/vi/5OSdFfDJ6dK/default.jpg,False,False,False,Auto-generated sample description for Entertainment video.
3ZI1c3QVKud,24.02.01,Top 10 Entertainment Moments This Week,Channel_3080,18,2024-01-02T05:00:00.000Z,music|official|trending,76087,2688,427,42,https://i.ytimg.com/vi/JMbZOWzbvfL/default.jpg,False,False,False,Auto-generated sample description for Entertainment video.
d_ayBfj9O8R,24.04.09,Reacting to Comedy Trends,Channel_1279,10,2024-09-02T02:00:00.000Z,review|2024|vlog,12053,856,53,127,https://i.ytimg.com/vi/-KAZIeFKBP7/default.jpg,False,False,False,Auto-generated sample description for Comedy video.
byojR5PtJml,24.08.08,Why This Music Video Went Viral,Channel_1241,5,2024-08-07T19:00:00.000Z,music|review|trending,202594,4974,263,1209,https://i.ytimg.com/vi/SqCokmo4Wl7/default.jpg,False,False,False,Auto-generated sample description for Music video.
maqCLTdTmr6,24.12.05,Why This Music Video Went Viral,Channel_3336,8,2024-05-12T04:00:00.000Z,live|vlog|official,213961,7277,1816,2065,https://i.ytimg.com/vi/Osvd1pOMZFk/default.jpg,False,False,False,Auto-generated sample description for Music video.
1lo9UkVhPnc,25.17.01,Music Compilation 2024,Channel_3569,5,2025-01-16T05:00:00.000Z,vlog|2024|official,138655,6107,164,2519,https://i.ytimg.com/vi/FAFkzUgBxst/default.jpg,True,False,False,Auto-generated sample description for Music video.
4CP0k_mHfHR,24.05.11,Reacting to Howto & Style Trends,Channel_2229,11,2024-11-04T08:00:00.000Z,music|trending|live,26889,298,96,238,https://i.ytimg.com/vi/PVNqIUvD6be/default.jpg,False,False,False,Auto-generated sample description for Howto & Style video.
HuRG1A40SvA,24.23.09,Behind the Scenes: Music,Channel_1167,8,2024-09-20T07:00:00.000Z,review|official|vlog,344203,23905,477,1128,https://i.ytimg.com/vi/tYaFmQXY0oH/default.jpg,False,False,False,Auto-generated sample description for Music video.
ev_J2r3Ucef,24.14.03,Behind the Scenes: Music,Channel_3414,8,2024-03-12T04:00:00.000Z,vlog|trending|review,58924,3905,209,414,https://i.ytimg.com/vi/6F4VGtkArzw/default.jpg,False,False,False,Auto-generated sample description for Music video.
KaSFA2r919H,24.20.11,Why This Science & Technology Video Went Viral,Channel_3248,14,2024-11-17T00:00:00.000Z,vlog|trending|music,2215,149,14,19,https://i.ytimg.com/vi/VI2V7HKy6OC/default.jpg,False,True,False,Auto-generated sample description for Science & Technology video.
VBPUVfQMudY,24.20.05,Entertainment Compilation 2024,Channel_3304,18,2024-05-18T14:00:00.000Z,trending|review|live,104251,2654,683,2057,https://i.ytimg.com/vi/1K4aUqtgg28/default.jpg,False,False,False,Auto-generated sample description for Entertainment video.
BaOewexEinO,24.07.11,Why This Music Video Went Viral,Channel_4866,5,2024-11-05T07:00:00.000Z,vlog|live|official,55127,1736,147,280,https://i.ytimg.com/vi/UkGJErs12Ot/default.jpg,False,False,False,Auto-generated sample description for Music video.
tB-N63HxQCp,24.24.07,Reacting to Music Trends,Channel_733,8,2024-07-21T15:00:00.000Z,vlog|2024|review,16296,405,99,193,https://i.ytimg.com/vi/6t4Dw7-UG1o/default.jpg,False,False,False,Auto-generated sample description for Music video.
OSIOiUksIdu,24.24.03,Reacting to Sports Trends,Channel_4980,9,2024-03-24T11:00:00.000Z,official|review|trending,133391,1852,408,1188,https://i.ytimg.com/vi/9hEoke1oK15/default.jpg,False,False,False,Auto-generated sample description for Sports video.
2GHCVZKNiMS,25.19.01,Top 10 Music Moments This Week,Channel_2641,5,2025-01-15T15:00:00.000Z,review|vlog|2024,401300,13887,3857,7061,https://i.ytimg.com/vi/EskIgiUor_o/default.jpg,True,False,False,Auto-generated sample description for Music video.
D3KDylb0ZCI,24.30.03,Official Music Highlights,Channel_2992,8,2024-03-26T15:00:00.000Z,review|live|vlog,5280,249,39,52,https://i.ytimg.com/vi/EEkPGK00yab/default.jpg,False,False,False,Auto-generated sample description for Music video.
yD12llAZBxe,24.07.11,Behind the Scenes: Gaming,Channel_4842,2,2024-11-06T11:00:00.000Z,music|live|2024,11073,303,9,28,https://i.ytimg.com/vi/WKe_wyBJlEC/default.jpg,False,False,False,Auto-generated sample description for Gaming video.
YLV31DxeOMC,24.18.10,Behind the Scenes: Sports,Channel_1777,1,2024-10-14T22:00:00.000Z,music|2024|review,5518,223,44,90,https://i.ytimg.com/vi/t_Ra77Z96G6/default.jpg,False,False,False,Auto-generated sample description for Sports video.
Y8jubqiqn8W,24.29.06,Why This People & Blogs Video Went Viral,Channel_3521,13,2024-06-26T19:00:00.000Z,trending|2024|live,10870,370,103,144,https://i.ytimg.com/vi/HOShAWQVueI/default.jpg,False,False,False,Auto-generated sample description for People & Blogs video.
kR1QnTgydLY,25.02.01,Reacting to Music Trends,Channel_1199,8,2025-01-02T18:00:00.000Z,music|2024|review,359129,10410,3083,6109,https://i.ytimg.com/vi/evN7CXllRjN/default.jpg,False,False,False,Auto-generated sample description for Music video.
6IqIC3m9zXp,24.23.02,Top 10 Entertainment Moments This Week,Channel_306,12,2024-02-19T11:00:00.000Z,review|vlog|2024,29767,981,87,476,https://i.ytimg.com/vi/sQbyBmx1vUT/default.jpg,False,False,False,Auto-generated sample description for Entertainment video.
cblEA8fkXRc,24.27.08,Gaming Compilation 2024,Channel_1301,2,2024-08-25T19:00:00.000Z,music|2024|vlog,9118,261,7,78,https://i.ytimg.com/vi/ktdjLu0MHJg/default.jpg,False,False,False,Auto-generated sample description for Gaming video.
pdXaKH4rD-c,24.12.01,Behind the Scenes: Entertainment,Channel_3252,12,2024-01-10T09:00:00.000Z,trending|official|2024,49880,2910,215,827,https://i.ytimg.com/vi/wln5GymgY8N/default.jpg,False,False,False,Auto-generated sample description for Entertainment video.
6iAOhAd5d_q,24.09.03,Official Entertainment Highlights,Channel_3023,12,2024-03-09T05:00:00.000Z,vlog|live|music,74847,2627,323,1110,https://i.ytimg.com/vi/25uXpmdx0l7/default.jpg,False,False,False,Auto-generated sample description for Entertainment video.
fx1K57Pfwtu,25.06.02,Behind the Scenes: People & Blogs,Channel_3086,15,2025-02-02T10:00:00.000Z,2024|official|trending,13240,600,30,25,https://i.ytimg.com/vi/lGS0a0U6I6Y/default.jpg,False,False,False,Auto-generated sample description for People & Blogs video.
_F8pX1fKbYn,24.05.03,Music Compilation 2024,Channel_1512,5,2024-03-04T02:00:00.000Z,trending|official|review,11900,256,63,137,https://i.ytimg.com/vi/vgobxNYEhNA/default.jpg,False,False,False,Auto-generated sample description for Music video.
6LelkLJlPki,24.27.04,Comedy Compilation 2024,Channel_2342,10,2024-04-27T17:00:00.000Z,trending|vlog|2024,11249,331,32,125,https://i.ytimg.com/vi/1O39R6m70Zj/default.jpg,False,False,False,Auto-generated sample description for Comedy video.
wz0ltIzbsfy,24.01.05,Official Entertainment Highlights,Channel_3079,18,2024-05-01T07:00:00.000Z,official|music|review,905,57,4,6,https://i.ytimg.com/vi/mjyXBsT76d9/default.jpg,False,False,False,Auto-generated sample description for Entertainment video.
0gvcTF0mrWH,25.02.01,Music Compilation 2024,Channel_3326,5,2024-12-30T06:00:00.000Z,music|vlog|official,135329,7259,568,2590,https://i.ytimg.com/vi/HFyOaGM0y2E/default.jpg,False,False,False,Auto-generated sample description for Music video.
UZ2bgIifn0m,24.04.06,Why This Gaming Video Went Viral,Channel_2325,4,2024-06-03T13:00:00.000Z,2024|music|live,1159,73,8,8,https://i.ytimg.com/vi/jzjYZXKcSsu/default.jpg,False,False,False,Auto-generated sample description for Gaming video.
VvyCEAs_GuX,24.13.08,Why This Music Video Went Viral,Channel_685,8,2024-08-11T15:00:00.000Z,2024|music|review,6611,476,31,29,https://i.ytimg.com/vi/TUN6APJs_UC/default.jpg,False,False,False,Auto-generated sample description for Music video.
9iyvmIUmL_b,24.18.06,Reacting to Entertainment Trends,Channel_3023,18,2024-06-14T19:00:00.000Z,2024|review|official,24622,1399,20,212,https://i.ytimg.com/vi/SR5klqKoc9w/default.jpg,False,False,False,Auto-generated sample description for Entertainment video.
nul_2de1inF,24.29.10,Top 10 Music Moments This Week,Channel_1930,5,2024-10-26T17:00:00.000Z,2024|review|music,38577,2599,99,558,https://i.ytimg.com/vi/JjX6J2tDLWX/default.jpg,False,False,False,Auto-generated sample description for Music video.
C3yW3iIkGl7,24.23.02,Reacting to Gaming Trends,Channel_2494,4,2024-02-19T22:00:00.000Z,vlog|trending|official,30262,846,240,102,https://i.ytimg.com/vi/BF7MeRbWhAT/default.jpg,False,False,False,Auto-generated sample description for Gaming video.
pufSGdJe9Vz,24.02.03,Top 10 Entertainment Moments This Week,Channel_885,18,2024-02-27T05:00:00.000Z,review|vlog|official,15675,166,67,15,https://i.ytimg.com/vi/AgCyycUcwLo/default.jpg,False,False,False,Auto-generated sample description for Entertainment video.
c5kh11Ooasp,24.24.12,Top 10 Music Moments This Week,Channel_2121,8,2024-12-23T05:00:00.000Z,trending|live|vlog,49507,523,324,92,https://i.ytimg.com/vi/riy3KOzKN8k/default.jpg,False,False,False,Auto-generated sample description for Music video.
wZqVRL69qmg,24.14.12,Behind the Scenes: Music,Channel_3683,5,2024-12-11T21:00:00.000Z,2024|vlog|music,38656,677,27,708,https://i.ytimg.com/vi/sP2e0NSV4XY/default.jpg,False,False,False,Auto-generated sample description for Music video.
MlYKrqPag_v,24.22.10,Top 10 Comedy Moments This Week,Channel_3755,10,2024-10-19T13:00:00.000Z,live|official|music,19533,1525,141,167,https://i.ytimg.com/vi/lSlSE2I6-Aj/default.jpg,False,False,False,Auto-generated sample description for Comedy video.
_xqQwG3OZs6,24.18.08,Reacting to Sports Trends,Channel_3000,1,2024-08-15T07:00:00.000Z,trending|music|official,4843,365,39,87,https://i.ytimg.com/vi/HxdkaUOBio-/default.jpg,False,False,False,Auto-generated sample description for Sports video.
cyQUPkB2lAA,24.31.05,Official Music Highlights,Channel_1587,8,2024-05-27T16:00:00.000Z,official|review|vlog,81863,1140,488,707,https://i.ytimg.com/vi/WSZRHHBf43S/default.jpg,False,False,False,Auto-generated sample description for Music video.
FZxCjmP2o5x,24.06.12,Reacting to Sports Trends,Channel_876,1,2024-12-05T20:00:00.000Z,official|2024|music,6566,431,13,77,https://i.ytimg.com/vi/2lueSH0Lhsq/default.jpg,False,False,False,Auto-generated sample description for Sports video.
-GMcZptQuUc,24.09.11,Why This Comedy Video Went Viral,Channel_1773,10,2024-11-06T00:00:00.000Z,official|music|review,1714,122,3,13,https://i.ytimg.com/vi/CCwPXadkCxF/default.jpg,False,False,False,Auto-generated sample description for Comedy video.
V5-AS71PSNj,24.22.05,Entertainment Compilation 2024,Channel_3311,12,2024-05-19T19:00:00.000Z,vlog|music|review,51238,2368,229,220,https://i.ytimg.com/vi/B2K-uiKM2eM/default.jpg,False,False,False,Auto-generated sample description for Entertainment video.
BvHRlBNcoXU,24.07.08,Why This Sports Video Went Viral,Channel_3038,1,2024-08-07T00:00:00.000Z,review|2024|live,216738,12879,486,461,https://i.ytimg.com/vi/MEKvWTNLREt/default.jpg,False,False,False,Auto-generated sample description for Sports video.
eLTBKhiDbhi,24.30.09,Reacting to Sports Trends,Channel_1042,9,2024-09-29T18:00:00.000Z,2024|live|vlog,2528,184,8,20,https://i.ytimg.com/vi/xM1MMUnWaVN/default.jpg,False,False,False,Auto-generated sample description for Sports video.
3j0l7THc7BB,24.18.10,Why This Entertainment Video Went Viral,Channel_1143,18,2024-10-17T00:00:00.000Z,review|trending|official,296306,23137,395,1444,https://i.ytimg.com/vi/nXamHJ2gLPR/default.jpg,False,True,False,Auto-generated sample description for Entertainment video.
uYO8knCaWim,24.23.07,Music Compilation 2024,Channel_4599,8,2024-07-19T17:00:00.000Z,2024|review|vlog,11939,689,78,148,https://i.ytimg.com/vi/5y0TYRTPo7o/default.jpg,False,False,False,Auto-generated sample description for Music video.
GvnCsvi_mDT,24.03.07,Why This Entertainment Video Went Viral,Channel_2570,18,2024-07-01T07:00:00.000Z,music|official|vlog,17379,761,137,264,https://i.ytimg.com/vi/CNbipn8WrtU/default.jpg,False,False,False,Auto-generated sample description for Entertainment video.
lXKaj-CCLXy,24.01.02,Behind the Scenes: Entertainment,Channel_1946,18,2024-01-29T13:00:00.000Z,live|music|vlog,14971,303,38,37,https://i.ytimg.com/vi/ed021E2GQhB/default.jpg,False,False,False,Auto-generated sample description for Entertainment video.
k1KvbPx_mRi,24.29.10,Music Compilation 2024,Channel_2768,5,2024-10-26T16:00:00.000Z,live|music|vlog,3949368,240449,17226,63519,https://i.ytimg.com/vi/TWOqigyd2Yr/default.jpg,False,False,False,Auto-generated sample description for Music video.
izRFjnm6IIa,24.10.04,Comedy Compilation 2024,Channel_2813,10,2024-04-08T11:00:00.000Z,vlog|2024|trending,1173,58,9,2,https://i.ytimg.com/vi/oE3dHx8uLkw/default.jpg,False,True,False,Auto-generated sample description for Comedy video.
t8vO7xus7MP,24.03.11,Behind the Scenes: People & Blogs,Channel_4107,15,2024-11-01T15:00:00.000Z,review|music|2024,21423,1339,19,205,https://i.ytimg.com/vi/eq1p8-eeJ_P/default.jpg,False,False,False,Auto-generated sample description for People & Blogs video.
ici9luPcck4,24.06.02,Entertainment Compilation 2024,Channel_1378,12,2024-02-03T18:00:00.000Z,vlog|live|official,850564,62992,3779,2832,https://i.ytimg.com/vi/B0sXs6zY5Tb/default.jpg,False,False,False,Auto-generated sample description for Entertainment video.
Wa9k8VkRKhC,24.05.06,Entertainment Compilation 2024,Channel_4731,12,2024-06-05T07:00:00.000Z,official|music|review,39336,1861,373,397,https://i.ytimg.com/vi/x9N5Y2QbE3P/default.jpg,False,False,False,Auto-generated sample description for Entertainment video.
29fFssZI4Ne,24.17.03,Reacting to Music Trends,Channel_4911,5,2024-03-13T09:00:00.000Z,live|music|vlog,25195,554,25,82,https://i.ytimg.com/vi/LikhoqwvsRH/default.jpg,False,False,False,Auto-generated sample description for Music video.
Rc3gOwbpMcI,25.05.01,Official Entertainment Highlights,Channel_4410,18,2025-01-05T21:00:00.000Z,review|official|trending,49548,1002,230,897,https://i.ytimg.com/vi/99askHEb6ob/default.jpg,False,False,False,Auto-generated sample description for Entertainment video.
zYqPTZ1IXzL,24.06.10,Why This Music Video Went Viral,Channel_150,5,2024-10-05T15:00:00.000Z,2024|review|official,9073,501,7,123,https://i.ytimg.com/vi/8FWC027VLsT/default.jpg,False,False,False,Auto-generated sample description for Music video.
UI24nPptbkc,24.06.10,Entertainment Compilation 2024,Channel_4230,12,2024-10-06T03:00:00.000Z,vlog|2024|review,16008,780,29,57,https://i.ytimg.com/vi/-G1Wu1TNLfb/default.jpg,False,False,False,Auto-generated sample description for Entertainment video.
FC_dGfhGZYE,24.12.11,Behind the Scenes: Entertainment,Channel_3996,18,2024-11-10T01:00:00.000Z,music|review|2024,67618,1033,215,1036,https://i.ytimg.com/vi/m1qvZodjGDF/default.jpg,False,False,False,Auto-generated sample description for Entertainment video.
TVoVtcdQJ4L,24.19.04,Reacting to Music Trends,Channel_965,8,2024-04-18T17:00:00.000Z,trending|2024|music,2475,57,19,48,https://i.ytimg.com/vi/5JcQ0UznTvg/default.jpg,False,False,False,Auto-generated sample description for Music video.
79eMCdrgf0K,24.06.10,Why This Comedy Video Went Viral,Channel_1085,10,2024-10-05T22:00:00.000Z,2024|official|vlog,10999,549,62,178,https://i.ytimg.com/vi/cS4Ofa9Ir9i/default.jpg,False,False,False,Auto-generated sample description for Comedy video.
8weWb0eNICy,24.27.12,Why This Entertainment Video Went Viral,Channel_1961,12,2024-12-26T13:00:00.000Z,trending|official|music,208859,14188,1083,2144,https://i.ytimg.com/vi/k5RGsY0b1hm/default.jpg,False,False,False,Auto-generated sample description for Entertainment video.
wbVV0ShROl2,24.26.09,Entertainment Compilation 2024,Channel_4380,18,2024-09-26T09:00:00.000Z,review|trending|official,21105,653,54,63,https://i.ytimg.com/vi/xr1WOz8FsLx/default.jpg,False,False,False,Auto-generated sample description for Entertainment video.
M06_f8eFZ85,25.11.01,Reacting to Music Trends,Channel_3105,8,2025-01-08T14:00:00.000Z,2024|official|music,14067,278,87,124,https://i.ytimg.com/vi/zleLo4hZD_7/default.jpg,False,False,False,Auto-generated sample description for Music video.
CA4JvFBFj32,24.25.09,Reacting to Howto & Style Trends,Channel_298,11,2024-09-21T21:00:00.000Z,trending|vlog|2024,1170,73,8,23,https://i.ytimg.com/vi/kEJa06HDMUr/default.jpg,False,False,False,Auto-generated sample description for Howto & Style video.
_QGDOKosVvq,25.07.01,Behind the Scenes: Music,Channel_1154,5,2025-01-03T22:00:00.000Z,trending|live|review,150098,7523,394,1787,https://i.ytimg.com/vi/QshZEEvCkVs/default.jpg,False,False,False,Auto-generated sample description for Music video.
vVJMOi_CaWm,24.23.06,Why This Gaming Video Went Viral,Channel_4580,2,2024-06-21T06:00:00.000Z,official|music|review,6158,408,31,86,https://i.ytimg.com/vi/0rgdfmwSbf8/default.jpg,False,False,False,Auto-generated sample description for Gaming video.
0sStFl1RlyQ,24.27.09,Sports Compilation 2024,Channel_3669,1,2024-09-27T01:00:00.000Z,review|music|2024,3601,142,24,15,https://i.ytimg.com/vi/n69m2PVMaRn/default.jpg,False,False,False,Auto-generated sample description for Sports video.
oEoT610Fp8v,24.26.09,Why This Music Video Went Viral,Channel_877,8,2024-09-23T16:00:00.000Z,trending|music|live,77183,1865,649,1176,https://i.ytimg.com/vi/3S9EBxIyeSh/default.jpg,False,False,False,Auto-generated sample description for Music video.
ZnCZh3EpxBk,24.11.07,Top 10 Sports Moments This Week,Channel_2084,9,2024-07-07T21:00:00.000Z,official|music|live,158171,7492,105,2741,https://i.ytimg.com/vi/1Thy3WpkQn7/default.jpg,False,False,False,Auto-generated sample description for Sports video.
F6G0_e_eLEb,24.01.10,Gaming Compilation 2024,Channel_468,2,2024-09-29T19:00:00.000Z,2024|official|music,19171,1443,20,257,https://i.ytimg.com/vi/rJKencbS8ez/default.jpg,False,False,False,Auto-generated sample description for Gaming video.
Z7mLbszNFos,24.24.05,Behind the Scenes: Music,Channel_3555,5,2024-05-22T14:00:00.000Z,2024|trending|review,1399712,18325,6913,13071,https://i.ytimg.com/vi/IALRlN27Hkz/default.jpg,False,False,False,Auto-generated sample description for Music video.
987FEWpT6ck,24.04.07,Reacting to Music Trends,Channel_2111,5,2024-07-04T11:00:00.000Z,vlog|official|review,2632,35,23,39,https://i.ytimg.com/vi/pxwhrBIYjhQ/default.jpg,False,False,False,Auto-generated sample description for Music video.
CVitFWb0pS5,24.12.08,Entertainment Compilation 2024,Channel_1475,18,2024-08-11T19:00:00.000Z,trending|music|official,61701,4179,104,156,https://i.ytimg.com/vi/uQ2C31LrgW5/default.jpg,False,False,False,Auto-generated sample description for Entertainment video.
dluib-d3_ZF,24.02.05,Behind the Scenes: Gaming,Channel_2095,4,2024-04-28T13:00:00.000Z,vlog|review|official,7448,544,66,71,https://i.ytimg.com/vi/kquiZBtU71t/default.jpg,False,False,False,Auto-generated sample description for Gaming video.
_JZ7X6Gi1uh,24.28.06,Reacting to Music Trends,Channel_3777,8,2024-06-28T20:00:00.000Z,music|trending|live,12105,930,72,11,https://i.ytimg.com/vi/ej1P7LjT6Ky/default.jpg,False,False,False,Auto-generated sample description for Music video.
V1-gLS11mr9,24.14.06,Official People & Blogs Highlights,Channel_2448,13,2024-06-13T21:00:00.000Z,vlog|live|trending,23150,843,100,267,https://i.ytimg.com/vi/aYIMmvV-TDf/default.jpg,False,False,False,Auto-generated sample description for People & Blogs video.
sOGrZFPeGj3,24.29.03,Top 10 Entertainment Moments This Week,Channel_2283,18,2024-03-28T12:00:00.000Z,trending|official|live,50286,826,184,179,https://i.ytimg.com/vi/1SxikVnLE-s/default.jpg,False,True,False,Auto-generated sample description for Entertainment video.
mTaVNNhijDq,24.18.11,Top 10 Entertainment Moments This Week,Channel_195,12,2024-11-16T12:00:00.000Z,vlog|review|2024,19419,1367,134,371,https://i.ytimg.com/vi/l-KLQaDPmOt/default.jpg,False,False,False,Auto-generated sample description for Entertainment video.
GJM6vQjJg3S,24.23.04,Music Compilation 2024,Channel_3285,5,2024-04-22T19:00:00.000Z,trending|music|official,2129,84,12,14,https://i.ytimg.com/vi/CP4Bubpi2CC/default.jpg,False,False,False,Auto-generated sample description for Music video.
rowjS4CDndy,24.25.09,Gaming Compilation 2024,Channel_1901,4,2024-09-23T08:00:00.000Z,music|vlog|live,18162,1107,154,337,https://i.ytimg.com/vi/GHNPfCsZgTf/default.jpg,False,False,False,Auto-generated sample description for Gaming video.
I1YlynLP_aJ,24.25.04,Reacting to Music Trends,Channel_2080,5,2024-04-21T08:00:00.000Z,live|trending|music,21249,527,191,362,https://i.ytimg.com/vi/PwzNHgFNf5X/default.jpg,False,False,False,Auto-generated sample description for Music video.
kQNzxh79Imy,24.26.05,Top 10 People & Blogs Moments This Week,Channel_4978,13,2024-05-25T16:00:00.000Z,trending|vlog|music,7778,256,18,65,https://i.ytimg.com/vi/Ij3nn6VcwEK/default.jpg,False,False,False,Auto-generated sample description for People & Blogs video.
gqAMgMJrhlg,24.18.07,Reacting to Film & Animation Trends,Channel_1783,6,2024-07-18T09:00:00.000Z,trending|official|live,52501,1706,185,283,https://i.ytimg.com/vi/Y1I3Piupr0Z/default.jpg,False,False,False,Auto-generated sample description for Film & Animation video.
JtDGvTi7bxk,24.05.01,Music Compilation 2024,Channel_2817,8,2024-01-05T02:00:00.000Z,review|music|official,5046,173,38,91,https://i.ytimg.com/vi/Z4rGWGr5Qf0/default.jpg,False,False,False,Auto-generated sample description for Music video.
9FlrpvuewRL,24.18.01,Why This Music Video Went Viral,Channel_2876,5,2024-01-15T13:00:00.000Z,2024|live|review,56277,2712,194,76,https://i.ytimg.com/vi/jkaaCikDWAO/default.jpg,False,False,False,Auto-generated sample description for Music video.
T4BY-Q9ODUV,24.06.06,Top 10 Music Moments This Week,Channel_1262,8,2024-06-02T17:00:00.000Z,official|vlog|2024,43968,1324,358,764,https://i.ytimg.com/vi/oKJiTaPj8XX/default.jpg,False,False,False,Auto-generated sample description for Music video.
1Wn959IgzY0,24.19.01,Reacting to Film & Animation Trends,Channel_3651,7,2024-01-15T18:00:00.000Z,trending|2024|music,9079,192,36,15,https://i.ytimg.com/vi/smyi7l7l4E1/default.jpg,False,False,False,Auto-generated sample description for Film & Animation video.
ETkfJH7btLH,24.31.12,Why This Music Video Went Viral,Channel_889,8,2024-12-30T21:00:00.000Z,vlog|live|music,31141,2178,292,432,https://i.ytimg.com/vi/pFkDz8dlwib/default.jpg,False,False,False,Auto-generated sample description for Music video.
4WEl_2LbvKW,24.01.04,Why This Sports Video Went Viral,Channel_3876,1,2024-03-29T09:00:00.000Z,trending|2024|live,5941,468,18,75,https://i.ytimg.com/vi/xmmfgU2TZAP/default.jpg,False,False,False,Auto-generated sample description for Sports video.
NJ-kA1OzoGz,24.30.09,Why This Music Video Went Viral,Channel_4227,8,2024-09-30T21:00:00.000Z,review|vlog|2024,96036,5305,491,279,https://i.ytimg.com/vi/I8xYFwR_Kmh/default.jpg,False,False,False,Auto-generated sample description for Music video.
tVeibSwOeLI,24.27.04,Reacting to Gaming Trends,Channel_2932,4,2024-04-26T14:00:00.000Z,trending|music|live,5168,97,12,52,https://i.ytimg.com/vi/7-ieSfUrbrM/default.jpg,False,False,False,Auto-generated sample description for Gaming video.
GhJHvm19WD-,24.25.01,Top 10 Sports Moments This Week,Channel_3594,9,2024-01-23T02:00:00.000Z,official|2024|music,9990,228,91,82,https://i.ytimg.com/vi/Kkpl6oZHUbt/default.jpg,False,False,False,Auto-generated sample description for Sports video.
7OKuw2vNQuh,24.01.04,Behind the Scenes: Entertainment,Channel_2821,12,2024-03-31T15:00:00.000Z,2024|vlog|review,17200,792,82,267,https://i.ytimg.com/vi/8jo1J2bFmKW/default.jpg,False,False,False,Auto-generated sample description for Entertainment video.
5OM8plVm3eg,24.19.10,Reacting to Comedy Trends,Channel_364,10,2024-10-16T15:00:00.000Z,trending|vlog|review,22834,1637,53,75,https://i.ytimg.com/vi/iJCzPmsHv9I/default.jpg,True,False,False,Auto-generated sample description for Comedy video.
78XXCFG0jZS,24.06.08,Reacting to Music Trends,Channel_2692,5,2024-08-05T07:00:00.000Z,trending|official|music,61854,1177,453,226,https://i.ytimg.com/vi/230BDHi81rG/default.jpg,False,False,False,Auto-generated sample description for Music video.
dkPbDsHeS7-,24.15.08,Reacting to Entertainment Trends,Channel_1642,12,2024-08-11T18:00:00.000Z,vlog|2024|official,166212,6970,862,2987,https://i.ytimg.com/vi/Wdgxf8TzBgY/default.jpg,False,False,False,Auto-generated sample description for Entertainment video.
5bDGYDlGG7-,24.27.01,Reacting to Music Trends,Channel_1720,8,2024-01-26T06:00:00.000Z,review|music|official,100940,2027,164,905,https://i.ytimg.com/vi/mRFXC_GQTeZ/default.jpg,False,False,False,Auto-generated sample description for Music video.
VnUleHR_M_d,24.22.10,Reacting to Music Trends,Channel_1016,8,2024-10-19T20:00:00.000Z,review|vlog|music,218176,8277,625,542,https://i.ytimg.com/vi/-dMe_baHQ7G/default.jpg,False,False,False,Auto-generated sample description for Music video.
Sza3YTkPH_O,24.17.07,Top 10 Music Moments This Week,Channel_3422,5,2024-07-14T15:00:00.000Z,official|music|vlog,228506,4947,1781,1934,https://i.ytimg.com/vi/6HPlX5brV95/default.jpg,False,False,False,Auto-generated sample description for Music video.
ox07mGpa2TF,24.16.05,Why This Entertainment Video Went Viral,Channel_3274,18,2024-05-16T00:00:00.000Z,trending|2024|review,95424,3547,741,1043,https://i.ytimg.com/vi/CQWSEC7JEuZ/default.jpg,False,False,False,Auto-generated sample description for Entertainment video.
SUWyJtg-UvQ,24.16.10,Why This Music Video Went Viral,Channel_2906,8,2024-10-16T04:00:00.000Z,2024|trending|live,40603,1780,108,653,https://i.ytimg.com/vi/7Ty-WVJoTn1/default.jpg,False,False,False,Auto-generated sample description for Music video.
x5OjRoYX2dG,25.06.01,Reacting to Music Trends,Channel_3860,8,2025-01-06T03:00:00.000Z,vlog|2024|review,12565,934,123,174,https://i.ytimg.com/vi/uIVPxKNJd1L/default.jpg,False,False,False,Auto-generated sample description for Music video.
9b2xEGnLCdl,24.08.01,Why This Gaming Video Went Viral,Channel_828,4,2024-01-04T12:00:00.000Z,official|2024|review,17708,844,46,205,https://i.ytimg.com/vi/KEAqOotApd-/default.jpg,False,False,False,Auto-generated sample description for Gaming video.
zVJtdOBJ9SF,24.23.07,Top 10 Entertainment Moments This Week,Channel_3520,12,2024-07-20T05:00:00.000Z,official|live|vlog,133518,4765,153,704,https://i.ytimg.com/vi/3ID-QeKvCZD/default.jpg,False,False,False,Auto-generated sample description for Entertainment video.
cHf1GND7-3X,24.20.11,Behind the Scenes: Music,Channel_2776,5,2024-11-17T01:00:00.000Z,music|official|live,22845,510,12,48,https://i.ytimg.com/vi/zir0Q_B3x80/default.jpg,False,False,False,Auto-generated sample description for Music video.
vnqxXAZ6aby,24.23.11,Behind the Scenes: Entertainment,Channel_1388,12,2024-11-20T02:00:00.000Z,live|trending|vlog,53008,2111,394,357,https://i.ytimg.com/vi/7zYinwWwyBW/default.jpg,True,False,False,Auto-generated sample description for Entertainment video.
HXcttaZoJDY,24.24.02,Behind the Scenes: Gaming,Channel_1735,2,2024-02-23T12:00:00.000Z,live|official|music,18286,393,105,237,https://i.ytimg.com/vi/G-TTpXdssJX/default.jpg,False,False,False,Auto-generated sample description for Gaming video.
W7nfq9PX_jQ,24.19.10,Why This Film & Animation Video Went Viral,Channel_4259,6,2024-10-19T04:00:00.000Z,official|2024|trending,11049,549,48,165,https://i.ytimg.com/vi/CwCbyTDaT1-/default.jpg,False,False,False,Auto-generated sample description for Film & Animation video.
XWuimGWLOFY,24.29.05,Official Entertainment Highlights,Channel_3486,12,2024-05-27T08:00:00.000Z,vlog|official|2024,8567,614,36,37,https://i.ytimg.com/vi/EHH_uAioznG/default.jpg,False,False,False,Auto-generated sample description for Entertainment video.
oSH-4R6ngNf,24.22.09,Reacting to Music Trends,Channel_96,8,2024-09-22T15:00:00.000Z,review|music|live,67186,2073,224,1081,https://i.ytimg.com/vi/k-KucqHXI4d/default.jpg,False,False,False,Auto-generated sample description for Music video.
Ncom589cwwu,24.19.04,Top 10 Sports Moments This Week,Channel_1822,1,2024-04-16T01:00:00.000Z,review|live|trending,247673,3983,1729,3714,https://i.ytimg.com/vi/6BpKBmEJgCU/default.jpg,False,False,False,Auto-generated sample description for Sports video.
xsmRt-TfI7P,24.14.09,Reacting to People & Blogs Trends,Channel_4899,13,2024-09-10T11:00:00.000Z,live|vlog|2024,16141,1252,119,300,https://i.ytimg.com/vi/vWNFaWL7VIh/default.jpg,False,False,False,Auto-generated sample description for People & Blogs video.
dI1JVep6ENx,25.16.01,Official Entertainment Highlights,Channel_1951,18,2025-01-14T15:00:00.000Z,live|music|2024,79679,992,481,271,https://i.ytimg.com/vi/ZvZigodD6-q/default.jpg,False,False,False,Auto-generated sample description for Entertainment video.
1YDF8XkOXsJ,24.24.02,Official Music Highlights,Channel_1772,8,2024-02-22T03:00:00.000Z,live|music|2024,1050887,35251,4959,8703,https://i.ytimg.com/vi/PvFRNUlo-Bt/default.jpg,False,False,False,Auto-generated sample description for Music video.
BQXIRfS8D1D,24.28.02,Official Entertainment Highlights,Channel_1369,12,2024-02-25T08:00:00.000Z,review|trending|live,4914,369,17,33,https://i.ytimg.com/vi/tXLzTps8Tdq/default.jpg,False,False,False,Auto-generated sample description for Entertainment video.
udAupckYo5W,24.17.08,Behind the Scenes: Music,Channel_776,8,2024-08-17T02:00:00.000Z,music|2024|live,6446,151,14,20,https://i.ytimg.com/vi/eY7NgtfvyX3/default.jpg,False,False,False,Auto-generated sample description for Music video.
EB3nxaxHH1y,24.12.09,Top 10 Comedy Moments This Week,Channel_2616,10,2024-09-10T06:00:00.000Z,live|vlog|music,4499987,228160,33986,6545,https://i.ytimg.com/vi/ZeHAwp8o3D2/default.jpg,False,False,False,Auto-generated sample description for Comedy video.
T4UglvNq5lO,24.10.05,Behind the Scenes: Entertainment,Channel_4696,12,2024-05-06T12:00:00.000Z,trending|music|official,68588,4134,339,1050,https://i.ytimg.com/vi/5Jbbkzfw_Nh/default.jpg,False,False,False,Auto-generated sample description for Entertainment video.
npC8EqOH-M7,24.15.09,Entertainment Compilation 2024,Channel_4343,12,2024-09-11T14:00:00.000Z,trending|2024|live,15459,778,106,282,https://i.ytimg.com/vi/SD9N4v6d7Wy/default.jpg,False,False,False,Auto-generated sample description for Entertainment video.
v2oocJ2-YL_,24.14.05,Behind the Scenes: Film & Animation,Channel_1735,6,2024-05-11T09:00:00.000Z,official|music|live,62916,4588,106,861,https://i.ytimg.com/vi/ClcTLvI7Hms/default.jpg,False,False,False,Auto-generated sample description for Film & Animation video.
y3xT_WKSWmY,24.30.05,Behind the Scenes: Music,Channel_284,5,2024-05-28T01:00:00.000Z,live|2024|music,99618,5826,327,1641,https://i.ytimg.com/vi/fphf8i-VgCb/default.jpg,False,False,False,Auto-generated sample description for Music video.
gzCDgEu5FtN,24.01.04,Reacting to Sports Trends,Channel_3630,9,2024-03-30T05:00:00.000Z,2024|official|trending,30265,2006,27,16,https://i.ytimg.com/vi/oYhLlPZblqg/default.jpg,False,False,False,Auto-generated sample description for Sports video.
7o-1Vx5Wqxs,25.03.02,Official Entertainment Highlights,Channel_2082,12,2025-02-02T15:00:00.000Z,official|vlog|trending,6092,216,29,74,https://i.ytimg.com/vi/ODocVtKWXuy/default.jpg,False,False,False,Auto-generated sample description for Entertainment video.
02mQyeZn0xU,25.15.01,Why This Comedy Video Went Viral,Channel_4065,10,2025-01-14T06:00:00.000Z,music|official|vlog,197598,2579,886,2368,https://i.ytimg.com/vi/ac8lSDEuB18/default.jpg,False,False,True,Auto-generated sample description for Comedy video.
qirJciNK8TL,24.20.07,Behind the Scenes: Gaming,Channel_1337,4,2024-07-18T01:00:00.000Z,live|vlog|trending,23332,1171,232,180,https://i.ytimg.com/vi/tX5h_Poi-Mz/default.jpg,False,False,False,Auto-generated sample description for Gaming video.
iH9a-bpca0O,24.10.02,Music Compilation 2024,Channel_209,8,2024-02-10T05:00:00.000Z,review|2024|vlog,278297,3084,1947,940,https://i.ytimg.com/vi/4fX-SBov7My/default.jpg,False,False,False,Auto-generated sample description for Music video.
I15ApKHMHsR,24.20.03,Why This Entertainment Video Went Viral,Channel_1290,12,2024-03-18T15:00:00.000Z,live|trending|review,85051,4845,483,629,https://i.ytimg.com/vi/9kHOdrgd3Wu/default.jpg,False,False,False,Auto-generated sample description for Entertainment video.
0KATAJgGHuB,24.25.11,Top 10 Music Moments This Week,Channel_446,5,2024-11-21T12:00:00.000Z,review|live|trending,1095687,49775,8896,12293,https://i.ytimg.com/vi/OX-MHFlQCpq/default.jpg,False,False,False,Auto-generated sample description for Music video.
CGgAx5jqJL5,25.01.01,Reacting to Entertainment Trends,Channel_2166,18,2024-12-30T07:00:00.000Z,live|official|2024,197181,5479,1462,606,https://i.ytimg.com/vi/CJZAzWVn_em/default.jpg,False,False,False,Auto-generated sample description for Entertainment video.
adAEvONusa0,24.17.03,Why This Music Video Went Viral,Channel_1901,8,2024-03-16T15:00:00.000Z,official|trending|2024,74199,5248,705,717,https://i.ytimg.com/vi/gMwzCXOBQMx/default.jpg,False,False,False,Auto-generated sample description for Music video.
xEW0inCb30i,25.03.02,Science & Technology Compilation 2024,Channel_3566,14,2025-01-30T13:00:00.000Z,review|live|vlog,34616,1100,206,50,https://i.ytimg.com/vi/EvsuMPqm8Sg/default.jpg,False,False,False,Auto-generated sample description for Science & Technology video.
ZCRJGqcBY9C,24.10.03,Top 10 Music Moments This Week,Channel_4989,8,2024-03-07T09:00:00.000Z,trending|live|2024,7434,348,5,115,https://i.ytimg.com/vi/ISk_4dglT9O/default.jpg,False,False,False,Auto-generated sample description for Music video.
Plawx1vgfvj,24.31.08,Top 10 Music Moments This Week,Channel_2262,8,2024-08-29T02:00:00.000Z,vlog|trending|2024,12705,823,103,137,https://i.ytimg.com/vi/jJ1YPtspQO5/default.jpg,False,False,False,Auto-generated sample description for Music video.
m3iXfSfcLRm,24.08.01,Why This Entertainment Video Went Viral,Channel_2953,18,2024-01-06T07:00:00.000Z,2024|official|vlog,12430,202,122,123,https://i.ytimg.com/vi/hIJc7dTUXo-/default.jpg,False,False,False,Auto-generated sample description for Entertainment video.
YgIE2DPFldg,24.30.04,Top 10 Comedy Moments This Week,Channel_881,10,2024-04-27T08:00:00.000Z,2024|review|trending,99262,5892,597,1920,https://i.ytimg.com/vi/LlqFw_cc-t3/default.jpg,False,False,False,Auto-generated sample description for Comedy video.
FKWoysasPjK,24.12.08,Behind the Scenes: Gaming,Channel_1337,4,2024-08-11T19:00:00.000Z,review|music|2024,35487,898,270,202,https://i.ytimg.com/vi/37RInAkvOYK/default.jpg,False,False,False,Auto-generated sample description for Gaming video.
kNRXhWhMQ96,24.13.12,Behind the Scenes: Entertainment,Channel_4936,18,2024-12-12T10:00:00.000Z,music|trending|official,47116,3311,165,204,https://i.ytimg.com/vi/Kg63vcbV1ey/default.jpg,False,False,False,Auto-generated sample description for Entertainment video.
hwox-7zmGv6,24.23.07,Reacting to Music Trends,Channel_391,8,2024-07-19T06:00:00.000Z,official|live|trending,55827,1316,299,930,https://i.ytimg.com/vi/b5RLjpIzhOl/default.jpg,False,False,False,Auto-generated sample description for Music video.
TN6WDb5Je24,24.12.07,Top 10 Entertainment Moments This Week,Channel_1366,12,2024-07-11T19:00:00.000Z,live|2024|music,14624,312,138,120,https://i.ytimg.com/vi/K9lyTLfeiJF/default.jpg,False,False,False,Auto-generated sample description for Entertainment video.
w-wFzDDqOc8,24.18.03,Behind the Scenes: Gaming,Channel_951,4,2024-03-17T19:00:00.000Z,official|live|2024,16513,1166,48,296,https://i.ytimg.com/vi/osPLnJYdhN-/default.jpg,False,False,False,Auto-generated sample description for Gaming video.
RgbkaNp_Wt4,24.11.10,Behind the Scenes: Entertainment,Channel_1675,18,2024-10-11T18:00:00.000Z,official|vlog|review,17106,831,41,66,https://i.ytimg.com/vi/QoTM0PXkubk/default.jpg,False,False,False,Auto-generated sample description for Entertainment video.
f486Afu_QPV,24.24.10,Official Entertainment Highlights,Channel_895,18,2024-10-24T12:00:00.000Z,official|live|review,44230,1454,271,483,https://i.ytimg.com/vi/O5Q5UWjQiG9/default.jpg,False,False,False,Auto-generated sample description for Entertainment video.
GEeQD3ds-Sf,24.15.05,Why This Music Video Went Viral,Channel_1622,8,2024-05-14T01:00:00.000Z,vlog|trending|2024,30396,1150,180,115,https://i.ytimg.com/vi/r6Typ7cJlr6/default.jpg,False,False,False,Auto-generated sample description for Music video.
ZkTxa2eZJlq,24.02.06,Music Compilation 2024,Channel_4946,5,2024-05-30T13:00:00.000Z,vlog|trending|2024,41623,3144,91,43,https://i.ytimg.com/vi/EDXaHQRk3ks/default.jpg,False,False,False,Auto-generated sample description for Music video.
dQgU_3rZo6B,24.10.11,Top 10 Comedy Moments This Week,Channel_3407,10,2024-11-06T09:00:00.000Z,music|review|vlog,36067,455,332,370,https://i.ytimg.com/vi/cTYlCG5wxG_/default.jpg,False,False,False,Auto-generated sample description for Comedy video.
AJgruvVIJHP,24.26.11,Behind the Scenes: Music,Channel_598,5,2024-11-25T06:00:00.000Z,official|live|review,18068,301,17,61,https://i.ytimg.com/vi/JKFtlWmOQLk/default.jpg,False,False,False,Auto-generated sample description for Music video.
rmyX0upGBQX,24.11.05,Top 10 Music Moments This Week,Channel_1224,8,2024-05-11T02:00:00.000Z,review|vlog|trending,24429,1359,111,226,https://i.ytimg.com/vi/qEZE0yCjgY8/default.jpg,False,False,False,Auto-generated sample description for Music video.
ejBxJIUoeaO,24.12.03,Behind the Scenes: Entertainment,Channel_921,12,2024-03-12T11:00:00.000Z,vlog|review|music,50660,3963,422,327,https://i.ytimg.com/vi/JZWZXxIu2Mt/default.jpg,False,False,False,Auto-generated sample description for Entertainment video.
eV5R5Ullmjg,24.16.06,Top 10 Music Moments This Week,Channel_323,5,2024-06-12T07:00:00.000Z,music|live|review,90956,5799,886,1563,https://i.ytimg.com/vi/gk5VyzlF1oy/default.jpg,False,False,False,Auto-generated sample description for Music video.
02hvNdI35BK,24.05.07,Why This Entertainment Video Went Viral,Channel_1124,18,2024-07-03T04:00:00.000Z,trending|vlog|live,328086,23460,1177,3660,https://i.ytimg.com/vi/5Gt8Y1EUIc5/default.jpg,False,False,False,Auto-generated sample description for Entertainment video.
54Yy1woL4p9,24.31.10,Official Entertainment Highlights,Channel_583,12,2024-10-28T04:00:00.000Z,vlog|2024|review,4689,169,26,15,https://i.ytimg.com/vi/-Qe1Z0W2OXW/default.jpg,False,False,False,Auto-generated sample description for Entertainment video.
go6H7Tvqgth,24.15.08,Top 10 Music Moments This Week,Channel_1413,8,2024-08-12T08:00:00.000Z,2024|official|vlog,72813,4239,313,1158,https://i.ytimg.com/vi/c384AAKvFhO/default.jpg,False,False,False,Auto-generated sample description for Music video.
WwXAuwL-KG1,24.02.09,Why This Music Video Went Viral,Channel_1149,8,2024-09-02T21:00:00.000Z,trending|review|2024,37960,1326,172,544,https://i.ytimg.com/vi/kWlU8fM8irM/default.jpg,False,False,False,Auto-generated sample description for Music video.
AmR9j8G6zNp,24.28.04,News & Politics Compilation 2024,Channel_3130,17,2024-04-27T22:00:00.000Z,live|vlog|official,3943,175,27,8,https://i.ytimg.com/vi/qESxBwB6Y7s/default.jpg,False,False,False,Auto-generated sample description for News & Politics video.
vbLdHCPIb22,24.06.03,Behind the Scenes: Music,Channel_4525,8,2024-03-05T08:00:00.000Z,trending|2024|music,55687,1487,37,337,https://i.ytimg.com/vi/qXM8U6sTqGr/default.jpg,False,False,False,Auto-generated sample description for Music video.
JqA-hHXVxLL,24.20.03,Behind the Scenes: Entertainment,Channel_2580,18,2024-03-16T17:00:00.000Z,vlog|review|2024,19728,569,181,121,https://i.ytimg.com/vi/xuTGBhA1ijr/default.jpg,False,False,False,Auto-generated sample description for Entertainment video.
_KVjPj0CD13,24.01.06,Top 10 Gaming Moments This Week,Channel_3946,2,2024-06-01T09:00:00.000Z,live|trending|2024,39796,1358,335,539,https://i.ytimg.com/vi/0ku7h-oh2k7/default.jpg,False,False,False,Auto-generated sample description for Gaming video.
oK5RCmJSSA7,24.24.11,Music Compilation 2024,Channel_4274,5,2024-11-24T00:00:00.000Z,2024|trending|music,29754,578,84,552,https://i.ytimg.com/vi/-rNRwVIcQUe/default.jpg,False,False,False,Auto-generated sample description for Music video.
iEO3ORSa3Z_,24.20.07,Official Sports Highlights,Channel_3834,9,2024-07-16T04:00:00.000Z,live|2024|review,144053,5236,1169,2804,https://i.ytimg.com/vi/FYAHAl9w6D-/default.jpg,False,False,False,Auto-generated sample description for Sports video.
VYRNtXmdJay,24.03.04,Music Compilation 2024,Channel_569,5,2024-04-03T17:00:00.000Z,music|live|review,171274,6713,1230,1321,https://i.ytimg.com/vi/XXF0NWf3zDE/default.jpg,False,False,False,Auto-generated sample description for Music video.
FJVTMvKIcZT,25.25.01,Top 10 Music Moments This Week,Channel_4574,8,2025-01-25T21:00:00.000Z,trending|vlog|official,80426,3605,66,1280,https://i.ytimg.com/vi/XJLO0PtoiAK/default.jpg,False,False,False,Auto-generated sample description for Music video.
1VNKo32hgP2,24.28.11,Top 10 Sports Moments This Week,Channel_1780,9,2024-11-25T05:00:00.000Z,live|2024|official,31277,557,120,67,https://i.ytimg.com/vi/HDZtLujgs2d/default.jpg,False,False,False,Auto-generated sample description for Sports video.
l18o6UIINj_,24.03.03,Behind the Scenes: Music,Channel_3211,5,2024-02-29T10:00:00.000Z,music|trending|vlog,65460,2399,523,448,https://i.ytimg.com/vi/LFKAg6LybzD/default.jpg,False,False,False,Auto-generated sample description for Music video.
P55OBzNEK-z,24.17.02,Music Compilation 2024,Channel_2376,5,2024-02-15T08:00:00.000Z,2024|vlog|trending,19324,1283,56,266,https://i.ytimg.com/vi/Sc3Y831TtKG/default.jpg,False,False,False,Auto-generated sample description for Music video.
9wphY9HHExE,24.11.03,Official Music Highlights,Channel_1912,5,2024-03-07T03:00:00.000Z,live|vlog|official,6056,176,33,35,https://i.ytimg.com/vi/YaVfFH0gBOF/default.jpg,False,False,False,Auto-generated sample description for Music video.
76ED9IvSGoU,24.22.05,Gaming Compilation 2024,Channel_4316,2,2024-05-18T06:00:00.000Z,live|official|trending,13885,522,40,173,https://i.ytimg.com/vi/eBLr28a1Xmg/default.jpg,False,False,False,Auto-generated sample description for Gaming video.
0TBpCqLXmn3,25.26.01,Official Music Highlights,Channel_2570,5,2025-01-23T06:00:00.000Z,trending|official|review,756901,14595,5359,13512,https://i.ytimg.com/vi/Zm-UGhB3TzN/default.jpg,False,False,False,Auto-generated sample description for Music video.
v6sokGYAfWq,25.01.01,Official Gaming Highlights,Channel_994,2,2024-12-31T02:00:00.000Z,vlog|official|2024,85453,4572,459,1221,https://i.ytimg.com/vi/KSnPbXECIqo/default.jpg,False,False,False,Auto-generated sample description for Gaming video.
XzxbhGMPA8q,24.06.10,Behind the Scenes: Entertainment,Channel_3693,18,2024-10-06T17:00:00.000Z,2024|review|official,349111,12220,2024,5503,https://i.ytimg.com/vi/30a6KEcgYg0/default.jpg,False,False,False,Auto-generated sample description for Entertainment video.
BGbOZSOUttt,24.30.01,Behind the Scenes: Music,Channel_4882,5,2024-01-30T16:00:00.000Z,2024|vlog|trending,89007,6321,426,1147,https://i.ytimg.com/vi/sezkZocfZYo/default.jpg,False,False,False,Auto-generated sample description for Music video.
4HGA05g1vb3,24.27.03,Official Sports Highlights,Channel_1333,1,2024-03-25T22:00:00.000Z,music|official|2024,10726,152,13,77,https://i.ytimg.com/vi/fuIaWebvSvG/default.jpg,False,False,False,Auto-generated sample description for Sports video.
f0Qls34Nn4C,24.09.09,Top 10 Entertainment Moments This Week,Channel_2007,18,2024-09-08T22:00:00.000Z,review|live|official,8892,117,45,15,https://i.ytimg.com/vi/s_J8NZm5B8P/default.jpg,False,False,False,Auto-generated sample description for Entertainment video.
izprahIO_bw,24.15.12,Reacting to Entertainment Trends,Channel_4538,12,2024-12-13T08:00:00.000Z,official|vlog|review,146949,11401,1424,2210,https://i.ytimg.com/vi/JRxMPKfhyOR/default.jpg,False,False,False,Auto-generated sample description for Entertainment video.
E_4UU8GW0eU,24.30.01,Top 10 Music Moments This Week,Channel_1845,5,2024-01-27T10:00:00.000Z,review|trending|music,139176,3509,483,1050,https://i.ytimg.com/vi/sDttBsSISJ5/default.jpg,False,False,False,Auto-generated sample description for Music video.
N9eV3GHdOvw,24.06.01,Top 10 Entertainment Moments This Week,Channel_1619,18,2024-01-02T03:00:00.000Z,live|trending|vlog,19091,1026,119,17,https://i.ytimg.com/vi/OI-GdqgBX9i/default.jpg,False,False,False,Auto-generated sample description for Entertainment video.
_QO0C_1YC0Z,24.30.01,Top 10 Entertainment Moments This Week,Channel_4132,18,2024-01-27T02:00:00.000Z,2024|review|live,291396,14679,1212,5621,https://i.ytimg.com/vi/tCvFcpze2tc/default.jpg,False,False,False,Auto-generated sample description for Entertainment video.
JZ8o0s2JLe3,24.18.10,Why This Entertainment Video Went Viral,Channel_1100,12,2024-10-15T21:00:00.000Z,vlog|live|2024,26643,2096,216,500,https://i.ytimg.com/vi/8sWtUfXjEnK/default.jpg,False,False,False,Auto-generated sample description for Entertainment video.
Z10E0c5ihSt,24.17.08,Reacting to Comedy Trends,Channel_2883,10,2024-08-14T09:00:00.000Z,vlog|music|review,9067,458,82,23,https://i.ytimg.com/vi/wKWn7Ob4rEH/default.jpg,False,False,False,Auto-generated sample description for Comedy video.
z-qcMIr3m6m,24.15.03,Top 10 Comedy Moments This Week,Channel_2693,10,2024-03-15T14:00:00.000Z,live|music|official,5596,212,39,61,https://i.ytimg.com/vi/GN2QAaGAEys/default.jpg,False,False,False,Auto-generated sample description for Comedy video.
j-OHPtd554E,24.20.02,Official Entertainment Highlights,Channel_1527,18,2024-02-20T17:00:00.000Z,music|review|2024,151343,11116,187,833,https://i.ytimg.com/vi/wzpcqu9sayK/default.jpg,False,False,False,Auto-generated sample description for Entertainment video.
QgBySKWVGxl,24.08.08,Top 10 Music Moments This Week,Channel_271,8,2024-08-05T11:00:00.000Z,2024|official|review,98783,3672,754,1280,https://i.ytimg.com/vi/uA8aeggBUe3/default.jpg,False,False,False,Auto-generated sample description for Music video.
G2-hrlmiMR7,24.30.05,Behind the Scenes: People & Blogs,Channel_2075,15,2024-05-27T13:00:00.000Z,official|vlog|trending,1689,66,1,9,https://i.ytimg.com/vi/e925XwqpDTj/default.jpg,False,False,False,Auto-generated sample description for People & Blogs video.
pVmuudpRNDs,24.06.05,Top 10 Gaming Moments This Week,Channel_1843,4,2024-05-04T12:00:00.000Z,live|2024|review,85861,2521,486,1308,https://i.ytimg.com/vi/Tjm5qbuMxOy/default.jpg,False,False,False,Auto-generated sample description for Gaming video.
flMBHZr_Zde,24.30.12,Reacting to Entertainment Trends,Channel_3907,12,2024-12-30T04:00:00.000Z,vlog|live|music,29315,421,21,183,https://i.ytimg.com/vi/so8lNQH0Pa8/default.jpg,False,False,False,Auto-generated sample description for Entertainment video.
e0XuC3JksAH,24.17.02,Top 10 Entertainment Moments This Week,Channel_832,18,2024-02-13T03:00:00.000Z,trending|2024|review,150600,11610,157,2264,https://i.ytimg.com/vi/EwBC-SFiqew/default.jpg,False,False,False,Auto-generated sample description for Entertainment video.
Us51COIFWa7,24.28.01,Reacting to Sports Trends,Channel_483,1,2024-01-25T09:00:00.000Z,review|trending|2024,2756,135,5,31,https://i.ytimg.com/vi/qlmQKDgnpT7/default.jpg,False,True,False,Auto-generated sample description for Sports video.
sxVT9PY_GJL,25.17.01,Top 10 Music Moments This Week,Channel_3591,5,2025-01-17T20:00:00.000Z,live|vlog|review,99701,5709,159,1524,https://i.ytimg.com/vi/5UTeS-jIWJB/default.jpg,False,False,False,Auto-generated sample description for Music video.
98jmutN18hR,24.28.05,Behind the Scenes: People & Blogs,Channel_47,13,2024-05-27T11:00:00.000Z,trending|official|review,963,44,5,16,https://i.ytimg.com/vi/3sjIMe4J_7E/default.jpg,False,False,False,Auto-generated sample description for People & Blogs video.
4lhKkNttJV3,24.22.01,Entertainment Compilation 2024,Channel_3327,12,2024-01-21T17:00:00.000Z,live|review|music,18515,341,168,330,https://i.ytimg.com/vi/n7VfVNoqp5J/default.jpg,False,False,False,Auto-generated sample description for Entertainment video.
MZ8fsN00oAV,24.09.04,Entertainment Compilation 2024,Channel_2962,12,2024-04-07T12:00:00.000Z,live|review|2024,2340,89,21,19,https://i.ytimg.com/vi/37N_YMyhG_V/default.jpg,False,False,False,Auto-generated sample description for Entertainment video.
mnAVsGBEBx1,24.14.09,Entertainment Compilation 2024,Channel_4862,18,2024-09-13T16:00:00.000Z,review|official|2024,58340,1344,38,623,https://i.ytimg.com/vi/b1f0CO_qhsS/default.jpg,False,False,False,Auto-generated sample description for Entertainment video.
1HIJtCvcCR6,24.04.10,Official Gaming Highlights,Channel_4264,4,2024-10-04T12:00:00.000Z,live|official|vlog,4371,169,4,81,https://i.ytimg.com/vi/cI2XDTuzoI2/default.jpg,False,False,False,Auto-generated sample description for Gaming video.
3On2HCfbHF6,24.04.01,Reacting to Entertainment Trends,Channel_976,12,2024-01-03T14:00:00.000Z,2024|trending|live,28635,1418,253,375,https://i.ytimg.com/vi/TwvhOnxHIW8/default.jpg,False,False,False,Auto-generated sample description for Entertainment video.
7xHdkv2sX3B,24.09.03,Entertainment Compilation 2024,Channel_245,12,2024-03-07T02:00:00.000Z,trending|live|vlog,975207,65152,5828,14259,https://i.ytimg.com/vi/3QiQ4RGVeDc/default.jpg,False,False,False,Auto-generated sample description for Entertainment video.
MeSKth5pV0A,24.29.09,Music Compilation 2024,Channel_3716,5,2024-09-27T04:00:00.000Z,live|trending|2024,29006,1471,219,389,https://i.ytimg.com/vi/PLXqKiKh3s9/default.jpg,False,False,False,Auto-generated sample description for Music video.
SnyEKIz5K2Z,24.29.02,Official Music Highlights,Channel_686,5,2024-02-26T22:00:00.000Z,vlog|music|2024,5285,244,17,99,https://i.ytimg.com/vi/57bpG_9MOS8/default.jpg,False,False,False,Auto-generated sample description for Music video.
-7H9FTwlF-M,25.08.01,Entertainment Compilation 2024,Channel_4832,12,2025-01-07T06:00:00.000Z,vlog|live|official,21356,404,125,47,https://i.ytimg.com/vi/K40RTo840Di/default.jpg,False,False,False,Auto-generated sample description for Entertainment video.
1VpXuBxIILm,24.25.03,Entertainment Compilation 2024,Channel_1606,12,2024-03-23T03:00:00.000Z,2024|live|trending,50844,575,287,734,https://i.ytimg.com/vi/Ovvc4Mcbe5U/default.jpg,False,False,False,Auto-generated sample description for Entertainment video.
BX9lhhCxnZq,24.06.05,Comedy Compilation 2024,Channel_1963,10,2024-05-04T05:00:00.000Z,official|trending|review,35692,1453,118,303,https://i.ytimg.com/vi/n6Y_ciyf-83/default.jpg,False,False,False,Auto-generated sample description for Comedy video.
0nl6l1Htxzy,24.23.01,Why This Music Video Went Viral,Channel_1707,8,2024-01-19T04:00:00.000Z,trending|2024|official,25522,1033,12,357,https://i.ytimg.com/vi/di368KHesuQ/default.jpg,False,False,False,Auto-generated sample description for Music video.
yAYFeJd8RbE,24.03.12,Reacting to Entertainment Trends,Channel_4965,12,2024-11-29T14:00:00.000Z,review|official|trending,206837,16423,1267,1149,https://i.ytimg.com/vi/dbdZ737JlPH/default.jpg,False,False,False,Auto-generated sample description for Entertainment video.
PTnZuwA7JV7,24.25.09,Reacting to Film & Animation Trends,Channel_4974,7,2024-09-23T22:00:00.000Z,2024|review|music,7582,355,6,32,https://i.ytimg.com/vi/516oNesNeac/default.jpg,False,False,False,Auto-generated sample description for Film & Animation video.
EXpyCOrGvMJ,24.28.02,Behind the Scenes: Music,Channel_4010,5,2024-02-26T02:00:00.000Z,vlog|2024|music,25100,952,42,482,https://i.ytimg.com/vi/E3LbPZ1-_9Z/default.jpg,False,False,False,Auto-generated sample description for Music video.
ycSIKTKBGkC,24.27.08,Behind the Scenes: Comedy,Channel_4887,10,2024-08-27T01:00:00.000Z,music|trending|2024,11134,670,44,200,https://i.ytimg.com/vi/Jog7HzpunQh/default.jpg,False,False,False,Auto-generated sample description for Comedy video.
cyG7GzTfAy0,24.25.01,Top 10 Entertainment Moments This Week,Channel_202,12,2024-01-22T01:00:00.000Z,live|trending|2024,13449,548,64,21,https://i.ytimg.com/vi/uHgnGHDUIVs/default.jpg,False,False,False,Auto-generated sample description for Entertainment video.
wJWnXjqCIXo,24.29.01,Behind the Scenes: People & Blogs,Channel_1793,15,2024-01-28T04:00:00.000Z,review|live|music,1645,32,7,31,https://i.ytimg.com/vi/ttvWbvQGpdf/default.jpg,False,False,False,Auto-generated sample description for People & Blogs video.
-5FS6xudh25,24.18.10,Behind the Scenes: Music,Channel_1652,8,2024-10-18T21:00:00.000Z,review|official|2024,222588,4695,2169,3437,https://i.ytimg.com/vi/j9tlhz_XkEy/default.jpg,False,True,False,Auto-generated sample description for Music video.
p29cuCp6-Ex,24.23.11,Top 10 People & Blogs Moments This Week,Channel_1485,13,2024-11-22T07:00:00.000Z,trending|live|review,7901,622,47,143,https://i.ytimg.com/vi/aZ34VVKDLDN/default.jpg,False,False,False,Auto-generated sample description for People & Blogs video.
uohSjA703Sy,24.12.01,Behind the Scenes: Entertainment,Channel_839,18,2024-01-10T02:00:00.000Z,review|vlog|official,153756,7480,639,217,https://i.ytimg.com/vi/Afr50TV2srq/default.jpg,False,False,False,"Auto-generated sample description for Entertainment video.
Second line inside a quoted CSV field."
YexUlvaSnxu,25.09.01,Reacting to Music Trends,Channel_1169,8,2025-01-08T04:00:00.000Z,official|2024|music,162847,3317,1579,1512,https://i.ytimg.com/vi/QfGSPBR3Fv3/default.jpg,False,False,False,Auto-generated sample description for Music video.
RCAwVxYQv7p,24.24.01,Top 10 Sports Moments This Week,Channel_3359,9,2024-01-20T06:00:00.000Z,trending|official|live,36362,2883,259,657,https://i.ytimg.com/vi/mbisqjGwc5a/default.jpg,False,False,False,Auto-generated sample description for Sports video.
83PSV9yv3Ml,24.04.03,Official Entertainment Highlights,Channel_148,18,2024-03-04T11:00:00.000Z,trending|2024|vlog,26997,590,57,412,https://i.ytimg.com/vi/eLC722l9eTO/default.jpg,False,False,False,Auto-generated sample description for Entertainment video.
XfAGh1uLRiv,24.09.03,Film & Animation Compilation 2024,Channel_4759,6,2024-03-07T17:00:00.000Z,vlog|2024|trending,3625,137,5,48,https://i.ytimg.com/vi/8xBh7kYev6T/default.jpg,False,False,False,Auto-generated sample description for Film & Animation video.
09Qqg1mFBgZ,24.03.05,Reacting to Entertainment Trends,Channel_102,12,2024-05-03T12:00:00.000Z,trending|2024|live,20975,1111,91,44,https://i.ytimg.com/vi/emQrHTSq_bL/default.jpg,False,False,False,Auto-generated sample description for Entertainment video.
LnQfviYtIz_,24.04.02,Official Comedy Highlights,Channel_3891,10,2024-02-03T05:00:00.000Z,2024|review|official,4294,150,10,2,https://i.ytimg.com/vi/mspXpMwy5dV/default.jpg,False,False,False,Auto-generated sample description for Comedy video.
v2B0PMboT_6,24.15.08,Official Music Highlights,Channel_3265,8,2024-08-13T18:00:00.000Z,review|2024|official,59610,2870,139,1139,https://i.ytimg.com/vi/PdSFdiV0KX9/default.jpg,False,False,False,Auto-generated sample description for Music video.
QmCWaynl2VP,24.30.12,Entertainment Compilation 2024,Channel_1386,18,2024-12-30T05:00:00.000Z,music|official|trending,5649,234,24,71,https://i.ytimg.com/vi/PG0SoDk_0Vh/default.jpg,False,False,False,"Auto-generated sample description for Entertainment video.
Second line inside a quoted CSV field."
UUYyUOnE9sS,24.27.11,Reacting to Music Trends,Channel_1598,5,2024-11-26T02:00:00.000Z,trending|live|music,151899,1523,1222,2231,https://i.ytimg.com/vi/Jh1gRDLUN-y/default.jpg,False,False,False,Auto-generated sample description for Music video.
eS_grsEtGAP,24.22.06,Why This Sports Video Went Viral,Channel_1956,1,2024-06-20T04:00:00.000Z,music|official|live,36833,1212,314,347,https://i.ytimg.com/vi/iYHDjo5lMNG/default.jpg,False,False,False,Auto-generated sample description for Sports video.
havs5zB6iTS,24.02.12,Why This Music Video Went Viral,Channel_3069,5,2024-12-01T00:00:00.000Z,2024|music|review,5837,242,17,72,https://i.ytimg.com/vi/QMpHYhkRlZn/default.jpg,False,False,False,Auto-generated sample description for Music video.
x2gAuu2KZIg,24.26.10,Official Entertainment Highlights,Channel_2417,18,2024-10-25T12:00:00.000Z,trending|review|music,9129,542,30,55,https://i.ytimg.com/vi/KH2YVnNmrST/default.jpg,False,False,False,Auto-generated sample description for Entertainment video.
3Y4mGNDfEiN,24.16.10,Official Music Highlights,Channel_2274,8,2024-10-15T10:00:00.000Z,official|trending|music,12944,721,42,152,https://i.ytimg.com/vi/OxXXV_k2Ka_/default.jpg,False,False,False,Auto-generated sample description for Music video.
TCmFm0fzvKL,24.21.11,Behind the Scenes: Entertainment,Channel_3430,12,2024-11-17T13:00:00.000Z,trending|official|vlog,202206,11999,1813,3965,https://i.ytimg.com/vi/l99FMI35SGS/default.jpg,False,False,False,Auto-generated sample description for Entertainment video.
oLeicNeZC_Q,24.09.03,Why This Music Video Went Viral,Channel_332,5,2024-03-08T11:00:00.000Z,trending|music|2024,64678,4640,296,783,https://i.ytimg.com/vi/YjdNaDloPnm/default.jpg,False,False,False,Auto-generated sample description for Music video.
hse7twh20n-,24.21.05,Why This Music Video Went Viral,Channel_2644,8,2024-05-19T16:00:00.000Z,trending|review|official,8749,453,77,145,https://i.ytimg.com/vi/Cm-hzANy1T5/default.jpg,False,False,False,Auto-generated sample description for Music video.
4chWqWneeQa,24.28.03,Behind the Scenes: Sports,Channel_2112,9,2024-03-25T20:00:00.000Z,review|official|2024,5131,377,10,83,https://i.ytimg.com/vi/kj-Gwl8m0YS/default.jpg,False,False,False,Auto-generated sample description for Sports video.
VHmhxqw9Qhs,24.01.11,Official Music Highlights,Channel_2222,5,2024-10-31T14:00:00.000Z,live|music|vlog,16372,252,36,60,https://i.ytimg.com/vi/1W09sAVYG09/default.jpg,False,False,False,Auto-generated sample description for Music video.
zBZP7ll6a1f,24.04.11,Top 10 Music Moments This Week,Channel_3487,8,2024-11-03T15:00:00.000Z,live|review|trending,241885,7656,1620,1679,https://i.ytimg.com/vi/RoBJJ9xUjQF/default.jpg,False,False,False,Auto-generated sample description for Music video.
ruBcFNMRrIB,24.24.05,Top 10 Music Moments This Week,Channel_1503,5,2024-05-23T13:00:00.000Z,2024|review|official,13466,652,122,36,https://i.ytimg.com/vi/9fzGb0kWo7t/default.jpg,False,False,False,Auto-generated sample description for Music video.
17LvKji4MWq,24.19.12,Behind the Scenes: Gaming,Channel_3209,4,2024-12-17T20:00:00.000Z,music|review|trending,9073,365,21,111,https://i.ytimg.com/vi/bndip49b62T/default.jpg,False,False,False,Auto-generated sample description for Gaming video.
t8zUcGXkMxQ,24.23.02,Behind the Scenes: Music,Channel_342,8,2024-02-23T07:00:00.000Z,trending|music|official,137103,5040,365,1668,https://i.ytimg.com/vi/I6gEzBXbILk/default.jpg,False,False,False,Auto-generated sample description for Music video.
_YMyz93KKRy,24.10.04,Comedy Compilation 2024,Channel_3540,10,2024-04-07T09:00:00.000Z,review|official|2024,1759,100,17,24,https://i.ytimg.com/vi/HVwdTociMGE/default.jpg,False,False,False,Auto-generated sample description for Comedy video.
ePQ5uYytEDO,24.23.03,Top 10 Nonprofits & Activism Moments This Week,Channel_1395,3,2024-03-19T08:00:00.000Z,official|live|trending,2757,165,5,33,https://i.ytimg.com/vi/tw80RR1zwYt/default.jpg,False,False,False,Auto-generated sample description for Nonprofits & Activism video.
lBoUvOUQtgR,24.08.01,Official Music Highlights,Channel_2417,8,2024-01-04T19:00:00.000Z,review|official|trending,37494,1048,278,259,https://i.ytimg.com/vi/FrT1P0x_deP/default.jpg,False,False,False,Auto-generated sample description for Music video.
5hUtRL3N5Sc,25.29.01,Behind the Scenes: Music,Channel_937,8,2025-01-27T18:00:00.000Z,vlog|live|trending,118910,7615,95,1311,https://i.ytimg.com/vi/4qzZyEY5_5z/default.jpg,False,False,False,Auto-generated sample description for Music video.
NooZemXfOsh,24.22.01,Reacting to Entertainment Trends,Channel_1177,18,2024-01-20T08:00:00.000Z,review|music|live,402733,24757,3933,1710,https://i.ytimg.com/vi/vXLbl_F5ovn/default.jpg,False,False,False,Auto-generated sample description for Entertainment video.
VGbAXyDcyCK,24.20.04,Official Howto & Style Highlights,Channel_4904,11,2024-04-16T18:00:00.000Z,official|music|trending,834,44,2,16,https://i.ytimg.com/vi/JnAFZ9tVnQh/default.jpg,False,False,False,Auto-generated sample description for Howto & Style video.
IBZyVOGiGk4,24.22.01,Reacting to Entertainment Trends,Channel_485,18,2024-01-20T08:00:00.000Z,live|official|trending,1929,139,8,21,https://i.ytimg.com/vi/qJqEykzy-eX/default.jpg,False,False,False,Auto-generated sample description for Entertainment video.
-zh-5pZ0wmF,24.10.08,Official Sports Highlights,Channel_3350,9,2024-08-10T01:00:00.000Z,2024|official|music,22413,1716,135,129,https://i.ytimg.com/vi/pOiCz5VdKn0/default.jpg,False,False,False,Auto-generated sample description for Sports video.
prb4tp5mkTm,24.14.03,Reacting to Science & Technology Trends,Channel_4946,14,2024-03-13T18:00:00.000Z,trending|vlog|review,172417,1992,209,110,https://i.ytimg.com/vi/hzQSq-9lrzv/default.jpg,False,False,False,Auto-generated sample description for Science & Technology video.
r0ngylZ5lVP,24.18.05,Reacting to Gaming Trends,Channel_1347,4,2024-05-16T10:00:00.000Z,trending|live|music,23172,1667,201,107,https://i.ytimg.com/vi/CDE4qiD74mX/default.jpg,False,False,False,Auto-generated sample description for Gaming video.
IAjCddqm-mY,24.27.05,Official Comedy Highlights,Channel_2361,10,2024-05-25T06:00:00.000Z,2024|official|live,155800,4163,995,2133,https://i.ytimg.com/vi/tPi2VBq9lvI/default.jpg,False,False,False,Auto-generated sample description for Comedy video.
U2nNS23k1kf,24.31.05,Why This Music Video Went Viral,Channel_2954,8,2024-05-31T08:00:00.000Z,official|music|live,27431,1639,225,326,https://i.ytimg.com/vi/j_fbuQMgnHR/default.jpg,False,False,False,Auto-generated sample description for Music video.
3bSmSXospUi,24.30.03,Why This Entertainment Video Went Viral,Channel_3862,12,2024-03-30T13:00:00.000Z,vlog|2024|official,106022,7507,685,1279,https://i.ytimg.com/vi/_46QbyIe0aE/default.jpg,False,False,False,Auto-generated sample description for Entertainment video.
TBM6b3ojVoP,24.06.02,Why This Entertainment Video Went Viral,Channel_2225,18,2024-02-05T03:00:00.000Z,2024|review|live,191036,9726,177,1255,https://i.ytimg.com/vi/1E2oLS8iYCe/default.jpg,False,False,False,Auto-generated sample description for Entertainment video.
U33zIl0pjfT,24.02.04,Entertainment Compilation 2024,Channel_1269,12,2024-03-29T17:00:00.000Z,live|official|music,343585,9867,237,2845,https://i.ytimg.com/vi/UyISXiEmM0l/default.jpg,False,False,False,Auto-generated sample description for Entertainment video.
3ZrpKOzyggn,24.19.09,Nonprofits & Activism Compilation 2024,Channel_2285,3,2024-09-17T09:00:00.000Z,trending|2024|live,3698,195,27,28,https://i.ytimg.com/vi/qvqZ7Yx_T_z/default.jpg,False,False,False,Auto-generated sample description for Nonprofits & Activism video.
vh3DQ9G5aH_,24.06.08,Top 10 Entertainment Moments This Week,Channel_1079,12,2024-08-04T11:00:00.000Z,music|official|vlog,22843,1493,98,428,https://i.ytimg.com/vi/rmCbHRKcKAA/default.jpg,False,False,False,Auto-generated sample description for Entertainment video.
RpIjUfstpNw,24.28.07,Reacting to Entertainment Trends,Channel_1423,12,2024-07-25T07:00:00.000Z,trending|live|vlog,48722,3787,343,348,https://i.ytimg.com/vi/6UJGQ0pKOSW/default.jpg,False,False,False,Auto-generated sample description for Entertainment video.
I6kMGBsiStC,24.04.07,Reacting to Sports Trends,Channel_3461,1,2024-06-30T07:00:00.000Z,music|trending|review,241887,17064,1207,1734,https://i.ytimg.com/vi/HJ0MFD_envF/default.jpg,False,False,False,Auto-generated sample description for Sports video.
Sd7m6TzjVjF,25.07.01,Music Compilation 2024,Channel_1177,5,2025-01-04T13:00:00.000Z,trending|live|official,12986,865,57,171,https://i.ytimg.com/vi/VZKDHCljjnF/default.jpg,False,False,False,Auto-generated sample description for Music video.
bNeqz91DM6H,24.31.08,Entertainment Compilation 2024,Channel_2209,12,2024-08-31T08:00:00.000Z,2024|official|live,67796,1289,382,523,https://i.ytimg.com/vi/09m9jDY-Kz_/default.jpg,False,False,False,Auto-generated sample description for Entertainment video.
jBtg61wtb2w,24.08.05,Behind the Scenes: Film & Animation,Channel_3992,6,2024-05-04T06:00:00.000Z,2024|vlog|trending,7471,516,72,32,https://i.ytimg.com/vi/XrJq2KkgGP6/default.jpg,False,False,False,Auto-generated sample description for Film & Animation video.
EHW_l1c1DIS,24.22.06,Why This Gaming Video Went Viral,Channel_1562,2,2024-06-20T09:00:00.000Z,review|2024|official,3782,282,33,19,https://i.ytimg.com/vi/GfyemdaK4i5/default.jpg,False,False,False,Auto-generated sample description for Gaming video.
Y6IBhDqhQbS,24.24.10,Behind the Scenes: Entertainment,Channel_3769,18,2024-10-22T04:00:00.000Z,trending|vlog|official,119979,2659,940,592,https://i.ytimg.com/vi/xXBDUUe-zq8/default.jpg,False,False,False,Auto-generated sample description for Entertainment video.
6D86VLz3Utd,24.04.03,Why This Entertainment Video Went Viral,Channel_2317,18,2024-03-03T08:00:00.000Z,2024|music|official,17490,703,169,249,https://i.ytimg.com/vi/SczXzcCjlZK/default.jpg,False,False,False,Auto-generated sample description for Entertainment video.
e57S_Ho_pNq,25.02.02,Top 10 Music Moments This Week,Channel_434,8,2025-01-30T03:00:00.000Z,music|vlog|official,14890,369,33,260,https://i.ytimg.com/vi/NtDwvJMZwwy/default.jpg,False,False,False,Auto-generated sample description for Music video.
5nyVte77J7S,24.15.06,Behind the Scenes: Entertainment,Channel_3169,18,2024-06-13T16:00:00.000Z,review|2024|official,222560,10352,528,1287,https://i.ytimg.com/vi/Pi8cPptJI8S/default.jpg,False,False,False,Auto-generated sample description for Entertainment video.
5hFn214v3DN,24.17.02,Reacting to Entertainment Trends,Channel_3347,18,2024-02-17T07:00:00.000Z,trending|2024|vlog,20494,343,121,52,https://i.ytimg.com/vi/yPVySKU2viL/default.jpg,False,False,False,Auto-generated sample description for Entertainment video.
7pPZAEqFkHg,24.30.03,Behind the Scenes: Comedy,Channel_3298,10,2024-03-30T12:00:00.000Z,2024|live|review,7832,356,51,12,https://i.ytimg.com/vi/-zWp77_4aCd/default.jpg,False,False,False,Auto-generated sample description for Comedy video.
ezPucUEI6tU,24.23.01,Entertainment Compilation 2024,Channel_13,12,2024-01-19T10:00:00.000Z,music|trending|live,101874,1174,933,907,https://i.ytimg.com/vi/XEnJ7Pzg-A_/default.jpg,False,False,False,Auto-generated sample description for Entertainment video.
0YcKekWMhSl,24.08.08,Why This Entertainment Video Went Viral,Channel_2489,18,2024-08-07T04:00:00.000Z,2024|official|live,27248,726,267,467,https://i.ytimg.com/vi/PEswu14ppi_/default.jpg,False,False,False,Auto-generated sample description for Entertainment video.
NoKI2NZyCxm,24.27.02,Behind the Scenes: Entertainment,Channel_2444,12,2024-02-24T16:00:00.000Z,live|trending|2024,1792,102,6,1,https://i.ytimg.com/vi/xyv98pExswh/default.jpg,False,False,False,Auto-generated sample description for Entertainment video.
X4p6LaUvIqV,24.05.04,Why This Music Video Went Viral,Channel_1080,8,2024-04-05T21:00:00.000Z,live|trending|official,201878,10384,1549,2635,https://i.ytimg.com/vi/JIaVBqVlL-T/default.jpg,False,False,False,Auto-generated sample description for Music video.
Xdwklme0jPA,24.21.03,Why This Music Video Went Viral,Channel_3430,5,2024-03-19T11:00:00.000Z,official|music|trending,120057,3077,866,1375,https://i.ytimg.com/vi/JIy_wCxVhUi/default.jpg,False,False,False,Auto-generated sample description for Music video.
CSsLLtpESak,24.17.03,Music Compilation 2024,Channel_550,8,2024-03-16T10:00:00.000Z,official|2024|trending,16328,211,40,316,https://i.ytimg.com/vi/_zjQ5hBUO7b/default.jpg,False,False,False,Auto-generated sample description for Music video.
0JYyzjEkIPL,24.23.07,Behind the Scenes: Music,Channel_4223,5,2024-07-20T22:00:00.000Z,review|2024|vlog,55348,2793,403,715,https://i.ytimg.com/vi/5SdsGfXb7OG/default.jpg,False,False,False,Auto-generated sample description for Music video.
3DFNtRgQnK9,24.02.09,Official Sports Highlights,Channel_1144,1,2024-08-29T20:00:00.000Z,vlog|trending|2024,3283,191,16,42,https://i.ytimg.com/vi/7u96nr2bg_h/default.jpg,False,False,False,Auto-generated sample description for Sports video.
wQJjiZG1ykT,24.14.10,Top 10 Music Moments This Week,Channel_2457,8,2024-10-11T21:00:00.000Z,vlog|review|music,6579,342,21,111,https://i.ytimg.com/vi/KdW-fdjduNH/default.jpg,False,False,False,Auto-generated sample description for Music video.
3KUpI1WJxjh,24.23.07,Film & Animation Compilation 2024,Channel_3026,7,2024-07-22T07:00:00.000Z,official|review|trending,311306,5186,1949,2442,https://i.ytimg.com/vi/6qELtQNyn2Z/default.jpg,False,False,False,Auto-generated sample description for Film & Animation video.
u7a6EZIHz7V,24.31.01,Reacting to Gaming Trends,Channel_4388,4,2024-01-30T06:00:00.000Z,live|vlog|2024,38145,1870,110,589,https://i.ytimg.com/vi/9-tMMc-o1HG/default.jpg,False,False,False,Auto-generated sample description for Gaming video.
LxZYQPfveUn,24.28.08,Why This Entertainment Video Went Viral,Channel_387,18,2024-08-25T08:00:00.000Z,trending|music|official,120661,8324,832,1637,https://i.ytimg.com/vi/bMHxkILaAdn/default.jpg,False,False,False,Auto-generated sample description for Entertainment video.
kkd_KaFvEhz,24.06.02,Why This Gaming Video Went Viral,Channel_1896,4,2024-02-03T00:00:00.000Z,2024|trending|music,184166,8783,915,894,https://i.ytimg.com/vi/Z7DR8RVxpnV/default.jpg,False,False,False,Auto-generated sample description for Gaming video.
tdVbv6hRaY8,24.12.09,Top 10 Entertainment Moments This Week,Channel_4206,12,2024-09-08T04:00:00.000Z,review|vlog|official,10335,615,55,95,https://i.ytimg.com/vi/yXQLIgTfSYY/default.jpg,False,False,False,Auto-generated sample description for Entertainment video.
yl2wCBohEGd,24.19.07,Comedy Compilation 2024,Channel_327,10,2024-07-18T07:00:00.000Z,trending|live|vlog,4589,292,13,44,https://i.ytimg.com/vi/lhHIJDBjCB8/default.jpg,False,False,False,Auto-generated sample description for Comedy video.
lfhLDyfRBzY,24.27.03,Top 10 Entertainment Moments This Week,Channel_2044,18,2024-03-27T22:00:00.000Z,music|2024|vlog,10403,712,54,23,https://i.ytimg.com/vi/cXvV-Y2TuZd/default.jpg,False,False,False,Auto-generated sample description for Entertainment video.
UL2x7cArm3z,25.26.01,Reacting to Music Trends,Channel_3440,5,2025-01-25T12:00:00.000Z,trending|2024|official,63542,1574,292,474,https://i.ytimg.com/vi/0Oiy6_wffBi/default.jpg,False,False,False,Auto-generated sample description for Music video.
Zi3oqGTSyeJ,24.19.12,Behind the Scenes: Music,Channel_1043,5,2024-12-19T18:00:00.000Z,2024|live|music,232214,3482,2160,1674,https://i.ytimg.com/vi/tDYGm8IDwEK/default.jpg,False,False,False,Auto-generated sample description for Music video.
qHz09zn4SgT,24.30.09,Top 10 Entertainment Moments This Week,Channel_4485,12,2024-09-26T01:00:00.000Z,trending|2024|official,30385,2413,247,282,https://i.ytimg.com/vi/ruimqhTLWiy/default.jpg,False,False,False,Auto-generated sample description for Entertainment video.
2u5LvVNkkyc,24.28.11,Comedy Compilation 2024,Channel_947,10,2024-11-25T18:00:00.000Z,vlog|music|official,126231,7595,1024,2449,https://i.ytimg.com/vi/v9PqRtU5Vw1/default.jpg,False,False,False,Auto-generated sample description for Comedy video.
POOQYXLaXd1,24.16.11,Top 10 People & Blogs Moments This Week,Channel_2032,15,2024-11-14T08:00:00.000Z,music|live|trending,632,8,6,5,https://i.ytimg.com/vi/da4oMnlwkxM/default.jpg,False,False,False,Auto-generated sample description for People & Blogs video.
ar84HVogYhD,24.04.03,Official Music Highlights,Channel_1433,5,2024-03-02T11:00:00.000Z,vlog|2024|live,1001175,79393,2510,10296,https://i.ytimg.com/vi/VzYNmd6KIdd/default.jpg,False,True,False,Auto-generated sample description for Music video.
ysa0BBRY1gy,24.21.10,Behind the Scenes: Film & Animation,Channel_1876,6,2024-10-18T03:00:00.000Z,trending|official|music,11329,667,94,185,https://i.ytimg.com/vi/RrG5Q7MTKV4/default.jpg,False,False,False,Auto-generated sample description for Film & Animation video.
zpk4KOL4XSh,24.20.10,Official Sports Highlights,Channel_903,1,2024-10-18T19:00:00.000Z,vlog|official|live,48092,3037,348,613,https://i.ytimg.com/vi/cpg0mQmjuG7/default.jpg,False,False,False,Auto-generated sample description for Sports video.
0_eLtYvDNV8,24.30.04,Entertainment Compilation 2024,Channel_1958,12,2024-04-27T03:00:00.000Z,live|trending|review,58906,3953,399,818,https://i.ytimg.com/vi/cyMPt8t8Zmz/default.jpg,False,False,False,Auto-generated sample description for Entertainment video.
4dfLAZGd2Om,24.27.08,Top 10 Film & Animation Moments This Week,Channel_4307,7,2024-08-26T02:00:00.000Z,review|trending|official,5355,204,28,4,https://i.ytimg.com/vi/UaDpOvNuojX/default.jpg,False,False,False,Auto-generated sample description for Film & Animation video.
SvIZBlGw8sY,24.18.11,Behind the Scenes: Music,Channel_1290,5,2024-11-17T00:00:00.000Z,review|trending|music,769565,37877,7463,7777,https://i.ytimg.com/vi/qQwDg2TLny8/default.jpg,False,False,False,Auto-generated sample description for Music video.
7gF9nFqxiaB,24.26.08,Howto & Style Compilation 2024,Channel_2629,11,2024-08-25T11:00:00.000Z,vlog|review|music,15505,230,147,160,https://i.ytimg.com/vi/YNXEWAOE7zx/default.jpg,False,False,False,Auto-generated sample description for Howto & Style video.
o_tCJnwDw1Y,24.03.01,Behind the Scenes: Music,Channel_1748,5,2024-01-01T15:00:00.000Z,vlog|review|live,22865,1299,38,217,https://i.ytimg.com/vi/VSIJo9fa-Io/default.jpg,False,False,False,Auto-generated sample description for Music video.
U1GnMXR055p,24.27.12,Top 10 Gaming Moments This Week,Channel_1110,2,2024-12-25T11:00:00.000Z,music|live|review,4992,380,7,11,https://i.ytimg.com/vi/0qgR29j5AD1/default.jpg,False,False,False,Auto-generated sample description for Gaming video.
KCmkQ-Zr_fi,24.31.08,Official Music Highlights,Channel_4026,5,2024-08-30T07:00:00.000Z,vlog|trending|official,20679,881,131,393,https://i.ytimg.com/vi/jjehT0fOrUR/default.jpg,False,False,False,Auto-generated sample description for Music video.
YvvWDy03xBI,25.06.01,Reacting to News & Politics Trends,Channel_2788,17,2025-01-02T10:00:00.000Z,trending|2024|music,113600,5743,668,130,https://i.ytimg.com/vi/PC5lSIw-2X7/default.jpg,False,False,False,Auto-generated sample description for News & Politics video.
3gOn_I09aXI,25.29.01,Reacting to Comedy Trends,Channel_789,10,2025-01-25T09:00:00.000Z,music|vlog|2024,19387,636,48,152,https://i.ytimg.com/vi/KNQ1wIDoIGz/default.jpg,False,False,False,Auto-generated sample description for Comedy video.
igRjEMvF1lf,24.05.09,Behind the Scenes: Music,Channel_1417,8,2024-09-01T06:00:00.000Z,official|trending|vlog,42268,1304,253,723,https://i.ytimg.com/vi/R8JND0JInV5/default.jpg,False,False,False,Auto-generated sample description for Music video.
ikWi0buScMt,24.27.06,Reacting to Music Trends,Channel_735,8,2024-06-23T20:00:00.000Z,official|review|vlog,22292,1752,149,206,https://i.ytimg.com/vi/tHloyU95CDa/default.jpg,False,False,False,Auto-generated sample description for Music video.
eafii_6px_n,24.16.05,Why This Entertainment Video Went Viral,Channel_4587,18,2024-05-16T09:00:00.000Z,review|official|trending,20377,436,17,138,https://i.ytimg.com/vi/bWabOABCjWx/default.jpg,False,False,False,Auto-generated sample description for Entertainment video.
jKphILFnxha,24.20.01,Sports Compilation 2024,Channel_1513,1,2024-01-16T14:00:00.000Z,vlog|2024|review,3396,258,9,47,https://i.ytimg.com/vi/NMByl2VbIKA/default.jpg,False,False,False,Auto-generated sample description for Sports video.
QxxcVSctLz2,24.04.01,Why This Music Video Went Viral,Channel_106,5,2024-01-03T08:00:00.000Z,live|vlog|review,30756,2064,39,230,https://i.ytimg.com/vi/SQ3u0rPBRK2/default.jpg,False,False,False,Auto-generated sample description for Music video.
ZZQn8UVHASb,24.02.04,Entertainment Compilation 2024,Channel_390,18,2024-03-30T11:00:00.000Z,vlog|official|trending,17009,520,141,105,https://i.ytimg.com/vi/zDGlKMkb0an/default.jpg,False,False,False,Auto-generated sample description for Entertainment video.
N2e3th-owwd,24.29.04,Why This Sports Video Went Viral,Channel_1745,9,2024-04-28T22:00:00.000Z,music|official|review,16746,1121,91,327,https://i.ytimg.com/vi/wtsAhON-OI0/default.jpg,False,False,False,Auto-generated sample description for Sports video.
dfhZRjl-FzC,24.23.01,Official Entertainment Highlights,Channel_614,18,2024-01-21T08:00:00.000Z,trending|2024|music,54007,1987,327,526,https://i.ytimg.com/vi/yCNeqjLGmt6/default.jpg,False,False,False,Auto-generated sample description for Entertainment video.
u6JHCItEwMz,24.19.08,Entertainment Compilation 2024,Channel_553,12,2024-08-15T16:00:00.000Z,2024|live|music,145983,11198,1398,1536,https://i.ytimg.com/vi/meRACorngQl/default.jpg,False,False,False,Auto-generated sample description for Entertainment video.
PmeCPAmrbXH,24.24.09,Reacting to Entertainment Trends,Channel_2995,12,2024-09-22T03:00:00.000Z,trending|official|2024,900,54,4,15,https://i.ytimg.com/vi/93-VshFJ_Ur/default.jpg,False,False,False,Auto-generated sample description for Entertainment video.
UOPnvFsOlym,25.18.01,Official Comedy Highlights,Channel_4444,10,2025-01-16T22:00:00.000Z,official|trending|vlog,5530,133,36,72,https://i.ytimg.com/vi/081GAYcQ4G-/default.jpg,False,False,False,Auto-generated sample description for Comedy video.
EzFAs2nDovP,24.17.05,Official Sports Highlights,Channel_4132,1,2024-05-17T14:00:00.000Z,official|2024|live,24383,483,237,200,https://i.ytimg.com/vi/KwoMkW_qF6S/default.jpg,False,False,False,Auto-generated sample description for Sports video.
Sfo3ohRliWq,24.17.02,Top 10 Entertainment Moments This Week,Channel_935,18,2024-02-16T05:00:00.000Z,review|official|music,22086,1574,163,190,https://i.ytimg.com/vi/cUg_aNpVHBH/default.jpg,False,False,False,Auto-generated sample description for Entertainment video.
snvUp2NnzAz,24.19.07,Behind the Scenes: Sports,Channel_4500,9,2024-07-17T06:00:00.000Z,review|music|trending,16173,312,96,123,https://i.ytimg.com/vi/q8pDZPsf-d2/default.jpg,False,False,False,Auto-generated sample description for Sports video.
lG8YXXl8jwB,24.27.09,Official Sports Highlights,Channel_3203,1,2024-09-24T21:00:00.000Z,2024|review|live,125899,2036,673,1580,https://i.ytimg.com/vi/9DadeXQmCS_/default.jpg,False,False,False,Auto-generated sample description for Sports video.
uiCFUF9Ffw4,24.03.09,Why This Music Video Went Viral,Channel_912,5,2024-09-02T19:00:00.000Z,trending|2024|official,5575,394,51,94,https://i.ytimg.com/vi/6tc-YCpThif/default.jpg,False,False,False,Auto-generated sample description for Music video.
fCJHWhpZVQr,24.09.11,Music Compilation 2024,Channel_2251,8,2024-11-06T09:00:00.000Z,official|review|2024,24735,547,66,88,https://i.ytimg.com/vi/VG813_fKvEl/default.jpg,False,False,False,Auto-generated sample description for Music video.
q-NMxccxpVn,24.05.09,Reacting to Music Trends,Channel_77,5,2024-09-04T19:00:00.000Z,music|review|official,42697,1632,384,381,https://i.ytimg.com/vi/90EeNWU-tcS/default.jpg,False,False,False,Auto-generated sample description for Music video.
LRHhmVLq-kp,24.26.01,Behind the Scenes: Sports,Channel_1802,1,2024-01-23T01:00:00.000Z,music|vlog|live,19026,383,107,302,https://i.ytimg.com/vi/nG8dIAuGBUQ/default.jpg,True,False,False,Auto-generated sample description for Sports video.
xutGpJxCMNK,24.28.01,Music Compilation 2024,Channel_3950,5,2024-01-25T11:00:00.000Z,official|2024|live,3957,150,15,23,https://i.ytimg.com/vi/QoQ85H91Vts/default.jpg,False,False,False,Auto-generated sample description for Music video.
tFalpfS3ds2,24.13.11,Top 10 Entertainment Moments This Week,Channel_387,18,2024-11-10T14:00:00.000Z,trending|review|2024,4807,230,9,31,https://i.ytimg.com/vi/J2DKS2gioNy/default.jpg,False,False,False,Auto-generated sample description for Entertainment video.
j9-Z5-VZmAz,24.06.02,Top 10 Comedy Moments This Week,Channel_335,10,2024-02-03T13:00:00.000Z,music|vlog|2024,11105,163,99,81,https://i.ytimg.com/vi/jD7cF0utjmK/default.jpg,False,False,False,Auto-generated sample description for Comedy video.
ic6XjBrNdQL,24.09.11,Behind the Scenes: Film & Animation,Channel_3566,7,2024-11-09T16:00:00.000Z,review|trending|live,25962,1375,115,424,https://i.ytimg.com/vi/j8f5XrhqPDy/default.jpg,False,False,False,Auto-generated sample description for Film & Animation video.
5gW0CQUdILh,24.31.12,Top 10 Nonprofits & Activism Moments This Week,Channel_2405,3,2024-12-27T19:00:00.000Z,2024|official|live,7529,489,21,41,https://i.ytimg.com/vi/sQP99JVdX_e/default.jpg,False,False,False,Auto-generated sample description for Nonprofits & Activism video.
dxJSzob5IXJ,24.24.11,Why This Entertainment Video Went Viral,Channel_2972,12,2024-11-22T09:00:00.000Z,vlog|trending|2024,265250,4959,153,3785,https://i.ytimg.com/vi/7aLEBH6R_Zx/default.jpg,False,False,False,Auto-generated sample description for Entertainment video.
tFuCNlNmoSI,24.08.08,Why This Entertainment Video Went Viral,Channel_336,12,2024-08-04T17:00:00.000Z,vlog|trending|official,12227,281,13,236,https://i.ytimg.com/vi/uXsZ7-UdNPZ/default.jpg,False,False,False,Auto-generated sample description for Entertainment video.
lLRLLik_l0k,25.08.01,Top 10 Sports Moments This Week,Channel_728,1,2025-01-05T03:00:00.000Z,official|music|2024,57259,2446,381,734,https://i.ytimg.com/vi/0c0IlJerHSa/default.jpg,False,False,False,Auto-generated sample description for Sports video.
JWV0wtZo0CS,24.07.02,Why This Entertainment Video Went Viral,Channel_3768,18,2024-02-05T00:00:00.000Z,2024|vlog|trending,12122,425,87,65,https://i.ytimg.com/vi/7YBlCcaX97E/default.jpg,False,False,False,Auto-generated sample description for Entertainment video.
SPhRLFOWtIX,24.01.04,Official Music Highlights,Channel_1678,5,2024-03-31T16:00:00.000Z,music|trending|review,25884,1332,105,16,https://i.ytimg.com/vi/93GWsyBQOPK/default.jpg,False,False,False,Auto-generated sample description for Music video.
I1pnjXTtPMu,24.27.10,Music Compilation 2024,Channel_4709,5,2024-10-25T13:00:00.000Z,live|official|2024,485020,32519,3914,6585,https://i.ytimg.com/vi/Tehueo9WB7-/default.jpg,False,False,False,Auto-generated sample description for Music video.
2APinzjr8nM,24.14.09,Behind the Scenes: Film & Animation,Channel_2584,6,2024-09-14T13:00:00.000Z,official|music|2024,3679,287,31,50,https://i.ytimg.com/vi/R6j9_dcBnqV/default.jpg,False,True,False,Auto-generated sample description for Film & Animation video.
4JzkKW6gCZq,24.12.06,Behind the Scenes: Entertainment,Channel_4377,18,2024-06-08T07:00:00.000Z,official|vlog|review,209864,7087,1687,2580,https://i.ytimg.com/vi/CMOSL09HUXx/default.jpg,False,False,False,Auto-generated sample description for Entertainment video.
3trmkdjCMPH,24.18.08,Top 10 News & Politics Moments This Week,Channel_160,17,2024-08-17T04:00:00.000Z,2024|trending|live,16301,1090,69,160,https://i.ytimg.com/vi/TOU0VwEj_ke/default.jpg,False,False,False,Auto-generated sample description for News & Politics video.
djpuJAwxLMI,24.22.06,Official Entertainment Highlights,Channel_3454,12,2024-06-19T12:00:00.000Z,official|trending|review,191180,10883,911,671,https://i.ytimg.com/vi/gNFFeSNzqx5/default.jpg,False,False,False,Auto-generated sample description for Entertainment video.
aQe5-KshrRm,24.03.10,Reacting to Music Trends,Channel_1775,8,2024-10-01T20:00:00.000Z,music|live|2024,129349,3398,752,1117,https://i.ytimg.com/vi/sznzhbYCNGN/default.jpg,False,False,False,Auto-generated sample description for Music video.
XREkDFC22M4,24.25.02,Top 10 Film & Animation Moments This Week,Channel_191,7,2024-02-23T15:00:00.000Z,review|vlog|2024,1339,13,12,21,https://i.ytimg.com/vi/gje9x8S-8H0/default.jpg,True,False,False,Auto-generated sample description for Film & Animation video.
kshGZG0osP4,24.01.04,Top 10 Film & Animation Moments This Week,Channel_1790,7,2024-03-29T18:00:00.000Z,review|official|live,39722,1243,249,424,https://i.ytimg.com/vi/7DlYrphDl1s/default.jpg,False,False,False,Auto-generated sample description for Film & Animation video.
TPio2tE1V00,24.02.03,Behind the Scenes: Film & Animation,Channel_2816,7,2024-03-01T20:00:00.000Z,live|review|vlog,21034,1600,195,346,https://i.ytimg.com/vi/DW_NEXFMn_H/default.jpg,False,False,False,Auto-generated sample description for Film & Animation video.
hPc89pxXSFZ,24.06.12,Reacting to Entertainment Trends,Channel_995,18,2024-12-06T00:00:00.000Z,trending|vlog|review,138568,10840,373,609,https://i.ytimg.com/vi/ZjVKoTRiwDN/default.jpg,False,False,False,Auto-generated sample description for Entertainment video.
ZRQClxiv71a,25.05.01,Top 10 Entertainment Moments This Week,Channel_4128,12,2025-01-02T17:00:00.000Z,vlog|trending|live,140345,8656,710,1146,https://i.ytimg.com/vi/qDLGTQZlQjb/default.jpg,False,False,False,Auto-generated sample description for Entertainment video.
0xFGqukKhOa,24.18.04,Behind the Scenes: Music,Channel_2367,8,2024-04-14T18:00:00.000Z,review|official|trending,12511,877,36,237,https://i.ytimg.com/vi/Rusbuv479Ho/default.jpg,False,False,False,Auto-generated sample description for Music video.
c8ivxpyICuu,24.19.07,Reacting to Entertainment Trends,Channel_2714,18,2024-07-19T01:00:00.000Z,music|vlog|trending,1086376,28311,1354,7774,https://i.ytimg.com/vi/-36MD3VTc0n/default.jpg,False,False,False,Auto-generated sample description for Entertainment video.
cheOfxSOxiY,24.20.01,Reacting to Music Trends,Channel_2797,5,2024-01-19T03:00:00.000Z,vlog|music|2024,94652,2140,742,642,https://i.ytimg.com/vi/G5SrB_zIhcj/default.jpg,False,False,False,Auto-generated sample description for Music video.
PbiXIhLJOYu,24.01.08,Why This Gaming Video Went Viral,Channel_1858,2,2024-07-28T14:00:00.000Z,2024|official|live,17610,441,43,152,https://i.ytimg.com/vi/DgnqINUCVQC/default.jpg,False,False,False,Auto-generated sample description for Gaming video.
52PAo20tGXL,24.13.08,Why This Music Video Went Viral,Channel_2712,8,2024-08-10T03:00:00.000Z,music|official|review,15712,375,74,231,https://i.ytimg.com/vi/hP8d2DK4aFh/default.jpg,False,False,False,Auto-generated sample description for Music video.
Da8DVsjqG1H,24.23.12,Reacting to Entertainment Trends,Channel_2469,18,2024-12-22T22:00:00.000Z,review|official|2024,7928,270,59,153,https://i.ytimg.com/vi/GffY-V0nVmA/default.jpg,False,False,False,Auto-generated sample description for Entertainment video.
4L9Qit-NPCh,24.01.02,Sports Compilation 2024,Channel_4710,1,2024-01-28T07:00:00.000Z,official|vlog|music,2204,47,10,34,https://i.ytimg.com/vi/M0rS0wuGrkT/default.jpg,False,False,False,Auto-generated sample description for Sports video.
lREWSiM8QsE,24.29.11,Top 10 Gaming Moments This Week,Channel_2674,2,2024-11-28T06:00:00.000Z,trending|2024|official,23240,715,218,167,https://i.ytimg.com/vi/bBeHZLVpZID/default.jpg,False,False,False,Auto-generated sample description for Gaming video.
78b6ZgdkdoI,24.22.07,Top 10 Music Moments This Week,Channel_3928,8,2024-07-21T09:00:00.000Z,vlog|official|2024,20416,293,90,294,https://i.ytimg.com/vi/INM7kibDERF/default.jpg,False,False,False,Auto-generated sample description for Music video.
6rae59BdNvf,25.12.01,Entertainment Compilation 2024,Channel_616,18,2025-01-11T04:00:00.000Z,trending|review|official,23379,647,18,451,https://i.ytimg.com/vi/Sn5iaNLy68n/default.jpg,False,False,False,Auto-generated sample description for Entertainment video.
90MEvANjKE2,24.24.02,Behind the Scenes: Music,Channel_4513,8,2024-02-24T12:00:00.000Z,vlog|live|official,12821,511,114,113,https://i.ytimg.com/vi/4XPzXCnjbXi/default.jpg,False,False,False,Auto-generated sample description for Music video.
d3UcE5tp1iD,24.20.09,Entertainment Compilation 2024,Channel_1358,12,2024-09-16T00:00:00.000Z,live|2024|official,10398,524,98,64,https://i.ytimg.com/vi/UBuLt0v8PoL/default.jpg,False,False,False,Auto-generated sample description for Entertainment video.
GJrcH4YISU0,24.24.01,Entertainment Compilation 2024,Channel_2803,18,2024-01-23T14:00:00.000Z,live|2024|official,25163,675,37,397,https://i.ytimg.com/vi/9bxQ2hAXn7n/default.jpg,False,False,False,Auto-generated sample description for Entertainment video.
PqPdFUTDXFQ,24.28.05,Behind the Scenes: Entertainment,Channel_4942,12,2024-05-28T11:00:00.000Z,review|vlog|trending,6621,513,20,83,https://i.ytimg.com/vi/gsY2sm0jNzV/default.jpg,False,False,False,Auto-generated sample description for Entertainment video.
sKRzgMxlwjz,24.12.05,Reacting to Nonprofits & Activism Trends,Channel_1435,3,2024-05-08T15:00:00.000Z,trending|review|music,33179,2176,125,17,https://i.ytimg.com/vi/FIpLwz0AGNA/default.jpg,False,False,False,Auto-generated sample description for Nonprofits & Activism video.
-PbHMCzwAlw,24.30.07,Official Music Highlights,Channel_1754,5,2024-07-26T12:00:00.000Z,2024|official|review,2508,157,23,33,https://i.ytimg.com/vi/UhyiHZGA9bq/default.jpg,False,False,False,Auto-generated sample description for Music video.
v-jTKalAIoQ,24.27.11,Official Music Highlights,Channel_460,5,2024-11-25T19:00:00.000Z,music|vlog|2024,51205,2360,399,63,https://i.ytimg.com/vi/Zd8r17PzvK7/default.jpg,False,False,False,Auto-generated sample description for Music video.
ga4V_nw-ZNk,24.18.01,Behind the Scenes: Science & Technology,Channel_2602,14,2024-01-15T12:00:00.000Z,review|vlog|official,2833,56,26,4,https://i.ytimg.com/vi/VvkvnYZ1qH9/default.jpg,False,True,False,Auto-generated sample description for Science & Technology video.
UXlbxnUFWNt,24.10.12,Why This Science & Technology Video Went Viral,Channel_1568,14,2024-12-06T02:00:00.000Z,2024|trending|live,95885,4651,761,1184,https://i.ytimg.com/vi/dNSYF9IYCwE/default.jpg,False,False,False,Auto-generated sample description for Science & Technology video.
iis2L2Op9fu,24.27.02,Reacting to Music Trends,Channel_2263,5,2024-02-26T01:00:00.000Z,2024|official|music,51096,3713,202,968,https://i.ytimg.com/vi/2ovIuNHmmgh/default.jpg,False,False,False,Auto-generated sample description for Music video.
JbhsoAqyHYr,24.06.08,Music Compilation 2024,Channel_655,8,2024-08-03T02:00:00.000Z,official|review|2024,173749,13509,901,2634,https://i.ytimg.com/vi/RAoK83I05cs/default.jpg,False,False,False,Auto-generated sample description for Music video.
pTMAkLFBhwr,24.30.09,Music Compilation 2024,Channel_789,5,2024-09-26T10:00:00.000Z,live|music|2024,75600,4228,210,426,https://i.ytimg.com/vi/qn6d3ePOdCv/default.jpg,False,False,False,Auto-generated sample description for Music video.
kW8dE25Zt2N,24.21.10,Music Compilation 2024,Channel_395,8,2024-10-20T08:00:00.000Z,trending|vlog|music,9325,285,73,16,https://i.ytimg.com/vi/gMlQagGJjGn/default.jpg,False,False,False,Auto-generated sample description for Music video.
kwGFuqFiyrz,24.26.08,Why This Music Video Went Viral,Channel_3190,8,2024-08-23T05:00:00.000Z,review|live|official,64988,4776,191,1298,https://i.ytimg.com/vi/f1b_xHWyYQs/default.jpg,False,False,False,Auto-generated sample description for Music video.
yZTLsbinmIq,24.23.11,Behind the Scenes: Entertainment,Channel_1946,18,2024-11-20T17:00:00.000Z,vlog|live|official,265635,12539,462,4354,https://i.ytimg.com/vi/_8nizmgcb8J/default.jpg,False,False,False,Auto-generated sample description for Entertainment video.
wF-4W845wBN,24.02.09,Official Music Highlights,Channel_1451,8,2024-08-29T02:00:00.000Z,live|review|trending,43246,1924,293,161,https://i.ytimg.com/vi/zGHrYEmU5bT/default.jpg,False,False,False,Auto-generated sample description for Music video.
F9_nzVq1d3A,24.20.09,Behind the Scenes: Gaming,Channel_3349,2,2024-09-20T09:00:00.000Z,official|live|review,891,57,2,16,https://i.ytimg.com/vi/heh6jYDUXb8/default.jpg,False,True,False,Auto-generated sample description for Gaming video.
rsvlQBTw_xM,24.01.10,Top 10 Sports Moments This Week,Channel_2679,9,2024-10-01T06:00:00.000Z,review|2024|live,4644,169,37,74,https://i.ytimg.com/vi/GOUwpsvXKFJ/default.jpg,False,False,False,Auto-generated sample description for Sports video.
5omCjgPjFnw,24.18.07,Why This Entertainment Video Went Viral,Channel_286,18,2024-07-16T11:00:00.000Z,music|live|2024,595621,24816,4105,6486,https://i.ytimg.com/vi/x3amDUdQ1CR/default.jpg,False,False,False,Auto-generated sample description for Entertainment video.
kbGOXklrbSv,24.08.05,Reacting to Music Trends,Channel_1479,8,2024-05-04T14:00:00.000Z,official|vlog|review,5779,126,3,27,https://i.ytimg.com/vi/aOooRCXGWKH/default.jpg,False,False,False,Auto-generated sample description for Music video.
OEKiDIWVr2l,24.06.02,Why This People & Blogs Video Went Viral,Channel_1184,15,2024-02-04T15:00:00.000Z,2024|vlog|review,80644,6441,40,339,https://i.ytimg.com/vi/yNNDhOE-2zH/default.jpg,False,False,False,Auto-generated sample description for People & Blogs video.
e3hEwjxRF5i,24.07.05,Official Music Highlights,Channel_2506,8,2024-05-05T11:00:00.000Z,live|review|music,23580,751,211,46,https://i.ytimg.com/vi/zknAXxpByT1/default.jpg,False,False,False,
nKfutWQgAoY,24.11.06,Behind the Scenes: Comedy,Channel_4788,10,2024-06-08T19:00:00.000Z,official|trending|review,28445,1494,230,482,https://i.ytimg.com/vi/XtN4zyfOgjM/default.jpg,False,False,True,Auto-generated sample description for Comedy video.
5NP46giGpu5,25.09.01,Sports Compilation 2024,Channel_1047,9,2025-01-07T03:00:00.000Z,official|vlog|trending,19511,230,131,377,https://i.ytimg.com/vi/k05iG63EddR/default.jpg,False,False,False,Auto-generated sample description for Sports video.
BqIQ3K9gVGS,24.12.07,Top 10 Entertainment Moments This Week,Channel_3711,18,2024-07-12T04:00:00.000Z,vlog|music|trending,540403,21160,2930,10782,https://i.ytimg.com/vi/ajwl_yq9Ulv/default.jpg,False,False,False,Auto-generated sample description for Entertainment video.
afRQmmsuUFB,24.26.01,Behind the Scenes: Comedy,Channel_4002,10,2024-01-26T18:00:00.000Z,live|trending|official,6650,306,61,106,https://i.ytimg.com/vi/H9uCp9Is3ak/default.jpg,False,False,False,Auto-generated sample description for Comedy video.
eddvDRygi7N,24.06.07,Music Compilation 2024,Channel_3431,8,2024-07-03T21:00:00.000Z,trending|official|review,26492,1279,146,176,https://i.ytimg.com/vi/eVM5AP78BM2/default.jpg,False,False,False,Auto-generated sample description for Music video.
WD9HTwc-iWf,24.03.04,People & Blogs Compilation 2024,Channel_4462,13,2024-04-03T05:00:00.000Z,vlog|review|music,58354,4398,119,228,https://i.ytimg.com/vi/Mj_aiIjmOoo/default.jpg,False,False,False,Auto-generated sample description for People & Blogs video.
i6Jce37QJu5,24.20.09,Behind the Scenes: Gaming,Channel_2744,2,2024-09-17T09:00:00.000Z,review|2024|vlog,21593,1045,56,55,https://i.ytimg.com/vi/7jiq4B9ZvRx/default.jpg,False,False,False,Auto-generated sample description for Gaming video.
mnn57Kvvtwq,24.14.09,Why This Music Video Went Viral,Channel_3755,5,2024-09-12T17:00:00.000Z,official|music|trending,13988,880,136,78,https://i.ytimg.com/vi/QwAjuMpPOPm/default.jpg,False,False,False,Auto-generated sample description for Music video.
uk0gVFUAGfK,24.30.11,Official Music Highlights,Channel_4061,5,2024-11-30T02:00:00.000Z,vlog|official|review,96111,2403,638,947,https://i.ytimg.com/vi/araIQjzGve9/default.jpg,False,False,False,Auto-generated sample description for Music video.
Ebu0FFyCqBw,24.26.08,Why This Comedy Video Went Viral,Channel_4451,10,2024-08-22T18:00:00.000Z,music|vlog|review,1098,47,7,2,https://i.ytimg.com/vi/OsdoflbsPPl/default.jpg,False,False,False,Auto-generated sample description for Comedy video.
DSEGG_bFJXU,24.30.01,Why This Nonprofits & Activism Video Went Viral,Channel_3823,16,2024-01-30T22:00:00.000Z,live|2024|music,5876,272,53,64,https://i.ytimg.com/vi/CAR3AyxGNAI/default.jpg,False,False,False,Auto-generated sample description for Nonprofits & Activism video.
SqERaWNMPln,24.12.09,Reacting to Comedy Trends,Channel_1062,10,2024-09-12T03:00:00.000Z,2024|music|review,26738,354,151,309,https://i.ytimg.com/vi/pdq6YPiW1x4/default.jpg,False,False,False,Auto-generated sample description for Comedy video.
OBDAx0nX-AZ,25.04.02,Why This Music Video Went Viral,Channel_702,8,2025-02-03T18:00:00.000Z,review|2024|vlog,56244,765,46,317,https://i.ytimg.com/vi/kNBdu68_wzt/default.jpg,False,False,False,Auto-generated sample description for Music video.
TDxTbnLRIyt,24.11.12,Why This Gaming Video Went Viral,Channel_1140,2,2024-12-11T03:00:00.000Z,official|2024|music,12265,920,83,206,https://i.ytimg.com/vi/HyRVy68owre/default.jpg,False,True,False,Auto-generated sample description for Gaming video.
c0zMscWUfT0,24.09.12,Why This Entertainment Video Went Viral,Channel_1353,18,2024-12-06T15:00:00.000Z,official|2024|trending,68248,3522,623,444,https://i.ytimg.com/vi/qbXYzEvpJI5/default.jpg,False,False,False,Auto-generated sample description for Entertainment video.
tPtxd1nfWsn,24.25.08,Behind the Scenes: Film & Animation,Channel_3801,6,2024-08-23T00:00:00.000Z,live|music|review,6164,282,42,98,https://i.ytimg.com/vi/tQQv_2sKHh9/default.jpg,False,False,False,Auto-generated sample description for Film & Animation video.
OhqVhZNSuSz,24.29.05,Why This Gaming Video Went Viral,Channel_1633,4,2024-05-27T18:00:00.000Z,official|live|2024,421813,30064,231,610,https://i.ytimg.com/vi/vJVVUmKaBFO/default.jpg,False,True,False,Auto-generated sample description for Gaming video.
rVjw0vJ4eR_,24.20.06,Official Nonprofits & Activism Highlights,Channel_127,16,2024-06-20T16:00:00.000Z,review|2024|trending,3008,176,15,35,https://i.ytimg.com/vi/xucf_NoVjno/default.jpg,False,False,False,Auto-generated sample description for Nonprofits & Activism video.
qjtMqLzEhLK,24.29.05,Entertainment Compilation 2024,Channel_3980,18,2024-05-26T14:00:00.000Z,review|official|vlog,40787,2357,30,288,https://i.ytimg.com/vi/y8SohOqghut/default.jpg,False,False,False,Auto-generated sample description for Entertainment video.
ZbfFjq08iHr,24.18.01,Official Film & Animation Highlights,Channel_4863,6,2024-01-18T18:00:00.000Z,live|2024|music,2269,67,4,44,https://i.ytimg.com/vi/gggwgrWkWKp/default.jpg,False,False,False,
mDA74MNuS-j,24.13.01,Official Comedy Highlights,Channel_1483,10,2024-01-11T03:00:00.000Z,official|music|vlog,132049,7250,665,1520,https://i.ytimg.com/vi/yNOb9mag9SI/default.jpg,False,False,False,Auto-generated sample description for Comedy video.
VKMJ6VCSRZ_,24.04.06,Reacting to People & Blogs Trends,Channel_4736,13,2024-06-04T08:00:00.000Z,review|live|2024,3590,173,18,70,https://i.ytimg.com/vi/rUk1ynQyunV/default.jpg,False,False,False,Auto-generated sample description for People & Blogs video.
VKUWIuex97Y,24.17.03,Sports Compilation 2024,Channel_2403,1,2024-03-17T10:00:00.000Z,live|review|2024,19336,285,34,31,https://i.ytimg.com/vi/gcIlfzi24zn/default.jpg,False,False,False,Auto-generated sample description for Sports video.
2fOPD3txncn,24.08.05,Reacting to Entertainment Trends,Channel_4895,18,2024-05-05T14:00:00.000Z,review|official|2024,17502,764,27,27,https://i.ytimg.com/vi/-XXLWRl5FvY/default.jpg,False,False,False,Auto-generated sample description for Entertainment video.
m22R7IjW7LS,25.11.01,Film & Animation Compilation 2024,Channel_1191,7,2025-01-07T11:00:00.000Z,music|vlog|live,9884,162,22,173,https://i.ytimg.com/vi/u52pCg9nbTa/default.jpg,False,False,False,Auto-generated sample description for Film & Animation video.
hWNmV6fczko,24.26.10,Top 10 Music Moments This Week,Channel_2289,8,2024-10-22T10:00:00.000Z,review|trending|live,56876,3185,378,526,https://i.ytimg.com/vi/jwzeX8DOe4O/default.jpg,False,False,False,Auto-generated sample description for Music video.
yEqIAVSe_ad,24.23.01,Gaming Compilation 2024,Channel_3719,2,2024-01-20T09:00:00.000Z,trending|review|official,12380,451,21,49,https://i.ytimg.com/vi/ktovPNTajyo/default.jpg,False,False,False,Auto-generated sample description for Gaming video.
6VkNGa9nFmw,24.13.05,Top 10 Sports Moments This Week,Channel_1309,1,2024-05-11T05:00:00.000Z,2024|vlog|official,11068,387,6,115,https://i.ytimg.com/vi/oX9RVchrx-V/default.jpg,False,False,False,Auto-generated sample description for Sports video.
J_xFvTTodVv,25.30.01,Top 10 Gaming Moments This Week,Channel_3560,4,2025-01-30T14:00:00.000Z,music|trending|official,7044,229,65,87,https://i.ytimg.com/vi/Y9N67qHJOBQ/default.jpg,False,False,False,Auto-generated sample description for Gaming video.
KEHKtL_IM_8,24.18.02,Why This Film & Animation Video Went Viral,Channel_2841,7,2024-02-18T14:00:00.000Z,trending|2024|official,5123,361,46,57,https://i.ytimg.com/vi/biYqN7VHyLK/default.jpg,False,False,False,Auto-generated sample description for Film & Animation video.
pyiQxavCEeM,25.15.01,Top 10 Entertainment Moments This Week,Channel_420,18,2025-01-12T15:00:00.000Z,review|2024|live,15087,374,21,138,https://i.ytimg.com/vi/7O18R8yIhYX/default.jpg,False,False,False,Auto-generated sample description for Entertainment video.
3tFOByeDLAQ,24.04.05,Official Sports Highlights,Channel_4219,9,2024-05-01T08:00:00.000Z,live|vlog|review,5014,134,29,72,https://i.ytimg.com/vi/_Ml4WyKAzs6/default.jpg,False,False,False,Auto-generated sample description for Sports video.
o8_PMVQU5Qf,25.06.01,Why This Film & Animation Video Went Viral,Channel_1059,7,2025-01-06T18:00:00.000Z,music|live|trending,5024,177,32,67,https://i.ytimg.com/vi/r_0OfMYcQeR/default.jpg,False,False,False,Auto-generated sample description for Film & Animation video.
fwe4_jDgMIW,24.05.08,Top 10 Music Moments This Week,Channel_1931,8,2024-08-03T10:00:00.000Z,review|vlog|2024,49382,3804,202,761,https://i.ytimg.com/vi/JuWEPLWkLWe/default.jpg,False,False,False,Auto-generated sample description for Music video.
gjTEuVX1qeI,25.11.01,Why This Music Video Went Viral,Channel_126,5,2025-01-08T00:00:00.000Z,official|trending|live,69310,2236,535,754,https://i.ytimg.com/vi/f44i-a9uXfv/default.jpg,False,False,False,Auto-generated sample description for Music video.
AdNtywkDxeZ,24.29.08,Why This Entertainment Video Went Viral,Channel_1565,12,2024-08-25T02:00:00.000Z,live|vlog|review,128900,8157,1130,2035,https://i.ytimg.com/vi/DIkJu-jHI91/default.jpg,False,False,False,Auto-generated sample description for Entertainment video.
aWG4zWh0S6p,24.01.12,Sports Compilation 2024,Channel_2250,9,2024-11-29T18:00:00.000Z,official|2024|live,135557,1623,70,2020,https://i.ytimg.com/vi/_aUURAdnWsY/default.jpg,False,False,False,Auto-generated sample description for Sports video.
i-cW0kjBlGs,25.18.01,Reacting to Music Trends,Channel_1501,8,2025-01-15T22:00:00.000Z,live|review|official,51690,3798,351,379,https://i.ytimg.com/vi/En8VdYTn5--/default.jpg,False,False,False,Auto-generated sample description for Music video.
OGY6xOqMSJD,25.21.01,Why This Entertainment Video Went Viral,Channel_4702,12,2025-01-18T16:00:00.000Z,trending|live|2024,240677,18190,1899,677,https://i.ytimg.com/vi/792WFwyGjLl/default.jpg,False,False,False,Auto-generated sample description for Entertainment video.
0WNv59Znx1t,24.03.07,Top 10 Music Moments This Week,Channel_372,8,2024-07-01T16:00:00.000Z,vlog|2024|official,40626,430,125,282,https://i.ytimg.com/vi/9SHTQvf7j8b/default.jpg,False,False,False,Auto-generated sample description for Music video.
jqgdmHuRCjR,24.26.05,Official People & Blogs Highlights,Channel_2118,15,2024-05-25T05:00:00.000Z,official|review|vlog,1219,33,9,19,https://i.ytimg.com/vi/n4YyDqnh7so/default.jpg,False,False,False,Auto-generated sample description for People & Blogs video.
dF3dJMhwXBx,24.29.10,Behind the Scenes: Comedy,Channel_2276,10,2024-10-28T11:00:00.000Z,music|live|official,3999,256,31,69,https://i.ytimg.com/vi/WeN8vONQEu5/default.jpg,False,False,False,Auto-generated sample description for Comedy video.
n1gc8cMpS2f,24.10.01,Reacting to Music Trends,Channel_2120,5,2024-01-06T04:00:00.000Z,trending|live|music,8390,250,12,27,https://i.ytimg.com/vi/umyJYbZFdyP/default.jpg,False,False,False,Auto-generated sample description for Music video.
kdQ6vtUfZSq,25.28.01,Top 10 Music Moments This Week,Channel_504,5,2025-01-24T08:00:00.000Z,vlog|review|2024,110065,4101,303,1321,https://i.ytimg.com/vi/AgsbjfhKJeY/default.jpg,False,False,False,Auto-generated sample description for Music video.
uQXoAqbhe78,24.18.01,Why This Music Video Went Viral,Channel_3669,5,2024-01-14T16:00:00.000Z,live|review|official,15096,982,92,96,https://i.ytimg.com/vi/SmO9ZSLOHgo/default.jpg,False,False,False,Auto-generated sample description for Music video.
hBdWhkxzsb9,25.31.01,Top 10 Entertainment Moments This Week,Channel_1821,18,2025-01-30T01:00:00.000Z,trending|music|review,6555,82,11,53,https://i.ytimg.com/vi/ULVJTg0Blvf/default.jpg,False,False,False,Auto-generated sample description for Entertainment video.
qqx_xoI6R4Z,24.20.07,Official People & Blogs Highlights,Channel_3916,15,2024-07-20T06:00:00.000Z,live|vlog|review,20320,362,32,37,https://i.ytimg.com/vi/3wcDtafpnUt/default.jpg,False,False,False,Auto-generated sample description for People & Blogs video.
kFRwInM7_lh,24.08.08,Reacting to Entertainment Trends,Channel_4989,18,2024-08-08T17:00:00.000Z,music|2024|vlog,41296,2524,283,571,https://i.ytimg.com/vi/2hWzhKMjllU/default.jpg,False,False,False,Auto-generated sample description for Entertainment video.
yVIqWWWyGC0,24.15.01,Why This Entertainment Video Went Viral,Channel_4695,12,2024-01-11T19:00:00.000Z,live|trending|music,21179,1254,78,109,https://i.ytimg.com/vi/wG4Wi7Mi3Ic/default.jpg,False,False,False,Auto-generated sample description for Entertainment video.
RIlUtnkBZV7,24.16.04,Behind the Scenes: Entertainment,Channel_1077,18,2024-04-13T06:00:00.000Z,vlog|live|official,15400,482,39,69,https://i.ytimg.com/vi/uquuuTzmS53/default.jpg,False,False,False,Auto-generated sample description for Entertainment video.
sw0nZkysn4i,24.02.05,Top 10 Music Moments This Week,Channel_4198,8,2024-05-02T04:00:00.000Z,2024|review|trending,24293,320,86,328,https://i.ytimg.com/vi/wbhWPVTpRmq/default.jpg,False,False,False,Auto-generated sample description for Music video.
SnwCej2tYbQ,24.19.05,Top 10 Entertainment Moments This Week,Channel_1326,12,2024-05-17T20:00:00.000Z,trending|music|live,243223,5004,344,3677,https://i.ytimg.com/vi/O1DTu3r6iVs/default.jpg,False,False,False,Auto-generated sample description for Entertainment video.
oAvjkQhAzUJ,24.10.05,Music Compilation 2024,Channel_1182,8,2024-05-06T06:00:00.000Z,official|music|2024,45745,1074,405,134,https://i.ytimg.com/vi/rKf26h8UoYe/default.jpg,False,False,False,Auto-generated sample description for Music video.
5t77inWaioi,24.29.01,Official Entertainment Highlights,Channel_733,18,2024-01-25T01:00:00.000Z,live|trending|review,3218,188,8,12,https://i.ytimg.com/vi/lxwrfX_oFyX/default.jpg,False,False,False,Auto-generated sample description for Entertainment video.
OLajuTW_lpk,24.29.07,Behind the Scenes: Entertainment,Channel_3679,18,2024-07-27T04:00:00.000Z,live|review|music,328030,7833,2598,652,https://i.ytimg.com/vi/O2rmuXmWdIg/default.jpg,False,False,False,Auto-generated sample description for Entertainment video.
anydUZg9gr5,24.17.07,Entertainment Compilation 2024,Channel_3393,12,2024-07-16T18:00:00.000Z,live|review|trending,275791,5393,2566,5085,https://i.ytimg.com/vi/Wo49D0KE9ye/default.jpg,False,False,False,Auto-generated sample description for Entertainment video.
WE7RbkbFEyz,24.26.10,Reacting to People & Blogs Trends,Channel_4810,13,2024-10-24T17:00:00.000Z,music|official|trending,20199,520,26,177,https://i.ytimg.com/vi/V3R-XKSGyJw/default.jpg,False,False,False,Auto-generated sample description for People & Blogs video.
H6duPUGxcDj,24.12.06,Reacting to Entertainment Trends,Channel_1158,18,2024-06-10T20:00:00.000Z,2024|official|live,177594,9270,1663,608,https://i.ytimg.com/vi/cff_5q2lNvP/default.jpg,True,False,False,Auto-generated sample description for Entertainment video.
cjLn6DObNtK,24.29.06,Gaming Compilation 2024,Channel_2504,4,2024-06-27T00:00:00.000Z,2024|official|review,15463,655,143,276,https://i.ytimg.com/vi/9ICJekVvzEg/default.jpg,False,False,False,Auto-generated sample description for Gaming video.
XG02gzMaWPN,24.11.12,Top 10 Music Moments This Week,Channel_681,8,2024-12-10T00:00:00.000Z,trending|2024|live,7568,203,34,70,https://i.ytimg.com/vi/fTB_1bag0Ko/default.jpg,False,False,False,Auto-generated sample description for Music video.
asxWsijP9GX,24.21.04,Entertainment Compilation 2024,Channel_58,12,2024-04-20T20:00:00.000Z,official|2024|trending,45027,2410,158,178,https://i.ytimg.com/vi/Vnba9mdsqYt/default.jpg,False,False,False,Auto-generated sample description for Entertainment video.
CB-PWTYBIlw,24.28.10,Behind the Scenes: Howto & Style,Channel_65,11,2024-10-24T11:00:00.000Z,review|vlog|live,1114,84,1,19,https://i.ytimg.com/vi/ALtW-J9uLLW/default.jpg,True,False,False,Auto-generated sample description for Howto & Style video.
VkAgPinkZPi,24.18.02,Why This Sports Video Went Viral,Channel_4138,9,2024-02-18T11:00:00.000Z,live|vlog|review,4406,307,10,32,https://i.ytimg.com/vi/6EqVFVEB1zM/default.jpg,False,False,False,Auto-generated sample description for Sports video.
DJHhK6eBvGO,24.04.10,Official Music Highlights,Channel_2459,8,2024-10-01T14:00:00.000Z,music|trending|live,57975,821,197,214,https://i.ytimg.com/vi/WJEOYuVV-gp/default.jpg,False,False,False,Auto-generated sample description for Music video.
NhFlrrKhsJZ,24.11.07,Official Music Highlights,Channel_3173,5,2024-07-11T14:00:00.000Z,review|2024|vlog,27015,465,68,402,https://i.ytimg.com/vi/YhR4OjoVjFd/default.jpg,False,False,False,Auto-generated sample description for Music video.
5N397MypZz-,24.20.08,Official Entertainment Highlights,Channel_3303,18,2024-08-17T17:00:00.000Z,official|2024|live,51473,2092,364,941,https://i.ytimg.com/vi/Xxlv-q55TTn/default.jpg,False,False,False,Auto-generated sample description for Entertainment video.
f9aQKeAUxkM,25.01.01,Entertainment Compilation 2024,Channel_4353,12,2024-12-30T13:00:00.000Z,official|live|trending,20117,1342,57,97,https://i.ytimg.com/vi/UbDkp9ErX2T/default.jpg,False,False,False,Auto-generated sample description for Entertainment video.
SbrM1yB0ksA,24.15.12,Why This Howto & Style Video Went Viral,Channel_529,11,2024-12-14T14:00:00.000Z,live|vlog|trending,2879,85,23,31,https://i.ytimg.com/vi/FaYCHPXsIOx/default.jpg,False,False,False,Auto-generated sample description for Howto & Style video.
0KQgNSHB9-M,24.18.06,Reacting to Gaming Trends,Channel_2882,2,2024-06-15T16:00:00.000Z,review|official|2024,101834,3887,791,558,https://i.ytimg.com/vi/_eTClaXJcyv/default.jpg,False,False,False,Auto-generated sample description for Gaming video.
TgOJUTmpqWN,25.07.01,Why This Gaming Video Went Viral,Channel_1814,4,2025-01-03T21:00:00.000Z,2024|trending|music,75903,4998,271,1315,https://i.ytimg.com/vi/bR4rvmQmK81/default.jpg,False,False,False,Auto-generated sample description for Gaming video.
H_8-jGXIFSh,24.24.11,Music Compilation 2024,Channel_4663,8,2024-11-22T05:00:00.000Z,music|vlog|trending,194169,12758,1292,1307,https://i.ytimg.com/vi/8QAUpWcEmdH/default.jpg,False,False,False,Auto-generated sample description for Music video.
XbncljSalie,24.01.08,Behind the Scenes: Gaming,Channel_1934,4,2024-07-29T11:00:00.000Z,2024|review|vlog,4520,99,36,43,https://i.ytimg.com/vi/BscUS8doti1/default.jpg,False,False,False,Auto-generated sample description for Gaming video.
vuWe8Oa7xcd,24.25.01,Official Music Highlights,Channel_2699,5,2024-01-25T21:00:00.000Z,trending|2024|review,24974,1125,74,485,https://i.ytimg.com/vi/Rozky3B2QBB/default.jpg,False,False,False,Auto-generated sample description for Music video.
opHNjZRMO8b,24.23.08,Behind the Scenes: Gaming,Channel_3121,2,2024-08-23T03:00:00.000Z,2024|vlog|review,133136,9777,885,908,https://i.ytimg.com/vi/iKIuU-lK7Gs/default.jpg,False,False,False,Auto-generated sample description for Gaming video.
lOjbHNSvnvU,24.17.12,Behind the Scenes: Music,Channel_1976,5,2024-12-16T08:00:00.000Z,vlog|official|2024,16044,463,35,134,https://i.ytimg.com/vi/gozlEy9YxVX/default.jpg,True,False,True,Auto-generated sample description for Music video.
puEuNSATyoo,25.14.01,Why This Sports Video Went Viral,Channel_2110,1,2025-01-13T10:00:00.000Z,2024|vlog|review,45201,3580,84,320,https://i.ytimg.com/vi/ApRTzjQTKX7/default.jpg,False,False,False,Auto-generated sample description for Sports video.
EwQ15aF2SXL,25.03.02,Why This Entertainment Video Went Viral,Channel_1534,12,2025-01-31T22:00:00.000Z,live|2024|trending,11664,143,41,137,https://i.ytimg.com/vi/rO2DHSYqPWq/default.jpg,False,False,False,Auto-generated sample description for Entertainment video.
wN7tXXsgo-B,24.04.03,Why This Comedy Video Went Viral,Channel_3979,10,2024-02-29T22:00:00.000Z,vlog|live|trending,30327,1470,284,409,https://i.ytimg.com/vi/9A1n5MpwNrW/default.jpg,True,False,False,Auto-generated sample description for Comedy video.
zvd2aCjSRhO,25.05.01,Reacting to Sports Trends,Channel_4676,9,2025-01-04T04:00:00.000Z,live|vlog|official,6127,342,54,29,https://i.ytimg.com/vi/-7Pn_J8uTq2/default.jpg,False,False,False,Auto-generated sample description for Sports video.
SanmkOR9Fpz,24.06.10,Official Entertainment Highlights,Channel_3135,18,2024-10-04T20:00:00.000Z,2024|official|vlog,20121,1534,14,349,https://i.ytimg.com/vi/eTGUhZ3CnYU/default.jpg,False,False,False,Auto-generated sample description for Entertainment video.
7EwdqLBlXnm,24.05.06,Top 10 Music Moments This Week,Channel_2791,8,2024-06-05T04:00:00.000Z,music|2024|vlog,370442,23106,2857,3269,https://i.ytimg.com/vi/m-9vhbRrS1e/default.jpg,False,False,False,Auto-generated sample description for Music video.
JmgX95YNnjE,24.26.10,Why This Entertainment Video Went Viral,Channel_3667,18,2024-10-22T09:00:00.000Z,vlog|2024|official,33678,1729,195,238,https://i.ytimg.com/vi/SzkWoXzFFJa/default.jpg,False,False,False,Auto-generated sample description for Entertainment video.
SqZiJ-NFHts,24.24.09,Behind the Scenes: Music,Channel_1357,5,2024-09-22T16:00:00.000Z,live|trending|music,9879,269,31,9,https://i.ytimg.com/vi/4UWP_-UuOn7/default.jpg,False,False,False,Auto-generated sample description for Music video.
CG6PjVIdPOg,24.29.06,Music Compilation 2024,Channel_2018,5,2024-06-28T12:00:00.000Z,live|review|official,109745,8424,822,1495,https://i.ytimg.com/vi/1rp-3qYKmUD/default.jpg,False,False,False,Auto-generated sample description for Music video.
M_NGzn9RBcl,24.06.07,Reacting to Film & Animation Trends,Channel_3135,7,2024-07-05T18:00:00.000Z,live|music|trending,92017,1088,466,449,https://i.ytimg.com/vi/mPo2ISj4czj/default.jpg,False,False,False,Auto-generated sample description for Film & Animation video.
P9FwWvceiwL,24.29.08,Why This Entertainment Video Went Viral,Channel_4836,18,2024-08-27T00:00:00.000Z,music|vlog|trending,57071,2355,297,331,https://i.ytimg.com/vi/XdNyaNjcvkl/default.jpg,False,False,False,Auto-generated sample description for Entertainment video.
Mjkn2TvFrz2,24.04.07,Reacting to Entertainment Trends,Channel_733,18,2024-06-30T06:00:00.000Z,review|official|vlog,27098,1155,265,95,https://i.ytimg.com/vi/1Ff80KLcgy-/default.jpg,False,False,False,Auto-generated sample description for Entertainment video.
WNk1hk4SeXb,24.13.08,Reacting to Music Trends,Channel_2401,8,2024-08-11T10:00:00.000Z,live|2024|official,30175,1403,136,554,https://i.ytimg.com/vi/oMm4bhKoZ4R/default.jpg,False,False,False,Auto-generated sample description for Music video.
HrYntD2bSJV,24.19.06,News & Politics Compilation 2024,Channel_4355,17,2024-06-15T13:00:00.000Z,trending|2024|live,2632,32,7,13,https://i.ytimg.com/vi/e3X1ywuAcd6/default.jpg,False,False,False,Auto-generated sample description for News & Politics video.
PhWoiWBOqDv,24.18.09,Music Compilation 2024,Channel_294,5,2024-09-15T14:00:00.000Z,official|review|2024,366944,8330,2016,3250,https://i.ytimg.com/vi/XwlcHbPKs2C/default.jpg,True,False,False,Auto-generated sample description for Music video.
EDYZpTABSGp,24.08.04,Top 10 Comedy Moments This Week,Channel_3668,10,2024-04-08T17:00:00.000Z,music|review|official,171776,2049,1329,2949,https://i.ytimg.com/vi/tPtjpZfigcw/default.jpg,False,False,False,Auto-generated sample description for Comedy video.
1p-hAY5cuuz,24.13.06,Official Music Highlights,Channel_2084,5,2024-06-10T03:00:00.000Z,2024|trending|official,35109,1143,93,460,https://i.ytimg.com/vi/ASwqiklom3x/default.jpg,False,False,False,Auto-generated sample description for Music video.
05LuT2b6LFr,24.20.05,Behind the Scenes: Comedy,Channel_3139,10,2024-05-16T22:00:00.000Z,2024|music|official,16304,211,135,321,https://i.ytimg.com/vi/YhlBPVFrbSX/default.jpg,False,False,False,Auto-generated sample description for Comedy video.
E9ZIS0PIrmZ,24.20.02,Top 10 Music Moments This Week,Channel_407,5,2024-02-19T17:00:00.000Z,2024|official|trending,15214,1132,120,255,https://i.ytimg.com/vi/_bmRmQnSI1a/default.jpg,False,False,False,Auto-generated sample description for Music video.
1kAag9hARz0,24.19.07,Official Comedy Highlights,Channel_4380,10,2024-07-19T09:00:00.000Z,official|2024|review,1186,31,9,21,https://i.ytimg.com/vi/7ADdCsL0aMK/default.jpg,False,False,False,Auto-generated sample description for Comedy video.
fQ7af8zAzLD,24.23.11,Behind the Scenes: Music,Channel_4657,8,2024-11-21T13:00:00.000Z,trending|official|review,184423,14653,1372,2858,https://i.ytimg.com/vi/cZFFlbILR9x/default.jpg,False,False,False,Auto-generated sample description for Music video.
m40jWSIshEJ,24.19.05,Top 10 Comedy Moments This Week,Channel_1857,10,2024-05-17T11:00:00.000Z,music|vlog|review,24571,292,201,426,https://i.ytimg.com/vi/DsDftSc0BTS/default.jpg,False,False,False,Auto-generated sample description for Comedy video.
Q9Nu-nBGhGy,24.31.10,Top 10 Music Moments This Week,Channel_1986,5,2024-10-28T00:00:00.000Z,vlog|official|live,97042,5385,229,1347,https://i.ytimg.com/vi/389bD3b93ev/default.jpg,False,False,False,Auto-generated sample description for Music video.
oI-ut8wlSrc,24.09.06,Reacting to Sports Trends,Channel_2688,9,2024-06-08T21:00:00.000Z,music|review|official,5102,367,48,60,https://i.ytimg.com/vi/za9NLFT0sCZ/default.jpg,False,False,False,Auto-generated sample description for Sports video.
89dwSZabSe7,24.13.04,Reacting to Film & Animation Trends,Channel_1505,7,2024-04-10T18:00:00.000Z,official|music|vlog,128,4,0,2,https://i.ytimg.com/vi/G9wMNyIW8Jf/default.jpg,False,False,False,Auto-generated sample description for Film & Animation video.
1d2xToYy3Gy,24.29.05,Behind the Scenes: Music,Channel_3835,5,2024-05-26T00:00:00.000Z,trending|live|music,32703,576,140,607,https://i.ytimg.com/vi/CGJUdQBjwBI/default.jpg,False,False,False,Auto-generated sample description for Music video.
fcTnpDd9yKM,24.05.04,Behind the Scenes: Sports,Channel_875,9,2024-04-01T13:00:00.000Z,trending|review|official,4493,227,17,30,https://i.ytimg.com/vi/DNaqnhfbPa-/default.jpg,False,False,False,Auto-generated sample description for Sports video.
CtE9WawhmoV,24.21.07,Why This Music Video Went Viral,Channel_1537,5,2024-07-19T19:00:00.000Z,review|music|trending,93232,5205,551,1328,https://i.ytimg.com/vi/X-GrcnyGNrX/default.jpg,False,False,False,Auto-generated sample description for Music video.
K-GLYxbWy0Y,24.18.11,Official Music Highlights,Channel_1011,8,2024-11-17T16:00:00.000Z,music|review|live,322830,15957,914,3533,https://i.ytimg.com/vi/w7K1SdQXLsn/default.jpg,False,False,False,Auto-generated sample description for Music video.
tFgHrWNldkf,24.03.09,Why This Film & Animation Video Went Viral,Channel_1728,7,2024-09-03T19:00:00.000Z,trending|vlog|live,276,5,1,1,https://i.ytimg.com/vi/yPqaccAQz46/default.jpg,False,False,False,Auto-generated sample description for Film & Animation video.
4C-R6d5DKWV,24.15.07,Top 10 Sports Moments This Week,Channel_4075,9,2024-07-12T03:00:00.000Z,official|trending|review,19443,1124,149,377,https://i.ytimg.com/vi/fJUhmD9habr/default.jpg,False,False,False,Auto-generated sample description for Sports video.
f5_t5Sl6dhR,24.11.06,Behind the Scenes: Music,Channel_4187,8,2024-06-07T10:00:00.000Z,review|live|trending,29958,2002,240,443,https://i.ytimg.com/vi/pZ-o26vdjfM/default.jpg,False,False,False,Auto-generated sample description for Music video.
Os0bAfsyHwT,24.07.11,Behind the Scenes: Music,Channel_3561,5,2024-11-03T00:00:00.000Z,review|music|trending,10910,557,76,30,https://i.ytimg.com/vi/oYOUBhQ6O3p/default.jpg,False,False,False,Auto-generated sample description for Music video.
MfaHgNCFcBx,24.24.03,Music Compilation 2024,Channel_3663,5,2024-03-22T00:00:00.000Z,official|2024|live,25865,562,205,438,https://i.ytimg.com/vi/Wx3ko4ARimq/default.jpg,False,False,False,Auto-generated sample description for Music video.
39gD9tU3daP,24.11.12,Comedy Compilation 2024,Channel_2972,10,2024-12-11T18:00:00.000Z,official|live|vlog,12559,273,73,135,https://i.ytimg.com/vi/16NtNkPbF88/default.jpg,False,False,False,Auto-generated sample description for Comedy video.
7dlGcTkc-B0,24.27.10,Reacting to Nonprofits & Activism Trends,Channel_3202,16,2024-10-26T19:00:00.000Z,official|vlog|2024,16686,754,82,61,https://i.ytimg.com/vi/lxU5LmrMcOF/default.jpg,False,False,False,Auto-generated sample description for Nonprofits & Activism video.
UWfS8gTvH03,24.13.04,Gaming Compilation 2024,Channel_2686,2,2024-04-11T20:00:00.000Z,trending|live|music,10132,533,99,139,https://i.ytimg.com/vi/RiZIw4tnlLv/default.jpg,False,False,False,Auto-generated sample description for Gaming video.
dWtr-yPInoM,24.22.11,Why This Nonprofits & Activism Video Went Viral,Channel_782,3,2024-11-18T17:00:00.000Z,vlog|trending|review,7754,108,8,91,https://i.ytimg.com/vi/Zw9id1tG4-n/default.jpg,False,False,False,Auto-generated sample description for Nonprofits & Activism video.
GsyBt37nYjW,24.02.01,Behind the Scenes: Science & Technology,Channel_512,14,2024-01-02T19:00:00.000Z,music|trending|2024,8919,476,57,70,https://i.ytimg.com/vi/T2EJ36LYX5s/default.jpg,False,False,False,Auto-generated sample description for Science & Technology video.
H420vh4MwIU,24.24.10,Why This Music Video Went Viral,Channel_4529,8,2024-10-21T12:00:00.000Z,live|official|trending,15527,1072,23,44,https://i.ytimg.com/vi/jAEZPqUFRkL/default.jpg,False,False,False,Auto-generated sample description for Music video.
uV-3NJAozS8,25.03.02,Reacting to Music Trends,Channel_4626,5,2025-01-31T17:00:00.000Z,official|music|review,216589,15563,1225,2496,https://i.ytimg.com/vi/NOGlTW3wol1/default.jpg,False,False,False,Auto-generated sample description for Music video.
-U37rUF7EMh,24.21.03,Behind the Scenes: Music,Channel_3634,5,2024-03-17T20:00:00.000Z,vlog|music|2024,155299,12325,1276,2519,https://i.ytimg.com/vi/baACQt1vGZq/default.jpg,False,False,False,Auto-generated sample description for Music video.
r02lg6KsImU,24.15.03,Official Entertainment Highlights,Channel_3786,18,2024-03-14T15:00:00.000Z,live|music|review,1074866,59702,6906,11959,https://i.ytimg.com/vi/P0a1YEu2c7Y/default.jpg,False,False,False,Auto-generated sample description for Entertainment video.
wprar8_SVhX,24.16.08,Reacting to Sports Trends,Channel_2972,9,2024-08-15T21:00:00.000Z,vlog|official|live,23828,1741,36,455,https://i.ytimg.com/vi/1Hx3KnKy3e8/default.jpg,False,False,False,Auto-generated sample description for Sports video.
gFXqwpdf_P-,24.01.09,Why This Music Video Went Viral,Channel_4169,5,2024-08-28T11:00:00.000Z,review|2024|live,20491,1095,112,303,https://i.ytimg.com/vi/DUi2bA3JNo3/default.jpg,False,False,False,Auto-generated sample description for Music video.
3haD2qzGHIr,24.14.08,Reacting to Music Trends,Channel_2356,8,2024-08-13T14:00:00.000Z,vlog|music|2024,121455,3523,988,893,https://i.ytimg.com/vi/dZ1G0VB_hcE/default.jpg,False,False,False,Auto-generated sample description for Music video.
xeFNAxDtR_B,24.11.01,Official Music Highlights,Channel_2628,5,2024-01-07T18:00:00.000Z,review|live|2024,722891,9288,2281,4958,https://i.ytimg.com/vi/iEiKGBzY4JE/default.jpg,False,False,False,Auto-generated sample description for Music video.
l1_t-mIqqhI,24.10.01,Music Compilation 2024,Channel_2021,5,2024-01-10T15:00:00.000Z,vlog|review|2024,119972,6284,563,359,https://i.ytimg.com/vi/7qtoe5_MkbT/default.jpg,False,False,False,Auto-generated sample description for Music video.
EHmOoNoiGlB,24.13.02,Official Entertainment Highlights,Channel_3122,18,2024-02-12T14:00:00.000Z,official|2024|vlog,23655,1544,174,400,https://i.ytimg.com/vi/A6eMzOGGliD/default.jpg,False,False,False,Auto-generated sample description for Entertainment video.
tMxTgMR5SZk,24.04.05,Reacting to Music Trends,Channel_3224,8,2024-04-30T02:00:00.000Z,review|music|official,73250,2570,121,1085,https://i.ytimg.com/vi/cbvcsiFJQnY/default.jpg,False,False,False,Auto-generated sample description for Music video.
zFAyFq4CSnD,24.29.11,Behind the Scenes: Entertainment,Channel_530,12,2024-11-26T19:00:00.000Z,music|vlog|live,35381,862,25,375,https://i.ytimg.com/vi/hyTzyag0TYD/default.jpg,False,False,False,Auto-generated sample description for Entertainment video.
Wvnt95c23fH,24.05.04,Behind the Scenes: Entertainment,Channel_1751,18,2024-04-05T13:00:00.000Z,live|trending|review,101590,7341,791,1812,https://i.ytimg.com/vi/c3EeagCJMyA/default.jpg,False,False,False,Auto-generated sample description for Entertainment video.
pmPELVCRl9h,24.10.05,Music Compilation 2024,Channel_3553,5,2024-05-06T09:00:00.000Z,official|music|live,35966,2567,270,562,https://i.ytimg.com/vi/cbKADnyDRP1/default.jpg,False,False,False,Auto-generated sample description for Music video.
