video_id,trending_date,title,channel_title,category_id,publish_time,tags,views,likes,dislikes,comment_count,thumbnail_link,comments_disabled,ratings_disabled,video_error_or_removed,description
83n1XgQNVN_,24.08.01,Why This Comedy Video Went Viral,Channel_2193,9,2024-01-04T12:00:00.000Z,trending|vlog|2024,38524,2029,134,284,https://i.ytimg.com/vi/OvBX3MpPuEj/default.jpg,False,False,False,Auto-generated sample description for Comedy video.
SA505DtcA6y,24.19.03,Music Compilation 2024,Channel_4170,5,2024-03-16T21:00:00.000Z,live|2024|trending,31433,829,83,360,https://i.ytimg.com/vi/ARNnKAlMFBb/default.jpg,False,False,False,Auto-generated sample description for Music video.
rOwqq2BQzcm,24.24.07,Top 10 Entertainment Moments This Week,Channel_3920,12,2024-07-21T16:00:00.000Z,official|live|review,42565,437,211,693,https://i.ytimg.com/vi/8PCu6IHEpau/default.jpg,False,False,False,Auto-generated sample description for Entertainment video.
JGzHNM7uNA5,24.13.08,Reacting to Music Trends,Channel_3702,19,2024-08-11T14:00:00.000Z,official|review|live,22083,787,184,123,https://i.ytimg.com/vi/vPIyAxWnqVF/default.jpg,False,False,False,Auto-generated sample description for Music video.
QWWRqc3ACJx,24.10.01,Behind the Scenes: Entertainment,Channel_3926,15,2024-01-09T11:00:00.000Z,live|2024|vlog,596848,24109,1415,5970,https://i.ytimg.com/vi/Jj87eNveHpG/default.jpg,False,False,False,Auto-generated sample description for Entertainment video.
hJ3NB5T4CJM,24.22.12,Why This People & Blogs Video Went Viral,Channel_509,3,2024-12-20T19:00:00.000Z,music|2024|vlog,9544,511,33,113,https://i.ytimg.com/vi/RHSRxlPhU0K/default.jpg,False,False,False,Auto-generated sample description for People & Blogs video.
3Fx2HSxJdJ9,24.04.03,Behind the Scenes: Music,Channel_4633,19,2024-03-04T21:00:00.000Z,2024|trending|official,13085,619,55,81,https://i.ytimg.com/vi/W5rvCebYvE6/default.jpg,False,False,False,Auto-generated sample description for Music video.
K6RUQvRQOxl,24.05.07,Top 10 Music Moments This Week,Channel_4096,19,2024-07-01T12:00:00.000Z,vlog|2024|live,14220,307,15,55,https://i.ytimg.com/vi/TVmeDkUmscf/default.jpg,False,False,False,Auto-generated sample description for Music video.
QCBf6y6xjD9,24.08.12,Top 10 Entertainment Moments This Week,Channel_157,15,2024-12-05T10:00:00.000Z,2024|vlog|live,123650,8177,711,547,https://i.ytimg.com/vi/h9lYxmsu2xh/default.jpg,False,False,False,Auto-generated sample description for Entertainment video.
AAGIrFmL1Eo,24.30.09,Top 10 Music Moments This Week,Channel_3562,5,2024-09-26T18:00:00.000Z,live|review|music,42083,1733,156,264,https://i.ytimg.com/vi/E20hx-8dBYw/default.jpg,True,False,False,Auto-generated sample description for Music video.
mhUtS027xJk,24.03.11,Behind the Scenes: Music,Channel_3255,5,2024-10-30T05:00:00.000Z,vlog|official|music,206395,13790,1740,2894,https://i.ytimg.com/vi/tt8tfgFRKzu/default.jpg,False,False,False,Auto-generated sample description for Music video.
x6IdVhPai6y,24.05.10,Entertainment Compilation 2024,Channel_3878,12,2024-10-03T03:00:00.000Z,vlog|review|live,39434,1119,190,652,https://i.ytimg.com/vi/ioqjrmP0BKn/default.jpg,False,False,False,Auto-generated sample description for Entertainment video.
r-jSL3zZ5B1,24.27.09,Why This Entertainment Video Went Viral,Channel_4210,12,2024-09-26T05:00:00.000Z,official|music|2024,46303,2712,106,693,https://i.ytimg.com/vi/eh850cv3X1s/default.jpg,False,False,False,Auto-generated sample description for Entertainment video.
QL5e7X3CAcM,24.02.10,Top 10 Music Moments This Week,Channel_3658,5,2024-10-02T09:00:00.000Z,music|review|trending,18147,1037,173,361,https://i.ytimg.com/vi/PsNgJo1e4C2/default.jpg,False,False,False,Auto-generated sample description for Music video.
2iiPV-twMis,24.09.03,Why This Entertainment Video Went Viral,Channel_1627,22,2024-03-07T08:00:00.000Z,trending|vlog|2024,369448,16152,2538,7132,https://i.ytimg.com/vi/S2byDkZ9Njl/default.jpg,False,False,False,Auto-generated sample description for Entertainment video.
v9yVEughfC-,24.01.06,Behind the Scenes: Entertainment,Channel_4685,22,2024-05-30T22:00:00.000Z,official|live|trending,5543,123,34,7,https://i.ytimg.com/vi/c2A0zQxgkP7/default.jpg,False,False,False,Auto-generated sample description for Entertainment video.
-Wnc35jVAUj,25.20.01,Behind the Scenes: Music,Channel_1583,5,2025-01-19T17:00:00.000Z,official|music|vlog,24737,1692,54,133,https://i.ytimg.com/vi/xCf5znG26D-/default.jpg,False,False,False,Auto-generated sample description for Music video.
5pAwK28QVhs,24.22.09,Reacting to Entertainment Trends,Channel_4532,15,2024-09-21T03:00:00.000Z,official|vlog|live,27890,1231,250,318,https://i.ytimg.com/vi/LgqHUiOp1c8/default.jpg,False,False,False,Auto-generated sample description for Entertainment video.
P_2TGTUl1tx,24.02.04,Reacting to Entertainment Trends,Channel_4723,12,2024-04-02T10:00:00.000Z,trending|live|review,22156,1133,129,144,https://i.ytimg.com/vi/M4VWKuBxQC5/default.jpg,False,False,False,Auto-generated sample description for Entertainment video.
gJBkUklcP0G,24.04.09,Entertainment Compilation 2024,Channel_148,12,2024-09-02T11:00:00.000Z,live|review|music,471585,32177,2906,8526,https://i.ytimg.com/vi/dIt7XPSvIsO/default.jpg,False,False,False,Auto-generated sample description for Entertainment video.
1Ot4EBqULA3,24.21.11,Entertainment Compilation 2024,Channel_3553,15,2024-11-19T03:00:00.000Z,vlog|2024|trending,4323,109,25,11,https://i.ytimg.com/vi/C6z7dO6A4xx/default.jpg,False,False,False,Auto-generated sample description for Entertainment video.
dH4Or7AQ9rP,24.12.02,Behind the Scenes: Entertainment,Channel_3548,12,2024-02-12T04:00:00.000Z,2024|music|trending,17857,375,50,177,https://i.ytimg.com/vi/odLBdtVZQ3G/default.jpg,False,False,False,Auto-generated sample description for Entertainment video.
aGP2wy5X82r,24.03.10,Why This Entertainment Video Went Viral,Channel_3962,12,2024-10-01T22:00:00.000Z,official|vlog|live,53258,3598,436,395,https://i.ytimg.com/vi/DPKcejBG6Oj/default.jpg,False,False,False,Auto-generated sample description for Entertainment video.
j_KKDpIJNWm,25.07.01,Behind the Scenes: Music,Channel_2181,5,2025-01-07T03:00:00.000Z,2024|review|official,23818,1536,51,218,https://i.ytimg.com/vi/WTKfSjkKhac/default.jpg,False,False,False,Auto-generated sample description for Music video.
XfFM-50yDZ2,24.05.11,Music Compilation 2024,Channel_2892,19,2024-11-01T04:00:00.000Z,music|official|trending,85175,880,145,750,https://i.ytimg.com/vi/ImqdTPy3p_q/default.jpg,False,False,False,Auto-generated sample description for Music video.
ZdN5mSZyotq,24.27.01,Reacting to Entertainment Trends,Channel_4482,15,2024-01-25T02:00:00.000Z,vlog|live|trending,239856,10192,2380,2822,https://i.ytimg.com/vi/Phrd-nlDIiz/default.jpg,False,False,False,Auto-generated sample description for Entertainment video.
ybNNHwqlBwx,25.28.01,Autos & Vehicles Compilation 2024,Channel_2196,4,2025-01-28T20:00:00.000Z,music|official|trending,3121,52,18,50,https://i.ytimg.com/vi/uvGK_swVd_V/default.jpg,False,False,False,Auto-generated sample description for Autos & Vehicles video.
xaWD3ZuNSsA,24.17.09,Why This Entertainment Video Went Viral,Channel_1298,12,2024-09-15T21:00:00.000Z,live|trending|official,9512,231,30,165,https://i.ytimg.com/vi/kgidXeFtOA9/default.jpg,False,False,False,Auto-generated sample description for Entertainment video.
TiZA_-8HcpL,24.09.10,Behind the Scenes: News & Politics,Channel_427,6,2024-10-05T18:00:00.000Z,trending|live|2024,14532,429,67,231,https://i.ytimg.com/vi/_uSIgEsEiWv/default.jpg,False,False,False,Auto-generated sample description for News & Politics video.
x1Up31mCctm,24.20.02,Top 10 Entertainment Moments This Week,Channel_3557,12,2024-02-16T01:00:00.000Z,vlog|trending|live,39114,1040,262,359,https://i.ytimg.com/vi/yxZ5wxYwJys/default.jpg,False,False,False,Auto-generated sample description for Entertainment video.
BkYbNdeD67i,24.24.02,Music Compilation 2024,Channel_1377,5,2024-02-23T07:00:00.000Z,2024|live|vlog,201063,6501,1321,675,https://i.ytimg.com/vi/CyLCNfZCzB1/default.jpg,False,False,False,Auto-generated sample description for Music video.
f2zoN28vgtu,24.12.01,Reacting to Entertainment Trends,Channel_1151,15,2024-01-11T12:00:00.000Z,music|2024|trending,5148,60,29,88,https://i.ytimg.com/vi/JSodKfaTwgR/default.jpg,False,False,False,Auto-generated sample description for Entertainment video.
lGlSHVIO8qj,24.23.01,Entertainment Compilation 2024,Channel_109,15,2024-01-19T09:00:00.000Z,music|2024|official,16861,446,138,161,https://i.ytimg.com/vi/2P1Qm96spFT/default.jpg,False,False,False,Auto-generated sample description for Entertainment video.
-21rYT3hjrr,24.29.01,Reacting to Entertainment Trends,Channel_3977,15,2024-01-27T10:00:00.000Z,music|vlog|trending,10942,840,85,41,https://i.ytimg.com/vi/kx_PfX7qAim/default.jpg,False,False,False,Auto-generated sample description for Entertainment video.
_wtVFXscvVk,24.18.07,Official Entertainment Highlights,Channel_1737,12,2024-07-16T16:00:00.000Z,2024|review|trending,15131,862,44,299,https://i.ytimg.com/vi/g8d-fdfcuRX/default.jpg,False,False,False,Auto-generated sample description for Entertainment video.
HagWPImmqih,24.08.10,Reacting to Music Trends,Channel_477,19,2024-10-05T19:00:00.000Z,review|official|vlog,90359,7123,177,813,https://i.ytimg.com/vi/diqAbkL3igq/default.jpg,False,False,False,Auto-generated sample description for Music video.
0BB8KYLXhys,24.31.08,Reacting to Entertainment Trends,Channel_2486,22,2024-08-30T12:00:00.000Z,live|trending|official,28292,1560,181,38,https://i.ytimg.com/vi/KVFpXylcwz-/default.jpg,False,False,True,Auto-generated sample description for Entertainment video.
-lMuKCnZdNw,24.07.10,Entertainment Compilation 2024,Channel_2861,12,2024-10-07T04:00:00.000Z,official|2024|music,1050,66,1,6,https://i.ytimg.com/vi/hW8IB7UnWhx/default.jpg,False,False,False,Auto-generated sample description for Entertainment video.
rp0dZkXQ94H,24.04.01,Behind the Scenes: Entertainment,Channel_1216,12,2024-01-03T17:00:00.000Z,review|official|vlog,73885,3664,225,258,https://i.ytimg.com/vi/GCkfRKuWwql/default.jpg,False,False,False,Auto-generated sample description for Entertainment video.
vjby_afALyl,24.20.09,Entertainment Compilation 2024,Channel_1030,22,2024-09-19T21:00:00.000Z,music|official|2024,77632,5686,552,1265,https://i.ytimg.com/vi/ejIQIO8itOC/default.jpg,False,False,True,Auto-generated sample description for Entertainment video.
nMrzIFoCP6L,24.02.09,Entertainment Compilation 2024,Channel_2640,15,2024-09-02T01:00:00.000Z,2024|vlog|live,30634,320,25,525,https://i.ytimg.com/vi/nvFnf4-35Ez/default.jpg,False,False,False,Auto-generated sample description for Entertainment video.
lKyzLWWo30H,24.01.11,Official Entertainment Highlights,Channel_4357,15,2024-10-29T04:00:00.000Z,vlog|live|official,144305,5330,1133,2707,https://i.ytimg.com/vi/XGxGsngynPJ/default.jpg,False,False,False,Auto-generated sample description for Entertainment video.
_GWlZEHs1pG,24.28.08,Music Compilation 2024,Channel_2701,19,2024-08-27T10:00:00.000Z,trending|review|live,29129,2020,69,422,https://i.ytimg.com/vi/zpbNQajffaG/default.jpg,False,False,False,Auto-generated sample description for Music video.
Ag812OxEcDW,24.20.07,Official Sports Highlights,Channel_4241,10,2024-07-17T07:00:00.000Z,2024|review|vlog,9865,654,15,77,https://i.ytimg.com/vi/v42uA2CtVzh/default.jpg,False,False,False,Auto-generated sample description for Sports video.
OEEfSrXeGUc,24.21.08,Reacting to People & Blogs Trends,Channel_674,3,2024-08-21T19:00:00.000Z,music|vlog|trending,2309,106,3,20,https://i.ytimg.com/vi/c3nBu7CTS1z/default.jpg,False,False,False,Auto-generated sample description for People & Blogs video.
uVSvVFD7Uoe,24.30.12,Behind the Scenes: Music,Channel_4002,19,2024-12-29T08:00:00.000Z,vlog|2024|live,8278,233,16,66,https://i.ytimg.com/vi/12rzmj1xZgc/default.jpg,False,False,False,Auto-generated sample description for Music video.
HQY3xipapcz,24.12.09,Why This Film & Animation Video Went Viral,Channel_202,17,2024-09-12T19:00:00.000Z,music|live|trending,67953,4082,272,1026,https://i.ytimg.com/vi/eZHkyrG_maZ/default.jpg,False,False,False,Auto-generated sample description for Film & Animation video.
VGKBL2yTBGg,24.28.02,Official Entertainment Highlights,Channel_910,12,2024-02-26T22:00:00.000Z,vlog|review|music,10349,612,103,126,https://i.ytimg.com/vi/vD93ayNvNTI/default.jpg,False,False,False,Auto-generated sample description for Entertainment video.
40vf03JV0qf,25.24.01,Why This People & Blogs Video Went Viral,Channel_1299,3,2025-01-24T11:00:00.000Z,live|official|review,56391,1563,464,610,https://i.ytimg.com/vi/-ffot8v0Mii/default.jpg,False,False,False,Auto-generated sample description for People & Blogs video.
96y3OD4w-fn,25.26.01,Top 10 Entertainment Moments This Week,Channel_4214,22,2025-01-25T17:00:00.000Z,vlog|review|official,76404,1553,243,1437,https://i.ytimg.com/vi/O2o7ae0wyGD/default.jpg,False,False,False,Auto-generated sample description for Entertainment video.
pM43R_yojTT,24.02.07,Top 10 Music Moments This Week,Channel_3625,19,2024-06-30T07:00:00.000Z,music|review|trending,6448,332,30,59,https://i.ytimg.com/vi/rMer2BGyxT5/default.jpg,False,False,False,Auto-generated sample description for Music video.
weX412bJfFC,25.18.01,Top 10 Entertainment Moments This Week,Channel_1593,12,2025-01-14T17:00:00.000Z,trending|live|official,67277,4668,606,546,https://i.ytimg.com/vi/lBaJkoGmRgP/default.jpg,False,False,False,Auto-generated sample description for Entertainment video.
fCsUKYx9bPV,25.28.01,Top 10 Music Moments This Week,Channel_903,5,2025-01-25T13:00:00.000Z,review|trending|live,54856,1855,450,182,https://i.ytimg.com/vi/41hReXbGkNc/default.jpg,False,False,False,Auto-generated sample description for Music video.
6ZET0jZMpJX,24.29.06,Reacting to Entertainment Trends,Channel_1759,15,2024-06-25T06:00:00.000Z,vlog|official|review,144180,1763,295,471,https://i.ytimg.com/vi/xREUpIT41ma/default.jpg,False,True,False,Auto-generated sample description for Entertainment video.
C901YA86mX5,25.06.01,Official Education Highlights,Channel_3216,2,2025-01-03T17:00:00.000Z,review|vlog|2024,25973,1241,223,309,https://i.ytimg.com/vi/9EsNYo2KIcM/default.jpg,False,False,False,Auto-generated sample description for Education video.
S0YqxyQc58Y,24.28.01,Official Entertainment Highlights,Channel_1830,12,2024-01-24T20:00:00.000Z,music|official|2024,22469,1474,176,46,https://i.ytimg.com/vi/BKI71ABddpl/default.jpg,False,False,False,Auto-generated sample description for Entertainment video.
AG3V2EErC2H,24.25.11,Reacting to Gaming Trends,Channel_1401,23,2024-11-24T02:00:00.000Z,music|2024|review,48348,1061,217,44,https://i.ytimg.com/vi/p6o6MN_u2uI/default.jpg,False,False,False,Auto-generated sample description for Gaming video.
X9lu9gOu5SB,24.20.03,Official Music Highlights,Channel_497,19,2024-03-17T02:00:00.000Z,official|trending|live,7461,439,68,65,https://i.ytimg.com/vi/MQj9DAkWAJ9/default.jpg,False,False,False,Auto-generated sample description for Music video.
EtnhV49rrak,24.17.04,Why This Gaming Video Went Viral,Channel_2045,23,2024-04-14T20:00:00.000Z,official|2024|trending,11389,638,55,98,https://i.ytimg.com/vi/vd5N60_-daB/default.jpg,False,False,False,Auto-generated sample description for Gaming video.
Gq4bwos-7cE,24.07.12,Official Entertainment Highlights,Channel_2499,12,2024-12-07T09:00:00.000Z,music|trending|vlog,53283,2113,209,441,https://i.ytimg.com/vi/NNcc63zkc5t/default.jpg,False,False,False,Auto-generated sample description for Entertainment video.
1jXSKeGEqPo,24.03.06,Reacting to Music Trends,Channel_4279,5,2024-05-30T14:00:00.000Z,official|2024|review,13961,718,28,41,https://i.ytimg.com/vi/b1oEMkJ93pN/default.jpg,False,False,False,Auto-generated sample description for Music video.
r47nLdKpj-D,24.16.11,Why This Gaming Video Went Viral,Channel_4826,23,2024-11-12T03:00:00.000Z,live|music|2024,21769,755,64,189,https://i.ytimg.com/vi/VvdHV9oVFjf/default.jpg,False,False,False,Auto-generated sample description for Gaming video.
fqGxrFfOGi8,24.06.12,Top 10 Entertainment Moments This Week,Channel_167,22,2024-12-03T13:00:00.000Z,vlog|trending|official,38508,2414,253,430,https://i.ytimg.com/vi/SqgNstTJGXT/default.jpg,False,False,False,Auto-generated sample description for Entertainment video.
KnSkQy43BIW,24.25.12,Behind the Scenes: Entertainment,Channel_4363,15,2024-12-21T14:00:00.000Z,vlog|music|official,8215,496,7,107,https://i.ytimg.com/vi/Ns3CuX3D2WC/default.jpg,False,False,False,Auto-generated sample description for Entertainment video.
rxvdq4Lkf-t,24.13.01,Howto & Style Compilation 2024,Channel_3178,8,2024-01-12T03:00:00.000Z,music|trending|review,580,12,4,10,https://i.ytimg.com/vi/UovkOh7y_E5/default.jpg,False,False,True,Auto-generated sample description for Howto & Style video.
hIeLi7ULYQR,24.28.09,Behind the Scenes: Music,Channel_3864,19,2024-09-24T02:00:00.000Z,music|official|review,44051,3453,404,429,https://i.ytimg.com/vi/baeXaDNEw6p/default.jpg,False,False,False,Auto-generated sample description for Music video.
xsz4AWYeI5g,24.26.12,Reacting to Education Trends,Channel_351,2,2024-12-24T22:00:00.000Z,live|music|2024,5213,269,9,98,https://i.ytimg.com/vi/D9CBRLeMCOs/default.jpg,False,False,False,Auto-generated sample description for Education video.
GxVF5uCzNyH,24.25.02,Entertainment Compilation 2024,Channel_501,22,2024-02-21T14:00:00.000Z,vlog|live|music,235182,8560,1228,4301,https://i.ytimg.com/vi/geL7CESWBKC/default.jpg,False,False,False,Auto-generated sample description for Entertainment video.
wgpAXVKG9NB,24.29.07,Music Compilation 2024,Channel_4912,19,2024-07-29T17:00:00.000Z,review|trending|vlog,23503,1099,189,247,https://i.ytimg.com/vi/qNn3pYqkD7D/default.jpg,False,False,False,Auto-generated sample description for Music video.
l98gI6092xT,24.05.02,Why This Music Video Went Viral,Channel_652,5,2024-02-04T16:00:00.000Z,vlog|trending|official,11483,849,16,19,https://i.ytimg.com/vi/fYmFu6Pr5oI/default.jpg,False,False,False,Auto-generated sample description for Music video.
niaMqMh1zBA,24.10.12,Why This Music Video Went Viral,Channel_4993,5,2024-12-06T10:00:00.000Z,live|official|music,525253,32032,2872,6409,https://i.ytimg.com/vi/sMFPexKch28/default.jpg,False,False,False,Auto-generated sample description for Music video.
EZ2qw03ySB7,24.07.09,Behind the Scenes: Autos & Vehicles,Channel_1632,4,2024-09-05T18:00:00.000Z,music|vlog|trending,5338,203,15,78,https://i.ytimg.com/vi/L9-f_oLCnUr/default.jpg,False,False,False,Auto-generated sample description for Autos & Vehicles video.
_VK8Yx40OT-,24.16.02,Reacting to Music Trends,Channel_2536,19,2024-02-15T12:00:00.000Z,trending|2024|music,396223,11934,2947,3237,https://i.ytimg.com/vi/D8bqc_iVAmH/default.jpg,False,False,False,Auto-generated sample description for Music video.
_qpwOdQSNhB,25.26.01,Music Compilation 2024,Channel_3301,5,2025-01-26T00:00:00.000Z,live|music|official,6797,240,66,121,https://i.ytimg.com/vi/qnpczyeBMmF/default.jpg,True,False,False,Auto-generated sample description for Music video.
h9VK4DhydNU,24.24.08,Behind the Scenes: Entertainment,Channel_2196,15,2024-08-21T02:00:00.000Z,live|2024|official,941,57,9,7,https://i.ytimg.com/vi/Pz7CZlMcNpP/default.jpg,False,False,False,Auto-generated sample description for Entertainment video.
9zvl59PyZqy,24.02.07,Top 10 Entertainment Moments This Week,Channel_3137,12,2024-06-28T08:00:00.000Z,vlog|2024|music,33307,1870,223,333,https://i.ytimg.com/vi/S-d33RL3-tF/default.jpg,False,False,False,Auto-generated sample description for Entertainment video.
yxb6BchMU50,24.23.01,Top 10 Entertainment Moments This Week,Channel_4757,15,2024-01-19T03:00:00.000Z,official|music|vlog,33065,1024,179,91,https://i.ytimg.com/vi/rwZ0knRtTSk/default.jpg,False,False,False,Auto-generated sample description for Entertainment video.
6TK_BgB19KF,24.24.11,Music Compilation 2024,Channel_3916,19,2024-11-20T05:00:00.000Z,official|2024|review,61289,4744,227,520,https://i.ytimg.com/vi/zWY6coqPEmH/default.jpg,False,False,False,Auto-generated sample description for Music video.
BYM7Qqr-VE3,24.03.04,Why This News & Politics Video Went Viral,Channel_101,6,2024-04-02T20:00:00.000Z,vlog|official|2024,4063,58,38,24,https://i.ytimg.com/vi/TR_LznSfDLL/default.jpg,False,False,False,Auto-generated sample description for News & Politics video.
XejJZnaJ5qX,24.15.03,Official Music Highlights,Channel_54,5,2024-03-12T22:00:00.000Z,review|trending|vlog,1004588,12447,9292,8518,https://i.ytimg.com/vi/gf3BZCT0fzU/default.jpg,False,False,False,Auto-generated sample description for Music video.
uxB05MvZ5Py,24.28.07,Howto & Style Compilation 2024,Channel_365,11,2024-07-26T08:00:00.000Z,trending|music|official,21640,975,152,133,https://i.ytimg.com/vi/nP3wiZZNpFg/default.jpg,False,False,False,Auto-generated sample description for Howto & Style video.
FSeDHI5v3us,24.21.09,Top 10 Entertainment Moments This Week,Channel_4697,22,2024-09-20T00:00:00.000Z,live|vlog|review,38495,2569,98,374,https://i.ytimg.com/vi/P7SHTm-6lO2/default.jpg,False,False,False,Auto-generated sample description for Entertainment video.
pPz4Jz4Nccz,24.03.07,Reacting to Entertainment Trends,Channel_2897,12,2024-07-01T03:00:00.000Z,review|official|vlog,64151,1238,527,709,https://i.ytimg.com/vi/L5qrFVv7FsX/default.jpg,False,False,False,Auto-generated sample description for Entertainment video.
64RTomUNyED,24.26.01,Behind the Scenes: Comedy,Channel_4212,9,2024-01-23T01:00:00.000Z,2024|trending|review,16965,319,93,234,https://i.ytimg.com/vi/1nfGuhMWzVH/default.jpg,False,False,False,Auto-generated sample description for Comedy video.
j0YBq9skCoU,24.01.10,Top 10 Entertainment Moments This Week,Channel_695,15,2024-09-30T18:00:00.000Z,trending|2024|live,80142,1663,772,321,https://i.ytimg.com/vi/vnWEsMGKLMr/default.jpg,False,False,False,Auto-generated sample description for Entertainment video.
V_MCuTKw443,25.24.01,Why This Music Video Went Viral,Channel_1189,5,2025-01-20T06:00:00.000Z,live|official|trending,505948,24685,1217,3173,https://i.ytimg.com/vi/N03Bd0bHWu5/default.jpg,False,False,False,Auto-generated sample description for Music video.
1pJq2FZG6Me,24.08.08,Official Music Highlights,Channel_4493,19,2024-08-04T11:00:00.000Z,live|2024|trending,107600,5939,521,1288,https://i.ytimg.com/vi/4gZg1dqzFRS/default.jpg,False,False,False,Auto-generated sample description for Music video.
YMAb3pQvTUy,24.25.03,Official Sports Highlights,Channel_3456,10,2024-03-25T19:00:00.000Z,trending|review|live,14467,403,25,236,https://i.ytimg.com/vi/DmJWXXmytLr/default.jpg,False,False,False,Auto-generated sample description for Sports video.
B3YaT6dx3N1,24.08.06,Why This Gaming Video Went Viral,Channel_3548,23,2024-06-07T21:00:00.000Z,vlog|trending|2024,58314,1324,35,879,https://i.ytimg.com/vi/YVQEZXNDqvH/default.jpg,False,False,False,Auto-generated sample description for Gaming video.
xk8a-pWqVyk,24.09.06,Reacting to News & Politics Trends,Channel_1299,16,2024-06-08T12:00:00.000Z,official|trending|music,16850,974,60,301,https://i.ytimg.com/vi/4HSnqgCA-FD/default.jpg,False,False,False,Auto-generated sample description for News & Politics video.
eiWydcajcT7,24.01.12,Why This Entertainment Video Went Viral,Channel_4508,15,2024-11-28T20:00:00.000Z,official|vlog|2024,30842,426,106,585,https://i.ytimg.com/vi/1sAJyqE4wMm/default.jpg,False,False,False,Auto-generated sample description for Entertainment video.
1s0hxgd269m,24.17.06,Top 10 Sports Moments This Week,Channel_1778,10,2024-06-15T13:00:00.000Z,vlog|music|trending,7752,565,43,142,https://i.ytimg.com/vi/9bHIfJfEB6e/default.jpg,False,False,False,Auto-generated sample description for Sports video.
LdAtvAm32HD,24.23.01,Top 10 Music Moments This Week,Channel_3860,5,2024-01-19T22:00:00.000Z,music|live|review,69533,1663,647,845,https://i.ytimg.com/vi/VVps-NgczIH/default.jpg,False,False,False,Auto-generated sample description for Music video.
Ye_f1MH0hBF,24.25.01,Reacting to Music Trends,Channel_2787,5,2024-01-25T05:00:00.000Z,trending|review|music,13808,411,45,239,https://i.ytimg.com/vi/SI018ngbKG6/default.jpg,False,False,False,Auto-generated sample description for Music video.
98C6fZglqFr,25.30.01,Reacting to Entertainment Trends,Channel_74,22,2025-01-28T06:00:00.000Z,music|official|2024,213060,7824,1960,3442,https://i.ytimg.com/vi/xw_JN_N6QcB/default.jpg,False,True,False,Auto-generated sample description for Entertainment video.
WhPhBUdAwFC,24.07.09,Reacting to Gaming Trends,Channel_2423,23,2024-09-07T15:00:00.000Z,2024|vlog|official,20433,1598,77,140,https://i.ytimg.com/vi/K8bOjD5Zjoc/default.jpg,False,False,False,Auto-generated sample description for Gaming video.
7io82Lub-xl,24.16.09,Why This News & Politics Video Went Viral,Channel_1232,6,2024-09-16T04:00:00.000Z,official|music|vlog,1368,49,6,4,https://i.ytimg.com/vi/HfSqGcl9Ec5/default.jpg,False,False,False,Auto-generated sample description for News & Politics video.
AR4rE2s0hiK,24.14.08,Behind the Scenes: Gaming,Channel_4838,23,2024-08-14T02:00:00.000Z,2024|review|live,50572,642,345,611,https://i.ytimg.com/vi/Wfr1_rT8cx1/default.jpg,False,False,False,Auto-generated sample description for Gaming video.
n47gK8iPSM1,24.07.03,Entertainment Compilation 2024,Channel_183,15,2024-03-07T11:00:00.000Z,trending|music|live,17573,215,28,270,https://i.ytimg.com/vi/V_ccS8VbB42/default.jpg,False,False,False,Auto-generated sample description for Entertainment video.
lKuY4ae-KAw,24.29.03,Why This Music Video Went Viral,Channel_2,19,2024-03-26T10:00:00.000Z,live|trending|music,121675,8706,931,508,https://i.ytimg.com/vi/NKASzWfVKpW/default.jpg,False,False,False,Auto-generated sample description for Music video.
BawdKLKpLcg,24.18.09,Top 10 Gaming Moments This Week,Channel_2259,23,2024-09-17T20:00:00.000Z,vlog|official|trending,21084,630,200,353,https://i.ytimg.com/vi/76OYGH-Vnj1/default.jpg,False,False,False,Auto-generated sample description for Gaming video.
uACUf_7YY6V,24.31.12,Official Gaming Highlights,Channel_525,23,2024-12-29T19:00:00.000Z,review|vlog|2024,34210,1082,69,110,https://i.ytimg.com/vi/4RvheurBxCy/default.jpg,False,False,False,Auto-generated sample description for Gaming video.
L9NvOL7fvqe,24.27.09,Behind the Scenes: Entertainment,Channel_2485,15,2024-09-24T15:00:00.000Z,review|official|music,88678,2367,63,807,https://i.ytimg.com/vi/GT-SKCw73Eo/default.jpg,False,False,False,Auto-generated sample description for Entertainment video.
LAjUiDJr9wK,25.11.01,Behind the Scenes: Entertainment,Channel_3700,15,2025-01-09T10:00:00.000Z,vlog|live|2024,10731,264,32,22,https://i.ytimg.com/vi/_Qz2GzS0f0_/default.jpg,False,False,False,Auto-generated sample description for Entertainment video.
0ebSUhjGV6B,24.28.06,Reacting to Music Trends,Channel_3266,19,2024-06-24T15:00:00.000Z,official|review|vlog,28504,1138,104,130,https://i.ytimg.com/vi/k7xg_cetQmK/default.jpg,False,False,False,Auto-generated sample description for Music video.
iF6Q7kb9AHx,24.23.04,Behind the Scenes: Travel & Events,Channel_3274,7,2024-04-22T00:00:00.000Z,review|official|2024,17764,1038,10,286,https://i.ytimg.com/vi/M-eSLlDGPgK/default.jpg,False,False,False,Auto-generated sample description for Travel & Events video.
Xg--L20WChX,25.31.01,Reacting to Entertainment Trends,Channel_2377,12,2025-01-27T09:00:00.000Z,review|vlog|2024,33591,883,108,126,https://i.ytimg.com/vi/z9u9TIDhls4/default.jpg,False,False,False,Auto-generated sample description for Entertainment video.
yEYxL2XzBvi,24.18.07,Reacting to Film & Animation Trends,Channel_1801,21,2024-07-17T08:00:00.000Z,2024|trending|live,1826,75,9,10,https://i.ytimg.com/vi/DHHAXyJT5VD/default.jpg,False,False,False,Auto-generated sample description for Film & Animation video.
gAZnBl2tl1M,24.10.12,Music Compilation 2024,Channel_3348,5,2024-12-07T14:00:00.000Z,live|vlog|trending,713570,38862,3530,6051,https://i.ytimg.com/vi/k2JH0FBWw0-/default.jpg,False,False,False,Auto-generated sample description for Music video.
x4QBr0oPPo0,24.14.06,Behind the Scenes: Entertainment,Channel_2762,12,2024-06-14T20:00:00.000Z,live|trending|2024,1573502,98350,1338,7340,https://i.ytimg.com/vi/UzYQwuGzMS0/default.jpg,False,False,False,Auto-generated sample description for Entertainment video.
V3ulk1NjTGc,24.09.02,Behind the Scenes: Sports,Channel_3806,10,2024-02-09T19:00:00.000Z,trending|live|2024,3717,68,9,31,https://i.ytimg.com/vi/ga8brgAhTpw/default.jpg,False,False,False,Auto-generated sample description for Sports video.
6NR6mpC41a3,24.18.05,Official Entertainment Highlights,Channel_2549,15,2024-05-18T01:00:00.000Z,review|official|2024,62339,1335,94,593,https://i.ytimg.com/vi/KzAtd4P6hq5/default.jpg,False,True,False,Auto-generated sample description for Entertainment video.
e-P4SMRwmiZ,24.12.03,Top 10 Music Moments This Week,Channel_1244,5,2024-03-09T07:00:00.000Z,vlog|music|review,132074,8558,1134,236,https://i.ytimg.com/vi/PcDYhEwYuce/default.jpg,False,False,False,Auto-generated sample description for Music video.
tfx7TNolQZj,24.13.07,Entertainment Compilation 2024,Channel_2985,22,2024-07-13T15:00:00.000Z,official|vlog|trending,83453,2130,508,1150,https://i.ytimg.com/vi/QSXgzqo_u_O/default.jpg,False,False,False,Auto-generated sample description for Entertainment video.
ajeehargKyy,24.16.05,Official Music Highlights,Channel_766,19,2024-05-12T05:00:00.000Z,trending|live|music,25256,1330,168,108,https://i.ytimg.com/vi/63ZU_m3mb9y/default.jpg,False,False,False,Auto-generated sample description for Music video.
Ih_57Cc1H-8,24.14.12,Top 10 Music Moments This Week,Channel_1889,5,2024-12-14T01:00:00.000Z,live|2024|vlog,66838,4794,594,718,https://i.ytimg.com/vi/qtnJYexAyXY/default.jpg,False,False,False,Auto-generated sample description for Music video.
X5Xyu6pms8a,24.05.01,Official Sports Highlights,Channel_1936,10,2024-01-03T04:00:00.000Z,trending|vlog|2024,32436,1895,315,311,https://i.ytimg.com/vi/JvzZQuwPye9/default.jpg,True,False,False,Auto-generated sample description for Sports video.
oEi6Xp5nobZ,24.06.08,Official People & Blogs Highlights,Channel_4519,3,2024-08-03T03:00:00.000Z,official|vlog|review,27904,1424,246,158,https://i.ytimg.com/vi/nYzrptY6jN2/default.jpg,False,False,False,Auto-generated sample description for People & Blogs video.
CVbh7nWbs_0,25.12.01,Official Music Highlights,Channel_462,5,2025-01-08T13:00:00.000Z,official|2024|live,38055,1748,181,156,https://i.ytimg.com/vi/M4SQtcCdqWJ/default.jpg,False,False,False,Auto-generated sample description for Music video.
_Hd9b7vcVwe,24.12.06,Official Entertainment Highlights,Channel_3266,12,2024-06-10T07:00:00.000Z,official|music|review,26725,737,135,292,https://i.ytimg.com/vi/unPG-u3-FBs/default.jpg,False,False,False,Auto-generated sample description for Entertainment video.
KdCDgKPdQX4,24.08.05,Official Sports Highlights,Channel_1725,10,2024-05-04T22:00:00.000Z,official|music|live,171357,2193,1213,2662,https://i.ytimg.com/vi/AzdxR3mMyVL/default.jpg,False,False,False,Auto-generated sample description for Sports video.
BUx-ahpaUKf,24.29.01,Reacting to Entertainment Trends,Channel_3878,15,2024-01-29T07:00:00.000Z,official|vlog|trending,22756,1492,129,127,https://i.ytimg.com/vi/7mdIqUzLEsc/default.jpg,False,False,False,Auto-generated sample description for Entertainment video.
2kr_wI0QBcZ,25.07.01,Why This Sports Video Went Viral,Channel_1752,10,2025-01-07T17:00:00.000Z,live|trending|2024,5431,423,30,62,https://i.ytimg.com/vi/31ezUR5uiec/default.jpg,False,False,False,Auto-generated sample description for Sports video.
OVxTYT70n5k,24.18.11,Top 10 Howto & Style Moments This Week,Channel_4380,11,2024-11-14T02:00:00.000Z,official|trending|2024,3069,153,2,13,https://i.ytimg.com/vi/mGw4yWHL6ET/default.jpg,False,False,False,Auto-generated sample description for Howto & Style video.
zmuOX2FPzQS,24.04.02,Entertainment Compilation 2024,Channel_3234,22,2024-01-31T13:00:00.000Z,official|live|2024,17075,212,62,177,https://i.ytimg.com/vi/jInuuKW6mAw/default.jpg,False,False,False,Auto-generated sample description for Entertainment video.
U1tnwily0b8,24.26.12,Top 10 Entertainment Moments This Week,Channel_60,22,2024-12-26T00:00:00.000Z,review|vlog|trending,1440627,64194,12583,27800,https://i.ytimg.com/vi/TgZGJ9lCxHJ/default.jpg,False,False,False,Auto-generated sample description for Entertainment video.
Iu78E_S0P7w,25.14.01,Top 10 Film & Animation Moments This Week,Channel_3887,1,2025-01-10T07:00:00.000Z,music|vlog|live,2322,60,12,39,https://i.ytimg.com/vi/iPEQ9LbmTJI/default.jpg,True,False,False,Auto-generated sample description for Film & Animation video.
vYgGfhH0pDR,24.12.11,Top 10 Entertainment Moments This Week,Channel_1826,15,2024-11-08T13:00:00.000Z,2024|live|review,44954,2521,76,78,https://i.ytimg.com/vi/as3AivN4dsh/default.jpg,False,False,False,
dmYumCKQ86N,24.03.09,Music Compilation 2024,Channel_3950,5,2024-09-03T09:00:00.000Z,official|music|trending,9658,212,10,127,https://i.ytimg.com/vi/hNFMhJGUcSl/default.jpg,False,False,False,Auto-generated sample description for Music video.
uwTTiFFyFPm,24.12.03,Behind the Scenes: Music,Channel_1501,19,2024-03-09T06:00:00.000Z,music|review|2024,75657,2128,39,1437,https://i.ytimg.com/vi/-Ld7kri4K5w/default.jpg,False,False,False,Auto-generated sample description for Music video.
N28gnktnl1e,24.27.01,Why This Entertainment Video Went Viral,Channel_709,22,2024-01-24T02:00:00.000Z,music|trending|review,246515,13173,716,2300,https://i.ytimg.com/vi/E3Tx5ZOALRw/default.jpg,False,False,False,Auto-generated sample description for Entertainment video.
fFwPPMggBxs,24.26.07,Autos & Vehicles Compilation 2024,Channel_3519,18,2024-07-22T06:00:00.000Z,review|live|official,1893,54,14,24,https://i.ytimg.com/vi/17mQ0B1PEcZ/default.jpg,False,False,False,Auto-generated sample description for Autos & Vehicles video.
gMeUO5SgNgh,24.27.02,Official Music Highlights,Channel_4513,19,2024-02-23T02:00:00.000Z,2024|vlog|music,701,12,4,12,https://i.ytimg.com/vi/3rj1-R17luQ/default.jpg,False,False,False,Auto-generated sample description for Music video.
xWHtFwOLGSf,24.05.07,Official Entertainment Highlights,Channel_3321,22,2024-07-03T05:00:00.000Z,music|trending|2024,51680,4022,374,803,https://i.ytimg.com/vi/UqzWW-PqDWy/default.jpg,False,False,False,Auto-generated sample description for Entertainment video.
ZyESmZ_WjdB,24.04.09,Official Music Highlights,Channel_4651,5,2024-08-31T08:00:00.000Z,live|vlog|review,18740,803,101,19,https://i.ytimg.com/vi/i3yUpQUMDP8/default.jpg,False,False,False,Auto-generated sample description for Music video.
BHBDfdjA2cA,24.17.06,Why This Music Video Went Viral,Channel_1548,19,2024-06-14T09:00:00.000Z,live|music|vlog,24444,1196,95,56,https://i.ytimg.com/vi/LDJKonv4SuT/default.jpg,True,False,False,Auto-generated sample description for Music video.
RuG4vxt68jz,24.16.09,Why This Music Video Went Viral,Channel_3810,5,2024-09-16T00:00:00.000Z,review|live|trending,75058,5113,71,792,https://i.ytimg.com/vi/HmzlnuP_yOF/default.jpg,False,False,False,Auto-generated sample description for Music video.
wfna93mTHd6,24.11.03,Why This People & Blogs Video Went Viral,Channel_1088,3,2024-03-07T20:00:00.000Z,music|2024|vlog,11793,432,44,229,https://i.ytimg.com/vi/Vq1JHElJhnL/default.jpg,False,False,False,Auto-generated sample description for People & Blogs video.
aZIjQqoH0Fr,24.23.07,Reacting to Film & Animation Trends,Channel_1765,17,2024-07-20T17:00:00.000Z,music|vlog|2024,6288,396,62,33,https://i.ytimg.com/vi/0tkps51KgaZ/default.jpg,False,False,False,Auto-generated sample description for Film & Animation video.
Esa9xTwqjTv,24.17.05,Behind the Scenes: Comedy,Channel_4492,9,2024-05-15T14:00:00.000Z,music|2024|official,45325,1558,74,620,https://i.ytimg.com/vi/4x1PY1udhqK/default.jpg,False,False,False,Auto-generated sample description for Comedy video.
p30ZTErGD2P,25.26.01,Official People & Blogs Highlights,Channel_453,3,2025-01-23T06:00:00.000Z,official|live|trending,4786,343,31,60,https://i.ytimg.com/vi/7yvrHoj-J3F/default.jpg,False,False,False,Auto-generated sample description for People & Blogs video.
M6d-4XI-sfU,24.20.06,Why This Music Video Went Viral,Channel_2052,5,2024-06-19T19:00:00.000Z,review|music|live,1072757,55702,8863,19839,https://i.ytimg.com/vi/u9YLWKTHxAl/default.jpg,False,False,False,Auto-generated sample description for Music video.
Bd0KiTpUGMK,24.04.12,Why This Gaming Video Went Viral,Channel_189,23,2024-12-01T05:00:00.000Z,trending|2024|vlog,15737,1124,110,224,https://i.ytimg.com/vi/Wl1WtOlmT-m/default.jpg,False,False,False,Auto-generated sample description for Gaming video.
igvCB35pQvF,24.03.04,Behind the Scenes: Travel & Events,Channel_761,7,2024-04-03T19:00:00.000Z,trending|official|2024,6301,303,61,53,https://i.ytimg.com/vi/aYIMxcThCCl/default.jpg,False,False,False,Auto-generated sample description for Travel & Events video.
TA_DM4uA02u,25.04.01,Behind the Scenes: Entertainment,Channel_2096,12,2025-01-04T11:00:00.000Z,live|trending|vlog,4396844,329655,36515,56483,https://i.ytimg.com/vi/9pZB7ogIp8n/default.jpg,False,False,False,Auto-generated sample description for Entertainment video.
uekWHGbJuGf,24.29.02,Top 10 Comedy Moments This Week,Channel_1502,9,2024-02-28T02:00:00.000Z,live|music|trending,262655,15806,2290,2211,https://i.ytimg.com/vi/LltI41nNLbW/default.jpg,False,False,False,Auto-generated sample description for Comedy video.
CccE0IXhiJQ,24.23.05,Top 10 Entertainment Moments This Week,Channel_124,22,2024-05-19T11:00:00.000Z,music|live|trending,70727,3288,149,368,https://i.ytimg.com/vi/i8g5EF_3a8q/default.jpg,False,False,False,Auto-generated sample description for Entertainment video.
HSeOE14YeJ4,24.24.07,Behind the Scenes: Music,Channel_3425,5,2024-07-23T14:00:00.000Z,2024|trending|live,597506,31039,2507,2435,https://i.ytimg.com/vi/u88suJUrFOE/default.jpg,False,False,False,Auto-generated sample description for Music video.
fGqAdf1XvzX,24.11.08,Top 10 Entertainment Moments This Week,Channel_1534,15,2024-08-11T11:00:00.000Z,live|review|trending,295756,20109,2002,2744,https://i.ytimg.com/vi/J8y43wFE7f1/default.jpg,False,False,False,Auto-generated sample description for Entertainment video.
TCMXQDtYtuV,24.07.07,Reacting to Nonprofits & Activism Trends,Channel_1310,13,2024-07-03T13:00:00.000Z,music|trending|live,501761,8213,1266,5746,https://i.ytimg.com/vi/70UwBuSgFAG/default.jpg,False,False,False,Auto-generated sample description for Nonprofits & Activism video.
JTKtePVghSy,24.13.11,Music Compilation 2024,Channel_2943,19,2024-11-12T10:00:00.000Z,review|official|vlog,93063,1912,153,153,https://i.ytimg.com/vi/8Q4MkpgdQLR/default.jpg,False,False,False,Auto-generated sample description for Music video.
bktr1Rb3x18,24.06.10,Reacting to Entertainment Trends,Channel_658,22,2024-10-02T06:00:00.000Z,live|vlog|review,131172,8449,1233,1087,https://i.ytimg.com/vi/-okLur6Oti6/default.jpg,False,False,False,Auto-generated sample description for Entertainment video.
HF156WrsTSQ,24.27.08,Why This Film & Animation Video Went Viral,Channel_1565,1,2024-08-24T10:00:00.000Z,music|2024|trending,4221,228,28,56,https://i.ytimg.com/vi/0g-PbyT4NrH/default.jpg,False,False,False,Auto-generated sample description for Film & Animation video.
36iDrM4EdUo,24.28.08,Why This Film & Animation Video Went Viral,Channel_1454,1,2024-08-26T01:00:00.000Z,trending|review|music,3269,203,11,33,https://i.ytimg.com/vi/HoupT7jFg_y/default.jpg,False,False,False,Auto-generated sample description for Film & Animation video.
OmPJw6BRS6U,25.17.01,Reacting to Entertainment Trends,Channel_3028,12,2025-01-16T00:00:00.000Z,official|music|2024,11594,530,15,87,https://i.ytimg.com/vi/b_gyXn5lvg9/default.jpg,False,False,False,Auto-generated sample description for Entertainment video.
OUzWNEdWPyA,24.24.12,Top 10 Entertainment Moments This Week,Channel_3985,12,2024-12-23T03:00:00.000Z,music|review|live,12053,618,116,156,https://i.ytimg.com/vi/B7sYZZ_Wyzx/default.jpg,False,False,False,Auto-generated sample description for Entertainment video.
sG4SFVsqlBL,25.17.01,Entertainment Compilation 2024,Channel_1832,22,2025-01-13T10:00:00.000Z,music|2024|vlog,59090,612,284,551,https://i.ytimg.com/vi/2pv7hw0PJnb/default.jpg,False,False,False,Auto-generated sample description for Entertainment video.
gWt2JhtuHfV,24.10.01,Behind the Scenes: Comedy,Channel_1946,9,2024-01-08T07:00:00.000Z,official|live|trending,1560,48,2,15,https://i.ytimg.com/vi/JAmlc64wYT7/default.jpg,False,False,False,Auto-generated sample description for Comedy video.
1bkJGPS5RWQ,25.06.02,Entertainment Compilation 2024,Channel_2141,22,2025-02-02T15:00:00.000Z,official|2024|review,18792,771,181,63,https://i.ytimg.com/vi/QFvBJ0H3-rX/default.jpg,False,False,False,Auto-generated sample description for Entertainment video.
AQn8IT_lrs7,24.27.10,Music Compilation 2024,Channel_1173,5,2024-10-27T20:00:00.000Z,review|2024|trending,64245,1609,490,1094,https://i.ytimg.com/vi/I6SooeCbvhg/default.jpg,False,False,False,Auto-generated sample description for Music video.
SqBtHPdvhIo,24.06.12,Top 10 Music Moments This Week,Channel_438,5,2024-12-04T13:00:00.000Z,official|review|2024,8309,629,74,107,https://i.ytimg.com/vi/_VBrIjJ5Swz/default.jpg,False,False,False,Auto-generated sample description for Music video.
sHYXhutvs6C,24.29.04,Reacting to Music Trends,Channel_6,19,2024-04-26T11:00:00.000Z,review|music|official,393499,9651,3380,3577,https://i.ytimg.com/vi/3y4uSI938zc/default.jpg,False,False,False,Auto-generated sample description for Music video.
Kp5g6w7ca3r,24.03.03,Reacting to Music Trends,Channel_81,19,2024-03-03T01:00:00.000Z,trending|official|vlog,158488,9918,673,2254,https://i.ytimg.com/vi/mO-lCAyCN-r/default.jpg,False,False,False,Auto-generated sample description for Music video.
oQvA-krByhI,24.29.10,Reacting to Music Trends,Channel_1120,5,2024-10-25T05:00:00.000Z,2024|music|trending,219636,13904,1137,3382,https://i.ytimg.com/vi/ywtju5nMipp/default.jpg,False,False,False,Auto-generated sample description for Music video.
K-R3Nc6Tvr2,24.04.07,Official Gaming Highlights,Channel_4973,23,2024-07-02T08:00:00.000Z,trending|vlog|review,19744,315,117,168,https://i.ytimg.com/vi/Q4oViGe-4Gg/default.jpg,False,False,False,Auto-generated sample description for Gaming video.
4jeAU7GasZo,24.03.03,Music Compilation 2024,Channel_1815,5,2024-03-01T03:00:00.000Z,review|official|vlog,556534,23596,3158,8207,https://i.ytimg.com/vi/fCkkqkSFQS7/default.jpg,False,False,False,Auto-generated sample description for Music video.
R0ZsjTgwY8i,24.18.09,Official Entertainment Highlights,Channel_2329,22,2024-09-16T11:00:00.000Z,official|trending|review,115721,5724,732,676,https://i.ytimg.com/vi/LuxvR7qBqa3/default.jpg,False,False,False,Auto-generated sample description for Entertainment video.
HzFYvF9ECp_,24.22.07,Why This Music Video Went Viral,Channel_2296,5,2024-07-18T21:00:00.000Z,trending|review|official,4192,221,26,69,https://i.ytimg.com/vi/jWGnnQsqWBY/default.jpg,False,False,False,Auto-generated sample description for Music video.
6LsTFR14V7p,25.06.01,Top 10 Education Moments This Week,Channel_2324,2,2025-01-05T10:00:00.000Z,review|vlog|music,2216,158,9,43,https://i.ytimg.com/vi/2AV-EdMoaGN/default.jpg,False,False,False,Auto-generated sample description for Education video.
YblEOuSyR0C,24.22.07,Top 10 Entertainment Moments This Week,Channel_4841,22,2024-07-19T08:00:00.000Z,vlog|2024|music,17509,625,118,152,https://i.ytimg.com/vi/pItEFxD3vjS/default.jpg,False,False,False,Auto-generated sample description for Entertainment video.
ubjpFQ0pcC-,24.23.07,Official Music Highlights,Channel_825,5,2024-07-22T05:00:00.000Z,live|review|trending,522025,30187,4332,8366,https://i.ytimg.com/vi/3o25uEkfDQI/default.jpg,False,False,False,Auto-generated sample description for Music video.
bR6BT3c5pOu,24.17.05,Top 10 Entertainment Moments This Week,Channel_2507,15,2024-05-14T14:00:00.000Z,music|trending|2024,25090,670,198,124,https://i.ytimg.com/vi/BouXSdd6zOK/default.jpg,False,False,False,Auto-generated sample description for Entertainment video.
8N11FukvqEr,25.03.01,Film & Animation Compilation 2024,Channel_3065,21,2025-01-01T12:00:00.000Z,review|live|music,8290,521,75,30,https://i.ytimg.com/vi/aFChet7EL-r/default.jpg,False,False,False,Auto-generated sample description for Film & Animation video.
o3Q0nlrnLl_,24.18.04,Official Music Highlights,Channel_433,5,2024-04-16T08:00:00.000Z,live|vlog|trending,37345,2423,260,316,https://i.ytimg.com/vi/wfYyiH8P_gr/default.jpg,False,False,False,Auto-generated sample description for Music video.
Z4i_iEWqiRv,24.25.09,Why This Music Video Went Viral,Channel_2996,19,2024-09-21T16:00:00.000Z,trending|vlog|2024,115006,8588,556,1552,https://i.ytimg.com/vi/34ZRyPadJX1/default.jpg,False,False,False,Auto-generated sample description for Music video.
k9hoNT88EIN,24.18.01,Why This Entertainment Video Went Viral,Channel_3567,15,2024-01-16T13:00:00.000Z,vlog|music|trending,94349,1205,774,1886,https://i.ytimg.com/vi/IZiO6qH5eIu/default.jpg,False,False,False,Auto-generated sample description for Entertainment video.
sD9G2BO9W4S,24.15.02,Reacting to Comedy Trends,Channel_4096,9,2024-02-11T03:00:00.000Z,2024|music|trending,27280,1944,224,105,https://i.ytimg.com/vi/lLin_Zo06q4/default.jpg,False,False,False,Auto-generated sample description for Comedy video.
9CAL-mlNp_O,24.03.04,Top 10 People & Blogs Moments This Week,Channel_934,3,2024-04-01T19:00:00.000Z,music|review|vlog,123633,6828,864,587,https://i.ytimg.com/vi/Ly9Wa4EhBdK/default.jpg,False,False,False,Auto-generated sample description for People & Blogs video.
0fYMSERv46g,24.03.05,Official Comedy Highlights,Channel_1723,9,2024-04-30T04:00:00.000Z,review|official|trending,298172,6805,1393,1715,https://i.ytimg.com/vi/hrHs1qMqeg0/default.jpg,False,False,False,Auto-generated sample description for Comedy video.
MxyJY8kAtpz,24.10.12,Reacting to Entertainment Trends,Channel_3520,12,2024-12-09T17:00:00.000Z,trending|live|vlog,14961,323,122,175,https://i.ytimg.com/vi/CaEqsx9gmU7/default.jpg,False,False,False,Auto-generated sample description for Entertainment video.
fPxz2k3REsB,24.07.03,Behind the Scenes: Entertainment,Channel_1711,12,2024-03-06T21:00:00.000Z,trending|2024|live,144676,11442,564,748,https://i.ytimg.com/vi/f9qXi0c2lGv/default.jpg,False,False,False,Auto-generated sample description for Entertainment video.
KehW53Iyh2S,24.10.06,Top 10 Music Moments This Week,Channel_1000,19,2024-06-07T07:00:00.000Z,trending|2024|official,164492,8459,1004,1365,https://i.ytimg.com/vi/G2yZkSGd-qs/default.jpg,False,False,False,Auto-generated sample description for Music video.
Ot9ZnmxSRBE,24.15.07,Why This Entertainment Video Went Viral,Channel_2773,12,2024-07-15T18:00:00.000Z,official|trending|2024,129900,6129,618,1675,https://i.ytimg.com/vi/UBxR8ghPTHZ/default.jpg,False,False,False,Auto-generated sample description for Entertainment video.
uuIp_TNNG-5,24.02.08,Behind the Scenes: Entertainment,Channel_4690,12,2024-07-31T05:00:00.000Z,live|vlog|music,71271,3329,380,579,https://i.ytimg.com/vi/ibuMV7VZbmz/default.jpg,False,False,False,Auto-generated sample description for Entertainment video.
qyUpIiWZmKB,24.07.12,Reacting to Film & Animation Trends,Channel_1550,21,2024-12-06T11:00:00.000Z,2024|live|review,12857,393,32,222,https://i.ytimg.com/vi/G4d6C0QSzKj/default.jpg,False,False,False,Auto-generated sample description for Film & Animation video.
H2prAHH2wCC,24.08.10,Reacting to Entertainment Trends,Channel_162,12,2024-10-08T16:00:00.000Z,2024|music|review,74564,5577,589,1211,https://i.ytimg.com/vi/F8tfdueX5U-/default.jpg,False,False,False,Auto-generated sample description for Entertainment video.
sqsZeKb2O-Z,24.04.12,Top 10 Gaming Moments This Week,Channel_3466,23,2024-12-04T17:00:00.000Z,vlog|music|review,2265,154,4,4,https://i.ytimg.com/vi/wv8Thq-lBMp/default.jpg,False,False,False,Auto-generated sample description for Gaming video.
8ysPrM7mNHG,24.12.10,Behind the Scenes: Entertainment,Channel_3545,15,2024-10-08T07:00:00.000Z,music|trending|vlog,28315,365,54,156,https://i.ytimg.com/vi/_mlCyHHJ6Di/default.jpg,False,False,False,Auto-generated sample description for Entertainment video.
UE2IsIaTGos,25.17.01,Why This Entertainment Video Went Viral,Channel_4507,22,2025-01-15T07:00:00.000Z,live|2024|official,75601,778,253,1115,https://i.ytimg.com/vi/mEKxsZ1uvJs/default.jpg,False,False,False,Auto-generated sample description for Entertainment video.
3p6uKlhwpo2,24.19.12,Top 10 Entertainment Moments This Week,Channel_4019,22,2024-12-15T14:00:00.000Z,live|official|trending,158446,1598,102,379,https://i.ytimg.com/vi/vAdX3oLOeOP/default.jpg,False,False,False,Auto-generated sample description for Entertainment video.
7ZTWMmNsGOu,24.11.02,Behind the Scenes: Entertainment,Channel_3068,12,2024-02-11T00:00:00.000Z,music|trending|live,73562,4675,283,229,https://i.ytimg.com/vi/nL7AdhWGYCV/default.jpg,False,False,False,Auto-generated sample description for Entertainment video.
RC9MscWtypO,24.10.07,Behind the Scenes: Entertainment,Channel_4078,15,2024-07-10T06:00:00.000Z,music|official|vlog,32068,1864,134,346,https://i.ytimg.com/vi/cVL9mf3lwvr/default.jpg,False,False,False,Auto-generated sample description for Entertainment video.
XbXj2VxyxLG,24.25.05,Music Compilation 2024,Channel_2474,5,2024-05-22T19:00:00.000Z,trending|vlog|2024,81807,5764,623,1526,https://i.ytimg.com/vi/Kw_DhafwTiZ/default.jpg,False,False,False,Auto-generated sample description for Music video.
eeKvbFZ8_Zl,24.25.06,Entertainment Compilation 2024,Channel_799,15,2024-06-23T10:00:00.000Z,2024|official|review,209422,6312,1703,2179,https://i.ytimg.com/vi/OxHoBU-zi3p/default.jpg,False,False,False,Auto-generated sample description for Entertainment video.
7ALtS5Gj3ou,24.20.06,Entertainment Compilation 2024,Channel_2937,12,2024-06-17T08:00:00.000Z,vlog|music|review,43044,3276,292,183,https://i.ytimg.com/vi/cc0rND1x3kl/default.jpg,False,False,False,Auto-generated sample description for Entertainment video.
DZXRkFRjtoK,24.30.01,Behind the Scenes: Education,Channel_4380,14,2024-01-26T01:00:00.000Z,vlog|official|trending,15543,867,76,86,https://i.ytimg.com/vi/fcNJsnCualP/default.jpg,False,False,False,Auto-generated sample description for Education video.
c8vWZAaZ1cS,24.28.03,Top 10 Music Moments This Week,Channel_561,5,2024-03-25T08:00:00.000Z,live|trending|official,341740,16612,227,5308,https://i.ytimg.com/vi/Coa3uuEU3SQ/default.jpg,False,False,False,Auto-generated sample description for Music video.
mYV_XKa3bON,24.29.05,Behind the Scenes: Entertainment,Channel_3060,22,2024-05-26T05:00:00.000Z,2024|live|vlog,45341,2982,382,481,https://i.ytimg.com/vi/UDpgC-Dqluf/default.jpg,False,False,False,Auto-generated sample description for Entertainment video.
sAaFuzeMLXL,24.02.04,Official Music Highlights,Channel_230,5,2024-04-01T08:00:00.000Z,review|live|2024,4766,317,35,35,https://i.ytimg.com/vi/KpYDgvMlGli/default.jpg,False,False,False,Auto-generated sample description for Music video.
N9QWZF8QR-E,24.29.05,Music Compilation 2024,Channel_312,19,2024-05-25T10:00:00.000Z,review|official|2024,8145,439,54,49,https://i.ytimg.com/vi/G-FePe2Jdwp/default.jpg,False,False,False,Auto-generated sample description for Music video.
Cq-lF46ul23,24.08.09,Behind the Scenes: Entertainment,Channel_489,22,2024-09-05T20:00:00.000Z,review|official|trending,16686,346,165,95,https://i.ytimg.com/vi/lyM_bLVc_JY/default.jpg,False,False,False,Auto-generated sample description for Entertainment video.
AXJLQsAuMpT,24.19.10,Reacting to Music Trends,Channel_1678,5,2024-10-15T08:00:00.000Z,review|vlog|live,173061,12004,144,2404,https://i.ytimg.com/vi/OR97KjfqrPw/default.jpg,False,False,False,Auto-generated sample description for Music video.
6copp6Nmkor,24.01.04,Reacting to Entertainment Trends,Channel_600,12,2024-03-29T13:00:00.000Z,official|review|vlog,15911,567,41,73,https://i.ytimg.com/vi/4p1c-sUh_JF/default.jpg,False,False,False,Auto-generated sample description for Entertainment video.
9bFoYLAVy66,24.09.12,Entertainment Compilation 2024,Channel_1564,15,2024-12-08T02:00:00.000Z,trending|music|review,33000,1597,94,602,https://i.ytimg.com/vi/VzrMmVroX3_/default.jpg,False,False,False,Auto-generated sample description for Entertainment video.
rQYIiYUlmwm,24.05.06,Behind the Scenes: Gaming,Channel_3445,23,2024-06-04T14:00:00.000Z,vlog|2024|live,5508,170,45,8,https://i.ytimg.com/vi/b4WOA9LtpHR/default.jpg,False,False,False,Auto-generated sample description for Gaming video.
l6HkWa4DtSk,24.08.10,Entertainment Compilation 2024,Channel_3838,22,2024-10-08T17:00:00.000Z,official|live|review,19817,1557,106,189,https://i.ytimg.com/vi/Mc74OfCF9RS/default.jpg,False,False,False,Auto-generated sample description for Entertainment video.
OOu_UfuQdMX,24.23.12,Entertainment Compilation 2024,Channel_3967,12,2024-12-20T19:00:00.000Z,vlog|music|review,23841,1072,81,364,https://i.ytimg.com/vi/2MdC61leEgq/default.jpg,False,True,False,Auto-generated sample description for Entertainment video.
oow5FWnxuQm,24.15.06,Behind the Scenes: Gaming,Channel_3491,23,2024-06-12T20:00:00.000Z,trending|review|vlog,4275,112,3,44,https://i.ytimg.com/vi/TkND4i2mAew/default.jpg,False,False,False,Auto-generated sample description for Gaming video.
e4YV6NwEc5K,24.28.09,Top 10 Howto & Style Moments This Week,Channel_2314,11,2024-09-27T20:00:00.000Z,trending|official|2024,7599,85,23,57,https://i.ytimg.com/vi/gpDveha4ZEK/default.jpg,False,False,False,Auto-generated sample description for Howto & Style video.
3AfkCeKDyhx,24.18.01,Top 10 Howto & Style Moments This Week,Channel_2313,11,2024-01-14T14:00:00.000Z,music|review|official,4635,282,17,3,https://i.ytimg.com/vi/jRj-1wm1_Ow/default.jpg,False,False,False,Auto-generated sample description for Howto & Style video.
UUxwVqtniOh,24.18.01,Entertainment Compilation 2024,Channel_3484,15,2024-01-16T18:00:00.000Z,2024|official|trending,44038,2825,232,247,https://i.ytimg.com/vi/MeRLMNzjLvi/default.jpg,False,False,False,Auto-generated sample description for Entertainment video.
Zkpj7QQIbcl,24.29.08,Why This Music Video Went Viral,Channel_3998,19,2024-08-29T16:00:00.000Z,trending|2024|review,50621,1817,158,683,https://i.ytimg.com/vi/G8-BGovXe1n/default.jpg,True,False,False,Auto-generated sample description for Music video.
YvAjCtDg9Vu,24.23.06,Official Music Highlights,Channel_852,5,2024-06-21T14:00:00.000Z,trending|2024|live,8748,437,49,20,https://i.ytimg.com/vi/kgUgbHsIcOc/default.jpg,False,False,False,Auto-generated sample description for Music video.
svnQdRELedU,24.31.01,Why This Music Video Went Viral,Channel_707,19,2024-01-28T06:00:00.000Z,2024|vlog|live,269867,20225,223,1569,https://i.ytimg.com/vi/7WFYU6U3aZn/default.jpg,False,False,False,Auto-generated sample description for Music video.
qbE1YJ_cKBG,24.06.06,Official Film & Animation Highlights,Channel_3903,1,2024-06-05T05:00:00.000Z,music|official|live,6885,87,16,7,https://i.ytimg.com/vi/rjG7SwGlDW5/default.jpg,False,False,False,Auto-generated sample description for Film & Animation video.
2gMPCi4Kkp8,24.14.02,Top 10 Comedy Moments This Week,Channel_778,9,2024-02-13T01:00:00.000Z,2024|vlog|review,77349,3113,49,863,https://i.ytimg.com/vi/c9h5_wV1pUu/default.jpg,False,False,False,Auto-generated sample description for Comedy video.
PTxVVjx25gJ,24.14.04,Official Gaming Highlights,Channel_2685,23,2024-04-10T00:00:00.000Z,vlog|official|live,8645,154,28,85,https://i.ytimg.com/vi/xqnOQTDoCl6/default.jpg,False,False,False,Auto-generated sample description for Gaming video.
GwIZptnPgXS,24.12.10,Official Autos & Vehicles Highlights,Channel_30,18,2024-10-08T08:00:00.000Z,trending|music|vlog,20126,1196,88,235,https://i.ytimg.com/vi/mU5lwoA6MJ7/default.jpg,False,False,False,Auto-generated sample description for Autos & Vehicles video.
0iZYIGqcaOO,24.22.07,Why This Entertainment Video Went Viral,Channel_1217,12,2024-07-20T18:00:00.000Z,trending|official|music,74310,2236,272,303,https://i.ytimg.com/vi/ubxSBzDzrHl/default.jpg,False,False,False,Auto-generated sample description for Entertainment video.
rVj5hzA0IC9,24.12.08,Music Compilation 2024,Channel_4627,19,2024-08-09T14:00:00.000Z,vlog|official|trending,415313,16079,2940,4372,https://i.ytimg.com/vi/-8GS2UPID7v/default.jpg,False,False,False,Auto-generated sample description for Music video.
4XB5PoWNPJa,24.25.10,Behind the Scenes: Entertainment,Channel_83,12,2024-10-21T12:00:00.000Z,live|vlog|review,41755,2417,285,775,https://i.ytimg.com/vi/OqGFQto3g4V/default.jpg,False,False,False,Auto-generated sample description for Entertainment video.
AJru4uM8VFs,24.25.03,Reacting to Music Trends,Channel_501,5,2024-03-23T09:00:00.000Z,live|vlog|review,26711,924,217,525,https://i.ytimg.com/vi/ckAVwAKnNiH/default.jpg,False,False,False,Auto-generated sample description for Music video.
sOFd2qc3f-Q,24.09.11,Entertainment Compilation 2024,Channel_4863,15,2024-11-07T16:00:00.000Z,official|review|trending,617423,47780,2101,9383,https://i.ytimg.com/vi/03urskXVvWS/default.jpg,False,False,False,Auto-generated sample description for Entertainment video.
ygH_DQVdRFg,24.05.04,Behind the Scenes: Entertainment,Channel_3044,22,2024-04-01T15:00:00.000Z,review|vlog|2024,14926,443,26,104,https://i.ytimg.com/vi/ZGSZmeBQVHE/default.jpg,False,False,False,Auto-generated sample description for Entertainment video.
25DjkHGEN1g,24.14.03,Reacting to Comedy Trends,Channel_1350,9,2024-03-10T06:00:00.000Z,vlog|music|2024,27257,1530,45,215,https://i.ytimg.com/vi/_OF-BPAzoLQ/default.jpg,False,False,False,Auto-generated sample description for Comedy video.
67RKIPIkDok,24.15.06,Behind the Scenes: Autos & Vehicles,Channel_155,4,2024-06-13T21:00:00.000Z,trending|music|live,19782,348,47,335,https://i.ytimg.com/vi/jcCOtCG8c9p/default.jpg,False,False,False,Auto-generated sample description for Autos & Vehicles video.
zf3JooHpr4k,24.21.02,Official Music Highlights,Channel_3220,19,2024-02-20T09:00:00.000Z,official|music|review,47162,1977,370,792,https://i.ytimg.com/vi/sXPdzwANCS9/default.jpg,False,False,False,Auto-generated sample description for Music video.
03Lh0S5gWlA,24.18.06,Top 10 Entertainment Moments This Week,Channel_3373,12,2024-06-16T21:00:00.000Z,vlog|official|review,73552,4518,241,622,https://i.ytimg.com/vi/EYn1EcVgLtd/default.jpg,False,False,False,Auto-generated sample description for Entertainment video.
g69ufAqPOch,24.26.07,Behind the Scenes: Howto & Style,Channel_1976,11,2024-07-24T17:00:00.000Z,vlog|official|trending,7300,446,10,93,https://i.ytimg.com/vi/PpAmrUQXEu5/default.jpg,False,False,False,Auto-generated sample description for Howto & Style video.
R3TrrmAUf-R,24.02.09,Behind the Scenes: Education,Channel_2620,14,2024-08-31T12:00:00.000Z,official|music|vlog,39220,2846,356,341,https://i.ytimg.com/vi/Bh5KFIPXnB1/default.jpg,False,False,False,Auto-generated sample description for Education video.
Z9gzXvnhGSb,24.08.12,Reacting to Entertainment Trends,Channel_3498,22,2024-12-05T00:00:00.000Z,trending|2024|official,237373,10581,626,3811,https://i.ytimg.com/vi/nVgUyeiNjb3/default.jpg,False,False,False,Auto-generated sample description for Entertainment video.
NUP0YHrMgrX,24.25.11,Why This Comedy Video Went Viral,Channel_3961,9,2024-11-21T07:00:00.000Z,2024|official|review,6960,74,4,66,https://i.ytimg.com/vi/nrI-5TbL6Tz/default.jpg,False,False,False,Auto-generated sample description for Comedy video.
D9bk6va7kTZ,24.21.07,Why This Music Video Went Viral,Channel_4504,5,2024-07-21T10:00:00.000Z,vlog|trending|review,95980,2227,466,1221,https://i.ytimg.com/vi/CBNsC77dqnI/default.jpg,False,False,False,Auto-generated sample description for Music video.
JUTFgpPoU58,24.30.03,Top 10 Entertainment Moments This Week,Channel_2953,15,2024-03-29T19:00:00.000Z,trending|music|live,14616,504,142,121,https://i.ytimg.com/vi/5BwcaU7AIYX/default.jpg,False,False,False,Auto-generated sample description for Entertainment video.
d9FnvUNVmlP,24.01.07,Why This Entertainment Video Went Viral,Channel_4775,12,2024-06-29T18:00:00.000Z,live|trending|vlog,14819,893,49,128,https://i.ytimg.com/vi/3TwayymzGZr/default.jpg,False,False,False,"Auto-generated sample description for Entertainment video.
Second line inside a quoted CSV field."
An67Lp7vVwy,24.04.11,Music Compilation 2024,Channel_1587,5,2024-11-02T19:00:00.000Z,music|trending|official,338084,26750,2452,2007,https://i.ytimg.com/vi/bWPGkujuadr/default.jpg,False,False,False,Auto-generated sample description for Music video.
oZYogQ_Q5bv,24.28.06,Top 10 Entertainment Moments This Week,Channel_406,15,2024-06-26T07:00:00.000Z,2024|live|review,77219,3422,132,1136,https://i.ytimg.com/vi/3kln-ecnR4q/default.jpg,False,False,False,Auto-generated sample description for Entertainment video.
tbZq0KAaN2n,25.01.02,Behind the Scenes: Entertainment,Channel_2688,15,2025-02-01T03:00:00.000Z,music|official|vlog,205811,12962,1879,2849,https://i.ytimg.com/vi/9ui-ZBHToKg/default.jpg,False,False,True,Auto-generated sample description for Entertainment video.
Zl_m8uiIRGx,24.07.01,Official Entertainment Highlights,Channel_544,15,2024-01-06T15:00:00.000Z,review|official|2024,72095,3918,626,990,https://i.ytimg.com/vi/R4O1nxYHypa/default.jpg,False,False,False,Auto-generated sample description for Entertainment video.
JiHOz1Uo3xr,24.13.10,Top 10 Entertainment Moments This Week,Channel_4498,12,2024-10-12T21:00:00.000Z,vlog|official|music,14479,845,97,115,https://i.ytimg.com/vi/wdoBaZs1Hsy/default.jpg,False,False,False,Auto-generated sample description for Entertainment video.
sjzilcItSD2,24.06.07,Behind the Scenes: Sports,Channel_4082,10,2024-07-05T01:00:00.000Z,vlog|live|review,847267,16480,4106,5351,https://i.ytimg.com/vi/xvu1gmUNZPk/default.jpg,False,False,False,Auto-generated sample description for Sports video.
Gn75FvAoOGT,24.06.05,Behind the Scenes: Sports,Channel_4163,10,2024-05-04T21:00:00.000Z,music|live|trending,158053,11912,525,227,https://i.ytimg.com/vi/N-rVgwc_G44/default.jpg,False,False,False,Auto-generated sample description for Sports video.
ISjGkiZielv,24.08.10,Behind the Scenes: Entertainment,Channel_2740,22,2024-10-07T19:00:00.000Z,trending|2024|vlog,122483,3516,219,1247,https://i.ytimg.com/vi/agUezHaNu6E/default.jpg,False,False,False,Auto-generated sample description for Entertainment video.
ViNaR8S2bbn,24.13.06,Reacting to News & Politics Trends,Channel_777,16,2024-06-11T17:00:00.000Z,live|review|trending,1092,48,5,18,https://i.ytimg.com/vi/j7KHlduAj1f/default.jpg,False,False,False,Auto-generated sample description for News & Politics video.
3j0l39mpsBk,25.31.01,Reacting to Entertainment Trends,Channel_4742,12,2025-01-28T15:00:00.000Z,trending|vlog|official,51717,636,484,899,https://i.ytimg.com/vi/ncBbSAHZiy1/default.jpg,False,False,False,Auto-generated sample description for Entertainment video.
n40jIWGsfPp,24.01.10,Entertainment Compilation 2024,Channel_3700,15,2024-09-29T01:00:00.000Z,trending|music|live,337794,18565,1736,2654,https://i.ytimg.com/vi/hFrdwB9tVvF/default.jpg,False,False,False,Auto-generated sample description for Entertainment video.
PhTqVB-Mtqa,24.16.08,Official Entertainment Highlights,Channel_4677,12,2024-08-16T02:00:00.000Z,music|review|vlog,33525,2283,172,247,https://i.ytimg.com/vi/P1Vw2ZehxzP/default.jpg,True,False,False,Auto-generated sample description for Entertainment video.
eplR6HT0Oyo,25.31.01,Official Entertainment Highlights,Channel_2302,22,2025-01-28T16:00:00.000Z,live|vlog|music,18161,342,81,154,https://i.ytimg.com/vi/8c2roK7Rkvt/default.jpg,False,False,False,Auto-generated sample description for Entertainment video.
ic2Ma4P1XJT,24.08.08,Music Compilation 2024,Channel_4757,19,2024-08-04T01:00:00.000Z,vlog|review|trending,29356,853,115,119,https://i.ytimg.com/vi/A_ezogrzL1W/default.jpg,False,False,False,Auto-generated sample description for Music video.
ZoMl0QDum4b,24.08.03,Why This Music Video Went Viral,Channel_4108,5,2024-03-07T22:00:00.000Z,official|trending|2024,109408,2729,558,736,https://i.ytimg.com/vi/eK92p0uwFk5/default.jpg,False,False,False,Auto-generated sample description for Music video.
tEr92yECgdE,24.04.08,Top 10 Autos & Vehicles Moments This Week,Channel_2670,4,2024-08-01T19:00:00.000Z,official|music|trending,104,6,0,0,https://i.ytimg.com/vi/GYqB9Y5FXYA/default.jpg,False,False,False,Auto-generated sample description for Autos & Vehicles video.
SQhsn2LycuU,24.21.05,Reacting to People & Blogs Trends,Channel_615,3,2024-05-17T14:00:00.000Z,official|live|review,1685,21,10,16,https://i.ytimg.com/vi/jXxbu3H1wFu/default.jpg,False,False,False,Auto-generated sample description for People & Blogs video.
V9kX6eI6MXe,24.13.02,Why This Education Video Went Viral,Channel_4786,2,2024-02-10T10:00:00.000Z,music|vlog|2024,4211,238,40,34,https://i.ytimg.com/vi/twzBv__--TV/default.jpg,False,False,False,Auto-generated sample description for Education video.
P8ikLYO1Akr,24.25.04,Reacting to Entertainment Trends,Channel_4027,15,2024-04-22T13:00:00.000Z,vlog|review|2024,96019,7264,519,746,https://i.ytimg.com/vi/Rc5UHPbv1lY/default.jpg,False,False,False,Auto-generated sample description for Entertainment video.
eoZL00-ep6Q,24.31.07,Music Compilation 2024,Channel_1699,5,2024-07-27T04:00:00.000Z,2024|trending|music,44763,1059,212,87,https://i.ytimg.com/vi/uhZaNRRE78v/default.jpg,False,False,False,Auto-generated sample description for Music video.
BjfKKX_XXpI,24.19.01,Music Compilation 2024,Channel_1023,19,2024-01-18T09:00:00.000Z,music|review|live,42601,761,202,171,https://i.ytimg.com/vi/A0SMiEKItjB/default.jpg,False,False,False,Auto-generated sample description for Music video.
rcwhyVe8HCa,24.29.07,Top 10 Education Moments This Week,Channel_1616,14,2024-07-26T00:00:00.000Z,music|2024|review,3951,295,37,3,https://i.ytimg.com/vi/mjVGUloB5l6/default.jpg,False,False,False,Auto-generated sample description for Education video.
90cATY8gTyl,24.05.05,Why This Music Video Went Viral,Channel_1607,5,2024-05-05T05:00:00.000Z,music|review|2024,61718,2476,61,157,https://i.ytimg.com/vi/Mg_XMc5OjMb/default.jpg,False,True,False,Auto-generated sample description for Music video.
e5ksmHVx1qx,24.18.12,Top 10 Film & Animation Moments This Week,Channel_4831,1,2024-12-14T08:00:00.000Z,2024|official|trending,345,4,0,6,https://i.ytimg.com/vi/av_G10Dsr1F/default.jpg,False,False,False,Auto-generated sample description for Film & Animation video.
7HvaJVXqpfP,24.10.03,Behind the Scenes: People & Blogs,Channel_4037,3,2024-03-07T13:00:00.000Z,live|review|trending,30113,1651,267,292,https://i.ytimg.com/vi/ATewpgbbfwb/default.jpg,False,False,False,Auto-generated sample description for People & Blogs video.
kwahjSCFLwr,24.09.04,Why This Entertainment Video Went Viral,Channel_2301,15,2024-04-09T05:00:00.000Z,trending|live|vlog,149857,5475,479,2078,https://i.ytimg.com/vi/uS3wf97RR8E/default.jpg,False,False,False,Auto-generated sample description for Entertainment video.
j7_m4U8qubl,24.21.06,Why This Entertainment Video Went Viral,Channel_2463,15,2024-06-19T15:00:00.000Z,trending|official|2024,298999,12183,2208,777,https://i.ytimg.com/vi/rojnIDaK3yl/default.jpg,False,False,False,Auto-generated sample description for Entertainment video.
7U3D0wlI57x,24.24.12,Official Entertainment Highlights,Channel_3654,12,2024-12-20T08:00:00.000Z,review|music|2024,62596,4535,157,1140,https://i.ytimg.com/vi/DpYPEc78Io1/default.jpg,False,False,False,Auto-generated sample description for Entertainment video.
wOqBlUFtejJ,24.29.03,Music Compilation 2024,Channel_1682,5,2024-03-29T16:00:00.000Z,trending|2024|review,38644,2579,293,744,https://i.ytimg.com/vi/T_QHKDkBdBT/default.jpg,False,False,False,Auto-generated sample description for Music video.
m1PKxa-xMvn,24.11.07,Entertainment Compilation 2024,Channel_1925,22,2024-07-10T15:00:00.000Z,2024|trending|official,163691,3916,662,2772,https://i.ytimg.com/vi/Y2ue9os_G8H/default.jpg,False,False,False,Auto-generated sample description for Entertainment video.
DA4LQvaKy-o,24.19.10,Reacting to Entertainment Trends,Channel_3290,12,2024-10-15T10:00:00.000Z,review|music|vlog,19228,1330,172,180,https://i.ytimg.com/vi/YVS3awHssaC/default.jpg,False,True,False,Auto-generated sample description for Entertainment video.
A-J7iTjhV3j,25.11.01,Top 10 Entertainment Moments This Week,Channel_4629,12,2025-01-11T05:00:00.000Z,trending|official|live,162888,6546,852,663,https://i.ytimg.com/vi/hdJcv3ovfhy/default.jpg,False,False,False,Auto-generated sample description for Entertainment video.
O0YYLg-FZ4f,24.18.04,Reacting to Entertainment Trends,Channel_4354,12,2024-04-15T05:00:00.000Z,trending|music|review,215185,13089,1503,1175,https://i.ytimg.com/vi/DO_EwGYDUsE/default.jpg,False,False,False,Auto-generated sample description for Entertainment video.
lvFzTRaa9sb,24.10.06,Reacting to Music Trends,Channel_4502,5,2024-06-07T18:00:00.000Z,live|trending|official,75081,5425,397,590,https://i.ytimg.com/vi/NeWZIYz0ekk/default.jpg,False,False,False,Auto-generated sample description for Music video.
6DF_XUhDesr,25.23.01,Official Music Highlights,Channel_849,19,2025-01-19T03:00:00.000Z,2024|music|official,77646,1187,393,844,https://i.ytimg.com/vi/rr-AGzrHsAw/default.jpg,False,False,False,Auto-generated sample description for Music video.
yGnls0JIAFg,24.26.09,Behind the Scenes: Music,Channel_3072,19,2024-09-22T01:00:00.000Z,review|official|2024,62719,2285,127,332,https://i.ytimg.com/vi/vOOml4hxc9C/default.jpg,False,False,False,Auto-generated sample description for Music video.
Ie7TJxU8dd-,24.19.10,Reacting to Music Trends,Channel_4099,5,2024-10-19T13:00:00.000Z,official|review|live,56724,3721,427,170,https://i.ytimg.com/vi/trw5X_Qx0eU/default.jpg,False,False,False,Auto-generated sample description for Music video.
iFoDds3at3D,24.30.07,Official Comedy Highlights,Channel_4166,9,2024-07-29T22:00:00.000Z,2024|review|live,5406,214,30,21,https://i.ytimg.com/vi/x9ifaYOl9zX/default.jpg,False,False,False,Auto-generated sample description for Comedy video.
0Q9A_9TMONq,24.04.07,Top 10 Entertainment Moments This Week,Channel_86,15,2024-07-03T05:00:00.000Z,live|2024|music,85855,3675,410,1578,https://i.ytimg.com/vi/lczOzWMtkvT/default.jpg,False,False,False,Auto-generated sample description for Entertainment video.
OvUmXNjDCnT,24.09.08,Top 10 Entertainment Moments This Week,Channel_2999,12,2024-08-08T16:00:00.000Z,review|vlog|official,17598,1089,53,279,https://i.ytimg.com/vi/sh_Yvqr0hEB/default.jpg,False,False,False,Auto-generated sample description for Entertainment video.
UjO_v2lQWt0,24.28.10,Official Gaming Highlights,Channel_2885,23,2024-10-26T20:00:00.000Z,review|trending|vlog,24500,962,95,254,https://i.ytimg.com/vi/n2J5D8vFL7N/default.jpg,False,False,False,Auto-generated sample description for Gaming video.
86va2k0L3nY,24.07.02,Entertainment Compilation 2024,Channel_2455,15,2024-02-07T21:00:00.000Z,2024|vlog|music,18343,562,166,84,https://i.ytimg.com/vi/wBZ0MO5U-SQ/default.jpg,False,False,False,Auto-generated sample description for Entertainment video.
Bw_W3CEJqya,24.25.12,Reacting to Entertainment Trends,Channel_2018,22,2024-12-24T01:00:00.000Z,live|trending|official,828077,16720,5656,3424,https://i.ytimg.com/vi/65X8N_TJ8Aj/default.jpg,False,False,False,Auto-generated sample description for Entertainment video.
_xtpA2K3MVd,24.22.07,Why This News & Politics Video Went Viral,Channel_4553,6,2024-07-19T22:00:00.000Z,official|review|vlog,27245,1354,122,245,https://i.ytimg.com/vi/M6XE2pSuGuL/default.jpg,False,False,False,Auto-generated sample description for News & Politics video.
uvQd4w-g7TL,24.28.03,Reacting to Entertainment Trends,Channel_2120,15,2024-03-28T07:00:00.000Z,review|vlog|music,257509,8376,1361,4761,https://i.ytimg.com/vi/7qTTdTlHvZu/default.jpg,False,False,False,Auto-generated sample description for Entertainment video.
EsY3HcfRDas,24.06.11,Sports Compilation 2024,Channel_2431,10,2024-11-04T22:00:00.000Z,music|live|review,12809,815,83,209,https://i.ytimg.com/vi/vuD6MVpGLBM/default.jpg,False,False,False,Auto-generated sample description for Sports video.
22TiFJ9374T,24.28.06,Reacting to Entertainment Trends,Channel_4908,22,2024-06-28T16:00:00.000Z,music|trending|vlog,3301,156,25,27,https://i.ytimg.com/vi/ReYaGXy1BJN/default.jpg,False,False,False,Auto-generated sample description for Entertainment video.
ifURC4SRvnM,24.24.02,Reacting to Entertainment Trends,Channel_4236,15,2024-02-22T11:00:00.000Z,2024|live|vlog,31670,1884,307,466,https://i.ytimg.com/vi/W4iNXfIkH3G/default.jpg,True,False,False,Auto-generated sample description for Entertainment video.
uinRP7c1u7o,24.28.10,Why This Film & Animation Video Went Viral,Channel_3844,17,2024-10-25T15:00:00.000Z,live|2024|review,13217,858,79,194,https://i.ytimg.com/vi/37eK6cXzp_w/default.jpg,False,False,False,Auto-generated sample description for Film & Animation video.
2YVoMc4ExuF,25.17.01,Official Music Highlights,Channel_1047,5,2025-01-17T21:00:00.000Z,2024|music|review,99388,1680,201,1617,https://i.ytimg.com/vi/Hgw9nItyqSJ/default.jpg,False,False,False,Auto-generated sample description for Music video.
1JraaUmQyIb,25.01.02,Official Education Highlights,Channel_2123,14,2025-01-28T10:00:00.000Z,vlog|2024|review,1897,136,4,21,https://i.ytimg.com/vi/Bby8fGbrTiV/default.jpg,False,False,False,Auto-generated sample description for Education video.
QsbOQDXSeSZ,24.11.10,Entertainment Compilation 2024,Channel_3268,15,2024-10-09T07:00:00.000Z,live|2024|official,69029,2354,139,174,https://i.ytimg.com/vi/sW8fJ6ENnbk/default.jpg,False,False,False,Auto-generated sample description for Entertainment video.
kqywzQ3VVvB,25.12.01,Reacting to Sports Trends,Channel_4633,10,2025-01-11T18:00:00.000Z,music|2024|trending,5018,120,20,91,https://i.ytimg.com/vi/T-cR0Eih633/default.jpg,False,False,False,Auto-generated sample description for Sports video.
7XSTbagTalq,24.17.05,Official Music Highlights,Channel_2690,19,2024-05-14T15:00:00.000Z,vlog|live|2024,49526,3232,419,715,https://i.ytimg.com/vi/OimZhD3qt4U/default.jpg,False,False,False,Auto-generated sample description for Music video.
6xrKt0LN96Z,24.21.11,Reacting to Entertainment Trends,Channel_3237,12,2024-11-20T20:00:00.000Z,official|music|trending,58204,1148,174,487,https://i.ytimg.com/vi/MBwYTft7ubz/default.jpg,False,False,False,Auto-generated sample description for Entertainment video.
0bjDOUa-To0,24.09.07,Reacting to Entertainment Trends,Channel_1522,15,2024-07-07T20:00:00.000Z,review|2024|music,46312,2433,95,738,https://i.ytimg.com/vi/l0WIKAhafGZ/default.jpg,False,False,False,Auto-generated sample description for Entertainment video.
Wvw1f3v7iyc,24.21.03,Why This Entertainment Video Went Viral,Channel_4950,12,2024-03-18T12:00:00.000Z,music|review|2024,3320,44,15,28,https://i.ytimg.com/vi/EqnsqQIkTDN/default.jpg,False,False,False,Auto-generated sample description for Entertainment video.
XEdIOBB2K4z,24.07.03,Music Compilation 2024,Channel_4318,19,2024-03-07T18:00:00.000Z,official|vlog|music,4656,317,15,29,https://i.ytimg.com/vi/4RSD8zz5G2f/default.jpg,True,False,False,Auto-generated sample description for Music video.
v1UNFImG5rZ,24.01.07,Reacting to Music Trends,Channel_4284,5,2024-06-29T17:00:00.000Z,trending|review|music,30321,318,127,273,https://i.ytimg.com/vi/I81XQ5d0LL-/default.jpg,False,False,False,Auto-generated sample description for Music video.
Vei7pd6R2J5,24.09.11,Behind the Scenes: Entertainment,Channel_4869,15,2024-11-06T05:00:00.000Z,trending|2024|live,46113,2428,98,45,https://i.ytimg.com/vi/iUtRaH-ie7m/default.jpg,False,False,False,Auto-generated sample description for Entertainment video.
jGBt4LsaeHZ,24.16.08,Reacting to Entertainment Trends,Channel_1954,22,2024-08-15T18:00:00.000Z,review|music|live,53075,3812,207,699,https://i.ytimg.com/vi/WBXhV5KkiWp/default.jpg,False,False,False,Auto-generated sample description for Entertainment video.
FeSm-Ffxli9,24.30.12,Why This Howto & Style Video Went Viral,Channel_4881,8,2024-12-27T14:00:00.000Z,official|2024|review,28276,1353,25,32,https://i.ytimg.com/vi/_ZXjsalJehE/default.jpg,False,False,False,Auto-generated sample description for Howto & Style video.
d68QVNW6yza,24.16.10,Behind the Scenes: Entertainment,Channel_4960,22,2024-10-14T14:00:00.000Z,official|vlog|music,393600,4367,1064,5186,https://i.ytimg.com/vi/ANirOs2FpPO/default.jpg,False,False,False,Auto-generated sample description for Entertainment video.
LM4G69trOy3,24.04.02,Entertainment Compilation 2024,Channel_4621,22,2024-02-01T03:00:00.000Z,official|live|2024,782829,46180,3413,9000,https://i.ytimg.com/vi/3K4VGSjfbkM/default.jpg,False,False,False,Auto-generated sample description for Entertainment video.
S_hBmbtxOrj,24.04.11,Howto & Style Compilation 2024,Channel_4181,8,2024-11-04T02:00:00.000Z,live|music|trending,8799,567,60,66,https://i.ytimg.com/vi/uNf-4B_Pfq0/default.jpg,False,False,False,Auto-generated sample description for Howto & Style video.
IeBHE75NSvF,24.14.12,Why This Music Video Went Viral,Channel_2054,5,2024-12-10T20:00:00.000Z,official|trending|vlog,99324,5552,330,675,https://i.ytimg.com/vi/OaDqLm0bppf/default.jpg,False,False,False,Auto-generated sample description for Music video.
fzwUExuNN_b,24.04.04,Official Music Highlights,Channel_767,19,2024-03-31T00:00:00.000Z,trending|2024|review,30369,2000,234,168,https://i.ytimg.com/vi/g4xlJs5f7Gt/default.jpg,False,False,False,Auto-generated sample description for Music video.
th_BGpeBl3I,24.28.08,Behind the Scenes: Entertainment,Channel_171,22,2024-08-28T19:00:00.000Z,music|review|vlog,298513,3316,788,4985,https://i.ytimg.com/vi/1OkL2OhmF3T/default.jpg,False,False,False,Auto-generated sample description for Entertainment video.
K_NvMvMRqrM,24.06.05,Official Comedy Highlights,Channel_4146,9,2024-05-05T13:00:00.000Z,music|live|trending,66504,1630,225,1234,https://i.ytimg.com/vi/fXNwL7CYW_2/default.jpg,False,False,False,Auto-generated sample description for Comedy video.
EHGTVxTDmcs,25.07.01,Reacting to Entertainment Trends,Channel_2665,22,2025-01-03T20:00:00.000Z,music|review|trending,236156,7509,1108,503,https://i.ytimg.com/vi/ekpOdN-w0_L/default.jpg,False,False,False,Auto-generated sample description for Entertainment video.
6zBXGo6OrJi,24.24.04,Official News & Politics Highlights,Channel_4706,6,2024-04-20T00:00:00.000Z,vlog|2024|review,40,0,0,0,https://i.ytimg.com/vi/VOLlXgV0eKa/default.jpg,False,False,False,Auto-generated sample description for News & Politics video.
-tQ3lRpX2Ke,24.21.02,Reacting to Entertainment Trends,Channel_1717,12,2024-02-20T14:00:00.000Z,2024|trending|review,14360,509,99,181,https://i.ytimg.com/vi/HMwvqM3Xi6U/default.jpg,False,False,False,Auto-generated sample description for Entertainment video.
Vtue1HgefeT,24.07.03,Top 10 Entertainment Moments This Week,Channel_4923,22,2024-03-05T04:00:00.000Z,live|2024|trending,20910,1112,189,316,https://i.ytimg.com/vi/Gh3Oe0aZwvW/default.jpg,False,False,False,Auto-generated sample description for Entertainment video.
aGz7YwXqQW7,24.07.08,Top 10 Sports Moments This Week,Channel_4036,10,2024-08-06T00:00:00.000Z,review|vlog|2024,11044,126,31,28,https://i.ytimg.com/vi/17jUpK5ytP_/default.jpg,False,False,False,Auto-generated sample description for Sports video.
L8wQ6LYyieo,24.25.05,Official Music Highlights,Channel_919,19,2024-05-21T00:00:00.000Z,live|vlog|official,16232,765,62,34,https://i.ytimg.com/vi/2htIxX9mbjh/default.jpg,False,False,False,Auto-generated sample description for Music video.
UQwS4m-HCz5,24.25.08,Why This Music Video Went Viral,Channel_3571,5,2024-08-23T09:00:00.000Z,music|official|vlog,12368,700,89,140,https://i.ytimg.com/vi/gAtkFlziadV/default.jpg,False,False,False,Auto-generated sample description for Music video.
6uz926Fc_YY,24.23.02,Why This Entertainment Video Went Viral,Channel_4216,12,2024-02-23T20:00:00.000Z,2024|trending|vlog,16745,250,63,159,https://i.ytimg.com/vi/NvAR0XKUBYU/default.jpg,False,False,False,Auto-generated sample description for Entertainment video.
VT9_6q-9ICC,24.27.08,Top 10 Entertainment Moments This Week,Channel_4223,22,2024-08-23T06:00:00.000Z,review|official|music,175201,10089,1458,1706,https://i.ytimg.com/vi/35-UhFTqcqs/default.jpg,False,False,False,Auto-generated sample description for Entertainment video.
SHPE4IO8hOS,24.13.06,Behind the Scenes: Howto & Style,Channel_1364,8,2024-06-10T11:00:00.000Z,review|2024|vlog,8122,155,60,24,https://i.ytimg.com/vi/LiLK-U58rEE/default.jpg,False,False,False,Auto-generated sample description for Howto & Style video.
V5tZQCLI9xL,24.18.03,Top 10 Music Moments This Week,Channel_1583,19,2024-03-14T14:00:00.000Z,trending|official|2024,536896,19330,3715,7308,https://i.ytimg.com/vi/J6wXr0ig5X4/default.jpg,False,False,False,Auto-generated sample description for Music video.
vFQbSDhUUD-,24.03.04,Entertainment Compilation 2024,Channel_4189,22,2024-03-31T03:00:00.000Z,2024|vlog|official,118901,5182,790,1930,https://i.ytimg.com/vi/ZM13HCNzrCm/default.jpg,False,False,False,Auto-generated sample description for Entertainment video.
f0KgQw4N72L,24.03.11,Music Compilation 2024,Channel_3957,19,2024-11-01T05:00:00.000Z,live|music|vlog,20130,1364,67,53,https://i.ytimg.com/vi/tAE38uQjPAy/default.jpg,False,False,False,Auto-generated sample description for Music video.
02qwjMeUTM7,25.03.02,Top 10 Entertainment Moments This Week,Channel_1195,22,2025-02-03T13:00:00.000Z,2024|official|music,15248,1027,45,195,https://i.ytimg.com/vi/nXhB_j5ncro/default.jpg,False,False,False,Auto-generated sample description for Entertainment video.
ijBLvTr62bL,24.08.08,Why This Entertainment Video Went Viral,Channel_2842,22,2024-08-05T16:00:00.000Z,music|2024|live,17925,850,63,189,https://i.ytimg.com/vi/OxVM5uSiAwF/default.jpg,False,False,False,Auto-generated sample description for Entertainment video.
ASpz4poUYaL,24.27.10,Official Music Highlights,Channel_4769,5,2024-10-27T04:00:00.000Z,trending|live|official,6010,151,27,99,https://i.ytimg.com/vi/Am7Fn2DbKFC/default.jpg,False,False,False,Auto-generated sample description for Music video.
2kRjFLcDrXR,24.01.06,Entertainment Compilation 2024,Channel_3393,15,2024-06-01T04:00:00.000Z,trending|2024|official,14802,608,65,14,https://i.ytimg.com/vi/rdWBH-9VTTc/default.jpg,False,False,False,Auto-generated sample description for Entertainment video.
4omWRqiZmVH,24.23.04,Reacting to Entertainment Trends,Channel_4692,12,2024-04-19T02:00:00.000Z,review|trending|live,29102,1971,260,149,https://i.ytimg.com/vi/As-3tOp5n8V/default.jpg,False,False,False,Auto-generated sample description for Entertainment video.
GCQG8bi7jLh,24.28.03,Reacting to Music Trends,Channel_3217,19,2024-03-28T13:00:00.000Z,music|trending|vlog,212368,16057,1400,3363,https://i.ytimg.com/vi/KEvQT4d4wyP/default.jpg,False,False,False,Auto-generated sample description for Music video.
16cK1QWf2GQ,25.25.01,Top 10 Music Moments This Week,Channel_2127,19,2025-01-23T11:00:00.000Z,review|trending|music,28830,1499,240,376,https://i.ytimg.com/vi/i_B9sUkIb3d/default.jpg,False,False,False,Auto-generated sample description for Music video.
Ko9suBCOsRf,24.25.02,Why This Comedy Video Went Viral,Channel_635,9,2024-02-24T05:00:00.000Z,trending|2024|vlog,1075,18,2,3,https://i.ytimg.com/vi/pJnGKKI_OWP/default.jpg,False,False,False,Auto-generated sample description for Comedy video.
H-e-Xfv9kyC,24.30.01,Official Music Highlights,Channel_3983,19,2024-01-26T19:00:00.000Z,official|trending|review,11180,492,104,80,https://i.ytimg.com/vi/SjY06kJ787x/default.jpg,False,False,False,Auto-generated sample description for Music video.
QLiP5ptAqZq,25.02.02,Reacting to Entertainment Trends,Channel_854,12,2025-02-02T08:00:00.000Z,music|review|vlog,834214,12453,7398,15603,https://i.ytimg.com/vi/s_HOOS5K9Ej/default.jpg,False,False,False,Auto-generated sample description for Entertainment video.
u0qzj0r51bO,25.11.01,Behind the Scenes: Autos & Vehicles,Channel_773,18,2025-01-11T01:00:00.000Z,vlog|2024|music,8223,419,7,48,https://i.ytimg.com/vi/LMPngisn24j/default.jpg,False,False,False,Auto-generated sample description for Autos & Vehicles video.
SxRCzvYQNeU,24.05.09,Top 10 Entertainment Moments This Week,Channel_3668,12,2024-09-02T22:00:00.000Z,music|2024|vlog,5729,441,54,31,https://i.ytimg.com/vi/yup1nJ08oJF/default.jpg,False,False,False,Auto-generated sample description for Entertainment video.
_lK7NfXZe02,24.17.07,Official Entertainment Highlights,Channel_4582,12,2024-07-14T02:00:00.000Z,vlog|live|review,9543,558,51,96,https://i.ytimg.com/vi/haUvyh39-GM/default.jpg,False,False,False,Auto-generated sample description for Entertainment video.
MoqBHUome46,24.13.08,Behind the Scenes: Music,Channel_3921,19,2024-08-09T18:00:00.000Z,music|trending|2024,246704,5657,1156,3216,https://i.ytimg.com/vi/kTUxnbMkbYw/default.jpg,False,False,False,Auto-generated sample description for Music video.
IIezXDobUvh,24.10.07,Top 10 Entertainment Moments This Week,Channel_2258,15,2024-07-06T12:00:00.000Z,trending|review|official,364657,17729,2145,2977,https://i.ytimg.com/vi/aU2-ouy_inb/default.jpg,False,False,False,Auto-generated sample description for Entertainment video.
Uv0YUfgmLfr,24.23.04,Top 10 Entertainment Moments This Week,Channel_1709,22,2024-04-21T22:00:00.000Z,trending|review|vlog,492158,11659,4817,9510,https://i.ytimg.com/vi/APryP8jqGoS/default.jpg,False,False,False,Auto-generated sample description for Entertainment video.
Llm26NZ-tgC,24.01.12,Official Music Highlights,Channel_2294,19,2024-11-30T08:00:00.000Z,official|live|review,11226,678,10,156,https://i.ytimg.com/vi/NfEHd43JQOm/default.jpg,False,False,False,Auto-generated sample description for Music video.
EIN9Sikh9Uq,24.22.12,Official Entertainment Highlights,Channel_3221,22,2024-12-20T12:00:00.000Z,live|2024|review,66552,2563,395,1022,https://i.ytimg.com/vi/g08AEIZ5-yc/default.jpg,False,False,False,Auto-generated sample description for Entertainment video.
5MHiuv61mok,24.31.01,Official Music Highlights,Channel_2089,19,2024-01-28T09:00:00.000Z,vlog|trending|music,34729,1482,185,443,https://i.ytimg.com/vi/v-HxTvq_x3B/default.jpg,False,False,False,Auto-generated sample description for Music video.
SlTp-PeMAd4,24.17.11,Reacting to Entertainment Trends,Channel_4581,22,2024-11-14T18:00:00.000Z,2024|vlog|official,93018,4467,816,1415,https://i.ytimg.com/vi/niD2V_GCy_N/default.jpg,False,False,False,Auto-generated sample description for Entertainment video.
0NSp7ymYNEp,24.15.02,Behind the Scenes: Music,Channel_3303,5,2024-02-13T03:00:00.000Z,music|live|vlog,3527,59,18,58,https://i.ytimg.com/vi/28x4ZZnjK3h/default.jpg,False,False,False,Auto-generated sample description for Music video.
TuLVAr7zE43,24.09.12,Official Film & Animation Highlights,Channel_611,17,2024-12-05T06:00:00.000Z,2024|music|official,83302,5054,485,393,https://i.ytimg.com/vi/etX1y6Y_i06/default.jpg,False,False,False,Auto-generated sample description for Film & Animation video.
LYqGknZ5taz,24.21.12,Why This Music Video Went Viral,Channel_3984,5,2024-12-17T13:00:00.000Z,live|2024|music,1288,16,6,17,https://i.ytimg.com/vi/yJvRTLNcxi_/default.jpg,False,False,False,Auto-generated sample description for Music video.
AqVU5AzC1rE,24.10.02,Behind the Scenes: Entertainment,Channel_819,15,2024-02-07T02:00:00.000Z,official|live|trending,41423,1126,195,552,https://i.ytimg.com/vi/Atf8v_1DVFB/default.jpg,True,False,False,Auto-generated sample description for Entertainment video.
Yqo3z2Qe1N5,24.25.07,Reacting to Entertainment Trends,Channel_628,22,2024-07-25T21:00:00.000Z,trending|review|2024,56918,3689,171,509,https://i.ytimg.com/vi/pDrGsQZwp7I/default.jpg,False,False,False,Auto-generated sample description for Entertainment video.
69_qn0naQoD,24.28.11,Behind the Scenes: Music,Channel_3580,19,2024-11-25T11:00:00.000Z,official|review|music,130944,2152,1298,403,https://i.ytimg.com/vi/h_w8Pds2qnS/default.jpg,False,False,False,Auto-generated sample description for Music video.
__dFTN81ovI,24.05.09,Behind the Scenes: Entertainment,Channel_1883,15,2024-09-05T22:00:00.000Z,official|live|music,65109,2818,637,153,https://i.ytimg.com/vi/eAZ6yIZntvN/default.jpg,False,False,False,Auto-generated sample description for Entertainment video.
Yo1El-Mvpz2,24.23.10,Music Compilation 2024,Channel_1139,19,2024-10-21T00:00:00.000Z,2024|review|vlog,16731,490,40,62,https://i.ytimg.com/vi/_myrtTiS8OO/default.jpg,False,False,False,Auto-generated sample description for Music video.
Q79fgKSwNWb,24.13.01,Behind the Scenes: Music,Channel_3317,5,2024-01-11T10:00:00.000Z,review|official|vlog,16915,334,44,58,https://i.ytimg.com/vi/j0ZRd8cHiKD/default.jpg,False,False,False,Auto-generated sample description for Music video.
Iaaba83sNPg,25.26.01,Official Entertainment Highlights,Channel_2105,22,2025-01-26T05:00:00.000Z,vlog|2024|official,15906,969,154,242,https://i.ytimg.com/vi/NUEHIhoL98f/default.jpg,False,False,False,Auto-generated sample description for Entertainment video.
Pw7u8CtQ8jS,25.17.01,Top 10 News & Politics Moments This Week,Channel_620,6,2025-01-15T06:00:00.000Z,official|music|trending,18213,809,151,201,https://i.ytimg.com/vi/Hi4Czlqpahz/default.jpg,False,False,False,Auto-generated sample description for News & Politics video.
ZkOtO5NZSjo,24.20.03,Reacting to Music Trends,Channel_29,5,2024-03-17T09:00:00.000Z,official|live|2024,31627,661,251,410,https://i.ytimg.com/vi/WsXA6z4eHIe/default.jpg,False,False,False,Auto-generated sample description for Music video.
yQe9GUQMPGR,24.04.05,Reacting to Music Trends,Channel_2221,5,2024-05-02T00:00:00.000Z,trending|vlog|review,1073,42,7,5,https://i.ytimg.com/vi/pOrIuu26os3/default.jpg,False,False,False,Auto-generated sample description for Music video.
l5EmrxkRCEg,24.02.06,Behind the Scenes: Entertainment,Channel_2522,22,2024-05-29T16:00:00.000Z,review|live|music,92300,4812,892,1845,https://i.ytimg.com/vi/diaRqn8GfsT/default.jpg,False,False,False,Auto-generated sample description for Entertainment video.
2lSpcsMBAy8,24.08.12,Why This Entertainment Video Went Viral,Channel_278,12,2024-12-07T05:00:00.000Z,2024|music|review,72318,2413,143,284,https://i.ytimg.com/vi/h1WissE7fIx/default.jpg,False,False,False,Auto-generated sample description for Entertainment video.
GfePNEgsxLi,24.29.06,Entertainment Compilation 2024,Channel_4416,15,2024-06-27T06:00:00.000Z,2024|trending|review,2071,142,5,28,https://i.ytimg.com/vi/qLjz1OvZhQt/default.jpg,False,False,False,Auto-generated sample description for Entertainment video.
-7iWlUr9ukw,25.20.01,Entertainment Compilation 2024,Channel_1004,12,2025-01-20T12:00:00.000Z,review|trending|music,32836,557,38,600,https://i.ytimg.com/vi/AwwYYHrzVOJ/default.jpg,False,False,False,Auto-generated sample description for Entertainment video.
Xlk-G9HYZS5,24.17.02,Official Education Highlights,Channel_2700,2,2024-02-14T03:00:00.000Z,trending|2024|vlog,61474,1286,195,850,https://i.ytimg.com/vi/7EEZuQ4msCe/default.jpg,False,False,False,Auto-generated sample description for Education video.
db11lD2Sn1c,24.09.09,Reacting to Music Trends,Channel_4190,5,2024-09-08T00:00:00.000Z,official|live|review,41067,1031,247,83,https://i.ytimg.com/vi/qAX0C53v07C/default.jpg,False,False,False,Auto-generated sample description for Music video.
6fyUIFSj7Ao,25.03.01,Behind the Scenes: Film & Animation,Channel_891,1,2025-01-02T11:00:00.000Z,vlog|music|2024,4563,247,11,80,https://i.ytimg.com/vi/VeM_HZ7Pr_M/default.jpg,False,False,False,Auto-generated sample description for Film & Animation video.
FBC4hVMnWPc,24.11.05,Behind the Scenes: Entertainment,Channel_2923,15,2024-05-11T06:00:00.000Z,2024|trending|live,137311,10395,242,868,https://i.ytimg.com/vi/sjDzPKjM8nJ/default.jpg,False,False,False,Auto-generated sample description for Entertainment video.
tTTeooBdI87,24.19.06,Official Music Highlights,Channel_4543,5,2024-06-15T01:00:00.000Z,trending|official|review,15014,936,36,231,https://i.ytimg.com/vi/OQ7GfOPctJG/default.jpg,False,False,False,Auto-generated sample description for Music video.
8E76LT6PGoJ,24.17.11,Behind the Scenes: Entertainment,Channel_1271,12,2024-11-14T22:00:00.000Z,review|vlog|music,49328,2606,95,624,https://i.ytimg.com/vi/ve07bYSiO1R/default.jpg,False,False,False,Auto-generated sample description for Entertainment video.
HTpRlS3-Prq,24.19.10,Top 10 Entertainment Moments This Week,Channel_4446,12,2024-10-19T08:00:00.000Z,vlog|trending|review,157226,10584,153,1364,https://i.ytimg.com/vi/GmhWGpagazm/default.jpg,False,False,False,Auto-generated sample description for Entertainment video.
E4aFKM0YFkA,24.02.11,Reacting to Entertainment Trends,Channel_3893,15,2024-11-01T20:00:00.000Z,review|2024|trending,18249,396,153,265,https://i.ytimg.com/vi/yJ123zZZ9AM/default.jpg,False,False,False,Auto-generated sample description for Entertainment video.
i-_8WmGi4Ml,25.30.01,Top 10 Entertainment Moments This Week,Channel_167,22,2025-01-30T17:00:00.000Z,review|trending|live,5843,207,46,82,https://i.ytimg.com/vi/tIeRg-SMm5p/default.jpg,False,False,False,Auto-generated sample description for Entertainment video.
IC7OjS8MdRM,24.17.07,Official People & Blogs Highlights,Channel_4397,3,2024-07-16T18:00:00.000Z,live|trending|music,1560,26,8,5,https://i.ytimg.com/vi/OO4LtjLy1Tg/default.jpg,False,False,False,Auto-generated sample description for People & Blogs video.
KuCksAaH3n8,24.07.10,Official Entertainment Highlights,Channel_4440,15,2024-10-05T16:00:00.000Z,official|music|trending,25715,823,55,104,https://i.ytimg.com/vi/S8F1uArJdnV/default.jpg,False,False,False,Auto-generated sample description for Entertainment video.
bpSFwD1Knyi,24.18.06,Music Compilation 2024,Channel_205,5,2024-06-18T11:00:00.000Z,live|vlog|official,51188,2409,486,408,https://i.ytimg.com/vi/_6PuowCeiy2/default.jpg,False,False,False,Auto-generated sample description for Music video.
2ZOdUIBKP8K,24.08.08,Reacting to Entertainment Trends,Channel_502,22,2024-08-07T05:00:00.000Z,trending|live|official,28352,1483,118,183,https://i.ytimg.com/vi/Y1NvV2sUNIX/default.jpg,False,False,False,Auto-generated sample description for Entertainment video.
_SEgJDxjEUM,24.18.07,Top 10 Entertainment Moments This Week,Channel_260,22,2024-07-18T01:00:00.000Z,live|vlog|music,60203,3371,508,998,https://i.ytimg.com/vi/317onUu2Qsu/default.jpg,False,False,False,Auto-generated sample description for Entertainment video.
5AiaI6nrZln,24.09.08,Music Compilation 2024,Channel_2705,5,2024-08-06T00:00:00.000Z,official|live|music,48271,1109,38,696,https://i.ytimg.com/vi/kgEPqGlXTGj/default.jpg,False,False,False,Auto-generated sample description for Music video.
B5-neK4t29_,24.19.01,Why This Music Video Went Viral,Channel_4395,5,2024-01-17T00:00:00.000Z,trending|official|live,21058,252,35,204,https://i.ytimg.com/vi/T_Q0f1lkDyS/default.jpg,False,False,False,Auto-generated sample description for Music video.
7zzBhNMKMde,24.08.01,Why This Music Video Went Viral,Channel_2959,5,2024-01-08T06:00:00.000Z,vlog|live|music,13591,903,16,244,https://i.ytimg.com/vi/YhF5pZF91rO/default.jpg,False,False,False,Auto-generated sample description for Music video.
SxEEnERfpjk,24.04.09,Reacting to Music Trends,Channel_3071,5,2024-09-01T00:00:00.000Z,live|trending|2024,280960,18841,474,1246,https://i.ytimg.com/vi/78qfXBVzHpi/default.jpg,False,False,False,Auto-generated sample description for Music video.
gTx0PRza5NI,24.09.12,Reacting to Music Trends,Channel_3131,5,2024-12-05T21:00:00.000Z,live|official|review,66729,992,37,561,https://i.ytimg.com/vi/LGRzpzQwD9G/default.jpg,False,False,False,Auto-generated sample description for Music video.
Plmm59qQ8Qt,24.17.03,Why This Music Video Went Viral,Channel_2361,5,2024-03-14T16:00:00.000Z,official|music|review,28152,1122,225,429,https://i.ytimg.com/vi/Avrt40eoJuc/default.jpg,False,False,False,Auto-generated sample description for Music video.
4pp1EfEn6SA,24.22.03,Official Music Highlights,Channel_1520,5,2024-03-18T12:00:00.000Z,live|official|review,56458,3448,421,1020,https://i.ytimg.com/vi/UC8BCXG-37J/default.jpg,False,False,False,Auto-generated sample description for Music video.
pN38kwyzdla,24.01.04,Reacting to Music Trends,Channel_403,5,2024-03-29T01:00:00.000Z,2024|review|official,44362,3335,43,207,https://i.ytimg.com/vi/lcLCFdzneTD/default.jpg,False,False,False,Auto-generated sample description for Music video.
bueF9HOn5dX,24.19.01,Behind the Scenes: Entertainment,Channel_638,12,2024-01-16T10:00:00.000Z,music|live|review,19709,531,146,269,https://i.ytimg.com/vi/OPJjR6us1ui/default.jpg,False,False,False,Auto-generated sample description for Entertainment video.
xTWEVm4utsL,24.10.04,Top 10 Comedy Moments This Week,Channel_3393,9,2024-04-10T17:00:00.000Z,trending|review|vlog,77115,5062,489,1118,https://i.ytimg.com/vi/mE2yai7Wf53/default.jpg,False,False,False,Auto-generated sample description for Comedy video.
v_VEzomV9rI,24.13.05,Official Entertainment Highlights,Channel_74,12,2024-05-13T07:00:00.000Z,trending|live|2024,1035360,25283,3155,14061,https://i.ytimg.com/vi/QfVuZUQyLd8/default.jpg,False,False,False,Auto-generated sample description for Entertainment video.
Vmg2gFR-c_x,24.10.08,Official Entertainment Highlights,Channel_3819,22,2024-08-10T12:00:00.000Z,vlog|review|2024,207015,8726,876,1094,https://i.ytimg.com/vi/kHna6cAeZH1/default.jpg,False,False,False,Auto-generated sample description for Entertainment video.
CimXXWNcrvf,24.09.04,Why This Entertainment Video Went Viral,Channel_2218,12,2024-04-09T03:00:00.000Z,live|official|vlog,344074,18203,1100,6772,https://i.ytimg.com/vi/suB9gNI68sr/default.jpg,False,False,False,Auto-generated sample description for Entertainment video.
z-vRiKJa5S8,24.22.01,Reacting to Comedy Trends,Channel_3357,9,2024-01-21T05:00:00.000Z,vlog|2024|live,6055,183,18,16,https://i.ytimg.com/vi/0OHfiMG_oKz/default.jpg,False,False,False,Auto-generated sample description for Comedy video.
78CrX4KSrlo,24.29.09,Why This Entertainment Video Went Viral,Channel_3308,22,2024-09-29T22:00:00.000Z,vlog|review|music,33339,569,132,661,https://i.ytimg.com/vi/AVbMBjAywMb/default.jpg,False,False,False,Auto-generated sample description for Entertainment video.
RkKJsbA-1cS,24.17.08,Reacting to Sports Trends,Channel_3172,10,2024-08-15T07:00:00.000Z,official|live|review,22037,575,208,400,https://i.ytimg.com/vi/ilHJHZEac2m/default.jpg,False,False,False,Auto-generated sample description for Sports video.
0XMhcm-FswD,24.10.02,Top 10 Music Moments This Week,Channel_3859,5,2024-02-09T17:00:00.000Z,vlog|music|2024,16955,850,131,235,https://i.ytimg.com/vi/4f0mnfUuJCz/default.jpg,False,False,False,Auto-generated sample description for Music video.
s97vCHexkIG,24.07.01,Why This Entertainment Video Went Viral,Channel_2082,15,2024-01-04T17:00:00.000Z,live|2024|vlog,3160,100,18,19,https://i.ytimg.com/vi/-8Ag5HuVopV/default.jpg,False,False,False,Auto-generated sample description for Entertainment video.
XQMQBzNf-Qn,24.06.06,Top 10 Comedy Moments This Week,Channel_4109,9,2024-06-04T07:00:00.000Z,vlog|live|music,5116,256,11,19,https://i.ytimg.com/vi/_0ZB_wYdHwV/default.jpg,False,False,False,Auto-generated sample description for Comedy video.
rbueo60JUn5,24.18.08,Entertainment Compilation 2024,Channel_1814,15,2024-08-15T12:00:00.000Z,vlog|official|review,66650,5279,87,993,https://i.ytimg.com/vi/L4vNWghN3VL/default.jpg,False,False,False,Auto-generated sample description for Entertainment video.
tbidpe7IbzD,24.30.11,Reacting to Music Trends,Channel_2595,19,2024-11-27T10:00:00.000Z,music|official|review,37127,2125,114,213,https://i.ytimg.com/vi/vFvnIroEHir/default.jpg,False,False,False,Auto-generated sample description for Music video.
xll4zUtPt6J,25.07.01,Behind the Scenes: Entertainment,Channel_287,15,2025-01-06T11:00:00.000Z,review|2024|vlog,42403,2615,192,428,https://i.ytimg.com/vi/DBWH_YxTxDT/default.jpg,False,False,False,Auto-generated sample description for Entertainment video.
F0hVrTJZzEJ,24.31.01,Behind the Scenes: Nonprofits & Activism,Channel_4439,20,2024-01-29T10:00:00.000Z,review|vlog|official,4619,48,14,56,https://i.ytimg.com/vi/8FeoHfevt4W/default.jpg,False,False,False,Auto-generated sample description for Nonprofits & Activism video.
vw372S-_kVR,24.06.05,Top 10 Entertainment Moments This Week,Channel_3666,12,2024-05-02T04:00:00.000Z,2024|official|live,139296,3516,954,2715,https://i.ytimg.com/vi/wLPROkk9grv/default.jpg,False,True,False,Auto-generated sample description for Entertainment video.
71M4EBAJvvJ,24.04.12,Official Music Highlights,Channel_299,5,2024-12-01T06:00:00.000Z,vlog|2024|music,104007,7854,97,1945,https://i.ytimg.com/vi/x_sJiMVLxHo/default.jpg,False,False,False,Auto-generated sample description for Music video.
O-Ene1BDnDQ,25.25.01,Entertainment Compilation 2024,Channel_4289,12,2025-01-21T21:00:00.000Z,2024|official|music,23930,939,148,63,https://i.ytimg.com/vi/5I5lWOd4ZH_/default.jpg,False,False,False,Auto-generated sample description for Entertainment video.
nHIIrG7e7E6,24.18.09,Reacting to Entertainment Trends,Channel_4817,12,2024-09-15T04:00:00.000Z,2024|live|review,38204,2171,342,121,https://i.ytimg.com/vi/51Q7FcXQxEe/default.jpg,False,False,False,Auto-generated sample description for Entertainment video.
bOT54xiO1_N,24.21.03,Top 10 Music Moments This Week,Channel_2438,19,2024-03-17T14:00:00.000Z,vlog|trending|2024,35192,2499,179,538,https://i.ytimg.com/vi/hP8iLIwe64n/default.jpg,False,False,False,Auto-generated sample description for Music video.
lRWoeE6q2OU,25.04.01,Music Compilation 2024,Channel_4261,19,2025-01-01T07:00:00.000Z,official|review|2024,13074,934,84,147,https://i.ytimg.com/vi/YBZlgl4tOZa/default.jpg,False,False,False,Auto-generated sample description for Music video.
A_rwMVj-lnA,24.15.01,Top 10 Sports Moments This Week,Channel_1015,10,2024-01-14T21:00:00.000Z,music|review|official,50145,3359,262,507,https://i.ytimg.com/vi/VlCndSWC7ak/default.jpg,False,False,False,Auto-generated sample description for Sports video.
pxKA-cv1ZN-,24.25.08,Behind the Scenes: Entertainment,Channel_4417,22,2024-08-22T16:00:00.000Z,2024|music|official,15712,375,99,113,https://i.ytimg.com/vi/_NJBBWSAI9Y/default.jpg,False,False,False,Auto-generated sample description for Entertainment video.
DJxaBE9BMGv,24.13.05,Official Comedy Highlights,Channel_1846,9,2024-05-09T18:00:00.000Z,music|trending|live,41018,2724,239,211,https://i.ytimg.com/vi/HAMm7lYTMmA/default.jpg,False,False,False,Auto-generated sample description for Comedy video.
weTdsjmlYlu,24.26.11,Official Gaming Highlights,Channel_4248,23,2024-11-23T09:00:00.000Z,2024|official|vlog,39734,2862,204,342,https://i.ytimg.com/vi/5SFcwIOQHx9/default.jpg,False,False,False,Auto-generated sample description for Gaming video.
9cMBP0AYQyD,24.20.02,People & Blogs Compilation 2024,Channel_2942,3,2024-02-20T09:00:00.000Z,2024|trending|vlog,85559,1771,293,397,https://i.ytimg.com/vi/IoPWicdQPio/default.jpg,False,False,False,Auto-generated sample description for People & Blogs video.
tbdMbxpdlrs,24.07.07,Why This Music Video Went Viral,Channel_2897,19,2024-07-04T14:00:00.000Z,2024|live|review,30300,741,193,492,https://i.ytimg.com/vi/B-LlPxtVpdE/default.jpg,True,False,False,Auto-generated sample description for Music video.
NeyVwYJho4Z,24.14.12,Why This Entertainment Video Went Viral,Channel_3241,15,2024-12-12T14:00:00.000Z,2024|review|official,65955,5215,414,735,https://i.ytimg.com/vi/b3B5V9s_9qA/default.jpg,False,False,False,Auto-generated sample description for Entertainment video.
j6FMNA-6g8n,24.14.09,Entertainment Compilation 2024,Channel_2432,15,2024-09-12T04:00:00.000Z,official|trending|review,377758,9707,2602,5840,https://i.ytimg.com/vi/2_O5PlYyCRn/default.jpg,False,False,False,Auto-generated sample description for Entertainment video.
lulnhzpQ5tq,24.26.09,Top 10 Music Moments This Week,Channel_974,19,2024-09-23T05:00:00.000Z,music|vlog|official,103345,3946,962,148,https://i.ytimg.com/vi/CG2PirzKoQ4/default.jpg,False,False,False,Auto-generated sample description for Music video.
pLa9NUTQBp_,24.05.07,Official Entertainment Highlights,Channel_1330,15,2024-07-04T12:00:00.000Z,live|official|2024,178437,8966,829,3076,https://i.ytimg.com/vi/LsqWn84eBal/default.jpg,True,False,False,Auto-generated sample description for Entertainment video.
_-jjn28sNcS,24.12.01,Official Entertainment Highlights,Channel_2064,15,2024-01-08T05:00:00.000Z,official|trending|music,81759,4914,436,377,https://i.ytimg.com/vi/43wRshhgZHD/default.jpg,False,False,False,Auto-generated sample description for Entertainment video.
Zvd9XU9qxVG,24.07.12,Why This Entertainment Video Went Viral,Channel_4732,22,2024-12-07T06:00:00.000Z,2024|review|music,7006,345,58,9,https://i.ytimg.com/vi/9sXZVnp3J8w/default.jpg,False,False,False,Auto-generated sample description for Entertainment video.
m4Ltwup--p_,24.20.05,Behind the Scenes: Music,Channel_605,5,2024-05-17T16:00:00.000Z,2024|trending|review,24018,1077,146,15,https://i.ytimg.com/vi/3weR-q-oLgg/default.jpg,True,False,False,Auto-generated sample description for Music video.
tlftGEUdbhR,24.19.07,Behind the Scenes: Entertainment,Channel_4329,15,2024-07-17T12:00:00.000Z,vlog|music|official,12850,350,89,159,https://i.ytimg.com/vi/2tDl6ZnNhSw/default.jpg,False,False,False,Auto-generated sample description for Entertainment video.
fM0yzp9MLSN,24.17.04,Why This Music Video Went Viral,Channel_214,19,2024-04-17T22:00:00.000Z,music|2024|review,63406,4130,566,822,https://i.ytimg.com/vi/4cWYPNswyl_/default.jpg,False,False,False,Auto-generated sample description for Music video.
0CMTYtLKD0D,24.22.05,Top 10 Sports Moments This Week,Channel_1419,10,2024-05-22T05:00:00.000Z,official|vlog|live,66933,3274,485,586,https://i.ytimg.com/vi/Uj-bbZYCNrv/default.jpg,False,False,False,Auto-generated sample description for Sports video.
SS0ytg3yNU8,24.04.02,Official Travel & Events Highlights,Channel_2332,7,2024-02-03T17:00:00.000Z,trending|official|music,2542,70,14,43,https://i.ytimg.com/vi/jKKkddv6ly-/default.jpg,False,False,False,Auto-generated sample description for Travel & Events video.
lwUbo5wLMkb,24.05.01,Reacting to Music Trends,Channel_2703,5,2024-01-01T03:00:00.000Z,live|review|trending,43411,2340,325,34,https://i.ytimg.com/vi/EA_weTl1ucG/default.jpg,False,False,False,Auto-generated sample description for Music video.
xzzC4f7Hw02,24.25.06,Comedy Compilation 2024,Channel_1842,9,2024-06-24T04:00:00.000Z,vlog|trending|music,68516,3683,234,686,https://i.ytimg.com/vi/5TpnOV9CKL8/default.jpg,False,False,False,Auto-generated sample description for Comedy video.
z29_Nmq2syP,24.20.03,Music Compilation 2024,Channel_4886,19,2024-03-19T04:00:00.000Z,official|live|review,82053,2426,366,1313,https://i.ytimg.com/vi/dlFJjDMjgSD/default.jpg,False,False,False,Auto-generated sample description for Music video.
J4G1d8ydCyN,24.03.05,Why This Entertainment Video Went Viral,Channel_3013,15,2024-05-01T08:00:00.000Z,vlog|official|review,74382,2031,616,505,https://i.ytimg.com/vi/IZ43fCkYrsr/default.jpg,False,False,False,Auto-generated sample description for Entertainment video.
KHGdYT72BP0,24.20.12,Reacting to Music Trends,Channel_3027,5,2024-12-18T20:00:00.000Z,review|official|music,19652,739,196,275,https://i.ytimg.com/vi/2CDXobT-9Mp/default.jpg,False,False,False,Auto-generated sample description for Music video.
YUc6KIw6ux-,24.20.08,Behind the Scenes: Entertainment,Channel_3906,15,2024-08-20T11:00:00.000Z,2024|live|music,30212,1297,185,447,https://i.ytimg.com/vi/hgaJnOwYcOF/default.jpg,True,False,False,Auto-generated sample description for Entertainment video.
v3oBKw3vCSx,24.11.09,News & Politics Compilation 2024,Channel_430,6,2024-09-07T06:00:00.000Z,official|music|live,55224,699,90,73,https://i.ytimg.com/vi/NhdV2VY-13n/default.jpg,False,False,False,Auto-generated sample description for News & Politics video.
z4D1GJXCp9S,24.07.09,Entertainment Compilation 2024,Channel_4220,22,2024-09-06T04:00:00.000Z,2024|trending|vlog,5851,378,10,49,https://i.ytimg.com/vi/LfLJw5qD7AB/default.jpg,False,False,False,Auto-generated sample description for Entertainment video.
7y3bUh5XEMe,24.27.03,Why This Music Video Went Viral,Channel_3811,19,2024-03-23T20:00:00.000Z,vlog|review|live,51518,2975,467,586,https://i.ytimg.com/vi/uFuuG-AwKMW/default.jpg,False,False,False,Auto-generated sample description for Music video.
fVIXkutSMNy,24.02.01,Behind the Scenes: Music,Channel_2672,5,2024-01-01T06:00:00.000Z,trending|vlog|music,5326,84,15,80,https://i.ytimg.com/vi/fMufvLiNsJw/default.jpg,False,False,False,Auto-generated sample description for Music video.
eaVWC4jVUf2,24.09.11,Why This Sports Video Went Viral,Channel_1666,10,2024-11-09T07:00:00.000Z,review|trending|official,7057,286,38,95,https://i.ytimg.com/vi/iD3CFXecukF/default.jpg,False,False,False,Auto-generated sample description for Sports video.
35iwuhtu7oD,24.14.03,Entertainment Compilation 2024,Channel_4892,22,2024-03-14T17:00:00.000Z,music|trending|review,91798,1947,145,835,https://i.ytimg.com/vi/gAICZ6v73_X/default.jpg,False,False,False,Auto-generated sample description for Entertainment video.
rfdOQoI8suk,24.18.12,Reacting to Entertainment Trends,Channel_535,15,2024-12-14T02:00:00.000Z,official|vlog|live,318298,3477,1142,4839,https://i.ytimg.com/vi/AuN1wBV_FlD/default.jpg,False,False,False,Auto-generated sample description for Entertainment video.
TxgLGhqYp3Q,24.04.05,Why This Entertainment Video Went Viral,Channel_1933,12,2024-05-04T00:00:00.000Z,live|official|music,43592,1839,281,333,https://i.ytimg.com/vi/P2TLgkWpdSK/default.jpg,False,False,False,Auto-generated sample description for Entertainment video.
l7u3OuCs4Bm,24.13.09,Behind the Scenes: Entertainment,Channel_4755,15,2024-09-10T15:00:00.000Z,trending|official|music,69483,751,115,165,https://i.ytimg.com/vi/ECA3U97hq0N/default.jpg,False,False,False,Auto-generated sample description for Entertainment video.
JsVYQD16HD8,24.12.08,Behind the Scenes: Entertainment,Channel_2158,12,2024-08-12T01:00:00.000Z,2024|review|live,4593,360,11,33,https://i.ytimg.com/vi/dOeZLT-KTuf/default.jpg,False,False,False,Auto-generated sample description for Entertainment video.
dX5S3iZZp3P,24.23.11,Entertainment Compilation 2024,Channel_2002,22,2024-11-19T19:00:00.000Z,official|music|live,514479,19843,2625,7646,https://i.ytimg.com/vi/LaBWLV-k39m/default.jpg,False,False,False,Auto-generated sample description for Entertainment video.
o-vidZwgFg_,24.21.04,Official Entertainment Highlights,Channel_4600,22,2024-04-17T08:00:00.000Z,2024|music|live,74778,4145,116,1450,https://i.ytimg.com/vi/5_-bhVUFT7J/default.jpg,False,False,False,Auto-generated sample description for Entertainment video.
q561fWnqKtL,24.24.08,Top 10 Music Moments This Week,Channel_1445,5,2024-08-24T15:00:00.000Z,official|2024|trending,59368,1791,78,595,https://i.ytimg.com/vi/i4Xlow2Ws1N/default.jpg,False,False,False,Auto-generated sample description for Music video.
WWKFAOQQczd,25.06.01,Behind the Scenes: Music,Channel_213,19,2025-01-02T00:00:00.000Z,trending|review|music,12342,436,116,163,https://i.ytimg.com/vi/y5vQSup8Kpc/default.jpg,False,False,False,Auto-generated sample description for Music video.
X40xLRDKTUV,25.06.02,Official Entertainment Highlights,Channel_4943,22,2025-02-02T17:00:00.000Z,live|music|2024,40843,1868,399,617,https://i.ytimg.com/vi/U3AWeKsd8ZP/default.jpg,False,False,False,Auto-generated sample description for Entertainment video.
OEUbpHIxsWW,24.15.04,Top 10 News & Politics Moments This Week,Channel_2971,6,2024-04-15T09:00:00.000Z,review|trending|official,3161,75,16,46,https://i.ytimg.com/vi/tPtrZvc-2I7/default.jpg,False,False,False,Auto-generated sample description for News & Politics video.
CdM84WGHjJ6,25.04.02,Official Entertainment Highlights,Channel_1550,22,2025-02-01T09:00:00.000Z,review|2024|vlog,132073,8202,114,123,https://i.ytimg.com/vi/BWa6BfSWojj/default.jpg,False,False,False,Auto-generated sample description for Entertainment video.
4yQ1B_A2p5v,25.04.02,Why This Entertainment Video Went Viral,Channel_2785,12,2025-02-01T04:00:00.000Z,trending|live|vlog,196629,15122,277,2534,https://i.ytimg.com/vi/WGvTm9kn8IT/default.jpg,False,False,False,Auto-generated sample description for Entertainment video.
V7U_HPgJvA9,24.24.01,Sports Compilation 2024,Channel_4154,10,2024-01-23T02:00:00.000Z,live|official|trending,20659,315,86,93,https://i.ytimg.com/vi/TM9b3x9RF2W/default.jpg,False,False,False,Auto-generated sample description for Sports video.
rCTrJ4zd_Oc,24.06.11,Behind the Scenes: Gaming,Channel_2963,23,2024-11-04T00:00:00.000Z,music|review|2024,6827,523,64,119,https://i.ytimg.com/vi/N7K5v8UwNPC/default.jpg,False,False,False,Auto-generated sample description for Gaming video.
gsGmgR5CuaY,25.05.02,Reacting to Music Trends,Channel_1438,19,2025-02-02T14:00:00.000Z,official|live|trending,40230,3126,196,570,https://i.ytimg.com/vi/cmPq_QMu8AA/default.jpg,False,False,False,Auto-generated sample description for Music video.
teV3fw4Uhwq,24.21.11,Why This Sports Video Went Viral,Channel_423,10,2024-11-17T06:00:00.000Z,music|vlog|2024,107715,6431,188,2110,https://i.ytimg.com/vi/Lmv6GI1yV0N/default.jpg,False,False,False,Auto-generated sample description for Sports video.
skY9QazzB-4,24.14.12,Why This Entertainment Video Went Viral,Channel_2855,15,2024-12-10T01:00:00.000Z,review|trending|2024,118930,9013,1009,697,https://i.ytimg.com/vi/erODNqkHEso/default.jpg,False,False,False,Auto-generated sample description for Entertainment video.
eSbvogGrJJf,24.23.07,Film & Animation Compilation 2024,Channel_2051,17,2024-07-23T16:00:00.000Z,live|review|trending,71231,3310,706,72,https://i.ytimg.com/vi/cQ0FjafapW4/default.jpg,False,False,False,Auto-generated sample description for Film & Animation video.
lGJPhPfDmb9,24.06.09,Music Compilation 2024,Channel_448,19,2024-09-05T08:00:00.000Z,vlog|live|music,42345,2247,157,419,https://i.ytimg.com/vi/JOmpJruteR_/default.jpg,False,False,False,Auto-generated sample description for Music video.
BPF3VWUQ69f,25.24.01,News & Politics Compilation 2024,Channel_260,6,2025-01-23T00:00:00.000Z,official|trending|live,101558,2347,741,316,https://i.ytimg.com/vi/K7rMgbXB-iD/default.jpg,False,False,False,Auto-generated sample description for News & Politics video.
vOMfsqZMKfw,25.21.01,Official Entertainment Highlights,Channel_2354,15,2025-01-21T05:00:00.000Z,trending|review|2024,19743,321,120,121,https://i.ytimg.com/vi/DZJ9daSIc8l/default.jpg,False,False,False,Auto-generated sample description for Entertainment video.
Z0HD8IqwiLl,24.17.11,Why This Entertainment Video Went Viral,Channel_2218,22,2024-11-14T02:00:00.000Z,review|vlog|live,8406,305,76,154,https://i.ytimg.com/vi/V4-KhH6pqXx/default.jpg,False,False,False,Auto-generated sample description for Entertainment video.
dlpih-PrUBN,24.01.07,Behind the Scenes: Music,Channel_210,19,2024-06-29T17:00:00.000Z,review|2024|vlog,201221,2367,477,2040,https://i.ytimg.com/vi/GYAGJxgt7OJ/default.jpg,False,False,False,Auto-generated sample description for Music video.
Em1_AbsHEJM,24.30.03,Behind the Scenes: Sports,Channel_1412,10,2024-03-26T14:00:00.000Z,trending|2024|live,19413,383,114,265,https://i.ytimg.com/vi/Qb3at5IoT0P/default.jpg,False,False,False,Auto-generated sample description for Sports video.
RZ-zzqyUQt3,24.29.02,Official Gaming Highlights,Channel_3159,23,2024-02-26T01:00:00.000Z,live|official|vlog,622,41,5,11,https://i.ytimg.com/vi/kMNb2bBsjSH/default.jpg,False,False,False,Auto-generated sample description for Gaming video.
SxbggQ8QQQN,24.08.03,Reacting to Film & Animation Trends,Channel_4127,1,2024-03-05T00:00:00.000Z,2024|trending|music,8447,189,40,93,https://i.ytimg.com/vi/9exhBp9Nsds/default.jpg,False,False,False,Auto-generated sample description for Film & Animation video.
gmgOrAcFfni,24.13.06,Why This Music Video Went Viral,Channel_2257,19,2024-06-10T06:00:00.000Z,vlog|trending|live,3992,108,38,61,https://i.ytimg.com/vi/2bPQ1px8jN9/default.jpg,False,False,False,Auto-generated sample description for Music video.
iWX7fp2WNDa,24.22.04,Reacting to Sports Trends,Channel_4255,10,2024-04-22T22:00:00.000Z,review|live|vlog,749,53,0,9,https://i.ytimg.com/vi/eXm6U00tdDm/default.jpg,False,False,False,Auto-generated sample description for Sports video.
j4aQ9tSid03,24.09.07,Behind the Scenes: Entertainment,Channel_1546,22,2024-07-07T20:00:00.000Z,official|trending|music,3962,236,30,50,https://i.ytimg.com/vi/R_opvsPRNkA/default.jpg,False,False,False,Auto-generated sample description for Entertainment video.
pR29XhpfFJS,24.13.05,Behind the Scenes: Entertainment,Channel_4886,22,2024-05-11T04:00:00.000Z,2024|vlog|live,27469,1922,129,339,https://i.ytimg.com/vi/NySOllkCrpY/default.jpg,False,False,False,Auto-generated sample description for Entertainment video.
nSmnSqhwwJX,24.22.01,Official Entertainment Highlights,Channel_3437,22,2024-01-21T13:00:00.000Z,trending|vlog|2024,5884,74,30,78,https://i.ytimg.com/vi/bPwxug5ysKo/default.jpg,False,False,False,Auto-generated sample description for Entertainment video.
t9_RTptiZp9,25.21.01,Comedy Compilation 2024,Channel_190,9,2025-01-17T15:00:00.000Z,vlog|music|official,5877,98,42,64,https://i.ytimg.com/vi/lBovVNRwoC6/default.jpg,False,False,False,Auto-generated sample description for Comedy video.
DjZLmR3WmO1,24.25.12,Top 10 Music Moments This Week,Channel_3571,19,2024-12-24T12:00:00.000Z,vlog|review|official,79806,4052,463,854,https://i.ytimg.com/vi/58SGwfFVc8C/default.jpg,False,False,False,Auto-generated sample description for Music video.
SMPbYR0ynhw,24.26.02,Reacting to Howto & Style Trends,Channel_4605,11,2024-02-24T16:00:00.000Z,live|2024|trending,59274,1691,76,710,https://i.ytimg.com/vi/Em4k5_mTyyv/default.jpg,False,False,False,Auto-generated sample description for Howto & Style video.
PheIL2vuish,24.13.10,Reacting to Entertainment Trends,Channel_1826,12,2024-10-12T03:00:00.000Z,live|trending|official,105015,4025,447,930,https://i.ytimg.com/vi/VpY8D0ADpFD/default.jpg,False,False,False,Auto-generated sample description for Entertainment video.
_wHe1bq3Wzm,24.22.07,Behind the Scenes: Entertainment,Channel_2167,22,2024-07-20T02:00:00.000Z,review|music|live,31998,1188,293,409,https://i.ytimg.com/vi/k1bANbBLXw9/default.jpg,False,False,False,Auto-generated sample description for Entertainment video.
doE0WuMs9DE,24.07.03,Reacting to Music Trends,Channel_3218,19,2024-03-05T19:00:00.000Z,live|vlog|official,92421,3259,838,679,https://i.ytimg.com/vi/bxm2T6-6NFP/default.jpg,False,False,False,Auto-generated sample description for Music video.
XTaYcGNCIFC,24.05.10,Why This Film & Animation Video Went Viral,Channel_1556,17,2024-10-03T13:00:00.000Z,music|review|trending,7524,562,62,149,https://i.ytimg.com/vi/KVejw7WmcKt/default.jpg,False,False,False,Auto-generated sample description for Film & Animation video.
qOK4Z7iUXax,24.22.12,Why This Music Video Went Viral,Channel_2537,5,2024-12-21T06:00:00.000Z,live|2024|music,20719,469,172,13,https://i.ytimg.com/vi/1iaoDXcfFLm/default.jpg,False,False,False,Auto-generated sample description for Music video.
MGycCcq7moa,24.02.10,Behind the Scenes: Entertainment,Channel_1820,15,2024-10-02T09:00:00.000Z,review|2024|official,40044,1409,53,164,https://i.ytimg.com/vi/gSFUPxJOlBT/default.jpg,False,False,False,Auto-generated sample description for Entertainment video.
bhau5cYgLnV,24.21.05,Official Music Highlights,Channel_3722,5,2024-05-21T05:00:00.000Z,music|vlog|review,191985,2002,1765,3317,https://i.ytimg.com/vi/KaGA3CnVGKG/default.jpg,False,False,False,Auto-generated sample description for Music video.
kDqQZud82c-,24.18.10,Why This Music Video Went Viral,Channel_735,5,2024-10-18T09:00:00.000Z,review|vlog|trending,302344,5572,2074,1674,https://i.ytimg.com/vi/qpqDGkACxDv/default.jpg,False,False,False,Auto-generated sample description for Music video.
8TDmFJ3W6HA,24.09.05,Reacting to Entertainment Trends,Channel_3285,22,2024-05-09T14:00:00.000Z,review|vlog|2024,26129,1523,183,317,https://i.ytimg.com/vi/c5EI-9_wY3c/default.jpg,False,False,False,Auto-generated sample description for Entertainment video.
uDYIfGlJJbL,24.28.12,Why This Entertainment Video Went Viral,Channel_4572,15,2024-12-28T22:00:00.000Z,2024|vlog|official,617467,39943,1119,10139,https://i.ytimg.com/vi/ILsCF1CxHHm/default.jpg,False,False,False,Auto-generated sample description for Entertainment video.
NALfBuBn2Rg,24.02.04,Reacting to Film & Animation Trends,Channel_3031,1,2024-03-29T07:00:00.000Z,2024|live|review,5244,75,21,58,https://i.ytimg.com/vi/cbwcu79o_Gc/default.jpg,False,False,False,Auto-generated sample description for Film & Animation video.
p-qVZ9bDa02,25.10.01,Why This Entertainment Video Went Viral,Channel_3895,12,2025-01-09T22:00:00.000Z,vlog|trending|2024,14914,711,124,77,https://i.ytimg.com/vi/__JvUPk1ddb/default.jpg,False,False,False,Auto-generated sample description for Entertainment video.
Tck5EUcrsZ4,24.23.06,Behind the Scenes: Comedy,Channel_3126,9,2024-06-20T15:00:00.000Z,vlog|music|2024,26413,284,254,83,https://i.ytimg.com/vi/bp2JPFJCLgB/default.jpg,False,False,False,Auto-generated sample description for Comedy video.
_UPwgWwjYB_,24.06.08,Reacting to Music Trends,Channel_4003,5,2024-08-06T16:00:00.000Z,trending|official|live,30519,341,228,459,https://i.ytimg.com/vi/OkkTVTqFN0n/default.jpg,False,False,False,Auto-generated sample description for Music video.
BbED3R9WNTT,24.18.03,Official Film & Animation Highlights,Channel_2584,21,2024-03-15T09:00:00.000Z,official|review|trending,22268,338,77,99,https://i.ytimg.com/vi/7aCYuH9xBYp/default.jpg,False,False,False,Auto-generated sample description for Film & Animation video.
H5RIrLLGEjX,24.08.01,Reacting to Music Trends,Channel_2594,5,2024-01-05T17:00:00.000Z,music|official|review,23235,1593,98,196,https://i.ytimg.com/vi/8D0EwyXwT4c/default.jpg,False,False,False,Auto-generated sample description for Music video.
_Bb5doyg8YH,24.17.01,Why This Music Video Went Viral,Channel_4294,5,2024-01-16T17:00:00.000Z,review|trending|music,48055,1125,102,405,https://i.ytimg.com/vi/Oj9K2QToCPq/default.jpg,False,False,False,Auto-generated sample description for Music video.
JRaH1i3LOM2,24.08.03,Top 10 Howto & Style Moments This Week,Channel_4362,8,2024-03-08T19:00:00.000Z,2024|official|music,17204,499,68,317,https://i.ytimg.com/vi/n_7thlMR3jH/default.jpg,False,False,False,Auto-generated sample description for Howto & Style video.
-J2TkXSSwKt,24.07.04,Top 10 Music Moments This Week,Channel_4869,19,2024-04-05T06:00:00.000Z,official|trending|music,591468,42100,1193,727,https://i.ytimg.com/vi/uOxmxb_gwPa/default.jpg,False,False,False,Auto-generated sample description for Music video.
IxrvVX__seo,24.22.11,Top 10 Music Moments This Week,Channel_509,5,2024-11-18T22:00:00.000Z,review|official|2024,2985,39,17,43,https://i.ytimg.com/vi/QI2Ab2rK1FR/default.jpg,True,False,False,Auto-generated sample description for Music video.
jfI8HFTFANe,24.10.04,Why This Sports Video Went Viral,Channel_2016,10,2024-04-08T19:00:00.000Z,review|2024|music,874,19,6,4,https://i.ytimg.com/vi/BiV-4Ukn_eL/default.jpg,False,False,False,Auto-generated sample description for Sports video.
9TIZUYqvDIg,25.27.01,Top 10 Entertainment Moments This Week,Channel_3997,22,2025-01-25T06:00:00.000Z,trending|review|music,65789,2819,193,145,https://i.ytimg.com/vi/2wLil3Z3uF5/default.jpg,False,False,False,Auto-generated sample description for Entertainment video.
nDcEhFw4nRj,24.19.09,Entertainment Compilation 2024,Channel_4302,15,2024-09-17T00:00:00.000Z,2024|official|live,152288,3113,223,227,https://i.ytimg.com/vi/nzQIjgg8_wC/default.jpg,False,False,False,Auto-generated sample description for Entertainment video.
P3UKlBIqxE_,24.03.03,Top 10 Music Moments This Week,Channel_760,5,2024-03-02T06:00:00.000Z,music|2024|vlog,33156,1174,63,161,https://i.ytimg.com/vi/bxvXwrp_Jtk/default.jpg,False,False,False,Auto-generated sample description for Music video.
dp_6TbkZt6I,24.14.01,Official Entertainment Highlights,Channel_3204,22,2024-01-10T10:00:00.000Z,official|music|vlog,27625,707,75,358,https://i.ytimg.com/vi/VkU52ivtaoT/default.jpg,True,False,False,Auto-generated sample description for Entertainment video.
J-o2Kuov0VG,24.15.10,Top 10 Entertainment Moments This Week,Channel_2164,15,2024-10-13T13:00:00.000Z,music|vlog|live,36562,1217,208,718,https://i.ytimg.com/vi/S95EUo2OWWY/default.jpg,False,False,False,Auto-generated sample description for Entertainment video.
uFrC3mBsIhP,24.09.07,Reacting to Entertainment Trends,Channel_3900,22,2024-07-06T00:00:00.000Z,music|2024|review,26253,620,157,192,https://i.ytimg.com/vi/nPcZ3xIheOb/default.jpg,False,False,False,Auto-generated sample description for Entertainment video.
z7iuxbmfhZs,24.13.05,Official Music Highlights,Channel_671,5,2024-05-11T09:00:00.000Z,vlog|live|official,8128,401,75,44,https://i.ytimg.com/vi/x1EnQIgUGtl/default.jpg,False,False,False,Auto-generated sample description for Music video.
G36qymkhFxs,24.23.07,Top 10 Music Moments This Week,Channel_4112,5,2024-07-22T08:00:00.000Z,2024|review|vlog,4964,306,32,11,https://i.ytimg.com/vi/BkTW6vh3u4e/default.jpg,False,False,False,Auto-generated sample description for Music video.
wzuDCQWQUPP,24.27.08,Behind the Scenes: Music,Channel_1370,5,2024-08-27T12:00:00.000Z,vlog|music|2024,2048940,78645,1491,15205,https://i.ytimg.com/vi/8NTEAnbBg5X/default.jpg,False,False,False,Auto-generated sample description for Music video.
h-H0scsLe0i,25.28.01,Behind the Scenes: Education,Channel_4249,14,2025-01-27T15:00:00.000Z,music|vlog|live,3967,253,2,19,https://i.ytimg.com/vi/5iH6L-NqjVc/default.jpg,False,False,False,Auto-generated sample description for Education video.
un3I_ErqLHD,24.26.10,Entertainment Compilation 2024,Channel_3193,12,2024-10-26T00:00:00.000Z,official|live|trending,203412,7964,1349,780,https://i.ytimg.com/vi/C0X9OdHmfLE/default.jpg,False,False,False,Auto-generated sample description for Entertainment video.
BqDUP55F8-t,24.03.06,Official Entertainment Highlights,Channel_2482,12,2024-06-03T00:00:00.000Z,vlog|official|review,16369,972,112,91,https://i.ytimg.com/vi/s7pkkEisXro/default.jpg,False,False,False,Auto-generated sample description for Entertainment video.
Jafhtvyn_Ja,24.27.08,Behind the Scenes: Entertainment,Channel_3634,12,2024-08-27T18:00:00.000Z,trending|vlog|review,56594,2718,469,1090,https://i.ytimg.com/vi/uY84VLocG_-/default.jpg,False,False,False,Auto-generated sample description for Entertainment video.
Lr-DgNKkbfQ,24.07.07,Top 10 Entertainment Moments This Week,Channel_3751,12,2024-07-06T14:00:00.000Z,official|live|review,150432,4172,660,137,https://i.ytimg.com/vi/sGhfz7eT68l/default.jpg,False,False,False,Auto-generated sample description for Entertainment video.
VlKOcURKkfF,24.09.10,Official Entertainment Highlights,Channel_1373,12,2024-10-09T06:00:00.000Z,vlog|music|2024,22933,1716,135,120,https://i.ytimg.com/vi/nVzNEkDyYXc/default.jpg,False,False,False,Auto-generated sample description for Entertainment video.
uPIZ7eJ2Tsp,24.11.06,Why This Music Video Went Viral,Channel_3390,5,2024-06-07T17:00:00.000Z,vlog|live|trending,37577,1530,99,265,https://i.ytimg.com/vi/jdrDHeMZeHe/default.jpg,False,False,False,Auto-generated sample description for Music video.
2kEvOi_iuCZ,24.06.04,Top 10 Entertainment Moments This Week,Channel_9,15,2024-04-05T08:00:00.000Z,official|2024|live,12040,283,98,156,https://i.ytimg.com/vi/-1nIBZNBraN/default.jpg,False,False,False,Auto-generated sample description for Entertainment video.
imPj3K53crQ,24.23.10,Why This Entertainment Video Went Viral,Channel_1832,22,2024-10-21T18:00:00.000Z,review|live|music,90950,6288,401,142,https://i.ytimg.com/vi/rV4DRAVxlLa/default.jpg,False,False,False,Auto-generated sample description for Entertainment video.
bmVA_M4PmfH,25.16.01,Why This Gaming Video Went Viral,Channel_235,23,2025-01-15T18:00:00.000Z,live|review|official,1504,96,1,17,https://i.ytimg.com/vi/nAEDiLcPhA2/default.jpg,False,False,False,Auto-generated sample description for Gaming video.
sm5EXA9hAJu,24.16.01,Why This Music Video Went Viral,Channel_1160,5,2024-01-14T02:00:00.000Z,live|trending|vlog,11802,285,67,149,https://i.ytimg.com/vi/_5alzyZZ5-5/default.jpg,False,False,False,Auto-generated sample description for Music video.
eQqGCfY5BoD,24.19.12,Behind the Scenes: Entertainment,Channel_3394,12,2024-12-15T21:00:00.000Z,music|2024|trending,104457,4109,752,1326,https://i.ytimg.com/vi/VDn8M2FBC1b/default.jpg,False,False,False,Auto-generated sample description for Entertainment video.
G5Gf4S5VZr7,24.07.11,Official Comedy Highlights,Channel_3525,9,2024-11-03T16:00:00.000Z,vlog|review|2024,18768,347,128,345,https://i.ytimg.com/vi/UpWbTZuxwn_/default.jpg,False,False,False,Auto-generated sample description for Comedy video.
jGdUcDUNsp4,24.20.05,Entertainment Compilation 2024,Channel_544,15,2024-05-19T06:00:00.000Z,trending|official|music,30240,1364,72,411,https://i.ytimg.com/vi/yVo1L3yublG/default.jpg,False,False,False,Auto-generated sample description for Entertainment video.
JyNE8TwM9W5,24.04.05,Entertainment Compilation 2024,Channel_151,12,2024-05-03T07:00:00.000Z,vlog|official|music,37869,1810,316,695,https://i.ytimg.com/vi/x4S6rWZFvf8/default.jpg,False,False,False,Auto-generated sample description for Entertainment video.
IMeN90kEddt,24.17.08,Reacting to Entertainment Trends,Channel_1227,22,2024-08-17T19:00:00.000Z,review|trending|2024,13369,815,86,26,https://i.ytimg.com/vi/iTrSJHHBAWW/default.jpg,False,False,False,
QWdyrz6Gwad,24.27.02,Why This Entertainment Video Went Viral,Channel_2072,22,2024-02-26T02:00:00.000Z,official|music|live,93271,2609,337,773,https://i.ytimg.com/vi/GMIcWWuGV_F/default.jpg,False,False,False,Auto-generated sample description for Entertainment video.
Y_EjjpiqCVq,24.16.08,Sports Compilation 2024,Channel_2962,10,2024-08-13T13:00:00.000Z,review|vlog|2024,12086,609,21,28,https://i.ytimg.com/vi/rUGLePvpObz/default.jpg,False,False,False,Auto-generated sample description for Sports video.
J2KrfegVoyD,24.14.06,Official Entertainment Highlights,Channel_2062,12,2024-06-13T20:00:00.000Z,vlog|official|music,41133,2957,69,651,https://i.ytimg.com/vi/32Cll6ZN3iA/default.jpg,False,False,False,Auto-generated sample description for Entertainment video.
X3CQ6ARaJ-k,24.08.04,Reacting to Entertainment Trends,Channel_3759,15,2024-04-07T03:00:00.000Z,live|official|vlog,14951,1057,32,134,https://i.ytimg.com/vi/oqeK6nrLsy5/default.jpg,False,False,False,Auto-generated sample description for Entertainment video.
h8DGUGM_Ato,24.07.03,Why This News & Politics Video Went Viral,Channel_3215,16,2024-03-05T05:00:00.000Z,music|trending|vlog,14672,559,53,101,https://i.ytimg.com/vi/fDaHVftbMzx/default.jpg,False,False,False,Auto-generated sample description for News & Politics video.
SxP8cLOjVD8,24.06.05,Official Music Highlights,Channel_1854,19,2024-05-06T04:00:00.000Z,review|trending|live,41948,2855,314,829,https://i.ytimg.com/vi/aoizm87zkUT/default.jpg,False,False,False,Auto-generated sample description for Music video.
n0UWUZYHtWh,25.02.01,Behind the Scenes: Music,Channel_2152,5,2024-12-31T08:00:00.000Z,2024|official|music,510713,38030,3123,9801,https://i.ytimg.com/vi/dp41nqnLerN/default.jpg,False,False,False,Auto-generated sample description for Music video.
dz2G82XphGm,25.06.01,Why This People & Blogs Video Went Viral,Channel_536,3,2025-01-02T18:00:00.000Z,music|official|live,3341,206,19,5,https://i.ytimg.com/vi/MZzvpP3pIut/default.jpg,False,False,False,Auto-generated sample description for People & Blogs video.
LtxeuoCf1qL,24.06.03,Music Compilation 2024,Channel_3047,19,2024-03-02T14:00:00.000Z,vlog|trending|music,58598,1091,173,248,https://i.ytimg.com/vi/x61tIYjw0kJ/default.jpg,False,False,False,Auto-generated sample description for Music video.
jkMRUvswRhp,24.09.04,Nonprofits & Activism Compilation 2024,Channel_1985,13,2024-04-05T19:00:00.000Z,trending|2024|vlog,3195,80,22,6,https://i.ytimg.com/vi/DCG3xvUFgZm/default.jpg,False,False,False,Auto-generated sample description for Nonprofits & Activism video.
W2WNhlXE6hg,24.07.10,Top 10 Music Moments This Week,Channel_1887,19,2024-10-07T03:00:00.000Z,review|2024|music,7131,303,53,54,https://i.ytimg.com/vi/EzYx4fWSsOn/default.jpg,False,False,False,Auto-generated sample description for Music video.
EGfbd7V0KLK,24.28.11,Why This Sports Video Went Viral,Channel_2318,10,2024-11-28T21:00:00.000Z,music|live|trending,27348,869,246,25,https://i.ytimg.com/vi/00KpetMLyhi/default.jpg,False,False,False,Auto-generated sample description for Sports video.
h73ZrsOiTMQ,24.13.04,Official Music Highlights,Channel_4963,5,2024-04-13T03:00:00.000Z,2024|music|trending,72050,4797,39,464,https://i.ytimg.com/vi/pMnKrhVmaj2/default.jpg,False,False,False,Auto-generated sample description for Music video.
s2Y9XBlJIeN,24.20.11,Behind the Scenes: Music,Channel_4899,5,2024-11-18T17:00:00.000Z,2024|live|official,169113,13226,120,511,https://i.ytimg.com/vi/JieEbAYoWId/default.jpg,False,False,False,Auto-generated sample description for Music video.
3_-lyNcTlhL,24.17.04,Top 10 Music Moments This Week,Channel_899,19,2024-04-14T10:00:00.000Z,official|review|live,56890,1948,554,990,https://i.ytimg.com/vi/Z_ADj5YDEPb/default.jpg,False,False,False,Auto-generated sample description for Music video.
lBl0AXPcE9a,24.22.07,Reacting to Entertainment Trends,Channel_1148,12,2024-07-20T11:00:00.000Z,2024|review|official,31846,590,305,524,https://i.ytimg.com/vi/ZmwtDHWSdFY/default.jpg,False,False,False,Auto-generated sample description for Entertainment video.
fmtYpS_5z_x,24.09.10,Official Music Highlights,Channel_2735,5,2024-10-07T01:00:00.000Z,review|2024|trending,8931,430,73,154,https://i.ytimg.com/vi/PYg5-BaN3p0/default.jpg,False,False,False,Auto-generated sample description for Music video.
qNS2fGcwHho,24.25.01,Official Comedy Highlights,Channel_3309,9,2024-01-25T14:00:00.000Z,2024|music|official,14113,184,94,148,https://i.ytimg.com/vi/uYrP4TDCfVm/default.jpg,False,False,False,Auto-generated sample description for Comedy video.
Hxz4Ts49Pg4,24.28.01,Entertainment Compilation 2024,Channel_1220,22,2024-01-27T00:00:00.000Z,live|trending|2024,156309,9190,83,2734,https://i.ytimg.com/vi/StLLorUksaw/default.jpg,False,False,False,Auto-generated sample description for Entertainment video.
D51HWYJXEkQ,24.28.05,Why This Education Video Went Viral,Channel_2368,14,2024-05-27T06:00:00.000Z,trending|official|music,4581,308,43,72,https://i.ytimg.com/vi/U5eByiJMc2K/default.jpg,False,False,False,Auto-generated sample description for Education video.
wjHBhd7nEMK,24.17.10,Top 10 Entertainment Moments This Week,Channel_2811,22,2024-10-13T14:00:00.000Z,trending|2024|review,191982,14063,541,1032,https://i.ytimg.com/vi/srkZE1gtEQD/default.jpg,False,False,False,Auto-generated sample description for Entertainment video.
elovigdl59D,24.10.12,Official Entertainment Highlights,Channel_2137,22,2024-12-08T21:00:00.000Z,music|trending|official,196752,7714,1819,3762,https://i.ytimg.com/vi/o-oXKJ2RO5B/default.jpg,False,False,False,Auto-generated sample description for Entertainment video.
1KxrShcBs-n,24.30.07,Music Compilation 2024,Channel_2317,5,2024-07-26T11:00:00.000Z,music|live|vlog,1081,75,3,20,https://i.ytimg.com/vi/s3R8MBeyxa5/default.jpg,False,False,False,Auto-generated sample description for Music video.
uP9Le6JeJZ4,24.05.12,Reacting to Entertainment Trends,Channel_557,22,2024-12-04T21:00:00.000Z,music|trending|live,36906,643,293,227,https://i.ytimg.com/vi/pAEq2Ab12hL/default.jpg,False,False,False,Auto-generated sample description for Entertainment video.
JLHIXSWguVg,24.17.04,Why This Entertainment Video Went Viral,Channel_4898,12,2024-04-15T20:00:00.000Z,vlog|2024|music,28658,321,230,271,https://i.ytimg.com/vi/y3C_gjh67KS/default.jpg,False,False,False,Auto-generated sample description for Entertainment video.
SCOhBvpEJjA,24.26.09,Top 10 Music Moments This Week,Channel_1874,19,2024-09-23T02:00:00.000Z,official|trending|review,305032,12030,2903,4140,https://i.ytimg.com/vi/rtfP9hJqDcC/default.jpg,False,False,False,Auto-generated sample description for Music video.
gEPR444-kPB,24.21.07,Official Entertainment Highlights,Channel_1547,12,2024-07-18T19:00:00.000Z,live|trending|vlog,24677,1487,215,350,https://i.ytimg.com/vi/fZkuWMvlivR/default.jpg,False,False,False,Auto-generated sample description for Entertainment video.
0SgqVeFDxG-,24.21.02,Reacting to Entertainment Trends,Channel_3356,15,2024-02-19T17:00:00.000Z,official|vlog|live,53657,3960,97,548,https://i.ytimg.com/vi/U9hzx_Wv81x/default.jpg,False,False,False,Auto-generated sample description for Entertainment video.
5ie5UAKQKrT,24.04.08,Music Compilation 2024,Channel_4930,19,2024-08-02T15:00:00.000Z,review|music|official,36113,1928,56,266,https://i.ytimg.com/vi/64yKUUyKuil/default.jpg,False,False,False,Auto-generated sample description for Music video.
2Ds1_ZvjsZv,24.06.03,Top 10 Music Moments This Week,Channel_483,5,2024-03-02T19:00:00.000Z,live|vlog|trending,5047,111,33,40,https://i.ytimg.com/vi/s0HFTqNo942/default.jpg,False,False,False,Auto-generated sample description for Music video.
K6c3UCoKTbB,24.16.06,Entertainment Compilation 2024,Channel_2756,12,2024-06-16T18:00:00.000Z,review|live|2024,4788,100,37,94,https://i.ytimg.com/vi/NAsZh1awkY3/default.jpg,False,False,False,Auto-generated sample description for Entertainment video.
qRQw5lNuA-Q,24.21.09,Top 10 News & Politics Moments This Week,Channel_234,6,2024-09-21T03:00:00.000Z,music|review|trending,6584,130,44,78,https://i.ytimg.com/vi/XQN17RWByNE/default.jpg,False,False,False,Auto-generated sample description for News & Politics video.
Y6_TRp9rD0v,24.19.06,Why This Music Video Went Viral,Channel_4715,5,2024-06-16T19:00:00.000Z,music|2024|official,23917,1126,107,330,https://i.ytimg.com/vi/7SacE1V3One/default.jpg,False,False,False,Auto-generated sample description for Music video.
iCAWFf2i5xq,24.15.10,Entertainment Compilation 2024,Channel_2446,15,2024-10-15T21:00:00.000Z,review|official|live,147146,10682,761,1406,https://i.ytimg.com/vi/2bmafZIIS89/default.jpg,False,False,False,Auto-generated sample description for Entertainment video.
yyRFU7euehl,24.21.05,Why This Music Video Went Viral,Channel_2640,19,2024-05-20T22:00:00.000Z,review|vlog|official,30152,2001,141,519,https://i.ytimg.com/vi/z5x4kBlk1zq/default.jpg,False,False,False,Auto-generated sample description for Music video.
BShXnldkiPt,24.29.11,Official Comedy Highlights,Channel_949,9,2024-11-27T06:00:00.000Z,trending|music|live,51086,1089,196,222,https://i.ytimg.com/vi/8hRgOHHQcRf/default.jpg,False,False,False,Auto-generated sample description for Comedy video.
wis4aEG06mU,24.05.10,Why This Film & Animation Video Went Viral,Channel_3833,1,2024-10-01T03:00:00.000Z,review|music|vlog,20624,1227,155,56,https://i.ytimg.com/vi/AOKTSpUnEkf/default.jpg,False,False,False,Auto-generated sample description for Film & Animation video.
KW84K5OjOol,24.20.11,Top 10 Gaming Moments This Week,Channel_4962,23,2024-11-18T21:00:00.000Z,live|official|2024,11641,280,43,141,https://i.ytimg.com/vi/VLK0nkMeAin/default.jpg,False,False,False,Auto-generated sample description for Gaming video.
hBc9m64BhUk,25.10.01,Official Entertainment Highlights,Channel_1843,12,2025-01-09T09:00:00.000Z,vlog|trending|official,383863,8045,1466,7617,https://i.ytimg.com/vi/LkOG1M_dXEE/default.jpg,False,False,False,Auto-generated sample description for Entertainment video.
hMexUymVFb8,24.24.09,Film & Animation Compilation 2024,Channel_3606,17,2024-09-21T08:00:00.000Z,live|music|vlog,3125,123,23,39,https://i.ytimg.com/vi/Nl2tBazi_0z/default.jpg,True,False,False,Auto-generated sample description for Film & Animation video.
spxeby7JLwA,24.17.04,Top 10 Music Moments This Week,Channel_413,5,2024-04-17T03:00:00.000Z,review|music|official,179209,9921,1273,3200,https://i.ytimg.com/vi/7Bf4hPN4O1I/default.jpg,False,False,False,Auto-generated sample description for Music video.
85VkMcpPRvf,25.05.01,Why This Entertainment Video Went Viral,Channel_3308,15,2025-01-05T13:00:00.000Z,vlog|live|2024,16581,555,87,32,https://i.ytimg.com/vi/kHB7FWNucp9/default.jpg,False,False,False,Auto-generated sample description for Entertainment video.
WvJp6X4uBuy,24.16.11,Behind the Scenes: Music,Channel_878,19,2024-11-12T08:00:00.000Z,vlog|live|official,22277,710,194,391,https://i.ytimg.com/vi/R3t74zEqqWM/default.jpg,False,False,False,Auto-generated sample description for Music video.
8qm6CzJE6cl,24.20.03,Behind the Scenes: People & Blogs,Channel_3116,3,2024-03-16T05:00:00.000Z,music|live|vlog,17788,1001,97,160,https://i.ytimg.com/vi/BYF8HqX-Lis/default.jpg,False,False,False,Auto-generated sample description for People & Blogs video.
5YXl-u-duB6,24.17.02,Official Entertainment Highlights,Channel_4610,15,2024-02-16T16:00:00.000Z,official|review|music,17221,1294,120,29,https://i.ytimg.com/vi/AWx69mI0b31/default.jpg,False,False,False,Auto-generated sample description for Entertainment video.
1PJT5hauHpQ,25.23.01,Why This Music Video Went Viral,Channel_3805,5,2025-01-23T18:00:00.000Z,review|live|music,530900,29049,1245,9544,https://i.ytimg.com/vi/DsAO6GUMctq/default.jpg,False,False,False,Auto-generated sample description for Music video.
sqWK95lge_O,25.25.01,Why This Music Video Went Viral,Channel_652,5,2025-01-25T09:00:00.000Z,trending|official|review,36820,1712,28,497,https://i.ytimg.com/vi/YDlswNaur40/default.jpg,False,False,False,Auto-generated sample description for Music video.
265AlLUUwcn,24.01.04,Entertainment Compilation 2024,Channel_3030,15,2024-03-28T21:00:00.000Z,review|live|2024,2656,130,21,10,https://i.ytimg.com/vi/IfBx4jmocBX/default.jpg,False,False,False,Auto-generated sample description for Entertainment video.
NGiGPtY8yKx,24.29.07,Entertainment Compilation 2024,Channel_189,15,2024-07-25T10:00:00.000Z,2024|review|official,21749,485,203,155,https://i.ytimg.com/vi/Mxmyb5aWCB5/default.jpg,False,False,False,Auto-generated sample description for Entertainment video.
paWAFBSJhf7,24.23.05,Official Entertainment Highlights,Channel_911,15,2024-05-22T08:00:00.000Z,trending|official|music,37177,2864,357,683,https://i.ytimg.com/vi/3ZYXGd-rbmw/default.jpg,False,False,False,Auto-generated sample description for Entertainment video.
fO551GXlRFu,25.16.01,Official Entertainment Highlights,Channel_4416,15,2025-01-14T10:00:00.000Z,2024|review|vlog,14705,402,94,256,https://i.ytimg.com/vi/dK8oCCXwwk_/default.jpg,False,False,False,Auto-generated sample description for Entertainment video.
Qpm2gf0EDtH,24.20.03,Reacting to Entertainment Trends,Channel_427,12,2024-03-19T17:00:00.000Z,2024|review|music,29055,2144,36,188,https://i.ytimg.com/vi/HIjEXORtXS_/default.jpg,False,False,False,Auto-generated sample description for Entertainment video.
N5qJcxFGaHj,25.08.01,Official Education Highlights,Channel_2385,14,2025-01-07T08:00:00.000Z,live|music|2024,856,67,7,8,https://i.ytimg.com/vi/pVrEg24G3CJ/default.jpg,False,False,False,Auto-generated sample description for Education video.
XH7Nb87qYBu,25.21.01,Howto & Style Compilation 2024,Channel_1153,11,2025-01-21T01:00:00.000Z,vlog|trending|music,21408,1258,23,234,https://i.ytimg.com/vi/_MedHAaRIGW/default.jpg,False,False,False,Auto-generated sample description for Howto & Style video.
YXxkBJSBL6Q,24.03.05,Comedy Compilation 2024,Channel_4551,9,2024-05-03T03:00:00.000Z,official|vlog|music,48197,3286,24,448,https://i.ytimg.com/vi/_ik_8iemHIK/default.jpg,False,False,False,Auto-generated sample description for Comedy video.
Xwt-N9bo2Ib,24.29.08,Why This Comedy Video Went Viral,Channel_3601,9,2024-08-25T16:00:00.000Z,2024|official|review,55726,1757,166,133,https://i.ytimg.com/vi/ZUUKEzPQvOP/default.jpg,False,False,False,Auto-generated sample description for Comedy video.
X9kGjRP7TQx,24.24.07,Official Entertainment Highlights,Channel_1425,22,2024-07-22T16:00:00.000Z,official|2024|review,197007,4216,1422,1340,https://i.ytimg.com/vi/KSqowinE_cQ/default.jpg,False,False,False,Auto-generated sample description for Entertainment video.
Gj6L-U7b_Lu,24.16.03,Official Comedy Highlights,Channel_4932,9,2024-03-16T14:00:00.000Z,live|trending|vlog,161832,6598,783,83,https://i.ytimg.com/vi/-_W4uCPUhqE/default.jpg,False,False,False,Auto-generated sample description for Comedy video.
tG1YWmtLaZA,24.20.12,Official Entertainment Highlights,Channel_1605,12,2024-12-16T02:00:00.000Z,music|live|2024,60146,2455,282,86,https://i.ytimg.com/vi/rNsucXd1BwC/default.jpg,False,False,False,Auto-generated sample description for Entertainment video.
u8IxhrQBSEA,24.09.12,Top 10 Entertainment Moments This Week,Channel_435,15,2024-12-07T22:00:00.000Z,trending|music|official,773,17,0,2,https://i.ytimg.com/vi/Ji3HV0TO4vd/default.jpg,False,False,False,Auto-generated sample description for Entertainment video.
jx-JucPyQAk,24.09.07,Top 10 Music Moments This Week,Channel_822,19,2024-07-06T09:00:00.000Z,music|review|2024,7052,450,41,129,https://i.ytimg.com/vi/GxqJoMkH4dR/default.jpg,False,False,False,Auto-generated sample description for Music video.
Cfx1Wt7DCkl,24.19.02,Top 10 Music Moments This Week,Channel_951,19,2024-02-17T08:00:00.000Z,official|review|2024,1630373,56762,8181,7676,https://i.ytimg.com/vi/oO7s8xCvxlH/default.jpg,False,False,False,Auto-generated sample description for Music video.
XOIKd0FS-Ts,24.07.10,Behind the Scenes: Music,Channel_2715,19,2024-10-04T03:00:00.000Z,vlog|trending|music,29109,623,48,511,https://i.ytimg.com/vi/5Y-1xANTvAw/default.jpg,False,False,False,Auto-generated sample description for Music video.
HylRSkqvMV0,24.25.04,Reacting to Sports Trends,Channel_2947,10,2024-04-25T17:00:00.000Z,2024|live|trending,1745,86,14,17,https://i.ytimg.com/vi/yNMNKLL-MsH/default.jpg,False,False,False,Auto-generated sample description for Sports video.
v-OzMin7f3J,25.03.01,Behind the Scenes: Music,Channel_4702,5,2025-01-03T21:00:00.000Z,trending|music|live,37864,2874,143,589,https://i.ytimg.com/vi/MlaiejPPGSI/default.jpg,False,False,False,Auto-generated sample description for Music video.
VfOlNedX4hR,24.01.02,Official Film & Animation Highlights,Channel_380,21,2024-01-31T09:00:00.000Z,review|trending|music,2703,119,15,19,https://i.ytimg.com/vi/54z2c0SX1tN/default.jpg,False,False,False,Auto-generated sample description for Film & Animation video.
lSOmc45cEHU,24.25.05,Reacting to Entertainment Trends,Channel_3384,22,2024-05-24T04:00:00.000Z,trending|official|review,6641,193,30,79,https://i.ytimg.com/vi/kYZKF8g2e92/default.jpg,False,False,False,Auto-generated sample description for Entertainment video.
ug1Sw8GXjU_,24.10.05,Entertainment Compilation 2024,Channel_42,22,2024-05-07T22:00:00.000Z,2024|music|trending,33464,485,218,430,https://i.ytimg.com/vi/xdjVfg3oB30/default.jpg,False,False,False,Auto-generated sample description for Entertainment video.
fTOhsueM3XL,24.25.08,Top 10 Entertainment Moments This Week,Channel_3066,22,2024-08-23T15:00:00.000Z,music|trending|review,14635,627,80,204,https://i.ytimg.com/vi/kFT1TL6-82I/default.jpg,False,False,False,Auto-generated sample description for Entertainment video.
z_ZCkWTd6oG,24.30.05,Top 10 Entertainment Moments This Week,Channel_2784,12,2024-05-27T11:00:00.000Z,official|live|trending,32477,2170,135,401,https://i.ytimg.com/vi/TYbVdlTl77I/default.jpg,False,False,False,Auto-generated sample description for Entertainment video.
xZrn1F0RFMZ,24.19.08,Top 10 Music Moments This Week,Channel_4366,5,2024-08-18T09:00:00.000Z,trending|music|vlog,17761,352,48,69,https://i.ytimg.com/vi/s2emGfu8af0/default.jpg,False,True,False,Auto-generated sample description for Music video.
Hve3LrDHvG-,24.01.07,Official Music Highlights,Channel_1254,19,2024-07-01T10:00:00.000Z,live|vlog|trending,200908,12803,203,1592,https://i.ytimg.com/vi/Rp1EFf6zQMk/default.jpg,False,False,False,Auto-generated sample description for Music video.
vXUWNddq2jT,24.31.07,Film & Animation Compilation 2024,Channel_3333,17,2024-07-27T10:00:00.000Z,live|official|trending,56476,1462,365,444,https://i.ytimg.com/vi/j2CrY9fdbvC/default.jpg,False,False,False,Auto-generated sample description for Film & Animation video.
TMphI9sYt-O,24.27.01,Behind the Scenes: Comedy,Channel_230,9,2024-01-27T21:00:00.000Z,official|review|2024,2095,43,8,21,https://i.ytimg.com/vi/qEY4Zx1yBcw/default.jpg,False,False,False,Auto-generated sample description for Comedy video.
SK7M6OJGeYa,24.27.01,Why This Entertainment Video Went Viral,Channel_89,15,2024-01-26T09:00:00.000Z,music|official|review,250053,9575,1444,3455,https://i.ytimg.com/vi/My4K3GSF83J/default.jpg,False,False,False,Auto-generated sample description for Entertainment video.
bY3NVbjE7bs,24.09.06,Official Gaming Highlights,Channel_4665,23,2024-06-05T22:00:00.000Z,trending|official|review,21685,1232,44,257,https://i.ytimg.com/vi/0kOoMxcwIGD/default.jpg,False,False,False,Auto-generated sample description for Gaming video.
-ZVU5XUni7s,24.23.11,Music Compilation 2024,Channel_4599,5,2024-11-20T06:00:00.000Z,trending|official|music,42196,2816,88,408,https://i.ytimg.com/vi/RbpXDYRrsuA/default.jpg,False,False,False,Auto-generated sample description for Music video.
naV7wuExhCf,24.02.10,Top 10 Entertainment Moments This Week,Channel_4890,12,2024-09-30T15:00:00.000Z,official|live|vlog,201096,4816,202,2478,https://i.ytimg.com/vi/GzIely5iFCg/default.jpg,False,False,False,Auto-generated sample description for Entertainment video.
NOv1KA1se-m,24.14.04,Top 10 Entertainment Moments This Week,Channel_3862,12,2024-04-12T17:00:00.000Z,live|vlog|2024,21135,1127,17,109,https://i.ytimg.com/vi/z9VWhpAzhJZ/default.jpg,False,False,False,Auto-generated sample description for Entertainment video.
8ramJ2fxt3x,24.20.06,Official News & Politics Highlights,Channel_3464,6,2024-06-16T21:00:00.000Z,trending|2024|review,6197,450,25,12,https://i.ytimg.com/vi/ePEWGGxZ30H/default.jpg,False,False,False,Auto-generated sample description for News & Politics video.
3hSmLlVX16U,24.04.12,Music Compilation 2024,Channel_1209,19,2024-12-02T07:00:00.000Z,official|live|trending,5301,334,28,85,https://i.ytimg.com/vi/ZSPGjWI-v29/default.jpg,False,False,False,Auto-generated sample description for Music video.
gH7wmlZ9XAF,25.21.01,Reacting to Music Trends,Channel_2066,19,2025-01-21T10:00:00.000Z,vlog|2024|review,119305,6913,214,1157,https://i.ytimg.com/vi/oxZIM8QLfyr/default.jpg,False,False,False,Auto-generated sample description for Music video.
xt3D2y6JWfp,24.29.05,Behind the Scenes: News & Politics,Channel_3046,6,2024-05-27T11:00:00.000Z,music|official|trending,6506,497,46,93,https://i.ytimg.com/vi/Jlk0tdALORh/default.jpg,False,False,False,Auto-generated sample description for News & Politics video.
vyMM0pZkMyk,24.01.10,Reacting to Entertainment Trends,Channel_1074,22,2024-09-29T01:00:00.000Z,official|trending|vlog,26866,1226,91,292,https://i.ytimg.com/vi/5slI0NaHuFy/default.jpg,False,False,False,Auto-generated sample description for Entertainment video.
uXi8cwmbDeC,24.05.07,Reacting to Entertainment Trends,Channel_1973,12,2024-07-01T18:00:00.000Z,music|2024|official,1184455,86144,4962,15118,https://i.ytimg.com/vi/TkJH1WcYT6c/default.jpg,False,False,False,Auto-generated sample description for Entertainment video.
A0k3p1wezx5,24.12.08,Why This Entertainment Video Went Viral,Channel_2938,15,2024-08-09T09:00:00.000Z,review|2024|music,227481,2587,1636,2914,https://i.ytimg.com/vi/CcLc2yTz1_9/default.jpg,False,False,False,Auto-generated sample description for Entertainment video.
UtmsuGcMfXE,24.15.06,Why This Music Video Went Viral,Channel_4616,19,2024-06-11T04:00:00.000Z,live|vlog|2024,440942,17268,1581,8491,https://i.ytimg.com/vi/IF3_fgjtciV/default.jpg,False,False,False,Auto-generated sample description for Music video.
kCZnXrl7o_Y,24.15.08,Reacting to Entertainment Trends,Channel_1455,22,2024-08-11T06:00:00.000Z,vlog|2024|trending,4221,207,32,20,https://i.ytimg.com/vi/oCxx8GHsb8t/default.jpg,False,False,False,Auto-generated sample description for Entertainment video.
8hLJubhFu0x,24.26.02,Reacting to Howto & Style Trends,Channel_1806,8,2024-02-23T12:00:00.000Z,2024|vlog|official,14233,359,40,128,https://i.ytimg.com/vi/MOovN2CBAZM/default.jpg,False,False,False,Auto-generated sample description for Howto & Style video.
LKDHw9yiPU7,24.29.01,Reacting to Entertainment Trends,Channel_548,15,2024-01-28T13:00:00.000Z,review|official|vlog,49187,3546,422,73,https://i.ytimg.com/vi/KunIE_x_xz-/default.jpg,False,False,False,Auto-generated sample description for Entertainment video.
sUixAx436q3,24.08.12,Top 10 Music Moments This Week,Channel_785,19,2024-12-08T13:00:00.000Z,trending|review|official,3145,156,20,46,https://i.ytimg.com/vi/TZqkBXfUrEB/default.jpg,False,False,False,Auto-generated sample description for Music video.
0Bz2Kbs7dCK,24.30.07,Official Entertainment Highlights,Channel_4758,22,2024-07-26T13:00:00.000Z,trending|music|review,52111,2759,376,792,https://i.ytimg.com/vi/k-Ayil5NVG4/default.jpg,False,False,False,Auto-generated sample description for Entertainment video.
xO_JP64x_ls,24.06.01,Why This Music Video Went Viral,Channel_994,19,2024-01-03T09:00:00.000Z,music|vlog|official,297404,7432,2886,5476,https://i.ytimg.com/vi/BHTB8UTsLAO/default.jpg,False,False,False,Auto-generated sample description for Music video.
KmxlKPTxm7Q,24.02.04,Official Entertainment Highlights,Channel_1260,22,2024-04-02T05:00:00.000Z,review|live|2024,16643,203,14,191,https://i.ytimg.com/vi/Ch-EioYLeuF/default.jpg,False,False,False,Auto-generated sample description for Entertainment video.
aTwLv5Bq8Sl,25.18.01,Reacting to Music Trends,Channel_3606,5,2025-01-17T22:00:00.000Z,review|live|vlog,226488,15639,1691,715,https://i.ytimg.com/vi/qlK3quobigv/default.jpg,False,False,False,Auto-generated sample description for Music video.
s58nNT-EXaJ,24.30.07,Entertainment Compilation 2024,Channel_2877,12,2024-07-29T19:00:00.000Z,2024|trending|official,164789,6771,147,1931,https://i.ytimg.com/vi/3w7pfzNLpyI/default.jpg,False,False,False,Auto-generated sample description for Entertainment video.
YfUAKC5TN3h,24.12.07,Official Sports Highlights,Channel_36,10,2024-07-10T04:00:00.000Z,live|official|music,10094,656,8,137,https://i.ytimg.com/vi/JiaSVlRwM-X/default.jpg,True,False,False,Auto-generated sample description for Sports video.
xTyH8U_rXXW,24.27.09,Entertainment Compilation 2024,Channel_3502,15,2024-09-23T17:00:00.000Z,vlog|music|live,4862,283,31,10,https://i.ytimg.com/vi/eYDe1EtvlUV/default.jpg,False,False,False,Auto-generated sample description for Entertainment video.
iMbyXQ8Kz9_,24.03.01,Why This Nonprofits & Activism Video Went Viral,Channel_472,20,2024-01-02T16:00:00.000Z,trending|2024|music,2906,45,27,46,https://i.ytimg.com/vi/y097H1cqqy2/default.jpg,False,False,False,Auto-generated sample description for Nonprofits & Activism video.
r1Sxj-A5MDX,24.29.11,Why This Entertainment Video Went Viral,Channel_4628,15,2024-11-29T01:00:00.000Z,review|trending|2024,1464,43,10,6,https://i.ytimg.com/vi/lvfvf25PsD6/default.jpg,False,False,False,Auto-generated sample description for Entertainment video.
wwTbmWZ1xgX,24.11.07,Top 10 People & Blogs Moments This Week,Channel_1881,3,2024-07-09T19:00:00.000Z,review|2024|music,13466,497,90,132,https://i.ytimg.com/vi/xZF9f9RrS2c/default.jpg,False,False,False,Auto-generated sample description for People & Blogs video.
c543HWTiQKJ,24.06.03,Music Compilation 2024,Channel_3442,19,2024-03-03T11:00:00.000Z,official|review|music,37874,1490,370,198,https://i.ytimg.com/vi/yUo08JyQ2Fj/default.jpg,False,False,False,Auto-generated sample description for Music video.
C4_TK1Jrdac,24.11.03,Behind the Scenes: Film & Animation,Channel_2226,1,2024-03-10T20:00:00.000Z,vlog|review|live,7763,543,24,101,https://i.ytimg.com/vi/1oy8RDSQur7/default.jpg,False,False,False,Auto-generated sample description for Film & Animation video.
FURoh0HhtCo,24.17.01,Top 10 Music Moments This Week,Channel_4453,5,2024-01-15T12:00:00.000Z,live|2024|official,149908,1706,514,1183,https://i.ytimg.com/vi/QlZt2T9tCL7/default.jpg,False,False,False,Auto-generated sample description for Music video.
2DWj2kP3NOp,24.22.05,Music Compilation 2024,Channel_2007,19,2024-05-22T18:00:00.000Z,vlog|live|official,266343,5151,1102,5159,https://i.ytimg.com/vi/iP024lUGOe8/default.jpg,False,False,True,Auto-generated sample description for Music video.
o6iyH9tSWrv,24.23.06,Reacting to Entertainment Trends,Channel_199,22,2024-06-19T17:00:00.000Z,trending|official|live,534687,42734,3560,7199,https://i.ytimg.com/vi/Y22oL6XAMI7/default.jpg,False,False,False,Auto-generated sample description for Entertainment video.
ebOCdNWrlcr,24.25.05,Reacting to Sports Trends,Channel_3059,10,2024-05-23T01:00:00.000Z,2024|trending|live,2331,51,20,4,https://i.ytimg.com/vi/CfM0NTBcOBE/default.jpg,False,False,False,Auto-generated sample description for Sports video.
UGeKNpHSzlu,24.27.07,Official Entertainment Highlights,Channel_2392,15,2024-07-24T16:00:00.000Z,vlog|live|official,70321,1589,89,607,https://i.ytimg.com/vi/KcftWiQbC9M/default.jpg,False,False,False,Auto-generated sample description for Entertainment video.
x2jgzRZeyZT,24.08.12,Reacting to Entertainment Trends,Channel_543,15,2024-12-07T21:00:00.000Z,2024|trending|music,155632,6327,1325,1889,https://i.ytimg.com/vi/KKfWi2qxY2J/default.jpg,False,False,False,Auto-generated sample description for Entertainment video.
JIb30HJ9igf,24.20.02,Top 10 Autos & Vehicles Moments This Week,Channel_885,4,2024-02-17T21:00:00.000Z,music|review|official,9771,155,16,134,https://i.ytimg.com/vi/2WPIXOYMuOA/default.jpg,False,False,False,Auto-generated sample description for Autos & Vehicles video.
aRommDFzp9c,24.07.11,Official Entertainment Highlights,Channel_126,15,2024-11-03T00:00:00.000Z,vlog|music|2024,82048,4056,198,310,https://i.ytimg.com/vi/t40LT-MeV4e/default.jpg,False,False,False,Auto-generated sample description for Entertainment video.
5l16pTdNn56,24.12.11,Official Film & Animation Highlights,Channel_2856,1,2024-11-08T02:00:00.000Z,vlog|music|review,5527,289,23,68,https://i.ytimg.com/vi/rkWdCU8xHOW/default.jpg,False,False,False,Auto-generated sample description for Film & Animation video.
iF1K-tQadfv,24.09.03,Behind the Scenes: Film & Animation,Channel_4797,21,2024-03-05T02:00:00.000Z,trending|official|vlog,52680,1935,516,860,https://i.ytimg.com/vi/JWBPl1OlA0Q/default.jpg,False,False,False,Auto-generated sample description for Film & Animation video.
_fKSKpmHhGI,24.19.04,Top 10 Music Moments This Week,Channel_955,19,2024-04-18T04:00:00.000Z,review|music|live,17669,749,21,195,https://i.ytimg.com/vi/cfWP6JUi4dJ/default.jpg,False,False,False,Auto-generated sample description for Music video.
GrcFlWwlvZP,24.13.01,Reacting to Comedy Trends,Channel_1527,9,2024-01-10T04:00:00.000Z,live|vlog|review,5287,274,33,74,https://i.ytimg.com/vi/tFTzn4g_ZPP/default.jpg,False,False,False,Auto-generated sample description for Comedy video.
hanP8A0jFDJ,24.16.04,Why This Comedy Video Went Viral,Channel_4682,9,2024-04-15T17:00:00.000Z,review|music|trending,84335,896,627,727,https://i.ytimg.com/vi/0s7vWT2-CrJ/default.jpg,False,False,False,Auto-generated sample description for Comedy video.
pSTKp6dGuve,24.12.02,Official Music Highlights,Channel_4574,5,2024-02-11T22:00:00.000Z,review|music|trending,157740,11081,303,1818,https://i.ytimg.com/vi/f6iGvSI4_-C/default.jpg,False,False,False,Auto-generated sample description for Music video.
22m-umq0gbi,24.04.04,Top 10 Entertainment Moments This Week,Channel_512,22,2024-04-03T14:00:00.000Z,vlog|2024|official,15883,566,135,244,https://i.ytimg.com/vi/QA9fG6P3Fg6/default.jpg,False,False,False,Auto-generated sample description for Entertainment video.
yQZiGK48man,24.09.09,Entertainment Compilation 2024,Channel_1390,22,2024-09-08T17:00:00.000Z,trending|official|review,65422,2030,474,260,https://i.ytimg.com/vi/x6GaYh8_v2-/default.jpg,False,False,False,Auto-generated sample description for Entertainment video.
pajKwDbMmdS,24.25.02,Entertainment Compilation 2024,Channel_3000,22,2024-02-22T06:00:00.000Z,vlog|music|official,456738,23641,798,251,https://i.ytimg.com/vi/a6hLE0Wne0A/default.jpg,False,False,False,Auto-generated sample description for Entertainment video.
Zas8M8wfXcF,24.23.09,Reacting to Entertainment Trends,Channel_1726,12,2024-09-23T00:00:00.000Z,vlog|trending|music,663567,49302,5010,13109,https://i.ytimg.com/vi/2CTseCEfsqG/default.jpg,False,False,False,Auto-generated sample description for Entertainment video.
NdTbmSEalHR,24.09.10,Film & Animation Compilation 2024,Channel_273,21,2024-10-06T06:00:00.000Z,live|vlog|review,6093,360,40,27,https://i.ytimg.com/vi/7bbSkv_fCuC/default.jpg,False,False,False,Auto-generated sample description for Film & Animation video.
iOBXm7pJxaZ,24.17.09,Why This Entertainment Video Went Viral,Channel_3996,15,2024-09-15T08:00:00.000Z,review|trending|music,149898,3705,779,2941,https://i.ytimg.com/vi/Ru12cZ0SlQz/default.jpg,False,False,False,Auto-generated sample description for Entertainment video.
Hv-VWE5luSU,24.04.08,Official Sports Highlights,Channel_2082,10,2024-08-01T01:00:00.000Z,official|trending|review,29590,360,204,133,https://i.ytimg.com/vi/cPihoLafJHK/default.jpg,False,False,False,Auto-generated sample description for Sports video.
IxFcGfj0X2Q,25.24.01,Top 10 Entertainment Moments This Week,Channel_4001,12,2025-01-24T04:00:00.000Z,vlog|2024|live,47133,1531,195,733,https://i.ytimg.com/vi/KPeimkiR6yg/default.jpg,False,False,False,Auto-generated sample description for Entertainment video.
DaorwXc6LTk,24.09.08,Why This Entertainment Video Went Viral,Channel_4103,12,2024-08-08T10:00:00.000Z,trending|2024|vlog,22427,262,60,113,https://i.ytimg.com/vi/rfV0LhOrhPl/default.jpg,False,False,False,Auto-generated sample description for Entertainment video.
zcgeta4CljN,24.09.12,Official Entertainment Highlights,Channel_4011,12,2024-12-07T22:00:00.000Z,review|2024|official,68624,1973,596,650,https://i.ytimg.com/vi/1BqBGM2mCOq/default.jpg,False,False,False,Auto-generated sample description for Entertainment video.
QWZ5potr9tS,24.09.04,Behind the Scenes: Comedy,Channel_233,9,2024-04-05T13:00:00.000Z,music|live|official,4459,99,15,59,https://i.ytimg.com/vi/JCzXaTRjGkl/default.jpg,False,False,False,Auto-generated sample description for Comedy video.
1Tru0r-haDd,24.19.06,Official Entertainment Highlights,Channel_4181,12,2024-06-16T08:00:00.000Z,music|review|vlog,3091,146,23,37,https://i.ytimg.com/vi/40ijjDA2jfS/default.jpg,False,False,False,Auto-generated sample description for Entertainment video.
HEQHCVqdPn2,24.27.07,Reacting to Entertainment Trends,Channel_3126,15,2024-07-23T01:00:00.000Z,music|trending|vlog,3601,224,6,52,https://i.ytimg.com/vi/xvKXifHS42V/default.jpg,False,False,False,Auto-generated sample description for Entertainment video.
Idzns0mmKlU,24.18.12,Official Music Highlights,Channel_193,5,2024-12-17T10:00:00.000Z,trending|music|review,274264,16850,459,966,https://i.ytimg.com/vi/_FqCQLgC6zp/default.jpg,False,False,False,Auto-generated sample description for Music video.
fy8IrdJevPB,24.31.07,Music Compilation 2024,Channel_4890,5,2024-07-31T07:00:00.000Z,official|music|live,62288,2242,607,270,https://i.ytimg.com/vi/2-vh9uPg0AG/default.jpg,False,False,False,Auto-generated sample description for Music video.
zpKVnXfJevW,24.21.06,Official Music Highlights,Channel_2547,19,2024-06-18T20:00:00.000Z,live|vlog|review,153775,3012,477,1538,https://i.ytimg.com/vi/gQXmocmqzAo/default.jpg,False,False,False,Auto-generated sample description for Music video.
H3QmMuXhBXt,24.22.03,Entertainment Compilation 2024,Channel_209,15,2024-03-19T22:00:00.000Z,review|live|2024,76209,1526,462,373,https://i.ytimg.com/vi/VtWtKFcKsI4/default.jpg,False,False,False,Auto-generated sample description for Entertainment video.
ENIuI37LjMl,24.08.05,Why This Entertainment Video Went Viral,Channel_4137,12,2024-05-04T12:00:00.000Z,trending|official|music,8979,107,72,105,https://i.ytimg.com/vi/XE6-jQ57qLw/default.jpg,False,False,False,Auto-generated sample description for Entertainment video.
nikAhZnFegA,25.22.01,Reacting to Entertainment Trends,Channel_2422,22,2025-01-19T05:00:00.000Z,music|official|2024,72432,4435,629,771,https://i.ytimg.com/vi/H2ACPJoXYDj/default.jpg,False,False,False,Auto-generated sample description for Entertainment video.
KaDjlZ51XHx,24.28.05,Reacting to Entertainment Trends,Channel_2051,12,2024-05-26T08:00:00.000Z,review|music|official,17162,627,112,212,https://i.ytimg.com/vi/rVIPPeQCesD/default.jpg,False,False,False,Auto-generated sample description for Entertainment video.
1TiGYyIebGU,24.27.12,Behind the Scenes: Howto & Style,Channel_4711,11,2024-12-24T17:00:00.000Z,live|official|2024,184,12,0,1,https://i.ytimg.com/vi/sszoEbeFP0F/default.jpg,False,False,False,Auto-generated sample description for Howto & Style video.
89CMK1yQ3Ki,24.11.07,Why This News & Politics Video Went Viral,Channel_2232,6,2024-07-08T16:00:00.000Z,trending|music|official,83448,1167,115,555,https://i.ytimg.com/vi/BncxPcA5n5L/default.jpg,False,False,False,Auto-generated sample description for News & Politics video.
-SrhwiC6Ph7,24.28.03,Behind the Scenes: Sports,Channel_828,10,2024-03-24T01:00:00.000Z,vlog|music|trending,16319,472,124,324,https://i.ytimg.com/vi/WY1aBNC915L/default.jpg,False,False,False,Auto-generated sample description for Sports video.
xtTMAEsooZc,25.13.01,Why This Comedy Video Went Viral,Channel_1350,9,2025-01-11T08:00:00.000Z,official|review|live,11262,680,47,83,https://i.ytimg.com/vi/Vbme0J1pQUX/default.jpg,False,False,False,Auto-generated sample description for Comedy video.
1TSgv3ypez5,24.27.01,Entertainment Compilation 2024,Channel_57,22,2024-01-26T08:00:00.000Z,live|2024|vlog,52267,1194,205,704,https://i.ytimg.com/vi/Sxc5QbxkNa3/default.jpg,False,False,False,Auto-generated sample description for Entertainment video.
W8WL0KlRY0c,24.01.04,Behind the Scenes: Entertainment,Channel_4261,22,2024-03-29T08:00:00.000Z,vlog|trending|official,23883,698,214,451,https://i.ytimg.com/vi/e0WK1h9vjg5/default.jpg,False,False,False,Auto-generated sample description for Entertainment video.
uy3dkr49BX0,24.07.03,Reacting to Entertainment Trends,Channel_2895,12,2024-03-05T00:00:00.000Z,2024|vlog|music,34394,2332,335,440,https://i.ytimg.com/vi/dMkISKAKeNn/default.jpg,False,False,False,Auto-generated sample description for Entertainment video.
ZaMIUT76fSH,24.02.09,Behind the Scenes: Comedy,Channel_644,9,2024-08-30T00:00:00.000Z,official|vlog|trending,2829,181,14,36,https://i.ytimg.com/vi/nV6_1j0eo2z/default.jpg,False,False,False,Auto-generated sample description for Comedy video.
SmJX7oqwVf6,24.23.09,Reacting to Music Trends,Channel_2658,5,2024-09-20T21:00:00.000Z,live|2024|vlog,14360,617,86,47,https://i.ytimg.com/vi/e9mB80VKioH/default.jpg,False,False,False,Auto-generated sample description for Music video.
mZ1B3oyx-cK,24.09.05,Official Music Highlights,Channel_4327,19,2024-05-09T13:00:00.000Z,music|live|2024,71142,2252,680,962,https://i.ytimg.com/vi/XWBTj6_f7R5/default.jpg,False,False,False,Auto-generated sample description for Music video.
UHln_BPtjb5,24.17.01,Top 10 Entertainment Moments This Week,Channel_4561,22,2024-01-14T14:00:00.000Z,music|trending|2024,109612,4088,254,214,https://i.ytimg.com/vi/aT8qx7hXWJ8/default.jpg,False,False,False,Auto-generated sample description for Entertainment video.
gJHa4gj6736,24.29.08,Official Entertainment Highlights,Channel_4248,12,2024-08-29T14:00:00.000Z,2024|vlog|music,26909,860,216,454,https://i.ytimg.com/vi/Ju-OiEVfjlY/default.jpg,False,False,False,Auto-generated sample description for Entertainment video.
9bIMLnoX0Of,24.13.02,Top 10 Entertainment Moments This Week,Channel_4775,22,2024-02-09T01:00:00.000Z,live|official|review,266297,4240,2162,2307,https://i.ytimg.com/vi/Pv0huVtj1HB/default.jpg,False,False,False,Auto-generated sample description for Entertainment video.
R-AMkIgXzvu,24.07.12,Comedy Compilation 2024,Channel_4939,9,2024-12-04T19:00:00.000Z,trending|2024|live,2693,110,25,25,https://i.ytimg.com/vi/Nenz0UhK-Pl/default.jpg,False,True,False,Auto-generated sample description for Comedy video.
iI9nM9U6Vdm,24.02.11,Entertainment Compilation 2024,Channel_3551,15,2024-11-02T01:00:00.000Z,music|vlog|2024,251006,19283,1621,2124,https://i.ytimg.com/vi/Eq8iYWIRKmE/default.jpg,True,False,False,Auto-generated sample description for Entertainment video.
UGZaC-dhPYl,25.15.01,Music Compilation 2024,Channel_4629,5,2025-01-14T02:00:00.000Z,2024|vlog|official,30908,1671,169,422,https://i.ytimg.com/vi/_BtY9EE7e_A/default.jpg,False,False,False,Auto-generated sample description for Music video.
2q_mi4DSK02,24.28.12,Behind the Scenes: Entertainment,Channel_4280,15,2024-12-28T15:00:00.000Z,music|vlog|2024,21476,1620,48,164,https://i.ytimg.com/vi/nOPxFfaDVrs/default.jpg,False,False,False,Auto-generated sample description for Entertainment video.
wRqREkpOnp3,24.13.09,Film & Animation Compilation 2024,Channel_4515,17,2024-09-09T06:00:00.000Z,vlog|trending|2024,46279,657,252,241,https://i.ytimg.com/vi/-ysFU8ZtUgB/default.jpg,False,False,False,Auto-generated sample description for Film & Animation video.
kEOE9HNS804,24.18.07,Why This Film & Animation Video Went Viral,Channel_4032,17,2024-07-16T11:00:00.000Z,2024|review|live,7108,226,62,111,https://i.ytimg.com/vi/fYp7J43WjnI/default.jpg,False,False,False,Auto-generated sample description for Film & Animation video.
9F4Py0l33yA,24.27.10,Music Compilation 2024,Channel_2448,19,2024-10-27T22:00:00.000Z,music|trending|live,81241,5692,97,655,https://i.ytimg.com/vi/ypoYZBucUBK/default.jpg,False,False,False,Auto-generated sample description for Music video.
QrCuCvJ_hUg,24.13.08,Reacting to Music Trends,Channel_3604,5,2024-08-09T05:00:00.000Z,vlog|review|official,110363,7323,1072,1593,https://i.ytimg.com/vi/Rqw_we4RPJv/default.jpg,False,True,False,Auto-generated sample description for Music video.
s6zsgnY3pfY,24.03.02,Why This Comedy Video Went Viral,Channel_3017,9,2024-02-02T00:00:00.000Z,official|review|live,121752,7133,1080,2139,https://i.ytimg.com/vi/i1C2K_TzfOd/default.jpg,False,False,False,Auto-generated sample description for Comedy video.
zZXI75X7kYm,24.22.06,Behind the Scenes: Music,Channel_195,19,2024-06-18T06:00:00.000Z,official|music|review,21084,998,140,152,https://i.ytimg.com/vi/OgleQgmJNzo/default.jpg,True,False,False,Auto-generated sample description for Music video.
-NPnCbE3-Xq,24.16.03,Official Entertainment Highlights,Channel_4943,15,2024-03-13T06:00:00.000Z,official|2024|live,22373,1532,44,149,https://i.ytimg.com/vi/CPCuruzg-p_/default.jpg,False,False,False,Auto-generated sample description for Entertainment video.
CEnvCUYTj0i,24.19.01,Behind the Scenes: Entertainment,Channel_1003,22,2024-01-15T17:00:00.000Z,review|official|trending,27946,1327,14,549,https://i.ytimg.com/vi/qfWG2uQjlTI/default.jpg,False,False,False,Auto-generated sample description for Entertainment video.
8jEPWjrwJ5C,24.03.11,Behind the Scenes: Music,Channel_911,19,2024-11-01T20:00:00.000Z,review|official|live,1604268,89050,10046,18244,https://i.ytimg.com/vi/1eCMAE5DKgn/default.jpg,False,False,False,Auto-generated sample description for Music video.
qXi_JnMMghO,24.30.01,Entertainment Compilation 2024,Channel_1125,12,2024-01-27T10:00:00.000Z,review|official|live,3994,309,6,47,https://i.ytimg.com/vi/HA5i9USXNzI/default.jpg,False,False,False,Auto-generated sample description for Entertainment video.
OW3yKXjGG6W,24.23.07,Top 10 Entertainment Moments This Week,Channel_4573,15,2024-07-19T03:00:00.000Z,trending|2024|vlog,43683,742,366,229,https://i.ytimg.com/vi/CwLLUckinpr/default.jpg,False,False,False,Auto-generated sample description for Entertainment video.
EAElTmyxElA,24.10.04,Autos & Vehicles Compilation 2024,Channel_2309,18,2024-04-06T09:00:00.000Z,2024|music|official,7591,512,31,55,https://i.ytimg.com/vi/lu2jr5L62iY/default.jpg,False,False,False,Auto-generated sample description for Autos & Vehicles video.
pMCT1gQTDux,24.03.10,Behind the Scenes: Film & Animation,Channel_923,1,2024-10-01T17:00:00.000Z,vlog|live|music,17306,237,97,176,https://i.ytimg.com/vi/ox6LHCLj54r/default.jpg,False,False,False,Auto-generated sample description for Film & Animation video.
vJwosztQ4K2,24.09.12,Entertainment Compilation 2024,Channel_270,12,2024-12-09T05:00:00.000Z,official|review|live,42426,2330,157,332,https://i.ytimg.com/vi/UBrPRdaBJNN/default.jpg,False,False,False,Auto-generated sample description for Entertainment video.
9dadHntlIO1,24.15.03,Behind the Scenes: Music,Channel_4224,5,2024-03-14T16:00:00.000Z,official|live|vlog,51718,2064,137,862,https://i.ytimg.com/vi/GCYt3BoEQcI/default.jpg,False,False,False,Auto-generated sample description for Music video.
a9oe_iD3JmT,24.04.09,Comedy Compilation 2024,Channel_2724,9,2024-09-04T19:00:00.000Z,music|review|2024,3095,198,6,51,https://i.ytimg.com/vi/J5YS_m4xA_9/default.jpg,False,False,False,Auto-generated sample description for Comedy video.
Cq6mt0JWdbm,24.16.06,Top 10 Film & Animation Moments This Week,Channel_3375,21,2024-06-14T16:00:00.000Z,trending|2024|vlog,11169,882,80,205,https://i.ytimg.com/vi/cLx9A_mqVv5/default.jpg,False,False,False,Auto-generated sample description for Film & Animation video.
ty_KIbPtlOW,24.18.11,Reacting to Entertainment Trends,Channel_1032,15,2024-11-15T20:00:00.000Z,official|live|2024,84320,4521,331,1603,https://i.ytimg.com/vi/mVv_pSgp7cW/default.jpg,False,False,False,Auto-generated sample description for Entertainment video.
C6dgwH9R4j_,24.28.08,Reacting to Entertainment Trends,Channel_2129,22,2024-08-25T01:00:00.000Z,live|official|vlog,2248,80,15,15,https://i.ytimg.com/vi/EHfeDL1xc8B/default.jpg,False,False,False,Auto-generated sample description for Entertainment video.
BfaZOQHcK5a,24.19.04,Behind the Scenes: Entertainment,Channel_181,22,2024-04-16T14:00:00.000Z,vlog|official|2024,72220,5696,624,901,https://i.ytimg.com/vi/dC5hd770wLV/default.jpg,False,False,False,Auto-generated sample description for Entertainment video.
zN_1GL3_sUA,24.19.07,Official Music Highlights,Channel_4125,19,2024-07-18T19:00:00.000Z,vlog|2024|review,382304,19678,3373,1213,https://i.ytimg.com/vi/GmwM506pqua/default.jpg,False,False,False,Auto-generated sample description for Music video.
750cLarzmhI,24.06.03,Behind the Scenes: Music,Channel_1006,19,2024-03-05T07:00:00.000Z,official|live|vlog,56460,2770,243,1119,https://i.ytimg.com/vi/7_YmEONfc7r/default.jpg,False,False,False,Auto-generated sample description for Music video.
z-aWNODUog7,24.01.09,Top 10 Music Moments This Week,Channel_853,5,2024-08-31T06:00:00.000Z,music|live|official,304165,6240,496,1717,https://i.ytimg.com/vi/pBtd9edqjh0/default.jpg,False,False,False,Auto-generated sample description for Music video.
8AZrWv97Lq4,24.28.09,Why This Comedy Video Went Viral,Channel_1735,9,2024-09-25T20:00:00.000Z,2024|music|official,38270,2086,229,478,https://i.ytimg.com/vi/whz6zYpIjeD/default.jpg,False,False,False,Auto-generated sample description for Comedy video.
2VjAOZ49Vq9,24.21.08,Why This Music Video Went Viral,Channel_4743,19,2024-08-21T10:00:00.000Z,live|music|2024,191151,7217,1811,3108,https://i.ytimg.com/vi/FkuOXhfimvO/default.jpg,False,False,False,Auto-generated sample description for Music video.
7YYg70X7VcN,24.12.05,Behind the Scenes: Sports,Channel_1744,10,2024-05-10T09:00:00.000Z,vlog|review|trending,485529,9664,2590,3478,https://i.ytimg.com/vi/V8i7fghFhsH/default.jpg,False,False,False,Auto-generated sample description for Sports video.
77jJcaTbzaI,24.27.09,Entertainment Compilation 2024,Channel_1227,12,2024-09-27T22:00:00.000Z,trending|live|2024,49400,1026,312,736,https://i.ytimg.com/vi/UrGMqmYn5YP/default.jpg,False,False,False,Auto-generated sample description for Entertainment video.
Q9MNkMlWT7W,24.27.02,Official Entertainment Highlights,Channel_679,22,2024-02-27T11:00:00.000Z,official|music|live,35425,1391,84,632,https://i.ytimg.com/vi/jDMpkXrUuvN/default.jpg,False,False,False,Auto-generated sample description for Entertainment video.
tpxECfqh0Gi,24.30.03,Why This Music Video Went Viral,Channel_3520,19,2024-03-27T00:00:00.000Z,official|vlog|review,87086,5689,623,1232,https://i.ytimg.com/vi/B7wL5exDamc/default.jpg,False,False,True,Auto-generated sample description for Music video.
26b5lrSj_Us,24.09.07,Reacting to Music Trends,Channel_2879,5,2024-07-05T22:00:00.000Z,live|music|trending,193327,7213,1646,1640,https://i.ytimg.com/vi/umBExmfufIt/default.jpg,False,False,False,Auto-generated sample description for Music video.
W_XxmXzrSbg,24.23.05,Music Compilation 2024,Channel_3125,19,2024-05-20T22:00:00.000Z,trending|live|official,13049,922,67,209,https://i.ytimg.com/vi/Hba8R8RtzHY/default.jpg,False,False,False,Auto-generated sample description for Music video.
5iSyVSYnsru,24.28.06,Behind the Scenes: Music,Channel_2179,19,2024-06-25T08:00:00.000Z,official|music|trending,162018,5711,405,951,https://i.ytimg.com/vi/vrunacuCwqr/default.jpg,False,False,False,Auto-generated sample description for Music video.
gHTOgC-MlWL,24.01.06,Behind the Scenes: Entertainment,Channel_2471,22,2024-06-01T10:00:00.000Z,live|official|trending,50335,1185,149,69,https://i.ytimg.com/vi/xzNCoCRwf2w/default.jpg,False,False,False,Auto-generated sample description for Entertainment video.
Kurfn5Dj0Ff,25.03.01,Behind the Scenes: Music,Channel_989,19,2025-01-01T09:00:00.000Z,vlog|live|official,12248,352,63,241,https://i.ytimg.com/vi/YMFTjdupjXI/default.jpg,False,False,False,Auto-generated sample description for Music video.
rsfp2W79YbF,24.20.06,Official Music Highlights,Channel_3167,5,2024-06-19T20:00:00.000Z,trending|live|music,59351,2018,512,367,https://i.ytimg.com/vi/c2yy30zRkqf/default.jpg,False,False,False,Auto-generated sample description for Music video.
bENGxTGkG1m,24.22.03,Music Compilation 2024,Channel_576,19,2024-03-22T15:00:00.000Z,review|vlog|music,59369,4211,214,1143,https://i.ytimg.com/vi/ysz9BhHu1KF/default.jpg,False,False,False,Auto-generated sample description for Music video.
XEMmtFN8s30,24.19.06,Reacting to Autos & Vehicles Trends,Channel_227,18,2024-06-15T21:00:00.000Z,vlog|trending|review,5175,109,33,64,https://i.ytimg.com/vi/UWZ2MxfUtk1/default.jpg,False,False,False,Auto-generated sample description for Autos & Vehicles video.
YhFpqjX2sPP,24.22.03,Official Entertainment Highlights,Channel_547,12,2024-03-22T08:00:00.000Z,review|2024|music,11139,672,12,75,https://i.ytimg.com/vi/ZhfJAOAhxE6/default.jpg,False,False,False,Auto-generated sample description for Entertainment video.
4DMQXcb3XCq,24.11.10,Music Compilation 2024,Channel_2001,19,2024-10-09T05:00:00.000Z,2024|official|live,15156,757,31,38,https://i.ytimg.com/vi/bxiL8a21cZM/default.jpg,False,False,False,Auto-generated sample description for Music video.
S3zz1UnAo95,24.24.10,Behind the Scenes: Entertainment,Channel_622,15,2024-10-22T14:00:00.000Z,official|live|review,229513,8376,329,3629,https://i.ytimg.com/vi/4oHlbHHhtcv/default.jpg,False,False,False,Auto-generated sample description for Entertainment video.
cTIl6J_lRhe,24.11.03,Behind the Scenes: Entertainment,Channel_1685,22,2024-03-07T14:00:00.000Z,2024|official|vlog,43893,1524,159,558,https://i.ytimg.com/vi/oFxz1OrrUrJ/default.jpg,False,False,False,Auto-generated sample description for Entertainment video.
AK25QXCMnzs,24.19.03,Entertainment Compilation 2024,Channel_967,22,2024-03-19T14:00:00.000Z,vlog|trending|music,36058,569,245,629,https://i.ytimg.com/vi/ASbHjSNRbax/default.jpg,False,False,False,Auto-generated sample description for Entertainment video.
y96zyHHLcZK,24.02.06,Why This Travel & Events Video Went Viral,Channel_2566,7,2024-05-29T20:00:00.000Z,2024|vlog|trending,5412,149,35,64,https://i.ytimg.com/vi/dArOsmvB2JY/default.jpg,False,False,False,Auto-generated sample description for Travel & Events video.
wccWIKjY6NA,24.01.05,Reacting to Entertainment Trends,Channel_2449,12,2024-05-01T00:00:00.000Z,music|vlog|review,11677,401,78,70,https://i.ytimg.com/vi/gbhlKMHIh2m/default.jpg,False,False,False,Auto-generated sample description for Entertainment video.
1zoMj5GYLvO,24.30.04,Official Music Highlights,Channel_1488,5,2024-04-28T04:00:00.000Z,music|live|2024,136151,4418,173,2537,https://i.ytimg.com/vi/8UtV3E0-_KL/default.jpg,False,False,False,Auto-generated sample description for Music video.
FKjnDsVCa_H,24.30.07,Why This Howto & Style Video Went Viral,Channel_1305,11,2024-07-28T13:00:00.000Z,vlog|official|review,3091,219,10,46,https://i.ytimg.com/vi/hJU_d5fjPyu/default.jpg,False,False,False,
KsY0DN-kgjr,24.01.10,Behind the Scenes: Travel & Events,Channel_415,7,2024-09-27T09:00:00.000Z,trending|vlog|review,20445,1378,115,170,https://i.ytimg.com/vi/4EVbZba1ZFT/default.jpg,False,False,False,Auto-generated sample description for Travel & Events video.
GUcqbT2SDvd,24.20.02,Entertainment Compilation 2024,Channel_957,15,2024-02-17T00:00:00.000Z,official|music|trending,35846,433,211,197,https://i.ytimg.com/vi/M7uenwDZbrR/default.jpg,False,False,False,Auto-generated sample description for Entertainment video.
UqwChm2k9vX,24.18.11,Behind the Scenes: Film & Animation,Channel_267,1,2024-11-18T07:00:00.000Z,live|official|2024,37675,2000,295,634,https://i.ytimg.com/vi/wfkLoXLryzX/default.jpg,False,False,False,Auto-generated sample description for Film & Animation video.
QzTGqOwBEOM,24.29.12,Reacting to Music Trends,Channel_2432,19,2024-12-27T00:00:00.000Z,vlog|2024|live,46307,3534,413,27,https://i.ytimg.com/vi/qUvFWISSoY7/default.jpg,False,False,False,Auto-generated sample description for Music video.
vqgDxuY6_en,25.26.01,Official Music Highlights,Channel_2933,5,2025-01-23T01:00:00.000Z,vlog|live|official,1505486,58898,10533,7577,https://i.ytimg.com/vi/gxm-jLWQmTE/default.jpg,False,False,False,Auto-generated sample description for Music video.
hliq52w0JIn,24.27.03,Official Comedy Highlights,Channel_4003,9,2024-03-23T03:00:00.000Z,official|music|vlog,7884,101,24,6,https://i.ytimg.com/vi/qZZoSuttAPn/default.jpg,False,False,False,Auto-generated sample description for Comedy video.
AOVMQSceraL,24.26.05,Music Compilation 2024,Channel_790,5,2024-05-26T04:00:00.000Z,official|trending|music,168220,8886,1155,2777,https://i.ytimg.com/vi/A3t95Tgd86B/default.jpg,False,False,False,Auto-generated sample description for Music video.
02y9QThsD2f,24.17.11,Entertainment Compilation 2024,Channel_4360,12,2024-11-17T19:00:00.000Z,live|vlog|official,39501,1843,243,627,https://i.ytimg.com/vi/QatPO5myw4i/default.jpg,False,False,False,Auto-generated sample description for Entertainment video.
J0uJRgBHMA9,24.15.09,Behind the Scenes: Music,Channel_4208,5,2024-09-13T14:00:00.000Z,vlog|review|2024,7976,120,70,85,https://i.ytimg.com/vi/kSzFEEfxICZ/default.jpg,False,False,False,Auto-generated sample description for Music video.
CdbQjxvquHs,24.25.05,Why This Entertainment Video Went Viral,Channel_810,22,2024-05-24T01:00:00.000Z,official|vlog|music,96108,7164,366,1507,https://i.ytimg.com/vi/6eDWlcXvLxg/default.jpg,False,False,False,Auto-generated sample description for Entertainment video.
15qZuXZY89h,24.27.08,Reacting to Entertainment Trends,Channel_3612,12,2024-08-24T00:00:00.000Z,vlog|official|music,26449,1080,33,418,https://i.ytimg.com/vi/WRkuKLmofQD/default.jpg,False,False,False,Auto-generated sample description for Entertainment video.
gNfLYnQ3G-o,24.18.01,Why This Entertainment Video Went Viral,Channel_2747,22,2024-01-14T21:00:00.000Z,music|trending|official,184259,2658,716,3307,https://i.ytimg.com/vi/WMDolaa39id/default.jpg,False,False,False,Auto-generated sample description for Entertainment video.
Z97jSrNlRF3,24.10.05,Behind the Scenes: People & Blogs,Channel_758,3,2024-05-07T01:00:00.000Z,vlog|trending|2024,5676,241,56,9,https://i.ytimg.com/vi/AsXcm58YecS/default.jpg,False,False,False,Auto-generated sample description for People & Blogs video.
F6x1pgxQRJU,24.16.10,Behind the Scenes: Music,Channel_3459,5,2024-10-12T06:00:00.000Z,official|review|trending,82754,5829,190,921,https://i.ytimg.com/vi/vXw35F-n9Bk/default.jpg,False,False,False,Auto-generated sample description for Music video.
P9lL1VE6hA2,24.15.10,Entertainment Compilation 2024,Channel_1868,22,2024-10-12T20:00:00.000Z,review|2024|vlog,14840,271,47,238,https://i.ytimg.com/vi/Asq1Leu7QEB/default.jpg,False,False,False,Auto-generated sample description for Entertainment video.
O0JU_6nspmk,24.12.07,Entertainment Compilation 2024,Channel_201,12,2024-07-08T00:00:00.000Z,trending|official|review,93175,4474,859,1627,https://i.ytimg.com/vi/TOrUXFFMiE5/default.jpg,False,False,False,Auto-generated sample description for Entertainment video.
3z2DMyjC1xF,24.25.05,Top 10 Music Moments This Week,Channel_4955,5,2024-05-23T08:00:00.000Z,official|review|live,4453,275,21,33,https://i.ytimg.com/vi/dsYJuQXxBGF/default.jpg,False,False,False,Auto-generated sample description for Music video.
u3WoEcH4V3V,24.07.07,Reacting to People & Blogs Trends,Channel_120,3,2024-07-04T04:00:00.000Z,vlog|music|2024,23950,1193,131,155,https://i.ytimg.com/vi/_2fSYg0Cowr/default.jpg,False,False,False,Auto-generated sample description for People & Blogs video.
rm0RaXjm-CY,25.29.01,Reacting to Entertainment Trends,Channel_2228,22,2025-01-25T06:00:00.000Z,trending|music|official,101109,2699,595,612,https://i.ytimg.com/vi/VVgevESor5u/default.jpg,False,False,False,Auto-generated sample description for Entertainment video.
XlFKpI9z4_v,24.03.07,Comedy Compilation 2024,Channel_1240,9,2024-07-03T10:00:00.000Z,vlog|2024|trending,99331,7707,728,1229,https://i.ytimg.com/vi/18YIqxAdJBq/default.jpg,False,False,False,Auto-generated sample description for Comedy video.
DAS0QTikZID,24.22.06,Official Entertainment Highlights,Channel_3200,12,2024-06-21T05:00:00.000Z,vlog|music|2024,190398,9469,1156,765,https://i.ytimg.com/vi/gu_vPaxRrw-/default.jpg,False,False,False,Auto-generated sample description for Entertainment video.
oTgPTKLNpnK,24.02.06,Why This Entertainment Video Went Viral,Channel_3723,22,2024-05-30T16:00:00.000Z,music|official|vlog,12751,342,87,100,https://i.ytimg.com/vi/qtiisRiwUBL/default.jpg,False,False,False,Auto-generated sample description for Entertainment video.
MLHv_IcEh5y,24.15.11,Behind the Scenes: Music,Channel_933,19,2024-11-13T05:00:00.000Z,live|vlog|2024,31459,2362,113,456,https://i.ytimg.com/vi/MA2BlbqDXwz/default.jpg,False,False,False,Auto-generated sample description for Music video.
fO8LonC8R4E,24.29.03,Behind the Scenes: Music,Channel_461,19,2024-03-29T00:00:00.000Z,music|2024|official,28029,927,85,435,https://i.ytimg.com/vi/j4BrMvK2tOg/default.jpg,False,False,False,Auto-generated sample description for Music video.
82U0lLXZi2W,24.01.04,Official Entertainment Highlights,Channel_4156,12,2024-03-29T18:00:00.000Z,review|trending|official,29134,583,192,129,https://i.ytimg.com/vi/Nj9_viZ947T/default.jpg,False,False,False,Auto-generated sample description for Entertainment video.
YsJf1IGsvF5,24.28.02,Behind the Scenes: Music,Channel_1902,19,2024-02-24T03:00:00.000Z,2024|official|music,22932,1720,201,390,https://i.ytimg.com/vi/RTaIv7mGjNp/default.jpg,False,False,False,Auto-generated sample description for Music video.
10pj_hKjSi0,24.25.08,Behind the Scenes: Entertainment,Channel_76,15,2024-08-25T03:00:00.000Z,music|review|trending,4977,241,26,73,https://i.ytimg.com/vi/0_YXkGXl2GO/default.jpg,False,False,False,Auto-generated sample description for Entertainment video.
-4_EopKJMqs,24.21.08,Behind the Scenes: Music,Channel_3827,5,2024-08-17T21:00:00.000Z,vlog|review|2024,11771,834,50,206,https://i.ytimg.com/vi/kdCttSKNDfU/default.jpg,False,False,False,Auto-generated sample description for Music video.
nwnHvleh_eU,24.08.03,Top 10 Entertainment Moments This Week,Channel_2048,15,2024-03-04T16:00:00.000Z,review|music|vlog,43110,2094,312,59,https://i.ytimg.com/vi/_Jdlx_tFCze/default.jpg,False,False,False,Auto-generated sample description for Entertainment video.
QhjhtZ0DznD,25.06.01,Top 10 Entertainment Moments This Week,Channel_451,22,2025-01-05T03:00:00.000Z,live|official|vlog,58686,2205,516,333,https://i.ytimg.com/vi/XKj3eOpFt4s/default.jpg,False,False,False,Auto-generated sample description for Entertainment video.
3afPZnTjNtJ,24.22.03,Top 10 Entertainment Moments This Week,Channel_1496,12,2024-03-21T21:00:00.000Z,review|live|music,8935,147,26,118,https://i.ytimg.com/vi/xGTjcqt0r1-/default.jpg,False,False,False,Auto-generated sample description for Entertainment video.
ri77ETCurgb,24.20.02,Top 10 Entertainment Moments This Week,Channel_806,15,2024-02-18T19:00:00.000Z,live|review|vlog,53868,3046,96,749,https://i.ytimg.com/vi/Y76PaCKiR3t/default.jpg,False,False,False,Auto-generated sample description for Entertainment video.
l-K170Gk4Id,24.01.07,Entertainment Compilation 2024,Channel_4052,12,2024-06-30T08:00:00.000Z,vlog|official|live,141865,8445,174,2766,https://i.ytimg.com/vi/6hpS6zODL4r/default.jpg,True,False,False,Auto-generated sample description for Entertainment video.
R2VgUwkMPqO,24.25.01,Official Music Highlights,Channel_2707,19,2024-01-23T19:00:00.000Z,review|2024|music,733549,47447,3991,9568,https://i.ytimg.com/vi/RxuU8KunqKJ/default.jpg,False,False,False,Auto-generated sample description for Music video.
CcOGhsnpe4W,24.24.11,Top 10 News & Politics Moments This Week,Channel_1107,16,2024-11-23T12:00:00.000Z,2024|music|review,12285,339,15,86,https://i.ytimg.com/vi/mnwpFdAs1G2/default.jpg,False,False,False,Auto-generated sample description for News & Politics video.
NGEGUvKVFvA,24.10.03,Top 10 Nonprofits & Activism Moments This Week,Channel_1852,13,2024-03-07T13:00:00.000Z,official|vlog|2024,1206,41,3,18,https://i.ytimg.com/vi/_qzd0qAxIo-/default.jpg,False,False,False,Auto-generated sample description for Nonprofits & Activism video.
zovK3rasbZk,24.21.04,Reacting to People & Blogs Trends,Channel_3159,3,2024-04-21T03:00:00.000Z,music|official|trending,2413,141,1,39,https://i.ytimg.com/vi/2LjVx-vZpEK/default.jpg,False,False,False,Auto-generated sample description for People & Blogs video.
1lpdl48TsZV,24.11.02,Comedy Compilation 2024,Channel_1736,9,2024-02-11T05:00:00.000Z,review|live|trending,4094,123,20,69,https://i.ytimg.com/vi/xC_mdqKaweL/default.jpg,False,False,False,Auto-generated sample description for Comedy video.
WhXqbq0X9pE,24.10.10,Behind the Scenes: Sports,Channel_1906,10,2024-10-06T03:00:00.000Z,live|official|2024,9496,509,81,139,https://i.ytimg.com/vi/I1yAdsQJ7F2/default.jpg,False,False,False,Auto-generated sample description for Sports video.
0nxczWPb-ES,24.08.05,Music Compilation 2024,Channel_2406,19,2024-05-04T05:00:00.000Z,official|trending|live,44626,2679,367,219,https://i.ytimg.com/vi/vJey7oB6Cou/default.jpg,False,False,False,Auto-generated sample description for Music video.
CZVIErmvq7R,24.25.09,Reacting to Entertainment Trends,Channel_4915,12,2024-09-21T16:00:00.000Z,official|trending|live,114616,4062,604,1690,https://i.ytimg.com/vi/GvXSax1UgYu/default.jpg,False,False,False,Auto-generated sample description for Entertainment video.
EMpYK66F6Q5,24.16.09,Entertainment Compilation 2024,Channel_183,12,2024-09-14T21:00:00.000Z,music|vlog|review,49536,1212,330,165,https://i.ytimg.com/vi/06SSNb3Kqja/default.jpg,False,False,False,Auto-generated sample description for Entertainment video.
QwtFv0jSwgJ,24.15.06,Why This Entertainment Video Went Viral,Channel_4109,12,2024-06-15T02:00:00.000Z,music|trending|2024,6028,480,24,16,https://i.ytimg.com/vi/aPAt06Hk-7l/default.jpg,False,False,False,Auto-generated sample description for Entertainment video.
b6mjyFLaX9Z,24.09.08,Why This Entertainment Video Went Viral,Channel_1440,12,2024-08-05T19:00:00.000Z,music|official|live,110828,4632,538,1640,https://i.ytimg.com/vi/KFudghFgw-2/default.jpg,False,False,False,Auto-generated sample description for Entertainment video.
hm6vjA_B5gQ,24.08.06,Reacting to Music Trends,Channel_2752,19,2024-06-06T01:00:00.000Z,live|music|vlog,27271,351,196,18,https://i.ytimg.com/vi/79gfkQkg_IS/default.jpg,False,False,False,Auto-generated sample description for Music video.
lizp7PFPsEa,24.23.07,Top 10 Music Moments This Week,Channel_3848,19,2024-07-22T12:00:00.000Z,official|music|trending,11657,806,77,97,https://i.ytimg.com/vi/sJi-bq2-BHQ/default.jpg,False,False,False,Auto-generated sample description for Music video.
x_YfH1FuLcy,24.17.02,Music Compilation 2024,Channel_2243,19,2024-02-14T13:00:00.000Z,2024|music|vlog,65803,2810,431,73,https://i.ytimg.com/vi/l1EAFwQhqgZ/default.jpg,False,False,False,Auto-generated sample description for Music video.
F-Hi1FcyZ7T,24.13.09,Top 10 News & Politics Moments This Week,Channel_960,6,2024-09-12T13:00:00.000Z,review|music|vlog,31403,2392,269,336,https://i.ytimg.com/vi/6bwTSDqZjK_/default.jpg,False,False,False,Auto-generated sample description for News & Politics video.
R0pW8_FrX05,24.29.05,Music Compilation 2024,Channel_2424,19,2024-05-29T00:00:00.000Z,review|vlog|2024,241221,15997,1176,4080,https://i.ytimg.com/vi/UDjhjqKXjii/default.jpg,False,False,False,Auto-generated sample description for Music video.
SahIct6LO4a,24.05.10,Behind the Scenes: Sports,Channel_333,10,2024-10-03T07:00:00.000Z,official|vlog|2024,23496,1437,18,387,https://i.ytimg.com/vi/LZlLdZPYXCd/default.jpg,False,False,False,Auto-generated sample description for Sports video.
8a3ePMwQef5,25.24.01,Behind the Scenes: Film & Animation,Channel_539,1,2025-01-20T22:00:00.000Z,official|vlog|2024,3016,44,11,24,https://i.ytimg.com/vi/ttB4Cl91eDK/default.jpg,False,False,False,Auto-generated sample description for Film & Animation video.
oxAjFkDoojW,25.10.01,Behind the Scenes: Film & Animation,Channel_4885,17,2025-01-06T05:00:00.000Z,music|live|vlog,12410,896,63,162,https://i.ytimg.com/vi/_Oo6ZsU4yZJ/default.jpg,False,False,False,Auto-generated sample description for Film & Animation video.
ChJwRZp-TBk,24.02.11,Why This Film & Animation Video Went Viral,Channel_1150,1,2024-11-02T02:00:00.000Z,music|trending|official,13830,981,78,73,https://i.ytimg.com/vi/uJBn2mGJH9J/default.jpg,False,False,False,Auto-generated sample description for Film & Animation video.
SqbGx8bn965,24.21.04,Official Music Highlights,Channel_3522,5,2024-04-21T09:00:00.000Z,2024|review|official,76393,5257,670,891,https://i.ytimg.com/vi/j8izwsCnSNy/default.jpg,False,False,False,Auto-generated sample description for Music video.
FbrHqbFU69i,24.23.02,People & Blogs Compilation 2024,Channel_2896,3,2024-02-22T21:00:00.000Z,music|review|2024,10444,718,24,21,https://i.ytimg.com/vi/3qLGWW7wSVF/default.jpg,False,False,False,Auto-generated sample description for People & Blogs video.
E4zDBGhofPj,24.28.01,Reacting to Entertainment Trends,Channel_1220,15,2024-01-27T06:00:00.000Z,2024|music|live,28765,350,158,433,https://i.ytimg.com/vi/w899QN17Ebh/default.jpg,False,False,False,Auto-generated sample description for Entertainment video.
nyq6pi3ACZy,24.25.08,Reacting to News & Politics Trends,Channel_1374,6,2024-08-24T11:00:00.000Z,review|2024|vlog,7004,396,61,54,https://i.ytimg.com/vi/CSV7tvDNdnI/default.jpg,False,False,False,Auto-generated sample description for News & Politics video.
U--VNIvktQR,25.18.01,Nonprofits & Activism Compilation 2024,Channel_3996,20,2025-01-18T18:00:00.000Z,vlog|review|official,26788,727,17,519,https://i.ytimg.com/vi/8-lxJBDjoMs/default.jpg,False,False,False,Auto-generated sample description for Nonprofits & Activism video.
19PMxTx38Z4,24.05.04,Behind the Scenes: Entertainment,Channel_3619,12,2024-04-03T15:00:00.000Z,music|trending|official,65724,1558,577,229,https://i.ytimg.com/vi/kKCFHqYVpYh/default.jpg,False,False,False,Auto-generated sample description for Entertainment video.
kwfoCRiQ7dk,24.30.03,Official Howto & Style Highlights,Channel_1681,11,2024-03-28T03:00:00.000Z,review|music|official,16291,805,96,285,https://i.ytimg.com/vi/m3xhFFuRXjw/default.jpg,False,False,False,Auto-generated sample description for Howto & Style video.
pKTcyU9KfMX,24.26.07,Top 10 Entertainment Moments This Week,Channel_1090,15,2024-07-26T21:00:00.000Z,vlog|review|trending,83527,3702,470,833,https://i.ytimg.com/vi/I0rlKlutvs-/default.jpg,False,False,False,Auto-generated sample description for Entertainment video.
8x40zEXOtO8,24.18.08,Music Compilation 2024,Channel_1388,19,2024-08-16T15:00:00.000Z,vlog|trending|live,16467,841,15,25,https://i.ytimg.com/vi/yVeQYmkb9b5/default.jpg,False,False,False,Auto-generated sample description for Music video.
g04lTpwVfBB,24.17.06,Reacting to Music Trends,Channel_4661,19,2024-06-17T16:00:00.000Z,music|trending|review,157968,4643,989,2843,https://i.ytimg.com/vi/tms8hxgGiGJ/default.jpg,False,False,False,Auto-generated sample description for Music video.
bHNf64JFBGz,24.15.08,News & Politics Compilation 2024,Channel_4768,6,2024-08-14T03:00:00.000Z,vlog|live|official,1688,106,14,18,https://i.ytimg.com/vi/qaWOn7VxZhk/default.jpg,False,False,False,Auto-generated sample description for News & Politics video.
3dd9_SUfmkl,25.16.01,Why This Music Video Went Viral,Channel_2787,19,2025-01-16T04:00:00.000Z,vlog|2024|music,31957,2035,40,614,https://i.ytimg.com/vi/EKYd44jV6an/default.jpg,False,False,False,Auto-generated sample description for Music video.
5MPLFfCfM2J,24.27.12,Why This Entertainment Video Went Viral,Channel_3629,15,2024-12-23T03:00:00.000Z,official|2024|music,102785,7925,483,680,https://i.ytimg.com/vi/UJQit8gj23W/default.jpg,False,False,False,Auto-generated sample description for Entertainment video.
IERoTa_iAHJ,24.21.08,Reacting to Gaming Trends,Channel_1661,23,2024-08-19T17:00:00.000Z,music|trending|review,52440,1932,418,799,https://i.ytimg.com/vi/59tTC9V1kDe/default.jpg,True,False,False,Auto-generated sample description for Gaming video.
MYffn3ZZVUR,25.04.01,Why This Entertainment Video Went Viral,Channel_4642,15,2025-01-03T04:00:00.000Z,music|official|trending,13464,882,122,216,https://i.ytimg.com/vi/EVL7eZIrXVt/default.jpg,False,False,False,Auto-generated sample description for Entertainment video.
rWo_ZyD6s7D,24.06.07,Top 10 Comedy Moments This Week,Channel_3737,9,2024-07-02T11:00:00.000Z,music|2024|official,32517,877,293,130,https://i.ytimg.com/vi/qF9cbwuUjB1/default.jpg,False,False,False,Auto-generated sample description for Comedy video.
97sY5d6ncaR,24.11.04,Why This Music Video Went Viral,Channel_1592,19,2024-04-11T20:00:00.000Z,vlog|review|trending,43985,3425,143,161,https://i.ytimg.com/vi/S12_MJtmCeM/default.jpg,True,False,False,Auto-generated sample description for Music video.
pmo0n8D6LxH,24.08.03,People & Blogs Compilation 2024,Channel_505,3,2024-03-05T08:00:00.000Z,music|2024|official,14996,456,85,111,https://i.ytimg.com/vi/U6d8LE1jO7H/default.jpg,False,False,False,Auto-generated sample description for People & Blogs video.
N-Pri98XqdU,24.19.11,Top 10 Music Moments This Week,Channel_4024,19,2024-11-17T06:00:00.000Z,vlog|trending|2024,297156,14884,2822,4484,https://i.ytimg.com/vi/YJVGc2RC-Ss/default.jpg,False,False,False,"Auto-generated sample description for Music video.
Second line inside a quoted CSV field."
L45pTei5MF4,24.30.07,Top 10 Entertainment Moments This Week,Channel_3271,15,2024-07-29T13:00:00.000Z,official|review|live,109599,4813,171,1162,https://i.ytimg.com/vi/RicCFFqBd0j/default.jpg,False,False,False,Auto-generated sample description for Entertainment video.
wHUM3WQyDCQ,24.09.10,Official Music Highlights,Channel_1977,5,2024-10-09T13:00:00.000Z,vlog|trending|live,1861,66,10,13,https://i.ytimg.com/vi/3FDQiPHDamG/default.jpg,False,False,False,Auto-generated sample description for Music video.
CHn0NMn2-WW,24.11.03,Education Compilation 2024,Channel_2262,2,2024-03-09T21:00:00.000Z,trending|live|music,1419,74,7,10,https://i.ytimg.com/vi/oxLhyMGOEGW/default.jpg,False,False,False,Auto-generated sample description for Education video.
zFCa2Z2hb-M,24.28.11,Official People & Blogs Highlights,Channel_3540,3,2024-11-26T20:00:00.000Z,review|music|vlog,3964,239,11,22,https://i.ytimg.com/vi/_YX9CK960GD/default.jpg,False,False,False,Auto-generated sample description for People & Blogs video.
Cs8y95x7LWL,24.15.10,Reacting to Music Trends,Channel_144,5,2024-10-15T00:00:00.000Z,review|music|official,39538,1394,257,581,https://i.ytimg.com/vi/IG58Dzy-wdR/default.jpg,False,False,False,Auto-generated sample description for Music video.
YJyD5wNgPx1,25.30.01,Behind the Scenes: Education,Channel_2698,14,2025-01-30T03:00:00.000Z,music|2024|review,89763,4239,849,226,https://i.ytimg.com/vi/jIts7WnsnU1/default.jpg,False,False,False,Auto-generated sample description for Education video.
20MUhuFxDka,24.03.06,Reacting to Music Trends,Channel_4466,19,2024-05-31T22:00:00.000Z,2024|live|review,36887,1670,118,429,https://i.ytimg.com/vi/ol_p7pd_N5R/default.jpg,False,False,False,Auto-generated sample description for Music video.
82OTqqHxgGJ,24.22.01,Official Music Highlights,Channel_3411,5,2024-01-20T02:00:00.000Z,trending|2024|vlog,41745,1358,31,669,https://i.ytimg.com/vi/UKQroe4reZJ/default.jpg,False,False,False,Auto-generated sample description for Music video.
eODD0v0-vLr,24.23.04,Music Compilation 2024,Channel_3051,5,2024-04-22T01:00:00.000Z,official|vlog|music,54987,2123,335,1071,https://i.ytimg.com/vi/VxMVnK7_2bt/default.jpg,False,False,False,Auto-generated sample description for Music video.
52koYdpGCrB,24.14.08,Official Film & Animation Highlights,Channel_1148,21,2024-08-14T11:00:00.000Z,2024|music|vlog,54654,3520,245,654,https://i.ytimg.com/vi/GRKSg9A4GMy/default.jpg,False,False,False,Auto-generated sample description for Film & Animation video.
JPYzOzyRbl-,24.19.03,Howto & Style Compilation 2024,Channel_3053,8,2024-03-17T13:00:00.000Z,2024|trending|review,57105,1382,175,237,https://i.ytimg.com/vi/LUp1OzUB_H7/default.jpg,False,False,False,Auto-generated sample description for Howto & Style video.
IkwsKD1Mn_O,24.10.07,Film & Animation Compilation 2024,Channel_2442,21,2024-07-09T15:00:00.000Z,review|official|live,10121,268,18,141,https://i.ytimg.com/vi/0Rsf2KbDv2j/default.jpg,False,False,False,Auto-generated sample description for Film & Animation video.
geRDOzRY1Aa,24.24.08,Why This Music Video Went Viral,Channel_3087,5,2024-08-22T15:00:00.000Z,2024|review|trending,5292,357,4,40,https://i.ytimg.com/vi/7lQrncFSBy4/default.jpg,False,False,False,Auto-generated sample description for Music video.
kiO1E173vLg,24.10.07,Top 10 Entertainment Moments This Week,Channel_2296,22,2024-07-08T00:00:00.000Z,official|review|live,24354,1061,205,129,https://i.ytimg.com/vi/3TIGv1_oLMQ/default.jpg,False,False,False,Auto-generated sample description for Entertainment video.
k5vDE1Ug4pX,24.04.09,Behind the Scenes: Music,Channel_4795,19,2024-08-31T16:00:00.000Z,vlog|trending|music,37773,2178,285,337,https://i.ytimg.com/vi/zM0NiX4b_DE/default.jpg,False,False,False,Auto-generated sample description for Music video.
5kMMgoYVaRj,24.12.09,Top 10 Music Moments This Week,Channel_2039,5,2024-09-08T06:00:00.000Z,live|2024|official,321325,15537,2983,1940,https://i.ytimg.com/vi/RMt2AituOls/default.jpg,False,False,False,Auto-generated sample description for Music video.
VVV80v5HED4,24.07.08,Howto & Style Compilation 2024,Channel_4776,11,2024-08-04T17:00:00.000Z,live|review|2024,212796,16271,1519,2136,https://i.ytimg.com/vi/HnvQdqKePqu/default.jpg,False,False,False,Auto-generated sample description for Howto & Style video.
RGZeJ_w8G08,24.21.09,Why This Howto & Style Video Went Viral,Channel_2430,11,2024-09-20T19:00:00.000Z,live|review|official,1886,58,13,4,https://i.ytimg.com/vi/sc2QiDpcTpf/default.jpg,False,False,False,Auto-generated sample description for Howto & Style video.
uQBw-jchU4O,24.01.02,Reacting to Music Trends,Channel_1152,5,2024-02-01T04:00:00.000Z,official|vlog|live,210960,14721,1070,3529,https://i.ytimg.com/vi/FgHdauk2O1g/default.jpg,False,False,False,Auto-generated sample description for Music video.
T0moqVagu7T,24.10.01,Top 10 Entertainment Moments This Week,Channel_1114,12,2024-01-10T16:00:00.000Z,vlog|official|trending,11795,846,78,10,https://i.ytimg.com/vi/rM7htJit7PY/default.jpg,False,False,False,Auto-generated sample description for Entertainment video.
ybuLhQfSj2s,24.08.06,Why This Music Video Went Viral,Channel_4416,19,2024-06-07T07:00:00.000Z,trending|music|official,287972,16958,824,2896,https://i.ytimg.com/vi/ILKzh-KGaK6/default.jpg,False,False,False,Auto-generated sample description for Music video.
_jfuLRXC8wr,24.19.10,Why This Music Video Went Viral,Channel_4778,19,2024-10-18T06:00:00.000Z,vlog|official|live,158615,3615,1517,1057,https://i.ytimg.com/vi/fAscMfaPW_W/default.jpg,False,False,False,Auto-generated sample description for Music video.
AU7ZH9eRqz-,24.09.11,Official Music Highlights,Channel_2735,5,2024-11-05T08:00:00.000Z,review|2024|music,274444,16816,147,1052,https://i.ytimg.com/vi/Pmv8Frg-oFI/default.jpg,False,False,False,Auto-generated sample description for Music video.
pdecMFONmhl,24.06.01,Reacting to Music Trends,Channel_2997,19,2024-01-05T20:00:00.000Z,official|music|review,40451,2706,259,153,https://i.ytimg.com/vi/EngkHw6sOmQ/default.jpg,False,False,False,Auto-generated sample description for Music video.
Npwz_RJsAy5,24.10.07,Top 10 Comedy Moments This Week,Channel_4635,9,2024-07-10T19:00:00.000Z,music|trending|review,1223,27,4,13,https://i.ytimg.com/vi/ZDN1bOliAUv/default.jpg,False,False,False,Auto-generated sample description for Comedy video.
JQGINJDG6_C,24.19.04,People & Blogs Compilation 2024,Channel_1203,3,2024-04-19T10:00:00.000Z,live|music|review,59060,4349,50,894,https://i.ytimg.com/vi/aaboy5x-jhG/default.jpg,False,False,False,Auto-generated sample description for People & Blogs video.
6qZrco29SZZ,25.13.01,Music Compilation 2024,Channel_2799,5,2025-01-10T20:00:00.000Z,vlog|2024|official,92574,1652,251,105,https://i.ytimg.com/vi/2ahxyBimEM3/default.jpg,False,False,False,Auto-generated sample description for Music video.
_bwBFBxC43Q,24.03.10,Behind the Scenes: Entertainment,Channel_4022,12,2024-09-29T07:00:00.000Z,official|music|2024,4679,355,45,74,https://i.ytimg.com/vi/KmHHyd4yLSR/default.jpg,False,False,False,Auto-generated sample description for Entertainment video.
Nr14-3NpyFb,24.03.10,Why This People & Blogs Video Went Viral,Channel_1567,3,2024-10-01T01:00:00.000Z,review|vlog|trending,30719,353,303,387,https://i.ytimg.com/vi/T5IaXJjefoJ/default.jpg,False,False,False,Auto-generated sample description for People & Blogs video.
of8nHpZDf-X,24.01.03,Top 10 Music Moments This Week,Channel_4216,5,2024-02-29T08:00:00.000Z,trending|2024|music,85214,5836,435,681,https://i.ytimg.com/vi/_Po0MKWRRe1/default.jpg,False,False,False,Auto-generated sample description for Music video.
wrKNcDlURCD,25.28.01,Entertainment Compilation 2024,Channel_3050,12,2025-01-25T08:00:00.000Z,official|review|live,32273,2237,132,274,https://i.ytimg.com/vi/cUIroit_wZp/default.jpg,False,False,False,Auto-generated sample description for Entertainment video.
oLfgiPQ3L1D,24.04.04,Top 10 Entertainment Moments This Week,Channel_2340,22,2024-04-03T10:00:00.000Z,live|official|trending,38815,1553,108,203,https://i.ytimg.com/vi/AbwlNCgXPR2/default.jpg,False,False,False,Auto-generated sample description for Entertainment video.
W-hJhLqCoX0,24.09.02,Top 10 News & Politics Moments This Week,Channel_907,16,2024-02-09T03:00:00.000Z,review|music|vlog,69551,2880,71,629,https://i.ytimg.com/vi/C03_pq9j85U/default.jpg,False,False,False,Auto-generated sample description for News & Politics video.
jcXBo5PzQ2M,24.25.03,Official Entertainment Highlights,Channel_1731,22,2024-03-21T16:00:00.000Z,trending|vlog|2024,13844,554,7,145,https://i.ytimg.com/vi/kAWm7Bia5yC/default.jpg,False,False,False,Auto-generated sample description for Entertainment video.
pnSlFIECmIK,24.27.11,Official People & Blogs Highlights,Channel_1078,3,2024-11-27T14:00:00.000Z,vlog|review|trending,4179,122,30,53,https://i.ytimg.com/vi/f10lkdooKpK/default.jpg,False,False,False,Auto-generated sample description for People & Blogs video.
DnbTWcG0wOn,24.22.08,Entertainment Compilation 2024,Channel_3296,22,2024-08-21T07:00:00.000Z,music|vlog|official,10237,217,13,192,https://i.ytimg.com/vi/vPVVNdzdpsd/default.jpg,False,False,False,Auto-generated sample description for Entertainment video.
DRxA1KywZ14,24.31.10,Official Music Highlights,Channel_1950,5,2024-10-31T13:00:00.000Z,2024|live|trending,672853,33102,5899,9257,https://i.ytimg.com/vi/NHoc3UfoJ_4/default.jpg,False,False,False,Auto-generated sample description for Music video.
TXVqrs6KAp7,24.23.12,Top 10 Howto & Style Moments This Week,Channel_1466,8,2024-12-21T04:00:00.000Z,vlog|music|review,2417,30,3,9,https://i.ytimg.com/vi/xkAyvX1sRPq/default.jpg,False,False,False,Auto-generated sample description for Howto & Style video.
0E0L_zAL946,24.05.11,Top 10 Music Moments This Week,Channel_2682,5,2024-11-04T10:00:00.000Z,vlog|official|2024,50182,2883,88,477,https://i.ytimg.com/vi/TrOAUj9Crhx/default.jpg,False,False,False,Auto-generated sample description for Music video.
z3M9IbtDkq8,24.29.12,Top 10 Entertainment Moments This Week,Channel_622,12,2024-12-28T21:00:00.000Z,official|music|trending,48387,1864,260,142,https://i.ytimg.com/vi/tAWPGdBKlDU/default.jpg,False,False,False,Auto-generated sample description for Entertainment video.
1GdnUJrXqsx,24.02.09,Reacting to Music Trends,Channel_4463,5,2024-09-02T21:00:00.000Z,official|music|review,157274,3450,953,689,https://i.ytimg.com/vi/OlVxJ0Pb1YN/default.jpg,False,False,False,
idksM_JWER4,24.08.01,Reacting to Music Trends,Channel_327,19,2024-01-07T14:00:00.000Z,trending|live|review,10771,176,37,190,https://i.ytimg.com/vi/jwudtq71Wno/default.jpg,False,False,False,Auto-generated sample description for Music video.
tQVX_7Ur_e5,24.19.01,Official Music Highlights,Channel_377,19,2024-01-17T13:00:00.000Z,review|live|music,8447,186,71,139,https://i.ytimg.com/vi/FN1bp_7iVWY/default.jpg,False,False,False,Auto-generated sample description for Music video.
rHS3PzZxC6y,24.01.07,Official Sports Highlights,Channel_2144,10,2024-06-27T18:00:00.000Z,review|vlog|live,15576,488,35,239,https://i.ytimg.com/vi/z5EnwZA_qys/default.jpg,False,False,False,Auto-generated sample description for Sports video.
rJzrM3qtVrE,24.24.01,Reacting to Music Trends,Channel_1331,19,2024-01-22T10:00:00.000Z,2024|official|review,58548,2861,570,219,https://i.ytimg.com/vi/59ho21mWjJW/default.jpg,False,False,False,Auto-generated sample description for Music video.
TDCDI4Gz9lx,24.30.06,Behind the Scenes: Music,Channel_1621,5,2024-06-27T20:00:00.000Z,music|live|vlog,146975,6157,693,1501,https://i.ytimg.com/vi/WzrCsqDmRNh/default.jpg,False,False,False,Auto-generated sample description for Music video.
JUioOG2ukcv,25.20.01,Reacting to People & Blogs Trends,Channel_2592,3,2025-01-17T22:00:00.000Z,review|music|live,3971,82,35,77,https://i.ytimg.com/vi/MI5n0jmi4Ww/default.jpg,False,False,False,Auto-generated sample description for People & Blogs video.
7-2N_cLqBz2,24.26.05,Official Music Highlights,Channel_1736,5,2024-05-24T14:00:00.000Z,trending|vlog|official,89443,1316,285,1417,https://i.ytimg.com/vi/eN73PF6qsyj/default.jpg,False,False,False,Auto-generated sample description for Music video.
Rs1oMn6FM_2,24.08.11,Top 10 Comedy Moments This Week,Channel_2367,9,2024-11-04T00:00:00.000Z,vlog|live|review,33338,1197,296,178,https://i.ytimg.com/vi/tOTtVTTND6a/default.jpg,False,False,False,Auto-generated sample description for Comedy video.
SI7wcdOarL1,24.04.05,Behind the Scenes: People & Blogs,Channel_5000,3,2024-05-03T05:00:00.000Z,official|live|vlog,9880,775,16,159,https://i.ytimg.com/vi/bz1ccfJwhgE/default.jpg,False,False,False,Auto-generated sample description for People & Blogs video.
jzabOSJKTKW,24.08.06,Music Compilation 2024,Channel_4844,5,2024-06-08T05:00:00.000Z,2024|trending|official,113689,8637,761,646,https://i.ytimg.com/vi/xtg7_FDRkR6/default.jpg,False,False,False,Auto-generated sample description for Music video.
4bHK7YbuBAi,24.30.01,Reacting to Sports Trends,Channel_249,10,2024-01-30T06:00:00.000Z,music|official|vlog,19538,338,130,172,https://i.ytimg.com/vi/eIaGEadYetE/default.jpg,False,False,False,Auto-generated sample description for Sports video.
cSCxu_vAIcy,24.15.03,Entertainment Compilation 2024,Channel_919,22,2024-03-11T10:00:00.000Z,live|trending|review,38664,2192,347,235,https://i.ytimg.com/vi/-tBIvLWkHgw/default.jpg,False,False,False,Auto-generated sample description for Entertainment video.
zu3d1R7ifP2,24.23.09,Official Entertainment Highlights,Channel_4254,22,2024-09-22T05:00:00.000Z,live|review|official,80885,6153,108,1174,https://i.ytimg.com/vi/9XUInB_Pm7u/default.jpg,False,False,False,Auto-generated sample description for Entertainment video.
JT-VSkesoXS,24.08.02,Why This Gaming Video Went Viral,Channel_3072,23,2024-02-06T17:00:00.000Z,2024|music|review,11184,364,41,163,https://i.ytimg.com/vi/dnG0LVr4MCN/default.jpg,False,False,False,Auto-generated sample description for Gaming video.
bZBpZ9R9ajc,24.24.08,Top 10 Music Moments This Week,Channel_468,5,2024-08-23T07:00:00.000Z,review|2024|official,99307,5646,402,307,https://i.ytimg.com/vi/OjpCF9gp6Qt/default.jpg,False,False,False,Auto-generated sample description for Music video.
aBLkXCqw9M2,24.05.08,Top 10 Film & Animation Moments This Week,Channel_4873,1,2024-08-01T13:00:00.000Z,review|official|live,28629,1328,205,289,https://i.ytimg.com/vi/-d5fUFq163N/default.jpg,False,False,False,Auto-generated sample description for Film & Animation video.
SM02D2V6_TH,24.12.11,Why This Entertainment Video Went Viral,Channel_3481,15,2024-11-12T08:00:00.000Z,music|official|live,157544,8891,134,874,https://i.ytimg.com/vi/qi9aBOP6-jc/default.jpg,False,False,False,Auto-generated sample description for Entertainment video.
dokCHos33Qs,24.23.04,Reacting to Entertainment Trends,Channel_4588,15,2024-04-21T18:00:00.000Z,music|2024|trending,49753,2022,462,938,https://i.ytimg.com/vi/92BZwFuGzrh/default.jpg,False,False,False,Auto-generated sample description for Entertainment video.
hdRTJZC3QXT,25.19.01,Official Howto & Style Highlights,Channel_1429,8,2025-01-17T18:00:00.000Z,vlog|review|trending,28048,504,236,345,https://i.ytimg.com/vi/xjMzOMykRy1/default.jpg,False,False,False,Auto-generated sample description for Howto & Style video.
jhKsF0BSZQ7,24.14.05,Why This Music Video Went Viral,Channel_757,19,2024-05-14T19:00:00.000Z,2024|official|trending,263925,8518,2295,728,https://i.ytimg.com/vi/PD3XtDViNRM/default.jpg,False,False,False,Auto-generated sample description for Music video.
WqJjh4IYzj7,24.24.01,Reacting to Entertainment Trends,Channel_459,22,2024-01-24T19:00:00.000Z,trending|2024|live,10560,135,71,136,https://i.ytimg.com/vi/LBjF2jmB2Sc/default.jpg,False,False,False,Auto-generated sample description for Entertainment video.
SOImZ_LEzYz,24.10.09,Official Howto & Style Highlights,Channel_1989,11,2024-09-07T22:00:00.000Z,official|live|review,131785,10387,907,2456,https://i.ytimg.com/vi/hgbi6_aiyiQ/default.jpg,False,False,False,Auto-generated sample description for Howto & Style video.
LuVAMN2HnqR,24.06.12,Top 10 Entertainment Moments This Week,Channel_1448,22,2024-12-06T15:00:00.000Z,vlog|official|review,10437,826,53,103,https://i.ytimg.com/vi/4fhrGAe-wf7/default.jpg,False,False,False,Auto-generated sample description for Entertainment video.
ugQIZ9-twc7,24.07.04,Official Music Highlights,Channel_1355,5,2024-04-03T05:00:00.000Z,official|music|2024,87472,4454,57,914,https://i.ytimg.com/vi/50GSzH3qi8l/default.jpg,False,False,False,Auto-generated sample description for Music video.
-Kfs2CVAyQN,24.18.10,Behind the Scenes: Entertainment,Channel_3419,12,2024-10-18T09:00:00.000Z,review|vlog|live,139651,10177,777,2596,https://i.ytimg.com/vi/ddNDr5bLJL2/default.jpg,False,False,False,Auto-generated sample description for Entertainment video.
AasvUGUryTG,24.15.07,Behind the Scenes: Music,Channel_3265,5,2024-07-14T00:00:00.000Z,vlog|review|music,59366,3533,105,1112,https://i.ytimg.com/vi/qONFPdn_Du2/default.jpg,False,True,False,Auto-generated sample description for Music video.
iKrEQVX0ONb,24.27.02,Behind the Scenes: Entertainment,Channel_2291,15,2024-02-23T04:00:00.000Z,trending|live|2024,3776,148,30,31,https://i.ytimg.com/vi/XFDIvKiBMYO/default.jpg,False,False,False,Auto-generated sample description for Entertainment video.
ouZZeK7nRTB,24.08.02,Top 10 Music Moments This Week,Channel_264,5,2024-02-08T12:00:00.000Z,2024|music|vlog,83953,6336,272,1632,https://i.ytimg.com/vi/lO-K8OVAgll/default.jpg,False,False,False,Auto-generated sample description for Music video.
hE8a9Qy6gb2,24.24.08,Why This Entertainment Video Went Viral,Channel_2338,15,2024-08-23T16:00:00.000Z,2024|review|music,45409,3172,103,812,https://i.ytimg.com/vi/Ai_5og1-_9j/default.jpg,False,False,False,Auto-generated sample description for Entertainment video.
eDYaY8sAxU3,24.19.04,Behind the Scenes: Music,Channel_3936,5,2024-04-16T19:00:00.000Z,review|live|2024,448959,30466,4113,1501,https://i.ytimg.com/vi/BIh1Az3slZd/default.jpg,False,False,False,Auto-generated sample description for Music video.
tL9k5FuSTcx,24.15.07,Reacting to Entertainment Trends,Channel_3543,12,2024-07-14T10:00:00.000Z,vlog|trending|review,36473,1550,170,414,https://i.ytimg.com/vi/hcbZHOhX9Zw/default.jpg,False,False,False,Auto-generated sample description for Entertainment video.
u-nCp30teE3,25.24.01,Official Music Highlights,Channel_3914,19,2025-01-20T04:00:00.000Z,review|2024|trending,305518,6850,706,4253,https://i.ytimg.com/vi/SD6zHdDpvRu/default.jpg,False,False,False,Auto-generated sample description for Music video.
Q93olw0N0HB,24.05.08,Why This Howto & Style Video Went Viral,Channel_4724,11,2024-08-05T22:00:00.000Z,music|trending|official,9279,711,39,129,https://i.ytimg.com/vi/VxF2fy485_S/default.jpg,False,False,False,Auto-generated sample description for Howto & Style video.
zoVY_H4YsVa,24.08.02,Behind the Scenes: Entertainment,Channel_3318,15,2024-02-07T02:00:00.000Z,2024|vlog|live,9223,650,9,167,https://i.ytimg.com/vi/JXHiyGs3jz3/default.jpg,False,False,False,Auto-generated sample description for Entertainment video.
g1aZIXG4VHH,24.28.08,Official Gaming Highlights,Channel_1108,23,2024-08-26T13:00:00.000Z,trending|review|official,114425,5765,1045,1462,https://i.ytimg.com/vi/fTH0O29J59D/default.jpg,False,False,False,Auto-generated sample description for Gaming video.
J2UTJCs-nGK,24.04.07,Official Entertainment Highlights,Channel_2940,22,2024-07-01T13:00:00.000Z,live|2024|official,52933,4134,515,140,https://i.ytimg.com/vi/62gR2y0QLdI/default.jpg,False,False,False,Auto-generated sample description for Entertainment video.
K-6KOIDrHJg,24.12.11,Official Gaming Highlights,Channel_1973,23,2024-11-08T13:00:00.000Z,official|music|trending,4750,374,21,28,https://i.ytimg.com/vi/qNZOjt2a27f/default.jpg,False,False,False,Auto-generated sample description for Gaming video.
zrGyeHNMAio,24.31.03,Reacting to Music Trends,Channel_2434,5,2024-03-27T17:00:00.000Z,official|review|trending,174533,2413,1651,1605,https://i.ytimg.com/vi/3NgoOKxMdzD/default.jpg,False,False,False,Auto-generated sample description for Music video.
g299mFVDnAG,24.13.03,Behind the Scenes: Entertainment,Channel_3048,15,2024-03-12T08:00:00.000Z,live|2024|review,33394,2321,56,249,https://i.ytimg.com/vi/LSLAQ40se_q/default.jpg,False,False,False,Auto-generated sample description for Entertainment video.
0p2cqGiDtlp,24.10.03,Reacting to Music Trends,Channel_4003,19,2024-03-06T13:00:00.000Z,2024|trending|vlog,99386,7865,213,300,https://i.ytimg.com/vi/2rzWS5zHOl1/default.jpg,False,False,False,Auto-generated sample description for Music video.
hvF4AWFJ4jZ,24.12.11,Top 10 Entertainment Moments This Week,Channel_4400,22,2024-11-09T11:00:00.000Z,vlog|review|live,8228,325,79,90,https://i.ytimg.com/vi/rUZ8UZvStEH/default.jpg,True,False,False,Auto-generated sample description for Entertainment video.
QctWA5pq4i9,24.10.08,Comedy Compilation 2024,Channel_3316,9,2024-08-08T14:00:00.000Z,2024|review|music,14480,198,91,88,https://i.ytimg.com/vi/lSd6iUJ52eF/default.jpg,False,False,False,Auto-generated sample description for Comedy video.
lrDZ1UtZca8,24.07.05,Gaming Compilation 2024,Channel_1392,23,2024-05-06T01:00:00.000Z,review|2024|official,21222,1408,45,64,https://i.ytimg.com/vi/En0888MceRh/default.jpg,False,False,False,Auto-generated sample description for Gaming video.
IzAQh3imgxQ,25.24.01,Why This Entertainment Video Went Viral,Channel_2742,12,2025-01-24T18:00:00.000Z,2024|official|music,51466,3361,249,210,https://i.ytimg.com/vi/uIKpDaE_XeG/default.jpg,False,False,False,Auto-generated sample description for Entertainment video.
-gk2DRrz1YY,24.04.09,Reacting to Music Trends,Channel_1503,19,2024-09-01T14:00:00.000Z,official|live|2024,10922,831,101,90,https://i.ytimg.com/vi/JAWUaT1WCBw/default.jpg,False,False,False,Auto-generated sample description for Music video.
DBlKhQqSGAj,25.13.01,Behind the Scenes: Entertainment,Channel_390,15,2025-01-13T20:00:00.000Z,review|official|vlog,194821,8309,211,2840,https://i.ytimg.com/vi/6hlClBGbfqx/default.jpg,False,False,False,Auto-generated sample description for Entertainment video.
4cdS_OyDuDJ,24.21.02,Behind the Scenes: Sports,Channel_1731,10,2024-02-20T02:00:00.000Z,live|vlog|review,14923,303,146,223,https://i.ytimg.com/vi/TNnKuPT1P3Y/default.jpg,False,False,False,Auto-generated sample description for Sports video.
sVPMgK5M6pg,25.01.02,Behind the Scenes: Music,Channel_2311,5,2025-01-30T06:00:00.000Z,vlog|review|official,670024,6889,6002,1987,https://i.ytimg.com/vi/J2dxbbrrTIM/default.jpg,False,False,False,Auto-generated sample description for Music video.
2EaXJCUgWoh,24.29.01,Music Compilation 2024,Channel_1342,5,2024-01-26T08:00:00.000Z,official|live|trending,167476,5205,809,2607,https://i.ytimg.com/vi/W0fKAwo8KIp/default.jpg,False,False,False,Auto-generated sample description for Music video.
3m--1XJnfyH,25.23.01,Official Film & Animation Highlights,Channel_3144,17,2025-01-21T05:00:00.000Z,review|vlog|live,74925,1060,171,1026,https://i.ytimg.com/vi/-VJBTta4rXq/default.jpg,False,False,False,Auto-generated sample description for Film & Animation video.
q3K0U1UjveM,24.18.01,Official Entertainment Highlights,Channel_890,15,2024-01-15T13:00:00.000Z,live|vlog|2024,269911,20143,2442,2193,https://i.ytimg.com/vi/bXsSbiDrfzV/default.jpg,False,False,False,Auto-generated sample description for Entertainment video.
94tG0zYd1Vm,24.08.11,Top 10 Entertainment Moments This Week,Channel_4285,12,2024-11-07T12:00:00.000Z,vlog|review|live,380032,11674,276,428,https://i.ytimg.com/vi/HpSXNfpn362/default.jpg,False,False,False,Auto-generated sample description for Entertainment video.
97RiUtP7cH3,24.02.09,News & Politics Compilation 2024,Channel_4161,16,2024-09-02T12:00:00.000Z,vlog|trending|live,17407,1251,143,219,https://i.ytimg.com/vi/gApKNqg-_3I/default.jpg,False,False,False,Auto-generated sample description for News & Politics video.
Yyg_sjY4hSb,24.29.05,Top 10 Entertainment Moments This Week,Channel_3994,15,2024-05-28T16:00:00.000Z,music|trending|vlog,15182,705,86,211,https://i.ytimg.com/vi/Em2Y15rF3Ok/default.jpg,True,False,False,Auto-generated sample description for Entertainment video.
qkBWLfHn3SK,24.26.04,Reacting to Music Trends,Channel_1134,5,2024-04-25T20:00:00.000Z,music|trending|vlog,16037,1267,98,127,https://i.ytimg.com/vi/lyXXrwTWJ3m/default.jpg,False,False,False,Auto-generated sample description for Music video.
xy2lgaCgaC_,24.23.08,Comedy Compilation 2024,Channel_3892,9,2024-08-19T02:00:00.000Z,trending|review|live,6482,250,57,57,https://i.ytimg.com/vi/GAUKfNvcOYh/default.jpg,False,False,False,Auto-generated sample description for Comedy video.
TCOTgLtqtsq,24.21.06,Entertainment Compilation 2024,Channel_2736,12,2024-06-19T09:00:00.000Z,review|music|official,9839,524,16,137,https://i.ytimg.com/vi/FBlxrKMUODZ/default.jpg,False,False,False,Auto-generated sample description for Entertainment video.
XPXpeRyqRDv,24.17.02,Reacting to Entertainment Trends,Channel_3956,12,2024-02-14T12:00:00.000Z,official|2024|review,111327,7374,417,1967,https://i.ytimg.com/vi/vxrfT596pYO/default.jpg,False,False,False,Auto-generated sample description for Entertainment video.
28li8zFo_ec,24.30.11,Official Entertainment Highlights,Channel_4503,22,2024-11-29T21:00:00.000Z,vlog|official|review,159677,6047,1109,2528,https://i.ytimg.com/vi/blaNSrNLNFT/default.jpg,False,False,False,Auto-generated sample description for Entertainment video.
G3uLKx0UUXm,24.10.05,Official Entertainment Highlights,Channel_329,22,2024-05-09T05:00:00.000Z,vlog|music|trending,97011,7468,481,1356,https://i.ytimg.com/vi/WRca3aU-kif/default.jpg,False,False,False,Auto-generated sample description for Entertainment video.
nFeuqyJAvJx,24.16.01,Official Entertainment Highlights,Channel_4306,15,2024-01-13T06:00:00.000Z,live|music|official,22442,1133,194,136,https://i.ytimg.com/vi/spSMJn73o8u/default.jpg,False,False,False,Auto-generated sample description for Entertainment video.
pNNNl-BKLWg,24.22.10,Why This Comedy Video Went Viral,Channel_936,9,2024-10-19T18:00:00.000Z,music|review|live,1357,86,3,17,https://i.ytimg.com/vi/DUTDxQweQFJ/default.jpg,False,False,False,Auto-generated sample description for Comedy video.
4KJScwoB-Ej,25.06.02,Official Music Highlights,Channel_4404,19,2025-02-03T12:00:00.000Z,2024|official|music,20012,376,114,185,https://i.ytimg.com/vi/nOP_40vheCN/default.jpg,False,False,False,Auto-generated sample description for Music video.
or-xOI0kElf,24.17.02,Reacting to Music Trends,Channel_4171,5,2024-02-16T12:00:00.000Z,2024|official|vlog,103480,2066,385,704,https://i.ytimg.com/vi/gdCz_gJiaa_/default.jpg,False,False,False,Auto-generated sample description for Music video.
F4kFAtZAGoa,24.05.09,Official Entertainment Highlights,Channel_1599,15,2024-09-01T04:00:00.000Z,music|trending|review,24545,283,18,199,https://i.ytimg.com/vi/Z-h_GgqQpqG/default.jpg,False,False,False,Auto-generated sample description for Entertainment video.
DefXbMBwx_P,25.04.02,Why This Gaming Video Went Viral,Channel_2728,23,2025-02-03T16:00:00.000Z,vlog|music|2024,46856,1355,158,167,https://i.ytimg.com/vi/35g4Prl46mO/default.jpg,False,False,False,Auto-generated sample description for Gaming video.
KJcVzEoLMpP,24.29.03,Why This Entertainment Video Went Viral,Channel_915,22,2024-03-27T10:00:00.000Z,live|music|official,4454,242,34,32,https://i.ytimg.com/vi/xnp1VUx_k0g/default.jpg,False,False,False,Auto-generated sample description for Entertainment video.
83ivG83tmRX,24.14.08,Entertainment Compilation 2024,Channel_4343,22,2024-08-12T12:00:00.000Z,2024|review|music,962908,19410,1717,12145,https://i.ytimg.com/vi/upG2qWOj9Py/default.jpg,False,False,False,Auto-generated sample description for Entertainment video.
Nw071dimTCU,24.28.12,Reacting to Music Trends,Channel_4389,5,2024-12-24T11:00:00.000Z,official|music|review,6212,100,49,57,https://i.ytimg.com/vi/mo_bbfQ7Imw/default.jpg,False,False,False,Auto-generated sample description for Music video.
DoErc2PCHLI,24.16.02,Entertainment Compilation 2024,Channel_3889,12,2024-02-16T16:00:00.000Z,official|live|trending,110047,5408,888,278,https://i.ytimg.com/vi/ViSNmpau77x/default.jpg,False,False,False,Auto-generated sample description for Entertainment video.
YlZfRybzEPz,25.07.01,Behind the Scenes: Music,Channel_4017,19,2025-01-04T16:00:00.000Z,live|2024|vlog,97776,2556,266,735,https://i.ytimg.com/vi/nzJqVehJL7G/default.jpg,False,False,False,Auto-generated sample description for Music video.
9aKlUP2GXT8,24.11.06,Why This Music Video Went Viral,Channel_3877,5,2024-06-07T12:00:00.000Z,live|review|trending,30214,2060,63,570,https://i.ytimg.com/vi/XfIpMtHc1dA/default.jpg,False,False,False,Auto-generated sample description for Music video.
I4fVCbYMgzs,24.23.01,Reacting to Music Trends,Channel_3953,19,2024-01-20T14:00:00.000Z,live|vlog|2024,139455,6335,791,1183,https://i.ytimg.com/vi/u1ikvnb7pox/default.jpg,False,False,False,Auto-generated sample description for Music video.
iYB5poFIluc,24.01.07,Top 10 Howto & Style Moments This Week,Channel_1606,11,2024-06-30T18:00:00.000Z,music|vlog|2024,28313,378,166,71,https://i.ytimg.com/vi/VwzXh86GLxO/default.jpg,False,False,False,Auto-generated sample description for Howto & Style video.
ZAzbfIpPc5r,24.30.01,Top 10 Entertainment Moments This Week,Channel_2294,22,2024-01-30T20:00:00.000Z,review|music|official,11815,703,34,58,https://i.ytimg.com/vi/z61SB84SsVA/default.jpg,False,False,False,Auto-generated sample description for Entertainment video.
JMkK3Shxhe1,24.01.05,Official Entertainment Highlights,Channel_2627,12,2024-04-27T18:00:00.000Z,trending|official|vlog,41513,2598,121,328,https://i.ytimg.com/vi/8wG2q0ZdURx/default.jpg,False,False,False,Auto-generated sample description for Entertainment video.
bXWhC2t1JMs,25.09.01,Official Comedy Highlights,Channel_1425,9,2025-01-07T13:00:00.000Z,vlog|2024|trending,1959,29,13,23,https://i.ytimg.com/vi/zEW1AGBg4vb/default.jpg,False,False,False,Auto-generated sample description for Comedy video.
2YRsB0Y_Sgm,25.08.01,Top 10 Entertainment Moments This Week,Channel_3312,22,2025-01-08T15:00:00.000Z,trending|review|vlog,152984,10671,1053,297,https://i.ytimg.com/vi/uju3C_ecP-G/default.jpg,False,False,False,Auto-generated sample description for Entertainment video.
ppbMZE1Ehjr,25.25.01,Behind the Scenes: Music,Channel_3511,19,2025-01-23T01:00:00.000Z,review|live|trending,3773,103,23,42,https://i.ytimg.com/vi/vnheSu4Hpb4/default.jpg,False,False,False,Auto-generated sample description for Music video.
nhMRZU8RTFN,25.09.01,Reacting to Entertainment Trends,Channel_3660,12,2025-01-08T13:00:00.000Z,review|trending|music,102850,1186,811,1570,https://i.ytimg.com/vi/gX6yJ7pVZ3R/default.jpg,False,False,False,Auto-generated sample description for Entertainment video.
rPQ161o27Cc,25.02.01,Why This Entertainment Video Went Viral,Channel_922,22,2024-12-30T21:00:00.000Z,music|official|review,8797,460,56,11,https://i.ytimg.com/vi/mqxiwYaRZI_/default.jpg,True,False,False,Auto-generated sample description for Entertainment video.
1CbuailXDbd,24.14.01,Top 10 Entertainment Moments This Week,Channel_23,15,2024-01-14T03:00:00.000Z,trending|2024|review,12303,386,51,166,https://i.ytimg.com/vi/sqmfz2VtLFC/default.jpg,False,False,False,Auto-generated sample description for Entertainment video.
xLGiOZU31s1,24.24.05,Why This Entertainment Video Went Viral,Channel_1242,15,2024-05-22T00:00:00.000Z,official|music|2024,34889,1523,297,139,https://i.ytimg.com/vi/G1hbq43y9_S/default.jpg,False,False,False,Auto-generated sample description for Entertainment video.
r7WNRu4oWZ9,24.29.05,Official Entertainment Highlights,Channel_3193,12,2024-05-26T06:00:00.000Z,live|trending|music,27558,897,231,516,https://i.ytimg.com/vi/rE6pYOhLiXu/default.jpg,False,False,False,Auto-generated sample description for Entertainment video.
6aEqg5SnpJs,25.13.01,Official Entertainment Highlights,Channel_281,22,2025-01-09T20:00:00.000Z,2024|review|trending,33393,1217,303,312,https://i.ytimg.com/vi/nTKgDcrlDOq/default.jpg,True,False,False,Auto-generated sample description for Entertainment video.
hR1Np5GVaPz,24.28.04,Reacting to Entertainment Trends,Channel_3916,15,2024-04-27T04:00:00.000Z,2024|live|official,66645,1912,268,999,https://i.ytimg.com/vi/GrvhN5_LKhz/default.jpg,False,False,False,Auto-generated sample description for Entertainment video.
l6YAp1vqwkG,24.23.01,Entertainment Compilation 2024,Channel_1611,15,2024-01-21T16:00:00.000Z,trending|official|music,61382,4114,607,394,https://i.ytimg.com/vi/HQ4dTNvA3k7/default.jpg,False,False,False,Auto-generated sample description for Entertainment video.
bQf4BIMJolF,24.05.09,Official Entertainment Highlights,Channel_2225,22,2024-09-01T21:00:00.000Z,review|official|2024,11256,389,55,35,https://i.ytimg.com/vi/r12-KAi2ia-/default.jpg,False,False,False,Auto-generated sample description for Entertainment video.
XNxeiJFfg6X,24.23.07,Why This Comedy Video Went Viral,Channel_3655,9,2024-07-20T06:00:00.000Z,music|review|official,179420,6685,1659,2397,https://i.ytimg.com/vi/MdE69qiAeVj/default.jpg,False,False,False,Auto-generated sample description for Comedy video.
njAeMa7tN1B,24.08.09,Music Compilation 2024,Channel_4237,19,2024-09-06T05:00:00.000Z,vlog|live|trending,68545,3367,220,554,https://i.ytimg.com/vi/ZK7kQsymi1I/default.jpg,False,False,False,Auto-generated sample description for Music video.
tXXpIfMKN0E,24.22.12,Nonprofits & Activism Compilation 2024,Channel_4791,20,2024-12-20T09:00:00.000Z,trending|official|music,3395,225,14,31,https://i.ytimg.com/vi/awr-_zE5RkH/default.jpg,False,False,False,Auto-generated sample description for Nonprofits & Activism video.
XKedm4kuK07,24.17.07,Why This Music Video Went Viral,Channel_2593,5,2024-07-15T15:00:00.000Z,trending|music|vlog,30440,2024,141,301,https://i.ytimg.com/vi/aV0zlrR9a0J/default.jpg,False,False,False,Auto-generated sample description for Music video.
4YShhzdMgny,24.08.07,Music Compilation 2024,Channel_4869,19,2024-07-06T22:00:00.000Z,review|official|vlog,157814,8811,1034,2265,https://i.ytimg.com/vi/EqtlXWKlq19/default.jpg,False,False,False,Auto-generated sample description for Music video.
tJcG3VCSHt3,24.21.08,Entertainment Compilation 2024,Channel_461,22,2024-08-18T07:00:00.000Z,trending|2024|live,199834,8514,739,2143,https://i.ytimg.com/vi/Suc74aF4iT6/default.jpg,False,False,False,Auto-generated sample description for Entertainment video.
RpaQSarTcZ6,24.23.05,Reacting to Entertainment Trends,Channel_4906,15,2024-05-20T09:00:00.000Z,music|review|official,20891,1174,67,207,https://i.ytimg.com/vi/qTQASiwVycw/default.jpg,False,False,False,Auto-generated sample description for Entertainment video.
6AohlC9Oo1u,24.10.03,Official Music Highlights,Channel_576,5,2024-03-10T18:00:00.000Z,review|vlog|live,29704,807,116,173,https://i.ytimg.com/vi/8YWq1g7qXG4/default.jpg,False,False,False,Auto-generated sample description for Music video.
lRRwSvp-CWS,24.14.02,Why This Music Video Went Viral,Channel_4395,5,2024-02-13T02:00:00.000Z,2024|official|live,58133,2417,119,365,https://i.ytimg.com/vi/riYcxD1LoDW/default.jpg,False,False,False,Auto-generated sample description for Music video.
InHMXCzLlae,24.18.12,Behind the Scenes: Education,Channel_4261,2,2024-12-18T07:00:00.000Z,live|vlog|review,8075,305,47,24,https://i.ytimg.com/vi/dMCplWeXDhQ/default.jpg,False,False,False,Auto-generated sample description for Education video.
neOUXbZaW0S,24.09.03,Official Entertainment Highlights,Channel_3972,12,2024-03-05T17:00:00.000Z,2024|trending|live,572300,44566,3711,1636,https://i.ytimg.com/vi/t1M5EYLbD95/default.jpg,False,False,False,Auto-generated sample description for Entertainment video.
aB2NZK36W4h,24.25.02,Official Entertainment Highlights,Channel_2227,15,2024-02-25T10:00:00.000Z,music|live|review,17630,538,16,51,https://i.ytimg.com/vi/YvcNKHj2zR9/default.jpg,False,False,False,Auto-generated sample description for Entertainment video.
qc4_UQyICJK,24.14.05,Reacting to Entertainment Trends,Channel_1498,15,2024-05-12T00:00:00.000Z,review|official|trending,87458,3343,377,1684,https://i.ytimg.com/vi/yL5TqKyFaA2/default.jpg,False,False,False,Auto-generated sample description for Entertainment video.
o1OspKKOUPW,24.07.08,Entertainment Compilation 2024,Channel_3406,15,2024-08-06T20:00:00.000Z,2024|official|vlog,16361,702,80,114,https://i.ytimg.com/vi/Ju31HbddawH/default.jpg,False,False,False,Auto-generated sample description for Entertainment video.
FxvGL3gZxAF,24.25.06,Official Entertainment Highlights,Channel_1126,12,2024-06-21T11:00:00.000Z,vlog|review|live,75621,5242,324,238,https://i.ytimg.com/vi/QLxJLOhG3mr/default.jpg,False,False,False,Auto-generated sample description for Entertainment video.
shYZwhac1Fx,24.29.06,Behind the Scenes: Music,Channel_200,19,2024-06-25T07:00:00.000Z,music|review|vlog,2705,172,11,15,https://i.ytimg.com/vi/3ktYjSffO9m/default.jpg,False,False,False,Auto-generated sample description for Music video.
12a5is40dAY,24.29.08,Behind the Scenes: Entertainment,Channel_1061,22,2024-08-26T01:00:00.000Z,trending|2024|review,219962,9987,912,3423,https://i.ytimg.com/vi/CfyhWThGw4D/default.jpg,False,False,False,Auto-generated sample description for Entertainment video.
d0k1becoCF6,24.02.08,Reacting to Film & Animation Trends,Channel_2097,21,2024-07-30T03:00:00.000Z,music|2024|vlog,996,52,1,10,https://i.ytimg.com/vi/rSyu8dttQCu/default.jpg,False,False,False,Auto-generated sample description for Film & Animation video.
DCwnQRBB8Ei,24.08.08,Top 10 Music Moments This Week,Channel_484,19,2024-08-05T17:00:00.000Z,2024|official|live,34010,400,98,235,https://i.ytimg.com/vi/SZsSH6-QjMU/default.jpg,False,False,False,Auto-generated sample description for Music video.
sAMOo2nZ2O3,24.26.11,Official Sports Highlights,Channel_1943,10,2024-11-26T02:00:00.000Z,music|review|live,3180,245,11,50,https://i.ytimg.com/vi/f2XLHXE5cDa/default.jpg,False,False,False,Auto-generated sample description for Sports video.
SuoCmgXZvUM,24.03.11,Why This Entertainment Video Went Viral,Channel_3804,22,2024-11-01T08:00:00.000Z,2024|music|live,4912,172,33,5,https://i.ytimg.com/vi/lQ7UIiZ3dAm/default.jpg,False,False,False,Auto-generated sample description for Entertainment video.
6b9d1pDQ03o,24.07.11,Why This Entertainment Video Went Viral,Channel_2459,22,2024-11-06T03:00:00.000Z,trending|official|review,119007,2088,990,1345,https://i.ytimg.com/vi/ZT0szrC8VGl/default.jpg,False,False,False,Auto-generated sample description for Entertainment video.
RtrtEPRg66L,24.10.08,Behind the Scenes: Entertainment,Channel_4731,22,2024-08-10T16:00:00.000Z,vlog|review|live,166375,8487,1140,752,https://i.ytimg.com/vi/EHD47bnf2xd/default.jpg,False,False,False,Auto-generated sample description for Entertainment video.
53A7Gv3KFkv,24.08.02,Top 10 Entertainment Moments This Week,Channel_4696,15,2024-02-06T19:00:00.000Z,official|vlog|live,118684,1260,1145,2132,https://i.ytimg.com/vi/0xsdguLGnhp/default.jpg,False,False,False,Auto-generated sample description for Entertainment video.
2XK_mj6-k5l,25.12.01,Official Howto & Style Highlights,Channel_1383,11,2025-01-10T12:00:00.000Z,music|review|live,640,29,1,11,https://i.ytimg.com/vi/wojtyOPhTsc/default.jpg,False,False,False,Auto-generated sample description for Howto & Style video.
KYQz1XSBNMS,24.28.04,Behind the Scenes: Entertainment,Channel_4889,12,2024-04-28T00:00:00.000Z,vlog|live|official,82392,1309,700,1424,https://i.ytimg.com/vi/w-xhsroM-Y3/default.jpg,False,False,False,Auto-generated sample description for Entertainment video.
5xmr-FV_K0L,24.24.12,Top 10 Sports Moments This Week,Channel_2599,10,2024-12-22T20:00:00.000Z,live|vlog|official,94573,6112,369,1687,https://i.ytimg.com/vi/PPWwDtKbbUf/default.jpg,False,False,False,Auto-generated sample description for Sports video.
W4kEuVdICpN,24.11.02,Official Entertainment Highlights,Channel_3492,12,2024-02-11T00:00:00.000Z,live|official|review,10759,135,21,138,https://i.ytimg.com/vi/ABoMPKHyIw0/default.jpg,False,False,True,Auto-generated sample description for Entertainment video.
ORFxGsitLrX,24.28.07,Behind the Scenes: Entertainment,Channel_3054,12,2024-07-24T18:00:00.000Z,music|2024|review,10702,472,99,93,https://i.ytimg.com/vi/mnElsuU8DNZ/default.jpg,False,False,False,Auto-generated sample description for Entertainment video.
eou_HOE0dpy,24.14.05,Why This Entertainment Video Went Viral,Channel_4826,22,2024-05-11T17:00:00.000Z,official|2024|music,247715,15041,2208,4101,https://i.ytimg.com/vi/QpXY1oU79sm/default.jpg,False,False,False,Auto-generated sample description for Entertainment video.
eQ12uUQKgsi,24.12.01,Entertainment Compilation 2024,Channel_4632,15,2024-01-12T03:00:00.000Z,review|2024|live,350,19,0,2,https://i.ytimg.com/vi/r6anJbPETZK/default.jpg,False,False,False,Auto-generated sample description for Entertainment video.
lKdRg1_V83I,24.20.09,Top 10 Entertainment Moments This Week,Channel_30,12,2024-09-16T14:00:00.000Z,trending|2024|vlog,21070,452,25,318,https://i.ytimg.com/vi/2E3Kt3HhPPK/default.jpg,False,False,False,Auto-generated sample description for Entertainment video.
oiwKPSIMbue,24.02.11,Behind the Scenes: Film & Animation,Channel_2289,17,2024-11-02T08:00:00.000Z,2024|live|review,6252,354,30,72,https://i.ytimg.com/vi/m0pjM5Hd0TW/default.jpg,False,False,False,Auto-generated sample description for Film & Animation video.
heTpOquTwWX,24.19.11,Reacting to Comedy Trends,Channel_1673,9,2024-11-17T03:00:00.000Z,review|live|trending,4013,146,8,57,https://i.ytimg.com/vi/YESUJ5wr-lC/default.jpg,False,False,False,Auto-generated sample description for Comedy video.
nXRNbrNKtZR,24.26.01,Film & Animation Compilation 2024,Channel_4849,1,2024-01-26T18:00:00.000Z,music|official|2024,3678,183,5,68,https://i.ytimg.com/vi/6Im8iJjdWeR/default.jpg,False,False,False,Auto-generated sample description for Film & Animation video.
EW4qIdpjAP0,25.11.01,Top 10 Music Moments This Week,Channel_1078,19,2025-01-09T19:00:00.000Z,vlog|2024|review,24134,717,193,443,https://i.ytimg.com/vi/ZYS4QjVeLIw/default.jpg,False,False,False,Auto-generated sample description for Music video.
pi1JcYwvQ2N,24.09.06,Top 10 Howto & Style Moments This Week,Channel_2070,11,2024-06-08T02:00:00.000Z,live|review|2024,3844,294,34,38,https://i.ytimg.com/vi/mZs-JCdrz22/default.jpg,False,False,False,Auto-generated sample description for Howto & Style video.
OTaafqeaNkB,24.15.01,Howto & Style Compilation 2024,Channel_110,8,2024-01-11T00:00:00.000Z,live|vlog|2024,2131,145,7,13,https://i.ytimg.com/vi/3DCJO1VQboo/default.jpg,False,False,False,Auto-generated sample description for Howto & Style video.
hTayoE-u3-7,24.19.02,Top 10 Entertainment Moments This Week,Channel_4365,15,2024-02-16T14:00:00.000Z,review|live|official,16995,1319,18,275,https://i.ytimg.com/vi/6Ca472XAvvK/default.jpg,True,False,False,Auto-generated sample description for Entertainment video.
9EsQ46t2lqt,24.30.07,Behind the Scenes: Music,Channel_265,5,2024-07-27T12:00:00.000Z,music|live|official,8097,398,64,31,https://i.ytimg.com/vi/XipG6RG4MT3/default.jpg,False,False,False,Auto-generated sample description for Music video.
_Hy6FJDyLQY,24.09.01,Official Comedy Highlights,Channel_2411,9,2024-01-08T03:00:00.000Z,vlog|review|official,85588,4721,815,1225,https://i.ytimg.com/vi/XFAWWLnZjqF/default.jpg,False,False,False,Auto-generated sample description for Comedy video.
qmcNZ-BmNin,24.19.11,Top 10 Entertainment Moments This Week,Channel_1332,15,2024-11-17T03:00:00.000Z,official|review|music,60219,1995,283,1137,https://i.ytimg.com/vi/TWwEkit5m8W/default.jpg,False,False,False,Auto-generated sample description for Entertainment video.
pr6hslAa-5K,24.12.11,Gaming Compilation 2024,Channel_577,23,2024-11-09T20:00:00.000Z,2024|vlog|review,21430,459,21,410,https://i.ytimg.com/vi/QsmPMZHGQfB/default.jpg,False,False,False,Auto-generated sample description for Gaming video.
aQtwXfekZS3,24.08.02,Official Comedy Highlights,Channel_1728,9,2024-02-07T13:00:00.000Z,review|trending|2024,39286,2496,215,216,https://i.ytimg.com/vi/yZXIm1SUp-H/default.jpg,False,False,False,Auto-generated sample description for Comedy video.
jfd_ZF0gwlQ,24.17.06,Top 10 Entertainment Moments This Week,Channel_1854,12,2024-06-16T06:00:00.000Z,review|trending|live,244050,11581,2429,1956,https://i.ytimg.com/vi/mYpReYIwe1G/default.jpg,False,False,False,Auto-generated sample description for Entertainment video.
kZrob_a0Xax,24.30.12,Why This Entertainment Video Went Viral,Channel_1967,15,2024-12-28T09:00:00.000Z,vlog|2024|live,23519,341,197,56,https://i.ytimg.com/vi/k_83AiU65cv/default.jpg,False,False,False,Auto-generated sample description for Entertainment video.
aRKd52X64vF,24.03.03,Official Music Highlights,Channel_3821,19,2024-02-29T14:00:00.000Z,live|review|music,115042,7101,362,743,https://i.ytimg.com/vi/oEKEHCtIq4U/default.jpg,False,False,False,Auto-generated sample description for Music video.
2KprQ2yA1Qx,25.21.01,Entertainment Compilation 2024,Channel_833,15,2025-01-20T22:00:00.000Z,trending|2024|official,53417,1596,60,255,https://i.ytimg.com/vi/cF9lvtYAxii/default.jpg,False,False,False,Auto-generated sample description for Entertainment video.
lsiHGA749fQ,24.04.12,Music Compilation 2024,Channel_4106,19,2024-12-01T17:00:00.000Z,trending|vlog|official,1240,85,6,23,https://i.ytimg.com/vi/L3ltE1dOGqO/default.jpg,False,False,False,Auto-generated sample description for Music video.
HRfEIqxAJOI,24.07.04,Entertainment Compilation 2024,Channel_2272,22,2024-04-07T19:00:00.000Z,live|music|vlog,24043,548,209,124,https://i.ytimg.com/vi/zekcKKbNbRl/default.jpg,False,False,False,Auto-generated sample description for Entertainment video.
wbDt3HvnZap,24.29.04,Comedy Compilation 2024,Channel_3465,9,2024-04-29T05:00:00.000Z,review|vlog|official,6334,336,5,25,https://i.ytimg.com/vi/IkKFjQCLc8L/default.jpg,False,False,False,Auto-generated sample description for Comedy video.
qMlYhmLQPP8,24.26.06,Behind the Scenes: Entertainment,Channel_4218,22,2024-06-22T08:00:00.000Z,vlog|trending|review,253369,18937,548,2983,https://i.ytimg.com/vi/cOly8DeXu0T/default.jpg,False,False,False,Auto-generated sample description for Entertainment video.
VTEenlD-xIl,25.10.01,Behind the Scenes: Comedy,Channel_1275,9,2025-01-07T14:00:00.000Z,vlog|2024|music,22179,1735,78,257,https://i.ytimg.com/vi/REiZbiyOWVT/default.jpg,False,False,False,Auto-generated sample description for Comedy video.
ZxqnmhS3FbF,24.06.04,Behind the Scenes: Nonprofits & Activism,Channel_2716,20,2024-04-04T14:00:00.000Z,live|official|music,30105,1501,103,261,https://i.ytimg.com/vi/zWDa4LLBQOS/default.jpg,False,False,False,Auto-generated sample description for Nonprofits & Activism video.
Jfpb2C6XNNM,24.16.12,Official News & Politics Highlights,Channel_3930,16,2024-12-13T09:00:00.000Z,trending|official|music,8990,548,28,107,https://i.ytimg.com/vi/mzqX6kxynDZ/default.jpg,False,False,False,Auto-generated sample description for News & Politics video.
13wUEIgSPFq,24.27.05,Top 10 Entertainment Moments This Week,Channel_1678,15,2024-05-25T16:00:00.000Z,live|2024|official,17775,952,174,37,https://i.ytimg.com/vi/QH6_onqhvts/default.jpg,False,False,False,Auto-generated sample description for Entertainment video.
0BEO9szIVet,24.12.09,Entertainment Compilation 2024,Channel_2227,12,2024-09-10T20:00:00.000Z,2024|official|music,35388,1182,261,560,https://i.ytimg.com/vi/evRpLZAeicH/default.jpg,False,False,False,Auto-generated sample description for Entertainment video.
r6Bd-4y-5_P,24.27.12,Reacting to Entertainment Trends,Channel_2684,15,2024-12-23T20:00:00.000Z,music|trending|live,18314,320,180,321,https://i.ytimg.com/vi/-waTQoSxDj4/default.jpg,False,False,False,Auto-generated sample description for Entertainment video.
hAu4BKk7sL7,24.12.08,Howto & Style Compilation 2024,Channel_3035,8,2024-08-11T06:00:00.000Z,2024|music|review,44338,3268,93,772,https://i.ytimg.com/vi/s-hpGpDyQZK/default.jpg,False,False,False,Auto-generated sample description for Howto & Style video.
lCP-ctzqEpy,24.20.06,Entertainment Compilation 2024,Channel_2493,15,2024-06-19T04:00:00.000Z,vlog|official|music,60339,3667,451,533,https://i.ytimg.com/vi/Oo_UDXx2dn6/default.jpg,False,False,False,Auto-generated sample description for Entertainment video.
bsJEv1dS3Zf,25.30.01,Why This Entertainment Video Went Viral,Channel_873,15,2025-01-30T18:00:00.000Z,live|review|official,107857,5799,186,1592,https://i.ytimg.com/vi/rdERuOazxrM/default.jpg,False,False,False,Auto-generated sample description for Entertainment video.
ckAZL_WGFZm,24.19.07,Top 10 Entertainment Moments This Week,Channel_820,12,2024-07-15T19:00:00.000Z,review|vlog|live,15773,190,28,82,https://i.ytimg.com/vi/zfAW1Ff8XA9/default.jpg,False,False,False,Auto-generated sample description for Entertainment video.
tu0MoYiDqez,24.23.04,Official Entertainment Highlights,Channel_2524,12,2024-04-19T04:00:00.000Z,trending|2024|review,14645,632,31,279,https://i.ytimg.com/vi/Rg4a48oKFsd/default.jpg,False,False,False,Auto-generated sample description for Entertainment video.
wuUChUeaJPW,24.15.01,Why This Entertainment Video Went Viral,Channel_4950,12,2024-01-14T10:00:00.000Z,vlog|music|trending,19139,434,188,38,https://i.ytimg.com/vi/bqZ8yJtIvVe/default.jpg,False,False,False,Auto-generated sample description for Entertainment video.
EQbJPVi9ccA,24.17.04,Reacting to Film & Animation Trends,Channel_162,21,2024-04-16T20:00:00.000Z,music|review|official,80674,4957,454,56,https://i.ytimg.com/vi/_wz2xDqRiXZ/default.jpg,False,False,False,Auto-generated sample description for Film & Animation video.
3GUiSzbv8DL,24.28.04,Entertainment Compilation 2024,Channel_3987,12,2024-04-24T05:00:00.000Z,2024|music|official,76127,1992,585,1314,https://i.ytimg.com/vi/hlEXaB2WXs5/default.jpg,False,False,False,Auto-generated sample description for Entertainment video.
y_YRjFphGrg,24.01.02,Reacting to Entertainment Trends,Channel_3508,15,2024-01-31T19:00:00.000Z,live|official|2024,19584,693,80,161,https://i.ytimg.com/vi/5RJl1oxwip7/default.jpg,False,False,False,Auto-generated sample description for Entertainment video.
gCHsQIfQq6Y,24.26.05,Why This Gaming Video Went Viral,Channel_3693,23,2024-05-24T00:00:00.000Z,trending|review|official,173981,9501,1415,2078,https://i.ytimg.com/vi/iP9lhh6CQET/default.jpg,False,False,False,Auto-generated sample description for Gaming video.
uiD-O5HyNZc,24.17.01,Top 10 People & Blogs Moments This Week,Channel_289,3,2024-01-15T18:00:00.000Z,review|2024|live,56364,1982,365,894,https://i.ytimg.com/vi/hO0zZARa0_X/default.jpg,False,False,False,Auto-generated sample description for People & Blogs video.
psOoRmLyHy6,24.16.06,Official Travel & Events Highlights,Channel_4079,7,2024-06-14T13:00:00.000Z,2024|review|official,1075,62,7,16,https://i.ytimg.com/vi/rarFSlLNpg-/default.jpg,False,False,False,Auto-generated sample description for Travel & Events video.
0mgOeytY2hx,24.20.09,Why This Entertainment Video Went Viral,Channel_696,22,2024-09-16T09:00:00.000Z,live|2024|music,4542,86,41,13,https://i.ytimg.com/vi/f5TxC_mRIOr/default.jpg,False,False,False,Auto-generated sample description for Entertainment video.
q6OmRJnlxZc,24.05.08,Reacting to Music Trends,Channel_3000,19,2024-08-01T14:00:00.000Z,2024|trending|review,6231,143,12,50,https://i.ytimg.com/vi/8o_KK-c98np/default.jpg,False,False,False,Auto-generated sample description for Music video.
90_kRG1mdAX,24.09.02,Behind the Scenes: Entertainment,Channel_3368,12,2024-02-08T18:00:00.000Z,review|music|official,5942,384,15,104,https://i.ytimg.com/vi/96wZ6AWBqyt/default.jpg,False,False,False,Auto-generated sample description for Entertainment video.
eEWXzx_zwD3,24.29.08,Top 10 Music Moments This Week,Channel_2449,5,2024-08-27T04:00:00.000Z,official|review|vlog,18379,883,110,360,https://i.ytimg.com/vi/1ksFtj01pc3/default.jpg,False,False,False,Auto-generated sample description for Music video.
BQScjQvjHLm,25.04.01,Reacting to Entertainment Trends,Channel_2155,15,2024-12-31T06:00:00.000Z,music|2024|official,73252,2452,240,956,https://i.ytimg.com/vi/gO41FiHK9tG/default.jpg,False,False,False,Auto-generated sample description for Entertainment video.
smWxs0BA2hm,24.29.05,Music Compilation 2024,Channel_1776,19,2024-05-28T22:00:00.000Z,music|vlog|official,49704,2698,354,798,https://i.ytimg.com/vi/TUc-iQlkAmu/default.jpg,False,False,False,Auto-generated sample description for Music video.
MTc9CLrU5C-,24.13.03,Entertainment Compilation 2024,Channel_3977,12,2024-03-12T08:00:00.000Z,trending|official|music,430043,26361,1583,447,https://i.ytimg.com/vi/U_g_jir1XYy/default.jpg,False,False,False,Auto-generated sample description for Entertainment video.
XUiUHryhApE,24.12.11,Why This Entertainment Video Went Viral,Channel_2595,22,2024-11-09T19:00:00.000Z,vlog|review|trending,55117,1178,355,165,https://i.ytimg.com/vi/yq1gszzAjpx/default.jpg,False,False,False,Auto-generated sample description for Entertainment video.
4UmiJwMzZHB,24.03.01,Sports Compilation 2024,Channel_1103,10,2024-01-03T05:00:00.000Z,trending|official|vlog,268567,13522,290,5071,https://i.ytimg.com/vi/H9NvcIY4UaH/default.jpg,False,False,False,Auto-generated sample description for Sports video.
sKrUMlW1TDY,24.22.12,Behind the Scenes: Entertainment,Channel_354,15,2024-12-18T09:00:00.000Z,trending|review|music,5634,72,2,13,https://i.ytimg.com/vi/7BYgd1dCjaR/default.jpg,False,False,False,Auto-generated sample description for Entertainment video.
jfG37jYPgiw,24.27.06,Music Compilation 2024,Channel_549,5,2024-06-24T10:00:00.000Z,music|official|2024,447964,27248,942,8706,https://i.ytimg.com/vi/2XIZMdmcEDm/default.jpg,False,False,False,Auto-generated sample description for Music video.
JCbRGybgkSt,24.26.02,Entertainment Compilation 2024,Channel_367,15,2024-02-26T21:00:00.000Z,live|trending|2024,156856,12136,1525,1343,https://i.ytimg.com/vi/9LoJstO-F8b/default.jpg,False,False,False,Auto-generated sample description for Entertainment video.
sXP4PX85FFq,24.12.10,Top 10 Entertainment Moments This Week,Channel_2313,22,2024-10-08T22:00:00.000Z,live|vlog|trending,12418,268,48,134,https://i.ytimg.com/vi/8c1LFHuLk1Y/default.jpg,False,False,False,Auto-generated sample description for Entertainment video.
