video_id,trending_date,title,channel_title,category_id,publish_time,tags,views,likes,dislikes,comment_count,thumbnail_link,comments_disabled,ratings_disabled,video_error_or_removed,description
oF_AJkOGH5p,24.16.04,Why This Music Video Went Viral,Channel_149,10,2024-04-12T01:00:00.000Z,music|trending|vlog,18590,1075,159,165,https://i.ytimg.com/vi/UpPaTBoiQfn/default.jpg,False,False,False,Auto-generated sample description for Music video.
hCG1Oc8SKCx,24.20.06,Behind the Scenes: Music,Channel_365,4,2024-06-18T07:00:00.000Z,official|live|review,241194,16277,1676,298,https://i.ytimg.com/vi/boYruUXI-Dn/default.jpg,False,False,False,Auto-generated sample description for Music video.
9qg7McFkQ0v,24.19.07,Reacting to Music Trends,Channel_91,10,2024-07-17T05:00:00.000Z,2024|music|official,127806,6343,835,588,https://i.ytimg.com/vi/aRtikjYEKll/default.jpg,False,False,False,Auto-generated sample description for Music video.
ZyixKCVE-zh,24.09.09,Official Music Highlights,Channel_4621,4,2024-09-07T14:00:00.000Z,review|live|2024,112005,2822,1056,641,https://i.ytimg.com/vi/Y6ZiQIWxZza/default.jpg,False,False,False,Auto-generated sample description for Music video.
wTdJ5_VdAPR,24.31.01,Autos & Vehicles Compilation 2024,Channel_4294,8,2024-01-30T12:00:00.000Z,trending|music|live,2121,111,18,2,https://i.ytimg.com/vi/BRDTv3yntre/default.jpg,False,False,True,Auto-generated sample description for Autos & Vehicles video.
NzHOT04AUar,24.13.03,Official Entertainment Highlights,Channel_4258,18,2024-03-13T06:00:00.000Z,official|music|live,23862,827,159,408,https://i.ytimg.com/vi/kDux_tjSnJf/default.jpg,False,False,False,Auto-generated sample description for Entertainment video.
WnAXY0nbX9N,24.20.03,Behind the Scenes: Music,Channel_4415,10,2024-03-20T15:00:00.000Z,review|trending|live,4226,48,8,33,https://i.ytimg.com/vi/b3QkUulpaXr/default.jpg,False,False,False,Auto-generated sample description for Music video.
Sq571c7urbz,24.23.03,Reacting to Gaming Trends,Channel_1566,1,2024-03-19T19:00:00.000Z,vlog|live|official,20428,485,132,56,https://i.ytimg.com/vi/D5qv4XmC_q0/default.jpg,False,False,False,Auto-generated sample description for Gaming video.
nw20i4GU-NK,24.05.08,Top 10 Sports Moments This Week,Channel_4536,12,2024-08-02T13:00:00.000Z,live|review|trending,84031,4296,581,1288,https://i.ytimg.com/vi/1NwopNOGe_W/default.jpg,False,False,False,Auto-generated sample description for Sports video.
60QUl2R9DuA,24.28.06,Reacting to Music Trends,Channel_4573,4,2024-06-25T12:00:00.000Z,trending|review|music,220713,10516,703,3717,https://i.ytimg.com/vi/XGBgWPd9tel/default.jpg,False,False,False,Auto-generated sample description for Music video.
MQkjGvrvGYD,24.28.11,Music Compilation 2024,Channel_1099,4,2024-11-24T01:00:00.000Z,live|2024|vlog,120315,4928,615,294,https://i.ytimg.com/vi/tKPaJh6GjpU/default.jpg,False,False,False,Auto-generated sample description for Music video.
dbvGuyiKXGV,24.07.09,Behind the Scenes: Gaming,Channel_4007,16,2024-09-03T03:00:00.000Z,live|2024|music,1346,96,1,1,https://i.ytimg.com/vi/msr-_IL8p50/default.jpg,False,False,False,Auto-generated sample description for Gaming video.
e8OuNcgrc26,24.12.02,Top 10 Entertainment Moments This Week,Channel_3795,3,2024-02-12T22:00:00.000Z,music|2024|review,31337,2197,311,589,https://i.ytimg.com/vi/nfwWKFzqkT1/default.jpg,False,False,False,Auto-generated sample description for Entertainment video.
VvWBY-IpIZ-,24.12.09,Reacting to Music Trends,Channel_70,10,2024-09-09T11:00:00.000Z,2024|vlog|trending,33635,2100,84,267,https://i.ytimg.com/vi/b7PIK4n9qvL/default.jpg,False,False,False,Auto-generated sample description for Music video.
2tNTsGpBv0s,24.21.09,Behind the Scenes: Entertainment,Channel_4561,18,2024-09-17T12:00:00.000Z,review|official|2024,38736,1491,283,25,https://i.ytimg.com/vi/qwsZF-Qebxr/default.jpg,False,False,False,Auto-generated sample description for Entertainment video.
2IvWbZerV6F,24.27.06,Top 10 Music Moments This Week,Channel_3548,4,2024-06-26T17:00:00.000Z,official|vlog|2024,9767,568,54,105,https://i.ytimg.com/vi/LmAEbCnvTq9/default.jpg,False,True,False,Auto-generated sample description for Music video.
bYNlQz2HnDg,24.21.04,Top 10 Science & Technology Moments This Week,Channel_4762,9,2024-04-20T09:00:00.000Z,live|vlog|official,1046,42,3,17,https://i.ytimg.com/vi/mBpdrZ3h3j8/default.jpg,False,False,False,Auto-generated sample description for Science & Technology video.
fNMRbajx_8M,24.28.10,Why This Music Video Went Viral,Channel_2680,10,2024-10-26T06:00:00.000Z,vlog|music|official,70099,2203,452,1137,https://i.ytimg.com/vi/1xAfkF8M4Lb/default.jpg,False,False,False,Auto-generated sample description for Music video.
9KJWl7uQQQH,24.24.12,Music Compilation 2024,Channel_2439,10,2024-12-20T09:00:00.000Z,trending|2024|music,50625,2810,444,854,https://i.ytimg.com/vi/EGM7o97iyQN/default.jpg,False,False,False,Auto-generated sample description for Music video.
GSDnO7lHMHe,24.04.11,Official Science & Technology Highlights,Channel_4270,20,2024-10-31T19:00:00.000Z,live|vlog|music,9319,159,56,113,https://i.ytimg.com/vi/tmGMaPKhCRB/default.jpg,False,False,False,Auto-generated sample description for Science & Technology video.
yqFDAijN9UT,24.01.03,Entertainment Compilation 2024,Channel_2239,18,2024-02-26T05:00:00.000Z,music|official|2024,14554,784,9,39,https://i.ytimg.com/vi/ySPjUVIxafG/default.jpg,False,False,False,Auto-generated sample description for Entertainment video.
wTJfrEZA_VE,24.20.10,Top 10 Entertainment Moments This Week,Channel_1755,3,2024-10-19T07:00:00.000Z,trending|2024|music,682563,37081,1148,9060,https://i.ytimg.com/vi/DOLgTDXfI3F/default.jpg,False,False,False,Auto-generated sample description for Entertainment video.
zmuH8XIQj1F,24.12.01,Why This Music Video Went Viral,Channel_4463,10,2024-01-10T04:00:00.000Z,trending|official|review,15775,290,95,307,https://i.ytimg.com/vi/fUBAkP6x_MF/default.jpg,False,False,False,Auto-generated sample description for Music video.
fxuyiadZWNZ,24.08.08,Why This Entertainment Video Went Viral,Channel_2895,3,2024-08-07T18:00:00.000Z,review|vlog|official,16477,981,20,69,https://i.ytimg.com/vi/GTmxbSXOudM/default.jpg,False,False,False,Auto-generated sample description for Entertainment video.
GkhKU9ozUyF,24.10.07,Official Entertainment Highlights,Channel_2901,3,2024-07-06T20:00:00.000Z,live|2024|trending,117701,4042,141,491,https://i.ytimg.com/vi/AAdBKMDwA1w/default.jpg,False,False,False,Auto-generated sample description for Entertainment video.
RMODKzwohqE,24.30.11,Music Compilation 2024,Channel_4765,4,2024-11-29T15:00:00.000Z,2024|vlog|official,469562,32382,2620,8984,https://i.ytimg.com/vi/ip6gUob-LV1/default.jpg,False,False,False,Auto-generated sample description for Music video.
Jzcz4j1_Teg,24.29.05,Official Music Highlights,Channel_808,4,2024-05-25T17:00:00.000Z,live|official|review,53937,3843,272,409,https://i.ytimg.com/vi/MGZip-wDRr6/default.jpg,False,False,False,Auto-generated sample description for Music video.
EhEc-1Rfm2j,24.04.05,Reacting to Music Trends,Channel_2292,10,2024-05-04T18:00:00.000Z,vlog|official|live,33616,586,30,561,https://i.ytimg.com/vi/_3AeU90I-m1/default.jpg,False,False,False,Auto-generated sample description for Music video.
azqifjXnhO2,24.09.04,Reacting to Music Trends,Channel_4874,10,2024-04-05T17:00:00.000Z,live|music|trending,24584,778,86,490,https://i.ytimg.com/vi/AibaL3jmz07/default.jpg,False,False,False,Auto-generated sample description for Music video.
VRsERIKgH4H,24.30.07,Why This Education Video Went Viral,Channel_1184,5,2024-07-27T20:00:00.000Z,music|live|review,6554,512,13,90,https://i.ytimg.com/vi/u4RbYCzUBx1/default.jpg,False,False,False,Auto-generated sample description for Education video.
K0sVnKCl_C-,24.20.03,Top 10 Entertainment Moments This Week,Channel_4162,18,2024-03-19T00:00:00.000Z,vlog|2024|trending,22496,833,155,397,https://i.ytimg.com/vi/mXN0KDzXdrZ/default.jpg,False,False,False,Auto-generated sample description for Entertainment video.
4MF0AHBpgYI,24.20.01,Why This Entertainment Video Went Viral,Channel_4612,18,2024-01-17T18:00:00.000Z,vlog|official|live,606307,25790,1783,11071,https://i.ytimg.com/vi/kV0HNxqEcIy/default.jpg,False,False,False,Auto-generated sample description for Entertainment video.
DWAfV1_Y-Vw,24.26.02,Top 10 Pets & Animals Moments This Week,Channel_1780,14,2024-02-26T13:00:00.000Z,2024|music|official,12364,351,57,91,https://i.ytimg.com/vi/Z6JDs0e3mg-/default.jpg,False,False,False,Auto-generated sample description for Pets & Animals video.
fWSnQ_wKAiJ,24.30.04,Behind the Scenes: Music,Channel_1922,4,2024-04-28T05:00:00.000Z,official|2024|vlog,12379,656,50,51,https://i.ytimg.com/vi/cxap-6lLB2Q/default.jpg,False,False,False,Auto-generated sample description for Music video.
xholkj_a62v,24.04.05,Behind the Scenes: Music,Channel_2325,4,2024-05-01T09:00:00.000Z,vlog|official|2024,70294,938,581,426,https://i.ytimg.com/vi/adEDedXCMzZ/default.jpg,False,False,False,Auto-generated sample description for Music video.
lSRIeWs25iU,24.20.01,Entertainment Compilation 2024,Channel_4989,3,2024-01-17T00:00:00.000Z,review|vlog|live,2765,44,13,42,https://i.ytimg.com/vi/xRTi1lC0md8/default.jpg,False,True,False,Auto-generated sample description for Entertainment video.
dDwcacI2-B4,24.26.06,Behind the Scenes: Music,Channel_4056,4,2024-06-26T18:00:00.000Z,review|2024|live,49264,1057,338,103,https://i.ytimg.com/vi/wf8X0sz3dga/default.jpg,False,False,False,Auto-generated sample description for Music video.
TQ4LxaxZ9dg,24.25.05,Reacting to Howto & Style Trends,Channel_3902,19,2024-05-23T11:00:00.000Z,music|vlog|review,1057,38,9,13,https://i.ytimg.com/vi/r2jcnLi04oG/default.jpg,False,False,False,Auto-generated sample description for Howto & Style video.
GlsxYNY-awW,24.06.03,Reacting to Comedy Trends,Channel_443,7,2024-03-02T10:00:00.000Z,live|music|review,2230,138,16,43,https://i.ytimg.com/vi/gICR7F5C1h1/default.jpg,False,False,False,Auto-generated sample description for Comedy video.
xZu2I76j4NY,24.09.10,Behind the Scenes: Comedy,Channel_2813,7,2024-10-07T14:00:00.000Z,review|2024|live,35762,870,161,148,https://i.ytimg.com/vi/a6j9BcojNU9/default.jpg,False,False,False,Auto-generated sample description for Comedy video.
VVjQ-Wmy5tJ,24.15.01,Reacting to Science & Technology Trends,Channel_349,9,2024-01-11T21:00:00.000Z,live|official|review,14531,247,137,144,https://i.ytimg.com/vi/rRa4LkdSr8g/default.jpg,False,False,False,Auto-generated sample description for Science & Technology video.
H3NibX3q7qZ,24.15.05,Official Music Highlights,Channel_1378,10,2024-05-11T05:00:00.000Z,music|live|official,200586,13727,630,1220,https://i.ytimg.com/vi/V5ce1MQArkH/default.jpg,False,False,False,Auto-generated sample description for Music video.
SoYIsGLgmF4,24.02.06,Behind the Scenes: Entertainment,Channel_571,18,2024-05-31T21:00:00.000Z,vlog|official|music,19962,571,156,254,https://i.ytimg.com/vi/lLQQTQJnmUK/default.jpg,False,False,False,Auto-generated sample description for Entertainment video.
MfNnwLt9-6a,24.27.10,Official Entertainment Highlights,Channel_4467,3,2024-10-26T01:00:00.000Z,live|music|trending,41190,505,267,352,https://i.ytimg.com/vi/9_zjjTodzqW/default.jpg,False,False,False,Auto-generated sample description for Entertainment video.
_nxVjPYp9Em,24.27.10,Official Entertainment Highlights,Channel_4044,18,2024-10-24T20:00:00.000Z,2024|official|trending,53997,4060,242,173,https://i.ytimg.com/vi/ghvidvo_yGW/default.jpg,False,False,False,Auto-generated sample description for Entertainment video.
49bD3RPk_2X,24.23.05,Top 10 Comedy Moments This Week,Channel_1650,7,2024-05-19T02:00:00.000Z,music|live|vlog,182878,12670,1810,1387,https://i.ytimg.com/vi/FuSg_8ku_Js/default.jpg,False,False,False,Auto-generated sample description for Comedy video.
w30dLpVKOxv,24.13.12,Reacting to Music Trends,Channel_4221,4,2024-12-10T00:00:00.000Z,music|vlog|official,92410,2750,586,487,https://i.ytimg.com/vi/CBLJ2q6gV0N/default.jpg,False,False,False,Auto-generated sample description for Music video.
3jDtc87FhD-,24.30.07,Top 10 Music Moments This Week,Channel_1608,10,2024-07-28T01:00:00.000Z,review|2024|live,187663,5634,1739,1848,https://i.ytimg.com/vi/l3tzYv8QB5M/default.jpg,False,False,False,Auto-generated sample description for Music video.
cFsjWTdC-gl,25.15.01,Top 10 Music Moments This Week,Channel_2541,10,2025-01-12T06:00:00.000Z,music|review|vlog,104227,5086,624,548,https://i.ytimg.com/vi/v9xC7goomzR/default.jpg,False,False,False,Auto-generated sample description for Music video.
7ADCdYwaS61,24.31.07,Top 10 Entertainment Moments This Week,Channel_676,3,2024-07-28T17:00:00.000Z,2024|vlog|music,2990893,198158,22697,4949,https://i.ytimg.com/vi/F8PvVPJK13_/default.jpg,False,False,False,Auto-generated sample description for Entertainment video.
bdk5mJXHb-4,24.20.12,Reacting to Entertainment Trends,Channel_4921,3,2024-12-20T18:00:00.000Z,2024|trending|vlog,103532,7710,602,1742,https://i.ytimg.com/vi/slKljadzquk/default.jpg,False,False,False,Auto-generated sample description for Entertainment video.
ulQ9YQpQgI4,24.28.04,Top 10 Music Moments This Week,Channel_3791,10,2024-04-25T14:00:00.000Z,vlog|trending|official,33270,2166,229,257,https://i.ytimg.com/vi/IwWEJVjIuBn/default.jpg,False,False,True,Auto-generated sample description for Music video.
tdaj06hY0s_,25.27.01,Gaming Compilation 2024,Channel_51,16,2025-01-26T06:00:00.000Z,official|trending|live,22400,759,72,335,https://i.ytimg.com/vi/s8ae7E2rcbb/default.jpg,False,False,False,Auto-generated sample description for Gaming video.
eKknUhHvFCD,24.20.11,Music Compilation 2024,Channel_2211,10,2024-11-16T05:00:00.000Z,review|live|official,62617,1786,278,1242,https://i.ytimg.com/vi/fYnk-8ioe8W/default.jpg,False,False,False,Auto-generated sample description for Music video.
-PDxVaGMoFo,24.04.06,Music Compilation 2024,Channel_1529,4,2024-06-01T10:00:00.000Z,music|trending|live,695411,54369,3011,9395,https://i.ytimg.com/vi/Tnjku10IIql/default.jpg,False,False,False,Auto-generated sample description for Music video.
nN4mhSgMC6z,25.31.01,Reacting to Music Trends,Channel_3081,10,2025-01-29T19:00:00.000Z,review|2024|vlog,157972,6213,892,409,https://i.ytimg.com/vi/zAjvc2vsPaf/default.jpg,False,False,False,Auto-generated sample description for Music video.
VnyboJzV-gM,24.03.02,Top 10 Entertainment Moments This Week,Channel_3858,18,2024-02-03T21:00:00.000Z,official|trending|music,45082,3598,243,658,https://i.ytimg.com/vi/qF7-tOz0KRG/default.jpg,False,False,False,Auto-generated sample description for Entertainment video.
l7zWRsgSy6C,24.16.06,Official Entertainment Highlights,Channel_3915,18,2024-06-15T21:00:00.000Z,music|2024|trending,22664,1000,150,274,https://i.ytimg.com/vi/9t6eWyBRUM_/default.jpg,False,False,False,Auto-generated sample description for Entertainment video.
bMocnsqCUjX,24.07.03,Reacting to Music Trends,Channel_2710,4,2024-03-03T08:00:00.000Z,music|vlog|2024,338142,24547,1114,879,https://i.ytimg.com/vi/TOGCVvmYR9K/default.jpg,False,False,False,Auto-generated sample description for Music video.
ZMVhr33B_Py,24.20.11,Reacting to Entertainment Trends,Channel_1101,3,2024-11-19T12:00:00.000Z,vlog|review|music,26726,504,149,337,https://i.ytimg.com/vi/-GmXNDhWuQj/default.jpg,False,False,False,Auto-generated sample description for Entertainment video.
G3CEfX7D_PG,24.30.07,Pets & Animals Compilation 2024,Channel_4832,11,2024-07-26T02:00:00.000Z,live|trending|2024,657,18,6,3,https://i.ytimg.com/vi/OMiYRx7lXuD/default.jpg,False,False,False,Auto-generated sample description for Pets & Animals video.
9cnYjkq4Hwe,24.26.01,Top 10 Entertainment Moments This Week,Channel_4422,3,2024-01-24T21:00:00.000Z,vlog|trending|live,1134,81,9,4,https://i.ytimg.com/vi/HmoilCmXSkk/default.jpg,False,False,False,Auto-generated sample description for Entertainment video.
tkAk9XYFn3O,24.23.10,Official Entertainment Highlights,Channel_1910,18,2024-10-20T21:00:00.000Z,live|review|vlog,16362,953,127,162,https://i.ytimg.com/vi/tJ6LLfqfwIR/default.jpg,False,False,True,Auto-generated sample description for Entertainment video.
vc4TUFIDdmP,24.28.01,Behind the Scenes: Music,Channel_1604,4,2024-01-25T14:00:00.000Z,review|2024|official,22586,607,183,244,https://i.ytimg.com/vi/GHt-tsYhWEb/default.jpg,False,False,False,Auto-generated sample description for Music video.
e7rHfJqnBBd,24.07.05,Official Entertainment Highlights,Channel_4457,3,2024-05-05T16:00:00.000Z,trending|vlog|2024,232266,12887,404,4605,https://i.ytimg.com/vi/Out_kY7-hP-/default.jpg,False,False,False,Auto-generated sample description for Entertainment video.
em26roJGs2Y,25.13.01,Official Entertainment Highlights,Channel_1763,18,2025-01-13T22:00:00.000Z,official|music|live,123580,4753,828,2162,https://i.ytimg.com/vi/E1q3-OIu1Dq/default.jpg,False,False,False,Auto-generated sample description for Entertainment video.
SKNWcJ4KDFR,24.07.10,Top 10 Entertainment Moments This Week,Channel_4602,3,2024-10-05T22:00:00.000Z,live|trending|vlog,9857,240,96,23,https://i.ytimg.com/vi/ejDnZP88BUH/default.jpg,False,False,False,Auto-generated sample description for Entertainment video.
HplC4M7qhuZ,24.25.07,Why This Gaming Video Went Viral,Channel_4927,1,2024-07-21T01:00:00.000Z,review|vlog|2024,13816,201,100,114,https://i.ytimg.com/vi/T-QHd22zZgO/default.jpg,False,False,False,Auto-generated sample description for Gaming video.
IijDo3OfiqR,24.22.03,Entertainment Compilation 2024,Channel_2297,18,2024-03-20T21:00:00.000Z,live|vlog|2024,20831,1086,104,170,https://i.ytimg.com/vi/Pxx18mUD1WC/default.jpg,False,False,False,Auto-generated sample description for Entertainment video.
dsZVh9HKZUj,24.01.10,Why This Entertainment Video Went Viral,Channel_3168,3,2024-10-01T22:00:00.000Z,vlog|official|live,969195,63474,9432,5822,https://i.ytimg.com/vi/e8PS4XsFEy-/default.jpg,False,False,False,Auto-generated sample description for Entertainment video.
LVr513q4jBm,24.29.03,Comedy Compilation 2024,Channel_4087,7,2024-03-28T12:00:00.000Z,vlog|review|official,7519,337,51,30,https://i.ytimg.com/vi/1D2yfZEHliA/default.jpg,False,False,False,Auto-generated sample description for Comedy video.
Qdj0vbn8WLF,24.24.10,Top 10 Nonprofits & Activism Moments This Week,Channel_409,6,2024-10-21T03:00:00.000Z,live|official|music,17082,275,135,99,https://i.ytimg.com/vi/VlKx-PjQ9dt/default.jpg,False,False,False,Auto-generated sample description for Nonprofits & Activism video.
IPl_x66aXrk,24.14.01,Behind the Scenes: Entertainment,Channel_4740,3,2024-01-13T17:00:00.000Z,2024|vlog|review,30501,669,113,479,https://i.ytimg.com/vi/MA_Wgy6rMgU/default.jpg,False,False,False,Auto-generated sample description for Entertainment video.
Bu5vVRzVjN3,24.23.04,Top 10 Gaming Moments This Week,Channel_2822,1,2024-04-20T12:00:00.000Z,review|music|live,594751,17890,1120,8221,https://i.ytimg.com/vi/MQYSuoLG9Ry/default.jpg,False,False,False,Auto-generated sample description for Gaming video.
z9o5m3Asjda,24.08.06,Why This Entertainment Video Went Viral,Channel_3326,3,2024-06-06T17:00:00.000Z,official|music|2024,11417,290,28,66,https://i.ytimg.com/vi/D8JFp--7YZp/default.jpg,False,False,False,Auto-generated sample description for Entertainment video.
2EblWahjw0J,24.14.06,Official Comedy Highlights,Channel_4272,7,2024-06-14T07:00:00.000Z,music|trending|review,14182,835,89,151,https://i.ytimg.com/vi/jTBZ6-t8JMr/default.jpg,False,False,False,Auto-generated sample description for Comedy video.
sIXWgPm_JD6,24.01.04,Behind the Scenes: Howto & Style,Channel_1701,19,2024-03-30T18:00:00.000Z,music|vlog|2024,19464,1422,163,11,https://i.ytimg.com/vi/P8InOR9nLmm/default.jpg,False,False,False,Auto-generated sample description for Howto & Style video.
fk-UCU6B1-6,24.27.10,Top 10 Pets & Animals Moments This Week,Channel_4083,15,2024-10-24T20:00:00.000Z,live|official|2024,21328,1418,163,127,https://i.ytimg.com/vi/ZgPdNQUkPvv/default.jpg,False,False,False,Auto-generated sample description for Pets & Animals video.
XKX0a4v-B97,24.06.07,Official Education Highlights,Channel_2873,13,2024-07-04T09:00:00.000Z,2024|review|live,870,11,5,13,https://i.ytimg.com/vi/zp0B9YgHKKL/default.jpg,False,False,False,Auto-generated sample description for Education video.
YrMX8XuE14Y,25.30.01,Official Sports Highlights,Channel_1492,12,2025-01-28T12:00:00.000Z,live|trending|vlog,9885,663,81,140,https://i.ytimg.com/vi/lDEUFkKs2on/default.jpg,False,False,False,Auto-generated sample description for Sports video.
LR6J5fqghZG,24.24.07,Behind the Scenes: Gaming,Channel_1345,16,2024-07-21T22:00:00.000Z,vlog|live|review,2015,37,5,13,https://i.ytimg.com/vi/g_BY3tLSWKo/default.jpg,False,False,False,Auto-generated sample description for Gaming video.
tiTjIngOELN,24.20.07,Why This Music Video Went Viral,Channel_829,10,2024-07-20T02:00:00.000Z,official|vlog|review,39377,893,28,21,https://i.ytimg.com/vi/A9SZJ5ysUW7/default.jpg,False,False,False,Auto-generated sample description for Music video.
5df7msbjw7I,24.15.02,Nonprofits & Activism Compilation 2024,Channel_4055,21,2024-02-12T07:00:00.000Z,trending|review|2024,4981,298,47,14,https://i.ytimg.com/vi/wtCvZjHV6dP/default.jpg,False,False,False,Auto-generated sample description for Nonprofits & Activism video.
MUENGNOH7UR,24.19.01,Behind the Scenes: Music,Channel_1907,10,2024-01-15T14:00:00.000Z,live|review|music,1363,40,2,12,https://i.ytimg.com/vi/u7QtkkXF0mb/default.jpg,False,False,False,Auto-generated sample description for Music video.
nGLXp8gg-pf,24.19.04,Reacting to Music Trends,Channel_846,10,2024-04-17T02:00:00.000Z,trending|2024|official,75209,2448,627,781,https://i.ytimg.com/vi/sBnAyz0Lt-k/default.jpg,False,False,False,Auto-generated sample description for Music video.
1RsCti-0GQk,24.26.03,Gaming Compilation 2024,Channel_1430,1,2024-03-26T17:00:00.000Z,music|live|2024,2520,192,12,39,https://i.ytimg.com/vi/WCwrznL6_KU/default.jpg,False,False,False,Auto-generated sample description for Gaming video.
wkDrbPJQ4oU,25.23.01,Behind the Scenes: Gaming,Channel_4570,16,2025-01-23T06:00:00.000Z,review|vlog|music,8218,524,32,20,https://i.ytimg.com/vi/kBNnPwPfHgl/default.jpg,False,False,False,Auto-generated sample description for Gaming video.
xfVZnPq1Ytc,24.26.03,Reacting to Music Trends,Channel_4136,4,2024-03-26T13:00:00.000Z,review|2024|vlog,26712,1570,110,482,https://i.ytimg.com/vi/tugPOkiKack/default.jpg,False,False,True,Auto-generated sample description for Music video.
ApLnmH3dfQO,24.08.12,Why This Gaming Video Went Viral,Channel_978,16,2024-12-05T19:00:00.000Z,trending|vlog|music,43839,1037,112,585,https://i.ytimg.com/vi/YmvUa0NZTSW/default.jpg,False,False,False,Auto-generated sample description for Gaming video.
JsEfpPwX51o,24.11.09,Entertainment Compilation 2024,Channel_2707,18,2024-09-08T12:00:00.000Z,official|trending|2024,56223,1603,184,524,https://i.ytimg.com/vi/Sh67zFdSQ8T/default.jpg,False,False,False,Auto-generated sample description for Entertainment video.
8HIK1UbeTKl,25.23.01,Behind the Scenes: Gaming,Channel_3797,1,2025-01-23T06:00:00.000Z,trending|vlog|review,13808,247,136,91,https://i.ytimg.com/vi/eWvTcYMbnKK/default.jpg,False,False,False,Auto-generated sample description for Gaming video.
ZbmQ2NjQPEU,24.25.06,Top 10 Education Moments This Week,Channel_4543,5,2024-06-25T08:00:00.000Z,live|official|music,10343,246,93,92,https://i.ytimg.com/vi/mVAM7_24ylc/default.jpg,False,False,False,Auto-generated sample description for Education video.
DiBl7AqVbPJ,24.11.12,Reacting to Entertainment Trends,Channel_986,18,2024-12-07T11:00:00.000Z,live|official|review,3669,76,24,30,https://i.ytimg.com/vi/Mur7Qf8G5ix/default.jpg,False,False,False,Auto-generated sample description for Entertainment video.
Co5GYwvIoyx,24.13.02,Entertainment Compilation 2024,Channel_2658,3,2024-02-12T16:00:00.000Z,music|official|review,68497,4163,397,259,https://i.ytimg.com/vi/jHqodWDirgC/default.jpg,False,False,False,Auto-generated sample description for Entertainment video.
UELMru7KUvD,24.06.02,Gaming Compilation 2024,Channel_4419,16,2024-02-02T09:00:00.000Z,2024|review|music,5278,309,17,33,https://i.ytimg.com/vi/0TjBnP5KHgM/default.jpg,False,False,False,Auto-generated sample description for Gaming video.
K3yv9wVg2ET,24.26.10,Behind the Scenes: Music,Channel_3887,4,2024-10-22T04:00:00.000Z,live|vlog|official,822825,27296,2809,14311,https://i.ytimg.com/vi/MYJC93nK8zA/default.jpg,False,True,False,Auto-generated sample description for Music video.
aITz4QuIYV7,24.17.12,Official Music Highlights,Channel_2635,10,2024-12-16T08:00:00.000Z,review|live|2024,59988,2029,538,806,https://i.ytimg.com/vi/IR4JRfozJF9/default.jpg,False,True,False,Auto-generated sample description for Music video.
5mKCJaAL-Uy,24.16.03,Reacting to Entertainment Trends,Channel_2990,18,2024-03-16T20:00:00.000Z,vlog|live|official,43623,1241,244,454,https://i.ytimg.com/vi/Gk_3X-qXybO/default.jpg,False,False,False,Auto-generated sample description for Entertainment video.
bHVjG4nZ6t4,24.30.06,Reacting to Music Trends,Channel_3775,10,2024-06-30T06:00:00.000Z,trending|review|2024,47300,2253,240,815,https://i.ytimg.com/vi/pUZ3-pJba2r/default.jpg,False,False,False,Auto-generated sample description for Music video.
HEGiY4qbJP0,25.13.01,Behind the Scenes: Comedy,Channel_2656,7,2025-01-11T14:00:00.000Z,trending|review|live,80555,5503,430,484,https://i.ytimg.com/vi/2shVo1nzHH8/default.jpg,True,False,False,Auto-generated sample description for Comedy video.
rJ97vkZsseF,24.17.04,Official Sports Highlights,Channel_366,12,2024-04-13T05:00:00.000Z,live|vlog|trending,4326,144,32,31,https://i.ytimg.com/vi/anS4dspwYgq/default.jpg,False,False,False,Auto-generated sample description for Sports video.
UKABhDn507p,24.06.05,Behind the Scenes: Music,Channel_3987,4,2024-05-03T14:00:00.000Z,review|2024|vlog,114661,2818,133,402,https://i.ytimg.com/vi/598x095NqR4/default.jpg,False,False,False,Auto-generated sample description for Music video.
yIb7U7q7SZl,24.21.10,Reacting to Gaming Trends,Channel_2013,1,2024-10-18T13:00:00.000Z,music|live|2024,2003,83,10,11,https://i.ytimg.com/vi/6DASy4OsdVs/default.jpg,False,False,False,Auto-generated sample description for Gaming video.
b9dSBq4NXpJ,24.22.07,Music Compilation 2024,Channel_2004,10,2024-07-22T05:00:00.000Z,2024|music|official,215543,15687,1485,3470,https://i.ytimg.com/vi/r1j--PdMUM1/default.jpg,False,False,False,Auto-generated sample description for Music video.
14zRKITlC61,24.07.04,Reacting to Entertainment Trends,Channel_2305,18,2024-04-05T10:00:00.000Z,live|trending|2024,1686,111,10,1,https://i.ytimg.com/vi/cjQgA5pKFlh/default.jpg,False,False,False,Auto-generated sample description for Entertainment video.
3pj5ILCYtvF,25.29.01,Top 10 Sports Moments This Week,Channel_3505,12,2025-01-28T21:00:00.000Z,music|trending|review,29037,647,116,318,https://i.ytimg.com/vi/DX6me0TxN5e/default.jpg,False,False,False,Auto-generated sample description for Sports video.
j0NEHZfRWlt,24.08.09,Music Compilation 2024,Channel_2866,10,2024-09-05T16:00:00.000Z,review|trending|2024,16758,1281,145,240,https://i.ytimg.com/vi/hLc1zPmJTfM/default.jpg,False,False,False,Auto-generated sample description for Music video.
kmsJwvFdhJZ,25.15.01,Why This Entertainment Video Went Viral,Channel_2748,3,2025-01-11T09:00:00.000Z,vlog|music|live,388305,23549,2592,7287,https://i.ytimg.com/vi/__rYILXImJr/default.jpg,False,False,False,Auto-generated sample description for Entertainment video.
xpJ0K79D-_D,24.26.05,Entertainment Compilation 2024,Channel_4177,3,2024-05-25T22:00:00.000Z,music|trending|official,26463,725,65,74,https://i.ytimg.com/vi/_LVrsxnfiYw/default.jpg,False,False,False,Auto-generated sample description for Entertainment video.
17oG2DSxznC,24.08.08,Official Music Highlights,Channel_1052,4,2024-08-07T22:00:00.000Z,vlog|trending|live,222104,3887,420,817,https://i.ytimg.com/vi/JM0KXgDM9XH/default.jpg,False,False,False,Auto-generated sample description for Music video.
i_Kylj5IUji,24.19.06,Behind the Scenes: Howto & Style,Channel_552,19,2024-06-18T16:00:00.000Z,music|official|vlog,22118,1542,122,159,https://i.ytimg.com/vi/i67MOsXiEYM/default.jpg,False,False,False,Auto-generated sample description for Howto & Style video.
4jTtm37XAAd,25.12.01,Official Autos & Vehicles Highlights,Channel_1828,8,2025-01-12T01:00:00.000Z,live|trending|review,14024,926,14,212,https://i.ytimg.com/vi/IpqTKa6NU0r/default.jpg,False,False,False,Auto-generated sample description for Autos & Vehicles video.
nUXI7m6Q3U4,24.20.02,Reacting to Entertainment Trends,Channel_122,18,2024-02-20T02:00:00.000Z,review|live|official,14341,822,70,268,https://i.ytimg.com/vi/MnB8oHqZSJJ/default.jpg,False,False,False,Auto-generated sample description for Entertainment video.
tqNrsTRxCiV,24.26.01,Official Gaming Highlights,Channel_481,1,2024-01-22T02:00:00.000Z,vlog|official|2024,3405,55,21,63,https://i.ytimg.com/vi/MCj8-kogl_1/default.jpg,False,False,False,Auto-generated sample description for Gaming video.
we1X_AVj14F,24.17.03,Why This Science & Technology Video Went Viral,Channel_99,9,2024-03-14T20:00:00.000Z,official|trending|2024,17024,673,102,246,https://i.ytimg.com/vi/gmCcuw-iC0J/default.jpg,False,False,False,Auto-generated sample description for Science & Technology video.
u6bnitFUCoe,24.03.07,Reacting to Music Trends,Channel_1075,4,2024-06-30T05:00:00.000Z,review|music|trending,4442,78,32,43,https://i.ytimg.com/vi/A9anw84XHQ1/default.jpg,False,False,False,Auto-generated sample description for Music video.
sRE76_Wgn7o,24.25.03,Why This Entertainment Video Went Viral,Channel_715,18,2024-03-25T14:00:00.000Z,official|vlog|2024,3907,141,28,76,https://i.ytimg.com/vi/08-OUV5odDK/default.jpg,False,False,False,Auto-generated sample description for Entertainment video.
nJrJv81XUwW,24.25.12,Behind the Scenes: Entertainment,Channel_958,3,2024-12-22T00:00:00.000Z,official|vlog|trending,56715,950,475,490,https://i.ytimg.com/vi/O-MdL1watFZ/default.jpg,False,False,False,Auto-generated sample description for Entertainment video.
dblOx78yvoV,24.01.12,Official Education Highlights,Channel_782,2,2024-11-28T04:00:00.000Z,live|2024|trending,7565,442,73,147,https://i.ytimg.com/vi/OCJHfs_T_Es/default.jpg,False,False,False,Auto-generated sample description for Education video.
9qagDtY_lMD,24.05.10,Top 10 Entertainment Moments This Week,Channel_3395,3,2024-10-05T05:00:00.000Z,review|live|2024,299020,10238,1141,2936,https://i.ytimg.com/vi/q3dVbCv9zaW/default.jpg,False,False,False,Auto-generated sample description for Entertainment video.
xJ6EkXCaXdr,24.14.08,Official Entertainment Highlights,Channel_3148,3,2024-08-11T02:00:00.000Z,trending|review|2024,19503,1076,17,362,https://i.ytimg.com/vi/gtt1PCxa5xC/default.jpg,False,False,False,Auto-generated sample description for Entertainment video.
YOnRgQQl1im,24.16.03,Behind the Scenes: Music,Channel_2436,4,2024-03-14T10:00:00.000Z,trending|official|live,75519,4807,669,779,https://i.ytimg.com/vi/wUHbbtiqyot/default.jpg,False,False,False,Auto-generated sample description for Music video.
XmGwPuI1amt,24.24.06,Behind the Scenes: Howto & Style,Channel_44,22,2024-06-24T13:00:00.000Z,live|trending|official,2470,157,7,41,https://i.ytimg.com/vi/JLIfjhLs03g/default.jpg,False,False,False,Auto-generated sample description for Howto & Style video.
Ki0L682rfLD,24.31.01,Behind the Scenes: Entertainment,Channel_4418,18,2024-01-30T21:00:00.000Z,review|official|live,6331,257,47,123,https://i.ytimg.com/vi/UCfuwLIm3LC/default.jpg,False,False,False,Auto-generated sample description for Entertainment video.
WuQNKhDa_iU,24.24.05,Music Compilation 2024,Channel_4050,10,2024-05-20T22:00:00.000Z,live|trending|music,4401,57,23,68,https://i.ytimg.com/vi/DszboLLvC_7/default.jpg,False,False,False,Auto-generated sample description for Music video.
x83FFX_2Mde,24.30.09,Reacting to Entertainment Trends,Channel_2483,18,2024-09-28T03:00:00.000Z,music|trending|vlog,280606,2885,607,318,https://i.ytimg.com/vi/eyIOrmSkSp-/default.jpg,False,False,False,Auto-generated sample description for Entertainment video.
YnNKcK1oCRN,24.25.08,Behind the Scenes: Comedy,Channel_4634,7,2024-08-22T08:00:00.000Z,review|vlog|2024,71704,5068,236,1011,https://i.ytimg.com/vi/LjdnDG3InNp/default.jpg,False,False,False,Auto-generated sample description for Comedy video.
DUbARXEsJD5,25.23.01,Why This Entertainment Video Went Viral,Channel_1670,18,2025-01-22T03:00:00.000Z,live|trending|music,391956,23426,864,821,https://i.ytimg.com/vi/FGbigb5mceY/default.jpg,False,False,False,Auto-generated sample description for Entertainment video.
HXuslXS_NPI,24.28.07,Official Entertainment Highlights,Channel_625,3,2024-07-25T19:00:00.000Z,review|live|vlog,35742,2051,275,32,https://i.ytimg.com/vi/XMSGhgn2VZ4/default.jpg,False,False,False,Auto-generated sample description for Entertainment video.
_w1sA-Jnrjp,24.27.07,Official Comedy Highlights,Channel_3592,7,2024-07-23T17:00:00.000Z,vlog|live|official,32228,476,102,343,https://i.ytimg.com/vi/VHpT5_CQjtJ/default.jpg,False,False,False,Auto-generated sample description for Comedy video.
UhQz-yqaflD,24.02.07,Official Entertainment Highlights,Channel_3622,3,2024-06-29T02:00:00.000Z,2024|music|review,335116,14649,2047,192,https://i.ytimg.com/vi/e_1f3kTINW6/default.jpg,False,False,False,Auto-generated sample description for Entertainment video.
j1xLHF_3DlE,24.25.02,Entertainment Compilation 2024,Channel_909,18,2024-02-25T20:00:00.000Z,live|vlog|2024,72805,5822,356,159,https://i.ytimg.com/vi/4gJ11WPy10d/default.jpg,False,False,False,Auto-generated sample description for Entertainment video.
0QlAycjVhA3,24.30.05,Reacting to Music Trends,Channel_1557,4,2024-05-28T17:00:00.000Z,live|music|2024,507668,9818,4203,3235,https://i.ytimg.com/vi/H-A3xU2bz6r/default.jpg,False,False,False,Auto-generated sample description for Music video.
ighFTjJhaWD,25.02.02,Why This Music Video Went Viral,Channel_974,4,2025-02-01T05:00:00.000Z,2024|official|trending,289104,3916,743,1697,https://i.ytimg.com/vi/EN8gReFID0K/default.jpg,False,False,False,Auto-generated sample description for Music video.
rm66X_jf-mx,24.23.12,Why This Music Video Went Viral,Channel_3744,4,2024-12-19T11:00:00.000Z,vlog|review|trending,9437,407,4,152,https://i.ytimg.com/vi/a88_bX5l0Ze/default.jpg,False,False,False,Auto-generated sample description for Music video.
xerD4wOLSzK,24.21.06,Top 10 Science & Technology Moments This Week,Channel_1419,9,2024-06-17T15:00:00.000Z,trending|official|music,7763,315,16,62,https://i.ytimg.com/vi/d48a9UQWszs/default.jpg,False,False,False,Auto-generated sample description for Science & Technology video.
nR5prR037Rt,24.12.06,Official Music Highlights,Channel_4902,10,2024-06-09T12:00:00.000Z,review|live|trending,85838,2659,604,1444,https://i.ytimg.com/vi/XM-CtO6Rrmx/default.jpg,False,False,False,Auto-generated sample description for Music video.
VOUzmoeaafl,25.05.02,Sports Compilation 2024,Channel_4716,12,2025-02-01T01:00:00.000Z,official|music|review,430,23,2,2,https://i.ytimg.com/vi/vfnaTSv6x_u/default.jpg,False,False,False,Auto-generated sample description for Sports video.
jzfXa9ofrcn,24.21.03,Reacting to Entertainment Trends,Channel_2422,18,2024-03-19T01:00:00.000Z,official|trending|2024,29599,419,65,466,https://i.ytimg.com/vi/_j9NSxaOYAw/default.jpg,False,False,False,Auto-generated sample description for Entertainment video.
x7ZTdLFAz7n,24.29.08,Behind the Scenes: Sports,Channel_2201,12,2024-08-27T06:00:00.000Z,trending|review|official,994,36,4,15,https://i.ytimg.com/vi/dMpcqtH9jfY/default.jpg,False,False,False,Auto-generated sample description for Sports video.
C2TAT7itNoI,24.02.03,Why This Music Video Went Viral,Channel_1443,10,2024-02-29T17:00:00.000Z,2024|live|trending,344883,3842,524,4240,https://i.ytimg.com/vi/ERl1mvtXe6r/default.jpg,False,False,False,Auto-generated sample description for Music video.
W3ptwP-Ezoe,24.25.10,Reacting to Music Trends,Channel_1867,10,2024-10-25T15:00:00.000Z,live|2024|trending,12726,975,107,164,https://i.ytimg.com/vi/qb5vDwV4L2U/default.jpg,False,False,False,Auto-generated sample description for Music video.
1slm9pTmKtn,24.10.10,Behind the Scenes: Science & Technology,Channel_1203,20,2024-10-08T03:00:00.000Z,2024|trending|review,1366,37,12,11,https://i.ytimg.com/vi/3p_qxrzyMKc/default.jpg,False,False,False,Auto-generated sample description for Science & Technology video.
y8QGHaeYEqI,24.10.06,Behind the Scenes: Comedy,Channel_3089,7,2024-06-07T03:00:00.000Z,trending|live|review,2210,84,12,28,https://i.ytimg.com/vi/sYtCGn6cQ81/default.jpg,False,False,False,Auto-generated sample description for Comedy video.
OCR_PluiCuo,25.26.01,Reacting to Music Trends,Channel_2783,4,2025-01-24T07:00:00.000Z,official|live|review,57299,3816,396,893,https://i.ytimg.com/vi/ysU6pZyIJ-Z/default.jpg,False,False,False,Auto-generated sample description for Music video.
7P1VJsOJ5R8,24.15.07,Official Music Highlights,Channel_4827,10,2024-07-12T19:00:00.000Z,trending|music|live,62530,3189,407,1179,https://i.ytimg.com/vi/CfrjnpyjgpT/default.jpg,False,False,False,Auto-generated sample description for Music video.
imP1vWfjvhP,24.01.12,Reacting to Sports Trends,Channel_749,12,2024-11-29T11:00:00.000Z,2024|vlog|trending,7442,245,26,139,https://i.ytimg.com/vi/sp-4Vl2jwwH/default.jpg,False,False,False,Auto-generated sample description for Sports video.
JrZ6BUcRSM9,24.19.04,Why This Entertainment Video Went Viral,Channel_3948,18,2024-04-16T10:00:00.000Z,live|review|2024,40951,1004,108,772,https://i.ytimg.com/vi/dxeD1X3tvPY/default.jpg,False,False,False,Auto-generated sample description for Entertainment video.
hu1ID71Y5uh,24.24.07,Behind the Scenes: Music,Channel_1279,4,2024-07-20T14:00:00.000Z,live|2024|official,71508,4574,293,499,https://i.ytimg.com/vi/LVqxyvqKCOu/default.jpg,False,False,False,Auto-generated sample description for Music video.
7Tj1BXCRP5L,24.15.04,Reacting to Music Trends,Channel_4369,10,2024-04-11T00:00:00.000Z,music|2024|trending,9789,623,90,5,https://i.ytimg.com/vi/geGkrdrxxnD/default.jpg,False,False,False,Auto-generated sample description for Music video.
XYQQ86I36DP,24.28.05,Reacting to Music Trends,Channel_4794,10,2024-05-27T00:00:00.000Z,review|music|2024,38195,1932,194,580,https://i.ytimg.com/vi/PjHW0qQf8iJ/default.jpg,False,False,False,Auto-generated sample description for Music video.
qrG6rqdC-Vs,24.12.01,Why This Education Video Went Viral,Channel_3538,13,2024-01-12T20:00:00.000Z,review|2024|trending,136209,5227,421,324,https://i.ytimg.com/vi/xTk7PLiwD1Y/default.jpg,False,False,False,Auto-generated sample description for Education video.
qa2lMgoffmr,25.07.01,Official Gaming Highlights,Channel_3127,1,2025-01-04T08:00:00.000Z,live|vlog|review,6984,108,10,91,https://i.ytimg.com/vi/W4YFMB_E6gu/default.jpg,False,False,False,Auto-generated sample description for Gaming video.
ml0bUuRWojS,24.02.02,Entertainment Compilation 2024,Channel_240,18,2024-01-31T10:00:00.000Z,music|vlog|review,38262,2097,334,158,https://i.ytimg.com/vi/ceCqMrTIoab/default.jpg,False,False,False,Auto-generated sample description for Entertainment video.
hNk1ipDnLVB,24.19.06,Reacting to Entertainment Trends,Channel_4597,3,2024-06-18T19:00:00.000Z,official|live|music,3421,254,5,63,https://i.ytimg.com/vi/1Fb4Nlfe5VS/default.jpg,False,False,False,Auto-generated sample description for Entertainment video.
2-nEX1R-jWk,24.05.08,Music Compilation 2024,Channel_2648,4,2024-08-02T00:00:00.000Z,review|vlog|2024,58784,3419,293,1031,https://i.ytimg.com/vi/feS1kznaRi7/default.jpg,False,False,False,Auto-generated sample description for Music video.
qnGu8V-0sUE,24.16.10,Sports Compilation 2024,Channel_1648,12,2024-10-15T22:00:00.000Z,music|vlog|live,759,43,2,10,https://i.ytimg.com/vi/1t6L-pPTCiu/default.jpg,False,False,True,Auto-generated sample description for Sports video.
W3xb7Y_f1Ng,24.14.12,Why This Entertainment Video Went Viral,Channel_2336,3,2024-12-10T22:00:00.000Z,2024|review|music,9158,400,64,90,https://i.ytimg.com/vi/VbQuslHkW82/default.jpg,False,False,False,Auto-generated sample description for Entertainment video.
mGUHY3lQwLg,24.10.11,Reacting to Entertainment Trends,Channel_1852,3,2024-11-08T02:00:00.000Z,vlog|review|2024,41877,1132,138,779,https://i.ytimg.com/vi/FT-ymE2g-wS/default.jpg,False,False,False,Auto-generated sample description for Entertainment video.
P2wbIh5EwU1,24.30.01,Official Entertainment Highlights,Channel_2984,18,2024-01-26T09:00:00.000Z,trending|music|vlog,82096,2006,472,1144,https://i.ytimg.com/vi/jvle3oix6e0/default.jpg,False,False,False,Auto-generated sample description for Entertainment video.
xOclPzJNKC9,24.14.04,Behind the Scenes: Music,Channel_584,10,2024-04-13T16:00:00.000Z,trending|2024|vlog,40341,2192,355,358,https://i.ytimg.com/vi/uDAv3jMixkB/default.jpg,False,False,False,Auto-generated sample description for Music video.
P9HzQz192yY,24.29.02,Reacting to Entertainment Trends,Channel_4002,18,2024-02-25T06:00:00.000Z,vlog|official|trending,13512,381,130,203,https://i.ytimg.com/vi/pPWpznqd_2T/default.jpg,False,False,False,Auto-generated sample description for Entertainment video.
OssTfR9x2uk,24.02.03,Official Entertainment Highlights,Channel_2446,3,2024-02-29T20:00:00.000Z,vlog|2024|review,10854,376,78,26,https://i.ytimg.com/vi/d_LX18A6Rm9/default.jpg,False,False,False,Auto-generated sample description for Entertainment video.
EBT3Igojipa,24.09.01,Top 10 Gaming Moments This Week,Channel_715,1,2024-01-06T17:00:00.000Z,vlog|review|live,14497,642,71,289,https://i.ytimg.com/vi/h_vYg9CB2KV/default.jpg,False,False,False,Auto-generated sample description for Gaming video.
wfb5tUbPPjg,24.21.01,Why This Music Video Went Viral,Channel_1120,4,2024-01-20T22:00:00.000Z,review|2024|music,28810,1856,208,252,https://i.ytimg.com/vi/J0qCfbXCOHF/default.jpg,False,False,False,Auto-generated sample description for Music video.
yUiVCFNmwrF,24.26.05,Behind the Scenes: Gaming,Channel_632,1,2024-05-23T09:00:00.000Z,2024|live|official,6667,137,24,45,https://i.ytimg.com/vi/fAC6APOQFtY/default.jpg,False,False,False,Auto-generated sample description for Gaming video.
MWzBdxyAio3,24.01.06,Why This Comedy Video Went Viral,Channel_4930,7,2024-05-30T00:00:00.000Z,music|official|trending,1287,59,12,2,https://i.ytimg.com/vi/HE_lVLUfyV8/default.jpg,False,False,False,Auto-generated sample description for Comedy video.
pDfEbgOMKc4,24.11.02,Why This Howto & Style Video Went Viral,Channel_1135,19,2024-02-11T09:00:00.000Z,trending|official|2024,66322,1648,485,1020,https://i.ytimg.com/vi/JJPlVJCzjCv/default.jpg,False,False,False,Auto-generated sample description for Howto & Style video.
dAY1BP--Xkl,24.08.11,Reacting to Music Trends,Channel_2909,4,2024-11-06T06:00:00.000Z,music|2024|live,15129,1005,49,282,https://i.ytimg.com/vi/FC9tOdFv-f6/default.jpg,False,False,False,Auto-generated sample description for Music video.
2rPAg1Wf8Hj,25.15.01,Behind the Scenes: Gaming,Channel_2209,16,2025-01-12T02:00:00.000Z,2024|vlog|review,911,47,5,7,https://i.ytimg.com/vi/tpel9SgTV0A/default.jpg,False,False,False,Auto-generated sample description for Gaming video.
WaIm034WRGV,24.22.01,Behind the Scenes: Music,Channel_4602,10,2024-01-22T21:00:00.000Z,2024|music|live,121842,5958,274,261,https://i.ytimg.com/vi/aTVAIvudeul/default.jpg,False,False,False,Auto-generated sample description for Music video.
ZXKGmBlO6WZ,24.07.01,Gaming Compilation 2024,Channel_1502,1,2024-01-07T20:00:00.000Z,live|music|trending,183346,7869,134,3397,https://i.ytimg.com/vi/ih5UmyfOXiH/default.jpg,False,False,False,Auto-generated sample description for Gaming video.
uDTFZ-uCWIe,24.07.07,Behind the Scenes: Music,Channel_2004,4,2024-07-07T10:00:00.000Z,2024|vlog|music,89935,5828,66,1465,https://i.ytimg.com/vi/5LDijRXBpba/default.jpg,False,False,False,Auto-generated sample description for Music video.
212ofpMXClg,24.09.05,Behind the Scenes: Music,Channel_4663,10,2024-05-08T06:00:00.000Z,music|official|2024,16215,1068,9,108,https://i.ytimg.com/vi/EvOhP5F7yfX/default.jpg,False,False,False,Auto-generated sample description for Music video.
UakkIi1qwBs,25.08.01,Why This Entertainment Video Went Viral,Channel_1670,3,2025-01-06T12:00:00.000Z,trending|music|vlog,483151,10469,2798,5533,https://i.ytimg.com/vi/gOFuk4cLmqK/default.jpg,False,False,False,"Auto-generated sample description for Entertainment video.
Second line inside a quoted CSV field."
ugP-zm8rabK,24.21.03,Autos & Vehicles Compilation 2024,Channel_2754,8,2024-03-18T14:00:00.000Z,review|2024|live,399,24,1,6,https://i.ytimg.com/vi/wRemZvdm2O5/default.jpg,False,False,False,Auto-generated sample description for Autos & Vehicles video.
G_p4Uc6L_U7,24.02.06,Reacting to Sports Trends,Channel_4320,12,2024-05-29T02:00:00.000Z,trending|vlog|2024,20851,302,63,77,https://i.ytimg.com/vi/aB9if-TxDBE/default.jpg,False,False,False,Auto-generated sample description for Sports video.
JyjCKRI6fit,24.28.10,Music Compilation 2024,Channel_1240,4,2024-10-25T11:00:00.000Z,review|2024|vlog,11930,842,113,137,https://i.ytimg.com/vi/Z-W5B9AE_I8/default.jpg,False,False,False,Auto-generated sample description for Music video.
aH3n1aJ5Dz6,24.22.08,Reacting to Music Trends,Channel_1471,4,2024-08-19T05:00:00.000Z,official|vlog|2024,35529,2186,110,493,https://i.ytimg.com/vi/YFUt5b1S2qp/default.jpg,False,False,False,Auto-generated sample description for Music video.
G4p6isOg8Cg,24.03.10,Reacting to Pets & Animals Trends,Channel_2365,14,2024-09-30T09:00:00.000Z,review|vlog|trending,2015,108,13,27,https://i.ytimg.com/vi/lwmORWlHURD/default.jpg,False,False,False,Auto-generated sample description for Pets & Animals video.
ILZyjnPRn8J,24.08.07,Top 10 Comedy Moments This Week,Channel_491,7,2024-07-05T03:00:00.000Z,vlog|live|trending,8553,126,67,25,https://i.ytimg.com/vi/siRO_FjiBls/default.jpg,False,False,False,Auto-generated sample description for Comedy video.
xufxvVYgfTN,25.20.01,Top 10 Music Moments This Week,Channel_1761,10,2025-01-19T06:00:00.000Z,live|2024|review,72386,4276,312,410,https://i.ytimg.com/vi/-jSwJvtH5-o/default.jpg,False,False,False,Auto-generated sample description for Music video.
Tq2kX-bS34F,24.06.10,Official Entertainment Highlights,Channel_4076,3,2024-10-03T09:00:00.000Z,trending|review|2024,14836,462,109,16,https://i.ytimg.com/vi/o6ZEk9JtRQl/default.jpg,False,False,False,Auto-generated sample description for Entertainment video.
eGgg60Tr0ug,24.14.07,Official Film & Animation Highlights,Channel_3637,17,2024-07-10T19:00:00.000Z,review|official|trending,2737,30,21,8,https://i.ytimg.com/vi/h0kgyAfASxK/default.jpg,False,False,False,Auto-generated sample description for Film & Animation video.
CKL4DRS0TBy,24.26.11,Music Compilation 2024,Channel_138,10,2024-11-22T02:00:00.000Z,trending|official|vlog,133169,9144,1048,2464,https://i.ytimg.com/vi/HZSQzN5z_3F/default.jpg,False,False,False,Auto-generated sample description for Music video.
OfoqctGpapE,24.08.04,Reacting to Science & Technology Trends,Channel_1778,20,2024-04-04T02:00:00.000Z,live|2024|official,5020,170,21,50,https://i.ytimg.com/vi/PamhCJWBnQH/default.jpg,False,False,False,Auto-generated sample description for Science & Technology video.
9ohbcaNqc48,24.03.04,Gaming Compilation 2024,Channel_4967,16,2024-03-30T07:00:00.000Z,official|2024|vlog,10396,449,81,190,https://i.ytimg.com/vi/qjt7wzuzI57/default.jpg,False,False,False,Auto-generated sample description for Gaming video.
RhPrcJczNga,24.05.08,Why This Music Video Went Viral,Channel_3487,10,2024-08-02T19:00:00.000Z,2024|music|official,107036,3177,214,2117,https://i.ytimg.com/vi/_KhoIEO08rI/default.jpg,False,False,False,Auto-generated sample description for Music video.
leY4RJ5QS-g,24.02.07,Reacting to Music Trends,Channel_1138,10,2024-06-30T20:00:00.000Z,music|2024|trending,188880,13236,734,2924,https://i.ytimg.com/vi/JIUizU6L-9H/default.jpg,False,False,False,Auto-generated sample description for Music video.
FuDRp5yZXu4,24.10.07,Why This Music Video Went Viral,Channel_4368,4,2024-07-10T10:00:00.000Z,trending|music|review,14013,852,121,239,https://i.ytimg.com/vi/adiPtm3uYay/default.jpg,False,False,False,Auto-generated sample description for Music video.
jp2BETaoLLj,24.23.08,Reacting to Comedy Trends,Channel_2326,7,2024-08-21T00:00:00.000Z,2024|official|live,5498,413,40,64,https://i.ytimg.com/vi/sLwQNDWNlXM/default.jpg,False,False,False,Auto-generated sample description for Comedy video.
bQivn8l0S_D,24.12.02,Why This Sports Video Went Viral,Channel_3471,12,2024-02-12T07:00:00.000Z,trending|vlog|official,5917,250,35,46,https://i.ytimg.com/vi/bXCGsL3teow/default.jpg,False,False,False,Auto-generated sample description for Sports video.
9L090KIVObK,24.21.01,Reacting to Music Trends,Channel_3110,10,2024-01-18T11:00:00.000Z,music|trending|official,22543,1774,88,388,https://i.ytimg.com/vi/OBn3vilWBIc/default.jpg,False,False,False,Auto-generated sample description for Music video.
rOouzrOmKYE,24.21.12,Top 10 Howto & Style Moments This Week,Channel_1419,19,2024-12-21T00:00:00.000Z,live|music|vlog,47351,799,121,88,https://i.ytimg.com/vi/9Fu1qTr0xiA/default.jpg,False,False,False,Auto-generated sample description for Howto & Style video.
7KwHHKm355P,24.26.12,Top 10 Music Moments This Week,Channel_15,10,2024-12-22T21:00:00.000Z,live|music|review,26758,828,106,173,https://i.ytimg.com/vi/aZkjIAg-Fvw/default.jpg,False,False,False,Auto-generated sample description for Music video.
0rHcBmyYwoV,24.22.05,Top 10 Gaming Moments This Week,Channel_1782,1,2024-05-21T13:00:00.000Z,music|trending|live,25323,608,211,431,https://i.ytimg.com/vi/FIYHO__4-Up/default.jpg,False,False,False,Auto-generated sample description for Gaming video.
hLk-yKzlyvg,24.11.02,Why This Entertainment Video Went Viral,Channel_3514,3,2024-02-11T07:00:00.000Z,vlog|official|trending,30913,1197,278,532,https://i.ytimg.com/vi/xNEJ7gZ5Sf6/default.jpg,False,False,False,Auto-generated sample description for Entertainment video.
TndU_TOQ8E7,24.04.12,Why This Education Video Went Viral,Channel_4877,2,2024-12-01T21:00:00.000Z,2024|live|vlog,25206,777,25,452,https://i.ytimg.com/vi/ryBRHIrR4rl/default.jpg,False,False,False,Auto-generated sample description for Education video.
WcaYqxfZ98r,24.15.03,Top 10 Entertainment Moments This Week,Channel_4862,18,2024-03-12T11:00:00.000Z,review|vlog|official,50113,3262,346,197,https://i.ytimg.com/vi/lktmVDRfcsk/default.jpg,False,False,False,Auto-generated sample description for Entertainment video.
Sosiuf8cf9D,24.06.05,Reacting to Music Trends,Channel_1639,4,2024-05-05T22:00:00.000Z,review|trending|vlog,29739,1434,265,87,https://i.ytimg.com/vi/URhjpUqwKDQ/default.jpg,True,False,False,Auto-generated sample description for Music video.
hhf3dpl63YX,24.29.03,Official Entertainment Highlights,Channel_3777,18,2024-03-27T09:00:00.000Z,live|official|vlog,49712,2876,488,248,https://i.ytimg.com/vi/iZDDpZJTjRt/default.jpg,False,False,False,Auto-generated sample description for Entertainment video.
m6ffVSmF2_s,24.12.11,Reacting to Comedy Trends,Channel_3884,7,2024-11-10T14:00:00.000Z,vlog|live|trending,86668,6893,712,534,https://i.ytimg.com/vi/cBMUKLhmKlT/default.jpg,True,False,True,Auto-generated sample description for Comedy video.
VYM9KyeE5eO,24.06.01,Official Entertainment Highlights,Channel_937,18,2024-01-06T14:00:00.000Z,live|official|review,35494,1447,230,527,https://i.ytimg.com/vi/YvdlmSXY_yX/default.jpg,False,False,False,Auto-generated sample description for Entertainment video.
Ce7n9P7ritO,24.24.11,Why This Music Video Went Viral,Channel_3980,10,2024-11-23T07:00:00.000Z,live|review|vlog,3267,134,31,22,https://i.ytimg.com/vi/K5jSFtAzRnn/default.jpg,False,False,False,Auto-generated sample description for Music video.
WVIv8IGzlbu,24.04.10,Entertainment Compilation 2024,Channel_2526,18,2024-10-02T18:00:00.000Z,trending|2024|official,20346,331,168,207,https://i.ytimg.com/vi/pOoAJXPf5k2/default.jpg,False,False,False,Auto-generated sample description for Entertainment video.
i4taD_k-zJ6,24.20.08,Sports Compilation 2024,Channel_3693,12,2024-08-17T00:00:00.000Z,vlog|2024|official,4175,115,30,69,https://i.ytimg.com/vi/ZmxfQW95xWy/default.jpg,False,False,False,Auto-generated sample description for Sports video.
SaCNVB82Ntq,24.14.11,Why This Music Video Went Viral,Channel_4324,4,2024-11-12T15:00:00.000Z,trending|2024|review,13428,456,58,136,https://i.ytimg.com/vi/Ty_q-R405xN/default.jpg,False,False,False,Auto-generated sample description for Music video.
J_zIS0Frsis,24.09.07,Official Music Highlights,Channel_2820,10,2024-07-09T17:00:00.000Z,2024|review|live,162522,11399,161,302,https://i.ytimg.com/vi/zALp04jBzku/default.jpg,False,False,False,Auto-generated sample description for Music video.
L5AgUHY2-fM,24.23.01,Behind the Scenes: Music,Channel_1981,4,2024-01-19T19:00:00.000Z,live|music|2024,1577,30,11,25,https://i.ytimg.com/vi/N8oNHneQIGW/default.jpg,False,False,False,Auto-generated sample description for Music video.
2rXqW4D2R_l,24.13.07,Official Entertainment Highlights,Channel_2236,3,2024-07-12T02:00:00.000Z,official|music|trending,47994,1182,416,927,https://i.ytimg.com/vi/UB0HCtZV5XJ/default.jpg,False,False,False,Auto-generated sample description for Entertainment video.
cgX8Cw2UsLH,24.23.12,Top 10 Music Moments This Week,Channel_4060,4,2024-12-22T00:00:00.000Z,live|2024|vlog,18780,1017,138,231,https://i.ytimg.com/vi/NEp_3bwa0fS/default.jpg,False,False,False,Auto-generated sample description for Music video.
qyztdL6YXH4,24.07.05,Behind the Scenes: Music,Channel_1431,4,2024-05-05T19:00:00.000Z,2024|review|official,305874,19153,2131,5466,https://i.ytimg.com/vi/jk4tSkAN4Lz/default.jpg,False,False,False,Auto-generated sample description for Music video.
h8YPNXCcIQF,24.04.08,Behind the Scenes: Music,Channel_2109,10,2024-08-02T11:00:00.000Z,review|2024|official,67584,4598,183,1035,https://i.ytimg.com/vi/GWT5dkKo4IG/default.jpg,False,False,False,Auto-generated sample description for Music video.
MrWyj7JCiey,24.26.04,Music Compilation 2024,Channel_460,10,2024-04-22T10:00:00.000Z,trending|music|review,280128,14265,257,5361,https://i.ytimg.com/vi/rKm_qJTvUVv/default.jpg,False,True,False,Auto-generated sample description for Music video.
MWV0EqBuwxR,24.26.07,Behind the Scenes: Science & Technology,Channel_3353,20,2024-07-25T04:00:00.000Z,music|2024|vlog,31857,837,281,88,https://i.ytimg.com/vi/zQKe85mw0PS/default.jpg,False,False,False,Auto-generated sample description for Science & Technology video.
210IDWqsz-F,24.06.02,Why This Science & Technology Video Went Viral,Channel_4303,9,2024-02-02T09:00:00.000Z,official|vlog|trending,4225,325,25,31,https://i.ytimg.com/vi/H35or9KqFNg/default.jpg,False,False,False,Auto-generated sample description for Science & Technology video.
3yg52Q0AIDU,24.30.11,Gaming Compilation 2024,Channel_3125,16,2024-11-28T12:00:00.000Z,official|music|vlog,17018,594,35,188,https://i.ytimg.com/vi/B_HTKcg4YxO/default.jpg,False,False,False,Auto-generated sample description for Gaming video.
OCaQHz2DT2w,24.07.03,Why This Music Video Went Viral,Channel_2211,10,2024-03-04T01:00:00.000Z,music|trending|2024,9645,183,61,19,https://i.ytimg.com/vi/LiRwvk-TOXk/default.jpg,False,False,False,Auto-generated sample description for Music video.
A7C5EpsPXfk,24.09.12,Top 10 Comedy Moments This Week,Channel_670,7,2024-12-06T09:00:00.000Z,music|trending|review,2372,48,11,42,https://i.ytimg.com/vi/J0gUpCC9LjE/default.jpg,False,False,False,Auto-generated sample description for Comedy video.
W2_XKP1k4tL,24.15.02,Why This Comedy Video Went Viral,Channel_782,7,2024-02-15T06:00:00.000Z,review|music|2024,2956,186,21,35,https://i.ytimg.com/vi/2F_QM5Qlw5b/default.jpg,False,False,False,Auto-generated sample description for Comedy video.
pW6L1pe4x-T,24.09.10,Top 10 Entertainment Moments This Week,Channel_2686,18,2024-10-07T07:00:00.000Z,2024|review|vlog,168029,12256,373,761,https://i.ytimg.com/vi/s4Na3xYqMur/default.jpg,False,False,False,Auto-generated sample description for Entertainment video.
311beqh_7MI,24.30.03,Top 10 Entertainment Moments This Week,Channel_3842,3,2024-03-27T16:00:00.000Z,vlog|music|review,10617,794,105,81,https://i.ytimg.com/vi/t8lPTBekB76/default.jpg,False,False,False,Auto-generated sample description for Entertainment video.
1Rp_fE1N1-S,24.18.07,Music Compilation 2024,Channel_3305,4,2024-07-16T09:00:00.000Z,official|review|trending,22630,997,53,114,https://i.ytimg.com/vi/Px8m-T5ygPs/default.jpg,False,False,False,Auto-generated sample description for Music video.
4R907ZBNHqi,24.31.07,Pets & Animals Compilation 2024,Channel_3249,14,2024-07-28T04:00:00.000Z,live|music|vlog,7490,113,9,42,https://i.ytimg.com/vi/qiSifgySvdO/default.jpg,False,False,False,Auto-generated sample description for Pets & Animals video.
H0vQHlip-CT,25.13.01,Top 10 Music Moments This Week,Channel_2148,4,2025-01-12T20:00:00.000Z,live|2024|review,56956,4126,539,433,https://i.ytimg.com/vi/21Qv3XwpCLC/default.jpg,False,False,False,Auto-generated sample description for Music video.
IMjrOoeIErb,24.27.03,Reacting to Gaming Trends,Channel_1056,1,2024-03-23T18:00:00.000Z,review|vlog|music,89687,1951,785,970,https://i.ytimg.com/vi/zElvXdfLPVj/default.jpg,False,False,False,Auto-generated sample description for Gaming video.
T74tCQnlYag,24.07.11,Why This Music Video Went Viral,Channel_4289,4,2024-11-04T11:00:00.000Z,live|review|vlog,70239,2641,181,1084,https://i.ytimg.com/vi/WJ7oam0B_Cj/default.jpg,False,False,False,Auto-generated sample description for Music video.
hUtSEz-G08b,24.18.06,Gaming Compilation 2024,Channel_3740,1,2024-06-18T04:00:00.000Z,vlog|review|live,22609,1064,81,448,https://i.ytimg.com/vi/v8zV0nYsHL9/default.jpg,False,False,False,Auto-generated sample description for Gaming video.
jjzMOjHllmK,24.23.09,Behind the Scenes: Music,Channel_749,4,2024-09-23T16:00:00.000Z,music|official|trending,8860,708,71,87,https://i.ytimg.com/vi/Hk0m_uvzFNZ/default.jpg,False,False,False,Auto-generated sample description for Music video.
EAWfbXyPwgb,24.04.05,Why This Music Video Went Viral,Channel_1611,4,2024-05-01T14:00:00.000Z,live|music|official,72116,2710,292,694,https://i.ytimg.com/vi/iXMNeEaO8Co/default.jpg,False,False,False,Auto-generated sample description for Music video.
KctTpzY_jn-,24.16.08,Reacting to Howto & Style Trends,Channel_3339,19,2024-08-12T00:00:00.000Z,official|review|live,46108,1782,150,157,https://i.ytimg.com/vi/uscHEed5tlm/default.jpg,False,False,False,Auto-generated sample description for Howto & Style video.
pl1oAEMOou3,24.13.11,Reacting to Entertainment Trends,Channel_1866,18,2024-11-11T10:00:00.000Z,vlog|official|2024,85344,4492,367,48,https://i.ytimg.com/vi/cw8519FFDz5/default.jpg,False,False,False,Auto-generated sample description for Entertainment video.
vi21UvjrLMY,25.27.01,Top 10 Entertainment Moments This Week,Channel_192,3,2025-01-27T17:00:00.000Z,music|trending|live,38048,1305,253,557,https://i.ytimg.com/vi/jNyfziyRYUp/default.jpg,False,True,False,Auto-generated sample description for Entertainment video.
Qj9EOKoYXDL,24.12.03,Behind the Scenes: Entertainment,Channel_1202,3,2024-03-11T09:00:00.000Z,trending|review|live,122517,4439,787,702,https://i.ytimg.com/vi/fBSjSj_De1_/default.jpg,False,False,False,Auto-generated sample description for Entertainment video.
uvHTz5pAFGN,25.02.01,Behind the Scenes: Howto & Style,Channel_1463,22,2024-12-31T13:00:00.000Z,live|2024|review,84589,5149,72,676,https://i.ytimg.com/vi/0-K5rLAfcge/default.jpg,False,False,False,Auto-generated sample description for Howto & Style video.
LzMZWlpsKel,24.13.10,Behind the Scenes: Sports,Channel_4531,12,2024-10-11T05:00:00.000Z,trending|music|official,6418,200,26,27,https://i.ytimg.com/vi/NGTTOtN_7ro/default.jpg,False,False,False,Auto-generated sample description for Sports video.
-2T9PxIEa4s,24.12.04,Why This Music Video Went Viral,Channel_4191,10,2024-04-09T16:00:00.000Z,2024|review|music,38687,1485,143,338,https://i.ytimg.com/vi/UzLL3TCVIGZ/default.jpg,False,False,False,Auto-generated sample description for Music video.
jaID3w2vw34,24.18.05,Music Compilation 2024,Channel_1470,10,2024-05-14T13:00:00.000Z,2024|live|music,50872,2005,282,885,https://i.ytimg.com/vi/mTRWScfuaPM/default.jpg,False,False,False,Auto-generated sample description for Music video.
tdSnyOKGSZR,25.30.01,Official Entertainment Highlights,Channel_3667,3,2025-01-28T17:00:00.000Z,music|2024|live,47374,2888,318,161,https://i.ytimg.com/vi/yXJ6Y2sKa7W/default.jpg,False,True,False,Auto-generated sample description for Entertainment video.
CZ2wIXodv_0,24.26.08,Why This Music Video Went Viral,Channel_3050,4,2024-08-22T08:00:00.000Z,official|live|vlog,10138,357,30,182,https://i.ytimg.com/vi/pUCwer0WmDj/default.jpg,False,False,False,Auto-generated sample description for Music video.
-fwGoy1XoD-,24.03.06,Reacting to Comedy Trends,Channel_2746,7,2024-06-01T09:00:00.000Z,vlog|official|music,115883,2658,225,2183,https://i.ytimg.com/vi/N58TnJ4cqTj/default.jpg,False,False,False,Auto-generated sample description for Comedy video.
-12M03ARv_E,24.16.02,Top 10 Comedy Moments This Week,Channel_3383,7,2024-02-15T22:00:00.000Z,review|live|official,936,37,8,6,https://i.ytimg.com/vi/OtnwbGaL_kT/default.jpg,False,False,False,Auto-generated sample description for Comedy video.
uJNUGyCPq4B,24.16.01,Reacting to Science & Technology Trends,Channel_2058,20,2024-01-14T03:00:00.000Z,review|official|music,2339,161,18,7,https://i.ytimg.com/vi/x6PjXNtTtEf/default.jpg,False,False,False,Auto-generated sample description for Science & Technology video.
Fyve32LU_GI,24.06.07,Reacting to Education Trends,Channel_4416,2,2024-07-03T00:00:00.000Z,official|music|vlog,2001,75,1,3,https://i.ytimg.com/vi/G6HUNQZssrD/default.jpg,False,False,False,Auto-generated sample description for Education video.
hMbPZSQWYLG,24.19.12,Why This Gaming Video Went Viral,Channel_576,1,2024-12-19T19:00:00.000Z,live|2024|trending,5042,222,40,56,https://i.ytimg.com/vi/iOVrGNUZOjU/default.jpg,False,False,False,Auto-generated sample description for Gaming video.
7fngwMX2ohj,24.07.02,Official Entertainment Highlights,Channel_4513,18,2024-02-03T22:00:00.000Z,official|live|review,27344,1927,184,503,https://i.ytimg.com/vi/nHzJ6N3JNmr/default.jpg,False,False,False,Auto-generated sample description for Entertainment video.
UxyHrAxSp1T,24.21.04,Top 10 Entertainment Moments This Week,Channel_2385,18,2024-04-17T01:00:00.000Z,2024|vlog|official,28520,402,115,255,https://i.ytimg.com/vi/LmAieNN-GR0/default.jpg,False,False,False,Auto-generated sample description for Entertainment video.
Zk5xvSFdc19,24.27.04,Behind the Scenes: Music,Channel_1515,4,2024-04-23T02:00:00.000Z,music|live|review,25873,1840,76,441,https://i.ytimg.com/vi/e_OY-i91-uh/default.jpg,False,False,False,Auto-generated sample description for Music video.
hoKnhGArY8i,24.15.09,Top 10 Music Moments This Week,Channel_285,4,2024-09-11T01:00:00.000Z,official|live|review,90815,2871,397,1118,https://i.ytimg.com/vi/3uWN-2NpnYK/default.jpg,False,False,False,Auto-generated sample description for Music video.
cm3BDQHkDMo,24.29.08,Reacting to Music Trends,Channel_3990,10,2024-08-26T12:00:00.000Z,vlog|live|2024,148631,10182,1084,913,https://i.ytimg.com/vi/1QhOCMIHL92/default.jpg,False,False,False,Auto-generated sample description for Music video.
PTAFsOmuzGM,24.08.10,Why This Entertainment Video Went Viral,Channel_2593,3,2024-10-04T09:00:00.000Z,live|review|music,158901,7315,1160,693,https://i.ytimg.com/vi/-YXyt8Cp4rx/default.jpg,False,False,False,Auto-generated sample description for Entertainment video.
x4RYPWnip6i,24.15.10,Behind the Scenes: Entertainment,Channel_3829,18,2024-10-12T05:00:00.000Z,music|live|review,7325,73,56,89,https://i.ytimg.com/vi/UEbO0T9VrIx/default.jpg,False,False,False,Auto-generated sample description for Entertainment video.
WKTlUXYiV6b,24.08.10,Reacting to Music Trends,Channel_4630,4,2024-10-07T08:00:00.000Z,review|vlog|2024,30050,2191,139,77,https://i.ytimg.com/vi/Nw08rZt_327/default.jpg,False,False,False,Auto-generated sample description for Music video.
mWXHggTLU-h,24.21.05,Top 10 Entertainment Moments This Week,Channel_2501,3,2024-05-20T01:00:00.000Z,review|trending|2024,12545,418,32,153,https://i.ytimg.com/vi/kiceFL3D2Qe/default.jpg,False,False,False,Auto-generated sample description for Entertainment video.
6T4lNXsxK5l,24.18.05,Top 10 Music Moments This Week,Channel_2303,10,2024-05-16T19:00:00.000Z,trending|music|2024,21963,1102,112,404,https://i.ytimg.com/vi/xYY3FUTDFTj/default.jpg,False,False,False,Auto-generated sample description for Music video.
um3ars-XzGq,24.28.09,Official Gaming Highlights,Channel_4172,16,2024-09-27T06:00:00.000Z,music|2024|official,25375,1213,38,221,https://i.ytimg.com/vi/7Wxj025tfo1/default.jpg,False,False,True,Auto-generated sample description for Gaming video.
2Y32SRAzL7k,24.05.12,Why This Howto & Style Video Went Viral,Channel_2207,19,2024-12-02T11:00:00.000Z,trending|review|2024,3673,225,20,54,https://i.ytimg.com/vi/fx9LAY82Ink/default.jpg,False,False,False,Auto-generated sample description for Howto & Style video.
AyXcxQB4MxB,24.27.04,Official Music Highlights,Channel_4366,10,2024-04-27T14:00:00.000Z,official|trending|vlog,39067,470,243,503,https://i.ytimg.com/vi/a4oRojt-uTj/default.jpg,False,False,False,Auto-generated sample description for Music video.
KamsYyeYXF8,24.25.07,Top 10 Entertainment Moments This Week,Channel_4854,3,2024-07-25T12:00:00.000Z,live|vlog|review,84905,2947,503,1663,https://i.ytimg.com/vi/qlpBrh5ZRD6/default.jpg,False,False,False,Auto-generated sample description for Entertainment video.
x3gG2OZJjIo,25.04.02,Why This Sports Video Went Viral,Channel_1452,12,2025-02-01T02:00:00.000Z,trending|vlog|review,22090,1647,192,360,https://i.ytimg.com/vi/nXuSx9ubBkK/default.jpg,False,False,False,Auto-generated sample description for Sports video.
WlAWkI_2-B-,24.17.04,Reacting to Entertainment Trends,Channel_3613,3,2024-04-15T20:00:00.000Z,live|2024|official,386850,21057,2831,5425,https://i.ytimg.com/vi/FUuDNf9Z6r8/default.jpg,False,False,False,Auto-generated sample description for Entertainment video.
Kpy8ZbfUSj7,24.24.11,Reacting to Entertainment Trends,Channel_2337,3,2024-11-22T01:00:00.000Z,music|review|live,14820,609,55,267,https://i.ytimg.com/vi/wuDkry3UQv9/default.jpg,False,False,False,Auto-generated sample description for Entertainment video.
S04yT86GrA5,24.30.01,Reacting to Music Trends,Channel_688,4,2024-01-29T06:00:00.000Z,official|vlog|live,20108,1425,101,112,https://i.ytimg.com/vi/MistvQfTC12/default.jpg,False,False,False,Auto-generated sample description for Music video.
0YBihk2F-Kx,24.16.11,Reacting to Entertainment Trends,Channel_478,3,2024-11-15T17:00:00.000Z,trending|music|official,224055,17769,1097,4104,https://i.ytimg.com/vi/vi5C4GB_0rt/default.jpg,False,False,False,Auto-generated sample description for Entertainment video.
UTnnhvUMYao,24.04.01,Music Compilation 2024,Channel_3001,4,2024-01-01T08:00:00.000Z,review|vlog|live,777,61,6,8,https://i.ytimg.com/vi/8IRf6X5LKsH/default.jpg,False,False,False,Auto-generated sample description for Music video.
KA66QrR5iRj,24.08.10,Official Gaming Highlights,Channel_3136,16,2024-10-07T14:00:00.000Z,2024|music|vlog,16791,644,121,300,https://i.ytimg.com/vi/SE7A9ox2_a0/default.jpg,False,False,False,Auto-generated sample description for Gaming video.
IhGIDxevK0y,24.19.05,Top 10 Education Moments This Week,Channel_1081,2,2024-05-15T14:00:00.000Z,trending|vlog|official,6248,429,29,111,https://i.ytimg.com/vi/akdh0oqONGR/default.jpg,True,False,False,Auto-generated sample description for Education video.
OCrYgkH7GMv,24.07.07,Why This Music Video Went Viral,Channel_4626,10,2024-07-05T00:00:00.000Z,music|live|2024,41515,1776,202,786,https://i.ytimg.com/vi/dFy9VGZl6oD/default.jpg,False,False,False,Auto-generated sample description for Music video.
rveMLKyHLPf,24.02.09,Official Music Highlights,Channel_1230,4,2024-09-01T15:00:00.000Z,live|2024|vlog,137360,8524,171,1609,https://i.ytimg.com/vi/1cu_U-0dzsC/default.jpg,False,False,False,Auto-generated sample description for Music video.
joaxsJVQjf5,24.06.09,Top 10 Music Moments This Week,Channel_1567,10,2024-09-03T10:00:00.000Z,2024|official|trending,37438,2443,67,582,https://i.ytimg.com/vi/gRJg3tAmHmD/default.jpg,False,False,False,Auto-generated sample description for Music video.
7OkreSzcglD,25.06.01,Why This Music Video Went Viral,Channel_3063,10,2025-01-06T14:00:00.000Z,official|vlog|music,46147,1615,414,151,https://i.ytimg.com/vi/LkBUaU74rla/default.jpg,False,False,False,Auto-generated sample description for Music video.
_-LourbKOzt,24.19.08,Top 10 Entertainment Moments This Week,Channel_1935,3,2024-08-15T19:00:00.000Z,official|trending|music,22135,302,173,120,https://i.ytimg.com/vi/7HsAIF0aHZw/default.jpg,False,False,False,Auto-generated sample description for Entertainment video.
6V64cgvaNXM,24.17.05,Entertainment Compilation 2024,Channel_4456,18,2024-05-13T22:00:00.000Z,review|vlog|live,17851,806,33,129,https://i.ytimg.com/vi/VbOVNOMJW0j/default.jpg,False,False,True,Auto-generated sample description for Entertainment video.
hng-LK47gKk,24.04.02,Music Compilation 2024,Channel_324,10,2024-02-02T19:00:00.000Z,music|official|review,14545,565,44,121,https://i.ytimg.com/vi/AFbl4Myb0kz/default.jpg,False,False,False,Auto-generated sample description for Music video.
CntZDaGM1Qe,24.11.02,Top 10 Nonprofits & Activism Moments This Week,Channel_4494,21,2024-02-08T00:00:00.000Z,official|trending|vlog,51620,1227,247,491,https://i.ytimg.com/vi/R-fv48T8Xhw/default.jpg,False,False,False,Auto-generated sample description for Nonprofits & Activism video.
YeRULdWkCO8,24.02.12,Behind the Scenes: Nonprofits & Activism,Channel_504,21,2024-12-01T00:00:00.000Z,official|music|trending,38529,2127,347,769,https://i.ytimg.com/vi/980zCzdXlp_/default.jpg,False,False,False,Auto-generated sample description for Nonprofits & Activism video.
dJXvOU599xd,24.05.12,Music Compilation 2024,Channel_3466,4,2024-12-04T03:00:00.000Z,official|live|2024,57744,4220,529,784,https://i.ytimg.com/vi/j0mSgFySgiP/default.jpg,False,False,False,Auto-generated sample description for Music video.
hS6b-stLHAo,24.27.10,Behind the Scenes: Entertainment,Channel_4585,18,2024-10-23T17:00:00.000Z,review|2024|trending,76219,2310,600,314,https://i.ytimg.com/vi/4OvMw2SnUAc/default.jpg,False,False,False,Auto-generated sample description for Entertainment video.
R7NcU-OWup2,24.20.03,Behind the Scenes: Pets & Animals,Channel_1119,14,2024-03-16T16:00:00.000Z,vlog|2024|review,17035,1061,117,268,https://i.ytimg.com/vi/j6M5L_YRgQw/default.jpg,False,False,False,Auto-generated sample description for Pets & Animals video.
nWs9Lv9gBUe,24.07.09,Official Comedy Highlights,Channel_56,7,2024-09-07T19:00:00.000Z,live|official|review,4275,49,15,10,https://i.ytimg.com/vi/BqUrbZpQofK/default.jpg,True,False,False,Auto-generated sample description for Comedy video.
BW5NdZ25c5V,24.31.07,Top 10 Entertainment Moments This Week,Channel_2292,18,2024-07-30T00:00:00.000Z,vlog|live|music,173862,9924,1585,834,https://i.ytimg.com/vi/eEthgvMKUFP/default.jpg,False,False,False,Auto-generated sample description for Entertainment video.
I9SwJCuGkQF,24.29.01,Top 10 Comedy Moments This Week,Channel_2044,7,2024-01-25T20:00:00.000Z,music|trending|live,157644,3532,293,1213,https://i.ytimg.com/vi/hxX1q7MiAwA/default.jpg,False,False,False,Auto-generated sample description for Comedy video.
LCiAo4rbOeG,24.14.05,Official Music Highlights,Channel_478,10,2024-05-11T18:00:00.000Z,vlog|review|music,587773,6029,2219,5297,https://i.ytimg.com/vi/n38cC8lbI8n/default.jpg,False,False,False,Auto-generated sample description for Music video.
OrVnCQoL46T,24.12.09,Behind the Scenes: Music,Channel_524,4,2024-09-10T05:00:00.000Z,live|review|2024,63816,1025,395,1081,https://i.ytimg.com/vi/_2J86h98-6X/default.jpg,False,False,False,Auto-generated sample description for Music video.
pA343it4oVV,24.16.04,Entertainment Compilation 2024,Channel_2912,18,2024-04-13T00:00:00.000Z,vlog|trending|review,72029,4688,327,1048,https://i.ytimg.com/vi/S3tkapPY8hs/default.jpg,False,False,False,Auto-generated sample description for Entertainment video.
ja3rFHsBb2S,24.31.05,Why This Entertainment Video Went Viral,Channel_3769,18,2024-05-29T21:00:00.000Z,review|vlog|official,173415,13708,1324,2345,https://i.ytimg.com/vi/pg0kvz52zrN/default.jpg,False,False,False,Auto-generated sample description for Entertainment video.
sQPc5fiENjC,24.02.05,Reacting to Entertainment Trends,Channel_2229,3,2024-05-02T21:00:00.000Z,2024|trending|music,2766,137,24,38,https://i.ytimg.com/vi/ZwmssyxonNE/default.jpg,False,False,False,Auto-generated sample description for Entertainment video.
jSKlMhw4yWh,24.24.06,Top 10 Music Moments This Week,Channel_2399,10,2024-06-23T20:00:00.000Z,official|live|2024,281083,9876,1122,4653,https://i.ytimg.com/vi/sEO5nWbcaQ9/default.jpg,False,False,False,Auto-generated sample description for Music video.
ej1Sp4Vlocc,24.28.02,Top 10 Entertainment Moments This Week,Channel_4356,3,2024-02-25T05:00:00.000Z,review|music|trending,50865,3224,144,148,https://i.ytimg.com/vi/hNj6YioRjAY/default.jpg,False,False,False,Auto-generated sample description for Entertainment video.
hlinBgllQ4i,24.13.09,Reacting to Entertainment Trends,Channel_605,18,2024-09-09T10:00:00.000Z,trending|official|music,86377,4875,670,1302,https://i.ytimg.com/vi/JuyUw_YF_M2/default.jpg,False,False,False,Auto-generated sample description for Entertainment video.
_pVGRzQQi6R,24.12.09,Behind the Scenes: Music,Channel_2357,4,2024-09-08T03:00:00.000Z,2024|review|trending,248711,15669,1026,4129,https://i.ytimg.com/vi/3YxZFmoGRV-/default.jpg,False,False,False,Auto-generated sample description for Music video.
OhS684qyjf5,24.26.08,Official Gaming Highlights,Channel_1575,1,2024-08-25T12:00:00.000Z,official|2024|trending,58046,3874,341,199,https://i.ytimg.com/vi/cCICXwNqSjn/default.jpg,False,False,False,Auto-generated sample description for Gaming video.
W2tJ1Dy7kOx,24.16.12,Reacting to Gaming Trends,Channel_4692,16,2024-12-12T03:00:00.000Z,vlog|trending|music,2638,49,4,13,https://i.ytimg.com/vi/71MfIGLivZL/default.jpg,False,False,False,Auto-generated sample description for Gaming video.
Mh4LBdKycnE,24.29.03,Official Sports Highlights,Channel_1525,12,2024-03-27T15:00:00.000Z,official|vlog|trending,19288,1015,95,143,https://i.ytimg.com/vi/d4UiwhSi5Pq/default.jpg,False,False,False,Auto-generated sample description for Sports video.
YTw_0Pjthzg,24.28.06,Comedy Compilation 2024,Channel_375,7,2024-06-24T22:00:00.000Z,music|review|2024,27425,897,50,37,https://i.ytimg.com/vi/80WXZ0z6nEa/default.jpg,False,False,False,Auto-generated sample description for Comedy video.
msM3TbaBKF0,24.13.01,Official Music Highlights,Channel_4269,10,2024-01-11T12:00:00.000Z,2024|live|official,42871,2083,163,564,https://i.ytimg.com/vi/9cFbqF1lQ6x/default.jpg,False,False,False,Auto-generated sample description for Music video.
X9m9yuREH6Z,24.22.07,Behind the Scenes: Gaming,Channel_832,16,2024-07-22T19:00:00.000Z,official|trending|review,4268,88,27,26,https://i.ytimg.com/vi/HnVv7NoN5dr/default.jpg,False,False,False,Auto-generated sample description for Gaming video.
wkbK5uLSZaY,24.17.10,Behind the Scenes: Entertainment,Channel_4016,3,2024-10-15T15:00:00.000Z,trending|music|live,25633,1240,113,252,https://i.ytimg.com/vi/ARQ7CRnQdxZ/default.jpg,False,False,False,Auto-generated sample description for Entertainment video.
gmIUPMqXr1f,24.13.05,Why This Music Video Went Viral,Channel_859,4,2024-05-11T15:00:00.000Z,music|live|trending,56330,1580,437,522,https://i.ytimg.com/vi/kPEyG6H6wSv/default.jpg,False,False,False,Auto-generated sample description for Music video.
ey-faCRgxMj,24.02.12,Official Music Highlights,Channel_499,10,2024-11-30T04:00:00.000Z,trending|official|music,86216,1699,780,1439,https://i.ytimg.com/vi/6l78zPVLWWS/default.jpg,False,False,False,Auto-generated sample description for Music video.
jP6BX6C7j9W,24.24.07,Reacting to Music Trends,Channel_3076,10,2024-07-23T04:00:00.000Z,trending|2024|music,22713,1702,19,14,https://i.ytimg.com/vi/FmbC1CL4k_s/default.jpg,False,False,False,Auto-generated sample description for Music video.
6T7fhpmmuKS,24.01.02,Reacting to Music Trends,Channel_4460,10,2024-01-30T19:00:00.000Z,live|trending|2024,10224,135,70,75,https://i.ytimg.com/vi/p4r0R5BIcoA/default.jpg,False,False,False,Auto-generated sample description for Music video.
kLVoz8QHAPC,25.11.01,Music Compilation 2024,Channel_1396,10,2025-01-09T04:00:00.000Z,music|2024|official,31840,328,192,307,https://i.ytimg.com/vi/_GwwMI0gYMK/default.jpg,False,False,False,Auto-generated sample description for Music video.
Q4zz5zGyiGJ,24.02.10,Official Sports Highlights,Channel_4301,12,2024-10-02T06:00:00.000Z,official|2024|vlog,4664,327,17,43,https://i.ytimg.com/vi/y4_xcyDaq9U/default.jpg,False,False,False,Auto-generated sample description for Sports video.
rt79q12Qf_2,24.10.11,Reacting to Gaming Trends,Channel_2431,1,2024-11-07T17:00:00.000Z,trending|review|official,4854,173,18,3,https://i.ytimg.com/vi/f_Bj7_sRrjI/default.jpg,False,False,False,Auto-generated sample description for Gaming video.
_S_NaCD9qsH,24.25.04,Reacting to Music Trends,Channel_4293,4,2024-04-22T17:00:00.000Z,live|review|official,26748,1195,182,511,https://i.ytimg.com/vi/8G_QKKesjaz/default.jpg,False,False,False,Auto-generated sample description for Music video.
qtGkwUHsMyI,24.15.05,Official Music Highlights,Channel_2012,10,2024-05-11T09:00:00.000Z,official|music|review,46157,764,358,392,https://i.ytimg.com/vi/cgndYdJGBCC/default.jpg,False,False,False,Auto-generated sample description for Music video.
ryCw5POIulu,24.18.12,Music Compilation 2024,Channel_556,4,2024-12-16T12:00:00.000Z,review|2024|official,83977,894,229,1179,https://i.ytimg.com/vi/EFKvE_1sS2A/default.jpg,False,False,False,Auto-generated sample description for Music video.
m6zFx2Y2PG8,24.13.08,Entertainment Compilation 2024,Channel_1020,18,2024-08-13T04:00:00.000Z,review|official|live,58630,1161,273,644,https://i.ytimg.com/vi/QkpTymxuceJ/default.jpg,False,False,False,Auto-generated sample description for Entertainment video.
LNQPTveiCB0,24.14.04,Top 10 Howto & Style Moments This Week,Channel_1488,19,2024-04-13T05:00:00.000Z,official|live|music,81307,5382,251,1124,https://i.ytimg.com/vi/Hk7QRgqhqrk/default.jpg,False,False,False,Auto-generated sample description for Howto & Style video.
37JAbpXoMTU,24.30.11,Behind the Scenes: Music,Channel_3274,4,2024-11-28T17:00:00.000Z,review|vlog|2024,14117,406,55,165,https://i.ytimg.com/vi/TzYD91PdL9C/default.jpg,False,False,False,Auto-generated sample description for Music video.
MpI6w8Ad8ge,24.10.12,Official Music Highlights,Channel_4527,4,2024-12-09T06:00:00.000Z,music|official|trending,21790,1219,100,332,https://i.ytimg.com/vi/ZiY58t4h9u3/default.jpg,False,False,False,Auto-generated sample description for Music video.
0bSk51njSfR,24.12.06,Why This Music Video Went Viral,Channel_3514,4,2024-06-11T09:00:00.000Z,2024|live|trending,83503,3345,389,1534,https://i.ytimg.com/vi/fn02cmSGtNY/default.jpg,False,False,False,Auto-generated sample description for Music video.
sem-neCrLKv,24.03.11,Behind the Scenes: Comedy,Channel_4980,7,2024-11-03T16:00:00.000Z,official|2024|review,128709,6724,322,1371,https://i.ytimg.com/vi/M5EA0nQ_wHg/default.jpg,False,False,False,Auto-generated sample description for Comedy video.
BKBQm4I0P0G,24.18.06,Official Howto & Style Highlights,Channel_3007,19,2024-06-16T11:00:00.000Z,2024|live|trending,13493,890,7,45,https://i.ytimg.com/vi/PsZ3bjKJEMz/default.jpg,False,False,False,Auto-generated sample description for Howto & Style video.
am7r1714iFi,24.25.01,Behind the Scenes: Music,Channel_325,4,2024-01-21T02:00:00.000Z,official|music|review,56928,3554,542,1100,https://i.ytimg.com/vi/SpiBtKlePh-/default.jpg,False,False,False,Auto-generated sample description for Music video.
hYEMIWANrUZ,25.25.01,Why This Music Video Went Viral,Channel_2062,4,2025-01-21T02:00:00.000Z,2024|review|official,17206,994,10,40,https://i.ytimg.com/vi/VhpWw8u99XE/default.jpg,False,False,False,Auto-generated sample description for Music video.
KH2UdeUw9kQ,24.26.03,Reacting to Music Trends,Channel_1232,10,2024-03-25T03:00:00.000Z,review|2024|music,17463,1363,95,270,https://i.ytimg.com/vi/Cjf6s3j9OLk/default.jpg,False,False,False,Auto-generated sample description for Music video.
MzH_ZTUV4hE,24.26.09,Reacting to Music Trends,Channel_845,10,2024-09-22T06:00:00.000Z,review|official|trending,1878,18,13,4,https://i.ytimg.com/vi/vS4n0xhCtAC/default.jpg,False,False,False,Auto-generated sample description for Music video.
fc7nreokRcK,24.09.12,Reacting to Sports Trends,Channel_1981,12,2024-12-06T06:00:00.000Z,live|vlog|music,2770,204,16,13,https://i.ytimg.com/vi/BpPt4wgQuD3/default.jpg,False,False,False,Auto-generated sample description for Sports video.
EH85eureHqk,25.03.01,Top 10 Pets & Animals Moments This Week,Channel_2885,15,2024-12-31T07:00:00.000Z,live|vlog|trending,5544,360,16,16,https://i.ytimg.com/vi/VVhWeuxXWzf/default.jpg,False,False,False,Auto-generated sample description for Pets & Animals video.
KfVB6B4ncpn,25.07.01,Top 10 Film & Animation Moments This Week,Channel_1661,17,2025-01-03T21:00:00.000Z,music|review|2024,669,10,2,1,https://i.ytimg.com/vi/VU-vl0g6ygi/default.jpg,False,False,False,Auto-generated sample description for Film & Animation video.
z_a78xIk9SM,24.07.01,Top 10 Music Moments This Week,Channel_2445,10,2024-01-05T04:00:00.000Z,trending|review|music,395356,17226,3630,7021,https://i.ytimg.com/vi/p5_T9AwXKkE/default.jpg,False,False,False,Auto-generated sample description for Music video.
mG47gMDDP1t,24.19.05,Official Entertainment Highlights,Channel_2712,3,2024-05-16T02:00:00.000Z,2024|review|vlog,41726,1536,102,695,https://i.ytimg.com/vi/p5coqxxyVUo/default.jpg,False,False,False,Auto-generated sample description for Entertainment video.
aFA84ljMYQq,24.07.04,Behind the Scenes: Sports,Channel_2257,12,2024-04-07T07:00:00.000Z,official|vlog|music,39499,1989,393,692,https://i.ytimg.com/vi/IZXJXJTwNsH/default.jpg,False,False,False,Auto-generated sample description for Sports video.
AySsXw6foHI,24.21.02,Music Compilation 2024,Channel_450,10,2024-02-19T05:00:00.000Z,vlog|trending|official,131603,7322,1003,1425,https://i.ytimg.com/vi/kbGEqr2cQ3B/default.jpg,False,False,False,Auto-generated sample description for Music video.
nn-q4vNr1KT,24.30.08,Behind the Scenes: Music,Channel_388,4,2024-08-26T02:00:00.000Z,vlog|music|official,38774,525,347,413,https://i.ytimg.com/vi/1QSg4hoWcQZ/default.jpg,False,False,False,Auto-generated sample description for Music video.
rR6JAK2kJzA,24.19.08,Behind the Scenes: Entertainment,Channel_3666,18,2024-08-17T19:00:00.000Z,trending|music|2024,637384,23800,1518,10192,https://i.ytimg.com/vi/OSf0NIR27Py/default.jpg,False,False,False,Auto-generated sample description for Entertainment video.
NJ9bOXPDjdz,24.09.05,Why This Gaming Video Went Viral,Channel_1927,16,2024-05-08T09:00:00.000Z,music|live|2024,8969,539,34,136,https://i.ytimg.com/vi/77E6Ousx3TJ/default.jpg,False,False,False,Auto-generated sample description for Gaming video.
63he4mRokWR,24.23.07,Reacting to Comedy Trends,Channel_2602,7,2024-07-23T06:00:00.000Z,trending|review|music,9001,547,25,61,https://i.ytimg.com/vi/I6-iv3KlK5B/default.jpg,False,False,False,Auto-generated sample description for Comedy video.
Cn8JYKoy22O,24.16.08,Reacting to Science & Technology Trends,Channel_346,20,2024-08-16T06:00:00.000Z,music|live|review,111682,5787,1059,1673,https://i.ytimg.com/vi/-7h27Xbd4_d/default.jpg,False,False,False,Auto-generated sample description for Science & Technology video.
zLhqaspELX-,24.25.03,Sports Compilation 2024,Channel_4012,12,2024-03-25T09:00:00.000Z,trending|music|review,20964,885,91,190,https://i.ytimg.com/vi/DTurz8Zpvtb/default.jpg,False,False,False,Auto-generated sample description for Sports video.
adlMBu73jr6,24.26.09,Reacting to Entertainment Trends,Channel_656,18,2024-09-26T18:00:00.000Z,vlog|live|trending,25597,1253,174,369,https://i.ytimg.com/vi/8ULYIKHVUDh/default.jpg,False,False,False,Auto-generated sample description for Entertainment video.
y1OkhsTeHOj,24.30.03,Official Pets & Animals Highlights,Channel_240,15,2024-03-30T21:00:00.000Z,official|live|music,9354,347,63,26,https://i.ytimg.com/vi/kZo-ZsbGGsz/default.jpg,False,False,False,Auto-generated sample description for Pets & Animals video.
JXGirfUI3Es,24.13.09,Behind the Scenes: Education,Channel_4063,13,2024-09-12T14:00:00.000Z,vlog|live|trending,1301,21,1,25,https://i.ytimg.com/vi/TYz0FXlw-n1/default.jpg,False,False,False,Auto-generated sample description for Education video.
pYXt8D6p_3G,24.21.06,Top 10 Music Moments This Week,Channel_4999,4,2024-06-17T05:00:00.000Z,2024|music|official,62367,3303,178,360,https://i.ytimg.com/vi/sP_YZn9ulxQ/default.jpg,False,False,False,Auto-generated sample description for Music video.
FKrp8i2tL0h,24.25.05,Why This Comedy Video Went Viral,Channel_2404,7,2024-05-23T20:00:00.000Z,trending|official|music,3998,59,20,45,https://i.ytimg.com/vi/P4BffD9F4-E/default.jpg,False,False,False,Auto-generated sample description for Comedy video.
VpsqdrqL692,24.16.12,Official Music Highlights,Channel_3216,10,2024-12-15T01:00:00.000Z,review|live|2024,6508,311,47,42,https://i.ytimg.com/vi/7p_WUhp9kds/default.jpg,False,False,False,Auto-generated sample description for Music video.
ZiMoRrnkdvD,24.31.10,Behind the Scenes: Entertainment,Channel_4364,18,2024-10-28T07:00:00.000Z,review|trending|2024,32606,936,39,44,https://i.ytimg.com/vi/KrqnQluktpX/default.jpg,False,False,False,Auto-generated sample description for Entertainment video.
Hxzoqjewvcs,24.02.03,Entertainment Compilation 2024,Channel_55,18,2024-03-01T20:00:00.000Z,trending|music|review,26620,1665,245,436,https://i.ytimg.com/vi/hQ9dRtbtaNM/default.jpg,True,False,False,Auto-generated sample description for Entertainment video.
FaqjdfZmExz,24.26.09,Official Entertainment Highlights,Channel_3775,3,2024-09-24T20:00:00.000Z,trending|review|music,183869,8548,398,2565,https://i.ytimg.com/vi/hmXuAm2W70B/default.jpg,False,False,False,Auto-generated sample description for Entertainment video.
RDT0DUVV90K,24.27.05,Top 10 Education Moments This Week,Channel_2821,13,2024-05-24T18:00:00.000Z,trending|live|2024,331189,15320,1896,2381,https://i.ytimg.com/vi/GM5sGDI6VhT/default.jpg,False,False,False,Auto-generated sample description for Education video.
b0G1aPyjeIH,24.07.11,Why This Music Video Went Viral,Channel_445,4,2024-11-05T09:00:00.000Z,music|live|official,25609,1925,180,379,https://i.ytimg.com/vi/z1lzoAPIpS5/default.jpg,False,False,False,Auto-generated sample description for Music video.
wxN2YIfP6ko,24.31.03,Education Compilation 2024,Channel_3107,13,2024-03-27T17:00:00.000Z,vlog|live|official,85322,4196,347,139,https://i.ytimg.com/vi/hpb0E0C6Uud/default.jpg,False,False,False,Auto-generated sample description for Education video.
kepbTbXn7ca,24.29.02,Why This Music Video Went Viral,Channel_3430,4,2024-02-25T14:00:00.000Z,review|music|trending,61037,4010,538,559,https://i.ytimg.com/vi/Mh0GFDVfdz3/default.jpg,False,False,False,Auto-generated sample description for Music video.
cUxrUZj67-b,24.21.06,Why This Music Video Went Viral,Channel_1231,10,2024-06-19T10:00:00.000Z,2024|official|live,17828,1197,157,36,https://i.ytimg.com/vi/5-jHb87cbWK/default.jpg,False,False,False,Auto-generated sample description for Music video.
wHOJb6LSrfH,25.09.01,Music Compilation 2024,Channel_1529,10,2025-01-06T16:00:00.000Z,trending|2024|vlog,51923,2296,382,714,https://i.ytimg.com/vi/VDaouScPQC-/default.jpg,False,False,False,Auto-generated sample description for Music video.
F-__8uiuLLK,24.11.06,Entertainment Compilation 2024,Channel_1332,18,2024-06-08T18:00:00.000Z,music|2024|live,82962,1011,445,1301,https://i.ytimg.com/vi/b6aL12-UeFf/default.jpg,False,False,False,Auto-generated sample description for Entertainment video.
b7iBXz2797V,24.27.01,Official Pets & Animals Highlights,Channel_2268,11,2024-01-27T12:00:00.000Z,live|vlog|trending,6002,203,41,70,https://i.ytimg.com/vi/xYdTMCmN8Z9/default.jpg,False,False,False,Auto-generated sample description for Pets & Animals video.
c5jmbe3_Bfo,24.06.11,Music Compilation 2024,Channel_3583,4,2024-11-05T09:00:00.000Z,vlog|trending|official,160343,12014,220,1593,https://i.ytimg.com/vi/RULTqSazXuZ/default.jpg,False,False,False,Auto-generated sample description for Music video.
aqWd16NKiK8,25.22.01,Reacting to Music Trends,Channel_1636,10,2025-01-21T03:00:00.000Z,official|music|live,8587,599,74,49,https://i.ytimg.com/vi/ADJYlZ5bA9w/default.jpg,False,False,False,Auto-generated sample description for Music video.
KzJW6eyQgrP,24.02.02,Official Music Highlights,Channel_1334,10,2024-01-31T10:00:00.000Z,trending|official|live,27175,1920,61,185,https://i.ytimg.com/vi/NarL3fDn_xv/default.jpg,False,False,False,Auto-generated sample description for Music video.
g83aw9BKu2c,24.14.02,Behind the Scenes: Music,Channel_3450,4,2024-02-13T00:00:00.000Z,vlog|trending|review,5570,128,17,84,https://i.ytimg.com/vi/1JkJ4UTqMde/default.jpg,False,False,False,Auto-generated sample description for Music video.
DfwXP3PFhMA,24.11.12,Top 10 Music Moments This Week,Channel_3458,4,2024-12-08T16:00:00.000Z,trending|official|2024,12844,929,11,90,https://i.ytimg.com/vi/CIoWezjbXEo/default.jpg,False,False,False,Auto-generated sample description for Music video.
pwMugImiEqR,24.23.11,Reacting to Entertainment Trends,Channel_721,18,2024-11-22T11:00:00.000Z,official|vlog|music,47734,2030,467,647,https://i.ytimg.com/vi/Rq6BPYYXSou/default.jpg,False,False,False,
7wVQLrunibr,24.21.09,Official Entertainment Highlights,Channel_96,3,2024-09-19T22:00:00.000Z,live|review|official,10795,709,52,73,https://i.ytimg.com/vi/lyQ23HJlZWL/default.jpg,False,False,False,Auto-generated sample description for Entertainment video.
Vs5K8-9_xsP,25.03.02,Entertainment Compilation 2024,Channel_3187,3,2025-02-02T10:00:00.000Z,trending|review|music,106331,5841,457,1275,https://i.ytimg.com/vi/sr1Pxjd9QaH/default.jpg,False,False,False,Auto-generated sample description for Entertainment video.
4Tcn0ZMkAVl,24.01.09,Why This Music Video Went Viral,Channel_3718,10,2024-08-29T08:00:00.000Z,vlog|live|review,391239,22187,1331,2614,https://i.ytimg.com/vi/Fm1rlSnFJN4/default.jpg,False,False,False,Auto-generated sample description for Music video.
OlmWNS_eW2i,24.10.02,Music Compilation 2024,Channel_3399,4,2024-02-06T13:00:00.000Z,review|trending|live,192017,4483,520,3368,https://i.ytimg.com/vi/HxNKQVV8nf-/default.jpg,False,False,False,Auto-generated sample description for Music video.
P9YbiuDPamt,25.27.01,Top 10 Music Moments This Week,Channel_4048,10,2025-01-27T19:00:00.000Z,live|vlog|2024,144109,10711,1045,718,https://i.ytimg.com/vi/jNzheJTqcs3/default.jpg,False,False,False,Auto-generated sample description for Music video.
xfzNR5vY4av,24.17.11,Music Compilation 2024,Channel_4267,4,2024-11-14T19:00:00.000Z,official|review|2024,123543,6222,1105,1482,https://i.ytimg.com/vi/OCIRh-Ku8q8/default.jpg,False,False,False,Auto-generated sample description for Music video.
XDyBLxi_xVk,24.06.11,Top 10 Music Moments This Week,Channel_1501,4,2024-11-02T07:00:00.000Z,vlog|official|review,118437,6702,1068,2221,https://i.ytimg.com/vi/y38JAYQZS5K/default.jpg,False,False,False,Auto-generated sample description for Music video.
EzRH7titF1z,24.23.07,Behind the Scenes: Comedy,Channel_303,7,2024-07-19T09:00:00.000Z,vlog|music|live,6106,390,31,107,https://i.ytimg.com/vi/7dcYGuA5nsk/default.jpg,True,False,False,Auto-generated sample description for Comedy video.
rZryXlTwvXg,24.23.05,Why This Music Video Went Viral,Channel_4647,10,2024-05-19T19:00:00.000Z,live|trending|review,114361,5048,973,86,https://i.ytimg.com/vi/wuCuodYuA3j/default.jpg,False,False,False,Auto-generated sample description for Music video.
nQ_VcFU7UiD,24.17.08,Behind the Scenes: Entertainment,Channel_3464,3,2024-08-13T09:00:00.000Z,official|music|trending,65287,2684,245,1275,https://i.ytimg.com/vi/HayT_OkMpk3/default.jpg,False,False,False,Auto-generated sample description for Entertainment video.
fsOVMjxoUOo,24.11.02,Why This Comedy Video Went Viral,Channel_2856,7,2024-02-09T14:00:00.000Z,trending|music|vlog,3594,215,22,31,https://i.ytimg.com/vi/WG1teLq75aq/default.jpg,False,False,False,Auto-generated sample description for Comedy video.
O0VrAdaNlMO,24.02.11,Reacting to Sports Trends,Channel_1261,12,2024-10-31T09:00:00.000Z,official|vlog|2024,21703,1620,159,341,https://i.ytimg.com/vi/IaUTbPmzgxN/default.jpg,False,False,False,Auto-generated sample description for Sports video.
lTAIad5lbpB,24.24.01,Reacting to Education Trends,Channel_936,13,2024-01-22T22:00:00.000Z,official|trending|review,12613,338,82,98,https://i.ytimg.com/vi/LjAW5OW335m/default.jpg,False,False,False,Auto-generated sample description for Education video.
8N6TRgx65uc,24.21.01,Top 10 Music Moments This Week,Channel_4474,4,2024-01-21T18:00:00.000Z,2024|trending|live,10534,567,50,206,https://i.ytimg.com/vi/-TYF37BUqQN/default.jpg,False,False,False,Auto-generated sample description for Music video.
YEj8VQMjGVb,24.09.04,Top 10 Music Moments This Week,Channel_2695,10,2024-04-07T11:00:00.000Z,2024|vlog|trending,16409,363,61,288,https://i.ytimg.com/vi/QPTJN66zSTz/default.jpg,False,False,False,Auto-generated sample description for Music video.
pNZnVWRuIIt,24.07.06,Education Compilation 2024,Channel_1088,5,2024-06-05T06:00:00.000Z,official|review|live,510368,21655,4346,7205,https://i.ytimg.com/vi/fJVI6OHhYKo/default.jpg,False,False,False,Auto-generated sample description for Education video.
4e8eNIyViQe,25.24.01,Behind the Scenes: Gaming,Channel_353,1,2025-01-24T08:00:00.000Z,vlog|music|live,354194,7402,323,250,https://i.ytimg.com/vi/P6ikmqLx8BH/default.jpg,False,False,False,Auto-generated sample description for Gaming video.
QNWIxE9cBwH,24.11.02,Reacting to Comedy Trends,Channel_2672,7,2024-02-10T17:00:00.000Z,review|official|music,420,18,2,4,https://i.ytimg.com/vi/w714HElult6/default.jpg,False,False,False,Auto-generated sample description for Comedy video.
d-5x7vgnShJ,24.05.08,Behind the Scenes: Sports,Channel_2150,12,2024-08-03T10:00:00.000Z,official|music|review,309346,15889,1595,2334,https://i.ytimg.com/vi/eHExkD8W95i/default.jpg,False,False,False,Auto-generated sample description for Sports video.
WFv4DUl8252,24.25.01,Top 10 Entertainment Moments This Week,Channel_753,18,2024-01-21T10:00:00.000Z,review|2024|music,285699,10965,905,2512,https://i.ytimg.com/vi/yAJfvC2j3hV/default.jpg,False,False,False,Auto-generated sample description for Entertainment video.
FRnNpCrur3u,24.05.11,Official Entertainment Highlights,Channel_2063,3,2024-11-02T15:00:00.000Z,vlog|trending|official,105281,1710,68,1375,https://i.ytimg.com/vi/f-b_myVp3Sh/default.jpg,False,False,False,Auto-generated sample description for Entertainment video.
KlkJY1Uc0p6,24.23.09,Official Comedy Highlights,Channel_3351,7,2024-09-20T07:00:00.000Z,vlog|trending|review,48538,3385,179,572,https://i.ytimg.com/vi/dV1W_pOP2GC/default.jpg,False,False,False,Auto-generated sample description for Comedy video.
I5esloq9dGQ,24.31.01,Official Entertainment Highlights,Channel_1682,18,2024-01-31T11:00:00.000Z,review|vlog|trending,32702,327,42,484,https://i.ytimg.com/vi/yNbxFV01AWU/default.jpg,False,False,False,Auto-generated sample description for Entertainment video.
-GK0h3PHc5h,24.21.02,Reacting to Science & Technology Trends,Channel_2397,9,2024-02-17T20:00:00.000Z,review|music|live,172911,8441,421,2995,https://i.ytimg.com/vi/4Z_D6B9kLjy/default.jpg,False,False,False,Auto-generated sample description for Science & Technology video.
Q8MDbvwa1bn,24.18.02,Reacting to Entertainment Trends,Channel_210,18,2024-02-18T01:00:00.000Z,review|official|trending,24344,1671,202,227,https://i.ytimg.com/vi/xGxluNEWm1o/default.jpg,False,False,False,Auto-generated sample description for Entertainment video.
vPWTMT7uzyc,24.17.12,Top 10 Sports Moments This Week,Channel_4196,12,2024-12-14T02:00:00.000Z,review|live|2024,10435,130,52,63,https://i.ytimg.com/vi/1rBz5i0xcEW/default.jpg,False,False,False,Auto-generated sample description for Sports video.
1VHJu2qAyJy,24.01.02,Official Entertainment Highlights,Channel_4862,18,2024-01-30T11:00:00.000Z,trending|2024|live,7532,353,27,84,https://i.ytimg.com/vi/qaOtU42Y4on/default.jpg,False,False,False,Auto-generated sample description for Entertainment video.
DEKJFmxvYCe,24.14.07,Reacting to Gaming Trends,Channel_2628,16,2024-07-13T16:00:00.000Z,review|music|vlog,49678,691,83,974,https://i.ytimg.com/vi/CUHSkprxy-U/default.jpg,False,False,False,Auto-generated sample description for Gaming video.
5snSLTvJsHm,24.28.09,Why This Entertainment Video Went Viral,Channel_887,3,2024-09-27T07:00:00.000Z,vlog|live|music,45961,1821,386,412,https://i.ytimg.com/vi/zv6TJF0kCde/default.jpg,False,False,False,Auto-generated sample description for Entertainment video.
xWxjZ7uthOd,24.08.12,Official Gaming Highlights,Channel_551,16,2024-12-05T00:00:00.000Z,music|2024|trending,3508,174,18,49,https://i.ytimg.com/vi/IKuQLPchDDV/default.jpg,False,False,False,Auto-generated sample description for Gaming video.
6hk0qEzlG6Q,24.24.12,Behind the Scenes: Entertainment,Channel_2895,3,2024-12-21T08:00:00.000Z,official|review|trending,2118,126,14,39,https://i.ytimg.com/vi/S8mGmTp7YB1/default.jpg,False,False,False,Auto-generated sample description for Entertainment video.
JvGgky0JUAd,24.02.07,Official Gaming Highlights,Channel_2962,16,2024-06-29T13:00:00.000Z,vlog|music|2024,22209,388,59,229,https://i.ytimg.com/vi/FS78VaWlC8b/default.jpg,False,False,False,Auto-generated sample description for Gaming video.
WALsCI-PxEO,24.03.06,Official Comedy Highlights,Channel_409,7,2024-05-31T22:00:00.000Z,music|review|2024,32611,946,98,407,https://i.ytimg.com/vi/6TbnHfHtVpO/default.jpg,False,False,False,Auto-generated sample description for Comedy video.
LK2LKMGpSlV,24.20.03,Why This Sports Video Went Viral,Channel_169,12,2024-03-17T05:00:00.000Z,vlog|official|trending,14904,259,109,100,https://i.ytimg.com/vi/oUyaymLGyGM/default.jpg,False,False,False,Auto-generated sample description for Sports video.
YH9hxSGx_ZT,24.17.11,Reacting to Entertainment Trends,Channel_3381,3,2024-11-16T02:00:00.000Z,trending|music|live,61563,1050,419,770,https://i.ytimg.com/vi/kwVh5VR2BlO/default.jpg,False,False,False,Auto-generated sample description for Entertainment video.
Btq4Zqg-tps,24.23.01,Why This Entertainment Video Went Viral,Channel_4155,3,2024-01-22T10:00:00.000Z,official|review|trending,114161,4655,1042,1597,https://i.ytimg.com/vi/6fgK6Od8FVk/default.jpg,False,False,False,Auto-generated sample description for Entertainment video.
LfWMZYE7l-1,24.26.08,Reacting to Entertainment Trends,Channel_4706,3,2024-08-22T12:00:00.000Z,2024|live|music,54849,1124,487,807,https://i.ytimg.com/vi/p-Nm5K1cr0q/default.jpg,False,False,False,Auto-generated sample description for Entertainment video.
sFGcrVff8Vo,24.12.03,Why This Music Video Went Viral,Channel_919,4,2024-03-08T06:00:00.000Z,vlog|music|2024,179479,13377,1491,1317,https://i.ytimg.com/vi/Pk6ehsXS-S3/default.jpg,False,False,False,Auto-generated sample description for Music video.
CioPXplTkMl,24.13.08,Top 10 Entertainment Moments This Week,Channel_1446,3,2024-08-09T12:00:00.000Z,2024|vlog|official,7843,190,20,104,https://i.ytimg.com/vi/xrH-_Cr_bBp/default.jpg,False,False,False,Auto-generated sample description for Entertainment video.
lV6stcrn5Qu,24.24.08,Why This Gaming Video Went Viral,Channel_3797,1,2024-08-20T17:00:00.000Z,2024|review|official,32744,1657,222,342,https://i.ytimg.com/vi/1N9OfZbr2dh/default.jpg,False,False,False,Auto-generated sample description for Gaming video.
ywUnPemZidz,24.07.10,Top 10 Entertainment Moments This Week,Channel_719,18,2024-10-04T08:00:00.000Z,official|2024|vlog,8939,507,27,155,https://i.ytimg.com/vi/5-Dp5oWYBGU/default.jpg,False,False,False,Auto-generated sample description for Entertainment video.
VEwPShgGOYg,24.15.11,Why This Gaming Video Went Viral,Channel_693,16,2024-11-13T04:00:00.000Z,vlog|official|review,7893,539,29,71,https://i.ytimg.com/vi/csqHAVkCBiW/default.jpg,False,False,False,Auto-generated sample description for Gaming video.
ayZnXOwe-qf,24.06.09,Official Music Highlights,Channel_4732,10,2024-09-02T12:00:00.000Z,2024|review|trending,154494,5517,238,112,https://i.ytimg.com/vi/c9puoPCknMH/default.jpg,False,False,False,Auto-generated sample description for Music video.
Wq5k7EKPEyI,24.15.04,Top 10 Pets & Animals Moments This Week,Channel_3618,14,2024-04-13T15:00:00.000Z,music|review|official,3507,45,17,4,https://i.ytimg.com/vi/jGkAeCTX8Mw/default.jpg,False,False,False,Auto-generated sample description for Pets & Animals video.
zVAk1C7hpdW,24.22.04,Music Compilation 2024,Channel_1600,4,2024-04-21T21:00:00.000Z,review|music|vlog,89812,5923,332,325,https://i.ytimg.com/vi/b95TthKS89l/default.jpg,False,False,False,Auto-generated sample description for Music video.
KlP2x1HwPWa,24.27.03,Reacting to Sports Trends,Channel_497,12,2024-03-24T13:00:00.000Z,trending|review|official,348020,7742,2315,2053,https://i.ytimg.com/vi/pH5T6tyj_yS/default.jpg,False,False,False,Auto-generated sample description for Sports video.
W5mpLXUIfrk,24.10.07,Behind the Scenes: Music,Channel_2251,10,2024-07-08T04:00:00.000Z,music|live|vlog,16426,737,160,99,https://i.ytimg.com/vi/vT6a00KsKak/default.jpg,False,False,False,Auto-generated sample description for Music video.
00IqHG_ofvy,25.15.01,Reacting to Entertainment Trends,Channel_3497,3,2025-01-14T06:00:00.000Z,trending|review|vlog,181039,11589,876,595,https://i.ytimg.com/vi/dle0KSHFRTd/default.jpg,False,False,False,Auto-generated sample description for Entertainment video.
IQC_-Yf4-PO,24.22.01,Top 10 Sports Moments This Week,Channel_1735,12,2024-01-21T09:00:00.000Z,vlog|review|2024,11759,662,104,71,https://i.ytimg.com/vi/LMgYCVF1u1P/default.jpg,False,False,False,Auto-generated sample description for Sports video.
DCbGhM1mlUz,24.23.04,Reacting to Howto & Style Trends,Channel_2328,22,2024-04-22T05:00:00.000Z,live|official|2024,54676,1370,67,531,https://i.ytimg.com/vi/O2Q79apytKW/default.jpg,False,False,False,Auto-generated sample description for Howto & Style video.
E2p5H4G77Ic,24.26.08,Behind the Scenes: Music,Channel_3849,4,2024-08-26T02:00:00.000Z,live|official|vlog,29364,1202,175,323,https://i.ytimg.com/vi/4sZw0qfTstD/default.jpg,False,False,False,Auto-generated sample description for Music video.
7vJG2capywd,24.29.09,Gaming Compilation 2024,Channel_4208,1,2024-09-27T13:00:00.000Z,trending|official|2024,3400,87,28,6,https://i.ytimg.com/vi/mzrt8pHl6K5/default.jpg,False,False,False,Auto-generated sample description for Gaming video.
rPfOVvhaJ9l,24.30.10,Top 10 Gaming Moments This Week,Channel_3054,16,2024-10-26T22:00:00.000Z,official|music|trending,7310,404,68,13,https://i.ytimg.com/vi/EXO3pm5PX3X/default.jpg,False,False,False,Auto-generated sample description for Gaming video.
kP8wLxv-olD,24.14.09,Reacting to Music Trends,Channel_1546,4,2024-09-13T10:00:00.000Z,2024|review|live,15120,1008,16,211,https://i.ytimg.com/vi/5Hedq0gbw9U/default.jpg,False,False,False,Auto-generated sample description for Music video.
y0bD4H_I4SD,24.24.07,Comedy Compilation 2024,Channel_2311,7,2024-07-22T11:00:00.000Z,official|vlog|music,1834,63,2,11,https://i.ytimg.com/vi/KUZzQLrcCkC/default.jpg,False,False,False,Auto-generated sample description for Comedy video.
eLt4rEhGSzI,24.21.03,Reacting to Gaming Trends,Channel_211,1,2024-03-17T04:00:00.000Z,vlog|live|review,1400,25,12,10,https://i.ytimg.com/vi/XZb7XWr4Bda/default.jpg,False,False,False,Auto-generated sample description for Gaming video.
3q7yqoR4bdB,24.11.09,Top 10 Entertainment Moments This Week,Channel_801,3,2024-09-10T05:00:00.000Z,trending|live|official,262064,7345,2449,3126,https://i.ytimg.com/vi/zsxFqD-okbe/default.jpg,False,False,False,Auto-generated sample description for Entertainment video.
OcdbVZptCYH,24.08.02,Reacting to Education Trends,Channel_3186,13,2024-02-05T08:00:00.000Z,vlog|trending|music,19091,519,172,57,https://i.ytimg.com/vi/IkDLshEPo_a/default.jpg,False,False,False,Auto-generated sample description for Education video.
ceSRKL6ibBS,24.24.10,Behind the Scenes: Howto & Style,Channel_3479,19,2024-10-21T14:00:00.000Z,2024|live|vlog,15916,384,16,266,https://i.ytimg.com/vi/_pjedValKqo/default.jpg,False,False,False,Auto-generated sample description for Howto & Style video.
J-AZm1cDcYm,25.11.01,Official Music Highlights,Channel_251,10,2025-01-08T12:00:00.000Z,live|review|music,114109,3265,914,286,https://i.ytimg.com/vi/FQZTOpGu2_U/default.jpg,False,False,False,Auto-generated sample description for Music video.
wgHmTwlY0dX,24.31.08,Official Entertainment Highlights,Channel_1626,18,2024-08-27T00:00:00.000Z,review|music|trending,4625,175,33,32,https://i.ytimg.com/vi/33EiFzZwhQd/default.jpg,False,False,False,Auto-generated sample description for Entertainment video.
D5Jx3HaflhC,24.10.07,Official Entertainment Highlights,Channel_1078,3,2024-07-08T11:00:00.000Z,official|vlog|music,113247,5996,976,1559,https://i.ytimg.com/vi/b8qv-DSDtE7/default.jpg,False,False,False,Auto-generated sample description for Entertainment video.
EVcshfvhk_z,24.26.12,Entertainment Compilation 2024,Channel_3743,3,2024-12-25T20:00:00.000Z,music|review|vlog,139371,8945,1335,2027,https://i.ytimg.com/vi/Lxd6TrZ-Z_d/default.jpg,False,False,False,Auto-generated sample description for Entertainment video.
EYchvnyn8Z0,24.03.01,Top 10 Music Moments This Week,Channel_3435,4,2024-01-01T12:00:00.000Z,review|official|live,720369,30373,986,987,https://i.ytimg.com/vi/vVwrgqhfm4A/default.jpg,False,False,False,Auto-generated sample description for Music video.
TcFFkQrHoRj,24.09.11,Why This Entertainment Video Went Viral,Channel_3724,3,2024-11-07T04:00:00.000Z,live|official|music,9102,204,68,98,https://i.ytimg.com/vi/kMdqMcUzpOx/default.jpg,False,False,False,Auto-generated sample description for Entertainment video.
PQ0lw8C0Xm3,24.02.03,Reacting to Music Trends,Channel_1828,10,2024-03-02T03:00:00.000Z,vlog|review|music,7072,546,65,48,https://i.ytimg.com/vi/Iyeqdkemo7l/default.jpg,False,False,False,Auto-generated sample description for Music video.
NcFRhMPD-AW,24.13.11,Why This Howto & Style Video Went Viral,Channel_1654,19,2024-11-13T03:00:00.000Z,official|trending|2024,9963,224,22,83,https://i.ytimg.com/vi/Wke5oCQX72c/default.jpg,False,False,False,Auto-generated sample description for Howto & Style video.
pIXxZaXSbDg,25.29.01,Music Compilation 2024,Channel_3040,4,2025-01-29T04:00:00.000Z,trending|music|vlog,9471,136,19,151,https://i.ytimg.com/vi/jL8eRaeLsiT/default.jpg,False,False,False,Auto-generated sample description for Music video.
jnz3w1Y-Bll,24.12.05,Top 10 Entertainment Moments This Week,Channel_3675,18,2024-05-12T04:00:00.000Z,2024|music|vlog,77834,1016,660,813,https://i.ytimg.com/vi/H_N6JQZgnmq/default.jpg,False,False,False,Auto-generated sample description for Entertainment video.
x8EmrMHTump,24.27.03,Official Music Highlights,Channel_516,10,2024-03-25T18:00:00.000Z,music|review|2024,11113,629,75,33,https://i.ytimg.com/vi/be3xxcra5rH/default.jpg,False,False,False,Auto-generated sample description for Music video.
BRpHQzNBSgR,24.01.11,Behind the Scenes: Entertainment,Channel_430,3,2024-10-31T19:00:00.000Z,official|review|trending,148027,8232,1258,1022,https://i.ytimg.com/vi/jw2TOwDk6AT/default.jpg,False,False,False,Auto-generated sample description for Entertainment video.
2mqQ3XGFeY1,24.13.03,Why This Music Video Went Viral,Channel_4320,10,2024-03-10T04:00:00.000Z,live|vlog|2024,23938,914,36,365,https://i.ytimg.com/vi/543r51BsuIg/default.jpg,False,False,False,Auto-generated sample description for Music video.
urd9hcTe1EG,24.20.03,Reacting to Science & Technology Trends,Channel_2422,9,2024-03-17T14:00:00.000Z,review|music|official,10500,163,85,9,https://i.ytimg.com/vi/6Vghm5l_7Da/default.jpg,False,False,False,Auto-generated sample description for Science & Technology video.
iak_uKnhxli,24.11.08,Official Gaming Highlights,Channel_1485,16,2024-08-07T14:00:00.000Z,official|vlog|2024,4256,177,40,27,https://i.ytimg.com/vi/vwIThYI7CEV/default.jpg,False,False,False,Auto-generated sample description for Gaming video.
VREc9d3uxx0,24.09.11,Official Gaming Highlights,Channel_370,16,2024-11-05T02:00:00.000Z,official|2024|trending,16977,310,131,214,https://i.ytimg.com/vi/iwYrnNyrLEz/default.jpg,False,False,False,Auto-generated sample description for Gaming video.
mNT4og6xbZl,24.18.11,Why This Music Video Went Viral,Channel_4883,10,2024-11-15T16:00:00.000Z,review|live|official,147785,10247,1310,350,https://i.ytimg.com/vi/rDWgGPfE8ff/default.jpg,False,False,False,Auto-generated sample description for Music video.
dG2GpuJMrcE,25.02.01,Sports Compilation 2024,Channel_4380,12,2025-01-01T13:00:00.000Z,trending|official|vlog,14873,423,93,90,https://i.ytimg.com/vi/7mAE2VwKyIN/default.jpg,True,False,False,Auto-generated sample description for Sports video.
H2TxNJHj8pY,24.10.08,Reacting to Music Trends,Channel_2853,10,2024-08-06T16:00:00.000Z,review|2024|vlog,75211,1595,245,275,https://i.ytimg.com/vi/AKG_WBHfruT/default.jpg,False,False,True,Auto-generated sample description for Music video.
X39djqBil2S,24.09.05,Why This Music Video Went Viral,Channel_1523,4,2024-05-06T16:00:00.000Z,vlog|2024|music,36061,1820,100,632,https://i.ytimg.com/vi/HBQ7jOioF3F/default.jpg,False,False,False,Auto-generated sample description for Music video.
ncvr76YTN1R,24.09.07,Behind the Scenes: Entertainment,Channel_716,18,2024-07-09T09:00:00.000Z,vlog|official|live,149984,8332,1401,2103,https://i.ytimg.com/vi/Afe2WH-QEmA/default.jpg,True,False,False,Auto-generated sample description for Entertainment video.
kSAHfQqYWwb,24.09.06,Behind the Scenes: Music,Channel_1083,4,2024-06-08T10:00:00.000Z,music|2024|official,114766,8289,482,420,https://i.ytimg.com/vi/Kk3Fray4z2p/default.jpg,False,False,False,Auto-generated sample description for Music video.
muRtWhEF7hV,24.24.05,Top 10 Music Moments This Week,Channel_2013,10,2024-05-24T16:00:00.000Z,2024|live|review,45656,1630,411,267,https://i.ytimg.com/vi/caU-x3UHQSG/default.jpg,False,False,False,Auto-generated sample description for Music video.
0KwQuVTzCRx,24.29.01,Why This Gaming Video Went Viral,Channel_4728,16,2024-01-28T19:00:00.000Z,music|review|2024,3993,192,22,11,https://i.ytimg.com/vi/ENDJHcroWwP/default.jpg,False,False,False,Auto-generated sample description for Gaming video.
cWjUf8cQ0Sg,24.05.08,Behind the Scenes: Entertainment,Channel_2160,3,2024-08-05T20:00:00.000Z,review|live|trending,11272,513,8,160,https://i.ytimg.com/vi/GB0FGKeHKtz/default.jpg,False,False,False,Auto-generated sample description for Entertainment video.
2yredZvgBID,24.16.08,Behind the Scenes: Comedy,Channel_4359,7,2024-08-15T06:00:00.000Z,music|vlog|2024,52840,1484,179,997,https://i.ytimg.com/vi/l6_JKSMVd_f/default.jpg,False,False,False,Auto-generated sample description for Comedy video.
zTHe2LwLlLr,24.26.09,Official Gaming Highlights,Channel_1910,1,2024-09-24T01:00:00.000Z,live|music|review,8309,200,10,105,https://i.ytimg.com/vi/ByAMMPaLYyB/default.jpg,False,False,False,Auto-generated sample description for Gaming video.
HTU9J2Z4fI_,24.01.08,Reacting to Music Trends,Channel_1876,4,2024-07-30T09:00:00.000Z,official|music|live,23253,1266,13,371,https://i.ytimg.com/vi/44QQy-J3Mab/default.jpg,True,False,False,Auto-generated sample description for Music video.
gJ_zRW-ZUAI,24.06.01,Reacting to Music Trends,Channel_3646,10,2024-01-06T08:00:00.000Z,2024|official|review,9222,641,64,56,https://i.ytimg.com/vi/oO6PylstjLA/default.jpg,False,False,False,Auto-generated sample description for Music video.
3l3SYw7qJly,25.29.01,Reacting to Entertainment Trends,Channel_1503,18,2025-01-27T10:00:00.000Z,review|trending|official,631028,34617,2249,10935,https://i.ytimg.com/vi/76UuG2ae-nW/default.jpg,False,False,False,Auto-generated sample description for Entertainment video.
bROevK9kg37,24.15.09,Official Music Highlights,Channel_2450,4,2024-09-15T07:00:00.000Z,live|2024|music,16125,1152,30,205,https://i.ytimg.com/vi/QWqY-pF7rb6/default.jpg,False,False,False,Auto-generated sample description for Music video.
Pv1ve7xGz_F,24.14.07,Top 10 Entertainment Moments This Week,Channel_2802,18,2024-07-13T16:00:00.000Z,2024|trending|live,61137,2074,119,1120,https://i.ytimg.com/vi/-0BrhW0kQCO/default.jpg,False,False,False,Auto-generated sample description for Entertainment video.
saydlNT09Oe,25.31.01,Top 10 Music Moments This Week,Channel_3993,10,2025-01-31T05:00:00.000Z,2024|official|live,34688,430,130,51,https://i.ytimg.com/vi/FNMXQDoEDNf/default.jpg,False,False,False,Auto-generated sample description for Music video.
Mz0vJKIPHGY,24.24.01,Behind the Scenes: Gaming,Channel_1693,16,2024-01-20T16:00:00.000Z,2024|trending|vlog,127866,8431,1274,672,https://i.ytimg.com/vi/h302dRfFAMH/default.jpg,False,False,False,Auto-generated sample description for Gaming video.
_oX_td9nDjh,24.15.10,Official Entertainment Highlights,Channel_1964,18,2024-10-14T00:00:00.000Z,review|live|official,2735,206,21,23,https://i.ytimg.com/vi/CLej1Bu-wLk/default.jpg,False,True,False,Auto-generated sample description for Entertainment video.
Q3HCK3LXjP2,24.29.11,Top 10 Music Moments This Week,Channel_3307,10,2024-11-27T04:00:00.000Z,live|vlog|review,93429,2930,232,1349,https://i.ytimg.com/vi/Wx6RtPwUi96/default.jpg,False,False,False,Auto-generated sample description for Music video.
sPRa9LkDLxr,24.14.08,Reacting to Comedy Trends,Channel_1296,7,2024-08-12T20:00:00.000Z,music|live|vlog,100029,2011,392,431,https://i.ytimg.com/vi/dvW_FSfSB9K/default.jpg,False,False,False,Auto-generated sample description for Comedy video.
3sLhFgcJEtE,24.15.03,Behind the Scenes: Music,Channel_2166,10,2024-03-15T00:00:00.000Z,review|2024|live,28859,1743,286,367,https://i.ytimg.com/vi/TvywjKd3Br1/default.jpg,False,False,False,Auto-generated sample description for Music video.
JwnFYz1Us4O,24.16.02,Top 10 Sports Moments This Week,Channel_3864,12,2024-02-13T15:00:00.000Z,official|live|music,3751,198,4,61,https://i.ytimg.com/vi/X1ViQ5xXWge/default.jpg,False,False,False,Auto-generated sample description for Sports video.
VPJyhTrWjxS,24.19.11,Top 10 Entertainment Moments This Week,Channel_2972,18,2024-11-18T02:00:00.000Z,review|live|trending,352694,7843,2230,6536,https://i.ytimg.com/vi/-16g4XRTot9/default.jpg,False,False,False,Auto-generated sample description for Entertainment video.
PaOeyUzFCWN,24.25.04,Behind the Scenes: Music,Channel_3949,10,2024-04-23T02:00:00.000Z,official|vlog|music,94975,2258,692,1748,https://i.ytimg.com/vi/21kIVNgG1aT/default.jpg,False,False,False,Auto-generated sample description for Music video.
q0E0D6W0psy,24.05.03,Top 10 Entertainment Moments This Week,Channel_3025,18,2024-03-04T03:00:00.000Z,review|vlog|music,126051,5751,425,1301,https://i.ytimg.com/vi/yp9ELJJiNb4/default.jpg,False,False,False,Auto-generated sample description for Entertainment video.
ujel4ftRISN,24.12.10,Top 10 Education Moments This Week,Channel_3502,5,2024-10-08T09:00:00.000Z,vlog|official|music,37317,2943,133,164,https://i.ytimg.com/vi/-RvahxakpU4/default.jpg,False,False,False,Auto-generated sample description for Education video.
iIoSys3_wor,24.08.08,Gaming Compilation 2024,Channel_687,16,2024-08-06T05:00:00.000Z,2024|music|official,6145,267,16,87,https://i.ytimg.com/vi/MCx783sswF9/default.jpg,False,False,False,Auto-generated sample description for Gaming video.
GfUagapFsAH,24.17.08,Music Compilation 2024,Channel_3309,10,2024-08-14T07:00:00.000Z,review|vlog|trending,39011,3051,103,60,https://i.ytimg.com/vi/WGrnJ_oxPhG/default.jpg,False,False,False,Auto-generated sample description for Music video.
JJFPQWUkBB1,24.21.10,Entertainment Compilation 2024,Channel_111,3,2024-10-17T12:00:00.000Z,trending|review|music,26688,620,126,25,https://i.ytimg.com/vi/WyUnRID1Wae/default.jpg,False,False,False,Auto-generated sample description for Entertainment video.
DotEewFimWU,24.19.06,Behind the Scenes: Music,Channel_3679,10,2024-06-18T08:00:00.000Z,music|2024|vlog,13675,765,81,154,https://i.ytimg.com/vi/7KkPCeqK5DQ/default.jpg,False,False,False,Auto-generated sample description for Music video.
Y8X7MTzmDtf,24.10.05,Reacting to Gaming Trends,Channel_1838,16,2024-05-10T03:00:00.000Z,vlog|live|review,31863,1888,217,623,https://i.ytimg.com/vi/CVC_wt81dCn/default.jpg,False,False,False,Auto-generated sample description for Gaming video.
7fzLcsqSFqO,24.11.05,Behind the Scenes: Sports,Channel_2446,12,2024-05-10T21:00:00.000Z,trending|official|live,11041,315,11,208,https://i.ytimg.com/vi/laYD4ovhsUd/default.jpg,False,False,False,Auto-generated sample description for Sports video.
eZ4mNo5gn7E,24.25.09,Why This Music Video Went Viral,Channel_4638,10,2024-09-22T20:00:00.000Z,2024|trending|review,67499,3484,289,504,https://i.ytimg.com/vi/z2Fn9CIvaYH/default.jpg,False,False,True,Auto-generated sample description for Music video.
LHvzWfBPjMy,24.21.12,Film & Animation Compilation 2024,Channel_1480,17,2024-12-19T11:00:00.000Z,trending|music|vlog,149914,9740,976,1569,https://i.ytimg.com/vi/dpeZxl2Iy3d/default.jpg,False,False,False,Auto-generated sample description for Film & Animation video.
gE7teWQuJ73,25.14.01,Entertainment Compilation 2024,Channel_4338,18,2025-01-10T11:00:00.000Z,review|trending|live,61948,2499,199,653,https://i.ytimg.com/vi/5jh6SSCbia1/default.jpg,False,False,False,Auto-generated sample description for Entertainment video.
cN-gA0ndh5M,25.17.01,Reacting to Entertainment Trends,Channel_3771,3,2025-01-16T09:00:00.000Z,vlog|trending|live,18715,822,69,244,https://i.ytimg.com/vi/nb28aFBrqj3/default.jpg,False,False,False,Auto-generated sample description for Entertainment video.
epk4P8ng7ha,24.14.07,Music Compilation 2024,Channel_968,4,2024-07-13T13:00:00.000Z,vlog|trending|live,40887,1888,192,430,https://i.ytimg.com/vi/-QZuYB1IK_A/default.jpg,False,False,False,Auto-generated sample description for Music video.
Xif17h7hZ4Q,24.19.09,Why This Howto & Style Video Went Viral,Channel_1597,22,2024-09-17T16:00:00.000Z,trending|official|live,100622,4016,553,932,https://i.ytimg.com/vi/zp9YAMgMgke/default.jpg,False,False,False,"Auto-generated sample description for Howto & Style video.
Second line inside a quoted CSV field."
FUdrh4y6Dvw,24.24.10,Top 10 Music Moments This Week,Channel_1861,4,2024-10-20T09:00:00.000Z,official|trending|music,8814,651,68,137,https://i.ytimg.com/vi/VFaxwiKNJUa/default.jpg,False,True,False,Auto-generated sample description for Music video.
1flOO9en6Ih,24.30.10,Reacting to Entertainment Trends,Channel_4908,18,2024-10-26T05:00:00.000Z,trending|live|vlog,299433,9139,740,2977,https://i.ytimg.com/vi/TcMX9owCe9o/default.jpg,False,False,False,Auto-generated sample description for Entertainment video.
0zaDp9qZEHc,25.23.01,Music Compilation 2024,Channel_4889,10,2025-01-20T21:00:00.000Z,vlog|official|trending,24102,1820,150,288,https://i.ytimg.com/vi/Uy-sksnozM3/default.jpg,False,False,False,Auto-generated sample description for Music video.
oyw6aPh90Tc,24.09.08,Reacting to Education Trends,Channel_3591,5,2024-08-06T10:00:00.000Z,live|2024|music,1197,21,0,4,https://i.ytimg.com/vi/1KjhwEwoI-1/default.jpg,False,False,False,Auto-generated sample description for Education video.
wzue4MZZEfR,24.02.10,Official Pets & Animals Highlights,Channel_3999,15,2024-09-28T19:00:00.000Z,official|vlog|music,12982,471,113,233,https://i.ytimg.com/vi/d9wrIFsriDo/default.jpg,False,False,False,Auto-generated sample description for Pets & Animals video.
aKIn13EHjZU,25.15.01,Official Gaming Highlights,Channel_469,16,2025-01-14T02:00:00.000Z,music|vlog|trending,50304,2274,271,476,https://i.ytimg.com/vi/LOWAx_Eg_Li/default.jpg,False,False,False,Auto-generated sample description for Gaming video.
iP-OJPwa_Ip,24.05.01,Behind the Scenes: Music,Channel_1629,4,2024-01-01T12:00:00.000Z,vlog|music|official,120252,7720,389,1616,https://i.ytimg.com/vi/kuNHUxYB1V9/default.jpg,False,False,False,Auto-generated sample description for Music video.
oIBpI5C5biM,24.04.10,Gaming Compilation 2024,Channel_848,1,2024-09-30T00:00:00.000Z,vlog|live|review,104473,7693,127,1139,https://i.ytimg.com/vi/H2VEVold-yO/default.jpg,False,False,False,Auto-generated sample description for Gaming video.
kA7SFvGlv6G,24.23.12,Film & Animation Compilation 2024,Channel_2348,17,2024-12-20T19:00:00.000Z,official|vlog|live,9530,672,30,187,https://i.ytimg.com/vi/DALF9eH60Cu/default.jpg,False,False,False,Auto-generated sample description for Film & Animation video.
rF0v309AIrH,24.14.04,Behind the Scenes: Sports,Channel_4726,12,2024-04-12T11:00:00.000Z,review|official|vlog,7694,323,46,43,https://i.ytimg.com/vi/o61henV6IWn/default.jpg,False,False,False,Auto-generated sample description for Sports video.
MvtHfnrll7X,24.16.12,Behind the Scenes: Entertainment,Channel_1108,3,2024-12-14T01:00:00.000Z,trending|official|review,103041,6403,663,1366,https://i.ytimg.com/vi/s_W0rffGwDB/default.jpg,False,False,False,Auto-generated sample description for Entertainment video.
KqrnxFhRGUm,24.23.10,Official Gaming Highlights,Channel_485,1,2024-10-20T18:00:00.000Z,review|trending|2024,27516,487,138,223,https://i.ytimg.com/vi/jl0V1iXJN4S/default.jpg,False,False,False,Auto-generated sample description for Gaming video.
XblUnPSxPIi,24.18.04,Why This Sports Video Went Viral,Channel_3624,12,2024-04-17T10:00:00.000Z,review|2024|official,4213,43,3,17,https://i.ytimg.com/vi/oigSjOq1n3D/default.jpg,False,False,False,Auto-generated sample description for Sports video.
RHPDWY6Zxhc,24.03.01,Behind the Scenes: Music,Channel_2564,10,2024-01-01T00:00:00.000Z,music|trending|review,33623,563,23,62,https://i.ytimg.com/vi/H3vW0kfrTlj/default.jpg,False,False,False,Auto-generated sample description for Music video.
5lkz_cSyLg1,24.10.09,Top 10 Gaming Moments This Week,Channel_2250,16,2024-09-09T16:00:00.000Z,music|2024|vlog,8811,346,26,110,https://i.ytimg.com/vi/dYf0bgP4UuV/default.jpg,False,False,False,Auto-generated sample description for Gaming video.
LWENaaxsVHD,24.19.04,Top 10 Entertainment Moments This Week,Channel_130,18,2024-04-18T04:00:00.000Z,live|2024|official,26516,584,255,340,https://i.ytimg.com/vi/e0UQXhhOX41/default.jpg,False,False,False,Auto-generated sample description for Entertainment video.
RnKvS6-kIcD,24.11.05,Sports Compilation 2024,Channel_1435,12,2024-05-08T08:00:00.000Z,review|vlog|music,9255,713,80,181,https://i.ytimg.com/vi/rKkHyChenlS/default.jpg,True,False,False,Auto-generated sample description for Sports video.
807onQXo4H7,24.04.11,Top 10 Music Moments This Week,Channel_2572,10,2024-11-04T00:00:00.000Z,2024|vlog|trending,48975,1645,157,414,https://i.ytimg.com/vi/brY3V4K0PBI/default.jpg,False,False,False,Auto-generated sample description for Music video.
_xwwHRzwTFS,24.08.07,Behind the Scenes: Music,Channel_645,10,2024-07-05T04:00:00.000Z,vlog|trending|2024,53402,2924,212,517,https://i.ytimg.com/vi/lQ-LGSm7aQm/default.jpg,False,False,False,Auto-generated sample description for Music video.
l-pOjeEKVSF,24.12.10,Behind the Scenes: Music,Channel_1761,10,2024-10-10T04:00:00.000Z,official|2024|live,19060,1103,143,104,https://i.ytimg.com/vi/LOCBv1AIDlr/default.jpg,False,False,False,Auto-generated sample description for Music video.
7JP6CxTwLkN,24.30.01,Reacting to Science & Technology Trends,Channel_1402,20,2024-01-29T08:00:00.000Z,live|review|official,72395,1462,501,224,https://i.ytimg.com/vi/j4Ui5SWdKkH/default.jpg,False,True,False,Auto-generated sample description for Science & Technology video.
hcqCE8bB9us,25.12.01,Reacting to Education Trends,Channel_2553,2,2025-01-09T21:00:00.000Z,review|official|music,15537,436,120,268,https://i.ytimg.com/vi/l3mj7pkIaYG/default.jpg,False,False,False,Auto-generated sample description for Education video.
JkfG83ryUK2,24.24.10,Behind the Scenes: Music,Channel_4480,10,2024-10-20T18:00:00.000Z,official|2024|trending,280217,8788,2522,2044,https://i.ytimg.com/vi/bDA7xpsCRvd/default.jpg,False,False,False,Auto-generated sample description for Music video.
aBwXA3TnpC-,24.21.10,Top 10 Music Moments This Week,Channel_2336,4,2024-10-17T01:00:00.000Z,vlog|review|trending,74741,2061,372,1199,https://i.ytimg.com/vi/zeEgo9IrdEU/default.jpg,False,False,False,Auto-generated sample description for Music video.
dH35wCDEjzC,24.12.11,Official Pets & Animals Highlights,Channel_1259,15,2024-11-10T17:00:00.000Z,2024|trending|vlog,10493,733,93,193,https://i.ytimg.com/vi/xQZEhtzMGS6/default.jpg,False,True,False,Auto-generated sample description for Pets & Animals video.
jVglm-qz4VL,24.14.05,Gaming Compilation 2024,Channel_1534,16,2024-05-11T04:00:00.000Z,trending|official|review,25361,1170,136,116,https://i.ytimg.com/vi/2MTocD5Dtjm/default.jpg,False,False,False,Auto-generated sample description for Gaming video.
v3ie3k77Cdo,24.02.01,Behind the Scenes: Music,Channel_2659,4,2024-01-02T20:00:00.000Z,trending|vlog|official,11458,309,92,205,https://i.ytimg.com/vi/BIEzZFo39f_/default.jpg,False,False,False,Auto-generated sample description for Music video.
3-8OE46X0Zl,24.15.10,Gaming Compilation 2024,Channel_1700,16,2024-10-15T22:00:00.000Z,vlog|trending|2024,67237,4799,184,1270,https://i.ytimg.com/vi/xEfjKDnu7Ng/default.jpg,False,False,False,Auto-generated sample description for Gaming video.
Ta_vYHK8w6k,24.22.06,Music Compilation 2024,Channel_3534,10,2024-06-20T00:00:00.000Z,official|2024|review,51069,2875,275,836,https://i.ytimg.com/vi/jKCjxLDQx4I/default.jpg,False,False,False,Auto-generated sample description for Music video.
QTHusiYEi1g,24.15.10,Reacting to Entertainment Trends,Channel_4886,18,2024-10-14T05:00:00.000Z,music|review|live,117470,3742,619,1440,https://i.ytimg.com/vi/emqw0qKa0jc/default.jpg,False,False,False,Auto-generated sample description for Entertainment video.
nIXqnvrkIos,24.30.10,Top 10 Entertainment Moments This Week,Channel_4393,18,2024-10-28T03:00:00.000Z,vlog|live|official,18886,657,144,107,https://i.ytimg.com/vi/0Qg-WlcePmm/default.jpg,False,False,False,Auto-generated sample description for Entertainment video.
rUQD9JdIITH,24.05.03,Gaming Compilation 2024,Channel_2226,16,2024-03-05T21:00:00.000Z,music|review|vlog,99383,4582,710,1071,https://i.ytimg.com/vi/Il7bc514wL0/default.jpg,False,False,False,Auto-generated sample description for Gaming video.
hn63IaE0NDS,24.01.03,Official Entertainment Highlights,Channel_2784,3,2024-03-01T21:00:00.000Z,vlog|review|2024,17647,1069,159,305,https://i.ytimg.com/vi/9GpXppCKQDv/default.jpg,False,False,False,Auto-generated sample description for Entertainment video.
S4ZbFdKTAZn,25.11.01,Howto & Style Compilation 2024,Channel_737,22,2025-01-09T07:00:00.000Z,review|trending|vlog,26122,547,107,416,https://i.ytimg.com/vi/PA2cLQIFBPf/default.jpg,False,False,False,Auto-generated sample description for Howto & Style video.
OPA1rW9drfL,24.18.03,Official Entertainment Highlights,Channel_2259,18,2024-03-16T12:00:00.000Z,2024|vlog|trending,69629,3602,628,481,https://i.ytimg.com/vi/M1wGCYHb61w/default.jpg,False,False,False,Auto-generated sample description for Entertainment video.
vSzSKNa7GIR,24.25.09,Why This Entertainment Video Went Viral,Channel_10,18,2024-09-25T07:00:00.000Z,vlog|live|review,38314,621,35,149,https://i.ytimg.com/vi/80ILXccWc8x/default.jpg,False,False,False,Auto-generated sample description for Entertainment video.
97YP4rkBc0F,24.06.05,Behind the Scenes: Gaming,Channel_4459,16,2024-05-06T14:00:00.000Z,2024|vlog|trending,18253,1156,162,48,https://i.ytimg.com/vi/OjLmT0TxHg8/default.jpg,False,False,False,Auto-generated sample description for Gaming video.
bsijWz_JhRw,25.09.01,Reacting to Entertainment Trends,Channel_3621,18,2025-01-09T14:00:00.000Z,trending|2024|music,378647,30101,2054,7526,https://i.ytimg.com/vi/awmSvmsn0qM/default.jpg,False,False,False,Auto-generated sample description for Entertainment video.
IgNGmFrLaO8,24.02.12,Top 10 Music Moments This Week,Channel_4245,10,2024-11-28T16:00:00.000Z,2024|trending|vlog,47470,1462,395,523,https://i.ytimg.com/vi/xuG_Ez4hbw_/default.jpg,False,False,False,Auto-generated sample description for Music video.
Ng9kFQeWd7S,24.16.07,Behind the Scenes: Gaming,Channel_1807,1,2024-07-13T07:00:00.000Z,official|trending|2024,11142,657,13,155,https://i.ytimg.com/vi/YR3eDit-VCd/default.jpg,False,False,False,Auto-generated sample description for Gaming video.
AqLpf0uwih-,24.02.08,Why This Science & Technology Video Went Viral,Channel_4243,9,2024-07-30T06:00:00.000Z,trending|live|official,11198,716,62,99,https://i.ytimg.com/vi/RP7i7cBIaT0/default.jpg,False,False,False,Auto-generated sample description for Science & Technology video.
Ug-gKpM2qOm,24.15.10,Reacting to Music Trends,Channel_4519,4,2024-10-13T01:00:00.000Z,review|2024|music,5756,431,45,102,https://i.ytimg.com/vi/5XRDqpH6d2A/default.jpg,False,False,False,Auto-generated sample description for Music video.
kvqkjfH9aaZ,24.10.09,Official Music Highlights,Channel_1735,4,2024-09-10T12:00:00.000Z,live|review|official,7646,406,53,83,https://i.ytimg.com/vi/ZCWaXHRI-a0/default.jpg,False,False,False,Auto-generated sample description for Music video.
5j4tSabQyzk,24.27.12,Official Music Highlights,Channel_1060,4,2024-12-27T19:00:00.000Z,vlog|review|official,169653,7230,898,331,https://i.ytimg.com/vi/OYosRLCE6J4/default.jpg,False,False,False,Auto-generated sample description for Music video.
9J7YaUjHV85,24.20.09,Reacting to Music Trends,Channel_3424,10,2024-09-20T02:00:00.000Z,trending|music|official,74138,5119,584,1381,https://i.ytimg.com/vi/U_KQARWA-0J/default.jpg,False,False,False,Auto-generated sample description for Music video.
R0h03qxqszT,24.25.07,Reacting to Film & Animation Trends,Channel_379,17,2024-07-25T07:00:00.000Z,trending|live|music,985,38,2,1,https://i.ytimg.com/vi/JSoYArd9vR6/default.jpg,False,False,False,Auto-generated sample description for Film & Animation video.
5RAB1Xuq86t,24.31.10,Entertainment Compilation 2024,Channel_3826,18,2024-10-29T03:00:00.000Z,vlog|review|official,111513,5589,640,823,https://i.ytimg.com/vi/m0l2DsT8WKM/default.jpg,False,False,False,Auto-generated sample description for Entertainment video.
oW6mG7GmI5A,24.07.03,Official Entertainment Highlights,Channel_1516,18,2024-03-04T10:00:00.000Z,2024|vlog|trending,37483,2464,85,740,https://i.ytimg.com/vi/ouC-xMqZ-iR/default.jpg,False,False,False,Auto-generated sample description for Entertainment video.
oO7a33qy6Zj,24.20.12,Official Gaming Highlights,Channel_77,1,2024-12-18T02:00:00.000Z,vlog|review|trending,2664,189,17,36,https://i.ytimg.com/vi/ciD31qqvzy5/default.jpg,False,False,False,Auto-generated sample description for Gaming video.
FqoJClyVQhd,24.19.02,Reacting to Gaming Trends,Channel_2496,16,2024-02-16T17:00:00.000Z,review|live|music,18633,1165,158,172,https://i.ytimg.com/vi/SKWI87WGV9Q/default.jpg,False,False,False,Auto-generated sample description for Gaming video.
ADOalH8do7u,24.27.04,Why This Entertainment Video Went Viral,Channel_4050,18,2024-04-26T16:00:00.000Z,official|trending|live,29524,649,54,72,https://i.ytimg.com/vi/gAZlpY3viVD/default.jpg,False,True,False,Auto-generated sample description for Entertainment video.
476t-EqBCSK,24.18.02,Top 10 Gaming Moments This Week,Channel_192,16,2024-02-15T05:00:00.000Z,vlog|2024|review,86506,2889,622,400,https://i.ytimg.com/vi/KibqPP6GetE/default.jpg,False,False,False,Auto-generated sample description for Gaming video.
MvqGgMr3E_l,25.11.01,Official Entertainment Highlights,Channel_3999,3,2025-01-11T01:00:00.000Z,review|2024|vlog,15119,807,68,172,https://i.ytimg.com/vi/vKp9dTh5787/default.jpg,False,False,False,Auto-generated sample description for Entertainment video.
MiuEVzseB-Z,24.30.03,Behind the Scenes: Howto & Style,Channel_2560,19,2024-03-29T17:00:00.000Z,vlog|live|review,336,22,2,4,https://i.ytimg.com/vi/R_p4JvinQZB/default.jpg,False,False,False,Auto-generated sample description for Howto & Style video.
TbuMBmS8AHj,24.03.03,Music Compilation 2024,Channel_1234,10,2024-02-28T07:00:00.000Z,review|official|music,85519,1767,829,1234,https://i.ytimg.com/vi/r3B7I9qo9Cm/default.jpg,False,False,False,Auto-generated sample description for Music video.
cQkGzShhyWQ,24.10.08,Official Music Highlights,Channel_525,10,2024-08-07T13:00:00.000Z,music|trending|vlog,4548,123,44,53,https://i.ytimg.com/vi/6FNbbmQJXyF/default.jpg,False,False,False,Auto-generated sample description for Music video.
7tPZKNU0trM,24.23.11,Official Music Highlights,Channel_1315,4,2024-11-20T21:00:00.000Z,trending|2024|vlog,45284,528,302,441,https://i.ytimg.com/vi/3OAlNhZsOmo/default.jpg,False,False,False,Auto-generated sample description for Music video.
eFeamyJXDXw,24.22.09,Official Entertainment Highlights,Channel_218,18,2024-09-19T12:00:00.000Z,vlog|music|2024,137836,7515,171,1044,https://i.ytimg.com/vi/Ag1I_o5xUlm/default.jpg,False,False,False,"Auto-generated sample description for Entertainment video.
Second line inside a quoted CSV field."
rTewhWKiMAs,24.04.02,Top 10 Entertainment Moments This Week,Channel_3175,18,2024-01-31T15:00:00.000Z,vlog|review|music,998,54,8,13,https://i.ytimg.com/vi/dlFcHM9_l22/default.jpg,False,False,False,Auto-generated sample description for Entertainment video.
WnXbV6gX-F4,24.27.06,Why This Entertainment Video Went Viral,Channel_4769,18,2024-06-25T09:00:00.000Z,review|trending|music,24873,1325,127,121,https://i.ytimg.com/vi/2Zbd6q6Ikgz/default.jpg,False,False,False,Auto-generated sample description for Entertainment video.
ngGVMCuiZlL,24.22.02,Reacting to Entertainment Trends,Channel_2672,3,2024-02-19T15:00:00.000Z,trending|official|2024,2119,35,5,27,https://i.ytimg.com/vi/_zBnqoE0idk/default.jpg,False,False,False,Auto-generated sample description for Entertainment video.
Qi7eTYRayj4,24.14.03,Behind the Scenes: Entertainment,Channel_4868,3,2024-03-12T21:00:00.000Z,review|music|live,9020,714,45,173,https://i.ytimg.com/vi/MkoGNuGK0kN/default.jpg,False,False,False,Auto-generated sample description for Entertainment video.
lUKe_cll1sz,24.12.09,Top 10 Science & Technology Moments This Week,Channel_562,20,2024-09-10T00:00:00.000Z,official|vlog|live,56533,2931,528,413,https://i.ytimg.com/vi/Cdp6MbvhFeT/default.jpg,False,False,False,Auto-generated sample description for Science & Technology video.
iHQQpsCoSwP,24.22.12,Behind the Scenes: Entertainment,Channel_463,18,2024-12-18T09:00:00.000Z,official|trending|review,4829663,349358,45154,18394,https://i.ytimg.com/vi/KcjpPOgrzhQ/default.jpg,True,False,False,Auto-generated sample description for Entertainment video.
V__HMadqfWh,24.13.08,Behind the Scenes: Entertainment,Channel_1759,18,2024-08-10T03:00:00.000Z,review|official|live,51556,2921,148,221,https://i.ytimg.com/vi/8nB-73Jj_cK/default.jpg,False,False,False,Auto-generated sample description for Entertainment video.
Yje4IuIkL3t,24.19.02,Film & Animation Compilation 2024,Channel_1904,17,2024-02-17T17:00:00.000Z,official|vlog|2024,15737,377,49,59,https://i.ytimg.com/vi/pthyh0U1sh8/default.jpg,False,False,False,Auto-generated sample description for Film & Animation video.
mjuk_ZzIaHv,24.31.10,Behind the Scenes: Entertainment,Channel_736,3,2024-10-31T16:00:00.000Z,2024|live|trending,46439,1454,373,227,https://i.ytimg.com/vi/FBwZ_U-fg7y/default.jpg,False,False,False,Auto-generated sample description for Entertainment video.
tF0ug2eU88T,24.03.10,Music Compilation 2024,Channel_736,10,2024-10-02T13:00:00.000Z,live|vlog|official,86278,4269,730,578,https://i.ytimg.com/vi/1NTGa8sbFwv/default.jpg,False,False,False,Auto-generated sample description for Music video.
UAid7I5WqPL,24.29.03,Top 10 Entertainment Moments This Week,Channel_3307,3,2024-03-28T16:00:00.000Z,music|official|2024,270206,18096,1855,4709,https://i.ytimg.com/vi/TFcey2TTwPS/default.jpg,False,False,False,Auto-generated sample description for Entertainment video.
4Gt70nvulNe,24.08.05,Why This Comedy Video Went Viral,Channel_183,7,2024-05-07T17:00:00.000Z,2024|vlog|review,51015,2526,437,204,https://i.ytimg.com/vi/A7zMnVXCeLJ/default.jpg,False,False,False,Auto-generated sample description for Comedy video.
71bXfdUnSOH,24.02.12,Official Entertainment Highlights,Channel_2286,3,2024-11-30T13:00:00.000Z,review|live|music,8744,489,13,99,https://i.ytimg.com/vi/-C9SEHzD7f9/default.jpg,False,False,False,Auto-generated sample description for Entertainment video.
NEYl6Ph0Q0r,24.14.01,Reacting to Music Trends,Channel_4109,10,2024-01-13T19:00:00.000Z,music|official|2024,512423,10967,346,8257,https://i.ytimg.com/vi/oFyBr-PmT9L/default.jpg,False,False,False,Auto-generated sample description for Music video.
zKgQ5L1p8G-,24.17.06,Sports Compilation 2024,Channel_4625,12,2024-06-16T22:00:00.000Z,vlog|music|trending,4802,100,39,83,https://i.ytimg.com/vi/c7LY-Z8pwR3/default.jpg,False,False,False,Auto-generated sample description for Sports video.
XxnIyDro6D4,24.10.06,Entertainment Compilation 2024,Channel_4541,18,2024-06-06T22:00:00.000Z,review|trending|vlog,7838,611,23,8,https://i.ytimg.com/vi/xkLUeYWMx1i/default.jpg,False,False,False,Auto-generated sample description for Entertainment video.
JMTFpjz5YVc,24.20.03,Reacting to Entertainment Trends,Channel_4918,3,2024-03-17T02:00:00.000Z,music|review|2024,13929,490,77,223,https://i.ytimg.com/vi/vjptbd72D4c/default.jpg,False,False,False,Auto-generated sample description for Entertainment video.
BEoWRvAz5PQ,24.25.07,Entertainment Compilation 2024,Channel_717,18,2024-07-23T17:00:00.000Z,review|vlog|trending,74878,3450,539,1011,https://i.ytimg.com/vi/0S4C3-3v6Ea/default.jpg,False,True,False,Auto-generated sample description for Entertainment video.
-E679LjSSP2,24.21.06,Official Entertainment Highlights,Channel_3275,3,2024-06-19T04:00:00.000Z,2024|trending|music,84508,4280,389,1027,https://i.ytimg.com/vi/UyWi1GG0FdP/default.jpg,False,False,False,Auto-generated sample description for Entertainment video.
2QIr5pYkJjo,24.03.07,Behind the Scenes: Entertainment,Channel_1494,18,2024-07-03T09:00:00.000Z,official|trending|music,14394,736,106,191,https://i.ytimg.com/vi/F53HU2zzjS3/default.jpg,False,False,False,Auto-generated sample description for Entertainment video.
basUzhV0q28,24.03.07,Music Compilation 2024,Channel_2537,10,2024-07-03T02:00:00.000Z,review|vlog|music,26969,1899,84,324,https://i.ytimg.com/vi/53ZhiwJG3UD/default.jpg,False,False,False,Auto-generated sample description for Music video.
EMqTbe87lf2,24.06.01,Reacting to Entertainment Trends,Channel_401,3,2024-01-02T16:00:00.000Z,official|review|live,8790,310,30,18,https://i.ytimg.com/vi/53CCbsJyLSb/default.jpg,False,False,False,Auto-generated sample description for Entertainment video.
2jOt2DMfRNL,24.31.05,Reacting to Film & Animation Trends,Channel_4606,17,2024-05-28T11:00:00.000Z,review|live|official,10662,440,68,40,https://i.ytimg.com/vi/hB70b7I-Hw1/default.jpg,False,False,False,Auto-generated sample description for Film & Animation video.
i5YAe6xabzL,24.16.02,Reacting to Education Trends,Channel_451,2,2024-02-15T00:00:00.000Z,trending|music|vlog,23637,1058,69,312,https://i.ytimg.com/vi/giZtWhfMgKe/default.jpg,False,False,False,Auto-generated sample description for Education video.
9yOG3dweyiD,24.15.03,Official Music Highlights,Channel_2215,10,2024-03-12T15:00:00.000Z,music|review|live,204181,8863,736,3662,https://i.ytimg.com/vi/T67p8VmrHBW/default.jpg,False,False,False,Auto-generated sample description for Music video.
csBUu_w7OQt,24.01.02,Why This Entertainment Video Went Viral,Channel_1996,18,2024-01-29T09:00:00.000Z,2024|review|live,1472,73,12,10,https://i.ytimg.com/vi/vJ0FbWNtCfj/default.jpg,False,False,False,Auto-generated sample description for Entertainment video.
Le7Zi2aM-0V,24.16.05,Official Science & Technology Highlights,Channel_3045,9,2024-05-13T17:00:00.000Z,music|trending|live,10210,201,15,110,https://i.ytimg.com/vi/8hCkfsFBctN/default.jpg,False,False,False,Auto-generated sample description for Science & Technology video.
750ZssjG3s_,24.06.04,Why This Sports Video Went Viral,Channel_3825,12,2024-04-06T20:00:00.000Z,live|vlog|official,7412,582,3,37,https://i.ytimg.com/vi/5gaZNvBSmW_/default.jpg,False,False,False,Auto-generated sample description for Sports video.
OsLhR9hTONP,24.20.10,Behind the Scenes: Music,Channel_1725,10,2024-10-16T11:00:00.000Z,2024|trending|live,22383,307,112,27,https://i.ytimg.com/vi/TXO8l415F5p/default.jpg,False,False,False,Auto-generated sample description for Music video.
rP8D5gkevmL,24.03.03,Entertainment Compilation 2024,Channel_20,3,2024-03-03T15:00:00.000Z,official|2024|trending,8000,519,26,21,https://i.ytimg.com/vi/bocESSXzIlX/default.jpg,True,False,False,Auto-generated sample description for Entertainment video.
V0UDIrzcWnS,24.18.06,Official Sports Highlights,Channel_950,12,2024-06-14T04:00:00.000Z,official|2024|music,11608,191,11,93,https://i.ytimg.com/vi/IAr1Itcleww/default.jpg,False,False,False,Auto-generated sample description for Sports video.
PRVKPXBo6j1,24.28.06,Top 10 Entertainment Moments This Week,Channel_2931,18,2024-06-27T17:00:00.000Z,music|trending|live,12116,368,102,136,https://i.ytimg.com/vi/rWTC6qf1oO2/default.jpg,False,False,False,Auto-generated sample description for Entertainment video.
dGriulq6ReK,24.04.12,Why This Music Video Went Viral,Channel_2999,4,2024-11-30T17:00:00.000Z,2024|live|review,109889,1131,311,1191,https://i.ytimg.com/vi/76HhJiX67Rj/default.jpg,False,False,False,Auto-generated sample description for Music video.
GkW4cmPoQK4,24.05.07,Entertainment Compilation 2024,Channel_3556,3,2024-07-05T04:00:00.000Z,official|live|vlog,31236,2329,49,136,https://i.ytimg.com/vi/rYCpEBS14Rw/default.jpg,False,False,False,Auto-generated sample description for Entertainment video.
TI2FYlyWxB8,25.06.01,Reacting to Music Trends,Channel_3650,4,2025-01-05T11:00:00.000Z,live|review|official,52093,2007,482,1025,https://i.ytimg.com/vi/fUCmDA-PBKs/default.jpg,False,False,False,Auto-generated sample description for Music video.
0FHhpU2VTid,24.10.09,Top 10 Music Moments This Week,Channel_1545,10,2024-09-10T02:00:00.000Z,vlog|music|official,7280,263,29,93,https://i.ytimg.com/vi/mba_xPvUmad/default.jpg,False,False,False,Auto-generated sample description for Music video.
3vA3htNt_U4,24.15.11,Reacting to Nonprofits & Activism Trends,Channel_1293,21,2024-11-15T05:00:00.000Z,review|official|2024,8480,143,31,161,https://i.ytimg.com/vi/46UruR2Z7Gh/default.jpg,False,False,False,Auto-generated sample description for Nonprofits & Activism video.
9CJcvExOoPv,25.19.01,Why This Entertainment Video Went Viral,Channel_1418,18,2025-01-16T02:00:00.000Z,live|official|review,165615,10005,906,3242,https://i.ytimg.com/vi/mYXI9iIlPBr/default.jpg,False,False,False,Auto-generated sample description for Entertainment video.
tqOTGlbH2Uz,24.23.05,Top 10 Film & Animation Moments This Week,Channel_2085,17,2024-05-21T09:00:00.000Z,trending|2024|official,2788,196,14,38,https://i.ytimg.com/vi/QmuH2XOyWM1/default.jpg,False,False,False,Auto-generated sample description for Film & Animation video.
wBydWv-Xeek,24.13.11,Music Compilation 2024,Channel_523,4,2024-11-10T12:00:00.000Z,live|2024|review,266160,17422,1391,4551,https://i.ytimg.com/vi/AnKTfHnhUKy/default.jpg,False,False,False,Auto-generated sample description for Music video.
RVqGDyTydAV,24.13.01,Why This Music Video Went Viral,Channel_2198,10,2024-01-13T11:00:00.000Z,official|trending|music,31286,1054,232,579,https://i.ytimg.com/vi/CfwMbfQk_5e/default.jpg,False,False,True,Auto-generated sample description for Music video.
Wk06UWLDRBl,24.23.04,Behind the Scenes: Comedy,Channel_372,7,2024-04-23T17:00:00.000Z,official|live|review,15979,1086,38,19,https://i.ytimg.com/vi/brKo3pbRraj/default.jpg,False,False,False,Auto-generated sample description for Comedy video.
_AuEeg-9AbW,24.02.11,Official Entertainment Highlights,Channel_1999,3,2024-10-29T02:00:00.000Z,official|music|live,10493,650,62,196,https://i.ytimg.com/vi/Re956PKVVkt/default.jpg,False,False,False,Auto-generated sample description for Entertainment video.
76KCQWHM2j4,24.09.04,Reacting to Music Trends,Channel_3158,10,2024-04-09T15:00:00.000Z,live|vlog|trending,22874,1778,225,84,https://i.ytimg.com/vi/orJ1u2WsxLq/default.jpg,False,False,False,Auto-generated sample description for Music video.
tDAlwDCRpdB,24.19.03,Reacting to Music Trends,Channel_850,10,2024-03-15T17:00:00.000Z,live|official|review,63207,5005,347,439,https://i.ytimg.com/vi/ZxoagKoKkWZ/default.jpg,False,False,False,Auto-generated sample description for Music video.
R6qDgpS2R_I,25.16.01,Behind the Scenes: Entertainment,Channel_2548,18,2025-01-16T05:00:00.000Z,2024|vlog|official,20385,296,24,403,https://i.ytimg.com/vi/5zdNrrAlyTi/default.jpg,False,False,False,Auto-generated sample description for Entertainment video.
8wjfyxSaq51,24.18.11,Why This Gaming Video Went Viral,Channel_4467,16,2024-11-18T06:00:00.000Z,trending|official|vlog,34214,1101,250,154,https://i.ytimg.com/vi/c1CkqG2nY2J/default.jpg,False,False,False,Auto-generated sample description for Gaming video.
HzTb_JBIcoq,24.02.03,Official Comedy Highlights,Channel_3075,7,2024-02-29T18:00:00.000Z,music|vlog|2024,4725,53,31,8,https://i.ytimg.com/vi/L1iJ_62X_28/default.jpg,False,False,False,Auto-generated sample description for Comedy video.
AdiQ09gZBbu,24.30.05,Top 10 Music Moments This Week,Channel_2941,10,2024-05-26T18:00:00.000Z,review|trending|2024,15665,465,152,309,https://i.ytimg.com/vi/b2_v1oI19p9/default.jpg,False,False,False,Auto-generated sample description for Music video.
_NJegxMGjGF,25.11.01,Reacting to Film & Animation Trends,Channel_57,17,2025-01-09T09:00:00.000Z,review|trending|live,17780,1250,83,134,https://i.ytimg.com/vi/NRJPdqvN88F/default.jpg,False,False,False,Auto-generated sample description for Film & Animation video.
YFYajVcjbSd,24.31.05,Reacting to Music Trends,Channel_2240,4,2024-05-28T11:00:00.000Z,live|official|review,988833,30242,2025,2082,https://i.ytimg.com/vi/65pUvh_f3IR/default.jpg,False,False,False,Auto-generated sample description for Music video.
ph3dbBMJoNK,24.23.01,Behind the Scenes: Music,Channel_953,4,2024-01-21T06:00:00.000Z,music|trending|2024,1930,130,5,30,https://i.ytimg.com/vi/D-PLyWhD7tG/default.jpg,False,False,False,Auto-generated sample description for Music video.
EevDwmY2NGC,24.19.06,Why This Entertainment Video Went Viral,Channel_4457,18,2024-06-19T07:00:00.000Z,official|music|2024,13577,221,40,47,https://i.ytimg.com/vi/QUbRKe4rMb9/default.jpg,False,False,False,Auto-generated sample description for Entertainment video.
XF0jWdJXcFs,25.25.01,Gaming Compilation 2024,Channel_4194,16,2025-01-24T02:00:00.000Z,official|2024|music,52814,2323,342,892,https://i.ytimg.com/vi/OU6LhANoGMS/default.jpg,False,False,False,Auto-generated sample description for Gaming video.
Fsx_fvHjjE5,24.04.12,Official Entertainment Highlights,Channel_31,18,2024-12-03T19:00:00.000Z,vlog|music|review,93039,4626,397,835,https://i.ytimg.com/vi/wL4QN5FB1lh/default.jpg,False,False,False,Auto-generated sample description for Entertainment video.
iHm_4ynFBur,24.06.01,Why This Entertainment Video Went Viral,Channel_1590,18,2024-01-03T10:00:00.000Z,official|live|vlog,28702,1693,32,487,https://i.ytimg.com/vi/EjkOR5TG9HV/default.jpg,False,False,False,Auto-generated sample description for Entertainment video.
gx70-BP4mMG,24.05.12,Gaming Compilation 2024,Channel_2725,16,2024-12-02T00:00:00.000Z,trending|music|vlog,6257,337,34,88,https://i.ytimg.com/vi/O8eFjD-z3NG/default.jpg,False,False,False,Auto-generated sample description for Gaming video.
XeVruvPIvGP,24.13.09,Behind the Scenes: Music,Channel_2849,4,2024-09-09T07:00:00.000Z,2024|vlog|trending,56723,4241,243,1025,https://i.ytimg.com/vi/8WHlkIu_th-/default.jpg,False,False,False,Auto-generated sample description for Music video.
prFVNijIP3w,24.02.12,Behind the Scenes: Music,Channel_1563,10,2024-11-28T21:00:00.000Z,review|live|vlog,11732,831,64,139,https://i.ytimg.com/vi/Y1WPS4bNU7-/default.jpg,False,False,False,Auto-generated sample description for Music video.
_dsmV93Bpxz,24.03.05,Top 10 Comedy Moments This Week,Channel_2096,7,2024-05-01T18:00:00.000Z,review|official|music,1457,87,11,10,https://i.ytimg.com/vi/nP5K_2gxk_f/default.jpg,False,False,False,Auto-generated sample description for Comedy video.
had8UxhuCkk,24.08.03,Why This Education Video Went Viral,Channel_3475,5,2024-03-06T20:00:00.000Z,trending|review|vlog,98707,7070,513,1728,https://i.ytimg.com/vi/FP-Ad-w8mTb/default.jpg,False,False,False,Auto-generated sample description for Education video.
vcq36wWvJBg,24.17.09,Reacting to Film & Animation Trends,Channel_437,17,2024-09-14T11:00:00.000Z,vlog|review|trending,5073,181,31,32,https://i.ytimg.com/vi/rwXye683cZ2/default.jpg,False,False,False,Auto-generated sample description for Film & Animation video.
grqkC0ZWwF9,24.27.02,Education Compilation 2024,Channel_681,5,2024-02-26T15:00:00.000Z,music|trending|official,420,11,2,4,https://i.ytimg.com/vi/8aYZhDy-2nr/default.jpg,False,False,False,Auto-generated sample description for Education video.
Zfp0IQOfHET,24.08.02,Reacting to Entertainment Trends,Channel_2749,3,2024-02-04T10:00:00.000Z,review|trending|2024,19530,1364,47,173,https://i.ytimg.com/vi/Udtyndwdepj/default.jpg,False,False,False,Auto-generated sample description for Entertainment video.
1kX-drlL_KT,24.22.07,Official Music Highlights,Channel_4442,4,2024-07-20T05:00:00.000Z,2024|vlog|review,13281,940,75,21,https://i.ytimg.com/vi/tIXHmDeC9zi/default.jpg,False,False,False,Auto-generated sample description for Music video.
QrD9X27LO8x,24.25.11,Entertainment Compilation 2024,Channel_711,18,2024-11-25T17:00:00.000Z,music|review|vlog,22242,398,55,185,https://i.ytimg.com/vi/TmrnnR5owvO/default.jpg,False,False,False,Auto-generated sample description for Entertainment video.
wBua-ZqdYf6,24.07.06,Reacting to Music Trends,Channel_4344,10,2024-06-06T07:00:00.000Z,2024|trending|live,32542,395,39,499,https://i.ytimg.com/vi/7aYcaeJrxed/default.jpg,False,False,False,Auto-generated sample description for Music video.
KMvup9RWFot,24.10.03,Top 10 Gaming Moments This Week,Channel_1897,1,2024-03-06T09:00:00.000Z,2024|live|review,6503,341,44,15,https://i.ytimg.com/vi/uYF9HekqldF/default.jpg,False,False,False,Auto-generated sample description for Gaming video.
0fCbHnS4aG5,24.09.12,Music Compilation 2024,Channel_1840,10,2024-12-09T22:00:00.000Z,music|official|live,69525,1603,224,548,https://i.ytimg.com/vi/_ZQVyJhN0aa/default.jpg,False,False,False,Auto-generated sample description for Music video.
KJSvpNEVXFj,24.16.10,Why This Entertainment Video Went Viral,Channel_4020,3,2024-10-14T13:00:00.000Z,vlog|review|live,4012,141,14,41,https://i.ytimg.com/vi/QCLC8fyq3z-/default.jpg,False,False,False,Auto-generated sample description for Entertainment video.
zSWdHC4llc8,24.19.05,Why This Entertainment Video Went Viral,Channel_682,3,2024-05-15T13:00:00.000Z,review|2024|official,8974,348,60,33,https://i.ytimg.com/vi/fqsa3Oo9DLf/default.jpg,False,False,False,Auto-generated sample description for Entertainment video.
KUjFpNLyLgr,24.17.02,Reacting to Music Trends,Channel_4888,4,2024-02-15T13:00:00.000Z,vlog|2024|trending,40520,2466,206,608,https://i.ytimg.com/vi/RM2dXK5z9RP/default.jpg,False,False,False,Auto-generated sample description for Music video.
cqMVhek7ZdL,25.03.01,Official Gaming Highlights,Channel_1033,16,2025-01-03T17:00:00.000Z,trending|2024|review,19013,233,104,136,https://i.ytimg.com/vi/x4Eaab4016R/default.jpg,False,False,False,Auto-generated sample description for Gaming video.
NhVGEF3Nflh,24.25.05,Reacting to Education Trends,Channel_3839,2,2024-05-23T05:00:00.000Z,trending|vlog|official,4441,125,31,52,https://i.ytimg.com/vi/3wI96YdCPuK/default.jpg,False,False,False,Auto-generated sample description for Education video.
90aAhAgTMJe,24.01.11,Entertainment Compilation 2024,Channel_4654,3,2024-10-28T01:00:00.000Z,live|official|music,43397,1009,357,841,https://i.ytimg.com/vi/nGbJVfPInmE/default.jpg,True,False,False,Auto-generated sample description for Entertainment video.
tP-fMcb8Dr6,24.13.01,Reacting to Entertainment Trends,Channel_1927,3,2024-01-13T17:00:00.000Z,review|music|official,9423,269,73,5,https://i.ytimg.com/vi/HJ6Kb2K52fS/default.jpg,False,False,False,Auto-generated sample description for Entertainment video.
9jaR6t5C31O,24.03.05,Top 10 Entertainment Moments This Week,Channel_3230,18,2024-05-01T10:00:00.000Z,2024|live|vlog,1215108,56788,12078,8413,https://i.ytimg.com/vi/TLouR0TOvQI/default.jpg,False,False,False,Auto-generated sample description for Entertainment video.
1pw8qwFWYeW,24.07.06,Music Compilation 2024,Channel_1452,4,2024-06-03T17:00:00.000Z,vlog|review|2024,22457,1605,162,388,https://i.ytimg.com/vi/Xz535TMssQs/default.jpg,False,False,False,Auto-generated sample description for Music video.
dxLzgmu86nK,24.25.07,Music Compilation 2024,Channel_2550,10,2024-07-24T18:00:00.000Z,music|2024|official,21792,881,134,259,https://i.ytimg.com/vi/LPzCTd0Uqzc/default.jpg,False,False,False,Auto-generated sample description for Music video.
hRF9yDbTkQB,24.17.10,Why This Entertainment Video Went Viral,Channel_4238,3,2024-10-15T00:00:00.000Z,review|music|vlog,1720901,114628,5650,1954,https://i.ytimg.com/vi/2gvJZ7ajPkS/default.jpg,False,False,False,Auto-generated sample description for Entertainment video.
cIis2XeGOHi,25.16.01,Reacting to Film & Animation Trends,Channel_2727,17,2025-01-16T10:00:00.000Z,2024|live|official,3535,277,12,51,https://i.ytimg.com/vi/MXQq9o074Cw/default.jpg,False,False,False,Auto-generated sample description for Film & Animation video.
HFv38gkmz2F,24.13.07,Music Compilation 2024,Channel_4029,4,2024-07-12T12:00:00.000Z,official|2024|vlog,215414,8027,771,1437,https://i.ytimg.com/vi/bZUBvRUM3nd/default.jpg,False,False,False,Auto-generated sample description for Music video.
vJoBChvbs93,24.21.04,Top 10 Autos & Vehicles Moments This Week,Channel_3864,8,2024-04-19T08:00:00.000Z,review|trending|2024,1467,81,8,22,https://i.ytimg.com/vi/DMkWiY0vIst/default.jpg,False,False,False,Auto-generated sample description for Autos & Vehicles video.
x3G-tqL6fS0,24.27.07,Behind the Scenes: Music,Channel_4235,4,2024-07-24T21:00:00.000Z,official|live|review,60039,3172,194,73,https://i.ytimg.com/vi/NH3n3N5TlyR/default.jpg,False,False,False,Auto-generated sample description for Music video.
XDu_pQW51WO,24.07.05,Official Sports Highlights,Channel_2812,12,2024-05-06T06:00:00.000Z,2024|vlog|review,40054,615,64,600,https://i.ytimg.com/vi/ieFV1Aim_Vy/default.jpg,False,False,False,Auto-generated sample description for Sports video.
AfQQcazDBrk,24.14.10,Why This Music Video Went Viral,Channel_4528,4,2024-10-11T09:00:00.000Z,review|trending|vlog,107370,3369,234,822,https://i.ytimg.com/vi/_JwJMONGY5N/default.jpg,False,False,False,Auto-generated sample description for Music video.
FQo_uVie-ie,24.22.10,Behind the Scenes: Gaming,Channel_1285,1,2024-10-21T11:00:00.000Z,review|2024|music,31352,1093,276,60,https://i.ytimg.com/vi/A6tO9a0iDwD/default.jpg,False,False,False,Auto-generated sample description for Gaming video.
APweAqL8IxT,24.31.07,Music Compilation 2024,Channel_2863,10,2024-07-31T17:00:00.000Z,live|music|vlog,89302,4567,276,1101,https://i.ytimg.com/vi/yb4qoTJwa1Z/default.jpg,False,False,False,Auto-generated sample description for Music video.
yWna1vpjg2b,24.02.05,Why This Science & Technology Video Went Viral,Channel_1258,20,2024-05-02T20:00:00.000Z,review|official|vlog,177261,8110,1313,1250,https://i.ytimg.com/vi/gJnKUqN4cyU/default.jpg,False,False,False,Auto-generated sample description for Science & Technology video.
IcRpqwlHd3G,24.30.07,Top 10 Entertainment Moments This Week,Channel_3291,18,2024-07-26T17:00:00.000Z,trending|music|vlog,138036,9152,411,1245,https://i.ytimg.com/vi/MUwNw44srdF/default.jpg,False,False,False,Auto-generated sample description for Entertainment video.
y39Bnlz36Bq,24.24.01,Howto & Style Compilation 2024,Channel_3262,22,2024-01-23T20:00:00.000Z,live|2024|review,5220,179,20,22,https://i.ytimg.com/vi/bNOnBwWtqs1/default.jpg,False,False,False,Auto-generated sample description for Howto & Style video.
kwjFqBqp5Vn,24.06.10,Reacting to Comedy Trends,Channel_1980,7,2024-10-03T17:00:00.000Z,official|review|2024,11997,241,113,20,https://i.ytimg.com/vi/LwlG7ipZjnw/default.jpg,False,False,False,Auto-generated sample description for Comedy video.
wAT1DANGKP_,24.30.11,Why This Music Video Went Viral,Channel_2402,10,2024-11-28T13:00:00.000Z,review|vlog|official,7771,425,24,67,https://i.ytimg.com/vi/lTkXErcqpkU/default.jpg,False,False,False,Auto-generated sample description for Music video.
Xfs-AayEVjM,24.12.07,Reacting to Entertainment Trends,Channel_3817,18,2024-07-10T05:00:00.000Z,official|trending|vlog,120211,7431,1122,1861,https://i.ytimg.com/vi/Dzf5Xh3OaFm/default.jpg,False,False,False,Auto-generated sample description for Entertainment video.
3x-GgMl-mDD,24.21.11,Top 10 Music Moments This Week,Channel_110,4,2024-11-18T09:00:00.000Z,review|2024|music,83054,4313,535,392,https://i.ytimg.com/vi/-_FT9qCEmXX/default.jpg,False,False,False,Auto-generated sample description for Music video.
noCEcnbysJj,24.27.02,Behind the Scenes: Entertainment,Channel_569,3,2024-02-27T20:00:00.000Z,vlog|music|2024,59502,3801,340,520,https://i.ytimg.com/vi/OQdtFZD7EK9/default.jpg,False,False,False,Auto-generated sample description for Entertainment video.
ak2TzjEzA-v,25.27.01,Entertainment Compilation 2024,Channel_1944,3,2025-01-23T07:00:00.000Z,vlog|trending|official,188587,13054,1328,3197,https://i.ytimg.com/vi/8ZmsUb7HhQz/default.jpg,False,False,False,Auto-generated sample description for Entertainment video.
HvmvdcKyXcR,24.17.08,Top 10 Howto & Style Moments This Week,Channel_1275,19,2024-08-13T14:00:00.000Z,music|2024|live,12354,911,80,223,https://i.ytimg.com/vi/o2y6UnDnaLj/default.jpg,False,False,False,Auto-generated sample description for Howto & Style video.
na82iWh_jTM,24.24.09,Top 10 Film & Animation Moments This Week,Channel_4705,17,2024-09-24T09:00:00.000Z,vlog|trending|live,15524,529,133,299,https://i.ytimg.com/vi/2cTSGXcdmjL/default.jpg,False,False,False,Auto-generated sample description for Film & Animation video.
wSx_LMCT61M,24.12.02,Official Music Highlights,Channel_4210,4,2024-02-10T07:00:00.000Z,official|2024|vlog,266304,18027,411,1642,https://i.ytimg.com/vi/MxkrVeqsH-v/default.jpg,False,False,False,Auto-generated sample description for Music video.
vPPmJlxjEFB,24.01.10,Why This Film & Animation Video Went Viral,Channel_1018,17,2024-09-27T14:00:00.000Z,trending|official|live,9562,412,6,158,https://i.ytimg.com/vi/tnipr2SGYvA/default.jpg,False,False,False,Auto-generated sample description for Film & Animation video.
PKXoyzqG3au,24.03.01,Behind the Scenes: Sports,Channel_3374,12,2024-01-01T21:00:00.000Z,2024|music|trending,20605,1601,19,189,https://i.ytimg.com/vi/x1zTsPLW6LU/default.jpg,False,False,False,Auto-generated sample description for Sports video.
0OOJb5r9VvM,24.19.05,Official Science & Technology Highlights,Channel_2528,9,2024-05-18T00:00:00.000Z,vlog|review|2024,6379,262,60,31,https://i.ytimg.com/vi/FLElYBEYP50/default.jpg,False,False,False,Auto-generated sample description for Science & Technology video.
Jq6nlOWQoQ9,24.04.12,Top 10 Gaming Moments This Week,Channel_2497,1,2024-12-04T22:00:00.000Z,official|vlog|live,11037,480,15,184,https://i.ytimg.com/vi/kjIVaBVK4nR/default.jpg,False,False,False,Auto-generated sample description for Gaming video.
2fRdEa8XHOH,24.31.12,Why This Pets & Animals Video Went Viral,Channel_1953,15,2024-12-28T02:00:00.000Z,official|trending|vlog,1671,120,2,12,https://i.ytimg.com/vi/OBGUTV3VXFz/default.jpg,False,False,False,Auto-generated sample description for Pets & Animals video.
AkxTcWGB6cK,24.18.11,Behind the Scenes: Music,Channel_3216,4,2024-11-18T14:00:00.000Z,vlog|trending|music,15813,824,139,254,https://i.ytimg.com/vi/9TnptLYe3Wx/default.jpg,False,False,False,Auto-generated sample description for Music video.
enEX94csdGk,24.28.07,Behind the Scenes: Music,Channel_2393,4,2024-07-24T09:00:00.000Z,vlog|review|official,22938,1567,55,145,https://i.ytimg.com/vi/foUa40xtPFW/default.jpg,False,False,False,Auto-generated sample description for Music video.
vKHCgtNm9pk,24.31.01,Why This Music Video Went Viral,Channel_2956,10,2024-01-30T05:00:00.000Z,trending|music|vlog,1714965,29962,1153,26753,https://i.ytimg.com/vi/e2aeyuxrRD1/default.jpg,False,False,False,Auto-generated sample description for Music video.
F6eTdAfaVGN,24.06.10,Official Music Highlights,Channel_2728,4,2024-10-05T00:00:00.000Z,music|vlog|trending,247676,13723,775,3056,https://i.ytimg.com/vi/eLy3eOPY1IV/default.jpg,False,False,False,Auto-generated sample description for Music video.
4S1rBwnbLLd,24.09.12,Top 10 Education Moments This Week,Channel_1175,13,2024-12-05T11:00:00.000Z,2024|vlog|official,3349,212,3,57,https://i.ytimg.com/vi/uAh4Q-pvREB/default.jpg,False,False,False,Auto-generated sample description for Education video.
mUSBnxEd7--,24.23.06,Music Compilation 2024,Channel_937,4,2024-06-19T22:00:00.000Z,vlog|2024|trending,302511,9432,479,4443,https://i.ytimg.com/vi/lpFYIKw5HBG/default.jpg,False,False,False,Auto-generated sample description for Music video.
P1H18fpngKm,24.06.04,Why This Entertainment Video Went Viral,Channel_4580,18,2024-04-06T12:00:00.000Z,trending|review|live,51076,2125,139,177,https://i.ytimg.com/vi/eJOfzvWoVvM/default.jpg,True,False,False,Auto-generated sample description for Entertainment video.
GnmaIH1Mfsa,24.16.06,Comedy Compilation 2024,Channel_3360,7,2024-06-13T12:00:00.000Z,review|music|official,12685,986,38,165,https://i.ytimg.com/vi/88trZmOgF9y/default.jpg,False,False,False,Auto-generated sample description for Comedy video.
HYtj34okdEp,24.13.12,Top 10 Music Moments This Week,Channel_2476,10,2024-12-11T22:00:00.000Z,live|music|2024,363364,20556,682,1877,https://i.ytimg.com/vi/iitFuLn7q_V/default.jpg,False,False,False,Auto-generated sample description for Music video.
upXt27r-Rjs,24.15.05,Why This Gaming Video Went Viral,Channel_2047,1,2024-05-11T20:00:00.000Z,2024|review|trending,34520,1580,173,463,https://i.ytimg.com/vi/n3OMMKxEqm0/default.jpg,False,False,False,Auto-generated sample description for Gaming video.
g1vkfjD4-6x,24.06.11,Behind the Scenes: Gaming,Channel_467,1,2024-11-02T10:00:00.000Z,trending|vlog|live,3999,316,7,21,https://i.ytimg.com/vi/wUH4HphYewX/default.jpg,False,True,False,Auto-generated sample description for Gaming video.
yFEcb41oxD5,24.28.05,Official Music Highlights,Channel_2014,4,2024-05-24T12:00:00.000Z,music|trending|vlog,83635,2636,555,710,https://i.ytimg.com/vi/8CBl98qsiv6/default.jpg,False,False,False,Auto-generated sample description for Music video.
_74gsSWNxdH,24.22.07,Official Music Highlights,Channel_318,4,2024-07-21T13:00:00.000Z,live|vlog|official,78529,974,622,1144,https://i.ytimg.com/vi/Oi21Yvt1RH9/default.jpg,False,False,False,Auto-generated sample description for Music video.
W_a4B77zBmP,25.25.01,Reacting to Entertainment Trends,Channel_4038,3,2025-01-25T07:00:00.000Z,review|vlog|trending,6950,457,29,137,https://i.ytimg.com/vi/1BPQ6gymMKi/default.jpg,False,False,False,Auto-generated sample description for Entertainment video.
J3L0oDidsAH,24.25.04,Music Compilation 2024,Channel_2539,10,2024-04-23T01:00:00.000Z,trending|live|2024,44744,2842,35,491,https://i.ytimg.com/vi/zIVL7S5VKsN/default.jpg,False,False,False,Auto-generated sample description for Music video.
mHhWvYkOFjx,24.29.05,Top 10 Music Moments This Week,Channel_1046,10,2024-05-25T16:00:00.000Z,review|2024|trending,53123,1584,312,283,https://i.ytimg.com/vi/R7GFMUC5Pdm/default.jpg,False,False,False,Auto-generated sample description for Music video.
ry1sw7zkc-q,24.02.02,Reacting to Entertainment Trends,Channel_3937,18,2024-02-02T02:00:00.000Z,official|trending|review,18935,971,68,336,https://i.ytimg.com/vi/bms3xaWUYyy/default.jpg,False,False,False,Auto-generated sample description for Entertainment video.
ZGzYx3fBoKc,24.12.04,Music Compilation 2024,Channel_2232,10,2024-04-11T18:00:00.000Z,live|review|2024,5683,306,56,69,https://i.ytimg.com/vi/NP9bCMWfw1J/default.jpg,False,False,False,Auto-generated sample description for Music video.
F-ffgnd2T5D,25.10.01,Music Compilation 2024,Channel_3586,4,2025-01-07T07:00:00.000Z,official|2024|review,5756,234,30,14,https://i.ytimg.com/vi/5dDDMgt8guD/default.jpg,False,False,False,Auto-generated sample description for Music video.
r2qmnkGWaFt,24.10.05,Behind the Scenes: Entertainment,Channel_2021,18,2024-05-07T14:00:00.000Z,review|official|music,47702,2013,371,593,https://i.ytimg.com/vi/b3ylW2MqsAd/default.jpg,False,False,False,Auto-generated sample description for Entertainment video.
nay5EtjFtHE,24.21.01,Top 10 Comedy Moments This Week,Channel_3384,7,2024-01-19T15:00:00.000Z,2024|official|music,48848,713,238,441,https://i.ytimg.com/vi/EibARkr9_vP/default.jpg,False,False,False,Auto-generated sample description for Comedy video.
Kavz-rO1KqB,25.06.01,Reacting to Music Trends,Channel_4507,4,2025-01-06T01:00:00.000Z,official|trending|music,85578,2516,277,232,https://i.ytimg.com/vi/M1DpgxV6I_R/default.jpg,False,False,False,Auto-generated sample description for Music video.
mzeM8IE1ASY,24.27.12,Behind the Scenes: Entertainment,Channel_3101,3,2024-12-25T08:00:00.000Z,live|music|trending,68145,2872,559,711,https://i.ytimg.com/vi/TERjEL8XKRd/default.jpg,False,False,False,Auto-generated sample description for Entertainment video.
rBQu-EgHJjo,24.02.07,Why This Entertainment Video Went Viral,Channel_4095,3,2024-07-02T00:00:00.000Z,music|review|live,174331,7214,307,1781,https://i.ytimg.com/vi/kJVWY_Oudbu/default.jpg,False,False,False,Auto-generated sample description for Entertainment video.
qu2VoZdFwdt,24.13.07,Sports Compilation 2024,Channel_3951,12,2024-07-10T07:00:00.000Z,official|2024|live,18690,1124,126,271,https://i.ytimg.com/vi/GGwP0z1OW61/default.jpg,False,False,False,Auto-generated sample description for Sports video.
GF3wclT7kmg,24.18.10,Reacting to Entertainment Trends,Channel_4776,3,2024-10-14T07:00:00.000Z,music|live|review,27567,1489,37,302,https://i.ytimg.com/vi/Km3xURFoI5A/default.jpg,False,False,False,Auto-generated sample description for Entertainment video.
GQH1B9qKu70,24.17.02,Official Music Highlights,Channel_2330,4,2024-02-15T02:00:00.000Z,trending|review|official,287923,8232,1993,4781,https://i.ytimg.com/vi/aiRmI44KDTJ/default.jpg,False,False,False,Auto-generated sample description for Music video.
guAaOEHzhMi,24.07.01,Official Gaming Highlights,Channel_913,1,2024-01-05T15:00:00.000Z,2024|music|review,2061,99,17,12,https://i.ytimg.com/vi/ok78ybvOou9/default.jpg,False,False,False,Auto-generated sample description for Gaming video.
QsgfLEacPM0,24.02.12,Music Compilation 2024,Channel_2187,4,2024-11-28T12:00:00.000Z,trending|vlog|official,39756,2579,340,131,https://i.ytimg.com/vi/eFevu0SlIPN/default.jpg,False,False,False,Auto-generated sample description for Music video.
h_P6Dx1wjpS,24.16.09,Reacting to Music Trends,Channel_2355,10,2024-09-14T13:00:00.000Z,vlog|music|official,124175,9015,1044,851,https://i.ytimg.com/vi/AWaXytaZSIu/default.jpg,False,False,False,Auto-generated sample description for Music video.
Y6j9GBy__lP,24.08.08,Reacting to Music Trends,Channel_1065,4,2024-08-08T11:00:00.000Z,official|2024|live,6480,75,24,66,https://i.ytimg.com/vi/YF1GFm2DYi6/default.jpg,False,False,False,Auto-generated sample description for Music video.
QB_OXVS3ALa,24.30.11,Top 10 Gaming Moments This Week,Channel_4517,1,2024-11-28T15:00:00.000Z,review|music|vlog,37350,2255,325,661,https://i.ytimg.com/vi/ufZPszSSA13/default.jpg,False,False,False,Auto-generated sample description for Gaming video.
lc6f4ikZ3DL,24.30.08,Official Entertainment Highlights,Channel_3363,18,2024-08-27T13:00:00.000Z,live|music|trending,37746,1031,349,484,https://i.ytimg.com/vi/fcWZsEbQRDA/default.jpg,False,False,False,Auto-generated sample description for Entertainment video.
Dfsd0NO4EQT,24.01.11,Official Pets & Animals Highlights,Channel_3943,14,2024-10-30T04:00:00.000Z,vlog|live|2024,3439,45,15,67,https://i.ytimg.com/vi/mr43hWqz4_X/default.jpg,False,False,False,Auto-generated sample description for Pets & Animals video.
QVaSbocr-1e,24.16.04,Reacting to Howto & Style Trends,Channel_751,22,2024-04-16T01:00:00.000Z,review|vlog|trending,904,70,8,1,https://i.ytimg.com/vi/mK7yZz3MW3d/default.jpg,False,False,False,Auto-generated sample description for Howto & Style video.
zwjfiG05N1k,24.24.04,Top 10 Entertainment Moments This Week,Channel_2894,3,2024-04-22T14:00:00.000Z,2024|live|review,24950,1298,204,54,https://i.ytimg.com/vi/x21UX85vQw2/default.jpg,False,False,False,Auto-generated sample description for Entertainment video.
0zvuuJh7DIV,24.01.10,Top 10 Sports Moments This Week,Channel_512,12,2024-09-30T21:00:00.000Z,official|2024|review,88236,1980,638,448,https://i.ytimg.com/vi/s5nt0y8EXZM/default.jpg,False,False,False,Auto-generated sample description for Sports video.
kvC0MgpC7hT,24.06.04,Behind the Scenes: Music,Channel_3838,4,2024-04-05T18:00:00.000Z,2024|official|review,114567,7568,746,784,https://i.ytimg.com/vi/GbiFr4sYL7Z/default.jpg,False,False,False,Auto-generated sample description for Music video.
yMTLQoSjBz7,24.28.12,Why This Music Video Went Viral,Channel_1879,10,2024-12-26T21:00:00.000Z,vlog|review|trending,10905,750,95,179,https://i.ytimg.com/vi/HLx5LdvY65b/default.jpg,False,False,False,Auto-generated sample description for Music video.
kCvmAFjHTJG,24.04.12,Why This Gaming Video Went Viral,Channel_4341,16,2024-12-02T19:00:00.000Z,live|official|vlog,4364,101,18,23,https://i.ytimg.com/vi/4Jav-vydYFR/default.jpg,False,False,False,Auto-generated sample description for Gaming video.
kQdsiqy3s6J,24.20.11,Top 10 Entertainment Moments This Week,Channel_4082,3,2024-11-18T18:00:00.000Z,live|trending|2024,80733,4429,480,1317,https://i.ytimg.com/vi/pZxZihAZkLs/default.jpg,False,False,False,Auto-generated sample description for Entertainment video.
7iqG0JU685B,24.17.10,Why This Science & Technology Video Went Viral,Channel_3465,9,2024-10-16T18:00:00.000Z,review|music|2024,30592,1169,213,558,https://i.ytimg.com/vi/QDLDoOYfrNp/default.jpg,False,False,False,Auto-generated sample description for Science & Technology video.
7fzBVsXJoqx,24.08.01,Behind the Scenes: Music,Channel_66,4,2024-01-08T20:00:00.000Z,official|vlog|trending,13850,862,121,145,https://i.ytimg.com/vi/mfb55vhwaZ7/default.jpg,False,False,False,Auto-generated sample description for Music video.
6NyWequ3xpt,24.24.09,Entertainment Compilation 2024,Channel_4745,3,2024-09-22T07:00:00.000Z,official|trending|2024,31365,1365,302,91,https://i.ytimg.com/vi/tNEVsZMJhCm/default.jpg,False,False,False,Auto-generated sample description for Entertainment video.
EfkfQRhPPKq,24.27.12,Reacting to Pets & Animals Trends,Channel_134,14,2024-12-25T18:00:00.000Z,2024|music|review,15768,542,139,229,https://i.ytimg.com/vi/JvW-Rgjch2F/default.jpg,False,False,False,Auto-generated sample description for Pets & Animals video.
43U9IBh7Ewg,24.04.03,Music Compilation 2024,Channel_2240,4,2024-03-02T00:00:00.000Z,music|review|trending,16358,505,61,40,https://i.ytimg.com/vi/SK4ZlBHg27i/default.jpg,False,False,False,Auto-generated sample description for Music video.
t8BRuQ28YOT,24.31.01,Music Compilation 2024,Channel_4794,10,2024-01-27T17:00:00.000Z,2024|official|trending,33700,977,170,124,https://i.ytimg.com/vi/EH3-NMi2oYX/default.jpg,False,False,False,Auto-generated sample description for Music video.
yTpgGdjcSE8,24.07.02,Behind the Scenes: Sports,Channel_3314,12,2024-02-05T10:00:00.000Z,2024|trending|live,1472,62,4,13,https://i.ytimg.com/vi/GqiT-pJg6JH/default.jpg,False,False,False,Auto-generated sample description for Sports video.
C3qrk6j-tyy,24.27.10,Comedy Compilation 2024,Channel_4619,7,2024-10-27T03:00:00.000Z,official|live|2024,46852,3315,210,158,https://i.ytimg.com/vi/Epheo2eujVn/default.jpg,False,False,False,Auto-generated sample description for Comedy video.
LoUp10FCMYe,24.24.12,Behind the Scenes: Entertainment,Channel_2060,3,2024-12-24T13:00:00.000Z,music|vlog|official,4544,299,43,60,https://i.ytimg.com/vi/LZUBiJ-hFhq/default.jpg,False,False,False,Auto-generated sample description for Entertainment video.
6xwPnhWeRg-,24.05.02,Official Gaming Highlights,Channel_3998,1,2024-02-03T09:00:00.000Z,official|music|vlog,38723,2383,46,336,https://i.ytimg.com/vi/DsCJHZ9QcAR/default.jpg,False,False,False,Auto-generated sample description for Gaming video.
pwASlRfvZtK,24.24.02,Official Music Highlights,Channel_242,4,2024-02-21T02:00:00.000Z,2024|official|vlog,1366,47,2,13,https://i.ytimg.com/vi/c9DrbRCvyG7/default.jpg,False,False,False,Auto-generated sample description for Music video.
LgP-eYOlhft,24.10.12,Why This Howto & Style Video Went Viral,Channel_2902,22,2024-12-10T19:00:00.000Z,2024|review|music,238539,11245,499,4400,https://i.ytimg.com/vi/3E0efCZtLSt/default.jpg,False,False,False,Auto-generated sample description for Howto & Style video.
PAleDaZMYi2,24.13.10,Behind the Scenes: Science & Technology,Channel_4017,20,2024-10-10T21:00:00.000Z,music|trending|review,20367,875,65,143,https://i.ytimg.com/vi/NZz3ksv0VIK/default.jpg,False,False,False,Auto-generated sample description for Science & Technology video.
lrWo5xtoKzM,24.26.02,Comedy Compilation 2024,Channel_4354,7,2024-02-25T01:00:00.000Z,music|review|vlog,25146,322,67,16,https://i.ytimg.com/vi/gh0rP3PaVnu/default.jpg,False,False,False,Auto-generated sample description for Comedy video.
Jli0YUxQCoI,24.30.09,Comedy Compilation 2024,Channel_2084,7,2024-09-28T10:00:00.000Z,review|live|2024,38900,2870,212,673,https://i.ytimg.com/vi/hlR6xoVoBIQ/default.jpg,False,False,False,Auto-generated sample description for Comedy video.
R6foxZssed-,24.09.11,Music Compilation 2024,Channel_3437,10,2024-11-09T07:00:00.000Z,trending|vlog|official,24527,796,135,68,https://i.ytimg.com/vi/MxD3nFkh72R/default.jpg,False,False,False,Auto-generated sample description for Music video.
xAOKNqWknhx,24.25.10,Entertainment Compilation 2024,Channel_3285,18,2024-10-23T01:00:00.000Z,trending|review|music,158305,2616,1510,2207,https://i.ytimg.com/vi/--KhrfNajUd/default.jpg,False,False,False,Auto-generated sample description for Entertainment video.
zYbVJoupMHT,24.09.10,Top 10 Music Moments This Week,Channel_2586,10,2024-10-05T12:00:00.000Z,review|official|2024,33436,1100,246,157,https://i.ytimg.com/vi/0S70JvMmPp4/default.jpg,False,False,False,Auto-generated sample description for Music video.
zi3OHMO-iUk,24.27.04,Pets & Animals Compilation 2024,Channel_3569,14,2024-04-25T09:00:00.000Z,live|vlog|review,118567,3685,1044,1164,https://i.ytimg.com/vi/sI2r7QqfVCh/default.jpg,False,False,False,Auto-generated sample description for Pets & Animals video.
TbI25b_ugC0,24.09.01,Reacting to Gaming Trends,Channel_2977,1,2024-01-07T02:00:00.000Z,2024|vlog|music,2841,186,23,26,https://i.ytimg.com/vi/GR0_C9YqkdW/default.jpg,False,False,False,Auto-generated sample description for Gaming video.
E3wFq6E7IQ_,24.15.03,Why This Entertainment Video Went Viral,Channel_3537,18,2024-03-15T15:00:00.000Z,review|music|official,48426,1605,268,650,https://i.ytimg.com/vi/SkXkzBLMMEi/default.jpg,False,False,False,Auto-generated sample description for Entertainment video.
mF36Zdp8Zuf,24.12.11,Music Compilation 2024,Channel_173,10,2024-11-11T20:00:00.000Z,trending|2024|review,363291,20670,1189,6106,https://i.ytimg.com/vi/5GpkuO_-g3w/default.jpg,False,False,False,Auto-generated sample description for Music video.
Tm2cH-lj4fb,24.20.12,Reacting to Music Trends,Channel_992,10,2024-12-19T20:00:00.000Z,trending|official|vlog,18653,818,64,235,https://i.ytimg.com/vi/QDPBJYCOoHF/default.jpg,False,False,False,Auto-generated sample description for Music video.
OEjZdnqnQTh,24.23.04,Reacting to Music Trends,Channel_3835,4,2024-04-20T01:00:00.000Z,review|live|music,22979,950,216,443,https://i.ytimg.com/vi/oRXqNW6070p/default.jpg,False,False,False,Auto-generated sample description for Music video.
Tsn5YJNXeJ4,24.09.11,Top 10 Entertainment Moments This Week,Channel_167,3,2024-11-09T21:00:00.000Z,2024|review|live,12588,311,94,55,https://i.ytimg.com/vi/Lgb2JnZA0ed/default.jpg,False,False,False,Auto-generated sample description for Entertainment video.
Zhrrfsn2idn,24.30.01,Music Compilation 2024,Channel_1151,4,2024-01-28T22:00:00.000Z,vlog|official|review,63424,3742,354,1156,https://i.ytimg.com/vi/6LQ2t29UsY2/default.jpg,False,False,False,Auto-generated sample description for Music video.
aY_RLebkhQM,24.01.12,Official Entertainment Highlights,Channel_1415,18,2024-11-30T01:00:00.000Z,review|official|music,13845,751,94,8,https://i.ytimg.com/vi/2FHzSEjXDND/default.jpg,False,False,False,Auto-generated sample description for Entertainment video.
Z8LAdMjZson,24.18.07,Official Music Highlights,Channel_3856,10,2024-07-16T11:00:00.000Z,live|vlog|music,925763,59450,6083,11667,https://i.ytimg.com/vi/tk_oz6QFNCf/default.jpg,False,False,False,Auto-generated sample description for Music video.
QKIzYNiVQPJ,24.01.11,Comedy Compilation 2024,Channel_804,7,2024-10-31T14:00:00.000Z,2024|vlog|review,11537,408,102,91,https://i.ytimg.com/vi/DykUP5ocb7v/default.jpg,False,False,False,Auto-generated sample description for Comedy video.
CQ6jPf43KPk,24.15.04,Behind the Scenes: Entertainment,Channel_2257,3,2024-04-13T19:00:00.000Z,vlog|trending|review,28062,522,146,125,https://i.ytimg.com/vi/roWwdi-gW1X/default.jpg,False,False,False,Auto-generated sample description for Entertainment video.
5KzsclL_n7S,24.18.01,Top 10 Entertainment Moments This Week,Channel_584,3,2024-01-16T19:00:00.000Z,trending|2024|vlog,10565,242,49,59,https://i.ytimg.com/vi/eLDex7hlKTd/default.jpg,False,False,False,Auto-generated sample description for Entertainment video.
LmMvlhvOXoG,24.26.02,Music Compilation 2024,Channel_1939,10,2024-02-26T01:00:00.000Z,vlog|official|2024,11570,715,7,153,https://i.ytimg.com/vi/nsy6rA9jLvy/default.jpg,False,False,False,Auto-generated sample description for Music video.
bO_-920P8Oy,24.25.02,Reacting to Howto & Style Trends,Channel_624,19,2024-02-25T13:00:00.000Z,review|music|live,813,40,6,10,https://i.ytimg.com/vi/PIvJKthtW0P/default.jpg,False,False,False,Auto-generated sample description for Howto & Style video.
Z_wbOgpVFaN,24.03.09,Why This Comedy Video Went Viral,Channel_1753,7,2024-08-30T15:00:00.000Z,trending|2024|official,2748,92,3,39,https://i.ytimg.com/vi/0ylgwjg-slG/default.jpg,False,False,False,Auto-generated sample description for Comedy video.
nDcIjuB2jDq,24.10.09,Behind the Scenes: Music,Channel_1846,4,2024-09-06T05:00:00.000Z,vlog|review|trending,4065,80,34,47,https://i.ytimg.com/vi/7kD4YsBhF6r/default.jpg,False,False,False,Auto-generated sample description for Music video.
UcyeODbFhpi,24.14.05,Behind the Scenes: Music,Channel_1682,4,2024-05-13T02:00:00.000Z,official|vlog|review,42147,626,149,394,https://i.ytimg.com/vi/u0FNPxFz_R5/default.jpg,False,False,False,Auto-generated sample description for Music video.
0KCyKDfzw1n,24.30.05,Music Compilation 2024,Channel_3735,10,2024-05-30T22:00:00.000Z,review|live|official,50090,1243,329,552,https://i.ytimg.com/vi/KR7X8c9Aqkv/default.jpg,False,False,False,Auto-generated sample description for Music video.
3-2sVbinCnI,24.20.07,Why This Gaming Video Went Viral,Channel_882,16,2024-07-20T10:00:00.000Z,official|review|live,15225,814,82,85,https://i.ytimg.com/vi/XseFWmIWzal/default.jpg,False,False,False,Auto-generated sample description for Gaming video.
RGjQYrAuzf6,24.08.04,Behind the Scenes: Comedy,Channel_155,7,2024-04-05T13:00:00.000Z,review|live|2024,50185,2038,202,152,https://i.ytimg.com/vi/HXKFWvdZRt4/default.jpg,False,False,False,Auto-generated sample description for Comedy video.
WwjQzbHlDJ1,24.21.10,Reacting to Entertainment Trends,Channel_611,18,2024-10-18T06:00:00.000Z,review|music|vlog,43274,2067,44,216,https://i.ytimg.com/vi/OonFp7aaZoG/default.jpg,False,False,False,Auto-generated sample description for Entertainment video.
KToZKfywS_I,24.19.10,Top 10 Music Moments This Week,Channel_2677,10,2024-10-18T05:00:00.000Z,review|music|2024,40936,1887,140,84,https://i.ytimg.com/vi/UIZy8BXxHUC/default.jpg,False,False,False,Auto-generated sample description for Music video.
riAV8AJkyNM,24.25.05,Reacting to Entertainment Trends,Channel_252,3,2024-05-24T11:00:00.000Z,official|trending|2024,7567,461,72,74,https://i.ytimg.com/vi/pxG5VJw-sYO/default.jpg,False,False,False,Auto-generated sample description for Entertainment video.
ro0yNQlh_WB,24.08.01,Top 10 Entertainment Moments This Week,Channel_3266,3,2024-01-08T08:00:00.000Z,official|vlog|2024,12889,1005,120,163,https://i.ytimg.com/vi/Rju3_Qa2Fka/default.jpg,False,False,False,Auto-generated sample description for Entertainment video.
Pqyr4SoDBNf,24.30.12,Reacting to Music Trends,Channel_4227,10,2024-12-27T06:00:00.000Z,official|live|review,98571,3742,439,1823,https://i.ytimg.com/vi/DjhsFIWpR9P/default.jpg,False,False,False,Auto-generated sample description for Music video.
_t1WE4CKd8e,24.30.09,Reacting to Entertainment Trends,Channel_3751,18,2024-09-29T11:00:00.000Z,music|2024|official,1378,106,10,3,https://i.ytimg.com/vi/L8TdEwU066h/default.jpg,False,False,False,Auto-generated sample description for Entertainment video.
KEvYmPP1SYJ,24.10.11,Why This Music Video Went Viral,Channel_3976,10,2024-11-09T13:00:00.000Z,live|vlog|music,68628,3753,629,124,https://i.ytimg.com/vi/NbX_eJYaDrZ/default.jpg,True,False,False,Auto-generated sample description for Music video.
Ckfx08edy3l,24.15.11,Entertainment Compilation 2024,Channel_4173,18,2024-11-15T10:00:00.000Z,trending|music|2024,40585,2670,239,789,https://i.ytimg.com/vi/PE3xugOAU3B/default.jpg,False,False,False,Auto-generated sample description for Entertainment video.
vcxfTHelcfL,24.28.11,Why This Entertainment Video Went Viral,Channel_3304,3,2024-11-25T18:00:00.000Z,vlog|music|official,19192,774,115,27,https://i.ytimg.com/vi/mMps3j5cw0m/default.jpg,False,False,False,Auto-generated sample description for Entertainment video.
MPKybe24BFd,24.07.09,Reacting to Music Trends,Channel_3026,4,2024-09-06T11:00:00.000Z,review|official|live,32223,731,172,492,https://i.ytimg.com/vi/Q5G9xP5SvAC/default.jpg,False,False,False,Auto-generated sample description for Music video.
SsqW9BAOuFl,24.10.08,Education Compilation 2024,Channel_2408,2,2024-08-07T07:00:00.000Z,official|review|live,4588,58,3,41,https://i.ytimg.com/vi/VvIhaDzAAIk/default.jpg,False,False,False,Auto-generated sample description for Education video.
H3Uj72sXdRK,25.20.01,Official Music Highlights,Channel_2240,4,2025-01-17T11:00:00.000Z,trending|live|music,120992,2293,605,2284,https://i.ytimg.com/vi/r-C-vwB332K/default.jpg,False,False,False,Auto-generated sample description for Music video.
45UBUiApEkr,24.05.04,Music Compilation 2024,Channel_2891,10,2024-04-03T02:00:00.000Z,2024|trending|live,22242,1475,217,155,https://i.ytimg.com/vi/s2wPOx95KrU/default.jpg,False,False,False,Auto-generated sample description for Music video.
we9h5oD3VVB,24.22.12,Reacting to Entertainment Trends,Channel_3707,18,2024-12-19T10:00:00.000Z,official|live|trending,175711,7893,952,3044,https://i.ytimg.com/vi/CqR_RwyzInJ/default.jpg,False,False,False,Auto-generated sample description for Entertainment video.
p0n53ySXB8e,24.07.03,Top 10 Autos & Vehicles Moments This Week,Channel_1178,8,2024-03-06T18:00:00.000Z,music|vlog|review,23835,1449,170,396,https://i.ytimg.com/vi/v8ggI7w6FAk/default.jpg,False,False,False,Auto-generated sample description for Autos & Vehicles video.
6Cdqsf8Ufxf,24.20.11,Music Compilation 2024,Channel_2371,4,2024-11-20T16:00:00.000Z,review|vlog|music,11263,869,68,200,https://i.ytimg.com/vi/oqE3kyk3nYA/default.jpg,False,False,False,Auto-generated sample description for Music video.
FulLxlRG5m0,24.05.01,Official Sports Highlights,Channel_2133,12,2024-01-02T02:00:00.000Z,vlog|live|review,23561,1730,167,263,https://i.ytimg.com/vi/t7D745Lt4D_/default.jpg,False,False,False,Auto-generated sample description for Sports video.
J4P7wEz5Ljr,24.28.07,Top 10 Pets & Animals Moments This Week,Channel_321,14,2024-07-26T01:00:00.000Z,vlog|music|official,314,10,2,2,https://i.ytimg.com/vi/dU2mDeVzf_N/default.jpg,False,False,False,Auto-generated sample description for Pets & Animals video.
uaH_Rj5cr3N,24.26.11,Reacting to Entertainment Trends,Channel_602,3,2024-11-22T08:00:00.000Z,live|2024|official,9049,235,54,108,https://i.ytimg.com/vi/6WmEGFfi82Q/default.jpg,False,False,False,Auto-generated sample description for Entertainment video.
DqhnIg0E7q6,24.05.02,Top 10 Sports Moments This Week,Channel_4318,12,2024-02-01T18:00:00.000Z,music|2024|trending,8859,108,10,161,https://i.ytimg.com/vi/bgMadDfUsa6/default.jpg,False,False,False,Auto-generated sample description for Sports video.
klICJ1teUDH,24.28.05,Official Music Highlights,Channel_1399,10,2024-05-26T11:00:00.000Z,live|review|2024,267080,10254,724,971,https://i.ytimg.com/vi/il5KiI9Sfbo/default.jpg,False,False,False,Auto-generated sample description for Music video.
wxYd_WD2Rua,24.28.10,Behind the Scenes: Music,Channel_4999,10,2024-10-24T20:00:00.000Z,2024|vlog|live,4240,277,8,29,https://i.ytimg.com/vi/r0voBhYSrjo/default.jpg,False,False,False,Auto-generated sample description for Music video.
jU6hLlr2SY5,24.20.09,Behind the Scenes: Science & Technology,Channel_3952,20,2024-09-19T16:00:00.000Z,live|vlog|official,16094,1059,156,301,https://i.ytimg.com/vi/uDuccwNXWY0/default.jpg,False,True,False,Auto-generated sample description for Science & Technology video.
nGLBRGpXUhO,24.31.05,Official Gaming Highlights,Channel_3891,16,2024-05-27T01:00:00.000Z,official|vlog|live,15079,888,135,69,https://i.ytimg.com/vi/CfGq-WneEx3/default.jpg,False,False,False,Auto-generated sample description for Gaming video.
LsLam0o5ohC,25.23.01,Behind the Scenes: Entertainment,Channel_3507,18,2025-01-22T08:00:00.000Z,live|vlog|music,82132,5205,382,58,https://i.ytimg.com/vi/0WuqTrd0HGU/default.jpg,False,False,False,Auto-generated sample description for Entertainment video.
fU2H8-NrJYe,24.06.07,Behind the Scenes: Entertainment,Channel_647,18,2024-07-02T20:00:00.000Z,2024|vlog|live,175836,4291,374,1704,https://i.ytimg.com/vi/8AD0Skpocf7/default.jpg,False,False,False,Auto-generated sample description for Entertainment video.
N3oS9I7CPzL,24.25.11,Top 10 Music Moments This Week,Channel_1870,10,2024-11-25T02:00:00.000Z,music|trending|official,51895,1247,256,472,https://i.ytimg.com/vi/I7-dn0fRGZl/default.jpg,False,False,False,Auto-generated sample description for Music video.
sM9SYru_i0o,24.21.12,Gaming Compilation 2024,Channel_1003,1,2024-12-21T18:00:00.000Z,official|trending|live,2118,33,2,22,https://i.ytimg.com/vi/RvW6xcc3iSQ/default.jpg,False,False,False,Auto-generated sample description for Gaming video.
9FG1qpcMoka,24.13.10,Official Music Highlights,Channel_740,4,2024-10-13T20:00:00.000Z,review|trending|music,63566,3358,230,658,https://i.ytimg.com/vi/W9ovMEuRtSW/default.jpg,False,False,False,Auto-generated sample description for Music video.
KzKorIKfUjE,24.11.05,Behind the Scenes: Gaming,Channel_2021,16,2024-05-11T07:00:00.000Z,live|trending|review,4048,104,23,9,https://i.ytimg.com/vi/vLyVVomBPGw/default.jpg,False,False,False,Auto-generated sample description for Gaming video.
meVPEG9U-FE,24.27.04,Reacting to Entertainment Trends,Channel_1902,3,2024-04-24T19:00:00.000Z,live|official|review,386978,27014,2372,6866,https://i.ytimg.com/vi/qDUP3pagsrv/default.jpg,False,False,False,Auto-generated sample description for Entertainment video.
GSqShiOK3_Y,25.10.01,Top 10 Howto & Style Moments This Week,Channel_4345,19,2025-01-06T08:00:00.000Z,music|review|2024,104913,5999,562,1069,https://i.ytimg.com/vi/m4e0PLwC3Yr/default.jpg,False,True,False,Auto-generated sample description for Howto & Style video.
YOyhbo39Dsu,24.19.07,Behind the Scenes: Gaming,Channel_3091,1,2024-07-19T01:00:00.000Z,2024|live|review,28267,1118,222,77,https://i.ytimg.com/vi/eAID7b6l1V0/default.jpg,False,False,False,Auto-generated sample description for Gaming video.
kS2sEKRMMiF,24.06.01,Reacting to Music Trends,Channel_4839,10,2024-01-02T02:00:00.000Z,live|2024|music,900,14,8,15,https://i.ytimg.com/vi/vh6-8C7dGia/default.jpg,False,False,False,Auto-generated sample description for Music video.
V-a_2CGWxWU,24.19.01,Entertainment Compilation 2024,Channel_3095,3,2024-01-15T08:00:00.000Z,vlog|official|music,40873,3145,242,462,https://i.ytimg.com/vi/oVOVLJl_002/default.jpg,False,False,False,Auto-generated sample description for Entertainment video.
-UjvydiHOj9,24.13.11,Official Gaming Highlights,Channel_200,16,2024-11-09T10:00:00.000Z,2024|vlog|trending,2526,185,13,42,https://i.ytimg.com/vi/wJzvHNv7sG0/default.jpg,False,False,False,Auto-generated sample description for Gaming video.
k6-BtxYT9FX,24.27.09,Why This Music Video Went Viral,Channel_2658,10,2024-09-23T16:00:00.000Z,vlog|trending|music,9970,770,12,162,https://i.ytimg.com/vi/EWvI7nM51DE/default.jpg,False,False,False,Auto-generated sample description for Music video.
pYvklojRbY5,24.07.04,Top 10 Comedy Moments This Week,Channel_4842,7,2024-04-04T06:00:00.000Z,2024|official|music,24606,1546,100,301,https://i.ytimg.com/vi/-kTEeTL1mfb/default.jpg,False,False,False,Auto-generated sample description for Comedy video.
kCrBB8S3o-X,24.31.08,Reacting to Entertainment Trends,Channel_4241,3,2024-08-31T09:00:00.000Z,live|vlog|review,704,21,0,2,https://i.ytimg.com/vi/yRLQvGfa_LH/default.jpg,False,False,False,Auto-generated sample description for Entertainment video.
h974FiORKsG,24.07.01,Comedy Compilation 2024,Channel_3888,7,2024-01-04T14:00:00.000Z,vlog|music|trending,94382,3357,253,353,https://i.ytimg.com/vi/kShLrS9fLVr/default.jpg,False,False,False,Auto-generated sample description for Comedy video.
0a0CPFC5fYQ,24.18.08,Official Music Highlights,Channel_4204,4,2024-08-14T09:00:00.000Z,review|live|2024,7135,233,64,138,https://i.ytimg.com/vi/b6OkLBYy1OA/default.jpg,False,False,False,Auto-generated sample description for Music video.
57V1PcU8XmC,25.08.01,Behind the Scenes: Entertainment,Channel_3094,3,2025-01-04T12:00:00.000Z,vlog|review|2024,120701,3703,662,640,https://i.ytimg.com/vi/s9MWLIANVKl/default.jpg,True,False,False,Auto-generated sample description for Entertainment video.
UoM3VrxgqCY,24.13.11,Reacting to Entertainment Trends,Channel_1315,3,2024-11-13T07:00:00.000Z,live|2024|trending,21033,453,193,206,https://i.ytimg.com/vi/Wgr4nD8LBdJ/default.jpg,False,False,False,Auto-generated sample description for Entertainment video.
lVYdrOBnQet,24.25.04,Official Entertainment Highlights,Channel_250,18,2024-04-24T17:00:00.000Z,music|vlog|official,37620,1069,346,234,https://i.ytimg.com/vi/Mu5yKFoF_xV/default.jpg,False,False,False,Auto-generated sample description for Entertainment video.
rO4XO8-RE7w,24.05.10,Behind the Scenes: Music,Channel_3297,4,2024-10-05T21:00:00.000Z,trending|review|live,31852,851,216,92,https://i.ytimg.com/vi/z4HVHVjnrV8/default.jpg,False,False,False,Auto-generated sample description for Music video.
4wyZ9tIGe5e,25.21.01,Reacting to Entertainment Trends,Channel_920,3,2025-01-20T22:00:00.000Z,trending|music|official,109959,3721,668,1443,https://i.ytimg.com/vi/KScW_3jCqd0/default.jpg,False,False,False,Auto-generated sample description for Entertainment video.
71y1mLdhXRn,24.22.11,Entertainment Compilation 2024,Channel_4765,3,2024-11-22T10:00:00.000Z,official|music|2024,355122,9750,2236,2036,https://i.ytimg.com/vi/iImjvCZOfRE/default.jpg,False,False,False,Auto-generated sample description for Entertainment video.
ErELeJE1mu-,24.13.08,Behind the Scenes: Sports,Channel_4207,12,2024-08-11T02:00:00.000Z,official|vlog|live,7775,307,77,119,https://i.ytimg.com/vi/brPl2KoL_xm/default.jpg,False,False,False,Auto-generated sample description for Sports video.
GiAo61__NJW,24.14.06,Behind the Scenes: Music,Channel_4270,4,2024-06-13T10:00:00.000Z,review|2024|trending,251536,18997,1821,2478,https://i.ytimg.com/vi/iZ75zFVPWhK/default.jpg,False,False,False,Auto-generated sample description for Music video.
g7VKP8452k_,24.08.06,Why This Entertainment Video Went Viral,Channel_1760,3,2024-06-05T04:00:00.000Z,2024|review|music,28193,787,199,57,https://i.ytimg.com/vi/POMoHlRd1_A/default.jpg,False,False,False,Auto-generated sample description for Entertainment video.
xzER4gpxSnW,24.03.05,Behind the Scenes: Entertainment,Channel_933,3,2024-04-29T13:00:00.000Z,live|trending|vlog,4214,196,35,45,https://i.ytimg.com/vi/h3lG-E7BYDM/default.jpg,False,False,False,Auto-generated sample description for Entertainment video.
eCpXGJwTlnz,25.25.01,Top 10 Entertainment Moments This Week,Channel_732,3,2025-01-21T03:00:00.000Z,2024|live|review,106152,3622,829,1335,https://i.ytimg.com/vi/Bt-aEBaNng-/default.jpg,False,False,False,Auto-generated sample description for Entertainment video.
2Jy9Y-gYkhW,24.14.04,Gaming Compilation 2024,Channel_2007,16,2024-04-12T02:00:00.000Z,official|vlog|live,1772,93,13,6,https://i.ytimg.com/vi/H6YyhhHcfd7/default.jpg,False,False,False,Auto-generated sample description for Gaming video.
ZhQNMpY_9pB,24.10.06,Behind the Scenes: Entertainment,Channel_2497,18,2024-06-10T18:00:00.000Z,2024|review|music,31245,2285,146,453,https://i.ytimg.com/vi/uIYCaIxrVpv/default.jpg,False,False,False,Auto-generated sample description for Entertainment video.
Df7Etw195fG,24.18.09,Official Entertainment Highlights,Channel_2907,18,2024-09-17T02:00:00.000Z,live|music|2024,537585,17504,5353,5867,https://i.ytimg.com/vi/cQLQKmfxg7z/default.jpg,False,False,False,Auto-generated sample description for Entertainment video.
KilPGIdD7pl,24.12.02,Reacting to Music Trends,Channel_4411,10,2024-02-12T14:00:00.000Z,vlog|official|trending,114180,5695,119,1949,https://i.ytimg.com/vi/9kROWkH1SVG/default.jpg,False,False,False,Auto-generated sample description for Music video.
krybpdJhZpn,24.31.12,Top 10 Education Moments This Week,Channel_4621,5,2024-12-28T17:00:00.000Z,vlog|trending|official,2078,162,6,35,https://i.ytimg.com/vi/9ZCdAtcKP3m/default.jpg,False,False,False,Auto-generated sample description for Education video.
AMD7ylUfkkP,24.25.03,Official Music Highlights,Channel_779,4,2024-03-24T10:00:00.000Z,trending|official|review,134081,1996,520,870,https://i.ytimg.com/vi/Ce-deEOM5HT/default.jpg,False,False,False,Auto-generated sample description for Music video.
Gi1J8ZJ0o1q,24.24.08,Reacting to Gaming Trends,Channel_938,16,2024-08-22T22:00:00.000Z,2024|trending|review,29090,1269,16,88,https://i.ytimg.com/vi/q765SM-o7jE/default.jpg,False,False,False,Auto-generated sample description for Gaming video.
sj-ueqoZGAr,24.19.08,Behind the Scenes: Entertainment,Channel_4105,18,2024-08-19T04:00:00.000Z,vlog|music|review,227297,18057,1591,2726,https://i.ytimg.com/vi/48p4nYTI0bG/default.jpg,False,False,False,Auto-generated sample description for Entertainment video.
WgcZ1ot8DIT,24.30.10,Behind the Scenes: Entertainment,Channel_235,18,2024-10-28T08:00:00.000Z,trending|official|vlog,13828,458,43,58,https://i.ytimg.com/vi/5UTKsAZZv2e/default.jpg,False,False,False,Auto-generated sample description for Entertainment video.
lyXnJGO_Vqm,24.05.04,Behind the Scenes: Nonprofits & Activism,Channel_927,21,2024-04-02T22:00:00.000Z,review|live|2024,6532,266,29,76,https://i.ytimg.com/vi/ZBvpxIBSVgE/default.jpg,False,False,False,Auto-generated sample description for Nonprofits & Activism video.
pisQVXC4lhV,24.03.12,Why This Sports Video Went Viral,Channel_4469,12,2024-11-29T05:00:00.000Z,vlog|official|2024,28116,961,243,215,https://i.ytimg.com/vi/yFVxRY4Hv7a/default.jpg,False,False,False,Auto-generated sample description for Sports video.
EkTUy50cNTh,24.23.08,Behind the Scenes: Entertainment,Channel_3009,3,2024-08-21T05:00:00.000Z,official|trending|music,6423,155,5,106,https://i.ytimg.com/vi/3VgVWclKrk7/default.jpg,False,False,False,Auto-generated sample description for Entertainment video.
LWMe_wGqHfn,24.23.07,Why This Howto & Style Video Went Viral,Channel_1819,19,2024-07-23T06:00:00.000Z,vlog|2024|live,72026,5468,246,1003,https://i.ytimg.com/vi/Q-Av4K9YHdb/default.jpg,False,False,False,Auto-generated sample description for Howto & Style video.
35HkXfy7Z2S,24.22.08,Entertainment Compilation 2024,Channel_475,3,2024-08-22T17:00:00.000Z,review|music|2024,43024,503,282,248,https://i.ytimg.com/vi/vrrXtCs9h0-/default.jpg,False,False,False,Auto-generated sample description for Entertainment video.
YOXDfEntA1g,24.19.08,Music Compilation 2024,Channel_3137,4,2024-08-16T13:00:00.000Z,trending|official|music,15779,457,99,52,https://i.ytimg.com/vi/5m7IQ3RAi6_/default.jpg,False,False,False,Auto-generated sample description for Music video.
GrPHBgnTlHT,24.17.10,Why This Entertainment Video Went Viral,Channel_865,18,2024-10-14T21:00:00.000Z,2024|music|trending,175689,13799,816,1659,https://i.ytimg.com/vi/uTyisJ-64Yx/default.jpg,False,False,False,Auto-generated sample description for Entertainment video.
9n6DJWXx8ew,24.28.07,Behind the Scenes: Music,Channel_479,10,2024-07-25T10:00:00.000Z,review|vlog|trending,14902,873,103,164,https://i.ytimg.com/vi/oDvW3X73sRw/default.jpg,False,False,False,Auto-generated sample description for Music video.
cbopYSWQRo1,24.14.08,Top 10 Music Moments This Week,Channel_772,4,2024-08-13T14:00:00.000Z,live|official|review,2152875,42250,11071,27805,https://i.ytimg.com/vi/0XIN886VyqC/default.jpg,False,False,False,Auto-generated sample description for Music video.
s_uMgM5zhS7,25.08.01,Official Music Highlights,Channel_1169,10,2025-01-07T08:00:00.000Z,2024|review|trending,142441,8611,122,778,https://i.ytimg.com/vi/5a2b4QBkJRl/default.jpg,False,False,False,Auto-generated sample description for Music video.
VkpCzUWK7fZ,25.07.01,Behind the Scenes: Gaming,Channel_4708,16,2025-01-07T12:00:00.000Z,music|vlog|live,2557,86,8,13,https://i.ytimg.com/vi/CSh08coPSFU/default.jpg,False,False,False,Auto-generated sample description for Gaming video.
dII6_5kiZTi,24.20.03,Why This Music Video Went Viral,Channel_897,4,2024-03-17T15:00:00.000Z,review|2024|official,30184,2011,43,153,https://i.ytimg.com/vi/bJm2_uAA1ZV/default.jpg,False,False,False,Auto-generated sample description for Music video.
IVa1B_Et1ZV,24.24.09,Behind the Scenes: Music,Channel_2890,10,2024-09-22T08:00:00.000Z,2024|music|review,63363,2884,213,331,https://i.ytimg.com/vi/whFKuLnrayX/default.jpg,False,False,False,Auto-generated sample description for Music video.
BsUY0SW3GQa,24.18.06,Top 10 Music Moments This Week,Channel_4752,4,2024-06-15T16:00:00.000Z,vlog|2024|review,153978,10017,967,741,https://i.ytimg.com/vi/WerKGnrUye0/default.jpg,False,False,False,Auto-generated sample description for Music video.
susm-_xeBnB,24.24.08,Behind the Scenes: Nonprofits & Activism,Channel_2421,6,2024-08-21T01:00:00.000Z,music|vlog|trending,128245,7161,822,277,https://i.ytimg.com/vi/Y_Kdwv3RmUZ/default.jpg,False,False,False,Auto-generated sample description for Nonprofits & Activism video.
MpOwX0m9piL,24.23.09,Official Music Highlights,Channel_4434,4,2024-09-22T08:00:00.000Z,official|2024|music,12358,168,45,194,https://i.ytimg.com/vi/7yPWrpqjAFu/default.jpg,False,False,False,Auto-generated sample description for Music video.
2QXtC5vQb2J,24.08.08,Reacting to Education Trends,Channel_2612,13,2024-08-07T22:00:00.000Z,review|music|trending,2823,52,28,38,https://i.ytimg.com/vi/rGBzEyq5S1B/default.jpg,False,False,False,Auto-generated sample description for Education video.
uxWYZH66TIc,24.28.10,Reacting to Music Trends,Channel_4156,4,2024-10-26T07:00:00.000Z,trending|vlog|review,126330,9144,208,2504,https://i.ytimg.com/vi/-olRTK6C5RZ/default.jpg,False,False,False,Auto-generated sample description for Music video.
vM8TQe7B_lA,24.26.07,Behind the Scenes: Music,Channel_4110,10,2024-07-25T11:00:00.000Z,live|vlog|official,61529,3992,208,441,https://i.ytimg.com/vi/hT5HZ-uwnlP/default.jpg,False,False,False,Auto-generated sample description for Music video.
ZUIsllI9O9i,24.08.06,Reacting to Entertainment Trends,Channel_777,18,2024-06-04T08:00:00.000Z,music|trending|vlog,38456,2305,179,558,https://i.ytimg.com/vi/AZueEvrgly_/default.jpg,False,False,False,Auto-generated sample description for Entertainment video.
qskAA1E6wv0,24.22.03,Entertainment Compilation 2024,Channel_1275,3,2024-03-22T21:00:00.000Z,music|official|live,59755,2198,230,257,https://i.ytimg.com/vi/Mm-LxymBZUh/default.jpg,False,False,False,Auto-generated sample description for Entertainment video.
7p5o1MWwyYZ,24.09.09,Reacting to Sports Trends,Channel_1390,12,2024-09-08T08:00:00.000Z,review|2024|vlog,47822,859,95,707,https://i.ytimg.com/vi/XQ9YNOoVc-g/default.jpg,False,False,False,Auto-generated sample description for Sports video.
JG8E8kQ4kFK,24.28.04,Music Compilation 2024,Channel_886,4,2024-04-25T10:00:00.000Z,trending|live|music,123105,8752,910,2216,https://i.ytimg.com/vi/eKZnMMEV_Sq/default.jpg,False,False,False,Auto-generated sample description for Music video.
ybmKgWey78Z,24.14.12,Why This Music Video Went Viral,Channel_4261,10,2024-12-10T18:00:00.000Z,official|review|2024,1585275,83448,1527,14582,https://i.ytimg.com/vi/npJRCaQpMqK/default.jpg,False,False,False,Auto-generated sample description for Music video.
Tb8W3ULCn2O,24.17.02,Education Compilation 2024,Channel_4718,13,2024-02-16T15:00:00.000Z,live|music|trending,2072,44,5,14,https://i.ytimg.com/vi/2JEFY1u8hWf/default.jpg,False,False,False,Auto-generated sample description for Education video.
abK7u8Kt0NV,24.12.05,Why This Entertainment Video Went Viral,Channel_1741,18,2024-05-08T17:00:00.000Z,vlog|official|live,106042,2811,1000,1644,https://i.ytimg.com/vi/Kt_DgB4Je-a/default.jpg,False,False,False,Auto-generated sample description for Entertainment video.
YO8E29bAg49,24.23.01,Behind the Scenes: Entertainment,Channel_3384,18,2024-01-23T06:00:00.000Z,music|vlog|live,53956,2012,117,856,https://i.ytimg.com/vi/uFQoNBRiUrQ/default.jpg,False,False,False,Auto-generated sample description for Entertainment video.
1-5weWE8941,24.02.09,Behind the Scenes: Entertainment,Channel_4428,18,2024-09-02T22:00:00.000Z,music|review|trending,6994,224,27,22,https://i.ytimg.com/vi/a8QQPrK1rTn/default.jpg,False,False,False,Auto-generated sample description for Entertainment video.
5KtPpIK1iJ_,24.22.12,Reacting to Education Trends,Channel_2766,2,2024-12-21T00:00:00.000Z,2024|vlog|live,66677,1509,440,246,https://i.ytimg.com/vi/5WwNT7VU8S9/default.jpg,False,False,False,Auto-generated sample description for Education video.
fKZVCkuRd22,24.08.09,Official Comedy Highlights,Channel_2992,7,2024-09-05T22:00:00.000Z,review|music|live,20322,1162,98,107,https://i.ytimg.com/vi/NqzK9qcdHVE/default.jpg,False,False,False,Auto-generated sample description for Comedy video.
sVGjSf3xbkG,24.13.03,Entertainment Compilation 2024,Channel_2060,18,2024-03-11T06:00:00.000Z,vlog|trending|review,6948,515,50,84,https://i.ytimg.com/vi/pjYyKz9-TtD/default.jpg,False,False,False,Auto-generated sample description for Entertainment video.
VuF0c6C7F18,24.28.11,Official Entertainment Highlights,Channel_484,18,2024-11-24T03:00:00.000Z,review|official|2024,2858,98,19,10,https://i.ytimg.com/vi/wldmmZQSF81/default.jpg,False,False,False,Auto-generated sample description for Entertainment video.
mh2c1vUQqUu,24.23.11,Top 10 Comedy Moments This Week,Channel_4715,7,2024-11-21T19:00:00.000Z,official|review|live,3069,196,11,20,https://i.ytimg.com/vi/kamnaDZ7dKp/default.jpg,False,False,False,Auto-generated sample description for Comedy video.
uEjN4hnzEer,24.02.07,Top 10 Music Moments This Week,Channel_521,4,2024-06-29T18:00:00.000Z,live|2024|trending,44722,2198,321,710,https://i.ytimg.com/vi/vRaqT_qiUWw/default.jpg,False,False,False,Auto-generated sample description for Music video.
6hSlYIiISYj,24.30.08,Reacting to Music Trends,Channel_2561,10,2024-08-29T15:00:00.000Z,2024|trending|vlog,9647,638,42,149,https://i.ytimg.com/vi/HNM2KEuY0XG/default.jpg,False,False,False,Auto-generated sample description for Music video.
7moedO0v20C,24.03.11,Official Gaming Highlights,Channel_2563,16,2024-10-31T09:00:00.000Z,vlog|official|2024,14963,270,35,109,https://i.ytimg.com/vi/XjbZy4iP9Mm/default.jpg,False,False,False,Auto-generated sample description for Gaming video.
T5ZU_CA1u2k,24.29.01,Behind the Scenes: Sports,Channel_4170,12,2024-01-25T05:00:00.000Z,vlog|live|review,26608,1592,223,82,https://i.ytimg.com/vi/v-XkyR5zO0V/default.jpg,False,False,False,Auto-generated sample description for Sports video.
jlaaSikHfA4,24.20.11,Top 10 Music Moments This Week,Channel_3339,4,2024-11-16T02:00:00.000Z,vlog|2024|official,108294,3970,990,1438,https://i.ytimg.com/vi/W4wawYL_43R/default.jpg,False,False,False,Auto-generated sample description for Music video.
lTsdzCL5u5l,24.23.08,Top 10 Gaming Moments This Week,Channel_2324,1,2024-08-22T04:00:00.000Z,2024|music|official,385626,6143,335,4452,https://i.ytimg.com/vi/PE4WSQ5oTeC/default.jpg,False,False,False,Auto-generated sample description for Gaming video.
WotN3Ja-daa,24.13.04,Reacting to Entertainment Trends,Channel_4,18,2024-04-10T19:00:00.000Z,music|review|official,76809,826,746,1280,https://i.ytimg.com/vi/B-hCOR3tByj/default.jpg,False,False,False,Auto-generated sample description for Entertainment video.
ManbRL8v-sT,24.29.10,Comedy Compilation 2024,Channel_4306,7,2024-10-28T20:00:00.000Z,trending|vlog|live,65127,4251,92,570,https://i.ytimg.com/vi/G-HnHKtJJZY/default.jpg,False,False,False,Auto-generated sample description for Comedy video.
jkZ4cqUuX4H,24.07.02,Entertainment Compilation 2024,Channel_3114,18,2024-02-07T04:00:00.000Z,review|music|live,4396,303,38,2,https://i.ytimg.com/vi/TrCinc2fSKr/default.jpg,False,False,False,Auto-generated sample description for Entertainment video.
3yWGY02biG-,24.02.02,Behind the Scenes: Entertainment,Channel_2520,18,2024-01-30T08:00:00.000Z,vlog|trending|live,58942,863,541,381,https://i.ytimg.com/vi/wNMFKx3M4kl/default.jpg,False,False,False,Auto-generated sample description for Entertainment video.
PwCca1Ya4CN,24.08.01,Top 10 Entertainment Moments This Week,Channel_7,18,2024-01-06T16:00:00.000Z,live|official|music,35734,2743,77,644,https://i.ytimg.com/vi/6a6kr8hO4yJ/default.jpg,False,False,False,Auto-generated sample description for Entertainment video.
p9GG-5YcMid,24.14.06,Behind the Scenes: Music,Channel_941,4,2024-06-10T13:00:00.000Z,music|review|2024,84466,4729,199,123,https://i.ytimg.com/vi/H4amhBHo04Y/default.jpg,False,False,False,Auto-generated sample description for Music video.
YrxqRqB8Gnz,24.22.02,Why This Sports Video Went Viral,Channel_2991,12,2024-02-20T11:00:00.000Z,trending|official|live,65765,2044,245,961,https://i.ytimg.com/vi/E1H92kKMqJx/default.jpg,False,False,False,Auto-generated sample description for Sports video.
GXaQgGixzGT,24.01.07,Reacting to Music Trends,Channel_1546,10,2024-06-29T19:00:00.000Z,2024|live|vlog,59267,2851,273,1169,https://i.ytimg.com/vi/3ovZcjTvM6Z/default.jpg,False,False,False,Auto-generated sample description for Music video.
qSMKw8g8oHz,24.20.08,Entertainment Compilation 2024,Channel_2636,3,2024-08-20T04:00:00.000Z,review|live|2024,201168,13454,1976,655,https://i.ytimg.com/vi/usr1PAnGLtR/default.jpg,False,False,False,Auto-generated sample description for Entertainment video.
_OUGmVegfXk,24.02.11,Why This Comedy Video Went Viral,Channel_1642,7,2024-10-29T22:00:00.000Z,music|live|review,20806,1655,146,174,https://i.ytimg.com/vi/o31dPBdB7fv/default.jpg,False,False,False,Auto-generated sample description for Comedy video.
lKLgxXhWNsS,24.29.01,Official Comedy Highlights,Channel_293,7,2024-01-29T07:00:00.000Z,live|2024|review,4526,208,11,14,https://i.ytimg.com/vi/STQbjezlAGf/default.jpg,False,False,False,Auto-generated sample description for Comedy video.
kkgGg6LmZLw,24.25.03,Why This Entertainment Video Went Viral,Channel_2159,3,2024-03-21T22:00:00.000Z,music|live|review,105455,7146,851,227,https://i.ytimg.com/vi/Yl_s-oMSU3w/default.jpg,False,False,False,Auto-generated sample description for Entertainment video.
pfJPvHSplRK,24.27.03,Top 10 Music Moments This Week,Channel_4343,4,2024-03-25T05:00:00.000Z,vlog|music|review,373439,27869,702,5936,https://i.ytimg.com/vi/MnKZ_Gtz4eZ/default.jpg,False,False,False,Auto-generated sample description for Music video.
JmM06YPMjyE,24.27.04,Behind the Scenes: Comedy,Channel_2712,7,2024-04-24T17:00:00.000Z,live|2024|music,34174,1401,90,623,https://i.ytimg.com/vi/Y4WNyl6MjG-/default.jpg,False,False,False,Auto-generated sample description for Comedy video.
rSKQUOwjK3B,24.26.10,Official Entertainment Highlights,Channel_4796,18,2024-10-23T06:00:00.000Z,2024|trending|live,327094,13472,572,4779,https://i.ytimg.com/vi/R77ApMCk5R3/default.jpg,False,False,False,Auto-generated sample description for Entertainment video.
Ao7ToeIzrnq,24.17.07,Reacting to Entertainment Trends,Channel_3269,18,2024-07-16T16:00:00.000Z,official|live|trending,59367,2924,416,1001,https://i.ytimg.com/vi/2VueRVP_ZaG/default.jpg,True,False,False,Auto-generated sample description for Entertainment video.
P5DC-oIG8jL,25.07.01,Reacting to Education Trends,Channel_1829,13,2025-01-03T06:00:00.000Z,review|music|trending,31778,512,161,246,https://i.ytimg.com/vi/E3Fc8g1O1eX/default.jpg,False,False,False,Auto-generated sample description for Education video.
y6dmHL2eqnF,24.12.07,Why This Entertainment Video Went Viral,Channel_3144,18,2024-07-12T06:00:00.000Z,trending|2024|live,8089,419,29,146,https://i.ytimg.com/vi/_oxUWr_GoMr/default.jpg,False,False,False,Auto-generated sample description for Entertainment video.
jVuxciorvHo,25.04.01,Top 10 Entertainment Moments This Week,Channel_2826,3,2025-01-03T11:00:00.000Z,review|2024|official,196849,14271,1532,2089,https://i.ytimg.com/vi/0M4XAQqhCJD/default.jpg,False,False,False,Auto-generated sample description for Entertainment video.
ajrZU3zoOTB,24.19.02,Official Music Highlights,Channel_2024,10,2024-02-19T10:00:00.000Z,2024|vlog|official,229783,12612,1892,3245,https://i.ytimg.com/vi/6W6j0pzlkMf/default.jpg,True,True,False,Auto-generated sample description for Music video.
DzJN2TdMBS3,24.25.08,Why This Music Video Went Viral,Channel_4992,4,2024-08-21T16:00:00.000Z,live|vlog|trending,22092,380,202,165,https://i.ytimg.com/vi/tJ4L7sCAB4N/default.jpg,False,False,False,Auto-generated sample description for Music video.
KI8rKMdp_u8,24.02.10,Why This Comedy Video Went Viral,Channel_4921,7,2024-09-29T09:00:00.000Z,2024|live|music,59875,2711,178,264,https://i.ytimg.com/vi/xzXHXbNxwkO/default.jpg,False,False,False,Auto-generated sample description for Comedy video.
Xd7HVZrKw95,24.11.05,Top 10 Sports Moments This Week,Channel_677,12,2024-05-09T02:00:00.000Z,live|review|2024,9491,261,6,97,https://i.ytimg.com/vi/a_mLYnSrMIX/default.jpg,False,False,False,Auto-generated sample description for Sports video.
8n3Vo4RbcwY,25.20.01,Official Entertainment Highlights,Channel_4758,18,2025-01-20T16:00:00.000Z,review|trending|official,36443,939,131,50,https://i.ytimg.com/vi/on44Mg_d9Do/default.jpg,False,False,False,Auto-generated sample description for Entertainment video.
h9mfvNF_AGN,24.13.12,Music Compilation 2024,Channel_1323,4,2024-12-13T20:00:00.000Z,trending|music|vlog,119407,6692,661,1468,https://i.ytimg.com/vi/wJCpc1KlKQj/default.jpg,False,False,False,Auto-generated sample description for Music video.
beIC1crwNPV,25.01.02,Behind the Scenes: Music,Channel_2634,10,2025-01-31T16:00:00.000Z,live|music|review,69003,2901,61,1255,https://i.ytimg.com/vi/4fvQa-SF2TM/default.jpg,False,False,False,Auto-generated sample description for Music video.
Y9WfwYXDVsu,24.25.10,Behind the Scenes: Entertainment,Channel_4721,3,2024-10-24T22:00:00.000Z,official|music|live,22617,673,141,137,https://i.ytimg.com/vi/PP-e4eHeB68/default.jpg,False,False,False,Auto-generated sample description for Entertainment video.
xRn73-lME48,24.01.02,Top 10 Sports Moments This Week,Channel_2104,12,2024-01-29T17:00:00.000Z,music|live|review,80042,3600,357,347,https://i.ytimg.com/vi/HfWM8yIjMi4/default.jpg,False,False,False,Auto-generated sample description for Sports video.
M9m8czHAuBc,24.10.06,Reacting to Music Trends,Channel_3400,4,2024-06-07T03:00:00.000Z,vlog|review|trending,73181,1841,556,933,https://i.ytimg.com/vi/KXM88EDgwYb/default.jpg,False,False,False,Auto-generated sample description for Music video.
V_vkIfw4hEz,24.17.09,Why This Science & Technology Video Went Viral,Channel_293,9,2024-09-16T08:00:00.000Z,trending|2024|music,11746,776,115,40,https://i.ytimg.com/vi/8hqwhUJov21/default.jpg,False,False,False,Auto-generated sample description for Science & Technology video.
vb0gBSmxG4e,24.08.10,Reacting to Music Trends,Channel_574,4,2024-10-06T08:00:00.000Z,2024|official|trending,7322,412,58,82,https://i.ytimg.com/vi/1CAqSLtFC5C/default.jpg,False,False,False,Auto-generated sample description for Music video.
RQaJX5aLibq,25.05.01,Behind the Scenes: Education,Channel_3330,2,2025-01-04T20:00:00.000Z,music|live|2024,12651,173,60,247,https://i.ytimg.com/vi/lnfC2wz_Qsl/default.jpg,False,False,False,Auto-generated sample description for Education video.
8rv8MMaMXfS,24.19.08,Top 10 Gaming Moments This Week,Channel_3867,16,2024-08-19T22:00:00.000Z,review|2024|trending,46263,1907,186,783,https://i.ytimg.com/vi/4wVnlhVOt3w/default.jpg,False,False,False,Auto-generated sample description for Gaming video.
g-20YdTku3H,24.04.10,Top 10 Music Moments This Week,Channel_1567,10,2024-10-04T13:00:00.000Z,2024|review|live,140477,6844,363,2722,https://i.ytimg.com/vi/6tHV9goNWkh/default.jpg,False,False,False,Auto-generated sample description for Music video.
RHzoyle55VA,24.30.09,Entertainment Compilation 2024,Channel_3058,18,2024-09-30T12:00:00.000Z,review|official|music,93332,7275,757,1076,https://i.ytimg.com/vi/40W58DBI6PI/default.jpg,False,False,False,Auto-generated sample description for Entertainment video.
Symomal9ui4,24.27.10,Top 10 Entertainment Moments This Week,Channel_2659,18,2024-10-26T12:00:00.000Z,vlog|official|live,8384,221,29,153,https://i.ytimg.com/vi/SyDmNe4hqEO/default.jpg,True,False,False,Auto-generated sample description for Entertainment video.
nifwxJgsTSU,24.25.06,Behind the Scenes: Comedy,Channel_345,7,2024-06-24T08:00:00.000Z,official|music|review,33271,1577,189,139,https://i.ytimg.com/vi/J5YTVoRtqo6/default.jpg,False,False,False,Auto-generated sample description for Comedy video.
XsrYc5F5Idk,24.20.12,Official Gaming Highlights,Channel_1841,16,2024-12-18T17:00:00.000Z,trending|live|2024,1247,85,4,6,https://i.ytimg.com/vi/Q8CDQ_jf14J/default.jpg,False,False,False,Auto-generated sample description for Gaming video.
p0GDMooHE3h,24.10.07,Top 10 Music Moments This Week,Channel_1882,4,2024-07-08T19:00:00.000Z,trending|live|official,358056,5702,2689,6401,https://i.ytimg.com/vi/sc7ccRSWnl3/default.jpg,False,False,False,Auto-generated sample description for Music video.
Z6veakU8-vY,25.18.01,Why This Comedy Video Went Viral,Channel_987,7,2025-01-17T00:00:00.000Z,vlog|2024|official,12372,134,21,238,https://i.ytimg.com/vi/qDNnPimXyac/default.jpg,False,False,False,Auto-generated sample description for Comedy video.
gm5xrylxeGJ,24.14.02,Why This Entertainment Video Went Viral,Channel_2939,18,2024-02-11T07:00:00.000Z,music|live|review,11698,569,93,52,https://i.ytimg.com/vi/f_sM9DcLgwC/default.jpg,False,False,False,Auto-generated sample description for Entertainment video.
LUv2YnDp7b1,24.16.12,Why This Entertainment Video Went Viral,Channel_796,18,2024-12-14T11:00:00.000Z,2024|trending|live,82410,5324,361,640,https://i.ytimg.com/vi/fgFzOhiodBF/default.jpg,False,False,False,Auto-generated sample description for Entertainment video.
LO4Zjd5G_WJ,24.27.10,Top 10 Music Moments This Week,Channel_4589,4,2024-10-27T15:00:00.000Z,trending|2024|live,82326,4798,160,663,https://i.ytimg.com/vi/Xdp-myvcWjN/default.jpg,False,False,False,Auto-generated sample description for Music video.
yf83EQdZXw9,24.25.07,Reacting to Entertainment Trends,Channel_1496,18,2024-07-22T07:00:00.000Z,review|music|trending,6279,236,17,27,https://i.ytimg.com/vi/eIkdcuvptLf/default.jpg,False,False,False,Auto-generated sample description for Entertainment video.
mmVrIWXpciJ,24.30.12,Why This Gaming Video Went Viral,Channel_3646,16,2024-12-30T09:00:00.000Z,review|trending|live,8883,682,54,146,https://i.ytimg.com/vi/xn6Uv9f9LHV/default.jpg,False,False,False,Auto-generated sample description for Gaming video.
Pnpa9tfbaDI,24.25.02,Official Entertainment Highlights,Channel_3198,3,2024-02-25T07:00:00.000Z,official|2024|live,28828,1669,102,88,https://i.ytimg.com/vi/8MUhMXAV81k/default.jpg,False,False,False,Auto-generated sample description for Entertainment video.
-Zz0KUprdX9,24.22.11,Official Music Highlights,Channel_2966,10,2024-11-18T21:00:00.000Z,music|official|review,28330,296,76,527,https://i.ytimg.com/vi/hojSVhiASEh/default.jpg,False,False,False,Auto-generated sample description for Music video.
2vO5ZX2sgJK,24.16.02,Top 10 Music Moments This Week,Channel_1823,10,2024-02-16T17:00:00.000Z,review|2024|official,14527,239,122,113,https://i.ytimg.com/vi/OLx0LeFvqop/default.jpg,False,False,False,Auto-generated sample description for Music video.
YQyFGO8Pe1f,24.03.10,Reacting to Entertainment Trends,Channel_3470,3,2024-09-29T06:00:00.000Z,review|vlog|2024,157210,8792,437,281,https://i.ytimg.com/vi/axNqcshvE_2/default.jpg,False,False,False,Auto-generated sample description for Entertainment video.
pav6qcwTOwT,24.16.12,Reacting to Music Trends,Channel_177,10,2024-12-16T19:00:00.000Z,official|music|trending,5741,197,51,11,https://i.ytimg.com/vi/VK_IW1Ak2ex/default.jpg,False,False,False,Auto-generated sample description for Music video.
IPsoErE172m,24.19.05,Official Science & Technology Highlights,Channel_2721,20,2024-05-18T22:00:00.000Z,vlog|official|2024,74941,1373,697,1478,https://i.ytimg.com/vi/_trzJMq_NGx/default.jpg,False,False,False,Auto-generated sample description for Science & Technology video.
uQFlEQlgisR,24.27.06,Official Film & Animation Highlights,Channel_1338,17,2024-06-25T04:00:00.000Z,official|live|vlog,1722,46,1,12,https://i.ytimg.com/vi/ibc96i4XNH-/default.jpg,False,False,False,Auto-generated sample description for Film & Animation video.
MR2kF8lSFd_,24.15.12,Behind the Scenes: Entertainment,Channel_4683,3,2024-12-13T13:00:00.000Z,music|2024|review,12021,805,53,104,https://i.ytimg.com/vi/rIwYj0wf4Z9/default.jpg,False,False,False,Auto-generated sample description for Entertainment video.
6ducszdJ8kY,24.29.12,Reacting to Music Trends,Channel_1235,4,2024-12-25T15:00:00.000Z,vlog|2024|trending,33978,2571,174,233,https://i.ytimg.com/vi/pyHtXXkwSZR/default.jpg,False,False,False,Auto-generated sample description for Music video.
jNLXtcALh6Z,25.27.01,Behind the Scenes: Music,Channel_2772,4,2025-01-25T10:00:00.000Z,review|live|vlog,14595,1144,128,188,https://i.ytimg.com/vi/o9HYYeUS-jD/default.jpg,False,False,False,Auto-generated sample description for Music video.
cmlR5r5sHQp,24.09.07,Official Gaming Highlights,Channel_52,1,2024-07-07T13:00:00.000Z,trending|2024|official,93401,6038,669,1717,https://i.ytimg.com/vi/CNWoDja8xIw/default.jpg,False,False,False,Auto-generated sample description for Gaming video.
04H3jQr5Jf2,24.13.08,Behind the Scenes: Entertainment,Channel_1476,3,2024-08-11T00:00:00.000Z,trending|live|vlog,101862,6139,974,1973,https://i.ytimg.com/vi/bb_EPkKoFK8/default.jpg,False,False,False,Auto-generated sample description for Entertainment video.
-4xcxB2jJeY,24.22.06,Pets & Animals Compilation 2024,Channel_1539,14,2024-06-21T21:00:00.000Z,vlog|trending|music,3117,45,6,54,https://i.ytimg.com/vi/S-3ciLHATlv/default.jpg,False,False,False,Auto-generated sample description for Pets & Animals video.
08UgrXH1XwZ,24.06.08,Why This Music Video Went Viral,Channel_3122,10,2024-08-05T16:00:00.000Z,vlog|review|live,95889,5482,730,1169,https://i.ytimg.com/vi/1cUuUro9yST/default.jpg,False,False,False,Auto-generated sample description for Music video.
r3opy_XPvic,24.20.11,Reacting to Sports Trends,Channel_4182,12,2024-11-16T18:00:00.000Z,vlog|official|trending,1342,102,12,25,https://i.ytimg.com/vi/JpBeusY0Q5_/default.jpg,False,False,False,Auto-generated sample description for Sports video.
Z4gvD_TrfKJ,24.16.03,Reacting to Education Trends,Channel_1139,13,2024-03-12T15:00:00.000Z,music|vlog|2024,10793,176,64,13,https://i.ytimg.com/vi/S3wTIpKFBde/default.jpg,False,False,False,Auto-generated sample description for Education video.
E8dSUzW87wf,24.12.09,Official Entertainment Highlights,Channel_1593,3,2024-09-10T13:00:00.000Z,music|review|trending,59812,3764,289,989,https://i.ytimg.com/vi/kwlvCf7Nmon/default.jpg,False,False,False,Auto-generated sample description for Entertainment video.
LREUPrLC4y8,24.14.07,Behind the Scenes: Entertainment,Channel_3260,18,2024-07-14T13:00:00.000Z,live|2024|official,2549,115,17,20,https://i.ytimg.com/vi/mhHxTN2u5YI/default.jpg,False,False,False,Auto-generated sample description for Entertainment video.
2bVMLd8EdZj,24.14.03,Top 10 Science & Technology Moments This Week,Channel_3121,20,2024-03-12T16:00:00.000Z,vlog|trending|2024,2332,53,20,42,https://i.ytimg.com/vi/e1ZNBbuYMK7/default.jpg,False,False,False,Auto-generated sample description for Science & Technology video.
tzTOpBi1Mo6,24.27.04,Why This Gaming Video Went Viral,Channel_4162,1,2024-04-25T00:00:00.000Z,vlog|official|2024,4549,176,22,63,https://i.ytimg.com/vi/YLqYPLCR5mf/default.jpg,False,False,False,Auto-generated sample description for Gaming video.
BQJ8WXc_yhn,24.14.07,Entertainment Compilation 2024,Channel_4852,3,2024-07-11T07:00:00.000Z,live|official|vlog,9391,723,35,8,https://i.ytimg.com/vi/lMOaR0B6qLV/default.jpg,False,False,False,Auto-generated sample description for Entertainment video.
heA4DPGeunL,24.23.01,Top 10 Entertainment Moments This Week,Channel_4712,18,2024-01-19T10:00:00.000Z,review|vlog|live,94585,5569,399,1629,https://i.ytimg.com/vi/SN502yo-gJ4/default.jpg,False,False,False,Auto-generated sample description for Entertainment video.
2GHMUgxpbYy,24.04.10,Top 10 Music Moments This Week,Channel_3658,10,2024-09-30T21:00:00.000Z,live|vlog|2024,23385,1841,169,198,https://i.ytimg.com/vi/B_W8pEnp-Pd/default.jpg,False,False,False,Auto-generated sample description for Music video.
99hVYfkkPLT,24.11.06,Official Howto & Style Highlights,Channel_3174,22,2024-06-10T13:00:00.000Z,live|official|trending,52160,3500,138,127,https://i.ytimg.com/vi/2buA6NHofIW/default.jpg,False,False,False,Auto-generated sample description for Howto & Style video.
qE-EneqCX-t,24.14.09,Music Compilation 2024,Channel_652,4,2024-09-10T06:00:00.000Z,trending|2024|vlog,13747,451,22,140,https://i.ytimg.com/vi/73P6vQISQTW/default.jpg,False,False,False,Auto-generated sample description for Music video.
IxtxsOOrv3_,24.17.09,Film & Animation Compilation 2024,Channel_4278,17,2024-09-17T00:00:00.000Z,review|vlog|official,5675,293,48,92,https://i.ytimg.com/vi/080LvvaPSYZ/default.jpg,False,False,False,Auto-generated sample description for Film & Animation video.
Ul1G54nb6Oo,24.21.11,Music Compilation 2024,Channel_3692,10,2024-11-21T21:00:00.000Z,vlog|music|official,5801,441,7,99,https://i.ytimg.com/vi/h-m9i2-X34y/default.jpg,False,False,False,Auto-generated sample description for Music video.
cdmD26jJxYR,25.07.01,Behind the Scenes: Music,Channel_1706,10,2025-01-03T07:00:00.000Z,vlog|official|trending,16009,585,86,275,https://i.ytimg.com/vi/M2mvCFKCI-R/default.jpg,False,False,False,Auto-generated sample description for Music video.
qtzhFnOls0J,24.19.12,Why This Entertainment Video Went Viral,Channel_4112,3,2024-12-16T22:00:00.000Z,live|official|vlog,207330,8056,1005,3668,https://i.ytimg.com/vi/GT_QnuIyh1o/default.jpg,False,False,False,Auto-generated sample description for Entertainment video.
ouRFP-npVP4,24.30.03,Why This Music Video Went Viral,Channel_4565,10,2024-03-27T10:00:00.000Z,vlog|trending|music,542205,36802,686,9494,https://i.ytimg.com/vi/I8LmaWm9Qc1/default.jpg,False,False,False,Auto-generated sample description for Music video.
Xqng5RofFEH,24.11.03,Why This Comedy Video Went Viral,Channel_354,7,2024-03-08T03:00:00.000Z,2024|trending|vlog,25517,952,83,46,https://i.ytimg.com/vi/B8gQqRUFjlS/default.jpg,False,False,False,Auto-generated sample description for Comedy video.
kqV0EK-K3fh,24.02.04,Reacting to Music Trends,Channel_4053,4,2024-03-30T10:00:00.000Z,music|trending|live,19676,260,51,287,https://i.ytimg.com/vi/AUqVCVGq8nM/default.jpg,False,False,False,Auto-generated sample description for Music video.
qy3iiN8gW6r,24.22.12,Official Entertainment Highlights,Channel_3823,18,2024-12-19T12:00:00.000Z,official|music|live,145947,2076,380,705,https://i.ytimg.com/vi/8-YvsPsUtUq/default.jpg,False,False,False,Auto-generated sample description for Entertainment video.
rrWQsQii6MU,24.08.06,Reacting to Music Trends,Channel_3792,4,2024-06-07T22:00:00.000Z,music|live|2024,200838,8657,1958,746,https://i.ytimg.com/vi/qMSn2KgbcdH/default.jpg,False,False,False,Auto-generated sample description for Music video.
EhTDxQKLyfO,24.06.09,Reacting to Music Trends,Channel_2294,4,2024-09-06T22:00:00.000Z,music|official|review,4557,140,38,90,https://i.ytimg.com/vi/LhM7Jbhjalc/default.jpg,False,False,False,Auto-generated sample description for Music video.
rHeNPGJuToU,24.06.08,Behind the Scenes: Entertainment,Channel_3963,3,2024-08-02T17:00:00.000Z,trending|vlog|review,37684,1939,65,471,https://i.ytimg.com/vi/9GyRDy_vXwr/default.jpg,False,False,False,Auto-generated sample description for Entertainment video.
ic5wt6nRwtR,24.28.05,Sports Compilation 2024,Channel_356,12,2024-05-24T12:00:00.000Z,review|official|trending,7160,126,66,106,https://i.ytimg.com/vi/WDlqjaeMJZi/default.jpg,False,False,False,Auto-generated sample description for Sports video.
12xUCJ3wQ7s,25.22.01,Top 10 Music Moments This Week,Channel_3620,4,2025-01-19T04:00:00.000Z,live|vlog|official,27920,281,158,64,https://i.ytimg.com/vi/Z84OpQGnIkW/default.jpg,False,False,False,Auto-generated sample description for Music video.
umhJbk0662A,24.08.08,Official Howto & Style Highlights,Channel_1226,19,2024-08-04T02:00:00.000Z,review|trending|live,43600,943,32,217,https://i.ytimg.com/vi/dhwure729HI/default.jpg,False,False,False,Auto-generated sample description for Howto & Style video.
wd4NtKcOUix,24.25.11,Top 10 Gaming Moments This Week,Channel_640,16,2024-11-23T20:00:00.000Z,trending|2024|official,16022,411,25,29,https://i.ytimg.com/vi/IyuhRJhG8i2/default.jpg,False,False,False,Auto-generated sample description for Gaming video.
HfjZGF2V1D3,24.06.05,Why This Entertainment Video Went Viral,Channel_2814,18,2024-05-05T20:00:00.000Z,2024|live|review,83094,3286,671,1457,https://i.ytimg.com/vi/NNHViIE8hFT/default.jpg,False,False,False,Auto-generated sample description for Entertainment video.
lhq0Ekx8ZF2,24.10.02,Entertainment Compilation 2024,Channel_529,3,2024-02-10T06:00:00.000Z,official|music|2024,3721,258,20,5,https://i.ytimg.com/vi/UJgriG_pl99/default.jpg,False,False,False,Auto-generated sample description for Entertainment video.
Uj_q7sjWjvB,24.28.04,Official Music Highlights,Channel_3706,10,2024-04-27T00:00:00.000Z,review|vlog|official,1694,102,7,27,https://i.ytimg.com/vi/CuwVR1N_E3r/default.jpg,False,False,False,Auto-generated sample description for Music video.
j6cFyFgjPnl,24.02.05,Official Entertainment Highlights,Channel_3106,18,2024-04-29T13:00:00.000Z,vlog|trending|official,322419,6387,2092,2591,https://i.ytimg.com/vi/yNJd5XyvuEw/default.jpg,False,False,False,Auto-generated sample description for Entertainment video.
BSLQ8YvkjRz,24.10.08,Top 10 Howto & Style Moments This Week,Channel_2504,19,2024-08-06T10:00:00.000Z,music|official|live,61460,4422,39,212,https://i.ytimg.com/vi/MmNnMBEvqvQ/default.jpg,False,False,False,Auto-generated sample description for Howto & Style video.
2VvbLaiYi0o,24.19.09,Reacting to Pets & Animals Trends,Channel_285,11,2024-09-17T16:00:00.000Z,review|music|vlog,2152,101,20,16,https://i.ytimg.com/vi/ekrfKPhSypD/default.jpg,False,False,False,Auto-generated sample description for Pets & Animals video.
sknyerwK-qx,24.29.09,Entertainment Compilation 2024,Channel_4243,18,2024-09-25T07:00:00.000Z,live|official|vlog,11896,247,24,95,https://i.ytimg.com/vi/voo7RnlVpML/default.jpg,False,False,False,Auto-generated sample description for Entertainment video.
dNhRlj_8LIz,24.12.08,Official Entertainment Highlights,Channel_3504,3,2024-08-08T08:00:00.000Z,review|trending|official,3217,134,11,8,https://i.ytimg.com/vi/o8dmPwDMS0G/default.jpg,False,False,False,Auto-generated sample description for Entertainment video.
RP3YgOxthZc,25.14.01,Official Gaming Highlights,Channel_1925,1,2025-01-10T21:00:00.000Z,trending|vlog|review,2919,56,16,51,https://i.ytimg.com/vi/X0MAls3d_ZP/default.jpg,False,False,False,Auto-generated sample description for Gaming video.
0Kc6Aowfhza,24.21.12,Official Science & Technology Highlights,Channel_1453,9,2024-12-20T12:00:00.000Z,music|official|trending,17907,971,129,300,https://i.ytimg.com/vi/iuiO1ygSeuZ/default.jpg,False,True,False,Auto-generated sample description for Science & Technology video.
vd4awdrEMxP,24.26.06,Why This Music Video Went Viral,Channel_2744,4,2024-06-22T17:00:00.000Z,2024|vlog|music,23682,1765,130,76,https://i.ytimg.com/vi/Artn0AWjBq6/default.jpg,False,False,False,Auto-generated sample description for Music video.
S8LuyKNaPeE,24.03.05,Behind the Scenes: Entertainment,Channel_4518,18,2024-04-29T15:00:00.000Z,official|vlog|music,70409,4632,217,534,https://i.ytimg.com/vi/u1cu4fE0LdP/default.jpg,False,False,False,Auto-generated sample description for Entertainment video.
9jTRJucvrR8,25.13.01,Reacting to Gaming Trends,Channel_734,1,2025-01-10T17:00:00.000Z,trending|live|review,4615,237,25,78,https://i.ytimg.com/vi/bu4WtE9aJZm/default.jpg,False,False,False,Auto-generated sample description for Gaming video.
12WFvxz2nc5,24.08.08,Why This Music Video Went Viral,Channel_4082,4,2024-08-08T13:00:00.000Z,music|live|2024,88295,3893,400,1702,https://i.ytimg.com/vi/-AFP_3aQQtq/default.jpg,False,False,False,Auto-generated sample description for Music video.
1Rlq-YfAi2W,25.07.01,Official Music Highlights,Channel_2933,4,2025-01-06T22:00:00.000Z,trending|2024|official,62715,2289,197,1211,https://i.ytimg.com/vi/k4eHf3WQsYf/default.jpg,False,False,False,Auto-generated sample description for Music video.
JRbKFX7XaGW,24.22.08,Education Compilation 2024,Channel_2739,13,2024-08-21T06:00:00.000Z,review|vlog|2024,4758,150,22,27,https://i.ytimg.com/vi/VLtfZCTgcAx/default.jpg,False,False,False,Auto-generated sample description for Education video.
gDjW5Gh-5uU,24.10.09,Top 10 Gaming Moments This Week,Channel_1685,1,2024-09-09T01:00:00.000Z,trending|official|vlog,31424,364,283,151,https://i.ytimg.com/vi/xxqiwwu3erH/default.jpg,False,False,False,Auto-generated sample description for Gaming video.
6DozFYrXW3p,24.27.03,Why This Entertainment Video Went Viral,Channel_3610,18,2024-03-23T13:00:00.000Z,2024|review|live,77394,6179,677,1324,https://i.ytimg.com/vi/OwCE1CDCmgb/default.jpg,False,False,False,Auto-generated sample description for Entertainment video.
yQBp5k49Hcy,24.16.02,Behind the Scenes: Entertainment,Channel_2048,18,2024-02-14T02:00:00.000Z,music|trending|vlog,44032,548,197,787,https://i.ytimg.com/vi/HLz8POPiRjI/default.jpg,False,False,False,Auto-generated sample description for Entertainment video.
OTA6sdGVfSY,24.22.09,Official Music Highlights,Channel_1502,10,2024-09-20T11:00:00.000Z,2024|review|official,67937,2578,485,71,https://i.ytimg.com/vi/If1KL20xJw5/default.jpg,False,False,False,Auto-generated sample description for Music video.
CZddB0kDHlR,24.09.12,Reacting to Entertainment Trends,Channel_3876,3,2024-12-07T14:00:00.000Z,live|vlog|trending,109302,5999,757,692,https://i.ytimg.com/vi/3QyK2jEErpc/default.jpg,False,False,False,Auto-generated sample description for Entertainment video.
II40DSzOWr8,24.21.08,Why This Education Video Went Viral,Channel_307,2,2024-08-19T21:00:00.000Z,2024|official|trending,8931,242,71,52,https://i.ytimg.com/vi/QVwANlXedu_/default.jpg,False,False,False,Auto-generated sample description for Education video.
6nLBSiLjNhl,24.19.07,Why This Music Video Went Viral,Channel_3133,4,2024-07-17T08:00:00.000Z,2024|trending|official,24113,1875,141,97,https://i.ytimg.com/vi/9gyxwDu1yr_/default.jpg,False,False,False,Auto-generated sample description for Music video.
RvZy3BHCZ7S,24.15.10,Behind the Scenes: Entertainment,Channel_4080,3,2024-10-14T22:00:00.000Z,trending|review|live,298841,20297,832,3998,https://i.ytimg.com/vi/6wYFvKf6kqT/default.jpg,False,False,False,Auto-generated sample description for Entertainment video.
yT9VLUbobEd,24.05.06,Why This Music Video Went Viral,Channel_3556,10,2024-06-03T22:00:00.000Z,trending|music|review,170394,12854,1624,2670,https://i.ytimg.com/vi/Nyo30kDjlsA/default.jpg,False,False,False,Auto-generated sample description for Music video.
Sr-DMOnfgLO,24.11.11,Reacting to Comedy Trends,Channel_2362,7,2024-11-07T18:00:00.000Z,music|review|trending,3706,251,18,6,https://i.ytimg.com/vi/DUKdaLDTbdz/default.jpg,False,False,False,Auto-generated sample description for Comedy video.
k4wJ1DkmIZM,24.21.12,Official Entertainment Highlights,Channel_1207,3,2024-12-20T12:00:00.000Z,2024|live|trending,14168,475,113,217,https://i.ytimg.com/vi/HXd2YT6-mMJ/default.jpg,False,False,False,Auto-generated sample description for Entertainment video.
TRSY5ELF39y,24.15.08,Reacting to Entertainment Trends,Channel_1572,18,2024-08-14T15:00:00.000Z,vlog|review|2024,21356,652,141,216,https://i.ytimg.com/vi/2G9GKkZsqKG/default.jpg,False,False,False,Auto-generated sample description for Entertainment video.
rFMnLyJqTbi,24.17.06,Music Compilation 2024,Channel_2182,10,2024-06-13T21:00:00.000Z,vlog|live|trending,65250,866,184,191,https://i.ytimg.com/vi/Xr26c0HYxEe/default.jpg,False,False,False,Auto-generated sample description for Music video.
ICWo4XLOx2f,24.15.04,Top 10 Music Moments This Week,Channel_2699,10,2024-04-11T00:00:00.000Z,vlog|review|trending,165766,6324,144,1668,https://i.ytimg.com/vi/n3UwgCxBQP7/default.jpg,False,False,False,Auto-generated sample description for Music video.
zB70U5uh9ad,24.13.08,Sports Compilation 2024,Channel_1027,12,2024-08-12T20:00:00.000Z,trending|live|official,52518,3979,259,534,https://i.ytimg.com/vi/XHvQpq4Y7KJ/default.jpg,False,False,False,Auto-generated sample description for Sports video.
roU012io6mP,24.21.12,Entertainment Compilation 2024,Channel_2610,18,2024-12-20T20:00:00.000Z,official|trending|music,6625,374,35,79,https://i.ytimg.com/vi/GF2-EAV8trL/default.jpg,False,False,False,Auto-generated sample description for Entertainment video.
dtn_ZkXxBWo,24.24.04,Reacting to Sports Trends,Channel_220,12,2024-04-21T02:00:00.000Z,music|review|trending,43109,1916,249,704,https://i.ytimg.com/vi/uFt2-9UMBGW/default.jpg,False,False,False,Auto-generated sample description for Sports video.
tTltRT9KChB,24.01.12,Behind the Scenes: Entertainment,Channel_3922,3,2024-11-29T16:00:00.000Z,vlog|trending|2024,133145,4106,224,2537,https://i.ytimg.com/vi/9EmMGdjVv2K/default.jpg,True,False,False,Auto-generated sample description for Entertainment video.
aTgafVCrQd_,24.08.08,Why This Education Video Went Viral,Channel_1886,5,2024-08-06T06:00:00.000Z,trending|official|live,6721,524,15,97,https://i.ytimg.com/vi/MLjPzYxX8-S/default.jpg,False,False,False,Auto-generated sample description for Education video.
VkgurWkMm4g,24.17.12,Reacting to Music Trends,Channel_2676,10,2024-12-14T16:00:00.000Z,official|live|trending,14347,848,108,16,https://i.ytimg.com/vi/J2mJZwI2ZwV/default.jpg,False,False,False,Auto-generated sample description for Music video.
oPINF3ljtdL,24.11.03,Entertainment Compilation 2024,Channel_408,3,2024-03-08T13:00:00.000Z,2024|review|vlog,8227,481,51,58,https://i.ytimg.com/vi/N-RriPPBxjc/default.jpg,False,False,False,Auto-generated sample description for Entertainment video.
xHwIAbgbpTZ,24.25.02,Reacting to Entertainment Trends,Channel_1953,18,2024-02-21T11:00:00.000Z,vlog|music|live,5900,417,51,90,https://i.ytimg.com/vi/3mt48F-5wX6/default.jpg,False,False,False,Auto-generated sample description for Entertainment video.
jRP-Gx2WOYQ,24.25.10,Reacting to Music Trends,Channel_4547,4,2024-10-23T21:00:00.000Z,music|review|vlog,56875,712,308,323,https://i.ytimg.com/vi/EEITzjxV-6Y/default.jpg,False,False,False,Auto-generated sample description for Music video.
WwJTR6XRNUl,24.17.10,Top 10 Gaming Moments This Week,Channel_2736,16,2024-10-17T17:00:00.000Z,trending|vlog|review,41115,2470,282,46,https://i.ytimg.com/vi/-I6Y3z3Kgcs/default.jpg,False,False,False,Auto-generated sample description for Gaming video.
iEdFweaxWEA,24.18.11,Official Entertainment Highlights,Channel_1261,18,2024-11-15T00:00:00.000Z,official|trending|vlog,84030,3562,657,1185,https://i.ytimg.com/vi/BpEMuwKMCd6/default.jpg,False,False,False,Auto-generated sample description for Entertainment video.
7hkGNknJ65C,24.15.10,Official Music Highlights,Channel_4003,4,2024-10-15T05:00:00.000Z,live|review|2024,171159,6211,306,1992,https://i.ytimg.com/vi/EPKHSUT_XlZ/default.jpg,False,False,False,Auto-generated sample description for Music video.
IVYPciS86eF,24.16.06,Reacting to Comedy Trends,Channel_2559,7,2024-06-16T07:00:00.000Z,music|trending|official,130555,3518,472,2309,https://i.ytimg.com/vi/jORg3UYV0qJ/default.jpg,False,False,False,Auto-generated sample description for Comedy video.
ZiTPwxEbfiV,24.28.01,Official Music Highlights,Channel_4099,4,2024-01-24T05:00:00.000Z,official|review|vlog,126986,7811,392,1572,https://i.ytimg.com/vi/8_fsJdnsryH/default.jpg,False,False,False,Auto-generated sample description for Music video.
zcxZS-Cb2Mf,24.02.02,Reacting to Entertainment Trends,Channel_827,18,2024-01-30T12:00:00.000Z,trending|official|review,7358,470,54,99,https://i.ytimg.com/vi/n87y6AoEdpq/default.jpg,False,False,False,Auto-generated sample description for Entertainment video.
M8XUT0XuGL0,24.21.11,Behind the Scenes: Film & Animation,Channel_1863,17,2024-11-19T11:00:00.000Z,2024|vlog|review,11926,713,43,140,https://i.ytimg.com/vi/ZD2ViO788jP/default.jpg,False,False,False,Auto-generated sample description for Film & Animation video.
qG2Zxjl1hK3,24.29.10,Behind the Scenes: Entertainment,Channel_4675,18,2024-10-28T22:00:00.000Z,music|live|vlog,83332,4025,602,616,https://i.ytimg.com/vi/rJqA92kK-FT/default.jpg,False,False,False,Auto-generated sample description for Entertainment video.
fcEdCeQnqDd,24.06.09,Reacting to Entertainment Trends,Channel_262,3,2024-09-04T15:00:00.000Z,music|vlog|official,19968,538,115,159,https://i.ytimg.com/vi/Hgmmw19hiTt/default.jpg,False,False,False,Auto-generated sample description for Entertainment video.
rWrE0eNsYkO,24.11.12,Why This Gaming Video Went Viral,Channel_1257,16,2024-12-10T20:00:00.000Z,trending|vlog|official,10468,773,100,61,https://i.ytimg.com/vi/uII2iemaDgB/default.jpg,False,False,False,Auto-generated sample description for Gaming video.
8SM2f2BZDOb,24.06.03,Why This Music Video Went Viral,Channel_3277,10,2024-03-06T12:00:00.000Z,trending|live|music,172892,2699,815,1120,https://i.ytimg.com/vi/LTgtgwLqK3L/default.jpg,False,False,False,Auto-generated sample description for Music video.
tjIgO4VuUMZ,24.30.04,Top 10 Comedy Moments This Week,Channel_368,7,2024-04-27T10:00:00.000Z,trending|vlog|official,29018,1926,78,332,https://i.ytimg.com/vi/L_PKsf-JQdw/default.jpg,False,False,False,Auto-generated sample description for Comedy video.
VZi1T54oSlV,24.13.01,Reacting to Entertainment Trends,Channel_2138,18,2024-01-09T02:00:00.000Z,music|review|trending,45994,2163,279,138,https://i.ytimg.com/vi/tg0riNLZnwu/default.jpg,False,False,False,Auto-generated sample description for Entertainment video.
uDpJI4b7wSv,24.29.08,Official Entertainment Highlights,Channel_4004,18,2024-08-25T07:00:00.000Z,music|trending|live,2467,49,9,17,https://i.ytimg.com/vi/l4FORQ9ZC6n/default.jpg,False,False,False,Auto-generated sample description for Entertainment video.
uR6Iphpi_hy,24.25.03,Official Sports Highlights,Channel_4486,12,2024-03-21T02:00:00.000Z,trending|2024|review,55495,2422,144,461,https://i.ytimg.com/vi/OlAXwKA_Ge-/default.jpg,False,False,False,Auto-generated sample description for Sports video.
dPkk1amOg80,25.25.01,Top 10 Entertainment Moments This Week,Channel_2734,3,2025-01-22T07:00:00.000Z,vlog|2024|official,212327,12101,921,758,https://i.ytimg.com/vi/3jpJli1fdxx/default.jpg,False,False,False,Auto-generated sample description for Entertainment video.
bISU0B1FEwu,24.24.01,Reacting to Music Trends,Channel_4555,4,2024-01-21T01:00:00.000Z,official|review|live,70564,3471,310,388,https://i.ytimg.com/vi/UgQVcBOh8pq/default.jpg,False,False,False,Auto-generated sample description for Music video.
SvNKE7rEDUd,24.23.03,Official Entertainment Highlights,Channel_206,3,2024-03-22T19:00:00.000Z,review|vlog|2024,25443,1604,87,69,https://i.ytimg.com/vi/-eaKIjdvC2d/default.jpg,False,False,False,Auto-generated sample description for Entertainment video.
I27Z7Yf8VqF,25.22.01,Reacting to Music Trends,Channel_2961,4,2025-01-18T07:00:00.000Z,official|review|vlog,15671,1247,156,73,https://i.ytimg.com/vi/sUuqTY90Z9j/default.jpg,False,False,False,Auto-generated sample description for Music video.
pHL1IICMD_T,25.30.01,Official Gaming Highlights,Channel_2517,16,2025-01-29T08:00:00.000Z,trending|live|vlog,55072,701,447,517,https://i.ytimg.com/vi/1vnW7ZaDPIz/default.jpg,False,True,False,Auto-generated sample description for Gaming video.
9lpzTOkH-b5,24.07.04,Music Compilation 2024,Channel_2517,4,2024-04-07T05:00:00.000Z,live|review|official,24775,1627,17,318,https://i.ytimg.com/vi/eAtMgShyH8o/default.jpg,False,False,False,Auto-generated sample description for Music video.
CbgT4QHTWFs,24.20.02,Music Compilation 2024,Channel_310,4,2024-02-16T11:00:00.000Z,trending|music|live,43954,1374,292,388,https://i.ytimg.com/vi/mREYO58opTO/default.jpg,False,False,False,Auto-generated sample description for Music video.
f3MU6VcP4Mx,24.16.07,Reacting to Music Trends,Channel_1946,4,2024-07-14T17:00:00.000Z,live|review|official,16285,825,93,124,https://i.ytimg.com/vi/IS21wfD8JrT/default.jpg,False,False,False,Auto-generated sample description for Music video.
ageiEpjRRom,24.24.12,Official Education Highlights,Channel_309,2,2024-12-21T09:00:00.000Z,trending|2024|music,78539,4160,343,1452,https://i.ytimg.com/vi/lsptytqeDLK/default.jpg,False,False,False,Auto-generated sample description for Education video.
UQLJjVW9WMi,25.10.01,Behind the Scenes: Music,Channel_638,4,2025-01-10T15:00:00.000Z,2024|review|official,109564,5610,1030,225,https://i.ytimg.com/vi/AsI7hM2E0De/default.jpg,False,False,False,Auto-generated sample description for Music video.
tgLVOn4uU7Z,24.11.03,Entertainment Compilation 2024,Channel_4479,3,2024-03-09T12:00:00.000Z,official|live|music,4741,58,11,12,https://i.ytimg.com/vi/rQNhoMPJTKs/default.jpg,False,False,False,Auto-generated sample description for Entertainment video.
cgtwB56-08N,25.31.01,Official Music Highlights,Channel_1866,10,2025-01-30T21:00:00.000Z,2024|review|live,8425,524,5,150,https://i.ytimg.com/vi/n7J4i56n09E/default.jpg,False,False,False,Auto-generated sample description for Music video.
Hh66vEWYuXG,24.01.04,Entertainment Compilation 2024,Channel_2901,3,2024-03-31T13:00:00.000Z,vlog|music|review,44000,2723,224,870,https://i.ytimg.com/vi/K9Jp5yuOalu/default.jpg,False,False,False,Auto-generated sample description for Entertainment video.
Pznqprwl8dM,24.24.05,Reacting to Music Trends,Channel_3899,4,2024-05-22T21:00:00.000Z,trending|2024|music,46452,3168,303,669,https://i.ytimg.com/vi/ZCe2pS75gxi/default.jpg,False,False,False,Auto-generated sample description for Music video.
-XTttGUyh1F,24.14.05,Official Music Highlights,Channel_4693,10,2024-05-13T07:00:00.000Z,official|live|music,134744,3103,405,2139,https://i.ytimg.com/vi/30q9XEPs-hK/default.jpg,False,False,False,Auto-generated sample description for Music video.
EZYisBN2QBl,25.12.01,Music Compilation 2024,Channel_4072,4,2025-01-08T13:00:00.000Z,review|2024|vlog,17633,821,172,334,https://i.ytimg.com/vi/_HALBlRhwa-/default.jpg,False,False,False,Auto-generated sample description for Music video.
5liTcMx06ZU,24.05.06,Why This Music Video Went Viral,Channel_613,4,2024-06-04T05:00:00.000Z,music|trending|review,13489,322,122,222,https://i.ytimg.com/vi/cA9FbvQSCaH/default.jpg,False,False,False,Auto-generated sample description for Music video.
T0n1Ygjv6tp,24.17.03,Why This Howto & Style Video Went Viral,Channel_3536,19,2024-03-14T16:00:00.000Z,review|music|vlog,33971,2324,142,335,https://i.ytimg.com/vi/kum-jSQyKGX/default.jpg,False,False,False,Auto-generated sample description for Howto & Style video.
6kjOvQNfDSl,24.10.01,Entertainment Compilation 2024,Channel_2322,3,2024-01-09T13:00:00.000Z,vlog|2024|live,34842,1037,120,435,https://i.ytimg.com/vi/eBTgOSrSdat/default.jpg,False,False,False,Auto-generated sample description for Entertainment video.
blU8rLSNlbO,24.16.04,Entertainment Compilation 2024,Channel_3126,18,2024-04-15T01:00:00.000Z,trending|official|music,35356,2388,205,222,https://i.ytimg.com/vi/9yX5aWZxJHU/default.jpg,False,False,False,Auto-generated sample description for Entertainment video.
6s0G8CvsuGK,24.23.12,Why This Entertainment Video Went Viral,Channel_2176,18,2024-12-23T09:00:00.000Z,official|live|review,53222,2874,462,107,https://i.ytimg.com/vi/SucGDZ_nrBo/default.jpg,False,False,False,Auto-generated sample description for Entertainment video.
Znse5dVbpBC,24.08.07,Behind the Scenes: Science & Technology,Channel_3883,20,2024-07-06T16:00:00.000Z,vlog|official|review,56782,568,347,327,https://i.ytimg.com/vi/L080NfOwHf8/default.jpg,False,False,False,Auto-generated sample description for Science & Technology video.
FT5ixtSmBID,24.04.10,Why This Entertainment Video Went Viral,Channel_3713,18,2024-10-02T18:00:00.000Z,trending|live|vlog,22657,1555,55,331,https://i.ytimg.com/vi/GE-XUxHVDdQ/default.jpg,False,False,False,Auto-generated sample description for Entertainment video.
BEgAY9AjhHd,24.14.12,Top 10 Entertainment Moments This Week,Channel_2018,18,2024-12-11T14:00:00.000Z,official|live|trending,51677,954,289,737,https://i.ytimg.com/vi/RZjJ63DQ78P/default.jpg,False,False,False,Auto-generated sample description for Entertainment video.
IvIGzhqtbTU,24.20.04,Reacting to Music Trends,Channel_473,4,2024-04-17T08:00:00.000Z,music|2024|live,190936,7406,1063,2604,https://i.ytimg.com/vi/0u4FXHtACND/default.jpg,False,False,False,Auto-generated sample description for Music video.
pGhMzgeIEbC,24.09.03,Reacting to Entertainment Trends,Channel_2041,3,2024-03-05T22:00:00.000Z,music|review|live,29939,2203,176,420,https://i.ytimg.com/vi/WzZilfBuPlp/default.jpg,False,False,False,Auto-generated sample description for Entertainment video.
2kdrs6_vUmn,24.24.01,Top 10 Music Moments This Week,Channel_1828,10,2024-01-23T06:00:00.000Z,2024|official|vlog,131618,3249,744,319,https://i.ytimg.com/vi/1WFb64VBSZx/default.jpg,False,False,False,Auto-generated sample description for Music video.
VL4HKUD7g52,24.25.05,Reacting to Music Trends,Channel_1560,10,2024-05-23T22:00:00.000Z,official|vlog|2024,21921,1366,159,336,https://i.ytimg.com/vi/DnUReaOjD4y/default.jpg,False,False,False,Auto-generated sample description for Music video.
QKKe-O_qiEo,24.16.04,Top 10 Pets & Animals Moments This Week,Channel_391,14,2024-04-16T13:00:00.000Z,music|vlog|live,568,32,3,7,https://i.ytimg.com/vi/1q1lPxk93TV/default.jpg,False,False,False,"Auto-generated sample description for Pets & Animals video.
Second line inside a quoted CSV field."
uGBfXqbbL7s,25.31.01,Behind the Scenes: Entertainment,Channel_1445,3,2025-01-29T01:00:00.000Z,vlog|2024|music,10678,558,72,125,https://i.ytimg.com/vi/BvhLtTzbMbZ/default.jpg,False,False,False,Auto-generated sample description for Entertainment video.
75PhpXveOku,24.14.07,Music Compilation 2024,Channel_2754,4,2024-07-12T18:00:00.000Z,2024|vlog|trending,131847,6876,970,2585,https://i.ytimg.com/vi/XoFhSe4qqcB/default.jpg,False,False,False,Auto-generated sample description for Music video.
BNLLSS2TXfH,24.03.10,Reacting to Sports Trends,Channel_4589,12,2024-10-01T15:00:00.000Z,2024|review|trending,1424,64,6,27,https://i.ytimg.com/vi/qnG99VDxDWW/default.jpg,False,False,False,Auto-generated sample description for Sports video.
L0p-wreYUyv,24.16.11,Music Compilation 2024,Channel_2888,10,2024-11-14T00:00:00.000Z,vlog|official|trending,405091,14217,394,6049,https://i.ytimg.com/vi/VNbLuVgFhF3/default.jpg,False,False,False,Auto-generated sample description for Music video.
fvyG0TdHcLb,24.19.07,Top 10 Music Moments This Week,Channel_2022,4,2024-07-18T12:00:00.000Z,music|review|2024,29784,519,116,83,https://i.ytimg.com/vi/dwD3jh3u6as/default.jpg,False,False,False,Auto-generated sample description for Music video.
RnaJ-0_xGKG,24.28.03,Why This Entertainment Video Went Viral,Channel_4193,3,2024-03-26T16:00:00.000Z,trending|official|2024,7424,287,11,119,https://i.ytimg.com/vi/bZ7haAJ6-So/default.jpg,False,False,False,Auto-generated sample description for Entertainment video.
yTdO7JIExGc,25.02.02,Behind the Scenes: Entertainment,Channel_1975,18,2025-01-30T12:00:00.000Z,review|vlog|trending,180155,3055,1505,858,https://i.ytimg.com/vi/SDF-mRET7Fh/default.jpg,False,False,False,Auto-generated sample description for Entertainment video.
ZbVo2D24TK3,24.22.12,Entertainment Compilation 2024,Channel_314,18,2024-12-19T04:00:00.000Z,2024|review|vlog,5664,452,15,46,https://i.ytimg.com/vi/-64ztOwoRQk/default.jpg,False,False,False,Auto-generated sample description for Entertainment video.
7jly-kgTMXx,24.16.08,Top 10 Entertainment Moments This Week,Channel_1266,3,2024-08-15T15:00:00.000Z,music|review|live,54753,4348,443,102,https://i.ytimg.com/vi/FXB636ET0b2/default.jpg,False,False,False,Auto-generated sample description for Entertainment video.
LTvGeGNG4kh,24.02.11,Gaming Compilation 2024,Channel_2536,16,2024-10-30T06:00:00.000Z,trending|2024|live,3460,255,22,35,https://i.ytimg.com/vi/5aB0hRTuBqC/default.jpg,False,False,False,Auto-generated sample description for Gaming video.
aXcEIgsiVBw,24.25.01,Entertainment Compilation 2024,Channel_1120,3,2024-01-21T14:00:00.000Z,vlog|live|2024,49609,2617,255,426,https://i.ytimg.com/vi/fl346n9DuIx/default.jpg,False,False,False,Auto-generated sample description for Entertainment video.
Zh9_-HzXfjT,24.30.12,Comedy Compilation 2024,Channel_2508,7,2024-12-26T21:00:00.000Z,trending|live|music,153,8,1,1,https://i.ytimg.com/vi/mmvfIk--w7v/default.jpg,False,False,False,Auto-generated sample description for Comedy video.
Iv2vA81Q7M9,24.21.01,Official Science & Technology Highlights,Channel_3024,9,2024-01-17T19:00:00.000Z,review|trending|vlog,3841,76,16,41,https://i.ytimg.com/vi/R2jSyEpdS3C/default.jpg,False,False,False,Auto-generated sample description for Science & Technology video.
BiR7dr69Pr5,24.27.06,Reacting to Comedy Trends,Channel_4325,7,2024-06-23T04:00:00.000Z,official|trending|vlog,17279,874,72,338,https://i.ytimg.com/vi/Fs93dbRkx9X/default.jpg,False,False,False,Auto-generated sample description for Comedy video.
Sjq3ODopPSA,24.18.12,Behind the Scenes: Music,Channel_1919,4,2024-12-16T12:00:00.000Z,live|vlog|2024,167700,5518,973,1997,https://i.ytimg.com/vi/Pi1rUViU7LR/default.jpg,False,False,False,Auto-generated sample description for Music video.
o3htEwx4Ewy,24.05.02,Science & Technology Compilation 2024,Channel_2121,9,2024-02-02T06:00:00.000Z,trending|live|music,132213,10321,131,1734,https://i.ytimg.com/vi/EU6uXqp93wR/default.jpg,False,False,False,Auto-generated sample description for Science & Technology video.
TiH1nPldBRs,24.22.07,Behind the Scenes: Education,Channel_4051,13,2024-07-20T04:00:00.000Z,music|official|vlog,2662,181,15,42,https://i.ytimg.com/vi/PIqXEypMRNa/default.jpg,False,False,False,Auto-generated sample description for Education video.
_VLMiumOrxh,24.15.07,Why This Music Video Went Viral,Channel_2623,4,2024-07-13T13:00:00.000Z,2024|review|official,139525,6726,753,780,https://i.ytimg.com/vi/34jNjFF23xI/default.jpg,False,False,False,Auto-generated sample description for Music video.
2akgHZK6GQ3,24.13.07,Top 10 Music Moments This Week,Channel_3589,10,2024-07-09T08:00:00.000Z,official|music|trending,570951,43830,4638,2656,https://i.ytimg.com/vi/L8Nc6ks2KIN/default.jpg,False,False,False,Auto-generated sample description for Music video.
FgYvR4aU6ci,25.07.01,Top 10 Music Moments This Week,Channel_4648,4,2025-01-07T10:00:00.000Z,2024|official|live,20105,1114,38,84,https://i.ytimg.com/vi/vas8-w5ysWE/default.jpg,False,False,False,Auto-generated sample description for Music video.
