video_id,trending_date,title,channel_title,category_id,publish_time,tags,views,likes,dislikes,comment_count,thumbnail_link,comments_disabled,ratings_disabled,video_error_or_removed,description
XynLGe3RsaN,24.11.11,People & Blogs Compilation 2024,Channel_4926,9,2024-11-08T16:00:00.000Z,official|2024|live,3347,64,26,53,https://i.ytimg.com/vi/Bngu6xvtJct/default.jpg,False,False,False,Auto-generated sample description for People & Blogs video.
6g5vvSadneF,24.09.08,Top 10 Comedy Moments This Week,Channel_1766,16,2024-08-05T09:00:00.000Z,live|2024|review,1152,14,11,17,https://i.ytimg.com/vi/d7nYyYqu4gr/default.jpg,False,True,False,Auto-generated sample description for Comedy video.
o1F2K4rcKrI,24.05.07,Official Entertainment Highlights,Channel_2775,2,2024-07-05T02:00:00.000Z,2024|review|live,8074,514,14,92,https://i.ytimg.com/vi/E61m3q8sVuc/default.jpg,False,False,False,Auto-generated sample description for Entertainment video.
Su_9nMQ81Mz,24.26.08,Reacting to Howto & Style Trends,Channel_1919,4,2024-08-25T16:00:00.000Z,trending|live|official,102395,3353,279,1022,https://i.ytimg.com/vi/NFs3bYqTuIo/default.jpg,False,False,False,Auto-generated sample description for Howto & Style video.
3WRnWRdv9u9,24.29.12,Behind the Scenes: Entertainment,Channel_3637,2,2024-12-26T19:00:00.000Z,music|live|trending,25862,1359,185,495,https://i.ytimg.com/vi/VMWDej2ffUu/default.jpg,False,False,False,Auto-generated sample description for Entertainment video.
kluzlMNWVRd,24.17.08,Reacting to Science & Technology Trends,Channel_1487,5,2024-08-14T16:00:00.000Z,review|vlog|live,3491,70,24,41,https://i.ytimg.com/vi/5Lp7PYN_Sa_/default.jpg,False,False,False,Auto-generated sample description for Science & Technology video.
17BwzY4BeYR,24.29.08,Behind the Scenes: Sports,Channel_931,27,2024-08-26T20:00:00.000Z,2024|live|trending,6074,449,53,17,https://i.ytimg.com/vi/0DDZPft5m-j/default.jpg,False,False,False,Auto-generated sample description for Sports video.
ODEhB_pKf13,24.25.06,Behind the Scenes: Travel & Events,Channel_4607,6,2024-06-21T17:00:00.000Z,trending|2024|official,5301,391,41,70,https://i.ytimg.com/vi/PVKyPQo9JnQ/default.jpg,False,False,False,Auto-generated sample description for Travel & Events video.
IS44Ij9h5Ik,24.05.12,Why This Film & Animation Video Went Viral,Channel_2998,22,2024-12-05T19:00:00.000Z,official|review|live,29359,1725,209,98,https://i.ytimg.com/vi/jM4GsvX4US3/default.jpg,False,False,False,Auto-generated sample description for Film & Animation video.
0c0UPc4OtIV,24.03.10,Official Music Highlights,Channel_3,1,2024-10-01T20:00:00.000Z,trending|official|review,166198,4401,448,492,https://i.ytimg.com/vi/u5uOWu-WSgm/default.jpg,False,False,False,Auto-generated sample description for Music video.
v2D_DAVEKUa,24.13.08,Reacting to News & Politics Trends,Channel_2800,21,2024-08-09T22:00:00.000Z,2024|music|official,10916,253,22,49,https://i.ytimg.com/vi/wze7xfmc62V/default.jpg,False,False,False,Auto-generated sample description for News & Politics video.
QsBf0LKbWRC,24.27.03,Official People & Blogs Highlights,Channel_603,9,2024-03-25T21:00:00.000Z,official|review|live,1951,47,13,27,https://i.ytimg.com/vi/m8l0vHRYlb_/default.jpg,False,False,False,Auto-generated sample description for People & Blogs video.
CRSzVXzv68v,25.02.01,Official Entertainment Highlights,Channel_1001,2,2025-01-02T21:00:00.000Z,2024|trending|live,60176,4067,244,868,https://i.ytimg.com/vi/nU8MLChwvWw/default.jpg,False,False,False,Auto-generated sample description for Entertainment video.
N2qo6s2NQJh,24.24.11,Official People & Blogs Highlights,Channel_1016,15,2024-11-24T02:00:00.000Z,2024|review|live,77183,4598,41,1036,https://i.ytimg.com/vi/oL0DxxmBY74/default.jpg,False,False,False,Auto-generated sample description for People & Blogs video.
tKvgqOTL4WS,24.08.10,Why This Entertainment Video Went Viral,Channel_3424,2,2024-10-07T06:00:00.000Z,official|2024|trending,46842,3705,261,914,https://i.ytimg.com/vi/uDOHcwClIb4/default.jpg,False,False,False,Auto-generated sample description for Entertainment video.
ldi9KRqtS9-,24.05.08,Behind the Scenes: Film & Animation,Channel_3674,22,2024-08-01T21:00:00.000Z,trending|2024|live,3564,118,9,29,https://i.ytimg.com/vi/wvTSCqKwRed/default.jpg,False,False,False,Auto-generated sample description for Film & Animation video.
P2lo4zHrusU,24.17.08,Official News & Politics Highlights,Channel_1084,21,2024-08-16T14:00:00.000Z,music|live|review,918,24,4,2,https://i.ytimg.com/vi/5dpj89gdtgZ/default.jpg,False,False,False,Auto-generated sample description for News & Politics video.
SnQVqAEMf2Y,24.02.10,Why This Entertainment Video Went Viral,Channel_22,2,2024-10-02T12:00:00.000Z,music|trending|official,387790,30676,339,5725,https://i.ytimg.com/vi/Tf7VPfiAz_v/default.jpg,False,False,False,Auto-generated sample description for Entertainment video.
XaR5D7MiGZ3,24.21.02,Why This Howto & Style Video Went Viral,Channel_3313,4,2024-02-18T10:00:00.000Z,music|vlog|official,1450,76,10,20,https://i.ytimg.com/vi/nKetrIbQ1SL/default.jpg,False,False,False,Auto-generated sample description for Howto & Style video.
2WiNBVLHx13,24.07.12,Top 10 Music Moments This Week,Channel_3422,1,2024-12-04T19:00:00.000Z,trending|vlog|official,64778,3964,263,1047,https://i.ytimg.com/vi/4DRCq0ZdxhG/default.jpg,True,False,False,Auto-generated sample description for Music video.
dnTNAC8Actq,24.29.11,Top 10 Music Moments This Week,Channel_1993,1,2024-11-28T06:00:00.000Z,music|trending|2024,43041,3005,176,829,https://i.ytimg.com/vi/krBoERylkYX/default.jpg,False,False,False,Auto-generated sample description for Music video.
Gh8L5E0jLC5,24.13.12,Reacting to Entertainment Trends,Channel_4594,2,2024-12-12T08:00:00.000Z,2024|official|music,30375,840,38,61,https://i.ytimg.com/vi/IaEwyHwlOQ_/default.jpg,False,False,False,Auto-generated sample description for Entertainment video.
9gKYXyCfGTY,24.16.07,Official Autos & Vehicles Highlights,Channel_3594,13,2024-07-15T15:00:00.000Z,live|vlog|official,12256,631,54,40,https://i.ytimg.com/vi/ColS7RhcMcm/default.jpg,False,False,False,Auto-generated sample description for Autos & Vehicles video.
NdqkPiPhN7Y,24.23.06,News & Politics Compilation 2024,Channel_3254,19,2024-06-23T20:00:00.000Z,trending|vlog|live,30791,1821,205,100,https://i.ytimg.com/vi/if7PpmWf1zb/default.jpg,False,False,False,Auto-generated sample description for News & Politics video.
9TuzIHlLfKD,24.20.10,Official Sports Highlights,Channel_114,27,2024-10-17T04:00:00.000Z,live|review|official,13697,565,85,90,https://i.ytimg.com/vi/Upl3uUKr6jD/default.jpg,False,False,False,Auto-generated sample description for Sports video.
mRifX2hDRQt,24.03.12,Why This Howto & Style Video Went Viral,Channel_695,4,2024-12-03T08:00:00.000Z,official|review|trending,13975,308,8,242,https://i.ytimg.com/vi/tHLIUoELWxk/default.jpg,False,False,False,Auto-generated sample description for Howto & Style video.
L23pNZ-Wg5-,24.15.04,Music Compilation 2024,Channel_1049,1,2024-04-12T21:00:00.000Z,live|music|trending,21997,483,42,101,https://i.ytimg.com/vi/YZ8OjXOdOCJ/default.jpg,True,False,False,Auto-generated sample description for Music video.
Fg8EioR25Dw,24.11.03,Top 10 Comedy Moments This Week,Channel_379,16,2024-03-10T03:00:00.000Z,vlog|official|music,38402,2437,301,203,https://i.ytimg.com/vi/beSxSz6p-aj/default.jpg,False,False,False,Auto-generated sample description for Comedy video.
pX-nxkma4mE,24.14.05,Why This Music Video Went Viral,Channel_718,1,2024-05-11T14:00:00.000Z,vlog|review|music,28816,1177,69,445,https://i.ytimg.com/vi/pioS1t21fzP/default.jpg,False,False,False,Auto-generated sample description for Music video.
hCXPBcg3h5L,24.05.01,Top 10 People & Blogs Moments This Week,Channel_3505,15,2024-01-04T03:00:00.000Z,music|2024|trending,30836,1334,132,170,https://i.ytimg.com/vi/8iXQKmeJ_42/default.jpg,False,False,False,Auto-generated sample description for People & Blogs video.
ulEsLU_Vxlp,24.31.05,Top 10 Travel & Events Moments This Week,Channel_2488,6,2024-05-29T15:00:00.000Z,live|vlog|trending,4886,319,23,80,https://i.ytimg.com/vi/jSHtshkfJH4/default.jpg,False,False,False,Auto-generated sample description for Travel & Events video.
2rfNyiK-vmd,24.14.06,Reacting to Entertainment Trends,Channel_3838,2,2024-06-11T07:00:00.000Z,official|trending|live,66222,2804,641,226,https://i.ytimg.com/vi/JD_46z3DxjB/default.jpg,False,True,False,Auto-generated sample description for Entertainment video.
fJMA_5cVJUe,24.13.06,Reacting to Entertainment Trends,Channel_774,2,2024-06-11T06:00:00.000Z,live|review|music,113074,4717,340,713,https://i.ytimg.com/vi/4FPuMBlOcAo/default.jpg,False,False,False,Auto-generated sample description for Entertainment video.
a3OujeBgg1M,24.25.04,Official Entertainment Highlights,Channel_2100,2,2024-04-25T18:00:00.000Z,2024|live|music,127556,9466,605,449,https://i.ytimg.com/vi/8vRr9K5kRDE/default.jpg,False,False,False,Auto-generated sample description for Entertainment video.
eLHOTS6S4lg,24.27.05,Why This Music Video Went Viral,Channel_297,1,2024-05-23T04:00:00.000Z,live|2024|official,53129,4059,27,1032,https://i.ytimg.com/vi/Xdv-_ZdN-vo/default.jpg,False,False,False,Auto-generated sample description for Music video.
rO9zD823QZd,24.29.06,Top 10 Sports Moments This Week,Channel_3659,17,2024-06-29T16:00:00.000Z,trending|music|vlog,55230,960,377,865,https://i.ytimg.com/vi/sU3qPQaJsCZ/default.jpg,False,False,False,Auto-generated sample description for Sports video.
PDqKkDELHqc,25.04.01,Why This Entertainment Video Went Viral,Channel_3786,2,2025-01-02T06:00:00.000Z,2024|live|vlog,16212,410,159,63,https://i.ytimg.com/vi/L52fwcjnB5H/default.jpg,False,False,False,Auto-generated sample description for Entertainment video.
VF-Z3nlFAxk,24.09.07,Why This Sports Video Went Viral,Channel_1939,17,2024-07-09T07:00:00.000Z,official|2024|music,6908,151,16,37,https://i.ytimg.com/vi/5wmZLise5aZ/default.jpg,False,False,False,Auto-generated sample description for Sports video.
NMh0e1Jga2r,24.22.04,Top 10 People & Blogs Moments This Week,Channel_4114,15,2024-04-20T06:00:00.000Z,2024|trending|music,13556,920,73,257,https://i.ytimg.com/vi/rB4HrSrDOgR/default.jpg,False,False,False,Auto-generated sample description for People & Blogs video.
6AT6NY96ikW,24.01.03,Official Entertainment Highlights,Channel_4801,2,2024-02-26T20:00:00.000Z,music|trending|live,301711,9696,1184,3808,https://i.ytimg.com/vi/Qu9ffC_QkNX/default.jpg,False,False,False,Auto-generated sample description for Entertainment video.
BMzVMUQbyKG,24.17.08,Behind the Scenes: Entertainment,Channel_1046,2,2024-08-13T06:00:00.000Z,2024|music|review,50975,2011,363,228,https://i.ytimg.com/vi/KWk8KHbUzJz/default.jpg,False,False,False,Auto-generated sample description for Entertainment video.
eaHimAy1G4M,24.08.04,Official Sports Highlights,Channel_915,26,2024-04-04T14:00:00.000Z,trending|review|vlog,80063,3636,620,1264,https://i.ytimg.com/vi/KHEJNs5jceq/default.jpg,False,False,False,Auto-generated sample description for Sports video.
iJ3VsnQWBdZ,24.03.03,Behind the Scenes: Howto & Style,Channel_755,4,2024-03-02T04:00:00.000Z,review|2024|official,15786,280,138,283,https://i.ytimg.com/vi/BO1Wbgs8RPk/default.jpg,False,False,False,Auto-generated sample description for Howto & Style video.
5CKYJqiGDAa,24.09.01,Top 10 Music Moments This Week,Channel_1135,1,2024-01-09T09:00:00.000Z,trending|music|live,2747,211,11,51,https://i.ytimg.com/vi/J7a4t0LToMv/default.jpg,False,False,False,Auto-generated sample description for Music video.
qOOJkLLxYHp,24.24.12,Comedy Compilation 2024,Channel_2481,16,2024-12-22T11:00:00.000Z,2024|official|live,818,19,7,12,https://i.ytimg.com/vi/-2HIZ4wd8zR/default.jpg,False,False,False,Auto-generated sample description for Comedy video.
vEzMwcjj4gW,24.10.07,Behind the Scenes: Entertainment,Channel_4765,2,2024-07-08T02:00:00.000Z,2024|official|review,32231,603,218,188,https://i.ytimg.com/vi/0JvUyEwkS09/default.jpg,False,False,False,Auto-generated sample description for Entertainment video.
I2zmeySLjLH,24.10.09,Why This Autos & Vehicles Video Went Viral,Channel_4013,7,2024-09-07T00:00:00.000Z,music|review|2024,70433,1563,133,224,https://i.ytimg.com/vi/KVZx4V-VBf0/default.jpg,False,False,False,Auto-generated sample description for Autos & Vehicles video.
UGM2LenSkdE,24.01.05,Top 10 Music Moments This Week,Channel_115,1,2024-04-29T17:00:00.000Z,vlog|official|music,15695,376,78,61,https://i.ytimg.com/vi/CVx1BkGIMPp/default.jpg,False,False,False,Auto-generated sample description for Music video.
uC1_Oy7JNQT,24.18.05,Behind the Scenes: Music,Channel_2971,1,2024-05-16T08:00:00.000Z,2024|review|music,9583,725,24,156,https://i.ytimg.com/vi/AI-NmjmeuUW/default.jpg,False,False,False,
p7UOSaum_CG,24.29.11,Behind the Scenes: People & Blogs,Channel_636,15,2024-11-26T21:00:00.000Z,vlog|trending|live,9852,743,89,90,https://i.ytimg.com/vi/l9Yuunp_AeX/default.jpg,False,False,False,Auto-generated sample description for People & Blogs video.
H69PaNvvO5f,24.27.03,Science & Technology Compilation 2024,Channel_1398,5,2024-03-23T08:00:00.000Z,review|music|official,2807,138,19,9,https://i.ytimg.com/vi/xY5Dfh7lnxa/default.jpg,False,False,False,Auto-generated sample description for Science & Technology video.
Umff469kYN2,25.02.02,Top 10 Entertainment Moments This Week,Channel_4287,2,2025-01-31T08:00:00.000Z,official|live|2024,90920,1728,445,646,https://i.ytimg.com/vi/gi8G1tejpQj/default.jpg,False,False,False,Auto-generated sample description for Entertainment video.
0J4f_XpkgsT,24.26.05,Reacting to Sports Trends,Channel_3903,26,2024-05-24T17:00:00.000Z,official|review|music,3356,242,30,53,https://i.ytimg.com/vi/GHhk4vNoDQy/default.jpg,False,False,False,Auto-generated sample description for Sports video.
A3Bv-2LVVSn,24.26.12,Behind the Scenes: Entertainment,Channel_3330,2,2024-12-25T16:00:00.000Z,2024|trending|live,1148438,54179,10006,2043,https://i.ytimg.com/vi/YDnrG28x7gO/default.jpg,False,False,False,Auto-generated sample description for Entertainment video.
GVDAQoegWn3,24.13.03,Reacting to People & Blogs Trends,Channel_1017,15,2024-03-13T10:00:00.000Z,2024|vlog|official,15496,623,71,13,https://i.ytimg.com/vi/WbuiJIOgEp0/default.jpg,False,False,False,Auto-generated sample description for People & Blogs video.
gwz0CZsu51W,24.20.09,Official Film & Animation Highlights,Channel_4449,22,2024-09-16T08:00:00.000Z,review|official|2024,10825,811,63,196,https://i.ytimg.com/vi/DASbpRc-aPd/default.jpg,False,False,False,Auto-generated sample description for Film & Animation video.
HsKnJ5bOcFJ,24.21.01,Top 10 Travel & Events Moments This Week,Channel_4672,6,2024-01-17T01:00:00.000Z,official|trending|live,4608,215,6,20,https://i.ytimg.com/vi/Oq8-aXiAZUa/default.jpg,False,False,False,Auto-generated sample description for Travel & Events video.
7FszJS60GBo,24.13.05,Official News & Politics Highlights,Channel_2600,19,2024-05-12T12:00:00.000Z,music|trending|vlog,4899,125,13,49,https://i.ytimg.com/vi/N7dwhi6YCGK/default.jpg,False,False,False,Auto-generated sample description for News & Politics video.
NYuk3wnyffP,24.02.08,Reacting to Autos & Vehicles Trends,Channel_3511,13,2024-07-31T09:00:00.000Z,music|review|trending,13417,994,65,235,https://i.ytimg.com/vi/A7j5llCWD--/default.jpg,False,False,False,Auto-generated sample description for Autos & Vehicles video.
jK-SBbedF4c,24.27.09,Entertainment Compilation 2024,Channel_3819,2,2024-09-25T09:00:00.000Z,vlog|live|music,236821,18920,184,2505,https://i.ytimg.com/vi/QFsaIKbTKTw/default.jpg,False,False,False,Auto-generated sample description for Entertainment video.
gmlIi837qh3,24.29.09,Why This Sports Video Went Viral,Channel_3889,26,2024-09-29T20:00:00.000Z,live|2024|music,6569,194,26,55,https://i.ytimg.com/vi/C-zoagzAtzp/default.jpg,False,False,False,Auto-generated sample description for Sports video.
qUbM_d1Ytk0,25.19.01,Reacting to Entertainment Trends,Channel_2636,2,2025-01-16T11:00:00.000Z,music|trending|live,10487,396,101,149,https://i.ytimg.com/vi/O0xs1T4Sl2U/default.jpg,False,False,False,Auto-generated sample description for Entertainment video.
qgwMV2uBahv,25.19.01,Official Travel & Events Highlights,Channel_4150,6,2025-01-19T00:00:00.000Z,official|vlog|review,93728,1177,870,917,https://i.ytimg.com/vi/tAsRQidgNgy/default.jpg,False,False,False,Auto-generated sample description for Travel & Events video.
5jurZQsgMpx,24.25.02,Comedy Compilation 2024,Channel_3994,16,2024-02-23T03:00:00.000Z,review|trending|live,46208,643,81,323,https://i.ytimg.com/vi/FGRS3Ok4zRt/default.jpg,False,False,False,Auto-generated sample description for Comedy video.
4TY60NBBPGR,24.11.05,Reacting to People & Blogs Trends,Channel_4999,15,2024-05-08T04:00:00.000Z,vlog|trending|official,11449,150,68,135,https://i.ytimg.com/vi/3ASVPtuuALx/default.jpg,False,False,False,Auto-generated sample description for People & Blogs video.
OF1z7kuWy1v,24.10.11,Why This People & Blogs Video Went Viral,Channel_2844,9,2024-11-08T15:00:00.000Z,music|live|trending,18044,539,96,43,https://i.ytimg.com/vi/vQkgPjPnRBa/default.jpg,False,False,False,Auto-generated sample description for People & Blogs video.
SWAD7xCWKNX,24.04.07,Behind the Scenes: Sports,Channel_3788,17,2024-06-30T04:00:00.000Z,music|live|2024,4238,325,24,37,https://i.ytimg.com/vi/Ir9gGkgduts/default.jpg,False,False,False,Auto-generated sample description for Sports video.
R_aF_dUND3n,24.03.03,Reacting to Sports Trends,Channel_4358,17,2024-02-28T15:00:00.000Z,2024|official|review,5683,213,53,63,https://i.ytimg.com/vi/SaCEK2F6hjB/default.jpg,False,False,False,Auto-generated sample description for Sports video.
kTOF-weSa4T,24.10.06,Official Science & Technology Highlights,Channel_1935,11,2024-06-10T12:00:00.000Z,official|review|live,1739,63,14,17,https://i.ytimg.com/vi/uJ9E8QJywtk/default.jpg,False,False,False,Auto-generated sample description for Science & Technology video.
M1aFLRv7yYx,24.27.11,Reacting to People & Blogs Trends,Channel_1178,9,2024-11-27T20:00:00.000Z,2024|vlog|review,14858,751,23,126,https://i.ytimg.com/vi/Gd6_A4MkM24/default.jpg,False,False,False,Auto-generated sample description for People & Blogs video.
i528ggOaVWw,24.07.02,Music Compilation 2024,Channel_3850,1,2024-02-04T16:00:00.000Z,official|trending|vlog,20613,880,40,311,https://i.ytimg.com/vi/qEY4so0QZ6l/default.jpg,True,False,False,Auto-generated sample description for Music video.
NaA9nTIc0J0,24.18.06,Behind the Scenes: Sports,Channel_920,17,2024-06-16T14:00:00.000Z,music|vlog|trending,13291,898,62,140,https://i.ytimg.com/vi/GuLjH11rfKB/default.jpg,False,False,False,Auto-generated sample description for Sports video.
7-EiGBnqkqP,24.27.02,Why This Sports Video Went Viral,Channel_148,27,2024-02-23T12:00:00.000Z,music|vlog|review,6751,267,39,108,https://i.ytimg.com/vi/4l7D9xBsklm/default.jpg,False,False,False,Auto-generated sample description for Sports video.
B8-XWOnX8Gf,24.09.10,Reacting to Entertainment Trends,Channel_475,2,2024-10-05T10:00:00.000Z,trending|official|review,24556,363,210,113,https://i.ytimg.com/vi/OhCyW4aI59-/default.jpg,False,False,False,Auto-generated sample description for Entertainment video.
wUXn1JcRGpA,24.11.03,Official Music Highlights,Channel_2220,1,2024-03-08T01:00:00.000Z,trending|music|live,36151,2390,224,116,https://i.ytimg.com/vi/PUyZsLVAMlV/default.jpg,False,False,False,Auto-generated sample description for Music video.
Jz7RNU9gyNx,24.31.03,Why This Sports Video Went Viral,Channel_2981,27,2024-03-28T17:00:00.000Z,live|music|review,38157,931,330,282,https://i.ytimg.com/vi/d134Fegnm1b/default.jpg,False,False,False,Auto-generated sample description for Sports video.
7Zba2zwwXd1,24.04.11,Reacting to Travel & Events Trends,Channel_310,3,2024-11-02T12:00:00.000Z,2024|trending|official,1539,105,2,6,https://i.ytimg.com/vi/dOoId-S0GD-/default.jpg,False,True,False,Auto-generated sample description for Travel & Events video.
Q4vBMhdp1K-,24.09.09,Behind the Scenes: Sports,Channel_2752,17,2024-09-05T07:00:00.000Z,live|trending|official,20253,329,93,398,https://i.ytimg.com/vi/kXuj49woITq/default.jpg,False,False,False,Auto-generated sample description for Sports video.
FawibIwXzUT,24.26.08,Official Autos & Vehicles Highlights,Channel_149,8,2024-08-23T07:00:00.000Z,live|trending|review,41032,1380,105,175,https://i.ytimg.com/vi/DPUzwsGNMmA/default.jpg,False,False,False,Auto-generated sample description for Autos & Vehicles video.
GeVOUrL0Oa6,24.21.09,Official Autos & Vehicles Highlights,Channel_320,13,2024-09-20T22:00:00.000Z,music|trending|vlog,423232,22275,1212,4180,https://i.ytimg.com/vi/sCrksnw8S1N/default.jpg,False,False,True,Auto-generated sample description for Autos & Vehicles video.
TK5UyQi0eW7,24.16.02,Reacting to Entertainment Trends,Channel_1802,2,2024-02-13T05:00:00.000Z,review|2024|trending,40083,2099,307,498,https://i.ytimg.com/vi/WssJB86iG4p/default.jpg,False,False,False,Auto-generated sample description for Entertainment video.
W28gKfLcmXQ,24.23.10,Top 10 Howto & Style Moments This Week,Channel_221,20,2024-10-21T14:00:00.000Z,2024|review|official,164,8,0,0,https://i.ytimg.com/vi/7AaxEuorNNV/default.jpg,False,False,False,Auto-generated sample description for Howto & Style video.
je4tHgXhXlp,24.21.01,Reacting to People & Blogs Trends,Channel_1191,9,2024-01-21T06:00:00.000Z,official|music|2024,15369,820,121,146,https://i.ytimg.com/vi/DTdPgEm_Wre/default.jpg,True,False,False,Auto-generated sample description for People & Blogs video.
Ww8MSruXcS9,25.05.01,Official People & Blogs Highlights,Channel_4482,9,2025-01-03T19:00:00.000Z,vlog|trending|live,47757,884,42,785,https://i.ytimg.com/vi/Bc9-a2ejF7t/default.jpg,False,False,False,Auto-generated sample description for People & Blogs video.
qO3_RkQ-B-8,24.21.11,Why This Autos & Vehicles Video Went Viral,Channel_2362,13,2024-11-19T19:00:00.000Z,trending|vlog|music,90019,1406,378,367,https://i.ytimg.com/vi/ayUJREpNtrt/default.jpg,False,False,False,Auto-generated sample description for Autos & Vehicles video.
aMKZ__7y1Bc,25.06.01,Why This Sports Video Went Viral,Channel_670,26,2025-01-05T06:00:00.000Z,review|trending|music,3180,187,20,37,https://i.ytimg.com/vi/R3O-OYwphIx/default.jpg,False,False,False,Auto-generated sample description for Sports video.
WwNi159uwfJ,24.17.03,Top 10 Film & Animation Moments This Week,Channel_3612,22,2024-03-16T12:00:00.000Z,live|official|2024,3491,88,17,57,https://i.ytimg.com/vi/HXnIOrpvylf/default.jpg,False,False,False,Auto-generated sample description for Film & Animation video.
WdM8YpxlfRv,24.01.11,Top 10 Music Moments This Week,Channel_4845,1,2024-11-01T15:00:00.000Z,2024|music|live,146851,8027,149,539,https://i.ytimg.com/vi/7uKQAjgeM9P/default.jpg,False,False,False,Auto-generated sample description for Music video.
ya9eIvZUla5,24.03.08,Reacting to Entertainment Trends,Channel_102,2,2024-07-31T03:00:00.000Z,official|vlog|review,274916,7983,1368,276,https://i.ytimg.com/vi/_xj9YmSETmh/default.jpg,False,False,False,Auto-generated sample description for Entertainment video.
vZ2AIm4bxC9,25.19.01,Music Compilation 2024,Channel_4757,1,2025-01-16T14:00:00.000Z,trending|official|review,158229,10301,1026,2885,https://i.ytimg.com/vi/353an9DwdvV/default.jpg,False,False,False,Auto-generated sample description for Music video.
4IgD3yfRCx1,24.16.04,Official Sports Highlights,Channel_1729,26,2024-04-15T17:00:00.000Z,live|trending|review,172277,12985,1419,923,https://i.ytimg.com/vi/qscaLt1DJDL/default.jpg,False,False,True,Auto-generated sample description for Sports video.
zSDMWZS5-f6,24.21.12,Entertainment Compilation 2024,Channel_2031,2,2024-12-21T12:00:00.000Z,vlog|trending|official,55433,4111,88,590,https://i.ytimg.com/vi/zEYtcBDtDsC/default.jpg,False,False,False,Auto-generated sample description for Entertainment video.
6HZtABgrX5J,24.21.12,Behind the Scenes: News & Politics,Channel_2013,19,2024-12-21T14:00:00.000Z,live|vlog|2024,3989,97,20,77,https://i.ytimg.com/vi/qWiURvD4ttu/default.jpg,False,False,False,Auto-generated sample description for News & Politics video.
pMEIcA1tg9Z,24.07.09,Top 10 Comedy Moments This Week,Channel_2856,16,2024-09-06T13:00:00.000Z,vlog|trending|live,16944,450,117,259,https://i.ytimg.com/vi/DES7DxCjUAj/default.jpg,False,False,False,Auto-generated sample description for Comedy video.
3jUMrA4i6BD,24.15.12,Official News & Politics Highlights,Channel_800,19,2024-12-12T16:00:00.000Z,trending|official|live,1952,153,17,28,https://i.ytimg.com/vi/xJvT0tHOp1O/default.jpg,False,False,False,Auto-generated sample description for News & Politics video.
E6lQVX876BR,24.21.01,Why This Comedy Video Went Viral,Channel_4338,16,2024-01-18T04:00:00.000Z,2024|trending|live,15598,425,150,139,https://i.ytimg.com/vi/py3NbP-wgb7/default.jpg,False,False,False,Auto-generated sample description for Comedy video.
6TCMH4G9dgl,24.16.10,Reacting to Entertainment Trends,Channel_4522,2,2024-10-15T04:00:00.000Z,trending|live|2024,27090,1298,142,348,https://i.ytimg.com/vi/5-A4pXTZ7RX/default.jpg,False,False,False,Auto-generated sample description for Entertainment video.
sYHl5vMkhPZ,24.15.05,People & Blogs Compilation 2024,Channel_2905,9,2024-05-14T12:00:00.000Z,music|live|official,5483,286,22,102,https://i.ytimg.com/vi/djqrfrVOa94/default.jpg,False,False,False,Auto-generated sample description for People & Blogs video.
pImEfqMXa4A,24.02.03,Reacting to Music Trends,Channel_4434,1,2024-02-29T03:00:00.000Z,vlog|2024|music,14860,526,93,113,https://i.ytimg.com/vi/XWMTNNU0mX8/default.jpg,False,False,False,Auto-generated sample description for Music video.
ImCyMxY5Zv8,24.03.10,Behind the Scenes: Entertainment,Channel_4219,2,2024-10-03T15:00:00.000Z,2024|official|vlog,12655,899,11,71,https://i.ytimg.com/vi/UseAmZ-mB3M/default.jpg,False,False,False,Auto-generated sample description for Entertainment video.
pnElfYe3QCQ,24.01.03,Why This Music Video Went Viral,Channel_2181,1,2024-02-28T15:00:00.000Z,vlog|2024|trending,101030,7795,934,1985,https://i.ytimg.com/vi/LNaf2nZiX47/default.jpg,False,False,False,Auto-generated sample description for Music video.
9JqAD-LxO7r,24.21.07,Reacting to News & Politics Trends,Channel_269,25,2024-07-21T22:00:00.000Z,live|official|review,9469,234,7,25,https://i.ytimg.com/vi/KocvHjXKgZh/default.jpg,False,False,False,Auto-generated sample description for News & Politics video.
gbZo9f_oNkZ,24.30.05,Reacting to Entertainment Trends,Channel_3149,2,2024-05-29T17:00:00.000Z,2024|review|live,13647,325,16,172,https://i.ytimg.com/vi/ACskxTjrDjN/default.jpg,False,False,False,Auto-generated sample description for Entertainment video.
p9tTiEu6Ng_,24.09.10,Why This Music Video Went Viral,Channel_4671,1,2024-10-05T00:00:00.000Z,vlog|live|music,506535,31046,3395,9175,https://i.ytimg.com/vi/g18QzaiaQ7o/default.jpg,False,False,False,Auto-generated sample description for Music video.
D91EafwdHdq,25.06.02,Why This Entertainment Video Went Viral,Channel_2070,2,2025-02-03T11:00:00.000Z,music|vlog|live,114622,1238,930,1779,https://i.ytimg.com/vi/znQylKNURpS/default.jpg,False,False,False,Auto-generated sample description for Entertainment video.
Enx4X9cNsMl,24.07.03,Entertainment Compilation 2024,Channel_2575,2,2024-03-03T07:00:00.000Z,review|vlog|music,72590,3241,156,664,https://i.ytimg.com/vi/tmyUpHYza4M/default.jpg,False,False,False,
hxNYVKErIAG,24.23.10,Reacting to Music Trends,Channel_3167,1,2024-10-23T19:00:00.000Z,music|vlog|2024,47065,3193,37,471,https://i.ytimg.com/vi/2LT4rzjhHP7/default.jpg,False,False,False,Auto-generated sample description for Music video.
Js_jBHoB42p,24.22.03,Sports Compilation 2024,Channel_3453,17,2024-03-22T05:00:00.000Z,trending|vlog|2024,3684,266,7,5,https://i.ytimg.com/vi/lMQ6axLHpGb/default.jpg,False,False,False,Auto-generated sample description for Sports video.
OuXPSpdotpE,24.03.07,Behind the Scenes: Comedy,Channel_508,16,2024-07-01T19:00:00.000Z,live|music|vlog,129105,3577,949,1361,https://i.ytimg.com/vi/9XooLa7D-cf/default.jpg,False,False,False,Auto-generated sample description for Comedy video.
O8W_aLVN34w,24.29.09,Top 10 People & Blogs Moments This Week,Channel_4062,15,2024-09-26T18:00:00.000Z,music|review|official,8411,136,47,126,https://i.ytimg.com/vi/JGmonHTnhZ6/default.jpg,False,False,False,Auto-generated sample description for People & Blogs video.
jsu2U9R2Qdf,24.26.02,Top 10 News & Politics Moments This Week,Channel_1749,25,2024-02-25T20:00:00.000Z,2024|live|official,12854,366,107,116,https://i.ytimg.com/vi/JZTNgwoxvi2/default.jpg,False,False,False,Auto-generated sample description for News & Politics video.
62AY7_XubeW,24.18.08,Top 10 Music Moments This Week,Channel_4621,1,2024-08-14T04:00:00.000Z,official|live|music,91529,2138,226,539,https://i.ytimg.com/vi/ejf-P2vKIDP/default.jpg,False,False,False,Auto-generated sample description for Music video.
Mals4hgXkvL,24.07.05,Top 10 Comedy Moments This Week,Channel_540,16,2024-05-06T15:00:00.000Z,music|official|vlog,5403,232,38,8,https://i.ytimg.com/vi/pzxVF_K6LQr/default.jpg,False,False,False,Auto-generated sample description for Comedy video.
i7q32LpH_pS,24.19.02,Reacting to People & Blogs Trends,Channel_83,15,2024-02-17T01:00:00.000Z,official|vlog|review,4416,195,11,78,https://i.ytimg.com/vi/nWo9ibIby8S/default.jpg,False,False,False,Auto-generated sample description for People & Blogs video.
Z0g7CU7mdTU,24.31.10,Reacting to Sports Trends,Channel_1447,17,2024-10-27T01:00:00.000Z,2024|vlog|review,6997,491,15,68,https://i.ytimg.com/vi/d6olE5jHuaY/default.jpg,False,False,False,Auto-generated sample description for Sports video.
jqKzhRXR4Ys,24.07.06,Reacting to Entertainment Trends,Channel_4119,2,2024-06-06T07:00:00.000Z,vlog|music|trending,35192,1179,175,124,https://i.ytimg.com/vi/RSBdTmyMHA2/default.jpg,False,False,False,Auto-generated sample description for Entertainment video.
lxaJ-u7V-8Q,24.18.01,Official Howto & Style Highlights,Channel_3803,4,2024-01-18T21:00:00.000Z,music|vlog|official,11671,771,46,32,https://i.ytimg.com/vi/g_bZ3vekSBZ/default.jpg,False,False,False,Auto-generated sample description for Howto & Style video.
C2ODVjPTNWX,24.15.05,Why This Entertainment Video Went Viral,Channel_2955,2,2024-05-11T00:00:00.000Z,official|trending|review,33610,548,270,253,https://i.ytimg.com/vi/fGHVSuuvVhr/default.jpg,False,False,False,Auto-generated sample description for Entertainment video.
8YcD164KQhQ,24.24.03,Official Entertainment Highlights,Channel_567,2,2024-03-24T11:00:00.000Z,official|review|2024,4676,95,7,64,https://i.ytimg.com/vi/ShT-IROCEOf/default.jpg,False,False,False,Auto-generated sample description for Entertainment video.
9K2YKvF9nVx,25.07.01,Official Comedy Highlights,Channel_3815,16,2025-01-03T15:00:00.000Z,official|live|vlog,13174,838,10,65,https://i.ytimg.com/vi/vTvTzYyzX7x/default.jpg,False,False,False,Auto-generated sample description for Comedy video.
Y3uAIuifepL,24.30.06,Behind the Scenes: Entertainment,Channel_2386,2,2024-06-26T08:00:00.000Z,2024|official|trending,27793,1985,220,82,https://i.ytimg.com/vi/fOJnEGd1A_K/default.jpg,False,False,False,Auto-generated sample description for Entertainment video.
OxxNqYs-IU7,24.01.02,Reacting to News & Politics Trends,Channel_1619,25,2024-01-28T10:00:00.000Z,official|trending|2024,30814,1900,282,203,https://i.ytimg.com/vi/XxERORqoNWu/default.jpg,False,False,False,Auto-generated sample description for News & Politics video.
FrHDgFn2GQ1,24.09.06,Behind the Scenes: Sports,Channel_2651,27,2024-06-07T11:00:00.000Z,live|trending|music,2538,31,24,27,https://i.ytimg.com/vi/qs86VWBy5zI/default.jpg,False,False,False,Auto-generated sample description for Sports video.
XG4iEGyu3ZC,24.21.06,Top 10 Howto & Style Moments This Week,Channel_131,4,2024-06-18T21:00:00.000Z,music|vlog|review,30346,1075,205,82,https://i.ytimg.com/vi/geEjyJ0JqL4/default.jpg,False,False,False,Auto-generated sample description for Howto & Style video.
j8jtpw4TOjh,24.08.02,Behind the Scenes: Sports,Channel_3527,27,2024-02-07T11:00:00.000Z,2024|live|vlog,1266,24,6,13,https://i.ytimg.com/vi/iFOgVXfc6gB/default.jpg,False,False,False,Auto-generated sample description for Sports video.
wCbZLBBtS_a,24.10.06,Official People & Blogs Highlights,Channel_3046,9,2024-06-08T22:00:00.000Z,music|vlog|live,9938,175,51,25,https://i.ytimg.com/vi/wM5-qavY0Yj/default.jpg,False,False,False,Auto-generated sample description for People & Blogs video.
FjG8w8gta9F,24.20.10,Behind the Scenes: Music,Channel_135,1,2024-10-20T10:00:00.000Z,official|live|2024,281759,11050,427,4585,https://i.ytimg.com/vi/t5Vm8Qmi98r/default.jpg,False,False,False,Auto-generated sample description for Music video.
-fh3jjflB1H,24.18.06,Behind the Scenes: Sports,Channel_2409,26,2024-06-17T20:00:00.000Z,vlog|official|2024,4247,140,21,23,https://i.ytimg.com/vi/66w4pQUBk6T/default.jpg,False,False,False,Auto-generated sample description for Sports video.
NE_R11Ozc3Y,24.14.02,Entertainment Compilation 2024,Channel_101,2,2024-02-11T02:00:00.000Z,official|trending|vlog,52135,2373,166,1010,https://i.ytimg.com/vi/i8FypBYqCW3/default.jpg,False,False,False,Auto-generated sample description for Entertainment video.
WjGeVhTgzV9,24.31.03,Behind the Scenes: Music,Channel_4133,1,2024-03-29T09:00:00.000Z,review|vlog|official,19634,587,24,60,https://i.ytimg.com/vi/-IqabsgOjip/default.jpg,False,False,False,Auto-generated sample description for Music video.
8ZfPCHYU8al,24.19.01,Why This Music Video Went Viral,Channel_798,1,2024-01-18T14:00:00.000Z,vlog|trending|review,4401,258,4,49,https://i.ytimg.com/vi/PKx-x8DcjWd/default.jpg,False,False,False,Auto-generated sample description for Music video.
qsazgqi5TYO,24.01.08,Why This Sports Video Went Viral,Channel_3936,17,2024-08-01T07:00:00.000Z,music|live|vlog,6170,267,50,14,https://i.ytimg.com/vi/vzzRNxPpItx/default.jpg,False,False,False,Auto-generated sample description for Sports video.
k3tG7PFKYab,24.16.09,Behind the Scenes: Entertainment,Channel_1739,2,2024-09-16T16:00:00.000Z,vlog|official|live,71604,4636,453,101,https://i.ytimg.com/vi/AFptE_Q2mlh/default.jpg,False,False,False,Auto-generated sample description for Entertainment video.
G2bSn7_G-nx,24.27.03,Top 10 Sports Moments This Week,Channel_1338,17,2024-03-24T12:00:00.000Z,vlog|trending|review,12554,387,95,96,https://i.ytimg.com/vi/_fcryED-R9P/default.jpg,False,False,False,Auto-generated sample description for Sports video.
R-uFx5JPixu,25.26.01,Film & Animation Compilation 2024,Channel_1360,22,2025-01-25T16:00:00.000Z,2024|trending|review,12787,930,85,35,https://i.ytimg.com/vi/-CnthE_fTIg/default.jpg,False,False,False,Auto-generated sample description for Film & Animation video.
Gu-pokHJXxe,24.04.02,Official Sports Highlights,Channel_1194,26,2024-02-02T03:00:00.000Z,live|trending|official,3625,156,2,65,https://i.ytimg.com/vi/CEql0CUhoxq/default.jpg,False,False,False,Auto-generated sample description for Sports video.
II7woixmWqZ,24.06.10,Why This Sports Video Went Viral,Channel_1862,26,2024-10-06T06:00:00.000Z,music|trending|official,8187,619,13,6,https://i.ytimg.com/vi/3kyPJkoCIWM/default.jpg,False,False,False,Auto-generated sample description for Sports video.
NJ4DtKVfhWe,24.31.08,Reacting to Music Trends,Channel_1505,1,2024-08-27T20:00:00.000Z,live|trending|vlog,46289,3586,345,333,https://i.ytimg.com/vi/B4lVCnnAGJd/default.jpg,False,False,False,Auto-generated sample description for Music video.
GYpKnXHM2S4,24.01.06,Autos & Vehicles Compilation 2024,Channel_2744,13,2024-06-01T21:00:00.000Z,live|vlog|2024,16006,1211,123,178,https://i.ytimg.com/vi/_ZpA02efwsd/default.jpg,False,False,False,Auto-generated sample description for Autos & Vehicles video.
1l39gcmLjHy,24.04.05,Behind the Scenes: Sports,Channel_912,26,2024-05-04T18:00:00.000Z,official|live|review,5466,105,9,9,https://i.ytimg.com/vi/fnnGcDChw0B/default.jpg,False,False,False,Auto-generated sample description for Sports video.
qwC4R2IAFDM,24.25.09,Official Entertainment Highlights,Channel_2339,2,2024-09-24T10:00:00.000Z,2024|official|live,6442,512,35,102,https://i.ytimg.com/vi/U47FKlp09ey/default.jpg,False,False,False,Auto-generated sample description for Entertainment video.
upirgfLNZPE,24.23.08,Sports Compilation 2024,Channel_4820,27,2024-08-19T03:00:00.000Z,2024|vlog|music,50083,1309,200,176,https://i.ytimg.com/vi/aMjc-X9s8VN/default.jpg,False,False,False,Auto-generated sample description for Sports video.
vvPzhoKavdx,24.21.12,Sports Compilation 2024,Channel_871,17,2024-12-20T10:00:00.000Z,trending|review|official,55786,3344,268,870,https://i.ytimg.com/vi/q1LI6OrA-kh/default.jpg,False,False,False,Auto-generated sample description for Sports video.
AUciLBEdsFI,24.05.01,Official Sports Highlights,Channel_21,26,2024-01-02T22:00:00.000Z,trending|vlog|review,493,38,1,7,https://i.ytimg.com/vi/4ytW78BI7Zv/default.jpg,False,False,False,Auto-generated sample description for Sports video.
oksf1f9U1vQ,24.24.01,Reacting to Entertainment Trends,Channel_1248,2,2024-01-24T01:00:00.000Z,live|review|2024,7832,136,7,70,https://i.ytimg.com/vi/euGjfVUemmm/default.jpg,False,False,False,Auto-generated sample description for Entertainment video.
exeoz1NzmOP,24.14.02,Why This Music Video Went Viral,Channel_2103,1,2024-02-11T14:00:00.000Z,music|review|vlog,26187,440,104,269,https://i.ytimg.com/vi/LRL0bjlhRHy/default.jpg,False,False,False,Auto-generated sample description for Music video.
8ND4_kVcj7C,24.28.12,Sports Compilation 2024,Channel_1959,27,2024-12-28T04:00:00.000Z,review|2024|live,26543,829,261,168,https://i.ytimg.com/vi/I2N4at3_kJ-/default.jpg,False,False,False,Auto-generated sample description for Sports video.
8WNcB-usMVI,25.24.01,Top 10 Entertainment Moments This Week,Channel_4313,2,2025-01-24T00:00:00.000Z,trending|live|2024,6233,327,48,73,https://i.ytimg.com/vi/OxsKqyM28_N/default.jpg,False,False,False,Auto-generated sample description for Entertainment video.
He-Vkts-uTX,24.19.02,Official Sports Highlights,Channel_4804,26,2024-02-19T05:00:00.000Z,official|review|music,136121,7757,473,2156,https://i.ytimg.com/vi/waUMvCVu01c/default.jpg,False,False,False,Auto-generated sample description for Sports video.
yuV0kp-f_Pi,24.24.06,Why This Music Video Went Viral,Channel_2921,1,2024-06-24T21:00:00.000Z,vlog|trending|official,462952,27881,710,6071,https://i.ytimg.com/vi/59S4Qv6CUot/default.jpg,False,False,False,Auto-generated sample description for Music video.
yScSvOTZi7f,24.31.01,Why This Entertainment Video Went Viral,Channel_4148,2,2024-01-28T12:00:00.000Z,music|review|official,62518,1299,588,1163,https://i.ytimg.com/vi/M_bEUMcPD1L/default.jpg,False,False,False,Auto-generated sample description for Entertainment video.
ektn47pSj-8,25.11.01,Top 10 Comedy Moments This Week,Channel_1899,16,2025-01-11T01:00:00.000Z,trending|official|live,15907,177,17,226,https://i.ytimg.com/vi/N7xwd56SMBL/default.jpg,False,False,False,Auto-generated sample description for Comedy video.
iw-i1Aqq6zZ,24.29.02,Top 10 Sports Moments This Week,Channel_2294,26,2024-02-25T05:00:00.000Z,review|official|trending,5721,234,14,25,https://i.ytimg.com/vi/v3qEEAGaAl8/default.jpg,False,False,False,Auto-generated sample description for Sports video.
wpzaF-WyLr9,24.28.11,Behind the Scenes: Travel & Events,Channel_1344,6,2024-11-25T03:00:00.000Z,2024|review|music,2000,148,16,21,https://i.ytimg.com/vi/pS6HHSRWSYI/default.jpg,False,False,False,Auto-generated sample description for Travel & Events video.
Nj0Z6xO9EPn,24.25.02,Official People & Blogs Highlights,Channel_3760,15,2024-02-24T06:00:00.000Z,live|official|vlog,4927,262,25,65,https://i.ytimg.com/vi/2ZaSzGkWnJ6/default.jpg,False,False,False,Auto-generated sample description for People & Blogs video.
7eIZHqiJ23G,24.06.10,Entertainment Compilation 2024,Channel_4891,2,2024-10-06T18:00:00.000Z,trending|2024|official,7809,465,50,136,https://i.ytimg.com/vi/1Vq2tYYn8qo/default.jpg,False,False,False,Auto-generated sample description for Entertainment video.
4tdgtq4ztqw,24.22.06,Behind the Scenes: Music,Channel_1581,1,2024-06-22T21:00:00.000Z,review|2024|vlog,16280,585,28,251,https://i.ytimg.com/vi/Ou31POTgK-g/default.jpg,False,False,False,Auto-generated sample description for Music video.
Ta3hTy31T6x,24.29.05,Behind the Scenes: Pets & Animals,Channel_3879,18,2024-05-25T16:00:00.000Z,2024|live|vlog,5158,314,41,52,https://i.ytimg.com/vi/nkLZMVrn2Bx/default.jpg,False,False,False,Auto-generated sample description for Pets & Animals video.
ZF7_AEf652J,24.17.08,Behind the Scenes: Sports,Channel_4153,17,2024-08-17T04:00:00.000Z,2024|vlog|live,33759,1748,96,280,https://i.ytimg.com/vi/0D7h_4xVGGV/default.jpg,False,False,False,Auto-generated sample description for Sports video.
-yNPrj5DS4s,24.26.06,Top 10 News & Politics Moments This Week,Channel_4891,25,2024-06-26T10:00:00.000Z,review|2024|vlog,31193,368,28,116,https://i.ytimg.com/vi/5MHMsPLS0Eg/default.jpg,False,False,False,Auto-generated sample description for News & Politics video.
61sb4kgDSEq,24.18.01,Top 10 Music Moments This Week,Channel_1792,1,2024-01-15T01:00:00.000Z,trending|live|official,65760,1822,63,296,https://i.ytimg.com/vi/45oZxqohMxy/default.jpg,False,False,False,Auto-generated sample description for Music video.
Az-xV341jii,24.18.04,Music Compilation 2024,Channel_498,1,2024-04-18T14:00:00.000Z,music|live|2024,43025,1773,351,70,https://i.ytimg.com/vi/HNpKay6L58I/default.jpg,False,False,False,Auto-generated sample description for Music video.
zb-_HrDRX7b,24.06.03,Official Comedy Highlights,Channel_650,16,2024-03-06T20:00:00.000Z,review|trending|music,10904,638,103,212,https://i.ytimg.com/vi/ethx4blrBEs/default.jpg,False,False,False,Auto-generated sample description for Comedy video.
7-UZ8XU8Bg0,24.10.11,People & Blogs Compilation 2024,Channel_1687,9,2024-11-07T04:00:00.000Z,official|review|music,56719,2432,73,377,https://i.ytimg.com/vi/Zzsudk75iEi/default.jpg,False,False,False,Auto-generated sample description for People & Blogs video.
-zov_G7pt2b,24.10.02,Behind the Scenes: Comedy,Channel_4223,16,2024-02-08T01:00:00.000Z,vlog|review|2024,2384,32,1,13,https://i.ytimg.com/vi/w1HJxI87LUd/default.jpg,False,False,False,Auto-generated sample description for Comedy video.
x30L8pzSljK,24.15.10,Behind the Scenes: Entertainment,Channel_2118,2,2024-10-13T14:00:00.000Z,vlog|2024|review,31109,1927,47,361,https://i.ytimg.com/vi/MTbLZWEzz0A/default.jpg,False,False,False,Auto-generated sample description for Entertainment video.
8WIAC1RU3RI,24.27.01,Top 10 Film & Animation Moments This Week,Channel_2156,22,2024-01-24T09:00:00.000Z,live|vlog|trending,1907,123,5,7,https://i.ytimg.com/vi/3_h0wUYZoki/default.jpg,False,False,False,Auto-generated sample description for Film & Animation video.
YGgVzgnSsmP,24.02.01,Top 10 Science & Technology Moments This Week,Channel_3379,5,2024-01-02T13:00:00.000Z,official|trending|2024,7805,124,77,60,https://i.ytimg.com/vi/C2_dGBwQtiJ/default.jpg,False,False,False,Auto-generated sample description for Science & Technology video.
luM2wblAjDq,24.13.02,Sports Compilation 2024,Channel_3361,17,2024-02-11T09:00:00.000Z,review|2024|official,21226,1104,77,149,https://i.ytimg.com/vi/rfgzCNVSelL/default.jpg,False,False,False,Auto-generated sample description for Sports video.
IQBRav3aZKC,24.12.04,Music Compilation 2024,Channel_4549,1,2024-04-08T00:00:00.000Z,trending|official|music,70534,4054,248,128,https://i.ytimg.com/vi/2f-KT3gWdiN/default.jpg,False,True,False,Auto-generated sample description for Music video.
WGHwpO5epB7,24.09.03,Behind the Scenes: Music,Channel_4611,1,2024-03-09T12:00:00.000Z,2024|official|live,288225,22247,1826,383,https://i.ytimg.com/vi/ft52f4n2qd5/default.jpg,False,False,False,Auto-generated sample description for Music video.
KjjDzwuNz9i,25.06.01,Behind the Scenes: Entertainment,Channel_767,2,2025-01-04T05:00:00.000Z,official|vlog|music,344816,24542,1216,5816,https://i.ytimg.com/vi/1jxhHVQZL9l/default.jpg,False,False,False,Auto-generated sample description for Entertainment video.
u2cxNVhYide,24.14.11,Howto & Style Compilation 2024,Channel_2772,4,2024-11-13T20:00:00.000Z,live|review|vlog,31046,930,18,155,https://i.ytimg.com/vi/jpJ6OP7idGp/default.jpg,False,False,False,Auto-generated sample description for Howto & Style video.
kFtnqTKsVx1,24.21.11,Behind the Scenes: Howto & Style,Channel_1919,4,2024-11-21T17:00:00.000Z,vlog|trending|official,4690,293,33,28,https://i.ytimg.com/vi/_vKAmcpJaoo/default.jpg,False,True,False,Auto-generated sample description for Howto & Style video.
SPKYWQPrf91,24.06.03,Reacting to Entertainment Trends,Channel_2161,2,2024-03-04T19:00:00.000Z,official|review|music,8248,179,17,64,https://i.ytimg.com/vi/av7-JXYAwNX/default.jpg,False,False,False,Auto-generated sample description for Entertainment video.
krTQKO5WGKn,24.15.03,Top 10 Autos & Vehicles Moments This Week,Channel_2658,7,2024-03-14T03:00:00.000Z,music|review|official,2970,143,18,34,https://i.ytimg.com/vi/AT1SbmL5sfW/default.jpg,False,False,False,Auto-generated sample description for Autos & Vehicles video.
Z-zn0kY9d7o,24.05.12,Official People & Blogs Highlights,Channel_2884,9,2024-12-04T08:00:00.000Z,official|2024|review,26028,1836,51,55,https://i.ytimg.com/vi/Cy_RYUYWYxn/default.jpg,False,False,False,Auto-generated sample description for People & Blogs video.
CpW1JJAApVe,24.31.01,Why This Entertainment Video Went Viral,Channel_2321,2,2024-01-28T17:00:00.000Z,review|music|vlog,47479,1142,42,664,https://i.ytimg.com/vi/14gJUey2z-q/default.jpg,False,False,False,Auto-generated sample description for Entertainment video.
wC505wZlazi,24.10.04,Why This Entertainment Video Went Viral,Channel_3329,2,2024-04-08T15:00:00.000Z,vlog|official|music,20833,1655,204,395,https://i.ytimg.com/vi/K_XaKAeYI7R/default.jpg,False,False,False,Auto-generated sample description for Entertainment video.
isdKv7Zo8U2,24.29.06,Top 10 Autos & Vehicles Moments This Week,Channel_673,13,2024-06-26T21:00:00.000Z,2024|live|review,3059,121,21,7,https://i.ytimg.com/vi/vGoPAnlaNzi/default.jpg,False,False,False,Auto-generated sample description for Autos & Vehicles video.
Q2JlGWJOIAq,24.15.05,Official Music Highlights,Channel_4584,1,2024-05-15T02:00:00.000Z,vlog|2024|official,145253,1714,856,2047,https://i.ytimg.com/vi/lScsoL5ARrD/default.jpg,False,False,False,Auto-generated sample description for Music video.
ahrFu06lDMj,24.19.11,Music Compilation 2024,Channel_3558,1,2024-11-17T17:00:00.000Z,trending|review|live,36199,849,35,603,https://i.ytimg.com/vi/SHFX7xYohI7/default.jpg,False,False,False,Auto-generated sample description for Music video.
iw-Q9Pyhysg,24.01.03,Behind the Scenes: Howto & Style,Channel_4618,4,2024-02-27T08:00:00.000Z,2024|vlog|review,12166,589,95,162,https://i.ytimg.com/vi/wa8SLcLOK6s/default.jpg,False,False,False,Auto-generated sample description for Howto & Style video.
DcM8YeuZs45,24.14.10,Why This Music Video Went Viral,Channel_2070,1,2024-10-11T17:00:00.000Z,2024|trending|review,34155,2568,107,498,https://i.ytimg.com/vi/t10n_p-VkWo/default.jpg,False,False,False,Auto-generated sample description for Music video.
wBpKfzifF9R,24.30.01,Reacting to News & Politics Trends,Channel_2984,19,2024-01-28T12:00:00.000Z,trending|music|official,7242,468,59,66,https://i.ytimg.com/vi/hrhp93VAJLy/default.jpg,False,False,False,Auto-generated sample description for News & Politics video.
ZLIPmzjQTnT,24.11.09,Why This People & Blogs Video Went Viral,Channel_3468,15,2024-09-11T21:00:00.000Z,live|official|music,44854,2576,359,633,https://i.ytimg.com/vi/ZNyq0sF07Cl/default.jpg,False,False,False,Auto-generated sample description for People & Blogs video.
pY6Rob9sf3t,24.03.12,Why This Music Video Went Viral,Channel_1409,1,2024-12-03T05:00:00.000Z,live|music|2024,557478,36947,5538,1754,https://i.ytimg.com/vi/NBtWiW4Vmme/default.jpg,False,False,False,Auto-generated sample description for Music video.
M9hmAzt0tsZ,24.23.09,Top 10 Entertainment Moments This Week,Channel_2183,2,2024-09-19T13:00:00.000Z,live|2024|review,43097,880,138,790,https://i.ytimg.com/vi/hsebkHaKVKv/default.jpg,False,False,False,Auto-generated sample description for Entertainment video.
DUYBiPM1urI,24.14.01,Top 10 Music Moments This Week,Channel_4667,1,2024-01-13T12:00:00.000Z,trending|live|music,88345,6842,780,1453,https://i.ytimg.com/vi/EJhw6Uz5HZp/default.jpg,False,False,False,Auto-generated sample description for Music video.
0boUWCIausR,24.01.07,Official Sports Highlights,Channel_2468,26,2024-06-30T17:00:00.000Z,vlog|2024|trending,3661,59,16,69,https://i.ytimg.com/vi/wlz4b11rLvN/default.jpg,False,False,False,Auto-generated sample description for Sports video.
aAyXn63ZNmc,24.03.01,Reacting to Entertainment Trends,Channel_3182,2,2024-01-01T00:00:00.000Z,official|vlog|live,216341,14927,704,2846,https://i.ytimg.com/vi/oW5ZGy_sjCJ/default.jpg,False,False,False,Auto-generated sample description for Entertainment video.
hzEeoQVSAJK,24.22.09,Official Entertainment Highlights,Channel_3793,2,2024-09-20T15:00:00.000Z,music|review|trending,167792,2602,1339,297,https://i.ytimg.com/vi/wnqTJ5HLnNy/default.jpg,False,False,False,Auto-generated sample description for Entertainment video.
P2GzAPT9MdD,24.03.04,Top 10 News & Politics Moments This Week,Channel_225,21,2024-03-31T02:00:00.000Z,live|review|official,25060,254,139,160,https://i.ytimg.com/vi/OroRAiRBr6S/default.jpg,False,False,False,Auto-generated sample description for News & Politics video.
sW6DI6OCdwZ,24.08.01,Official Entertainment Highlights,Channel_816,2,2024-01-04T11:00:00.000Z,official|trending|review,1368924,25658,10164,13500,https://i.ytimg.com/vi/JVoOhHsnZAb/default.jpg,False,False,False,Auto-generated sample description for Entertainment video.
j758kG8y4K2,24.31.05,Why This Music Video Went Viral,Channel_4522,1,2024-05-31T10:00:00.000Z,official|music|live,6832,291,32,49,https://i.ytimg.com/vi/StyuwDnmQC5/default.jpg,False,False,False,Auto-generated sample description for Music video.
VnlBwt1q75t,24.24.12,Top 10 Film & Animation Moments This Week,Channel_3167,22,2024-12-20T06:00:00.000Z,official|review|music,7429,259,50,95,https://i.ytimg.com/vi/oSZYG7LqUbz/default.jpg,False,False,False,Auto-generated sample description for Film & Animation video.
zZ1MWsXHbKL,24.07.01,Science & Technology Compilation 2024,Channel_3631,11,2024-01-03T12:00:00.000Z,vlog|review|live,17698,947,102,79,https://i.ytimg.com/vi/_GzskXcVNiO/default.jpg,False,False,False,Auto-generated sample description for Science & Technology video.
1UoC9mznjlp,24.17.07,Top 10 Entertainment Moments This Week,Channel_1756,2,2024-07-14T04:00:00.000Z,trending|live|vlog,9634,148,33,94,https://i.ytimg.com/vi/cNtys1agS5e/default.jpg,False,False,False,Auto-generated sample description for Entertainment video.
3Ri8e1EFLdd,24.30.11,Behind the Scenes: Music,Channel_3256,1,2024-11-26T09:00:00.000Z,official|music|trending,233733,16400,673,4262,https://i.ytimg.com/vi/HkAJqXEfR1o/default.jpg,False,False,False,Auto-generated sample description for Music video.
Gd-gOBvkhYJ,24.04.04,Behind the Scenes: News & Politics,Channel_396,21,2024-04-01T03:00:00.000Z,live|review|2024,11092,462,59,124,https://i.ytimg.com/vi/fZYIc9YcsDV/default.jpg,False,False,False,Auto-generated sample description for News & Politics video.
iGMjvulpw05,24.06.11,Music Compilation 2024,Channel_2074,1,2024-11-05T19:00:00.000Z,live|2024|official,244436,14231,2163,2202,https://i.ytimg.com/vi/Z0ZaG2_q3g3/default.jpg,False,False,False,Auto-generated sample description for Music video.
a8GAdSTahiR,24.16.03,People & Blogs Compilation 2024,Channel_3191,9,2024-03-14T09:00:00.000Z,review|2024|music,10859,512,99,152,https://i.ytimg.com/vi/DyepuYa5OHo/default.jpg,False,False,False,Auto-generated sample description for People & Blogs video.
fjN_SzDJVHm,24.10.11,Official Music Highlights,Channel_2807,1,2024-11-10T03:00:00.000Z,music|official|trending,1391,32,11,19,https://i.ytimg.com/vi/X3xZnvBEKGI/default.jpg,False,False,False,Auto-generated sample description for Music video.
I9to_NHjsXF,24.15.04,Official Entertainment Highlights,Channel_12,2,2024-04-13T07:00:00.000Z,2024|vlog|music,10321,576,93,176,https://i.ytimg.com/vi/qqUVBvsHbLm/default.jpg,False,False,False,Auto-generated sample description for Entertainment video.
qwJJ8FK7La1,24.28.07,Music Compilation 2024,Channel_4883,1,2024-07-25T03:00:00.000Z,vlog|review|trending,40547,2314,104,664,https://i.ytimg.com/vi/7GCM82qWmhl/default.jpg,False,False,False,Auto-generated sample description for Music video.
wD3ZyfA7E2h,24.23.01,Official Music Highlights,Channel_2460,1,2024-01-21T22:00:00.000Z,music|live|2024,19681,1374,29,190,https://i.ytimg.com/vi/26_9Jqg5peP/default.jpg,False,False,False,Auto-generated sample description for Music video.
-8RwW1B377-,24.01.09,Official People & Blogs Highlights,Channel_1878,15,2024-08-31T06:00:00.000Z,review|live|2024,8681,238,21,85,https://i.ytimg.com/vi/TYjRiY5b95-/default.jpg,False,False,False,Auto-generated sample description for People & Blogs video.
J4qWQIXiSgu,24.21.11,Official Nonprofits & Activism Highlights,Channel_3430,14,2024-11-21T16:00:00.000Z,live|official|music,5387,57,14,83,https://i.ytimg.com/vi/5IsAIXatTwc/default.jpg,False,False,False,Auto-generated sample description for Nonprofits & Activism video.
sd30g5gYxjH,24.01.04,Reacting to Music Trends,Channel_4244,1,2024-03-29T11:00:00.000Z,live|trending|vlog,39467,1252,100,37,https://i.ytimg.com/vi/msCvmdQ5dTa/default.jpg,False,False,False,Auto-generated sample description for Music video.
DVHgm7yJZOU,25.14.01,Music Compilation 2024,Channel_1273,1,2025-01-14T22:00:00.000Z,music|live|vlog,12098,439,49,37,https://i.ytimg.com/vi/OUDaFyccOMQ/default.jpg,False,False,False,Auto-generated sample description for Music video.
Hg9Ss7XtRAI,25.27.01,Top 10 Howto & Style Moments This Week,Channel_1507,20,2025-01-27T11:00:00.000Z,official|vlog|2024,7122,77,56,61,https://i.ytimg.com/vi/PG4kIrUxGhQ/default.jpg,False,False,False,Auto-generated sample description for Howto & Style video.
0II9wvIjIjZ,25.11.01,Science & Technology Compilation 2024,Channel_2095,5,2025-01-08T22:00:00.000Z,trending|music|vlog,44712,2899,107,180,https://i.ytimg.com/vi/pwljchqparQ/default.jpg,False,False,False,Auto-generated sample description for Science & Technology video.
Si_e172Vqs8,24.22.03,Why This People & Blogs Video Went Viral,Channel_3610,15,2024-03-20T00:00:00.000Z,trending|vlog|official,15476,369,105,33,https://i.ytimg.com/vi/C1wDnv-dSPS/default.jpg,False,False,False,Auto-generated sample description for People & Blogs video.
IhpAvU2Rl_f,24.05.05,Behind the Scenes: Entertainment,Channel_4331,2,2024-05-02T20:00:00.000Z,2024|vlog|official,1929703,150186,2720,35448,https://i.ytimg.com/vi/YJHKtfIDqeh/default.jpg,False,False,False,Auto-generated sample description for Entertainment video.
adxNn5Dgj67,24.22.12,Behind the Scenes: People & Blogs,Channel_3971,15,2024-12-22T10:00:00.000Z,vlog|2024|live,36190,2602,223,479,https://i.ytimg.com/vi/7U1FBUKIMgW/default.jpg,False,False,False,Auto-generated sample description for People & Blogs video.
YXw0xNix-ps,24.14.08,Top 10 Howto & Style Moments This Week,Channel_3247,4,2024-08-13T13:00:00.000Z,vlog|official|live,25899,844,223,492,https://i.ytimg.com/vi/KeRCK9k5a8F/default.jpg,False,False,False,Auto-generated sample description for Howto & Style video.
SkTZLMRWQsf,24.16.11,Entertainment Compilation 2024,Channel_833,2,2024-11-14T17:00:00.000Z,live|music|vlog,38036,1420,193,731,https://i.ytimg.com/vi/v_m_vx8Jtgs/default.jpg,False,False,False,Auto-generated sample description for Entertainment video.
Ao-NBo1fWnc,24.03.11,Official Pets & Animals Highlights,Channel_967,12,2024-11-03T21:00:00.000Z,music|2024|live,11973,412,55,192,https://i.ytimg.com/vi/ONHVP5UgW48/default.jpg,False,False,False,Auto-generated sample description for Pets & Animals video.
4zf8nJJBi_K,24.16.11,Why This Music Video Went Viral,Channel_3735,1,2024-11-15T01:00:00.000Z,live|official|review,19507,1328,96,97,https://i.ytimg.com/vi/pT5MLHOsm-_/default.jpg,True,False,False,Auto-generated sample description for Music video.
yfZFfoWwNib,24.01.06,Why This Music Video Went Viral,Channel_3910,1,2024-06-01T21:00:00.000Z,2024|trending|official,9890,209,83,81,https://i.ytimg.com/vi/_RXCrr5BDRy/default.jpg,False,True,False,Auto-generated sample description for Music video.
vztcms7Zyd9,24.02.08,Reacting to Science & Technology Trends,Channel_501,5,2024-07-31T21:00:00.000Z,review|trending|vlog,4409,201,6,29,https://i.ytimg.com/vi/r1rFgimkjJK/default.jpg,False,False,False,Auto-generated sample description for Science & Technology video.
wLw7lH74tRP,24.11.07,Official Entertainment Highlights,Channel_2884,2,2024-07-10T14:00:00.000Z,trending|review|vlog,98682,5650,185,332,https://i.ytimg.com/vi/SJ5qDeUjOwz/default.jpg,False,False,False,Auto-generated sample description for Entertainment video.
L3n4vwH-1mk,24.14.11,Film & Animation Compilation 2024,Channel_916,22,2024-11-12T17:00:00.000Z,official|2024|trending,49780,3130,355,906,https://i.ytimg.com/vi/UDrtcCB3SW7/default.jpg,False,False,False,Auto-generated sample description for Film & Animation video.
I5Os21WDA4n,24.03.04,Why This Music Video Went Viral,Channel_963,1,2024-03-30T18:00:00.000Z,live|vlog|trending,94249,5482,147,1476,https://i.ytimg.com/vi/59UDq2gsNPH/default.jpg,False,False,False,Auto-generated sample description for Music video.
6EZGf3iY1u9,24.30.09,Official Music Highlights,Channel_3135,1,2024-09-26T10:00:00.000Z,trending|vlog|2024,45885,717,363,737,https://i.ytimg.com/vi/eOf74HpufuL/default.jpg,False,False,False,Auto-generated sample description for Music video.
sBo9VQrI5Vv,24.01.09,Reacting to Music Trends,Channel_4694,1,2024-09-01T15:00:00.000Z,review|official|trending,77019,5429,283,550,https://i.ytimg.com/vi/cr6NQrdQ7S-/default.jpg,False,False,False,Auto-generated sample description for Music video.
DV_j999_hVh,24.14.05,Film & Animation Compilation 2024,Channel_1558,22,2024-05-13T18:00:00.000Z,review|2024|vlog,5745,392,34,28,https://i.ytimg.com/vi/GmowS-p5n88/default.jpg,False,False,False,Auto-generated sample description for Film & Animation video.
r4kgI1P8Pbu,24.17.10,Behind the Scenes: News & Politics,Channel_3966,25,2024-10-13T17:00:00.000Z,vlog|trending|official,45843,2090,439,704,https://i.ytimg.com/vi/XMAT7A6B7AQ/default.jpg,True,False,False,Auto-generated sample description for News & Politics video.
mePHe92nArX,24.07.10,Reacting to Sports Trends,Channel_2141,26,2024-10-06T03:00:00.000Z,official|review|2024,12298,152,40,224,https://i.ytimg.com/vi/HLYTybt4jgz/default.jpg,False,False,False,Auto-generated sample description for Sports video.
BVx8_toObsi,24.19.10,Why This Sports Video Went Viral,Channel_2653,26,2024-10-17T06:00:00.000Z,music|2024|review,2392,51,14,4,https://i.ytimg.com/vi/LEDA10inMen/default.jpg,False,False,False,Auto-generated sample description for Sports video.
tKqfRrcCRn9,24.20.10,News & Politics Compilation 2024,Channel_1864,25,2024-10-18T15:00:00.000Z,live|vlog|review,13627,751,95,238,https://i.ytimg.com/vi/vykgirFsQFs/default.jpg,False,False,False,Auto-generated sample description for News & Politics video.
rzH6h5Ta8ZT,24.01.02,Why This Sports Video Went Viral,Channel_1937,27,2024-01-30T01:00:00.000Z,live|trending|official,71115,3919,50,948,https://i.ytimg.com/vi/j6jiEDd3sUS/default.jpg,False,False,False,
y00j3npt14E,24.05.07,Behind the Scenes: Entertainment,Channel_753,2,2024-07-03T16:00:00.000Z,vlog|music|trending,131515,7973,940,2103,https://i.ytimg.com/vi/ixCClMhwc6x/default.jpg,False,False,False,Auto-generated sample description for Entertainment video.
_Yov-wiDDm1,24.12.09,Comedy Compilation 2024,Channel_1069,16,2024-09-12T10:00:00.000Z,vlog|music|live,39266,2350,132,299,https://i.ytimg.com/vi/WyLkzc1mq-K/default.jpg,False,False,False,Auto-generated sample description for Comedy video.
vLf_THA_5KR,24.24.10,Top 10 Music Moments This Week,Channel_1145,1,2024-10-20T04:00:00.000Z,official|trending|live,45779,2440,30,363,https://i.ytimg.com/vi/1vow-peeyGd/default.jpg,False,False,False,Auto-generated sample description for Music video.
h3IgGfsn2KJ,25.07.01,Top 10 News & Politics Moments This Week,Channel_413,25,2025-01-05T22:00:00.000Z,music|vlog|live,64895,2497,640,839,https://i.ytimg.com/vi/CGzUnxBjMoZ/default.jpg,False,False,False,Auto-generated sample description for News & Politics video.
iV4ZPuyty6A,24.17.09,Why This Music Video Went Viral,Channel_4653,1,2024-09-14T18:00:00.000Z,trending|live|vlog,97438,6896,58,927,https://i.ytimg.com/vi/9MXVx-luWdx/default.jpg,False,False,False,Auto-generated sample description for Music video.
LV8olzI7PCR,24.02.05,Reacting to Sports Trends,Channel_4094,17,2024-04-29T10:00:00.000Z,trending|music|review,33067,1892,221,22,https://i.ytimg.com/vi/JsA4Lm3NoZN/default.jpg,False,False,False,Auto-generated sample description for Sports video.
mx_8rDGKERl,24.08.03,Official Entertainment Highlights,Channel_1593,2,2024-03-07T16:00:00.000Z,live|official|trending,27527,1322,273,381,https://i.ytimg.com/vi/OnZCKfymzBu/default.jpg,False,False,False,Auto-generated sample description for Entertainment video.
gMd9OKm7Hj3,24.21.08,Behind the Scenes: People & Blogs,Channel_4165,15,2024-08-21T12:00:00.000Z,official|music|review,19962,1080,107,378,https://i.ytimg.com/vi/zvI-5um7F9_/default.jpg,False,False,False,Auto-generated sample description for People & Blogs video.
mIshKZlimTl,25.20.01,Reacting to News & Politics Trends,Channel_1800,21,2025-01-17T05:00:00.000Z,official|trending|vlog,43271,1392,192,445,https://i.ytimg.com/vi/0DW5fhS7DQq/default.jpg,False,False,False,Auto-generated sample description for News & Politics video.
iUZ_jSTkuLm,24.29.02,Reacting to People & Blogs Trends,Channel_4237,9,2024-02-28T01:00:00.000Z,live|official|review,84999,998,359,110,https://i.ytimg.com/vi/rHdpOOry-f7/default.jpg,False,False,False,Auto-generated sample description for People & Blogs video.
jOIYJiUKG6R,24.24.03,Reacting to Sports Trends,Channel_2663,27,2024-03-22T05:00:00.000Z,official|vlog|2024,38137,777,162,445,https://i.ytimg.com/vi/4GHlU9ouFNo/default.jpg,False,False,False,Auto-generated sample description for Sports video.
soT8UlAM3Js,24.02.12,Top 10 Entertainment Moments This Week,Channel_4693,2,2024-11-29T06:00:00.000Z,live|trending|music,140146,6068,553,2392,https://i.ytimg.com/vi/NpyuKEi2oU0/default.jpg,False,False,False,Auto-generated sample description for Entertainment video.
TAtPdskFY2b,24.28.02,Autos & Vehicles Compilation 2024,Channel_4265,13,2024-02-28T02:00:00.000Z,official|vlog|music,771,11,0,0,https://i.ytimg.com/vi/gnvZMrFBiwF/default.jpg,False,False,False,Auto-generated sample description for Autos & Vehicles video.
nHDuzsobU_K,24.15.05,Why This News & Politics Video Went Viral,Channel_2650,25,2024-05-14T15:00:00.000Z,trending|review|music,4928,298,23,55,https://i.ytimg.com/vi/he8h5FS0V56/default.jpg,False,False,False,Auto-generated sample description for News & Politics video.
Fx5nnVNtIdO,24.31.01,Top 10 Pets & Animals Moments This Week,Channel_141,12,2024-01-30T21:00:00.000Z,trending|official|music,22420,1707,104,206,https://i.ytimg.com/vi/CNweGE7g7nh/default.jpg,True,False,False,Auto-generated sample description for Pets & Animals video.
6M0dW2zLAsG,24.06.03,Science & Technology Compilation 2024,Channel_781,11,2024-03-02T02:00:00.000Z,music|2024|live,4631,263,41,81,https://i.ytimg.com/vi/BKW1JGj_26e/default.jpg,False,False,False,Auto-generated sample description for Science & Technology video.
YeJ2vgyxLV9,24.12.03,Entertainment Compilation 2024,Channel_341,2,2024-03-12T22:00:00.000Z,trending|vlog|music,26173,1794,114,190,https://i.ytimg.com/vi/CDpXGjrPn6j/default.jpg,True,False,False,Auto-generated sample description for Entertainment video.
XerQBvgh66j,24.07.03,Reacting to Howto & Style Trends,Channel_992,20,2024-03-03T04:00:00.000Z,trending|live|2024,22605,1363,101,141,https://i.ytimg.com/vi/U3NnFwODMap/default.jpg,False,False,False,Auto-generated sample description for Howto & Style video.
62eusJz0ymy,24.05.09,Entertainment Compilation 2024,Channel_2340,2,2024-09-04T02:00:00.000Z,trending|live|2024,60829,747,256,754,https://i.ytimg.com/vi/lnPrVNDwui0/default.jpg,False,False,False,Auto-generated sample description for Entertainment video.
fu6I9BrGqIV,24.18.12,Official Entertainment Highlights,Channel_3340,2,2024-12-15T10:00:00.000Z,2024|vlog|official,1493193,118023,8016,3250,https://i.ytimg.com/vi/Ppoj6niHkES/default.jpg,False,False,False,Auto-generated sample description for Entertainment video.
kHvITMernsO,24.19.03,Top 10 Music Moments This Week,Channel_1348,1,2024-03-17T19:00:00.000Z,music|live|trending,40162,2352,172,306,https://i.ytimg.com/vi/3SDB1BVTuyK/default.jpg,False,False,False,Auto-generated sample description for Music video.
HxaxxWS2yRZ,24.18.01,Reacting to Howto & Style Trends,Channel_2313,4,2024-01-18T13:00:00.000Z,vlog|music|trending,22026,391,40,169,https://i.ytimg.com/vi/jyWHx34SNdH/default.jpg,False,False,False,Auto-generated sample description for Howto & Style video.
Qtlx0ebLowW,24.08.11,Entertainment Compilation 2024,Channel_1139,2,2024-11-05T22:00:00.000Z,trending|official|live,12013,664,59,53,https://i.ytimg.com/vi/450lE8piz-e/default.jpg,False,False,False,Auto-generated sample description for Entertainment video.
uKc2ILRFFYE,24.03.02,Sports Compilation 2024,Channel_3257,27,2024-02-02T10:00:00.000Z,review|vlog|live,80792,1917,349,171,https://i.ytimg.com/vi/jh4c-w2hK0x/default.jpg,False,False,False,Auto-generated sample description for Sports video.
NNwdVHRnMRd,24.25.03,Top 10 Comedy Moments This Week,Channel_2210,16,2024-03-23T10:00:00.000Z,2024|review|live,8609,647,39,25,https://i.ytimg.com/vi/NFtxD_AmqZr/default.jpg,False,False,False,Auto-generated sample description for Comedy video.
Rwk5_MWV6zf,24.03.03,Sports Compilation 2024,Channel_1598,27,2024-03-02T03:00:00.000Z,official|music|2024,26736,1955,244,347,https://i.ytimg.com/vi/lNKJ6TYj-w6/default.jpg,False,False,False,Auto-generated sample description for Sports video.
hl-Y9r6loPR,24.06.04,Behind the Scenes: Sports,Channel_519,17,2024-04-05T15:00:00.000Z,vlog|music|live,2448,168,16,41,https://i.ytimg.com/vi/A13glR6mVAs/default.jpg,False,False,False,Auto-generated sample description for Sports video.
cqNC8Jn2Cd_,24.14.04,Top 10 Pets & Animals Moments This Week,Channel_287,24,2024-04-14T19:00:00.000Z,music|live|official,6108,73,38,109,https://i.ytimg.com/vi/Fw3K0rsQ5Eq/default.jpg,False,False,False,Auto-generated sample description for Pets & Animals video.
aAQRb4aw135,24.05.03,Official Music Highlights,Channel_2139,1,2024-03-04T11:00:00.000Z,2024|vlog|music,83977,3306,64,1092,https://i.ytimg.com/vi/zy_wY9NBokV/default.jpg,False,False,False,Auto-generated sample description for Music video.
riFjQt521-M,24.03.05,Behind the Scenes: Sports,Channel_76,17,2024-05-03T04:00:00.000Z,official|review|trending,2956,52,19,12,https://i.ytimg.com/vi/FdfFO0Jytln/default.jpg,False,False,False,Auto-generated sample description for Sports video.
Eni9H4OGViY,24.13.03,Official Music Highlights,Channel_2,1,2024-03-09T20:00:00.000Z,trending|music|2024,53155,2322,414,98,https://i.ytimg.com/vi/IO9IZI6PExI/default.jpg,False,False,False,Auto-generated sample description for Music video.
tsiO_3MTRCF,24.29.03,Official Music Highlights,Channel_1893,1,2024-03-28T08:00:00.000Z,review|vlog|music,11000,593,7,32,https://i.ytimg.com/vi/6Ygm-YfG280/default.jpg,False,False,False,Auto-generated sample description for Music video.
vmQ5PaY_fYf,24.10.01,Top 10 Music Moments This Week,Channel_1125,1,2024-01-08T00:00:00.000Z,vlog|review|official,141323,3163,1352,320,https://i.ytimg.com/vi/ERz1FRdE92E/default.jpg,False,False,False,Auto-generated sample description for Music video.
DSe_EuEC6w5,24.08.03,Reacting to Comedy Trends,Channel_2911,16,2024-03-05T07:00:00.000Z,review|music|live,3019,131,14,54,https://i.ytimg.com/vi/-9jziHSMxzp/default.jpg,False,False,False,Auto-generated sample description for Comedy video.
cjcrVaODD9R,24.18.02,Behind the Scenes: Comedy,Channel_4721,16,2024-02-18T21:00:00.000Z,review|music|live,9599,488,47,158,https://i.ytimg.com/vi/TS2HkNNX_qv/default.jpg,False,False,False,Auto-generated sample description for Comedy video.
vlPPW1KK533,24.15.02,Official Entertainment Highlights,Channel_2581,2,2024-02-11T20:00:00.000Z,vlog|2024|trending,20690,541,156,251,https://i.ytimg.com/vi/TWW41D9y1Ab/default.jpg,False,True,False,Auto-generated sample description for Entertainment video.
atH7cu7wqgc,24.18.01,Sports Compilation 2024,Channel_4597,26,2024-01-14T11:00:00.000Z,official|vlog|2024,1032318,47329,6197,4463,https://i.ytimg.com/vi/qnp07VZDj29/default.jpg,False,False,False,Auto-generated sample description for Sports video.
JSQQk1V0r-y,24.19.08,Official Sports Highlights,Channel_296,26,2024-08-15T07:00:00.000Z,trending|review|live,132368,4744,1203,1640,https://i.ytimg.com/vi/RUnbTg_2NlB/default.jpg,False,False,True,Auto-generated sample description for Sports video.
7bAfZYY1yVN,24.20.04,Why This News & Politics Video Went Viral,Channel_3810,21,2024-04-17T02:00:00.000Z,official|music|review,45731,784,43,572,https://i.ytimg.com/vi/EzyzG3fI1yx/default.jpg,False,False,False,Auto-generated sample description for News & Politics video.
Qi9HLU0nrqn,24.01.10,Reacting to Comedy Trends,Channel_1769,16,2024-09-28T00:00:00.000Z,official|music|2024,67090,2780,226,211,https://i.ytimg.com/vi/ODH0WMANxE3/default.jpg,False,False,False,Auto-generated sample description for Comedy video.
5x7FYgM4J84,24.19.05,Behind the Scenes: People & Blogs,Channel_2730,15,2024-05-16T10:00:00.000Z,official|trending|2024,107263,3998,794,171,https://i.ytimg.com/vi/O28arthfKL8/default.jpg,True,False,False,Auto-generated sample description for People & Blogs video.
M86A7wY4J_W,24.07.12,Official Entertainment Highlights,Channel_4693,2,2024-12-03T15:00:00.000Z,vlog|2024|review,92307,5107,680,325,https://i.ytimg.com/vi/4z5Ca7Gvg2k/default.jpg,False,False,False,Auto-generated sample description for Entertainment video.
Mc7je7yvyHt,24.06.05,Official Travel & Events Highlights,Channel_4271,6,2024-05-03T17:00:00.000Z,2024|review|vlog,5116,323,3,44,https://i.ytimg.com/vi/LrJDm1rpSam/default.jpg,False,False,False,Auto-generated sample description for Travel & Events video.
HrRfyPraLjD,24.29.08,Behind the Scenes: Music,Channel_3381,1,2024-08-29T06:00:00.000Z,live|2024|music,51305,1816,74,338,https://i.ytimg.com/vi/HqB_i-GBL8k/default.jpg,False,False,False,Auto-generated sample description for Music video.
5BcEAqGBlo-,24.12.01,Sports Compilation 2024,Channel_1190,27,2024-01-10T09:00:00.000Z,official|trending|live,18640,1371,48,348,https://i.ytimg.com/vi/maYv6F9whv3/default.jpg,False,False,False,Auto-generated sample description for Sports video.
LDL4tsbRvn6,24.29.10,People & Blogs Compilation 2024,Channel_383,15,2024-10-28T02:00:00.000Z,live|music|official,15570,262,137,286,https://i.ytimg.com/vi/ahCUnP0RblQ/default.jpg,False,False,False,Auto-generated sample description for People & Blogs video.
zmpLs9KeL8G,24.20.07,Top 10 Entertainment Moments This Week,Channel_4870,2,2024-07-20T18:00:00.000Z,trending|official|live,141485,10764,1145,1273,https://i.ytimg.com/vi/ivTEmxbPXcO/default.jpg,False,False,False,Auto-generated sample description for Entertainment video.
Vb_YW2H37Ps,24.16.03,Reacting to Music Trends,Channel_4505,1,2024-03-12T22:00:00.000Z,music|official|trending,33649,458,308,306,https://i.ytimg.com/vi/9OjBS-CTxwZ/default.jpg,False,False,False,Auto-generated sample description for Music video.
L4DAZp-uGGW,24.06.11,Travel & Events Compilation 2024,Channel_1376,3,2024-11-05T13:00:00.000Z,vlog|review|2024,10329,771,23,159,https://i.ytimg.com/vi/c5W_l2tPXlv/default.jpg,True,False,False,Auto-generated sample description for Travel & Events video.
qITDd6FrTmj,24.08.12,Top 10 Music Moments This Week,Channel_596,1,2024-12-07T18:00:00.000Z,vlog|2024|official,70180,3863,250,213,https://i.ytimg.com/vi/2nS_I5nYV9T/default.jpg,False,False,False,Auto-generated sample description for Music video.
al8_pPJPpdc,24.11.06,Top 10 News & Politics Moments This Week,Channel_4401,21,2024-06-10T19:00:00.000Z,trending|2024|official,7139,190,41,99,https://i.ytimg.com/vi/nrJ4LdVgrqL/default.jpg,False,False,False,Auto-generated sample description for News & Politics video.
JMI9th9Wa2-,25.05.02,Reacting to Sports Trends,Channel_4361,17,2025-02-03T03:00:00.000Z,vlog|trending|live,275313,15228,2097,3036,https://i.ytimg.com/vi/bn9KoJvxlqz/default.jpg,False,False,False,Auto-generated sample description for Sports video.
G-kS2ZJ9ncu,24.11.02,News & Politics Compilation 2024,Channel_4523,19,2024-02-11T21:00:00.000Z,2024|trending|vlog,12563,363,103,146,https://i.ytimg.com/vi/WGuMDbfylPR/default.jpg,False,False,False,Auto-generated sample description for News & Politics video.
RTK-xyeCi7J,24.03.06,Top 10 Sports Moments This Week,Channel_1702,17,2024-06-01T04:00:00.000Z,trending|review|music,3468,199,28,44,https://i.ytimg.com/vi/kmzS9KX-ZHY/default.jpg,False,False,False,Auto-generated sample description for Sports video.
rZcVV1ToXgp,24.15.06,Official Sports Highlights,Channel_1761,26,2024-06-13T17:00:00.000Z,music|review|live,7782,362,16,101,https://i.ytimg.com/vi/oiadTOQsJLs/default.jpg,False,False,False,Auto-generated sample description for Sports video.
lPiC_NZmvzb,24.29.01,Official Music Highlights,Channel_2272,1,2024-01-29T07:00:00.000Z,official|vlog|music,408120,22873,1063,7550,https://i.ytimg.com/vi/cex2vock5q2/default.jpg,False,False,False,Auto-generated sample description for Music video.
sZHCoL1A0E_,25.19.01,Reacting to Education Trends,Channel_4966,10,2025-01-18T02:00:00.000Z,official|music|live,41184,1509,42,556,https://i.ytimg.com/vi/mgjtEy_OK8K/default.jpg,False,False,False,Auto-generated sample description for Education video.
mt9OO7lUGQe,24.11.01,Why This Comedy Video Went Viral,Channel_1420,16,2024-01-10T04:00:00.000Z,vlog|trending|2024,13980,517,107,133,https://i.ytimg.com/vi/QiLeSYTzltG/default.jpg,False,False,False,Auto-generated sample description for Comedy video.
y2NXs3A9zsk,24.30.05,Why This Sports Video Went Viral,Channel_3429,27,2024-05-27T14:00:00.000Z,official|live|2024,10538,607,69,17,https://i.ytimg.com/vi/b2zgfNP7ui8/default.jpg,False,False,False,Auto-generated sample description for Sports video.
Jle-p__W3fN,24.16.04,Top 10 Entertainment Moments This Week,Channel_133,2,2024-04-14T08:00:00.000Z,vlog|live|official,83905,3341,49,956,https://i.ytimg.com/vi/Ti6dQ-gyP3G/default.jpg,False,False,False,Auto-generated sample description for Entertainment video.
-p1A-6jOn2k,24.16.07,Why This Entertainment Video Went Viral,Channel_320,2,2024-07-16T14:00:00.000Z,trending|official|2024,67736,2727,294,1044,https://i.ytimg.com/vi/RJSBMT781Tb/default.jpg,False,False,False,Auto-generated sample description for Entertainment video.
msniFDN1Vc4,24.27.10,Why This Music Video Went Viral,Channel_1170,1,2024-10-24T12:00:00.000Z,vlog|live|review,7553,105,59,5,https://i.ytimg.com/vi/VZED16dwJwY/default.jpg,False,False,False,Auto-generated sample description for Music video.
9ES77HbWctp,24.14.01,Why This Sports Video Went Viral,Channel_1774,27,2024-01-11T17:00:00.000Z,trending|music|2024,1539,72,13,7,https://i.ytimg.com/vi/bIwygRsoHJW/default.jpg,False,False,False,Auto-generated sample description for Sports video.
J-cwASrrvw9,24.05.06,Top 10 Entertainment Moments This Week,Channel_3378,2,2024-06-01T02:00:00.000Z,2024|music|live,28810,977,128,36,https://i.ytimg.com/vi/uL3qy9UtGyu/default.jpg,False,False,False,Auto-generated sample description for Entertainment video.
-zvDKb3gXSM,24.24.09,Top 10 Music Moments This Week,Channel_1016,1,2024-09-23T03:00:00.000Z,vlog|trending|music,188136,9342,950,3638,https://i.ytimg.com/vi/0_08ayqt7rs/default.jpg,False,False,False,Auto-generated sample description for Music video.
-WsnFtReFnC,24.30.10,Why This Sports Video Went Viral,Channel_1108,26,2024-10-30T04:00:00.000Z,review|music|live,10103,771,36,28,https://i.ytimg.com/vi/7x5Y9Au6ktF/default.jpg,False,False,False,Auto-generated sample description for Sports video.
zuXrKFh3hjP,24.09.01,Why This Sports Video Went Viral,Channel_939,26,2024-01-06T09:00:00.000Z,music|2024|vlog,31014,1496,144,47,https://i.ytimg.com/vi/PLSguLkjN_w/default.jpg,False,False,False,Auto-generated sample description for Sports video.
w30L9WFJgdj,24.04.03,Official Science & Technology Highlights,Channel_3825,11,2024-03-03T14:00:00.000Z,trending|music|official,8996,465,46,35,https://i.ytimg.com/vi/yMarPFnsFlG/default.jpg,False,False,False,Auto-generated sample description for Science & Technology video.
BYQgw2DDsN2,24.25.02,Official Entertainment Highlights,Channel_1023,2,2024-02-23T13:00:00.000Z,music|vlog|review,76295,2890,571,153,https://i.ytimg.com/vi/J3ug1y3R3im/default.jpg,False,False,False,Auto-generated sample description for Entertainment video.
7969dyiTyuL,24.20.10,Official People & Blogs Highlights,Channel_3850,9,2024-10-17T02:00:00.000Z,music|vlog|review,24876,1296,161,52,https://i.ytimg.com/vi/2P2hhrohXJP/default.jpg,False,False,False,Auto-generated sample description for People & Blogs video.
NchwutyOxP8,24.19.04,Music Compilation 2024,Channel_3335,1,2024-04-18T22:00:00.000Z,music|official|vlog,388030,10001,2664,5204,https://i.ytimg.com/vi/z4U2_TcKZY5/default.jpg,False,False,False,Auto-generated sample description for Music video.
2plCY7DAtrp,24.16.05,Behind the Scenes: Music,Channel_1483,1,2024-05-13T11:00:00.000Z,live|official|trending,32208,774,33,530,https://i.ytimg.com/vi/UJNOGipFoad/default.jpg,False,False,False,Auto-generated sample description for Music video.
wHJTRFTfoOK,24.05.06,Autos & Vehicles Compilation 2024,Channel_1924,8,2024-06-04T21:00:00.000Z,official|vlog|trending,826,44,3,13,https://i.ytimg.com/vi/fHVdKQ60xM-/default.jpg,False,False,False,Auto-generated sample description for Autos & Vehicles video.
Ob-2fcuFPzu,24.13.07,Reacting to Education Trends,Channel_4320,23,2024-07-11T06:00:00.000Z,official|vlog|music,28531,1378,49,91,https://i.ytimg.com/vi/qqwqym1wK9A/default.jpg,False,False,False,Auto-generated sample description for Education video.
Uqf_ysZ8htH,24.01.11,Why This Music Video Went Viral,Channel_4386,1,2024-10-31T13:00:00.000Z,vlog|trending|official,91060,6647,294,952,https://i.ytimg.com/vi/H30aVYoYEc2/default.jpg,False,False,False,Auto-generated sample description for Music video.
Vls28f0DKkU,24.25.07,Comedy Compilation 2024,Channel_1569,16,2024-07-21T06:00:00.000Z,trending|official|live,5789,134,4,72,https://i.ytimg.com/vi/nsAGP7CmW2_/default.jpg,False,False,False,Auto-generated sample description for Comedy video.
_ky7XGIJqUu,24.05.05,Why This Entertainment Video Went Viral,Channel_2383,2,2024-05-04T21:00:00.000Z,2024|live|official,41224,3268,164,520,https://i.ytimg.com/vi/ykeuCTjroH2/default.jpg,False,False,False,Auto-generated sample description for Entertainment video.
eqlQbVhq_6B,24.18.02,Behind the Scenes: Music,Channel_2425,1,2024-02-18T01:00:00.000Z,vlog|music|official,19055,1039,68,333,https://i.ytimg.com/vi/cPRMcABga3F/default.jpg,False,False,False,Auto-generated sample description for Music video.
O_qDEkQuC6B,25.09.01,Official Entertainment Highlights,Channel_2384,2,2025-01-07T06:00:00.000Z,trending|official|review,19479,1293,180,352,https://i.ytimg.com/vi/PwCfgWGHnV3/default.jpg,False,False,False,Auto-generated sample description for Entertainment video.
4y0WUFXqdGw,24.15.07,Official Music Highlights,Channel_860,1,2024-07-11T10:00:00.000Z,live|review|trending,12339,732,112,45,https://i.ytimg.com/vi/DCAwyDsVoEA/default.jpg,False,False,False,Auto-generated sample description for Music video.
NZPzwg_xqi8,25.06.02,Official Music Highlights,Channel_4476,1,2025-02-02T02:00:00.000Z,official|review|vlog,42939,3018,325,789,https://i.ytimg.com/vi/cpV4Hh68V3I/default.jpg,False,False,False,Auto-generated sample description for Music video.
iy10wEn7U5S,24.31.05,Why This Entertainment Video Went Viral,Channel_108,2,2024-05-28T14:00:00.000Z,vlog|2024|review,37195,1854,193,410,https://i.ytimg.com/vi/hqf--ovf0XY/default.jpg,False,False,False,Auto-generated sample description for Entertainment video.
bihfgUfx-uu,24.20.09,Behind the Scenes: Music,Channel_4676,1,2024-09-17T22:00:00.000Z,review|vlog|2024,147562,9432,837,2588,https://i.ytimg.com/vi/OWW-KrQ4BZm/default.jpg,False,False,False,Auto-generated sample description for Music video.
Dq6qerU_Aw9,24.25.06,Behind the Scenes: Entertainment,Channel_4882,2,2024-06-21T19:00:00.000Z,live|review|2024,120574,3221,785,1229,https://i.ytimg.com/vi/1_LSsX-S1J6/default.jpg,False,False,False,Auto-generated sample description for Entertainment video.
m3cU2QfisaS,24.29.06,Official Music Highlights,Channel_4703,1,2024-06-28T07:00:00.000Z,vlog|live|review,9525,115,84,12,https://i.ytimg.com/vi/NzbqWHFyFrU/default.jpg,False,False,False,Auto-generated sample description for Music video.
c2BhFYUnWJ4,24.06.11,Official Music Highlights,Channel_256,1,2024-11-04T14:00:00.000Z,trending|vlog|review,62571,4373,459,562,https://i.ytimg.com/vi/AcY0VD6nISo/default.jpg,False,False,False,Auto-generated sample description for Music video.
g7U3ZDk_PrK,24.23.11,Reacting to News & Politics Trends,Channel_850,19,2024-11-19T22:00:00.000Z,trending|music|vlog,50266,2218,400,697,https://i.ytimg.com/vi/3AQvhJNjdGO/default.jpg,False,False,False,Auto-generated sample description for News & Politics video.
pzswmTG5yi-,24.27.02,Behind the Scenes: Howto & Style,Channel_852,20,2024-02-27T18:00:00.000Z,review|live|2024,2957,185,29,28,https://i.ytimg.com/vi/gxwGysnBx_E/default.jpg,False,False,False,Auto-generated sample description for Howto & Style video.
SeAHicQHtvj,24.06.04,Top 10 Entertainment Moments This Week,Channel_4523,2,2024-04-03T13:00:00.000Z,live|review|trending,31227,2283,248,207,https://i.ytimg.com/vi/TecXcDjHgkR/default.jpg,False,False,False,Auto-generated sample description for Entertainment video.
IPj2UqN8WtO,24.23.09,Why This Sports Video Went Viral,Channel_3009,27,2024-09-19T09:00:00.000Z,official|vlog|trending,17699,1125,9,250,https://i.ytimg.com/vi/5F1lFPtHoD5/default.jpg,False,False,False,Auto-generated sample description for Sports video.
Gx3Q5Mz8aha,24.05.09,Official Entertainment Highlights,Channel_3774,2,2024-09-03T22:00:00.000Z,vlog|official|review,9889,147,10,87,https://i.ytimg.com/vi/c_T2lnv5C0l/default.jpg,False,False,False,Auto-generated sample description for Entertainment video.
3GOeg57_IXQ,24.15.09,Why This News & Politics Video Went Viral,Channel_765,19,2024-09-12T21:00:00.000Z,2024|official|music,3668,253,26,66,https://i.ytimg.com/vi/VdoT8pxD3gN/default.jpg,False,False,False,Auto-generated sample description for News & Politics video.
-x4KaJBOZ3E,24.29.04,Why This Science & Technology Video Went Viral,Channel_2714,5,2024-04-28T11:00:00.000Z,vlog|review|trending,9016,306,44,145,https://i.ytimg.com/vi/97-Hb6a5WJy/default.jpg,False,False,False,Auto-generated sample description for Science & Technology video.
5cJlPaun-gb,24.19.02,Behind the Scenes: Entertainment,Channel_371,2,2024-02-19T21:00:00.000Z,live|music|2024,1778,134,16,26,https://i.ytimg.com/vi/1c6vHvdzjtL/default.jpg,False,False,False,Auto-generated sample description for Entertainment video.
fns4A2f9Hm-,24.13.03,Official Entertainment Highlights,Channel_4989,2,2024-03-09T06:00:00.000Z,music|official|2024,18228,238,57,66,https://i.ytimg.com/vi/xI2zRz4qx5A/default.jpg,False,False,False,Auto-generated sample description for Entertainment video.
G6ZcMTS5Oro,24.24.08,Official Entertainment Highlights,Channel_64,2,2024-08-23T22:00:00.000Z,music|live|vlog,27711,2034,219,370,https://i.ytimg.com/vi/j2yX8dIpTe0/default.jpg,False,False,False,Auto-generated sample description for Entertainment video.
3-nToz9KB7V,24.08.12,Top 10 Comedy Moments This Week,Channel_1200,16,2024-12-08T20:00:00.000Z,trending|2024|vlog,3828,55,5,45,https://i.ytimg.com/vi/iuuQhTbYqBR/default.jpg,False,False,False,Auto-generated sample description for Comedy video.
mXI9wBAW5Py,24.04.07,Behind the Scenes: Music,Channel_1809,1,2024-07-01T18:00:00.000Z,2024|live|vlog,93786,6554,537,349,https://i.ytimg.com/vi/gUX1FT3hTIt/default.jpg,False,False,False,Auto-generated sample description for Music video.
gzpCEg8CWt9,24.15.04,Why This Sports Video Went Viral,Channel_1116,26,2024-04-13T10:00:00.000Z,review|vlog|official,92994,1069,319,596,https://i.ytimg.com/vi/90uSEJcgm1F/default.jpg,False,False,False,Auto-generated sample description for Sports video.
RMiViT0jq1R,24.17.08,Behind the Scenes: Entertainment,Channel_1466,2,2024-08-16T10:00:00.000Z,trending|live|2024,59224,2399,205,1162,https://i.ytimg.com/vi/_ghoa61zzqg/default.jpg,False,False,False,Auto-generated sample description for Entertainment video.
T1xFPZsCAck,24.16.03,Behind the Scenes: People & Blogs,Channel_2573,9,2024-03-15T22:00:00.000Z,review|trending|vlog,9990,630,44,68,https://i.ytimg.com/vi/yFbMR_Wxusr/default.jpg,False,False,False,Auto-generated sample description for People & Blogs video.
IixVtVNn-Ad,24.29.05,Behind the Scenes: Entertainment,Channel_4866,2,2024-05-28T16:00:00.000Z,live|music|trending,179589,11068,1630,2739,https://i.ytimg.com/vi/q6RdRZT0aq4/default.jpg,False,False,False,Auto-generated sample description for Entertainment video.
NopZPtfkjjg,24.01.02,Why This Sports Video Went Viral,Channel_154,27,2024-01-30T16:00:00.000Z,review|2024|official,48559,833,155,505,https://i.ytimg.com/vi/-ZFdakMLtad/default.jpg,False,False,False,Auto-generated sample description for Sports video.
MdiT3tuoQ64,24.12.10,Official Music Highlights,Channel_892,1,2024-10-09T05:00:00.000Z,review|vlog|official,111127,4686,806,1434,https://i.ytimg.com/vi/lChrCdrQ3Qh/default.jpg,False,False,False,Auto-generated sample description for Music video.
F04PGqM0w6r,24.24.08,Top 10 Entertainment Moments This Week,Channel_3313,2,2024-08-21T17:00:00.000Z,vlog|official|live,29124,442,29,344,https://i.ytimg.com/vi/FbclPLTP2Tq/default.jpg,False,False,False,Auto-generated sample description for Entertainment video.
8lLy-fcJlHM,24.05.10,Official Comedy Highlights,Channel_622,16,2024-10-02T08:00:00.000Z,music|live|2024,166385,6659,697,3141,https://i.ytimg.com/vi/Pg-_xhWm4-8/default.jpg,False,False,False,Auto-generated sample description for Comedy video.
HIIPczBDcbT,24.31.12,Top 10 Entertainment Moments This Week,Channel_1673,2,2024-12-28T12:00:00.000Z,music|review|vlog,107490,5407,987,1324,https://i.ytimg.com/vi/wT_kliPmXeJ/default.jpg,False,False,False,Auto-generated sample description for Entertainment video.
XS9t-lFzx8g,24.30.01,Behind the Scenes: Science & Technology,Channel_141,11,2024-01-28T15:00:00.000Z,2024|review|music,7134,353,32,95,https://i.ytimg.com/vi/U0Q6lYVI4qR/default.jpg,False,False,False,Auto-generated sample description for Science & Technology video.
ZMzajXTerHy,24.04.07,Why This Music Video Went Viral,Channel_1371,1,2024-07-04T02:00:00.000Z,live|music|review,5349,57,17,61,https://i.ytimg.com/vi/n7ZYte6OnGn/default.jpg,False,False,False,Auto-generated sample description for Music video.
a7Lj2Nlr0KH,24.23.03,Top 10 Sports Moments This Week,Channel_4922,26,2024-03-23T16:00:00.000Z,official|2024|review,9676,378,39,182,https://i.ytimg.com/vi/m-hxWQrL7fs/default.jpg,False,False,False,Auto-generated sample description for Sports video.
cKWkAPzpaUV,24.08.08,Why This Education Video Went Viral,Channel_4451,23,2024-08-05T14:00:00.000Z,trending|official|review,5737,306,48,39,https://i.ytimg.com/vi/xAvXeiO_XMe/default.jpg,False,False,False,Auto-generated sample description for Education video.
39zkQxh12ag,25.16.01,Why This Music Video Went Viral,Channel_4346,1,2025-01-13T08:00:00.000Z,trending|2024|vlog,17804,1295,39,266,https://i.ytimg.com/vi/pHAKOERnr7w/default.jpg,False,False,False,Auto-generated sample description for Music video.
DIXRQVfjkrS,24.15.07,Sports Compilation 2024,Channel_1345,17,2024-07-11T06:00:00.000Z,trending|official|2024,171544,5031,745,3017,https://i.ytimg.com/vi/VLakB0K3pXB/default.jpg,False,False,False,Auto-generated sample description for Sports video.
EdI8VkanGRo,24.08.05,Official Music Highlights,Channel_1683,1,2024-05-04T19:00:00.000Z,trending|live|music,158837,2057,380,3072,https://i.ytimg.com/vi/EuqUvPMpWJp/default.jpg,False,False,False,Auto-generated sample description for Music video.
_MaFBGCs0RK,24.23.06,Top 10 Sports Moments This Week,Channel_4572,26,2024-06-23T02:00:00.000Z,review|music|trending,20328,1248,115,257,https://i.ytimg.com/vi/t1X1k2arB-k/default.jpg,False,False,False,Auto-generated sample description for Sports video.
skG6BRnnBR_,24.03.06,Reacting to Music Trends,Channel_4824,1,2024-05-31T13:00:00.000Z,review|official|live,25468,720,171,152,https://i.ytimg.com/vi/EvB7vN9Nt9M/default.jpg,False,False,False,Auto-generated sample description for Music video.
7OFBgo4EI8X,24.12.10,Reacting to Entertainment Trends,Channel_201,2,2024-10-11T21:00:00.000Z,trending|2024|official,1936525,68221,14379,14004,https://i.ytimg.com/vi/FrxDLD2ZoYG/default.jpg,False,False,False,Auto-generated sample description for Entertainment video.
mdieIVEjMFs,24.22.11,Why This News & Politics Video Went Viral,Channel_2755,25,2024-11-20T17:00:00.000Z,live|music|official,139703,3827,763,1479,https://i.ytimg.com/vi/Go0HTohqceo/default.jpg,False,False,False,Auto-generated sample description for News & Politics video.
u-80SCANbJx,24.02.10,Reacting to Music Trends,Channel_1059,1,2024-09-28T06:00:00.000Z,official|review|live,59667,1654,314,1158,https://i.ytimg.com/vi/UyyEVNt0pKW/default.jpg,False,False,False,Auto-generated sample description for Music video.
qWxjIcZouWZ,25.01.02,Sports Compilation 2024,Channel_949,26,2025-01-28T03:00:00.000Z,review|official|live,61243,2510,428,168,https://i.ytimg.com/vi/-pDoW27-Z2d/default.jpg,False,False,False,Auto-generated sample description for Sports video.
AjSDeKf3qbx,24.28.08,Comedy Compilation 2024,Channel_3856,16,2024-08-26T09:00:00.000Z,2024|music|live,2399,149,8,25,https://i.ytimg.com/vi/ktyucRouCHJ/default.jpg,False,False,False,Auto-generated sample description for Comedy video.
UZn16k6XZqt,24.29.12,Top 10 Autos & Vehicles Moments This Week,Channel_4694,8,2024-12-28T05:00:00.000Z,trending|music|vlog,614,25,1,6,https://i.ytimg.com/vi/-ZvubjvVph1/default.jpg,False,False,False,Auto-generated sample description for Autos & Vehicles video.
q0yeUrrbvJN,24.17.03,Music Compilation 2024,Channel_2816,1,2024-03-15T07:00:00.000Z,trending|2024|review,40625,1463,202,285,https://i.ytimg.com/vi/CWVtV9l-2Zu/default.jpg,False,False,False,Auto-generated sample description for Music video.
LD6PeiN9BaZ,24.10.04,Top 10 Comedy Moments This Week,Channel_4064,16,2024-04-10T14:00:00.000Z,official|live|trending,1033,57,7,17,https://i.ytimg.com/vi/ndf5SzThK2y/default.jpg,False,False,False,Auto-generated sample description for Comedy video.
OHUrSOex5px,24.22.04,People & Blogs Compilation 2024,Channel_3767,15,2024-04-20T03:00:00.000Z,review|trending|2024,61108,4542,536,755,https://i.ytimg.com/vi/ObZ5WTAg8ZV/default.jpg,False,False,False,Auto-generated sample description for People & Blogs video.
eKfeZDF3TfR,24.18.10,Official Howto & Style Highlights,Channel_461,4,2024-10-17T13:00:00.000Z,official|review|trending,7234,414,10,10,https://i.ytimg.com/vi/DD6mdInxGWn/default.jpg,False,False,False,Auto-generated sample description for Howto & Style video.
LohvuYHmzvh,24.25.10,Reacting to Entertainment Trends,Channel_367,2,2024-10-25T21:00:00.000Z,review|2024|music,195936,8041,1571,3298,https://i.ytimg.com/vi/ZZ-dskXaoYI/default.jpg,False,False,False,Auto-generated sample description for Entertainment video.
dd379oRXxSz,24.02.08,Reacting to People & Blogs Trends,Channel_83,15,2024-08-01T04:00:00.000Z,official|review|2024,11182,731,83,98,https://i.ytimg.com/vi/KvHxl7nq1sa/default.jpg,False,False,False,Auto-generated sample description for People & Blogs video.
Mo5g77pAJbC,24.11.10,Travel & Events Compilation 2024,Channel_2578,3,2024-10-07T08:00:00.000Z,live|trending|vlog,1346,16,9,16,https://i.ytimg.com/vi/iBEpLK-6EX5/default.jpg,False,False,False,Auto-generated sample description for Travel & Events video.
ZgUYUKbTQv3,24.19.10,Top 10 Sports Moments This Week,Channel_161,17,2024-10-15T10:00:00.000Z,review|vlog|music,14048,443,86,156,https://i.ytimg.com/vi/jVOcVl__tft/default.jpg,False,False,False,Auto-generated sample description for Sports video.
YAWsQjpVqYS,24.20.07,Science & Technology Compilation 2024,Channel_1340,5,2024-07-18T07:00:00.000Z,music|review|live,91518,1019,548,1405,https://i.ytimg.com/vi/E01Pux9gBH6/default.jpg,False,False,False,Auto-generated sample description for Science & Technology video.
BOsHd3Fq9dd,24.21.11,Official Sports Highlights,Channel_435,27,2024-11-20T06:00:00.000Z,official|review|trending,73524,3958,321,584,https://i.ytimg.com/vi/T5r3iJ_--qc/default.jpg,False,False,False,Auto-generated sample description for Sports video.
xdvPSUe1LW0,24.28.07,Official Pets & Animals Highlights,Channel_1265,12,2024-07-24T22:00:00.000Z,trending|live|vlog,5234,204,22,15,https://i.ytimg.com/vi/utBB-GfX7IN/default.jpg,False,False,False,Auto-generated sample description for Pets & Animals video.
Ystt6LYs8i2,24.01.04,Reacting to Music Trends,Channel_788,1,2024-03-28T11:00:00.000Z,review|live|official,32755,1439,272,599,https://i.ytimg.com/vi/rJh5eN2V6er/default.jpg,False,False,False,Auto-generated sample description for Music video.
qF4zMrU2x6k,24.24.08,Behind the Scenes: Sports,Channel_1022,27,2024-08-22T03:00:00.000Z,music|trending|2024,34665,2490,332,211,https://i.ytimg.com/vi/Axi4gqcqrFf/default.jpg,False,False,False,Auto-generated sample description for Sports video.
hD0MdkFxjbt,24.26.03,Reacting to Sports Trends,Channel_600,27,2024-03-26T20:00:00.000Z,music|2024|review,19149,753,104,269,https://i.ytimg.com/vi/Tnt71VyInxy/default.jpg,False,False,False,Auto-generated sample description for Sports video.
lJ4bcuP0oa8,24.01.03,Reacting to Sports Trends,Channel_4535,27,2024-02-27T02:00:00.000Z,vlog|music|official,1552,114,13,16,https://i.ytimg.com/vi/2ATgzdE0fom/default.jpg,False,False,False,Auto-generated sample description for Sports video.
pC20WWupS7T,24.05.08,Behind the Scenes: Entertainment,Channel_3336,2,2024-08-04T19:00:00.000Z,trending|vlog|live,3431449,141957,7745,55718,https://i.ytimg.com/vi/rjgI_x3DSwP/default.jpg,False,False,False,Auto-generated sample description for Entertainment video.
bc5hyXunUSM,24.24.01,Official Entertainment Highlights,Channel_891,2,2024-01-22T21:00:00.000Z,trending|2024|vlog,134903,10577,775,559,https://i.ytimg.com/vi/t9Yducwbbuj/default.jpg,True,False,False,Auto-generated sample description for Entertainment video.
oNY_ZalJs7W,24.27.03,Why This Music Video Went Viral,Channel_3483,1,2024-03-23T11:00:00.000Z,live|trending|official,591200,21419,5523,11372,https://i.ytimg.com/vi/EXZVcFbzRPU/default.jpg,False,False,False,Auto-generated sample description for Music video.
9JO1792QJ5x,24.02.09,Official Sports Highlights,Channel_354,26,2024-08-29T11:00:00.000Z,official|live|music,1244,69,10,20,https://i.ytimg.com/vi/F7NiWK1wJVv/default.jpg,False,False,False,Auto-generated sample description for Sports video.
IagnU2mI3Uw,25.22.01,Top 10 Sports Moments This Week,Channel_378,17,2025-01-21T10:00:00.000Z,2024|trending|live,23282,552,123,280,https://i.ytimg.com/vi/n9n6OUZfhoe/default.jpg,False,False,False,Auto-generated sample description for Sports video.
IoqRITqlN5n,24.17.06,Behind the Scenes: Entertainment,Channel_726,2,2024-06-17T00:00:00.000Z,official|review|live,196394,14773,1123,1061,https://i.ytimg.com/vi/ko3FhxbnTi6/default.jpg,False,False,False,Auto-generated sample description for Entertainment video.
JM-4Luag2Zr,24.01.10,Why This Music Video Went Viral,Channel_3707,1,2024-09-30T17:00:00.000Z,review|trending|vlog,4318,257,32,2,https://i.ytimg.com/vi/HcosmhnFEbo/default.jpg,False,True,False,Auto-generated sample description for Music video.
lMQ9Yrs8EsW,24.19.08,Sports Compilation 2024,Channel_4162,26,2024-08-19T18:00:00.000Z,2024|official|trending,7873,467,46,64,https://i.ytimg.com/vi/l2-IP01b5CY/default.jpg,False,False,False,Auto-generated sample description for Sports video.
RWphExrXAI0,24.17.09,Reacting to Entertainment Trends,Channel_4609,2,2024-09-16T20:00:00.000Z,vlog|live|trending,28487,836,91,443,https://i.ytimg.com/vi/lSztJIMnOhU/default.jpg,False,False,False,Auto-generated sample description for Entertainment video.
ZODBPBOxF4z,24.30.12,Reacting to Autos & Vehicles Trends,Channel_4810,13,2024-12-30T14:00:00.000Z,music|trending|2024,9540,191,82,119,https://i.ytimg.com/vi/gj9b_rag8iQ/default.jpg,False,False,False,Auto-generated sample description for Autos & Vehicles video.
FR3IUstMu_f,24.15.09,Why This Music Video Went Viral,Channel_1540,1,2024-09-15T13:00:00.000Z,vlog|live|official,122700,9382,256,846,https://i.ytimg.com/vi/ipMq7SW0Yke/default.jpg,False,False,False,Auto-generated sample description for Music video.
aoSMsn8xitK,24.20.07,Reacting to Music Trends,Channel_2879,1,2024-07-19T09:00:00.000Z,review|2024|live,131972,2677,737,2413,https://i.ytimg.com/vi/7NCGWtC0pDd/default.jpg,False,False,False,Auto-generated sample description for Music video.
MXn_QutVlUT,25.01.01,Reacting to Entertainment Trends,Channel_800,2,2024-12-31T12:00:00.000Z,music|official|trending,34683,2742,251,366,https://i.ytimg.com/vi/_kDmicahbzi/default.jpg,False,False,False,Auto-generated sample description for Entertainment video.
5-4iwQoLQ6P,24.26.03,Why This Entertainment Video Went Viral,Channel_2955,2,2024-03-23T11:00:00.000Z,trending|2024|live,118533,2327,564,959,https://i.ytimg.com/vi/g0hI4xOMd1V/default.jpg,False,False,False,Auto-generated sample description for Entertainment video.
QX5xkJF9qxg,25.03.02,Top 10 Entertainment Moments This Week,Channel_1161,2,2025-01-31T03:00:00.000Z,2024|vlog|music,193996,12439,1588,611,https://i.ytimg.com/vi/nt2Gx3YPOw1/default.jpg,False,False,False,Auto-generated sample description for Entertainment video.
k6RDRmQmgw7,24.25.01,Top 10 Travel & Events Moments This Week,Channel_2196,3,2024-01-23T14:00:00.000Z,live|music|2024,44858,2076,406,713,https://i.ytimg.com/vi/7wQFFcRXLcP/default.jpg,False,False,False,Auto-generated sample description for Travel & Events video.
lDdqc-VBumr,25.07.02,Official Music Highlights,Channel_3613,1,2025-02-03T18:00:00.000Z,2024|trending|live,32736,404,289,225,https://i.ytimg.com/vi/XKoATuO1qhJ/default.jpg,False,False,False,Auto-generated sample description for Music video.
Lxn-AviXYMF,24.23.08,Official Sports Highlights,Channel_3654,27,2024-08-21T09:00:00.000Z,2024|music|vlog,254535,17327,734,3068,https://i.ytimg.com/vi/UGhHkxwPnSq/default.jpg,False,False,False,Auto-generated sample description for Sports video.
EUfa9w-TVvi,24.08.10,Why This People & Blogs Video Went Viral,Channel_4423,15,2024-10-04T20:00:00.000Z,vlog|2024|review,9678,223,94,93,https://i.ytimg.com/vi/--KqMBG8_8F/default.jpg,False,False,False,Auto-generated sample description for People & Blogs video.
8lBr1rrQdW0,24.11.08,Behind the Scenes: Music,Channel_4233,1,2024-08-08T02:00:00.000Z,vlog|music|official,112300,8665,670,614,https://i.ytimg.com/vi/TC1dasox7q5/default.jpg,False,False,False,Auto-generated sample description for Music video.
SEfTPNlIzR6,24.19.10,Why This Entertainment Video Went Viral,Channel_3285,2,2024-10-15T07:00:00.000Z,trending|2024|official,5957,232,24,30,https://i.ytimg.com/vi/aKZRWyqWE4G/default.jpg,False,False,False,Auto-generated sample description for Entertainment video.
GqDi1qLBoRX,24.18.02,Reacting to Science & Technology Trends,Channel_1060,5,2024-02-17T19:00:00.000Z,trending|vlog|music,8011,334,39,95,https://i.ytimg.com/vi/agLXoh88eFd/default.jpg,False,True,False,Auto-generated sample description for Science & Technology video.
onnETI88s2x,24.23.03,Howto & Style Compilation 2024,Channel_3637,4,2024-03-22T17:00:00.000Z,live|review|music,10055,497,5,127,https://i.ytimg.com/vi/roM9Wsu357b/default.jpg,False,False,False,Auto-generated sample description for Howto & Style video.
BGHW1w9vnUr,24.19.07,Behind the Scenes: Sports,Channel_3334,17,2024-07-19T12:00:00.000Z,live|review|2024,24442,1099,216,181,https://i.ytimg.com/vi/Li8b7-D0E4A/default.jpg,False,True,False,Auto-generated sample description for Sports video.
jdDAjLgcQXs,24.26.07,Why This Howto & Style Video Went Viral,Channel_1804,20,2024-07-23T03:00:00.000Z,music|vlog|live,2984,132,6,37,https://i.ytimg.com/vi/18iwSD61zLG/default.jpg,False,False,False,Auto-generated sample description for Howto & Style video.
k4NnrB10hiC,24.27.10,Reacting to People & Blogs Trends,Channel_2516,15,2024-10-23T09:00:00.000Z,vlog|official|2024,40090,2941,225,210,https://i.ytimg.com/vi/RqLwd4sRNva/default.jpg,False,False,False,Auto-generated sample description for People & Blogs video.
5qz8KHAn5RW,24.09.06,Why This Entertainment Video Went Viral,Channel_1483,2,2024-06-06T13:00:00.000Z,vlog|trending|2024,6691,165,35,16,https://i.ytimg.com/vi/gzvLLLQzEBT/default.jpg,False,False,False,Auto-generated sample description for Entertainment video.
1034jnUsp4D,24.06.08,Reacting to Music Trends,Channel_2718,1,2024-08-06T19:00:00.000Z,review|music|2024,47827,1001,169,498,https://i.ytimg.com/vi/57TXW0cpkK8/default.jpg,False,False,False,Auto-generated sample description for Music video.
kAstFMqsF3s,24.22.04,Reacting to Music Trends,Channel_1926,1,2024-04-18T13:00:00.000Z,vlog|live|trending,87813,2016,780,1217,https://i.ytimg.com/vi/4EPKvMJ36e2/default.jpg,False,False,False,Auto-generated sample description for Music video.
b7Db4YENfQg,24.24.02,Why This Music Video Went Viral,Channel_746,1,2024-02-23T04:00:00.000Z,review|2024|trending,28865,930,145,154,https://i.ytimg.com/vi/Uy17yaTCuyf/default.jpg,False,False,False,Auto-generated sample description for Music video.
ooxSGrXlRiy,24.29.06,Travel & Events Compilation 2024,Channel_4169,3,2024-06-27T02:00:00.000Z,review|vlog|trending,7196,567,18,117,https://i.ytimg.com/vi/nSXH630h2e1/default.jpg,False,False,False,Auto-generated sample description for Travel & Events video.
XkL1Rp0rLbs,24.18.07,Music Compilation 2024,Channel_2714,1,2024-07-18T09:00:00.000Z,review|2024|music,83426,2628,336,874,https://i.ytimg.com/vi/iS4PafjgxQ3/default.jpg,False,False,False,Auto-generated sample description for Music video.
08cyOnLqj2h,24.13.09,Top 10 Entertainment Moments This Week,Channel_4793,2,2024-09-10T09:00:00.000Z,music|official|vlog,35672,2600,151,394,https://i.ytimg.com/vi/YVz66oJ1ix0/default.jpg,False,False,False,Auto-generated sample description for Entertainment video.
KiQi2TLBm2S,24.08.02,Top 10 Music Moments This Week,Channel_468,1,2024-02-08T18:00:00.000Z,official|review|trending,28252,514,21,531,https://i.ytimg.com/vi/XW9dkkf-eyC/default.jpg,False,False,False,Auto-generated sample description for Music video.
drwQa8vGzSx,24.20.09,Reacting to News & Politics Trends,Channel_1492,25,2024-09-16T19:00:00.000Z,music|review|vlog,1526,73,12,5,https://i.ytimg.com/vi/aQQvK8h3eo9/default.jpg,False,False,False,Auto-generated sample description for News & Politics video.
XZr9iKtHX5k,24.21.06,Why This Music Video Went Viral,Channel_3120,1,2024-06-17T04:00:00.000Z,music|official|2024,123379,9241,469,535,https://i.ytimg.com/vi/C1vUz6gZ0Mu/default.jpg,False,False,False,Auto-generated sample description for Music video.
DmoNDRdc_Mq,24.21.07,Reacting to Comedy Trends,Channel_2767,16,2024-07-17T10:00:00.000Z,official|vlog|trending,2213,70,20,14,https://i.ytimg.com/vi/p9Kh9DYnGnD/default.jpg,False,False,False,Auto-generated sample description for Comedy video.
LkCk7gDIsCz,24.26.09,Sports Compilation 2024,Channel_2484,26,2024-09-23T05:00:00.000Z,trending|live|2024,953,33,1,10,https://i.ytimg.com/vi/T_rG9BTFB4r/default.jpg,False,False,False,Auto-generated sample description for Sports video.
co1qbDoevws,24.16.06,Top 10 Sports Moments This Week,Channel_439,26,2024-06-15T18:00:00.000Z,music|official|trending,83417,1088,76,138,https://i.ytimg.com/vi/Hq9etK7Ki8C/default.jpg,False,False,False,Auto-generated sample description for Sports video.
HLFIPUN2JJX,24.04.05,Why This Film & Animation Video Went Viral,Channel_3764,22,2024-05-02T11:00:00.000Z,trending|music|live,10822,748,62,200,https://i.ytimg.com/vi/nFRAVDjm2QT/default.jpg,False,False,False,Auto-generated sample description for Film & Animation video.
ysN3p9Oke0p,24.14.09,Official Comedy Highlights,Channel_4328,16,2024-09-13T12:00:00.000Z,music|review|trending,7912,355,53,19,https://i.ytimg.com/vi/VHE5oTEoi_E/default.jpg,False,False,False,Auto-generated sample description for Comedy video.
vjJStPAZweo,24.05.07,Reacting to Entertainment Trends,Channel_598,2,2024-07-02T11:00:00.000Z,official|review|music,38146,2666,368,282,https://i.ytimg.com/vi/PbEsvXU8avc/default.jpg,False,False,False,Auto-generated sample description for Entertainment video.
-Nv_cwMvplI,24.16.03,Top 10 Howto & Style Moments This Week,Channel_3755,4,2024-03-15T01:00:00.000Z,live|2024|review,1154,40,2,0,https://i.ytimg.com/vi/6RAOCskYTaJ/default.jpg,False,False,False,Auto-generated sample description for Howto & Style video.
koUnq7u98tS,24.11.12,Why This Travel & Events Video Went Viral,Channel_4065,3,2024-12-08T16:00:00.000Z,live|2024|music,85007,1231,817,266,https://i.ytimg.com/vi/6UwVtzVWrjG/default.jpg,False,False,False,Auto-generated sample description for Travel & Events video.
aP2XT_CAlh8,24.02.03,Reacting to People & Blogs Trends,Channel_2879,15,2024-03-02T08:00:00.000Z,official|live|2024,846,64,2,0,https://i.ytimg.com/vi/iteAB3Prvme/default.jpg,False,False,False,Auto-generated sample description for People & Blogs video.
x92BUWbE1J0,24.26.01,Reacting to Entertainment Trends,Channel_696,2,2024-01-26T12:00:00.000Z,2024|trending|official,16799,827,156,200,https://i.ytimg.com/vi/3exGGinP8XP/default.jpg,False,False,False,Auto-generated sample description for Entertainment video.
KgG5PPXoitW,24.30.10,Official Music Highlights,Channel_4191,1,2024-10-27T21:00:00.000Z,trending|review|music,96303,5388,366,1192,https://i.ytimg.com/vi/MLrr-LRBjT9/default.jpg,False,False,False,Auto-generated sample description for Music video.
bmKSXXjIULa,24.24.09,Behind the Scenes: Music,Channel_1391,1,2024-09-21T20:00:00.000Z,trending|music|review,13382,509,35,98,https://i.ytimg.com/vi/NrYHfrgBEw2/default.jpg,False,False,False,Auto-generated sample description for Music video.
7B2utRhQFMY,24.02.09,Travel & Events Compilation 2024,Channel_4154,3,2024-08-31T01:00:00.000Z,2024|review|vlog,6297,359,40,4,https://i.ytimg.com/vi/YQ5nzu30MuG/default.jpg,False,False,False,Auto-generated sample description for Travel & Events video.
e7lAejtUTCy,24.12.07,Reacting to News & Politics Trends,Channel_1945,25,2024-07-11T12:00:00.000Z,trending|music|review,17868,986,156,173,https://i.ytimg.com/vi/qXpd1Akqs50/default.jpg,False,False,False,Auto-generated sample description for News & Politics video.
ENArhIa_1HA,25.30.01,Top 10 Sports Moments This Week,Channel_1099,17,2025-01-27T06:00:00.000Z,2024|music|live,15898,278,134,20,https://i.ytimg.com/vi/LgZnGvq8UJn/default.jpg,False,False,False,Auto-generated sample description for Sports video.
gW5klt5d4HY,24.31.01,Reacting to Entertainment Trends,Channel_935,2,2024-01-28T00:00:00.000Z,vlog|music|trending,301725,11406,1327,3668,https://i.ytimg.com/vi/YLf-ow5BMEH/default.jpg,False,False,False,Auto-generated sample description for Entertainment video.
Sgdgbjock9G,24.11.09,Official Sports Highlights,Channel_466,26,2024-09-10T15:00:00.000Z,vlog|official|live,9772,780,32,75,https://i.ytimg.com/vi/iUjJfjLijLU/default.jpg,False,False,False,Auto-generated sample description for Sports video.
Pm-SJryTgYR,24.24.04,Comedy Compilation 2024,Channel_2999,16,2024-04-21T00:00:00.000Z,vlog|music|review,3237,47,1,24,https://i.ytimg.com/vi/Imw1OiPhLMR/default.jpg,False,False,False,Auto-generated sample description for Comedy video.
WcvewcRZ-dr,24.27.03,Why This Education Video Went Viral,Channel_3839,23,2024-03-27T06:00:00.000Z,review|live|2024,48486,2334,422,368,https://i.ytimg.com/vi/gpSM3kvACtW/default.jpg,False,False,False,Auto-generated sample description for Education video.
yhacTfFCkBi,24.22.02,Film & Animation Compilation 2024,Channel_747,22,2024-02-21T01:00:00.000Z,music|vlog|official,1561,114,2,10,https://i.ytimg.com/vi/i4flGz-NyLH/default.jpg,False,False,False,Auto-generated sample description for Film & Animation video.
htAeSJVN1JZ,24.18.10,Why This Comedy Video Went Viral,Channel_1887,16,2024-10-17T22:00:00.000Z,trending|vlog|music,11237,142,78,16,https://i.ytimg.com/vi/90mxejOhPEL/default.jpg,False,False,False,Auto-generated sample description for Comedy video.
H7Q3LoFOai0,24.29.01,Why This Sports Video Went Viral,Channel_4614,27,2024-01-28T08:00:00.000Z,trending|official|vlog,1005,48,2,1,https://i.ytimg.com/vi/abIH6TFvpmH/default.jpg,False,False,False,Auto-generated sample description for Sports video.
G1DlqsG_Q2a,24.17.01,Reacting to Science & Technology Trends,Channel_3318,5,2024-01-14T05:00:00.000Z,live|vlog|trending,7495,108,52,26,https://i.ytimg.com/vi/KLI9cPsH3O8/default.jpg,False,False,False,Auto-generated sample description for Science & Technology video.
DUpYyeOMTYV,24.07.02,Official News & Politics Highlights,Channel_2236,21,2024-02-06T20:00:00.000Z,review|official|music,173390,11130,1118,1127,https://i.ytimg.com/vi/tmE_hUoJWkp/default.jpg,False,False,False,Auto-generated sample description for News & Politics video.
F1kTsnTGKSW,24.02.05,Behind the Scenes: Music,Channel_1876,1,2024-04-28T13:00:00.000Z,2024|music|vlog,44038,2570,244,523,https://i.ytimg.com/vi/qBHhIh1iHGK/default.jpg,False,False,False,Auto-generated sample description for Music video.
PFm7f2RZ44y,24.25.06,Behind the Scenes: Sports,Channel_1091,27,2024-06-23T11:00:00.000Z,review|vlog|trending,10093,258,80,138,https://i.ytimg.com/vi/_MhQqErqlR7/default.jpg,False,False,False,Auto-generated sample description for Sports video.
h5CluEGHswc,24.31.12,Why This Sports Video Went Viral,Channel_2020,17,2024-12-31T20:00:00.000Z,official|vlog|review,7782,411,66,128,https://i.ytimg.com/vi/ZWzC7__nLDg/default.jpg,False,False,False,Auto-generated sample description for Sports video.
uJwFc6j_uR6,25.02.02,Entertainment Compilation 2024,Channel_202,2,2025-01-31T14:00:00.000Z,music|trending|live,439134,15876,3085,5072,https://i.ytimg.com/vi/29eHIWTeA9W/default.jpg,False,False,False,Auto-generated sample description for Entertainment video.
Z3rLkRkvYdi,25.31.01,Why This People & Blogs Video Went Viral,Channel_4807,15,2025-01-31T16:00:00.000Z,vlog|official|2024,221622,14472,448,2202,https://i.ytimg.com/vi/t2NwJlo6zld/default.jpg,False,False,False,Auto-generated sample description for People & Blogs video.
IfTUgJaS50b,24.01.05,Why This Music Video Went Viral,Channel_4279,1,2024-04-27T18:00:00.000Z,official|trending|review,87126,5332,683,1435,https://i.ytimg.com/vi/YHtZ6TD31--/default.jpg,False,False,False,Auto-generated sample description for Music video.
O89IvTKBBBI,24.04.01,Top 10 Education Moments This Week,Channel_4236,10,2024-01-04T04:00:00.000Z,review|live|2024,3413,176,9,16,https://i.ytimg.com/vi/94i6z6kSICT/default.jpg,False,False,True,Auto-generated sample description for Education video.
t257FiNStpL,24.08.05,Official News & Politics Highlights,Channel_2456,19,2024-05-06T20:00:00.000Z,vlog|live|trending,30474,392,295,561,https://i.ytimg.com/vi/5RKNvtmfByS/default.jpg,False,True,False,Auto-generated sample description for News & Politics video.
3mp4tYTjwBW,24.15.09,Top 10 Entertainment Moments This Week,Channel_2606,2,2024-09-12T18:00:00.000Z,review|official|vlog,1323,76,1,19,https://i.ytimg.com/vi/yAmFZcOsJL4/default.jpg,False,False,False,Auto-generated sample description for Entertainment video.
kMDnz3B47TO,24.25.10,Why This Pets & Animals Video Went Viral,Channel_1760,18,2024-10-21T02:00:00.000Z,live|music|trending,56750,3132,491,890,https://i.ytimg.com/vi/l2I8agh0z-p/default.jpg,False,False,False,Auto-generated sample description for Pets & Animals video.
pEic1Mn-7Bb,24.09.08,Sports Compilation 2024,Channel_876,17,2024-08-08T19:00:00.000Z,vlog|2024|live,13788,654,124,151,https://i.ytimg.com/vi/sXuEIFRM5Xm/default.jpg,False,False,False,Auto-generated sample description for Sports video.
emGBp-iNij7,24.25.04,Sports Compilation 2024,Channel_3601,26,2024-04-25T17:00:00.000Z,live|vlog|music,1541,102,13,19,https://i.ytimg.com/vi/TRcWwx8Ibbf/default.jpg,False,False,False,Auto-generated sample description for Sports video.
y8gzLRucmHV,24.31.10,Behind the Scenes: Sports,Channel_690,27,2024-10-28T12:00:00.000Z,2024|vlog|music,18345,1092,161,150,https://i.ytimg.com/vi/6wahPoxYRzv/default.jpg,False,False,False,Auto-generated sample description for Sports video.
sbs-a2HpBiI,25.28.01,Why This Music Video Went Viral,Channel_3271,1,2025-01-24T03:00:00.000Z,live|official|2024,159247,3342,1198,375,https://i.ytimg.com/vi/k-NfD_1TXVk/default.jpg,False,False,False,Auto-generated sample description for Music video.
wdT2cfiuTNT,24.10.10,Top 10 Entertainment Moments This Week,Channel_4458,2,2024-10-09T15:00:00.000Z,official|music|vlog,41688,1606,246,410,https://i.ytimg.com/vi/8C3_oeMtP5_/default.jpg,False,False,False,Auto-generated sample description for Entertainment video.
ZkzRuszav_X,24.06.09,Behind the Scenes: Entertainment,Channel_1354,2,2024-09-03T01:00:00.000Z,review|official|trending,33259,1470,212,474,https://i.ytimg.com/vi/EOjYN0wM27q/default.jpg,False,False,False,Auto-generated sample description for Entertainment video.
f7EorMLNd-g,24.20.12,Entertainment Compilation 2024,Channel_4708,2,2024-12-20T13:00:00.000Z,vlog|trending|review,7119,136,16,34,https://i.ytimg.com/vi/9LXvUlWCktl/default.jpg,True,False,False,Auto-generated sample description for Entertainment video.
fA51bUIMRmg,24.06.11,Reacting to Music Trends,Channel_1794,1,2024-11-03T11:00:00.000Z,official|review|2024,132047,7765,711,2192,https://i.ytimg.com/vi/zR54bvEW1fk/default.jpg,False,False,False,Auto-generated sample description for Music video.
Z3h9bHGRio4,24.03.07,People & Blogs Compilation 2024,Channel_74,9,2024-07-03T09:00:00.000Z,trending|music|2024,5502,248,22,27,https://i.ytimg.com/vi/JhLht_Gp4HQ/default.jpg,False,False,False,Auto-generated sample description for People & Blogs video.
s3Yh9Cm-KYE,24.16.05,Official Sports Highlights,Channel_1650,26,2024-05-16T14:00:00.000Z,review|vlog|music,198,13,1,0,https://i.ytimg.com/vi/Myj4bs4n3e6/default.jpg,False,False,False,Auto-generated sample description for Sports video.
5Jkzl6YAL1s,24.12.04,Sports Compilation 2024,Channel_64,17,2024-04-10T08:00:00.000Z,official|trending|music,369,12,0,5,https://i.ytimg.com/vi/BDI6qQYk255/default.jpg,False,False,False,Auto-generated sample description for Sports video.
83EbFLTIZdW,24.05.11,Reacting to Nonprofits & Activism Trends,Channel_2008,14,2024-11-04T21:00:00.000Z,trending|vlog|music,2380,155,15,40,https://i.ytimg.com/vi/4k9pqPN-wu9/default.jpg,False,False,False,Auto-generated sample description for Nonprofits & Activism video.
bvb1aGXrUO-,24.21.06,Behind the Scenes: Entertainment,Channel_1869,2,2024-06-21T11:00:00.000Z,official|2024|live,203119,14001,1678,3308,https://i.ytimg.com/vi/Orw3S2rKQVS/default.jpg,False,False,False,Auto-generated sample description for Entertainment video.
T7OnIZ5G4Dv,24.04.03,Why This Entertainment Video Went Viral,Channel_4134,2,2024-02-29T17:00:00.000Z,trending|2024|vlog,10521,430,36,54,https://i.ytimg.com/vi/zTAgiqEcQ1s/default.jpg,False,False,False,Auto-generated sample description for Entertainment video.
bQsOnxSC0xl,24.28.11,Behind the Scenes: Music,Channel_3520,1,2024-11-28T00:00:00.000Z,vlog|music|trending,1251642,84804,11499,4344,https://i.ytimg.com/vi/vFVR4kfo5PM/default.jpg,False,False,False,Auto-generated sample description for Music video.
P7iDHpXS7Xh,24.12.09,Official Music Highlights,Channel_2344,1,2024-09-09T19:00:00.000Z,music|official|trending,38413,2188,197,175,https://i.ytimg.com/vi/DJVylzNR77f/default.jpg,False,False,False,Auto-generated sample description for Music video.
mFjEi1Ns4ts,24.12.02,Top 10 News & Politics Moments This Week,Channel_1847,19,2024-02-11T21:00:00.000Z,trending|official|music,6302,460,26,113,https://i.ytimg.com/vi/Wb_TLLHbJJv/default.jpg,False,True,False,Auto-generated sample description for News & Politics video.
kuihONQDv8T,24.28.09,Top 10 Sports Moments This Week,Channel_3645,27,2024-09-28T11:00:00.000Z,review|music|vlog,1886,129,13,21,https://i.ytimg.com/vi/v29vQJVqsRE/default.jpg,False,False,False,Auto-generated sample description for Sports video.
IQXdh1mi83y,24.02.04,Why This Pets & Animals Video Went Viral,Channel_4912,24,2024-04-01T12:00:00.000Z,official|music|trending,792,41,1,3,https://i.ytimg.com/vi/70mEpGN5xz1/default.jpg,False,False,False,Auto-generated sample description for Pets & Animals video.
BGapDvdHpSR,24.11.04,Top 10 Sports Moments This Week,Channel_4341,26,2024-04-10T11:00:00.000Z,official|music|vlog,7149,284,57,42,https://i.ytimg.com/vi/p2Ucj7ZX0oV/default.jpg,False,False,False,Auto-generated sample description for Sports video.
mYiS0DcQssm,24.30.03,Why This Music Video Went Viral,Channel_3472,1,2024-03-28T18:00:00.000Z,vlog|2024|trending,196029,13026,827,555,https://i.ytimg.com/vi/2nWkw96OJ-Z/default.jpg,False,False,False,Auto-generated sample description for Music video.
HhGILHkGIma,24.29.02,Behind the Scenes: Entertainment,Channel_4786,2,2024-02-27T12:00:00.000Z,trending|music|official,28242,1517,185,195,https://i.ytimg.com/vi/x-gjx-H2eQl/default.jpg,False,False,False,Auto-generated sample description for Entertainment video.
CyHbC_CxNCk,24.15.09,Official Entertainment Highlights,Channel_666,2,2024-09-11T15:00:00.000Z,vlog|music|review,15750,1226,55,162,https://i.ytimg.com/vi/mrRFSmT27Lz/default.jpg,False,False,False,Auto-generated sample description for Entertainment video.
gzfD79m4oOr,24.17.12,Top 10 Music Moments This Week,Channel_2939,1,2024-12-14T07:00:00.000Z,trending|vlog|2024,11706,823,17,20,https://i.ytimg.com/vi/J7LJbV1cQNp/default.jpg,False,False,True,
HC-Wb1c8EG2,24.21.11,Official Entertainment Highlights,Channel_4747,2,2024-11-19T02:00:00.000Z,trending|music|vlog,88748,5083,216,779,https://i.ytimg.com/vi/fQzAZcK2csO/default.jpg,False,False,False,Auto-generated sample description for Entertainment video.
bnh4mJvADyL,24.27.11,Why This Comedy Video Went Viral,Channel_1203,16,2024-11-24T11:00:00.000Z,live|review|2024,29381,504,137,192,https://i.ytimg.com/vi/HP-BTqslJFZ/default.jpg,False,False,False,Auto-generated sample description for Comedy video.
O3btDlnhT9E,24.20.03,Behind the Scenes: People & Blogs,Channel_3876,9,2024-03-16T19:00:00.000Z,vlog|review|2024,7271,556,21,114,https://i.ytimg.com/vi/zT5WEp1fkt-/default.jpg,False,False,False,Auto-generated sample description for People & Blogs video.
cBlOrrUwdwY,24.25.08,Top 10 Sports Moments This Week,Channel_1138,26,2024-08-23T10:00:00.000Z,music|review|live,23691,769,44,401,https://i.ytimg.com/vi/kvF_hr9Hj21/default.jpg,False,False,False,Auto-generated sample description for Sports video.
OI2tmiBdW_8,24.27.09,Reacting to Music Trends,Channel_554,1,2024-09-27T22:00:00.000Z,trending|official|music,409382,22633,2230,7878,https://i.ytimg.com/vi/d-5jDQ5-5mY/default.jpg,False,False,False,Auto-generated sample description for Music video.
v4zyMDdD461,24.06.03,Reacting to Sports Trends,Channel_47,17,2024-03-03T07:00:00.000Z,vlog|2024|official,37631,2521,237,469,https://i.ytimg.com/vi/b0EG8n2jkZ7/default.jpg,False,False,False,Auto-generated sample description for Sports video.
I7pWPEGY5iL,24.04.09,Official People & Blogs Highlights,Channel_293,15,2024-09-01T15:00:00.000Z,official|live|trending,1953,137,15,21,https://i.ytimg.com/vi/oV-i2nF10Ir/default.jpg,False,False,False,Auto-generated sample description for People & Blogs video.
BYm7YwXOYiY,24.11.01,Top 10 Pets & Animals Moments This Week,Channel_512,18,2024-01-07T00:00:00.000Z,live|official|music,2277,102,3,43,https://i.ytimg.com/vi/wSmyXu9OY-D/default.jpg,False,False,False,Auto-generated sample description for Pets & Animals video.
EVEXs5xsuaX,24.13.10,Autos & Vehicles Compilation 2024,Channel_3205,7,2024-10-09T11:00:00.000Z,trending|2024|music,1901,127,7,16,https://i.ytimg.com/vi/UKw_LcK6-9F/default.jpg,False,False,False,Auto-generated sample description for Autos & Vehicles video.
BHbSuKHCKmj,24.30.04,Top 10 Music Moments This Week,Channel_24,1,2024-04-29T02:00:00.000Z,review|2024|official,16346,766,137,181,https://i.ytimg.com/vi/Pyasoyr-03a/default.jpg,False,False,False,Auto-generated sample description for Music video.
E8Kyt_S8yWB,24.23.03,Entertainment Compilation 2024,Channel_1572,2,2024-03-21T16:00:00.000Z,live|trending|2024,33034,2600,250,415,https://i.ytimg.com/vi/4ha9ljvNi6K/default.jpg,False,False,False,Auto-generated sample description for Entertainment video.
_NZ6NCGGCQp,24.25.05,Music Compilation 2024,Channel_3221,1,2024-05-24T13:00:00.000Z,vlog|live|music,9821,349,49,105,https://i.ytimg.com/vi/9g7FcO0LiNB/default.jpg,False,False,False,Auto-generated sample description for Music video.
qS-gTSJ7MAf,24.05.06,Behind the Scenes: Entertainment,Channel_3516,2,2024-06-03T15:00:00.000Z,live|2024|trending,17183,386,89,31,https://i.ytimg.com/vi/vgL7fmmZmUZ/default.jpg,False,False,False,Auto-generated sample description for Entertainment video.
AgCTiOsfB9k,24.20.06,Reacting to Entertainment Trends,Channel_1943,2,2024-06-18T06:00:00.000Z,official|vlog|live,98979,6009,163,558,https://i.ytimg.com/vi/ejr8SSl1tVS/default.jpg,False,False,False,Auto-generated sample description for Entertainment video.
0M9E-1YAZzb,24.13.08,Official Comedy Highlights,Channel_4034,16,2024-08-13T22:00:00.000Z,vlog|trending|music,19400,349,63,337,https://i.ytimg.com/vi/dYM2yKSFkmn/default.jpg,False,False,False,Auto-generated sample description for Comedy video.
RSCDfWm1w_5,24.05.08,Behind the Scenes: Sports,Channel_3999,26,2024-08-02T09:00:00.000Z,review|2024|official,13372,919,128,47,https://i.ytimg.com/vi/JRbWQvRPcu0/default.jpg,False,False,False,Auto-generated sample description for Sports video.
kfPylEVesiU,24.28.11,Music Compilation 2024,Channel_3167,1,2024-11-24T10:00:00.000Z,2024|music|review,8742,377,6,57,https://i.ytimg.com/vi/fWMVbR2Dsci/default.jpg,False,False,False,Auto-generated sample description for Music video.
XEKtEqClpyn,24.18.11,Reacting to Entertainment Trends,Channel_2219,2,2024-11-17T00:00:00.000Z,vlog|trending|live,14844,875,15,52,https://i.ytimg.com/vi/gBXiDwJyDk8/default.jpg,False,False,False,Auto-generated sample description for Entertainment video.
65z95mFjHSr,24.17.04,Official Entertainment Highlights,Channel_818,2,2024-04-17T14:00:00.000Z,official|vlog|2024,97838,2041,929,422,https://i.ytimg.com/vi/AoUUYJt4oNR/default.jpg,False,False,False,Auto-generated sample description for Entertainment video.
ZfLO-p8Sqs1,24.24.05,Why This Music Video Went Viral,Channel_2490,1,2024-05-22T15:00:00.000Z,trending|official|vlog,659759,48325,2560,8118,https://i.ytimg.com/vi/drll8hRVcg6/default.jpg,False,False,False,Auto-generated sample description for Music video.
i_QL-uWW3Tf,24.09.05,Entertainment Compilation 2024,Channel_785,2,2024-05-08T11:00:00.000Z,trending|live|official,41109,561,278,426,https://i.ytimg.com/vi/h4_TrfTDrry/default.jpg,False,False,False,Auto-generated sample description for Entertainment video.
WskQCfIZWdl,24.05.01,Official News & Politics Highlights,Channel_1603,21,2024-01-05T16:00:00.000Z,vlog|2024|official,21252,392,55,64,https://i.ytimg.com/vi/ks-wZ40DQbc/default.jpg,False,False,False,Auto-generated sample description for News & Politics video.
izYfWk9cIcg,24.20.12,Behind the Scenes: Entertainment,Channel_540,2,2024-12-18T02:00:00.000Z,official|trending|vlog,30757,1701,222,61,https://i.ytimg.com/vi/oGoOQq2Q4cD/default.jpg,False,False,False,Auto-generated sample description for Entertainment video.
3eZoko9_pCs,24.19.05,Official Entertainment Highlights,Channel_1716,2,2024-05-15T01:00:00.000Z,official|trending|vlog,195420,8216,1953,2787,https://i.ytimg.com/vi/MwCn2aFv4lq/default.jpg,False,False,False,Auto-generated sample description for Entertainment video.
0SHadZ8fW3P,24.06.01,Top 10 Sports Moments This Week,Channel_4863,26,2024-01-02T09:00:00.000Z,trending|live|official,176,9,0,2,https://i.ytimg.com/vi/fYStfa5u0Xe/default.jpg,False,False,False,Auto-generated sample description for Sports video.
MsrxzcZrpJX,24.26.06,Official Comedy Highlights,Channel_1772,16,2024-06-24T07:00:00.000Z,vlog|live|music,1663,96,2,24,https://i.ytimg.com/vi/qNlGrBX6bIG/default.jpg,False,False,False,Auto-generated sample description for Comedy video.
i6TwacEaP44,24.12.05,Behind the Scenes: Entertainment,Channel_1994,2,2024-05-09T10:00:00.000Z,2024|official|trending,95769,6577,368,1229,https://i.ytimg.com/vi/FV9gIym7hhY/default.jpg,False,False,False,Auto-generated sample description for Entertainment video.
xEdojTwYLvp,24.08.12,Official Music Highlights,Channel_4857,1,2024-12-04T21:00:00.000Z,trending|2024|vlog,44232,1448,91,540,https://i.ytimg.com/vi/EAott_NX5NV/default.jpg,False,False,False,Auto-generated sample description for Music video.
QGTR7xUHfSW,24.25.07,Behind the Scenes: Sports,Channel_1303,27,2024-07-23T21:00:00.000Z,review|vlog|official,20400,879,167,111,https://i.ytimg.com/vi/AWXeCGHQWgy/default.jpg,False,False,False,Auto-generated sample description for Sports video.
CgeqUe_xtME,24.02.06,Top 10 Sports Moments This Week,Channel_17,27,2024-05-29T21:00:00.000Z,2024|review|live,24384,1304,198,52,https://i.ytimg.com/vi/uVaX2-kZGzV/default.jpg,False,False,False,Auto-generated sample description for Sports video.
Sr_B2v6DVIB,24.02.05,Official Comedy Highlights,Channel_1795,16,2024-04-28T16:00:00.000Z,music|vlog|trending,25931,803,222,463,https://i.ytimg.com/vi/JRWhFQB9_Il/default.jpg,False,False,False,Auto-generated sample description for Comedy video.
iFZBLrw8SzU,24.01.11,Top 10 Music Moments This Week,Channel_441,1,2024-10-30T15:00:00.000Z,official|2024|trending,40811,640,343,556,https://i.ytimg.com/vi/BoIxcdaa9-k/default.jpg,False,False,False,Auto-generated sample description for Music video.
hRmgzqFwK7_,24.01.11,Sports Compilation 2024,Channel_1376,17,2024-11-01T14:00:00.000Z,review|official|vlog,3546,189,19,40,https://i.ytimg.com/vi/mDzcDrVAyTa/default.jpg,False,False,False,Auto-generated sample description for Sports video.
rJEqKByZU3-,24.08.11,Travel & Events Compilation 2024,Channel_2924,6,2024-11-06T17:00:00.000Z,vlog|review|official,14948,686,30,256,https://i.ytimg.com/vi/feqfpHo1XeO/default.jpg,False,False,False,Auto-generated sample description for Travel & Events video.
O-56OTlFt73,24.30.04,Top 10 Music Moments This Week,Channel_3013,1,2024-04-27T22:00:00.000Z,vlog|2024|live,21062,1446,81,239,https://i.ytimg.com/vi/mRfJswyM-LG/default.jpg,False,False,False,Auto-generated sample description for Music video.
SXT8PemMyq9,24.07.07,Official Music Highlights,Channel_2787,1,2024-07-05T14:00:00.000Z,official|vlog|trending,30759,2376,76,453,https://i.ytimg.com/vi/HRN2PMMmA4z/default.jpg,False,False,False,Auto-generated sample description for Music video.
65keWmNFX7C,24.23.09,Official Music Highlights,Channel_118,1,2024-09-19T03:00:00.000Z,live|music|review,87731,5059,450,272,https://i.ytimg.com/vi/4XKPkpitNWR/default.jpg,False,False,False,Auto-generated sample description for Music video.
UiaI4HhUosV,24.25.10,Music Compilation 2024,Channel_3245,1,2024-10-24T06:00:00.000Z,live|trending|review,69919,2759,262,1239,https://i.ytimg.com/vi/jMTQeKcVZEb/default.jpg,False,False,False,Auto-generated sample description for Music video.
ae2yrSxQRCr,24.15.10,Top 10 Pets & Animals Moments This Week,Channel_1092,12,2024-10-14T16:00:00.000Z,live|music|review,6347,493,27,106,https://i.ytimg.com/vi/wC1gN4BRFuE/default.jpg,False,False,False,Auto-generated sample description for Pets & Animals video.
Jfgq3ZTBSfb,24.06.06,Sports Compilation 2024,Channel_3034,17,2024-06-02T06:00:00.000Z,vlog|2024|trending,7401,317,46,72,https://i.ytimg.com/vi/WNeea6_z0Ko/default.jpg,False,False,False,Auto-generated sample description for Sports video.
up0h3mWK6Od,24.14.08,Behind the Scenes: Sports,Channel_691,27,2024-08-12T16:00:00.000Z,review|music|2024,34016,352,51,310,https://i.ytimg.com/vi/SJDOcO3yGKF/default.jpg,False,False,False,Auto-generated sample description for Sports video.
VZolTBJa6wS,24.10.05,Why This Sports Video Went Viral,Channel_1406,27,2024-05-09T05:00:00.000Z,review|vlog|trending,11510,209,53,165,https://i.ytimg.com/vi/ajSzH32-q5x/default.jpg,False,False,False,Auto-generated sample description for Sports video.
ddpOaxPmy6-,24.09.12,Film & Animation Compilation 2024,Channel_4766,22,2024-12-08T01:00:00.000Z,2024|music|official,9019,92,81,40,https://i.ytimg.com/vi/HE03eDOOlwJ/default.jpg,False,False,False,Auto-generated sample description for Film & Animation video.
4G7nKakA9J9,24.18.11,Why This Music Video Went Viral,Channel_4033,1,2024-11-18T06:00:00.000Z,live|vlog|official,14349,288,141,164,https://i.ytimg.com/vi/fw3QHuz2jwk/default.jpg,False,False,False,Auto-generated sample description for Music video.
F2LVn2KgzRq,24.07.04,Top 10 Travel & Events Moments This Week,Channel_2127,6,2024-04-03T15:00:00.000Z,music|2024|live,2295,58,9,34,https://i.ytimg.com/vi/SWVuuFT6HGa/default.jpg,False,False,False,Auto-generated sample description for Travel & Events video.
aPD9qGrlQ5R,24.09.09,Behind the Scenes: Music,Channel_2976,1,2024-09-06T17:00:00.000Z,review|vlog|2024,59107,1709,557,1085,https://i.ytimg.com/vi/_l1j6b5NgFS/default.jpg,False,False,False,Auto-generated sample description for Music video.
xSriSPMKSoC,24.22.01,Top 10 Comedy Moments This Week,Channel_4605,16,2024-01-22T05:00:00.000Z,live|trending|vlog,36554,1044,41,52,https://i.ytimg.com/vi/53aIt8TUaSY/default.jpg,False,False,False,Auto-generated sample description for Comedy video.
XTHMWMHoP-z,24.24.09,Music Compilation 2024,Channel_1658,1,2024-09-24T21:00:00.000Z,music|trending|review,14191,721,52,283,https://i.ytimg.com/vi/dwjBz5l2e5u/default.jpg,False,False,False,Auto-generated sample description for Music video.
fMAPODJgL8L,24.06.12,Official Comedy Highlights,Channel_2226,16,2024-12-02T11:00:00.000Z,review|trending|live,12533,810,79,94,https://i.ytimg.com/vi/EYeMHtVhFR5/default.jpg,False,False,False,Auto-generated sample description for Comedy video.
2-yGiL6prg9,24.10.01,Entertainment Compilation 2024,Channel_2781,2,2024-01-06T06:00:00.000Z,music|review|trending,73329,3750,252,151,https://i.ytimg.com/vi/7C1RPmvANCT/default.jpg,False,False,False,Auto-generated sample description for Entertainment video.
vndpiMmNqJz,24.25.06,Official Comedy Highlights,Channel_3294,16,2024-06-23T19:00:00.000Z,live|vlog|2024,23865,1631,236,212,https://i.ytimg.com/vi/zc_t72GJhA9/default.jpg,False,False,False,Auto-generated sample description for Comedy video.
yuOJXBprYRE,24.12.01,Official Sports Highlights,Channel_1263,17,2024-01-12T11:00:00.000Z,music|vlog|review,119094,7044,483,1558,https://i.ytimg.com/vi/i-zPJIwjKtU/default.jpg,False,False,False,Auto-generated sample description for Sports video.
oZK0kn1HYjV,24.06.08,Why This Entertainment Video Went Viral,Channel_2151,2,2024-08-06T04:00:00.000Z,2024|live|review,220073,14712,444,1806,https://i.ytimg.com/vi/O9BYBv3eutV/default.jpg,False,False,False,Auto-generated sample description for Entertainment video.
4yitru_P0dA,24.05.12,Official Sports Highlights,Channel_607,27,2024-12-05T09:00:00.000Z,music|live|vlog,14329,399,48,137,https://i.ytimg.com/vi/3LfpqXM93lv/default.jpg,False,False,False,Auto-generated sample description for Sports video.
NBphtRzBrDz,24.02.01,Reacting to Entertainment Trends,Channel_4494,2,2024-01-01T12:00:00.000Z,live|review|trending,324591,10198,1919,4267,https://i.ytimg.com/vi/n7dZA5Jo8u7/default.jpg,False,False,False,Auto-generated sample description for Entertainment video.
NW8NHqDPGDA,24.20.05,Music Compilation 2024,Channel_3595,1,2024-05-20T03:00:00.000Z,vlog|music|live,64283,2161,591,530,https://i.ytimg.com/vi/DR1rZY7FTT1/default.jpg,False,False,False,Auto-generated sample description for Music video.
VlKVTA8M_xI,24.16.02,Why This People & Blogs Video Went Viral,Channel_4805,15,2024-02-12T10:00:00.000Z,official|music|live,47756,2388,273,147,https://i.ytimg.com/vi/cAWD2TloLAU/default.jpg,False,False,False,Auto-generated sample description for People & Blogs video.
IlnZAEqNE7L,25.04.01,Official Travel & Events Highlights,Channel_865,3,2025-01-04T16:00:00.000Z,live|official|music,18539,1358,179,49,https://i.ytimg.com/vi/w3T9GkSMMqj/default.jpg,False,False,False,Auto-generated sample description for Travel & Events video.
zFETqghAjoI,24.14.10,Official Film & Animation Highlights,Channel_788,22,2024-10-10T07:00:00.000Z,vlog|2024|music,676,30,1,3,https://i.ytimg.com/vi/KEB3w9-rmA2/default.jpg,False,False,True,Auto-generated sample description for Film & Animation video.
DLpXTARxhIO,24.10.05,Reacting to Education Trends,Channel_3836,10,2024-05-08T18:00:00.000Z,official|music|vlog,3051,148,19,56,https://i.ytimg.com/vi/D_eW123UIIY/default.jpg,False,False,False,Auto-generated sample description for Education video.
NiHckiM3MNM,24.02.09,Reacting to Entertainment Trends,Channel_3143,2,2024-09-02T06:00:00.000Z,review|2024|official,3582,52,26,58,https://i.ytimg.com/vi/EC2Ceyv7kk8/default.jpg,False,False,False,Auto-generated sample description for Entertainment video.
N5ANkvDqgiC,24.01.06,Official Education Highlights,Channel_1389,10,2024-06-01T05:00:00.000Z,2024|official|music,2251,42,19,23,https://i.ytimg.com/vi/zBuTifLbCJR/default.jpg,False,False,False,Auto-generated sample description for Education video.
VpLymVXWX7W,24.30.03,Why This News & Politics Video Went Viral,Channel_1537,25,2024-03-28T01:00:00.000Z,vlog|official|trending,11017,576,78,214,https://i.ytimg.com/vi/pLvAvaNiQRi/default.jpg,False,False,False,Auto-generated sample description for News & Politics video.
ZQwDUlI8ItA,24.17.02,Top 10 Entertainment Moments This Week,Channel_2170,2,2024-02-16T15:00:00.000Z,live|music|review,30452,440,151,336,https://i.ytimg.com/vi/VmeqWijQWd3/default.jpg,False,False,False,Auto-generated sample description for Entertainment video.
1DabIjHj3zs,24.19.09,Music Compilation 2024,Channel_3073,1,2024-09-19T01:00:00.000Z,vlog|music|review,22864,1248,89,339,https://i.ytimg.com/vi/631hwBvn3SA/default.jpg,False,False,False,Auto-generated sample description for Music video.
RmmR3kYGnkq,24.31.07,News & Politics Compilation 2024,Channel_3861,25,2024-07-30T10:00:00.000Z,review|official|music,47142,3341,179,511,https://i.ytimg.com/vi/VdAxPNlc2K9/default.jpg,False,False,False,Auto-generated sample description for News & Politics video.
KyZCzvgWTBV,24.08.10,Reacting to News & Politics Trends,Channel_3519,25,2024-10-08T05:00:00.000Z,music|official|review,69151,1945,189,905,https://i.ytimg.com/vi/niUo2kpicnh/default.jpg,False,False,False,Auto-generated sample description for News & Politics video.
v_sJeQbQqB1,24.09.10,Why This Pets & Animals Video Went Viral,Channel_4037,24,2024-10-05T18:00:00.000Z,2024|review|official,16335,247,93,162,https://i.ytimg.com/vi/HKnfwJ9bzE7/default.jpg,False,False,False,Auto-generated sample description for Pets & Animals video.
pi787vXb-q5,24.27.06,Why This Entertainment Video Went Viral,Channel_150,2,2024-06-26T19:00:00.000Z,official|live|music,57835,733,341,460,https://i.ytimg.com/vi/H3mSOtCxkUo/default.jpg,False,False,False,Auto-generated sample description for Entertainment video.
DPyJbaoKNuO,24.11.05,Top 10 News & Politics Moments This Week,Channel_4305,21,2024-05-10T10:00:00.000Z,official|2024|review,5965,116,47,59,https://i.ytimg.com/vi/F2khYEeoOMz/default.jpg,False,False,False,Auto-generated sample description for News & Politics video.
3ZsmNtBpijf,24.03.05,Why This Entertainment Video Went Viral,Channel_3914,2,2024-04-30T08:00:00.000Z,live|music|vlog,179882,4638,702,393,https://i.ytimg.com/vi/CVA2ML83yQl/default.jpg,False,False,False,Auto-generated sample description for Entertainment video.
KI85znGbq84,24.17.06,Official Comedy Highlights,Channel_1085,16,2024-06-15T02:00:00.000Z,2024|music|review,27562,503,171,251,https://i.ytimg.com/vi/3G9Gq8__oCc/default.jpg,False,False,False,Auto-generated sample description for Comedy video.
E0TnGpoeSzy,24.08.11,Official Music Highlights,Channel_3845,1,2024-11-07T08:00:00.000Z,live|vlog|music,10199,301,84,16,https://i.ytimg.com/vi/nRZ7U9_6ejb/default.jpg,False,False,False,Auto-generated sample description for Music video.
aCH1VK8yK5T,24.26.09,Official Howto & Style Highlights,Channel_4855,4,2024-09-25T18:00:00.000Z,review|music|2024,9870,282,83,13,https://i.ytimg.com/vi/EKzphUd65JY/default.jpg,False,False,False,Auto-generated sample description for Howto & Style video.
DvMeFHVNSuF,24.11.05,Sports Compilation 2024,Channel_4587,26,2024-05-08T20:00:00.000Z,live|2024|review,17729,737,175,139,https://i.ytimg.com/vi/pgX8YuSXxnx/default.jpg,False,False,False,Auto-generated sample description for Sports video.
OtSssXneYTI,24.08.08,Behind the Scenes: Music,Channel_3104,1,2024-08-04T17:00:00.000Z,2024|vlog|music,41988,1642,217,825,https://i.ytimg.com/vi/i3vbl-XCi6x/default.jpg,False,False,False,Auto-generated sample description for Music video.
Pz7PYhFrEFZ,24.10.11,Reacting to Music Trends,Channel_4998,1,2024-11-08T22:00:00.000Z,2024|trending|official,278829,16737,445,1290,https://i.ytimg.com/vi/WmttYkzdXg7/default.jpg,False,False,True,Auto-generated sample description for Music video.
H6kDlQyfLcq,24.12.02,Comedy Compilation 2024,Channel_3369,16,2024-02-12T01:00:00.000Z,official|review|live,10604,114,17,21,https://i.ytimg.com/vi/SpKwzpSvQDS/default.jpg,False,False,False,Auto-generated sample description for Comedy video.
Mt1Sp06VapG,24.12.06,Official News & Politics Highlights,Channel_404,21,2024-06-09T03:00:00.000Z,review|vlog|trending,15378,627,86,109,https://i.ytimg.com/vi/yvZeMOyLd6-/default.jpg,False,False,False,Auto-generated sample description for News & Politics video.
UlgW6TR9Kr8,24.20.03,Official Science & Technology Highlights,Channel_3769,5,2024-03-19T02:00:00.000Z,review|live|2024,10861,778,34,60,https://i.ytimg.com/vi/cTh-LC0hBZ_/default.jpg,False,False,False,Auto-generated sample description for Science & Technology video.
ayrZKKY6Wol,24.07.11,Official News & Politics Highlights,Channel_2524,19,2024-11-07T14:00:00.000Z,2024|official|trending,3704,43,19,27,https://i.ytimg.com/vi/7Nfc2uhkkuT/default.jpg,False,False,False,Auto-generated sample description for News & Politics video.
AkpBBra_x4T,24.20.09,Behind the Scenes: Sports,Channel_4652,27,2024-09-19T19:00:00.000Z,vlog|2024|trending,1874,105,13,24,https://i.ytimg.com/vi/QN0hCiSZAQ8/default.jpg,False,False,False,Auto-generated sample description for Sports video.
PpmfQy4Mzai,24.19.10,Sports Compilation 2024,Channel_2112,17,2024-10-15T16:00:00.000Z,music|vlog|trending,101748,6863,373,1953,https://i.ytimg.com/vi/N6LpJXv7Ykd/default.jpg,False,False,False,Auto-generated sample description for Sports video.
1UGM7m_Hmp2,24.20.06,Reacting to Science & Technology Trends,Channel_4493,5,2024-06-19T06:00:00.000Z,review|2024|vlog,12823,166,62,100,https://i.ytimg.com/vi/5QVZF1_vw1I/default.jpg,False,False,False,Auto-generated sample description for Science & Technology video.
JWTvzueBH4A,24.22.09,Reacting to Comedy Trends,Channel_4191,16,2024-09-22T15:00:00.000Z,review|vlog|official,23544,1459,52,138,https://i.ytimg.com/vi/lJ5322eUYN1/default.jpg,False,True,False,Auto-generated sample description for Comedy video.
wkzIQhnbVPb,25.06.02,Official Entertainment Highlights,Channel_1614,2,2025-02-03T22:00:00.000Z,music|official|2024,14564,652,123,70,https://i.ytimg.com/vi/WpzRCVHrVGo/default.jpg,False,False,False,Auto-generated sample description for Entertainment video.
UCRTAWgbFhf,24.02.02,Official Music Highlights,Channel_4119,1,2024-01-29T17:00:00.000Z,vlog|trending|review,12794,479,67,181,https://i.ytimg.com/vi/-qXjPDuyGn1/default.jpg,False,False,False,Auto-generated sample description for Music video.
eAAKBrgaj2n,24.21.03,Why This Music Video Went Viral,Channel_3082,1,2024-03-21T19:00:00.000Z,official|trending|live,183802,4656,319,872,https://i.ytimg.com/vi/Y6inde2dNRf/default.jpg,False,True,False,Auto-generated sample description for Music video.
WS6oBIvrG-V,24.19.01,Science & Technology Compilation 2024,Channel_687,5,2024-01-18T16:00:00.000Z,trending|music|vlog,35477,2288,264,444,https://i.ytimg.com/vi/n-54sj7Jwx0/default.jpg,False,False,False,Auto-generated sample description for Science & Technology video.
fxQXaZHJwS8,24.05.03,Reacting to Entertainment Trends,Channel_1074,2,2024-03-03T02:00:00.000Z,2024|vlog|official,6906,471,25,84,https://i.ytimg.com/vi/wI3cglWcpgp/default.jpg,False,False,False,Auto-generated sample description for Entertainment video.
eiH8YdXxeH2,24.27.05,Why This Music Video Went Viral,Channel_525,1,2024-05-24T07:00:00.000Z,2024|review|live,16413,870,20,175,https://i.ytimg.com/vi/Aq6aJDQ5X4_/default.jpg,False,False,False,Auto-generated sample description for Music video.
8xKKPnxnm6s,24.31.07,Reacting to Entertainment Trends,Channel_4590,2,2024-07-30T14:00:00.000Z,2024|vlog|official,7146,168,29,57,https://i.ytimg.com/vi/H9D4td-QKr3/default.jpg,True,False,False,Auto-generated sample description for Entertainment video.
JbhwelC6Yz5,25.31.01,Why This Pets & Animals Video Went Viral,Channel_1994,24,2025-01-30T17:00:00.000Z,live|trending|music,27958,1834,61,370,https://i.ytimg.com/vi/ivc3mOvTZIZ/default.jpg,False,False,False,Auto-generated sample description for Pets & Animals video.
pe8hDamxpvt,24.05.07,Top 10 Music Moments This Week,Channel_2385,1,2024-07-02T13:00:00.000Z,official|trending|live,33271,1005,17,396,https://i.ytimg.com/vi/jv13FKhG5E8/default.jpg,False,False,False,Auto-generated sample description for Music video.
3RAPE4813BR,24.05.07,Behind the Scenes: Sports,Channel_241,26,2024-07-01T04:00:00.000Z,review|vlog|trending,798,28,3,12,https://i.ytimg.com/vi/VxxlqY83ig-/default.jpg,False,False,False,Auto-generated sample description for Sports video.
5PTT2B5ivU4,25.24.01,Music Compilation 2024,Channel_1021,1,2025-01-21T13:00:00.000Z,live|music|official,177261,9706,603,1774,https://i.ytimg.com/vi/j4nxbS_wuYn/default.jpg,False,False,False,Auto-generated sample description for Music video.
nQjZYn3YjIa,24.25.12,Official Travel & Events Highlights,Channel_722,6,2024-12-21T12:00:00.000Z,2024|official|vlog,15641,943,73,13,https://i.ytimg.com/vi/TGFKQQD3tb0/default.jpg,False,False,False,Auto-generated sample description for Travel & Events video.
DHfajJJ7aH1,24.14.11,Behind the Scenes: Sports,Channel_3077,26,2024-11-13T10:00:00.000Z,vlog|music|2024,148884,9338,997,2866,https://i.ytimg.com/vi/X3Zbr4DNdLb/default.jpg,False,False,False,Auto-generated sample description for Sports video.
NxB5cPxSh9V,24.26.01,Top 10 Music Moments This Week,Channel_3389,1,2024-01-23T09:00:00.000Z,live|vlog|review,29531,671,81,108,https://i.ytimg.com/vi/h9ejsnfzIjG/default.jpg,False,False,False,Auto-generated sample description for Music video.
XNgRVxeyIvD,24.23.04,Top 10 People & Blogs Moments This Week,Channel_2276,15,2024-04-20T14:00:00.000Z,official|live|trending,42387,2328,415,396,https://i.ytimg.com/vi/j7Znvu0NvIB/default.jpg,False,False,False,Auto-generated sample description for People & Blogs video.
Bpd1RQ0di5S,25.29.01,Official News & Politics Highlights,Channel_2199,19,2025-01-29T11:00:00.000Z,vlog|music|live,20353,772,191,219,https://i.ytimg.com/vi/DzHmvQ0l8Kv/default.jpg,False,False,False,Auto-generated sample description for News & Politics video.
Po2xdGWR0gl,24.03.07,Reacting to People & Blogs Trends,Channel_4689,15,2024-06-29T21:00:00.000Z,trending|2024|vlog,2681,187,2,13,https://i.ytimg.com/vi/8wA3ZlCiWfl/default.jpg,False,False,False,Auto-generated sample description for People & Blogs video.
b7KaA23piDp,24.08.11,Official Music Highlights,Channel_2633,1,2024-11-08T05:00:00.000Z,live|vlog|official,85909,5451,160,993,https://i.ytimg.com/vi/zSe1NhjfnLT/default.jpg,False,True,False,Auto-generated sample description for Music video.
SnY7hURbc5b,24.05.07,Science & Technology Compilation 2024,Channel_121,11,2024-07-05T14:00:00.000Z,2024|official|review,5324,396,51,46,https://i.ytimg.com/vi/qtVQ61cFRuZ/default.jpg,False,False,False,Auto-generated sample description for Science & Technology video.
mXbIhzKllov,24.04.08,Behind the Scenes: Music,Channel_681,1,2024-08-02T19:00:00.000Z,live|official|trending,227564,12274,384,3793,https://i.ytimg.com/vi/LwB4NVD0_Ib/default.jpg,False,False,False,Auto-generated sample description for Music video.
kkmdhyDa0IS,24.26.07,Reacting to Entertainment Trends,Channel_4988,2,2024-07-22T17:00:00.000Z,review|live|vlog,135010,4890,1292,1255,https://i.ytimg.com/vi/p4Xf19Lvhy9/default.jpg,False,False,False,Auto-generated sample description for Entertainment video.
ZEoeA-g9X5z,24.06.07,Official Entertainment Highlights,Channel_3930,2,2024-07-02T02:00:00.000Z,live|trending|official,10410,608,34,35,https://i.ytimg.com/vi/8JxmbVC9pcz/default.jpg,False,False,False,Auto-generated sample description for Entertainment video.
5K6nsWUdiSv,24.07.06,Official News & Politics Highlights,Channel_1184,19,2024-06-04T08:00:00.000Z,trending|live|vlog,47598,2212,41,298,https://i.ytimg.com/vi/qrFy7cFaF32/default.jpg,False,False,False,Auto-generated sample description for News & Politics video.
Hm94F4RnntL,24.09.12,Reacting to Film & Animation Trends,Channel_3569,22,2024-12-08T10:00:00.000Z,music|live|official,2279,26,22,41,https://i.ytimg.com/vi/PJ1XJePP_6s/default.jpg,False,False,False,Auto-generated sample description for Film & Animation video.
hJOQd5LSBGH,25.19.01,Official Music Highlights,Channel_918,1,2025-01-18T01:00:00.000Z,official|live|trending,1232,68,3,10,https://i.ytimg.com/vi/_A_0URO8P_a/default.jpg,False,False,False,Auto-generated sample description for Music video.
ep6sncCMy61,24.06.07,Reacting to Comedy Trends,Channel_1162,16,2024-07-03T04:00:00.000Z,review|2024|vlog,73197,3771,397,129,https://i.ytimg.com/vi/dTw3N_ExXOH/default.jpg,False,False,False,Auto-generated sample description for Comedy video.
HXTdZ2aHnWk,24.27.07,Film & Animation Compilation 2024,Channel_3440,22,2024-07-24T10:00:00.000Z,review|vlog|live,32706,572,250,297,https://i.ytimg.com/vi/QXw9mPNoVbG/default.jpg,False,False,False,Auto-generated sample description for Film & Animation video.
_-GfPJk-Pk4,24.25.11,Behind the Scenes: Science & Technology,Channel_3065,5,2024-11-21T07:00:00.000Z,music|2024|review,48924,2499,129,387,https://i.ytimg.com/vi/IvaK5kEizr2/default.jpg,False,False,False,Auto-generated sample description for Science & Technology video.
cR3zzbpIjMU,24.17.07,Behind the Scenes: Sports,Channel_1311,26,2024-07-16T06:00:00.000Z,2024|music|official,46115,2237,290,174,https://i.ytimg.com/vi/jx_rlyhprZe/default.jpg,False,False,False,Auto-generated sample description for Sports video.
_hhnjeg9hcX,24.19.10,Reacting to Entertainment Trends,Channel_3324,2,2024-10-18T04:00:00.000Z,official|2024|live,2588,79,15,37,https://i.ytimg.com/vi/wTOfpNInmiO/default.jpg,False,False,False,Auto-generated sample description for Entertainment video.
sVB6bHpFbkp,24.14.08,Music Compilation 2024,Channel_3003,1,2024-08-11T12:00:00.000Z,live|music|trending,1670390,123782,15439,20652,https://i.ytimg.com/vi/qVkcqocxEr_/default.jpg,False,False,False,Auto-generated sample description for Music video.
KRk4ziQJ110,24.15.04,Top 10 Music Moments This Week,Channel_3466,1,2024-04-15T03:00:00.000Z,official|vlog|music,29112,618,89,380,https://i.ytimg.com/vi/H5Fz0ggBuuH/default.jpg,True,False,False,Auto-generated sample description for Music video.
9WEtW2CvL11,24.11.09,Sports Compilation 2024,Channel_4843,26,2024-09-11T14:00:00.000Z,music|trending|review,19930,1141,89,48,https://i.ytimg.com/vi/QQJwTCf3YEk/default.jpg,False,False,False,Auto-generated sample description for Sports video.
U_psXGsxc7n,24.29.06,Why This Comedy Video Went Viral,Channel_1232,16,2024-06-27T17:00:00.000Z,official|vlog|music,43291,2754,377,235,https://i.ytimg.com/vi/Z4gqQerAWX7/default.jpg,False,False,False,Auto-generated sample description for Comedy video.
dDycykZia3c,24.22.07,Music Compilation 2024,Channel_757,1,2024-07-20T02:00:00.000Z,official|music|live,623408,48633,3334,7922,https://i.ytimg.com/vi/_CvcMmu2ngc/default.jpg,False,True,False,Auto-generated sample description for Music video.
ypcprfPbUR3,24.19.11,Reacting to Entertainment Trends,Channel_4470,2,2024-11-16T00:00:00.000Z,2024|trending|review,22860,266,46,424,https://i.ytimg.com/vi/8IqvF3k7rtQ/default.jpg,False,False,False,Auto-generated sample description for Entertainment video.
63-jaU1WNUh,24.31.07,Behind the Scenes: Entertainment,Channel_3407,2,2024-07-27T16:00:00.000Z,vlog|music|review,10732,461,20,201,https://i.ytimg.com/vi/sKHO8aSYMOs/default.jpg,True,False,False,Auto-generated sample description for Entertainment video.
Plu3LWpFwBq,24.21.08,Official Sports Highlights,Channel_4629,26,2024-08-19T20:00:00.000Z,music|live|trending,6789,119,28,72,https://i.ytimg.com/vi/5vZDp3U-nl4/default.jpg,False,False,False,Auto-generated sample description for Sports video.
3eRU_43lhSm,24.01.05,Top 10 Entertainment Moments This Week,Channel_1865,2,2024-05-01T14:00:00.000Z,vlog|music|official,32815,1361,136,182,https://i.ytimg.com/vi/dmULcJNw-Dw/default.jpg,False,False,False,Auto-generated sample description for Entertainment video.
n_2Fqwxyl8M,24.02.07,Top 10 Music Moments This Week,Channel_3266,1,2024-07-02T01:00:00.000Z,review|official|2024,16951,970,22,187,https://i.ytimg.com/vi/sjVTnuNMoEU/default.jpg,False,False,False,Auto-generated sample description for Music video.
1K14QM-NwXR,24.16.07,Reacting to Music Trends,Channel_2089,1,2024-07-15T09:00:00.000Z,trending|live|music,14218,667,104,180,https://i.ytimg.com/vi/JowiBWpO5Hk/default.jpg,False,False,False,Auto-generated sample description for Music video.
eeLRs_q0Keg,24.23.01,People & Blogs Compilation 2024,Channel_3213,15,2024-01-19T10:00:00.000Z,review|live|trending,18491,286,110,218,https://i.ytimg.com/vi/o0vIhv5L_go/default.jpg,False,False,False,Auto-generated sample description for People & Blogs video.
h3wu9Du0g21,24.19.04,Official Music Highlights,Channel_4958,1,2024-04-18T22:00:00.000Z,2024|live|review,35334,2253,188,553,https://i.ytimg.com/vi/_hVqonoHsdb/default.jpg,False,False,False,Auto-generated sample description for Music video.
udGYohxSP_t,24.30.09,Why This Sports Video Went Viral,Channel_3248,27,2024-09-27T15:00:00.000Z,review|official|vlog,13997,809,94,151,https://i.ytimg.com/vi/3kV0uxYrOLB/default.jpg,False,False,False,Auto-generated sample description for Sports video.
Uv8W81E6JCj,24.21.01,Why This Sports Video Went Viral,Channel_402,26,2024-01-18T22:00:00.000Z,vlog|live|2024,35676,2037,326,642,https://i.ytimg.com/vi/R5x6N59_gGk/default.jpg,False,False,False,Auto-generated sample description for Sports video.
-5BvWegBb5Y,24.02.06,Education Compilation 2024,Channel_2072,10,2024-05-31T21:00:00.000Z,music|trending|vlog,3278,172,13,29,https://i.ytimg.com/vi/neIfPdzDYDa/default.jpg,False,False,False,Auto-generated sample description for Education video.
hfjcu3vREPb,24.19.04,Sports Compilation 2024,Channel_1152,17,2024-04-15T14:00:00.000Z,trending|2024|review,24983,1597,177,321,https://i.ytimg.com/vi/k55AGlPbEXL/default.jpg,False,False,False,Auto-generated sample description for Sports video.
pL8WHMKFYJh,24.15.09,Behind the Scenes: Music,Channel_268,1,2024-09-13T18:00:00.000Z,music|review|vlog,19707,952,48,222,https://i.ytimg.com/vi/OEwJb5uTq1V/default.jpg,False,False,False,Auto-generated sample description for Music video.
K9cIM0-U-3u,24.19.03,Reacting to Music Trends,Channel_2407,1,2024-03-16T14:00:00.000Z,official|vlog|review,21419,1580,176,242,https://i.ytimg.com/vi/S72jXfZFMql/default.jpg,False,False,False,Auto-generated sample description for Music video.
UMH-1RMU6Ge,24.31.12,Why This Music Video Went Viral,Channel_1299,1,2024-12-27T14:00:00.000Z,live|vlog|review,210791,16375,299,3616,https://i.ytimg.com/vi/KkEdLxHtGHt/default.jpg,False,False,False,Auto-generated sample description for Music video.
ce60ae3uwUi,24.07.03,Nonprofits & Activism Compilation 2024,Channel_1576,14,2024-03-07T03:00:00.000Z,official|live|2024,90424,3089,201,598,https://i.ytimg.com/vi/iyANx_jmWtz/default.jpg,False,False,False,Auto-generated sample description for Nonprofits & Activism video.
sYVSD39TjnM,24.28.09,Official Music Highlights,Channel_516,1,2024-09-25T21:00:00.000Z,official|music|2024,1064,33,6,14,https://i.ytimg.com/vi/ZUq8zCQuVga/default.jpg,False,False,False,Auto-generated sample description for Music video.
s5xGC7EU-Nc,24.16.12,Sports Compilation 2024,Channel_2754,17,2024-12-12T13:00:00.000Z,trending|music|vlog,48283,930,33,706,https://i.ytimg.com/vi/lnlquxR5fXr/default.jpg,False,False,False,Auto-generated sample description for Sports video.
PviY2N7kVdC,24.28.08,Why This Sports Video Went Viral,Channel_4819,17,2024-08-28T10:00:00.000Z,trending|official|2024,16699,1264,124,322,https://i.ytimg.com/vi/kE28LhthpA9/default.jpg,False,False,False,Auto-generated sample description for Sports video.
L1E5y_EB57Z,24.17.05,Why This Sports Video Went Viral,Channel_1013,27,2024-05-13T12:00:00.000Z,official|music|live,4758,179,6,68,https://i.ytimg.com/vi/arZMGLqMlp6/default.jpg,False,False,False,Auto-generated sample description for Sports video.
UCi4W2d63Pa,24.22.01,Reacting to Howto & Style Trends,Channel_686,20,2024-01-21T00:00:00.000Z,official|music|review,17149,201,17,202,https://i.ytimg.com/vi/10UL5CXy6Tw/default.jpg,False,False,False,Auto-generated sample description for Howto & Style video.
hBFt9FjNkrJ,24.31.10,Behind the Scenes: Autos & Vehicles,Channel_4903,13,2024-10-30T07:00:00.000Z,trending|vlog|live,3710,259,15,36,https://i.ytimg.com/vi/XFT-FhyWRAB/default.jpg,False,False,False,Auto-generated sample description for Autos & Vehicles video.
Ux5PpW9kyNV,24.17.09,Behind the Scenes: Entertainment,Channel_2204,2,2024-09-14T10:00:00.000Z,official|music|review,57617,4513,143,797,https://i.ytimg.com/vi/1f0-AfvtpA1/default.jpg,False,False,False,Auto-generated sample description for Entertainment video.
IpVUcU3BpWk,24.15.12,Reacting to Sports Trends,Channel_3851,27,2024-12-15T13:00:00.000Z,official|2024|music,72167,1121,474,403,https://i.ytimg.com/vi/mEYwHXGwuzh/default.jpg,False,False,False,Auto-generated sample description for Sports video.
xvbQT9uDIJr,24.26.01,Top 10 Music Moments This Week,Channel_3366,1,2024-01-24T15:00:00.000Z,2024|music|review,16883,874,157,134,https://i.ytimg.com/vi/M2N4PjE53ub/default.jpg,False,False,False,Auto-generated sample description for Music video.
y-iCNVH7e6A,24.22.11,Music Compilation 2024,Channel_1624,1,2024-11-20T08:00:00.000Z,official|2024|music,54150,2442,232,481,https://i.ytimg.com/vi/m2dy1TILoAT/default.jpg,False,False,False,Auto-generated sample description for Music video.
wUj3msx82qi,25.03.01,Comedy Compilation 2024,Channel_252,16,2025-01-01T17:00:00.000Z,vlog|trending|music,14828,163,37,240,https://i.ytimg.com/vi/m0g2GBz222J/default.jpg,False,False,False,Auto-generated sample description for Comedy video.
OZDo--2Hj75,24.29.08,Sports Compilation 2024,Channel_609,27,2024-08-29T09:00:00.000Z,music|review|2024,26167,488,35,108,https://i.ytimg.com/vi/519sp0Y6EoF/default.jpg,False,False,False,Auto-generated sample description for Sports video.
XDfNQ2B0Jaq,24.22.05,Reacting to Music Trends,Channel_654,1,2024-05-21T00:00:00.000Z,vlog|music|2024,28201,2081,161,298,https://i.ytimg.com/vi/Yha4Zc5FK2Q/default.jpg,False,False,False,Auto-generated sample description for Music video.
UAn9S5zndBv,24.06.05,Sports Compilation 2024,Channel_1327,27,2024-05-05T07:00:00.000Z,review|2024|music,6253,261,57,39,https://i.ytimg.com/vi/QDQKpMx28pu/default.jpg,False,False,False,Auto-generated sample description for Sports video.
elNVVf4RLtf,24.03.11,Why This Entertainment Video Went Viral,Channel_3824,2,2024-11-03T09:00:00.000Z,music|review|2024,87332,5443,653,50,https://i.ytimg.com/vi/3DX7-yW2B8c/default.jpg,False,False,False,Auto-generated sample description for Entertainment video.
A08eTKAVrs7,24.12.09,Official Comedy Highlights,Channel_2103,16,2024-09-12T22:00:00.000Z,2024|vlog|music,4425,314,17,61,https://i.ytimg.com/vi/dbiD5llTc9p/default.jpg,False,False,False,Auto-generated sample description for Comedy video.
K5_ksg6EVQU,24.26.03,Reacting to Sports Trends,Channel_64,17,2024-03-26T17:00:00.000Z,2024|live|review,2284,129,2,37,https://i.ytimg.com/vi/M3G4GHnb_7Y/default.jpg,False,False,False,Auto-generated sample description for Sports video.
dm8VhAUsLHL,24.21.09,Why This Autos & Vehicles Video Went Viral,Channel_1600,13,2024-09-20T03:00:00.000Z,music|live|trending,29597,462,44,42,https://i.ytimg.com/vi/-OPCHXMLU7x/default.jpg,False,False,False,Auto-generated sample description for Autos & Vehicles video.
y7EkeN8T2DY,24.06.03,Behind the Scenes: Sports,Channel_4331,26,2024-03-04T16:00:00.000Z,live|vlog|review,17913,576,36,242,https://i.ytimg.com/vi/TCRiRo2R5CU/default.jpg,False,False,False,Auto-generated sample description for Sports video.
HJMqmAH3UMU,24.24.03,Behind the Scenes: Entertainment,Channel_3300,2,2024-03-22T01:00:00.000Z,music|review|live,36573,1611,314,481,https://i.ytimg.com/vi/5wtOUBHWlP6/default.jpg,False,False,False,Auto-generated sample description for Entertainment video.
W-LwTmwVjJK,25.26.01,Sports Compilation 2024,Channel_1273,17,2025-01-23T16:00:00.000Z,2024|music|vlog,34494,863,276,176,https://i.ytimg.com/vi/U7wZqLeJLac/default.jpg,False,False,False,Auto-generated sample description for Sports video.
0qgQMayyGoR,25.07.01,Science & Technology Compilation 2024,Channel_3341,11,2025-01-03T04:00:00.000Z,trending|2024|live,12298,128,48,214,https://i.ytimg.com/vi/YHrJaPiRqjH/default.jpg,False,False,False,Auto-generated sample description for Science & Technology video.
A0yg0UbFA7g,24.09.09,Reacting to News & Politics Trends,Channel_638,19,2024-09-06T13:00:00.000Z,trending|official|live,9656,246,17,93,https://i.ytimg.com/vi/nxGqoPcuNMf/default.jpg,False,False,False,Auto-generated sample description for News & Politics video.
5AFuBowTIas,25.12.01,Official News & Politics Highlights,Channel_537,25,2025-01-08T17:00:00.000Z,review|trending|2024,7348,132,70,26,https://i.ytimg.com/vi/c25Pm949WEx/default.jpg,False,False,False,Auto-generated sample description for News & Politics video.
zroOIgqQ2SW,24.01.08,Why This Entertainment Video Went Viral,Channel_1087,2,2024-07-29T13:00:00.000Z,official|music|vlog,268778,15178,1017,2127,https://i.ytimg.com/vi/iYmFLryet6t/default.jpg,False,False,False,Auto-generated sample description for Entertainment video.
y2nFjSKEAJq,24.13.10,Reacting to Music Trends,Channel_81,1,2024-10-12T10:00:00.000Z,music|live|2024,1857112,48071,7317,32119,https://i.ytimg.com/vi/tJICxW2fbQ-/default.jpg,False,False,False,Auto-generated sample description for Music video.
onNH10uda8C,24.21.09,Reacting to News & Politics Trends,Channel_2104,21,2024-09-21T05:00:00.000Z,vlog|review|trending,107190,2944,974,972,https://i.ytimg.com/vi/yVcGbfpLihb/default.jpg,False,False,False,Auto-generated sample description for News & Politics video.
yhMcMuqlqxd,24.14.11,Music Compilation 2024,Channel_49,1,2024-11-10T03:00:00.000Z,vlog|music|trending,12867,630,90,127,https://i.ytimg.com/vi/BUVdGxqpCCJ/default.jpg,False,False,False,Auto-generated sample description for Music video.
kjFjEgKwzVd,24.22.11,Entertainment Compilation 2024,Channel_3551,2,2024-11-19T06:00:00.000Z,vlog|review|music,81165,2698,462,740,https://i.ytimg.com/vi/JR19olS8kOY/default.jpg,False,False,False,"Auto-generated sample description for Entertainment video.
Second line inside a quoted CSV field."
rQzMVSmJX00,24.27.05,Official People & Blogs Highlights,Channel_4956,15,2024-05-25T09:00:00.000Z,vlog|music|live,3447,269,4,43,https://i.ytimg.com/vi/pJW_dixdJND/default.jpg,False,False,False,Auto-generated sample description for People & Blogs video.
o1mCKI8TfMc,24.30.11,Official Music Highlights,Channel_309,1,2024-11-30T02:00:00.000Z,trending|official|music,76822,3613,216,1311,https://i.ytimg.com/vi/jws33gn_Mxw/default.jpg,False,False,False,Auto-generated sample description for Music video.
tTrqlln5uCb,24.08.08,Behind the Scenes: Pets & Animals,Channel_2325,24,2024-08-08T00:00:00.000Z,official|vlog|music,12485,709,77,56,https://i.ytimg.com/vi/gHod4eqJDA4/default.jpg,False,False,False,Auto-generated sample description for Pets & Animals video.
O20G0N32-Kq,24.10.03,Reacting to Entertainment Trends,Channel_3011,2,2024-03-08T04:00:00.000Z,official|review|vlog,31061,1899,237,89,https://i.ytimg.com/vi/6DA83IPGVSu/default.jpg,False,False,False,Auto-generated sample description for Entertainment video.
FKcdFYwgLIt,24.28.04,Why This Entertainment Video Went Viral,Channel_1848,2,2024-04-27T12:00:00.000Z,live|official|2024,16693,1087,115,239,https://i.ytimg.com/vi/XW8cAMwVIMw/default.jpg,False,False,False,Auto-generated sample description for Entertainment video.
3NCiyGBwFJ4,24.08.09,Top 10 Sports Moments This Week,Channel_1399,17,2024-09-04T18:00:00.000Z,vlog|2024|official,26821,435,63,56,https://i.ytimg.com/vi/sF17CEuTTX_/default.jpg,False,False,False,Auto-generated sample description for Sports video.
19RDIpSqTX1,24.01.04,Top 10 Music Moments This Week,Channel_22,1,2024-03-31T12:00:00.000Z,review|vlog|official,162488,11393,614,2623,https://i.ytimg.com/vi/r14dMoArDjz/default.jpg,False,False,False,Auto-generated sample description for Music video.
rHk2urORuLx,24.23.12,Official Comedy Highlights,Channel_249,16,2024-12-23T07:00:00.000Z,trending|review|live,94799,4838,747,474,https://i.ytimg.com/vi/MtSlfxSJ7XN/default.jpg,False,False,False,Auto-generated sample description for Comedy video.
PVWdM1V9Ksa,24.24.10,Top 10 Music Moments This Week,Channel_1244,1,2024-10-22T20:00:00.000Z,trending|review|2024,58444,720,393,243,https://i.ytimg.com/vi/5OAN6KlLuvm/default.jpg,False,False,False,Auto-generated sample description for Music video.
AaKQHiqhI-f,24.16.06,Behind the Scenes: Sports,Channel_272,17,2024-06-13T08:00:00.000Z,official|2024|trending,6304,251,8,56,https://i.ytimg.com/vi/tWmTIuU-g0p/default.jpg,False,False,False,Auto-generated sample description for Sports video.
73TNwrQPY8C,24.31.12,Why This Entertainment Video Went Viral,Channel_2768,2,2024-12-27T11:00:00.000Z,official|trending|review,36689,2702,282,528,https://i.ytimg.com/vi/lNIKe5WRTXY/default.jpg,False,False,False,Auto-generated sample description for Entertainment video.
RPRqX-CQ4rR,24.17.06,Why This News & Politics Video Went Viral,Channel_551,19,2024-06-13T14:00:00.000Z,vlog|review|2024,4194,126,33,67,https://i.ytimg.com/vi/S-HGdtUFeQy/default.jpg,False,False,False,Auto-generated sample description for News & Politics video.
5_MgMV72bLG,24.28.02,Top 10 Music Moments This Week,Channel_3948,1,2024-02-25T14:00:00.000Z,2024|vlog|music,134801,8560,513,2513,https://i.ytimg.com/vi/yoCsT854iNw/default.jpg,False,False,False,Auto-generated sample description for Music video.
9FBLp_Hp6vd,24.23.09,Reacting to Sports Trends,Channel_1399,26,2024-09-19T00:00:00.000Z,music|live|trending,22898,1631,99,25,https://i.ytimg.com/vi/5YF6O9NZkRD/default.jpg,False,False,False,Auto-generated sample description for Sports video.
7mizM0Qpj6q,24.04.08,Top 10 Entertainment Moments This Week,Channel_2630,2,2024-08-04T07:00:00.000Z,trending|live|review,37914,2708,259,712,https://i.ytimg.com/vi/NH_6NzdYLZh/default.jpg,False,False,False,Auto-generated sample description for Entertainment video.
riKulpteVJn,24.14.04,Official Entertainment Highlights,Channel_369,2,2024-04-12T04:00:00.000Z,review|official|live,44842,3290,441,54,https://i.ytimg.com/vi/0kfChL-l25r/default.jpg,False,False,False,Auto-generated sample description for Entertainment video.
2wZlZarxA2w,24.17.11,Music Compilation 2024,Channel_947,1,2024-11-14T00:00:00.000Z,official|music|2024,18989,1494,73,229,https://i.ytimg.com/vi/5pNKXhxWIdx/default.jpg,False,False,False,Auto-generated sample description for Music video.
TWjGGizb1D0,24.24.10,Why This Music Video Went Viral,Channel_4097,1,2024-10-20T22:00:00.000Z,2024|live|official,208042,15317,2009,2402,https://i.ytimg.com/vi/QTqZFUsAeR2/default.jpg,False,False,False,Auto-generated sample description for Music video.
wXcYUdbAknn,24.06.02,Reacting to Music Trends,Channel_4620,1,2024-02-03T20:00:00.000Z,2024|trending|music,163228,3308,657,2872,https://i.ytimg.com/vi/aTyrp9-UdCE/default.jpg,False,False,True,Auto-generated sample description for Music video.
2oWVVET5xOm,24.27.08,Top 10 Music Moments This Week,Channel_1297,1,2024-08-23T15:00:00.000Z,official|live|trending,124546,4751,425,2417,https://i.ytimg.com/vi/24qptlRfRJf/default.jpg,False,False,False,Auto-generated sample description for Music video.
anoQEekUQFa,24.04.11,Pets & Animals Compilation 2024,Channel_327,12,2024-11-01T11:00:00.000Z,2024|live|official,110,1,0,1,https://i.ytimg.com/vi/PCekZgFmMUH/default.jpg,False,False,False,Auto-generated sample description for Pets & Animals video.
wJK4gvagh1p,24.26.01,Sports Compilation 2024,Channel_1273,17,2024-01-24T15:00:00.000Z,review|2024|vlog,37660,486,188,662,https://i.ytimg.com/vi/RRF2Te3_JHq/default.jpg,False,False,False,Auto-generated sample description for Sports video.
5VycRbnERLl,24.25.06,Why This Music Video Went Viral,Channel_2033,1,2024-06-22T04:00:00.000Z,trending|music|review,15533,1124,138,256,https://i.ytimg.com/vi/6Z6p6G8VTIa/default.jpg,False,False,False,Auto-generated sample description for Music video.
7KoHOAbL2g8,24.08.08,Top 10 Music Moments This Week,Channel_3615,1,2024-08-04T19:00:00.000Z,vlog|official|music,51868,1058,390,775,https://i.ytimg.com/vi/vBZ-YrPXO-h/default.jpg,False,False,False,Auto-generated sample description for Music video.
P0l0d1s7nmR,24.06.03,Top 10 Music Moments This Week,Channel_1398,1,2024-03-06T12:00:00.000Z,trending|official|music,102397,2284,141,1888,https://i.ytimg.com/vi/ic3b9042JwJ/default.jpg,False,False,False,Auto-generated sample description for Music video.
0nReMDealli,24.10.07,Behind the Scenes: People & Blogs,Channel_3538,9,2024-07-06T11:00:00.000Z,2024|trending|review,42959,1701,116,591,https://i.ytimg.com/vi/LrpP71F4SLR/default.jpg,False,False,False,Auto-generated sample description for People & Blogs video.
XiC1wZB_foQ,24.23.05,Top 10 Entertainment Moments This Week,Channel_2439,2,2024-05-20T07:00:00.000Z,trending|official|2024,10607,843,89,38,https://i.ytimg.com/vi/GsrasXk1qpN/default.jpg,False,False,False,Auto-generated sample description for Entertainment video.
lBaO__MuVb_,24.23.10,Behind the Scenes: Music,Channel_1252,1,2024-10-20T11:00:00.000Z,2024|official|review,61510,1818,460,961,https://i.ytimg.com/vi/uzHGEK3eet3/default.jpg,False,False,False,Auto-generated sample description for Music video.
ltT1U0F4XZ5,24.06.09,Official Howto & Style Highlights,Channel_3669,4,2024-09-04T06:00:00.000Z,2024|music|vlog,2718,190,19,33,https://i.ytimg.com/vi/yU45IZ5dxzg/default.jpg,False,False,False,Auto-generated sample description for Howto & Style video.
q8pK4kNobrA,24.02.04,Top 10 People & Blogs Moments This Week,Channel_809,15,2024-03-31T17:00:00.000Z,vlog|review|music,3943,300,6,32,https://i.ytimg.com/vi/DoMnp2Lv--L/default.jpg,False,False,False,Auto-generated sample description for People & Blogs video.
9vPQRBwFo3B,24.26.08,Behind the Scenes: Music,Channel_1103,1,2024-08-22T18:00:00.000Z,vlog|official|music,43108,818,275,428,https://i.ytimg.com/vi/N3mDDURKG4w/default.jpg,False,False,False,Auto-generated sample description for Music video.
-OKRII6LEBe,24.19.03,Official Howto & Style Highlights,Channel_2227,20,2024-03-19T06:00:00.000Z,live|review|music,9441,659,92,145,https://i.ytimg.com/vi/nYufzVg-xjM/default.jpg,False,False,False,Auto-generated sample description for Howto & Style video.
rWkpYz7RZbB,24.23.05,Why This People & Blogs Video Went Viral,Channel_3043,15,2024-05-21T05:00:00.000Z,2024|vlog|music,62237,2427,564,965,https://i.ytimg.com/vi/bwP1Es0bQKk/default.jpg,False,False,False,Auto-generated sample description for People & Blogs video.
CVt1h_oX1MJ,24.21.12,News & Politics Compilation 2024,Channel_4542,19,2024-12-20T05:00:00.000Z,2024|official|music,1789,87,1,22,https://i.ytimg.com/vi/tm_YqfhQSzd/default.jpg,False,False,False,Auto-generated sample description for News & Politics video.
ze_1aaFPBgs,24.21.02,Behind the Scenes: Entertainment,Channel_727,2,2024-02-18T05:00:00.000Z,official|trending|live,10049,590,6,85,https://i.ytimg.com/vi/QXEZWuN9fgK/default.jpg,False,False,False,Auto-generated sample description for Entertainment video.
FONEY47MeMI,24.04.06,Reacting to Entertainment Trends,Channel_4221,2,2024-06-04T11:00:00.000Z,official|live|review,20255,673,40,313,https://i.ytimg.com/vi/axqVYP_-mcO/default.jpg,False,False,False,Auto-generated sample description for Entertainment video.
K0QSSG6ggNW,25.06.02,Top 10 Sports Moments This Week,Channel_4744,27,2025-02-02T12:00:00.000Z,review|vlog|official,31030,2196,248,518,https://i.ytimg.com/vi/OHb5baNJeNG/default.jpg,False,False,False,Auto-generated sample description for Sports video.
mJtUzjGhvX9,24.12.11,Official People & Blogs Highlights,Channel_4618,15,2024-11-09T15:00:00.000Z,trending|music|vlog,11304,492,24,130,https://i.ytimg.com/vi/4DYNIXznR8m/default.jpg,False,False,False,Auto-generated sample description for People & Blogs video.
imz2ExnNA3w,24.30.03,Top 10 Music Moments This Week,Channel_3952,1,2024-03-26T04:00:00.000Z,review|trending|music,122372,2118,418,1354,https://i.ytimg.com/vi/l5on_3Mfe0s/default.jpg,False,False,False,Auto-generated sample description for Music video.
YLRV9NRt7RI,24.07.06,Official Sports Highlights,Channel_4297,17,2024-06-07T04:00:00.000Z,2024|live|music,12404,436,20,42,https://i.ytimg.com/vi/DnMmodSsVl2/default.jpg,False,False,False,Auto-generated sample description for Sports video.
OD3L0YhybM3,24.15.07,Top 10 Pets & Animals Moments This Week,Channel_2673,18,2024-07-12T05:00:00.000Z,music|trending|review,2568,72,22,48,https://i.ytimg.com/vi/DUlqwBtFuse/default.jpg,False,False,False,Auto-generated sample description for Pets & Animals video.
HRgw_mJpqHI,24.13.08,Behind the Scenes: Sports,Channel_439,27,2024-08-13T10:00:00.000Z,vlog|trending|2024,8443,529,16,139,https://i.ytimg.com/vi/2DhbzKaj3st/default.jpg,False,False,False,Auto-generated sample description for Sports video.
0HSnBX86dxG,24.10.03,Behind the Scenes: Pets & Animals,Channel_4801,12,2024-03-08T00:00:00.000Z,vlog|trending|2024,14270,880,58,272,https://i.ytimg.com/vi/5Q0NIdz2otn/default.jpg,False,False,False,Auto-generated sample description for Pets & Animals video.
hwr_CZqQ-B4,24.01.07,Reacting to People & Blogs Trends,Channel_4206,15,2024-06-30T02:00:00.000Z,vlog|music|live,7197,395,33,61,https://i.ytimg.com/vi/aJ4esfuc2Lh/default.jpg,False,False,False,Auto-generated sample description for People & Blogs video.
RnuEeeTnEyw,24.04.03,Why This Entertainment Video Went Viral,Channel_2118,2,2024-03-03T08:00:00.000Z,live|2024|music,8900,565,79,51,https://i.ytimg.com/vi/KrbLysw6SNZ/default.jpg,False,False,False,Auto-generated sample description for Entertainment video.
6LfVBy2WRgE,24.05.02,Behind the Scenes: Autos & Vehicles,Channel_4803,13,2024-02-02T18:00:00.000Z,live|review|2024,24370,1287,110,132,https://i.ytimg.com/vi/IW2Bvc_c4be/default.jpg,False,False,False,Auto-generated sample description for Autos & Vehicles video.
ywg7yLkrwXG,24.05.12,Why This Music Video Went Viral,Channel_3204,1,2024-12-04T00:00:00.000Z,2024|trending|review,14570,338,124,263,https://i.ytimg.com/vi/x6o5hIVTrTI/default.jpg,False,False,False,Auto-generated sample description for Music video.
Z8LnTzCrsIk,24.30.06,Official Film & Animation Highlights,Channel_2036,22,2024-06-27T08:00:00.000Z,official|trending|music,59721,2849,466,389,https://i.ytimg.com/vi/-z-eiOsBBfq/default.jpg,False,False,False,Auto-generated sample description for Film & Animation video.
uax14dniyG6,24.23.11,Sports Compilation 2024,Channel_3218,17,2024-11-21T02:00:00.000Z,music|vlog|official,11315,477,101,196,https://i.ytimg.com/vi/o7_PhxkaBB6/default.jpg,False,False,False,Auto-generated sample description for Sports video.
nJsw5h5R6T5,24.15.03,Top 10 Sports Moments This Week,Channel_4064,17,2024-03-13T19:00:00.000Z,vlog|live|trending,2444,190,14,44,https://i.ytimg.com/vi/wSCWg9s62fU/default.jpg,False,False,False,Auto-generated sample description for Sports video.
9DLnLSLX59l,24.24.01,Why This Sports Video Went Viral,Channel_4105,17,2024-01-21T12:00:00.000Z,music|review|trending,7112,480,17,26,https://i.ytimg.com/vi/iYTmcoAcECB/default.jpg,False,False,False,Auto-generated sample description for Sports video.
6tH-bU-Xtri,24.05.07,Official Entertainment Highlights,Channel_3931,2,2024-07-01T10:00:00.000Z,official|trending|vlog,11398,727,72,118,https://i.ytimg.com/vi/nafga51TnBv/default.jpg,False,False,False,Auto-generated sample description for Entertainment video.
djSIMG_mwql,24.22.10,Reacting to Music Trends,Channel_445,1,2024-10-21T15:00:00.000Z,2024|vlog|review,4330,138,38,75,https://i.ytimg.com/vi/-wxUsCz-z1_/default.jpg,False,False,False,Auto-generated sample description for Music video.
O9FpkdXRS8Q,24.19.02,Official Education Highlights,Channel_4255,10,2024-02-17T13:00:00.000Z,live|trending|2024,7013,455,37,56,https://i.ytimg.com/vi/gk6WXdpwyuj/default.jpg,False,False,False,Auto-generated sample description for Education video.
XKpak6EQBJG,24.27.08,Behind the Scenes: Science & Technology,Channel_1935,11,2024-08-23T10:00:00.000Z,official|live|music,7146,78,45,118,https://i.ytimg.com/vi/eH6dVGC0IgS/default.jpg,False,False,False,Auto-generated sample description for Science & Technology video.
0sYPwKjKee_,25.04.01,Reacting to Pets & Animals Trends,Channel_1311,24,2025-01-04T21:00:00.000Z,official|vlog|review,96922,6383,252,415,https://i.ytimg.com/vi/yTxJnSrP6_h/default.jpg,False,False,False,Auto-generated sample description for Pets & Animals video.
jo3dz5D2khD,24.20.09,Official Sports Highlights,Channel_3200,17,2024-09-17T02:00:00.000Z,music|official|trending,37670,2299,125,178,https://i.ytimg.com/vi/Qu6rZs6lu_C/default.jpg,False,False,False,Auto-generated sample description for Sports video.
WVVqVPxfv5x,24.22.08,Top 10 Entertainment Moments This Week,Channel_358,2,2024-08-19T09:00:00.000Z,music|trending|review,124707,5690,1040,1702,https://i.ytimg.com/vi/WkkZvTsuwDb/default.jpg,False,False,False,Auto-generated sample description for Entertainment video.
qjEMKF_OwCA,25.29.01,Behind the Scenes: Education,Channel_1146,10,2025-01-28T11:00:00.000Z,2024|trending|vlog,1922,35,4,25,https://i.ytimg.com/vi/nvf1gzNsT-l/default.jpg,False,False,False,Auto-generated sample description for Education video.
h2ju4eKJFbs,24.28.07,Reacting to Science & Technology Trends,Channel_390,11,2024-07-26T01:00:00.000Z,vlog|official|live,7160,211,25,62,https://i.ytimg.com/vi/UEw8_D9ys58/default.jpg,False,False,False,Auto-generated sample description for Science & Technology video.
Zhu3S34Y9V5,24.15.02,Reacting to Sports Trends,Channel_3037,17,2024-02-14T21:00:00.000Z,2024|trending|live,56417,1052,275,366,https://i.ytimg.com/vi/aN9aftxqmKg/default.jpg,False,False,False,Auto-generated sample description for Sports video.
PCAgtb9maAU,24.08.04,Reacting to News & Politics Trends,Channel_1406,19,2024-04-08T13:00:00.000Z,vlog|music|review,4818,225,10,55,https://i.ytimg.com/vi/xRXfY3Kbc70/default.jpg,False,False,False,Auto-generated sample description for News & Politics video.
hFTpwPGbh4h,24.22.09,Behind the Scenes: Comedy,Channel_380,16,2024-09-22T03:00:00.000Z,vlog|2024|live,10217,719,100,183,https://i.ytimg.com/vi/juy9agvT8-0/default.jpg,False,True,False,Auto-generated sample description for Comedy video.
IvGhwxZ4oDQ,24.08.04,Official Pets & Animals Highlights,Channel_706,24,2024-04-04T02:00:00.000Z,music|trending|live,2933,201,22,14,https://i.ytimg.com/vi/clKAY6tDBog/default.jpg,False,False,False,Auto-generated sample description for Pets & Animals video.
1MqjvE-ZNat,24.09.09,Reacting to Entertainment Trends,Channel_3207,2,2024-09-08T04:00:00.000Z,live|music|official,41351,2867,321,667,https://i.ytimg.com/vi/XngMwiwIXr7/default.jpg,False,False,False,Auto-generated sample description for Entertainment video.
vWy2f2MiK_A,24.20.05,Official Film & Animation Highlights,Channel_812,22,2024-05-16T16:00:00.000Z,2024|live|music,7761,378,53,84,https://i.ytimg.com/vi/w25Cn1vDa5j/default.jpg,False,False,False,Auto-generated sample description for Film & Animation video.
wtaUNKW8pRh,24.01.10,Official Music Highlights,Channel_1284,1,2024-10-01T16:00:00.000Z,trending|review|2024,4680,100,5,84,https://i.ytimg.com/vi/2HKa4xqrx7v/default.jpg,False,False,False,Auto-generated sample description for Music video.
W0k8le2H64d,25.27.01,Why This Education Video Went Viral,Channel_2335,23,2025-01-27T16:00:00.000Z,vlog|trending|live,11861,166,83,85,https://i.ytimg.com/vi/mDNO-pvjWc1/default.jpg,False,False,False,Auto-generated sample description for Education video.
hxruzszghmV,25.30.01,Entertainment Compilation 2024,Channel_775,2,2025-01-29T06:00:00.000Z,music|live|2024,104748,1941,300,2036,https://i.ytimg.com/vi/dnzE2WG74uv/default.jpg,False,False,False,Auto-generated sample description for Entertainment video.
NKk_WRTdDDp,24.03.02,Sports Compilation 2024,Channel_1621,17,2024-02-01T05:00:00.000Z,music|trending|vlog,12015,545,60,111,https://i.ytimg.com/vi/G1355qjB7R6/default.jpg,False,False,False,Auto-generated sample description for Sports video.
Wa8gc9pLAfC,24.03.11,Sports Compilation 2024,Channel_1956,17,2024-10-30T13:00:00.000Z,2024|trending|music,10244,550,20,76,https://i.ytimg.com/vi/5_vd7fCSWJP/default.jpg,False,False,False,Auto-generated sample description for Sports video.
d5gTIiup0-q,24.21.02,Entertainment Compilation 2024,Channel_3876,2,2024-02-19T00:00:00.000Z,live|trending|review,112640,1207,598,542,https://i.ytimg.com/vi/V4aZEYGx6LS/default.jpg,False,False,False,Auto-generated sample description for Entertainment video.
YMhFIyxrIuz,24.06.04,Reacting to Entertainment Trends,Channel_1781,2,2024-04-02T11:00:00.000Z,review|trending|music,34682,1131,143,533,https://i.ytimg.com/vi/IAKY-3GTtgV/default.jpg,False,False,False,Auto-generated sample description for Entertainment video.
4-SE7s2vY05,24.21.11,Top 10 News & Politics Moments This Week,Channel_4949,19,2024-11-18T15:00:00.000Z,2024|live|official,6653,372,46,58,https://i.ytimg.com/vi/EPpcOYGK5pJ/default.jpg,False,False,False,Auto-generated sample description for News & Politics video.
hmtv5Cj35p3,24.18.06,Reacting to Entertainment Trends,Channel_847,2,2024-06-18T02:00:00.000Z,vlog|trending|music,43757,2114,91,89,https://i.ytimg.com/vi/93rvWaluoVS/default.jpg,False,False,False,Auto-generated sample description for Entertainment video.
yrxpCYkEckX,24.18.05,Official Entertainment Highlights,Channel_4973,2,2024-05-17T02:00:00.000Z,trending|2024|music,5101,364,11,17,https://i.ytimg.com/vi/aAiQDltKQMB/default.jpg,False,False,False,Auto-generated sample description for Entertainment video.
ggmuL4p83RS,24.16.01,Top 10 Comedy Moments This Week,Channel_1856,16,2024-01-16T12:00:00.000Z,music|official|trending,4752,127,37,87,https://i.ytimg.com/vi/46_7T3rO3SS/default.jpg,False,False,False,Auto-generated sample description for Comedy video.
FWNw6qCVbbY,25.18.01,Why This Sports Video Went Viral,Channel_2516,17,2025-01-18T04:00:00.000Z,live|official|trending,4129,52,21,36,https://i.ytimg.com/vi/yKzfzIbOT8M/default.jpg,False,False,False,Auto-generated sample description for Sports video.
2Q9CnRoCm1v,24.29.08,Why This Music Video Went Viral,Channel_837,1,2024-08-26T14:00:00.000Z,review|music|trending,493518,9759,2995,9613,https://i.ytimg.com/vi/ZXuKLbqnC3W/default.jpg,False,False,False,Auto-generated sample description for Music video.
b4hFSAmvpsE,24.13.04,Top 10 People & Blogs Moments This Week,Channel_3300,9,2024-04-09T13:00:00.000Z,live|vlog|2024,6831,519,67,24,https://i.ytimg.com/vi/J8kTsagFkwf/default.jpg,False,False,False,Auto-generated sample description for People & Blogs video.
hhmMYiYNu9m,25.11.01,Top 10 Film & Animation Moments This Week,Channel_3476,22,2025-01-07T17:00:00.000Z,live|review|2024,43464,1582,178,360,https://i.ytimg.com/vi/v93dJeRJH2j/default.jpg,False,False,False,Auto-generated sample description for Film & Animation video.
YZuJZu9-92j,24.16.04,Why This Entertainment Video Went Viral,Channel_3018,2,2024-04-14T18:00:00.000Z,trending|music|review,30866,977,245,86,https://i.ytimg.com/vi/f-biNmlExW7/default.jpg,False,False,False,Auto-generated sample description for Entertainment video.
vQRlXs-enPE,24.15.03,Top 10 Entertainment Moments This Week,Channel_1168,2,2024-03-13T12:00:00.000Z,2024|live|review,70880,2173,97,1231,https://i.ytimg.com/vi/aglWjbmeV0o/default.jpg,False,False,False,Auto-generated sample description for Entertainment video.
HSQcD6JS9uo,24.11.10,Comedy Compilation 2024,Channel_3583,16,2024-10-07T01:00:00.000Z,review|vlog|trending,4525,302,2,34,https://i.ytimg.com/vi/cWs4Db_aiNV/default.jpg,False,False,False,Auto-generated sample description for Comedy video.
omDN9w8yw_9,24.27.03,Official Music Highlights,Channel_199,1,2024-03-23T07:00:00.000Z,live|2024|official,49829,2574,29,548,https://i.ytimg.com/vi/ZxHCM1RIWYB/default.jpg,False,False,False,Auto-generated sample description for Music video.
0YByr3PoLt6,24.25.01,Behind the Scenes: Sports,Channel_3757,26,2024-01-25T17:00:00.000Z,trending|official|review,42513,2347,420,169,https://i.ytimg.com/vi/vs4GiwsyPSt/default.jpg,False,False,False,Auto-generated sample description for Sports video.
yvkiKrpmiu4,24.20.07,Entertainment Compilation 2024,Channel_999,2,2024-07-16T04:00:00.000Z,2024|trending|live,51880,2356,137,673,https://i.ytimg.com/vi/D7rZn5VTOfN/default.jpg,False,False,False,Auto-generated sample description for Entertainment video.
UadeYmmJ_6g,24.20.05,Why This Sports Video Went Viral,Channel_2953,17,2024-05-17T12:00:00.000Z,review|vlog|2024,25204,684,179,218,https://i.ytimg.com/vi/LezE-CeowYq/default.jpg,True,False,False,Auto-generated sample description for Sports video.
U_qoJ-KUgyI,24.14.10,Reacting to Sports Trends,Channel_3594,17,2024-10-10T00:00:00.000Z,review|trending|live,6814,129,61,11,https://i.ytimg.com/vi/UVe6oALkq3C/default.jpg,False,False,False,Auto-generated sample description for Sports video.
aU7KEoSjcM-,25.22.01,Why This Sports Video Went Viral,Channel_1856,17,2025-01-18T14:00:00.000Z,2024|review|music,7776,223,8,9,https://i.ytimg.com/vi/qdTZWy2eHFg/default.jpg,False,False,False,Auto-generated sample description for Sports video.
5DRNkMsMHAW,24.07.02,Behind the Scenes: Education,Channel_2825,23,2024-02-05T06:00:00.000Z,vlog|live|review,23885,1579,227,128,https://i.ytimg.com/vi/x4rsvM-95i4/default.jpg,False,False,False,Auto-generated sample description for Education video.
O0qfVjlJy_o,25.04.01,Why This Education Video Went Viral,Channel_4604,10,2025-01-03T19:00:00.000Z,official|live|review,29248,2290,232,64,https://i.ytimg.com/vi/VnupYewCggp/default.jpg,True,False,False,Auto-generated sample description for Education video.
pDAapzZWL9n,24.10.02,Reacting to Sports Trends,Channel_1082,26,2024-02-08T16:00:00.000Z,live|review|2024,17929,464,98,277,https://i.ytimg.com/vi/aH5DSV93EG5/default.jpg,False,False,False,Auto-generated sample description for Sports video.
GpNxnXaFnk3,24.13.03,Comedy Compilation 2024,Channel_2099,16,2024-03-11T03:00:00.000Z,vlog|music|review,20459,1090,24,61,https://i.ytimg.com/vi/xhqBHNNnU3d/default.jpg,False,False,False,Auto-generated sample description for Comedy video.
0qOXmzHE56v,24.09.02,Behind the Scenes: Sports,Channel_4018,27,2024-02-08T03:00:00.000Z,live|official|2024,69529,1346,526,1185,https://i.ytimg.com/vi/k-BcejyCqrG/default.jpg,False,False,False,Auto-generated sample description for Sports video.
b8yQDxmV08o,24.30.07,Top 10 Music Moments This Week,Channel_4664,1,2024-07-27T03:00:00.000Z,review|live|official,124165,1984,471,2461,https://i.ytimg.com/vi/T3twtCBOY8x/default.jpg,False,False,False,Auto-generated sample description for Music video.
W_h-17Lwu0U,25.02.01,Reacting to Education Trends,Channel_64,23,2025-01-02T17:00:00.000Z,review|2024|trending,34659,2505,330,176,https://i.ytimg.com/vi/tnsThn5YY7t/default.jpg,False,False,False,Auto-generated sample description for Education video.
d0bUqK8P3eh,24.20.05,Comedy Compilation 2024,Channel_3502,16,2024-05-18T21:00:00.000Z,official|trending|vlog,51675,1159,30,809,https://i.ytimg.com/vi/LyJjy-KtWEz/default.jpg,False,False,False,Auto-generated sample description for Comedy video.
Q0SFenrTnWz,24.23.03,Top 10 Sports Moments This Week,Channel_3246,26,2024-03-22T20:00:00.000Z,2024|music|review,516421,32125,4400,2044,https://i.ytimg.com/vi/lnOg0F-x_Wx/default.jpg,False,False,False,Auto-generated sample description for Sports video.
xmi5aF7dlhA,24.17.11,Reacting to Entertainment Trends,Channel_3972,2,2024-11-15T17:00:00.000Z,review|live|trending,34590,517,236,142,https://i.ytimg.com/vi/X70ofXn9rpM/default.jpg,False,False,False,Auto-generated sample description for Entertainment video.
zndU3x12aIx,24.05.06,Behind the Scenes: Comedy,Channel_659,16,2024-06-01T10:00:00.000Z,music|live|review,9707,277,8,64,https://i.ytimg.com/vi/y5Ovs8FPPYr/default.jpg,False,False,False,Auto-generated sample description for Comedy video.
A0Sjr215fG9,24.27.05,Top 10 People & Blogs Moments This Week,Channel_4076,9,2024-05-24T01:00:00.000Z,music|vlog|2024,1919,71,16,14,https://i.ytimg.com/vi/DfeRnCJQ4ma/default.jpg,False,False,False,Auto-generated sample description for People & Blogs video.
c-7itcNHalf,24.14.12,Behind the Scenes: News & Politics,Channel_1210,19,2024-12-10T12:00:00.000Z,live|trending|vlog,887,23,3,14,https://i.ytimg.com/vi/9UnZnpjtqO8/default.jpg,False,False,False,Auto-generated sample description for News & Politics video.
hbBFxpbDWNG,24.07.07,Behind the Scenes: Comedy,Channel_1812,16,2024-07-03T00:00:00.000Z,2024|review|live,7881,412,73,84,https://i.ytimg.com/vi/vcc7I7Yomk5/default.jpg,False,False,False,Auto-generated sample description for Comedy video.
nHvj3n2QfiL,24.12.11,Behind the Scenes: Sports,Channel_2252,26,2024-11-08T19:00:00.000Z,review|music|official,25785,1082,207,270,https://i.ytimg.com/vi/s6CXoUGC_SU/default.jpg,False,False,False,Auto-generated sample description for Sports video.
JCWqXlZBRVi,24.13.10,Reacting to Howto & Style Trends,Channel_1356,4,2024-10-09T12:00:00.000Z,live|vlog|trending,36544,893,334,205,https://i.ytimg.com/vi/-SLHhDcnIo2/default.jpg,False,False,False,Auto-generated sample description for Howto & Style video.
aQvth-gMlJf,24.15.07,Reacting to People & Blogs Trends,Channel_2022,15,2024-07-15T12:00:00.000Z,2024|trending|review,12300,817,54,63,https://i.ytimg.com/vi/ELuRxyb1q5Z/default.jpg,False,False,False,Auto-generated sample description for People & Blogs video.
UENgOAVpdcA,24.21.05,Why This Pets & Animals Video Went Viral,Channel_2950,24,2024-05-21T12:00:00.000Z,review|trending|2024,45363,3340,309,645,https://i.ytimg.com/vi/bZsFsad1yW8/default.jpg,False,False,False,Auto-generated sample description for Pets & Animals video.
M0NtOc5IKnd,25.07.01,Behind the Scenes: Autos & Vehicles,Channel_2095,13,2025-01-07T15:00:00.000Z,2024|vlog|live,5978,467,14,60,https://i.ytimg.com/vi/ZhoiPFQTsCZ/default.jpg,False,False,False,Auto-generated sample description for Autos & Vehicles video.
q3-N5_DS3c0,24.11.08,Why This Howto & Style Video Went Viral,Channel_2892,4,2024-08-10T17:00:00.000Z,2024|review|trending,3339,141,16,56,https://i.ytimg.com/vi/ePFDprysDrK/default.jpg,False,False,False,Auto-generated sample description for Howto & Style video.
jX9uBCE8yYM,24.20.05,Autos & Vehicles Compilation 2024,Channel_2422,7,2024-05-16T08:00:00.000Z,2024|review|official,25188,1006,196,373,https://i.ytimg.com/vi/DWjlRsDTtqv/default.jpg,False,False,False,Auto-generated sample description for Autos & Vehicles video.
75bWAshQCoN,24.28.07,Howto & Style Compilation 2024,Channel_4309,20,2024-07-27T04:00:00.000Z,vlog|review|trending,3231,171,31,15,https://i.ytimg.com/vi/aSPB2bvmha_/default.jpg,False,False,False,Auto-generated sample description for Howto & Style video.
xXSdoVm4uft,24.25.07,Why This Sports Video Went Viral,Channel_4411,27,2024-07-22T22:00:00.000Z,trending|2024|official,94663,1709,181,496,https://i.ytimg.com/vi/fW_4fY0YXdP/default.jpg,False,False,False,Auto-generated sample description for Sports video.
Iv0RO5khVQp,24.17.01,Official Music Highlights,Channel_156,1,2024-01-16T16:00:00.000Z,vlog|2024|live,114592,4112,154,1835,https://i.ytimg.com/vi/LszGa4OYNEN/default.jpg,False,False,False,Auto-generated sample description for Music video.
8vll3MYQgjO,24.22.04,Behind the Scenes: Entertainment,Channel_1778,2,2024-04-21T03:00:00.000Z,vlog|official|live,2441,113,6,33,https://i.ytimg.com/vi/zEfO9KH38wW/default.jpg,False,False,False,Auto-generated sample description for Entertainment video.
tmKebJDAPGr,24.08.01,Why This Music Video Went Viral,Channel_3781,1,2024-01-08T20:00:00.000Z,official|2024|review,872188,34136,8419,1068,https://i.ytimg.com/vi/rkU9vvPQWhs/default.jpg,False,False,False,Auto-generated sample description for Music video.
_46K3LHOGej,24.20.01,Reacting to Music Trends,Channel_2347,1,2024-01-18T20:00:00.000Z,vlog|music|2024,12242,792,27,152,https://i.ytimg.com/vi/Yc_noNEd8oE/default.jpg,False,False,False,Auto-generated sample description for Music video.
vJtZxU5ELcQ,25.26.01,Top 10 Music Moments This Week,Channel_3082,1,2025-01-25T07:00:00.000Z,vlog|trending|2024,483551,17123,1677,2732,https://i.ytimg.com/vi/20ZuGuLUdDj/default.jpg,False,False,False,Auto-generated sample description for Music video.
HT0Q2XUnX2a,24.25.02,News & Politics Compilation 2024,Channel_1583,21,2024-02-25T20:00:00.000Z,trending|2024|official,3193,89,9,18,https://i.ytimg.com/vi/cG0rST4e3O0/default.jpg,False,False,False,Auto-generated sample description for News & Politics video.
D5_U23vwUtF,24.02.08,Why This Entertainment Video Went Viral,Channel_4806,2,2024-08-01T12:00:00.000Z,official|review|vlog,26985,1738,129,199,https://i.ytimg.com/vi/XzwJlVvLDLv/default.jpg,False,False,False,Auto-generated sample description for Entertainment video.
x4SiNYesc6f,24.14.07,Top 10 Howto & Style Moments This Week,Channel_3605,4,2024-07-13T03:00:00.000Z,live|trending|review,2113,145,8,10,https://i.ytimg.com/vi/T-Uwr7Ino0B/default.jpg,False,False,False,Auto-generated sample description for Howto & Style video.
h0_xp2dc2M_,24.06.09,Top 10 News & Politics Moments This Week,Channel_4366,25,2024-09-02T14:00:00.000Z,review|vlog|trending,8819,324,19,92,https://i.ytimg.com/vi/YFs8usynUXM/default.jpg,False,False,False,Auto-generated sample description for News & Politics video.
qnQtbmryKIB,24.23.03,Why This Sports Video Went Viral,Channel_1296,26,2024-03-23T06:00:00.000Z,live|vlog|review,6008,126,27,59,https://i.ytimg.com/vi/oQizieO4UUn/default.jpg,False,False,False,Auto-generated sample description for Sports video.
2xDLm0duE6U,24.18.04,Reacting to Science & Technology Trends,Channel_3927,11,2024-04-18T17:00:00.000Z,vlog|music|live,5571,241,39,71,https://i.ytimg.com/vi/MzWEm-yyC5c/default.jpg,False,False,False,Auto-generated sample description for Science & Technology video.
-Y8VREHmoKX,24.13.02,Official Music Highlights,Channel_2546,1,2024-02-12T14:00:00.000Z,official|vlog|live,46028,2458,125,198,https://i.ytimg.com/vi/nLa9n40hxsv/default.jpg,False,False,False,Auto-generated sample description for Music video.
KKxt-Qo5yF1,24.10.01,Travel & Events Compilation 2024,Channel_3831,6,2024-01-06T14:00:00.000Z,vlog|music|2024,440,23,0,3,https://i.ytimg.com/vi/EmXIhGxZCPk/default.jpg,False,False,False,Auto-generated sample description for Travel & Events video.
0E4Mvnb98UZ,24.18.02,Top 10 Sports Moments This Week,Channel_2379,26,2024-02-17T16:00:00.000Z,review|official|2024,120318,3437,264,2118,https://i.ytimg.com/vi/8hYdiWOCV7s/default.jpg,False,False,False,Auto-generated sample description for Sports video.
35BIcLinW6G,24.29.07,Sports Compilation 2024,Channel_1537,26,2024-07-27T10:00:00.000Z,official|2024|vlog,22685,301,47,28,https://i.ytimg.com/vi/HU3N1x41a2O/default.jpg,False,False,False,Auto-generated sample description for Sports video.
4uMr2wI1LbN,24.11.05,Official Entertainment Highlights,Channel_2996,2,2024-05-08T10:00:00.000Z,review|vlog|live,139966,9297,235,2340,https://i.ytimg.com/vi/r9eXP5sh-HI/default.jpg,False,False,False,Auto-generated sample description for Entertainment video.
8ocntyhnWB-,24.30.01,Behind the Scenes: Sports,Channel_394,27,2024-01-27T03:00:00.000Z,live|trending|review,74492,3695,320,734,https://i.ytimg.com/vi/ma6f0bGplEc/default.jpg,False,False,False,Auto-generated sample description for Sports video.
7P5MuVdBIzP,24.31.07,Behind the Scenes: Entertainment,Channel_126,2,2024-07-30T22:00:00.000Z,live|music|trending,13932,467,111,225,https://i.ytimg.com/vi/j24nrLRgZ13/default.jpg,False,False,False,Auto-generated sample description for Entertainment video.
PSROrpjFHkd,24.11.09,Film & Animation Compilation 2024,Channel_4019,22,2024-09-08T04:00:00.000Z,2024|live|music,16081,171,30,264,https://i.ytimg.com/vi/P88-ZN4-2Sq/default.jpg,True,False,False,Auto-generated sample description for Film & Animation video.
Vcla2cFBnFF,24.29.09,Why This Sports Video Went Viral,Channel_452,26,2024-09-28T00:00:00.000Z,live|trending|official,10236,393,102,68,https://i.ytimg.com/vi/zE6XHClDA0V/default.jpg,False,False,False,Auto-generated sample description for Sports video.
JHU3JgUghKc,24.07.03,Official Music Highlights,Channel_2937,1,2024-03-06T10:00:00.000Z,music|live|trending,127022,8721,269,861,https://i.ytimg.com/vi/Ot1kgU-T7hu/default.jpg,False,False,False,Auto-generated sample description for Music video.
ENQupyEav3F,25.24.01,Top 10 Entertainment Moments This Week,Channel_580,2,2025-01-21T03:00:00.000Z,review|trending|live,80308,3228,400,524,https://i.ytimg.com/vi/HtNK8kx1sQH/default.jpg,False,False,False,Auto-generated sample description for Entertainment video.
dc05aLTPflF,25.10.01,Behind the Scenes: Autos & Vehicles,Channel_2112,13,2025-01-07T19:00:00.000Z,music|vlog|trending,6785,250,46,23,https://i.ytimg.com/vi/Bxb4wVZ46LP/default.jpg,False,False,False,Auto-generated sample description for Autos & Vehicles video.
NG9b1mIECrf,24.14.11,Entertainment Compilation 2024,Channel_265,2,2024-11-12T09:00:00.000Z,trending|live|official,5304,402,12,94,https://i.ytimg.com/vi/Sgw_P9AdNV1/default.jpg,False,False,False,Auto-generated sample description for Entertainment video.
85QBV2CBMoE,24.28.11,Sports Compilation 2024,Channel_4371,27,2024-11-25T21:00:00.000Z,vlog|music|trending,1455,67,6,18,https://i.ytimg.com/vi/iuNVzhrZmD2/default.jpg,False,False,False,Auto-generated sample description for Sports video.
xdBa7C8L1Wb,24.26.07,Top 10 Entertainment Moments This Week,Channel_2797,2,2024-07-26T20:00:00.000Z,trending|review|live,131907,10206,880,794,https://i.ytimg.com/vi/ZZmM_cO7CI3/default.jpg,False,False,False,Auto-generated sample description for Entertainment video.
YBLoUXqajHe,24.19.10,Why This Education Video Went Viral,Channel_469,23,2024-10-15T22:00:00.000Z,live|2024|vlog,3901,297,28,74,https://i.ytimg.com/vi/pHBknYxZaCN/default.jpg,False,False,False,Auto-generated sample description for Education video.
BgKDPUflcVH,24.27.08,Behind the Scenes: Music,Channel_2433,1,2024-08-27T16:00:00.000Z,music|trending|official,47172,2453,425,732,https://i.ytimg.com/vi/dv-WG1bTJyH/default.jpg,False,False,False,Auto-generated sample description for Music video.
2YfPXY0nus9,24.27.07,Behind the Scenes: Sports,Channel_1202,27,2024-07-24T22:00:00.000Z,official|vlog|music,51526,2048,69,406,https://i.ytimg.com/vi/2IW0CxL6pew/default.jpg,False,False,False,Auto-generated sample description for Sports video.
Id38a0JTa2D,24.24.05,Official Sports Highlights,Channel_2375,17,2024-05-24T22:00:00.000Z,live|music|vlog,62105,935,271,1077,https://i.ytimg.com/vi/ujFeODxO4gn/default.jpg,False,False,False,Auto-generated sample description for Sports video.
gU5SZ4a6IVk,24.11.05,Music Compilation 2024,Channel_1122,1,2024-05-07T18:00:00.000Z,review|trending|vlog,84132,6593,428,875,https://i.ytimg.com/vi/Pz39WlNhhpS/default.jpg,False,False,False,Auto-generated sample description for Music video.
PiJBZbjz6dz,24.05.05,Why This Music Video Went Viral,Channel_4097,1,2024-05-02T02:00:00.000Z,trending|official|music,286950,21204,524,3919,https://i.ytimg.com/vi/bQZrm6Tlrne/default.jpg,False,False,False,Auto-generated sample description for Music video.
2EmakZpxQro,24.04.06,Behind the Scenes: Music,Channel_1936,1,2024-06-01T17:00:00.000Z,review|music|official,33687,1674,252,329,https://i.ytimg.com/vi/DB9ILzXr3CN/default.jpg,False,False,False,Auto-generated sample description for Music video.
_h3S8vYBtqK,24.11.06,Top 10 People & Blogs Moments This Week,Channel_4205,15,2024-06-08T18:00:00.000Z,live|music|2024,18615,993,99,236,https://i.ytimg.com/vi/o8SctVqp3n_/default.jpg,False,False,False,Auto-generated sample description for People & Blogs video.
sNJOFWxTd2u,24.09.06,Behind the Scenes: Education,Channel_2804,23,2024-06-07T20:00:00.000Z,live|2024|music,1598,125,8,30,https://i.ytimg.com/vi/8XhAawJmFMR/default.jpg,False,False,False,Auto-generated sample description for Education video.
lkkk61w3_YK,24.22.02,Why This News & Politics Video Went Viral,Channel_212,21,2024-02-21T17:00:00.000Z,music|trending|review,26219,1867,250,115,https://i.ytimg.com/vi/obZGwslM84o/default.jpg,False,False,False,Auto-generated sample description for News & Politics video.
t7SUVO69T_f,24.30.01,People & Blogs Compilation 2024,Channel_378,15,2024-01-30T11:00:00.000Z,official|music|review,9019,235,34,140,https://i.ytimg.com/vi/lFv3Svgq1pr/default.jpg,False,False,False,Auto-generated sample description for People & Blogs video.
i3y6oQ9Pi4F,24.20.12,Reacting to Comedy Trends,Channel_948,16,2024-12-19T08:00:00.000Z,music|live|2024,33779,2615,131,624,https://i.ytimg.com/vi/lrtI6ul8goS/default.jpg,False,False,False,Auto-generated sample description for Comedy video.
ku6vOk2Vehu,24.03.03,Sports Compilation 2024,Channel_3315,27,2024-02-28T05:00:00.000Z,vlog|2024|review,25093,1859,113,256,https://i.ytimg.com/vi/NWHEuYO9S27/default.jpg,False,False,False,Auto-generated sample description for Sports video.
aVD-F3DvBGM,24.21.06,Official Travel & Events Highlights,Channel_1294,6,2024-06-17T16:00:00.000Z,live|official|trending,3917,120,28,54,https://i.ytimg.com/vi/ejymKxNIRDF/default.jpg,False,True,False,Auto-generated sample description for Travel & Events video.
dxcnA5rAyLb,24.30.10,Behind the Scenes: News & Politics,Channel_2221,19,2024-10-26T21:00:00.000Z,trending|vlog|music,15238,739,99,256,https://i.ytimg.com/vi/qH4rZfQcNbf/default.jpg,False,False,False,Auto-generated sample description for News & Politics video.
oAk1nfmoCN1,24.11.02,Top 10 Music Moments This Week,Channel_4423,1,2024-02-10T06:00:00.000Z,trending|2024|music,11594,697,20,194,https://i.ytimg.com/vi/_yRioTjkd2j/default.jpg,False,False,False,Auto-generated sample description for Music video.
PioUbb_BDyK,24.04.08,Top 10 Music Moments This Week,Channel_3908,1,2024-08-04T14:00:00.000Z,review|live|trending,11523,912,64,123,https://i.ytimg.com/vi/QlI0I0JApmV/default.jpg,False,False,False,Auto-generated sample description for Music video.
hqA4AG6IHEX,24.28.12,Music Compilation 2024,Channel_4894,1,2024-12-26T17:00:00.000Z,official|2024|trending,28261,1493,77,349,https://i.ytimg.com/vi/XLkKowIynDw/default.jpg,False,False,False,Auto-generated sample description for Music video.
38Nc1xGj-W_,25.06.02,Official Sports Highlights,Channel_3716,27,2025-02-03T21:00:00.000Z,vlog|live|trending,20907,811,27,69,https://i.ytimg.com/vi/lexYAp4pNvE/default.jpg,False,False,False,Auto-generated sample description for Sports video.
DrQUe3cLbKr,25.16.01,Top 10 News & Politics Moments This Week,Channel_649,19,2025-01-15T18:00:00.000Z,review|2024|music,9117,270,38,41,https://i.ytimg.com/vi/qSWCrPBwuX3/default.jpg,False,False,False,Auto-generated sample description for News & Politics video.
QaJ3zW1biLA,24.02.03,Behind the Scenes: Sports,Channel_52,26,2024-03-02T21:00:00.000Z,2024|trending|live,1690,18,5,9,https://i.ytimg.com/vi/Sv2Yx6e3TyP/default.jpg,False,False,False,Auto-generated sample description for Sports video.
y_kSvd9ZrfD,24.16.11,Why This Entertainment Video Went Viral,Channel_470,2,2024-11-13T07:00:00.000Z,live|vlog|trending,22879,897,98,78,https://i.ytimg.com/vi/8Ki6bhAlCSX/default.jpg,False,False,False,Auto-generated sample description for Entertainment video.
K75B_GlIseA,24.28.10,Why This Music Video Went Viral,Channel_354,1,2024-10-24T20:00:00.000Z,live|official|trending,106978,7872,284,1789,https://i.ytimg.com/vi/EZGV6W3IVvu/default.jpg,False,False,False,Auto-generated sample description for Music video.
GsM-rpf7SXl,24.04.09,Top 10 Music Moments This Week,Channel_4650,1,2024-09-03T19:00:00.000Z,trending|music|official,8805,537,52,157,https://i.ytimg.com/vi/JLSVUPO_vsT/default.jpg,False,False,False,Auto-generated sample description for Music video.
McRd87C7K-0,24.08.04,Science & Technology Compilation 2024,Channel_1851,5,2024-04-06T13:00:00.000Z,2024|trending|live,4433,74,29,74,https://i.ytimg.com/vi/5YKsijBssO5/default.jpg,False,False,False,Auto-generated sample description for Science & Technology video.
6c9xS973MpE,24.20.01,Official Sports Highlights,Channel_958,27,2024-01-20T15:00:00.000Z,official|vlog|live,7546,197,19,118,https://i.ytimg.com/vi/vSLwGN91UeV/default.jpg,False,False,False,Auto-generated sample description for Sports video.
Zo57VXwm3nO,24.04.07,Why This Music Video Went Viral,Channel_2600,1,2024-07-01T09:00:00.000Z,review|live|2024,14430,389,54,284,https://i.ytimg.com/vi/qa5JxQbeFl5/default.jpg,False,False,False,Auto-generated sample description for Music video.
givMokpx7oj,24.18.02,Behind the Scenes: Sports,Channel_780,26,2024-02-18T15:00:00.000Z,2024|live|review,24497,1268,175,421,https://i.ytimg.com/vi/Hn74f1XnvYh/default.jpg,False,False,False,Auto-generated sample description for Sports video.
ekEPUq4QTlY,24.04.10,Reacting to Entertainment Trends,Channel_4908,2,2024-10-03T03:00:00.000Z,2024|music|review,162165,5715,1336,2380,https://i.ytimg.com/vi/2sLbq-TsVsb/default.jpg,False,False,False,Auto-generated sample description for Entertainment video.
UA2UpnSgLrH,24.22.05,Why This Music Video Went Viral,Channel_3047,1,2024-05-19T18:00:00.000Z,vlog|official|trending,43448,1024,195,381,https://i.ytimg.com/vi/Kt8B4iHqFhU/default.jpg,False,False,False,Auto-generated sample description for Music video.
d86G8xDLQyJ,24.21.09,Behind the Scenes: Music,Channel_3658,1,2024-09-17T18:00:00.000Z,official|live|vlog,118974,7921,308,2254,https://i.ytimg.com/vi/dqJst8WMefk/default.jpg,False,False,False,Auto-generated sample description for Music video.
J8g4BYRKwRm,24.16.12,Reacting to Music Trends,Channel_349,1,2024-12-15T01:00:00.000Z,live|official|trending,6653,327,33,74,https://i.ytimg.com/vi/cTXJzXjS9TU/default.jpg,False,False,False,Auto-generated sample description for Music video.
YBmiduiAMSr,24.05.01,Sports Compilation 2024,Channel_3703,17,2024-01-04T09:00:00.000Z,music|vlog|trending,8353,344,51,129,https://i.ytimg.com/vi/2EorteVGsCz/default.jpg,False,False,False,Auto-generated sample description for Sports video.
1d3fju9f7EE,24.23.07,Behind the Scenes: Sports,Channel_584,27,2024-07-20T01:00:00.000Z,official|trending|review,176966,5169,482,685,https://i.ytimg.com/vi/CqXkhG588ve/default.jpg,False,False,False,Auto-generated sample description for Sports video.
Jg-sDDPwlEK,24.06.12,Why This Sports Video Went Viral,Channel_4303,27,2024-12-06T17:00:00.000Z,official|music|review,10513,249,54,185,https://i.ytimg.com/vi/UEarYpLlzYF/default.jpg,False,False,False,Auto-generated sample description for Sports video.
_rPgPxXwSxq,24.16.06,Why This Music Video Went Viral,Channel_3383,1,2024-06-14T03:00:00.000Z,review|official|vlog,12693,1000,35,39,https://i.ytimg.com/vi/SwCbDERYgTB/default.jpg,False,False,False,Auto-generated sample description for Music video.
u6vZcFMHXz0,24.12.11,Behind the Scenes: Pets & Animals,Channel_2314,12,2024-11-12T18:00:00.000Z,official|vlog|2024,90731,3416,263,859,https://i.ytimg.com/vi/CQ7J-0xeWsU/default.jpg,False,False,False,Auto-generated sample description for Pets & Animals video.
QgaLBXmAGvT,24.17.02,Reacting to Science & Technology Trends,Channel_1921,5,2024-02-14T07:00:00.000Z,music|official|2024,14616,1084,38,123,https://i.ytimg.com/vi/v_pmylrKm0R/default.jpg,False,False,False,Auto-generated sample description for Science & Technology video.
D7t3EE_8zPW,24.26.11,Entertainment Compilation 2024,Channel_2631,2,2024-11-24T00:00:00.000Z,2024|trending|review,198690,8223,1261,1209,https://i.ytimg.com/vi/dV41i9HY8Qr/default.jpg,False,False,False,Auto-generated sample description for Entertainment video.
ZRnNn5INVdH,24.07.05,Top 10 Science & Technology Moments This Week,Channel_4761,11,2024-05-05T05:00:00.000Z,review|live|vlog,1436,26,3,19,https://i.ytimg.com/vi/axpGW8nQfPg/default.jpg,False,False,False,Auto-generated sample description for Science & Technology video.
38LPwCrIIgP,25.05.01,Reacting to Entertainment Trends,Channel_2573,2,2025-01-02T21:00:00.000Z,music|trending|review,38054,2285,157,456,https://i.ytimg.com/vi/j_icbTY_7fH/default.jpg,False,False,False,Auto-generated sample description for Entertainment video.
Exfq23ZlDRp,24.02.06,Official Entertainment Highlights,Channel_4584,2,2024-05-29T00:00:00.000Z,vlog|official|review,16574,1027,151,81,https://i.ytimg.com/vi/EbYuImTOL03/default.jpg,False,False,False,Auto-generated sample description for Entertainment video.
fd1ym2WKZRK,24.12.12,Official Sports Highlights,Channel_2113,27,2024-12-11T19:00:00.000Z,2024|music|live,2155,33,18,30,https://i.ytimg.com/vi/vJHKB8o_5Jo/default.jpg,False,False,False,Auto-generated sample description for Sports video.
xGmCH5k7XAT,24.16.07,News & Politics Compilation 2024,Channel_4404,19,2024-07-14T12:00:00.000Z,music|2024|trending,18372,618,130,245,https://i.ytimg.com/vi/BSLebUP_H2U/default.jpg,False,False,False,Auto-generated sample description for News & Politics video.
XxMZy-QA9Mq,24.06.03,Top 10 News & Politics Moments This Week,Channel_4539,19,2024-03-04T05:00:00.000Z,music|review|vlog,598,40,3,9,https://i.ytimg.com/vi/llBzJ3IxZd1/default.jpg,False,False,False,Auto-generated sample description for News & Politics video.
pFQ_WiY5DZm,24.10.01,People & Blogs Compilation 2024,Channel_735,9,2024-01-06T13:00:00.000Z,trending|2024|official,3339,176,24,16,https://i.ytimg.com/vi/XdmHFqyfY02/default.jpg,False,False,False,Auto-generated sample description for People & Blogs video.
H_NRaP1zDTc,24.14.08,Top 10 Howto & Style Moments This Week,Channel_3698,4,2024-08-12T13:00:00.000Z,live|vlog|official,2155,117,2,24,https://i.ytimg.com/vi/32tp-pvumkD/default.jpg,False,False,False,Auto-generated sample description for Howto & Style video.
GBS1m_jqTN8,24.16.06,Official Entertainment Highlights,Channel_1641,2,2024-06-15T19:00:00.000Z,trending|review|2024,108677,7666,68,848,https://i.ytimg.com/vi/amyS_OC-N9v/default.jpg,False,False,True,Auto-generated sample description for Entertainment video.
aLfXhmuuJr0,24.31.07,Music Compilation 2024,Channel_1450,1,2024-07-31T05:00:00.000Z,live|review|2024,5117,95,8,62,https://i.ytimg.com/vi/QkhxzGwcSzR/default.jpg,False,False,False,Auto-generated sample description for Music video.
rhB3vL59Ygg,24.08.07,Why This Sports Video Went Viral,Channel_4668,27,2024-07-08T05:00:00.000Z,live|2024|vlog,21353,1089,181,120,https://i.ytimg.com/vi/aMlOu1l5opf/default.jpg,False,False,False,Auto-generated sample description for Sports video.
RK9_wa2GBrL,24.23.02,Top 10 Sports Moments This Week,Channel_1807,17,2024-02-19T10:00:00.000Z,music|review|2024,11127,113,99,103,https://i.ytimg.com/vi/XeWPYKEaDpy/default.jpg,False,False,False,Auto-generated sample description for Sports video.
lZS2SoS5638,24.13.10,Behind the Scenes: People & Blogs,Channel_2281,9,2024-10-09T17:00:00.000Z,trending|music|review,923,9,9,6,https://i.ytimg.com/vi/ycRiwg_NTKy/default.jpg,False,False,False,Auto-generated sample description for People & Blogs video.
T6sJZD5f9c4,24.28.11,Behind the Scenes: Comedy,Channel_4943,16,2024-11-26T20:00:00.000Z,vlog|music|official,7085,450,49,48,https://i.ytimg.com/vi/eF8lJ_iEtHk/default.jpg,False,False,False,Auto-generated sample description for Comedy video.
xS_PRvuInk_,24.04.10,Top 10 Sports Moments This Week,Channel_1280,27,2024-10-04T00:00:00.000Z,2024|review|vlog,3790,203,30,47,https://i.ytimg.com/vi/49szC2nTuhI/default.jpg,False,False,False,Auto-generated sample description for Sports video.
JcOBrJCuE8Y,24.01.04,Behind the Scenes: Entertainment,Channel_2914,2,2024-03-28T19:00:00.000Z,vlog|trending|music,11448,747,12,8,https://i.ytimg.com/vi/IaUhZATvJNL/default.jpg,False,False,False,Auto-generated sample description for Entertainment video.
YdoI7j0q5WX,24.30.05,Reacting to Sports Trends,Channel_3159,26,2024-05-29T03:00:00.000Z,live|music|review,30820,1779,221,15,https://i.ytimg.com/vi/_BlVfRnQAiG/default.jpg,False,False,False,Auto-generated sample description for Sports video.
RHQea6Gbc47,24.28.02,Music Compilation 2024,Channel_4294,1,2024-02-28T05:00:00.000Z,music|2024|review,34708,532,342,356,https://i.ytimg.com/vi/WsHjooK4MZ5/default.jpg,False,False,False,Auto-generated sample description for Music video.
lqXSh8aFbDR,24.25.09,Reacting to Music Trends,Channel_3771,1,2024-09-25T19:00:00.000Z,music|live|review,33333,483,95,299,https://i.ytimg.com/vi/ERRFm3HyfGD/default.jpg,False,False,False,Auto-generated sample description for Music video.
kU8Unmbx7MJ,24.07.04,Behind the Scenes: Sports,Channel_3208,26,2024-04-04T21:00:00.000Z,trending|live|vlog,101180,1972,385,398,https://i.ytimg.com/vi/B82EZJUbFHr/default.jpg,False,False,False,Auto-generated sample description for Sports video.
tsgNbiJOJZ6,24.11.04,Top 10 Music Moments This Week,Channel_1160,1,2024-04-07T12:00:00.000Z,official|review|vlog,5992,287,49,43,https://i.ytimg.com/vi/kvQs-QB9pjo/default.jpg,False,False,False,Auto-generated sample description for Music video.
cZAl4FOVI4N,24.20.06,Sports Compilation 2024,Channel_677,17,2024-06-17T06:00:00.000Z,live|official|trending,98733,2667,944,1060,https://i.ytimg.com/vi/jaSdoI39vhk/default.jpg,False,False,False,Auto-generated sample description for Sports video.
EUS5X4CQcjw,24.16.03,Official Autos & Vehicles Highlights,Channel_2594,8,2024-03-14T03:00:00.000Z,live|music|review,2656,179,24,39,https://i.ytimg.com/vi/nIxuOrAt1LS/default.jpg,False,False,False,Auto-generated sample description for Autos & Vehicles video.
xZ7_VpPpJw6,24.05.02,Top 10 Travel & Events Moments This Week,Channel_1464,3,2024-02-03T19:00:00.000Z,official|review|music,4933,262,10,24,https://i.ytimg.com/vi/cOmnLCdkhhz/default.jpg,False,False,False,Auto-generated sample description for Travel & Events video.
Iy3AArLWR3x,24.03.05,Behind the Scenes: Sports,Channel_2238,27,2024-05-02T01:00:00.000Z,review|trending|live,6514,246,11,110,https://i.ytimg.com/vi/GuQDVA2IGl3/default.jpg,False,False,False,Auto-generated sample description for Sports video.
yBaeFP3HyC6,24.09.04,Reacting to Entertainment Trends,Channel_1601,2,2024-04-07T07:00:00.000Z,vlog|review|2024,145517,5606,1262,2186,https://i.ytimg.com/vi/K86UUJshrrm/default.jpg,False,False,False,Auto-generated sample description for Entertainment video.
ctkERRvkekM,24.23.04,Reacting to Music Trends,Channel_622,1,2024-04-19T09:00:00.000Z,vlog|music|2024,29801,892,102,124,https://i.ytimg.com/vi/9xS-jumHz8K/default.jpg,False,False,False,Auto-generated sample description for Music video.
LMCArqmMZri,24.01.01,Official Entertainment Highlights,Channel_4895,2,2024-01-01T13:00:00.000Z,vlog|2024|review,51883,762,276,263,https://i.ytimg.com/vi/29IzuQy5HFQ/default.jpg,False,False,False,Auto-generated sample description for Entertainment video.
963LvuoXLel,24.24.08,Reacting to Sports Trends,Channel_4815,27,2024-08-24T19:00:00.000Z,vlog|live|official,28206,796,78,339,https://i.ytimg.com/vi/XAFg9I3pJUs/default.jpg,False,False,False,Auto-generated sample description for Sports video.
U2IZb4WN-Kl,25.17.01,Why This Sports Video Went Viral,Channel_905,26,2025-01-16T22:00:00.000Z,review|vlog|music,1802,64,17,6,https://i.ytimg.com/vi/qLXgR2xy6hh/default.jpg,False,False,False,Auto-generated sample description for Sports video.
j-QrQR4YCI0,25.31.01,Official Entertainment Highlights,Channel_964,2,2025-01-28T17:00:00.000Z,trending|music|vlog,182655,9536,329,1142,https://i.ytimg.com/vi/xsoNdCBNPXd/default.jpg,False,False,False,Auto-generated sample description for Entertainment video.
3itiJXPy-_b,24.08.06,Top 10 Science & Technology Moments This Week,Channel_4839,11,2024-06-05T02:00:00.000Z,trending|vlog|live,215,12,1,3,https://i.ytimg.com/vi/3dFtFaiKzmT/default.jpg,False,False,False,Auto-generated sample description for Science & Technology video.
EOZraW4iux0,24.28.02,Behind the Scenes: People & Blogs,Channel_4149,15,2024-02-25T12:00:00.000Z,2024|music|official,2714,71,6,52,https://i.ytimg.com/vi/jZY9Yv5UpL4/default.jpg,False,False,False,Auto-generated sample description for People & Blogs video.
Tzh4qmmKJdV,24.18.06,Reacting to Sports Trends,Channel_832,27,2024-06-16T10:00:00.000Z,2024|trending|official,68196,3358,474,92,https://i.ytimg.com/vi/_RVny63IDdF/default.jpg,False,False,False,"Auto-generated sample description for Sports video.
Second line inside a quoted CSV field."
EP7jgbHmoys,24.30.07,Comedy Compilation 2024,Channel_3851,16,2024-07-26T18:00:00.000Z,review|vlog|trending,40546,2941,351,694,https://i.ytimg.com/vi/c1Ti4Ex1gxL/default.jpg,False,False,False,Auto-generated sample description for Comedy video.
qFzc7G7ureP,24.26.07,Official Pets & Animals Highlights,Channel_4688,24,2024-07-22T16:00:00.000Z,vlog|live|music,2147,144,3,7,https://i.ytimg.com/vi/pDOob--VPHB/default.jpg,False,False,False,Auto-generated sample description for Pets & Animals video.
qrM2ZPYUUJS,24.12.08,Music Compilation 2024,Channel_3577,1,2024-08-09T18:00:00.000Z,2024|trending|review,37958,1531,171,533,https://i.ytimg.com/vi/X-GKhyUxHEn/default.jpg,False,False,False,Auto-generated sample description for Music video.
635gVpohAjS,24.17.09,Reacting to People & Blogs Trends,Channel_2377,9,2024-09-16T03:00:00.000Z,trending|live|vlog,138198,3682,914,680,https://i.ytimg.com/vi/rUWPEmD8eef/default.jpg,False,False,False,Auto-generated sample description for People & Blogs video.
XovbJrpyXvo,24.18.06,Behind the Scenes: News & Politics,Channel_2276,19,2024-06-18T19:00:00.000Z,review|music|official,2643,122,25,32,https://i.ytimg.com/vi/a1VPcDFIOB0/default.jpg,False,False,False,Auto-generated sample description for News & Politics video.
d3Ja3C_FG09,24.16.11,Official Music Highlights,Channel_2884,1,2024-11-16T13:00:00.000Z,review|trending|2024,54929,1532,305,709,https://i.ytimg.com/vi/ddrgzjWP0Rp/default.jpg,False,False,False,Auto-generated sample description for Music video.
GWiutl5Typq,24.17.07,Reacting to Howto & Style Trends,Channel_313,4,2024-07-17T17:00:00.000Z,trending|music|official,3797,41,27,40,https://i.ytimg.com/vi/WHfoJeepoMW/default.jpg,False,False,False,Auto-generated sample description for Howto & Style video.
eyRzWbJO_YB,24.16.09,Reacting to Sports Trends,Channel_1953,27,2024-09-16T20:00:00.000Z,music|vlog|2024,31593,2398,19,556,https://i.ytimg.com/vi/OmlDhFtFigb/default.jpg,False,False,False,Auto-generated sample description for Sports video.
aVap2DivW2l,25.04.01,Reacting to Howto & Style Trends,Channel_2424,20,2025-01-04T10:00:00.000Z,trending|music|2024,25115,1185,71,243,https://i.ytimg.com/vi/KOJN-O6S_Wh/default.jpg,False,False,False,Auto-generated sample description for Howto & Style video.
-sxWQRiE3-J,24.23.05,Behind the Scenes: Music,Channel_4184,1,2024-05-20T20:00:00.000Z,trending|music|official,14884,163,37,166,https://i.ytimg.com/vi/V1pNqVo9x8-/default.jpg,False,False,False,Auto-generated sample description for Music video.
hZVk8aW43LF,24.13.01,People & Blogs Compilation 2024,Channel_2358,9,2024-01-10T20:00:00.000Z,review|official|2024,21843,570,96,282,https://i.ytimg.com/vi/RAtkiLqdCji/default.jpg,False,False,False,Auto-generated sample description for People & Blogs video.
Xfhq-iqVplq,24.03.01,Top 10 Travel & Events Moments This Week,Channel_1374,6,2024-01-03T01:00:00.000Z,live|official|music,895,50,3,8,https://i.ytimg.com/vi/6jSn163OyBo/default.jpg,False,False,False,Auto-generated sample description for Travel & Events video.
RAClOXtMflV,24.24.05,Why This Music Video Went Viral,Channel_246,1,2024-05-20T11:00:00.000Z,vlog|trending|live,58857,1770,253,495,https://i.ytimg.com/vi/Lec5OEELLnQ/default.jpg,False,False,False,Auto-generated sample description for Music video.
VSV7IU6YdYD,24.05.04,Why This Entertainment Video Went Viral,Channel_4438,2,2024-04-05T00:00:00.000Z,trending|vlog|review,18875,1272,149,163,https://i.ytimg.com/vi/53IQsY0f8BE/default.jpg,False,False,False,Auto-generated sample description for Entertainment video.
zqbEx2b5ZWB,24.01.07,Top 10 Music Moments This Week,Channel_3899,1,2024-07-01T14:00:00.000Z,2024|vlog|review,162947,11634,244,2704,https://i.ytimg.com/vi/L89LImP2FaV/default.jpg,False,False,False,Auto-generated sample description for Music video.
hsnn4d32c9E,24.10.12,Top 10 Sports Moments This Week,Channel_340,27,2024-12-08T13:00:00.000Z,review|music|2024,9822,159,53,24,https://i.ytimg.com/vi/QfH8L1oBsGR/default.jpg,False,False,False,Auto-generated sample description for Sports video.
Vd-Hge6KN1k,24.27.03,Official People & Blogs Highlights,Channel_2788,9,2024-03-26T20:00:00.000Z,official|review|2024,14311,655,9,141,https://i.ytimg.com/vi/NOtTGMXxtnf/default.jpg,False,False,False,Auto-generated sample description for People & Blogs video.
_6S62G0pqdz,25.06.02,Top 10 Music Moments This Week,Channel_1588,1,2025-02-03T06:00:00.000Z,live|official|music,57772,590,436,209,https://i.ytimg.com/vi/608oVkpYd5t/default.jpg,False,False,False,Auto-generated sample description for Music video.
OrdkAvkzwNF,24.29.03,Why This Autos & Vehicles Video Went Viral,Channel_4215,7,2024-03-26T14:00:00.000Z,live|trending|music,49826,3136,190,919,https://i.ytimg.com/vi/2GLfcdIKLnF/default.jpg,False,False,False,Auto-generated sample description for Autos & Vehicles video.
sIzilcSp8Eu,24.28.03,Reacting to Music Trends,Channel_2500,1,2024-03-26T20:00:00.000Z,trending|live|2024,20274,1382,101,350,https://i.ytimg.com/vi/mn5-NP6ODHI/default.jpg,False,False,False,Auto-generated sample description for Music video.
X_3o_cJ1hKC,24.11.06,Education Compilation 2024,Channel_4531,23,2024-06-08T13:00:00.000Z,official|2024|music,3195,84,4,19,https://i.ytimg.com/vi/qcVC9I5gs3g/default.jpg,False,False,False,Auto-generated sample description for Education video.
mGW-lFhCRQa,24.20.11,Reacting to Comedy Trends,Channel_1698,16,2024-11-18T09:00:00.000Z,trending|official|live,6052,463,17,83,https://i.ytimg.com/vi/V24QZvP3a3f/default.jpg,False,False,False,Auto-generated sample description for Comedy video.
qRjT-hpmpKX,24.28.12,Top 10 Education Moments This Week,Channel_2630,10,2024-12-24T16:00:00.000Z,official|2024|review,14802,570,139,113,https://i.ytimg.com/vi/WHDgL02sNB1/default.jpg,False,False,False,Auto-generated sample description for Education video.
ftdPME3I5iD,24.20.10,Sports Compilation 2024,Channel_1910,17,2024-10-16T03:00:00.000Z,live|2024|review,4626,262,6,46,https://i.ytimg.com/vi/IEMLp1o8ols/default.jpg,True,False,False,Auto-generated sample description for Sports video.
hwrEint5VFh,25.04.01,Why This Entertainment Video Went Viral,Channel_877,2,2025-01-01T15:00:00.000Z,music|review|trending,402592,16638,3589,6954,https://i.ytimg.com/vi/owwhku9MUHh/default.jpg,False,False,False,Auto-generated sample description for Entertainment video.
fSFytdkVU_0,25.24.01,Official Travel & Events Highlights,Channel_988,3,2025-01-21T11:00:00.000Z,live|vlog|official,40109,2485,256,288,https://i.ytimg.com/vi/nd6va9RtYX_/default.jpg,False,False,False,Auto-generated sample description for Travel & Events video.
PUM4yDTgRvn,25.06.02,Official Music Highlights,Channel_4547,1,2025-02-03T03:00:00.000Z,vlog|trending|2024,135967,1459,657,1677,https://i.ytimg.com/vi/lW416Kn_p2B/default.jpg,False,False,False,Auto-generated sample description for Music video.
YxomqiELfx9,24.21.01,Reacting to Entertainment Trends,Channel_3317,2,2024-01-19T09:00:00.000Z,music|live|2024,15897,682,31,172,https://i.ytimg.com/vi/b0eh1ilXatM/default.jpg,False,False,False,Auto-generated sample description for Entertainment video.
K01ksnfu1P3,24.26.10,Why This Music Video Went Viral,Channel_3533,1,2024-10-23T11:00:00.000Z,live|trending|2024,74558,5952,541,1426,https://i.ytimg.com/vi/ePw-Dfq-16B/default.jpg,True,False,False,Auto-generated sample description for Music video.
WmntD5xLJg6,24.04.11,Why This Music Video Went Viral,Channel_1200,1,2024-11-04T06:00:00.000Z,review|2024|music,128616,2663,658,573,https://i.ytimg.com/vi/FfaZxJUiSr5/default.jpg,False,False,False,Auto-generated sample description for Music video.
8KO6_hjwfrh,24.08.09,Behind the Scenes: Comedy,Channel_4327,16,2024-09-08T17:00:00.000Z,official|vlog|live,4666,228,13,14,https://i.ytimg.com/vi/fDBfLlGnHVh/default.jpg,False,False,True,Auto-generated sample description for Comedy video.
Y_-NzA-YZmA,25.22.01,Entertainment Compilation 2024,Channel_2692,2,2025-01-21T15:00:00.000Z,official|vlog|trending,135895,7594,1067,237,https://i.ytimg.com/vi/wf48FUn4Qt0/default.jpg,False,False,False,Auto-generated sample description for Entertainment video.
iLa_LxWNlNx,24.17.10,Reacting to Music Trends,Channel_4766,1,2024-10-15T06:00:00.000Z,2024|live|trending,51955,2631,105,889,https://i.ytimg.com/vi/ceAq8zOxKhD/default.jpg,False,False,False,Auto-generated sample description for Music video.
STXysj4Uhpy,24.03.03,Reacting to Music Trends,Channel_1912,1,2024-03-02T02:00:00.000Z,review|2024|live,27877,292,140,142,https://i.ytimg.com/vi/t5ocgkBtL1M/default.jpg,False,False,False,Auto-generated sample description for Music video.
_8eko3DFMcS,24.20.09,Top 10 Entertainment Moments This Week,Channel_1596,2,2024-09-17T09:00:00.000Z,2024|music|vlog,36632,1286,66,139,https://i.ytimg.com/vi/uMEWwjezAAt/default.jpg,False,False,False,Auto-generated sample description for Entertainment video.
5_vL1jQjj9P,24.17.10,Top 10 Music Moments This Week,Channel_3323,1,2024-10-15T04:00:00.000Z,2024|official|trending,142906,8716,1378,2263,https://i.ytimg.com/vi/N4eCnEhnM5e/default.jpg,False,False,False,Auto-generated sample description for Music video.
DXe2QIh16Nn,24.29.10,Entertainment Compilation 2024,Channel_1408,2,2024-10-25T13:00:00.000Z,trending|vlog|review,88526,5607,668,256,https://i.ytimg.com/vi/VdP_MG0Y7JZ/default.jpg,False,False,False,Auto-generated sample description for Entertainment video.
m4s94-jFA3a,24.08.08,Behind the Scenes: Sports,Channel_3978,27,2024-08-07T11:00:00.000Z,live|trending|review,595,9,5,2,https://i.ytimg.com/vi/nat7Ua7bIO4/default.jpg,False,False,False,Auto-generated sample description for Sports video.
wTehs0A5Pnc,24.11.06,Why This Music Video Went Viral,Channel_3622,1,2024-06-10T00:00:00.000Z,review|vlog|2024,536610,25494,3439,7500,https://i.ytimg.com/vi/Vr8s7kQJcsZ/default.jpg,False,False,False,Auto-generated sample description for Music video.
BwzuWFuktLu,24.01.07,Reacting to Nonprofits & Activism Trends,Channel_3221,14,2024-06-27T19:00:00.000Z,trending|official|review,32968,2068,94,251,https://i.ytimg.com/vi/lMyET5m1xgY/default.jpg,False,False,False,Auto-generated sample description for Nonprofits & Activism video.
v73M9CQzxgr,24.01.08,Behind the Scenes: Howto & Style,Channel_4232,20,2024-08-01T00:00:00.000Z,vlog|music|review,2247,86,6,43,https://i.ytimg.com/vi/twPrQvEmzVs/default.jpg,False,False,False,Auto-generated sample description for Howto & Style video.
TJ36D0JimfR,24.04.08,Sports Compilation 2024,Channel_1088,27,2024-08-01T18:00:00.000Z,official|2024|trending,239701,9076,2181,3219,https://i.ytimg.com/vi/wHDaNEiWPYf/default.jpg,False,False,False,Auto-generated sample description for Sports video.
FjfhWNtyOGR,24.27.12,Top 10 Entertainment Moments This Week,Channel_1461,2,2024-12-23T02:00:00.000Z,trending|live|music,140685,2243,1142,2350,https://i.ytimg.com/vi/akP_3NjV2N3/default.jpg,False,False,False,Auto-generated sample description for Entertainment video.
PmT-mNQ35Vz,24.03.01,Entertainment Compilation 2024,Channel_3207,2,2024-01-01T07:00:00.000Z,trending|live|review,82740,2089,600,1290,https://i.ytimg.com/vi/9192vooC6sX/default.jpg,False,False,False,Auto-generated sample description for Entertainment video.
SolfE54hMiS,25.14.01,Why This Howto & Style Video Went Viral,Channel_1474,4,2025-01-11T05:00:00.000Z,music|2024|trending,22437,255,171,418,https://i.ytimg.com/vi/ChQsWGVaevt/default.jpg,False,False,False,Auto-generated sample description for Howto & Style video.
90DEPNQa1Yz,24.24.10,Behind the Scenes: Comedy,Channel_978,16,2024-10-20T12:00:00.000Z,2024|official|vlog,2752,146,15,49,https://i.ytimg.com/vi/zhDtI7NxxDA/default.jpg,False,False,False,Auto-generated sample description for Comedy video.
CxEx1ENPGNQ,24.07.12,Why This Science & Technology Video Went Viral,Channel_1193,5,2024-12-04T20:00:00.000Z,music|live|trending,42571,871,278,798,https://i.ytimg.com/vi/iiik41RizCK/default.jpg,False,False,False,Auto-generated sample description for Science & Technology video.
LGsfr1BxLj9,25.08.01,Why This Entertainment Video Went Viral,Channel_2222,2,2025-01-05T09:00:00.000Z,official|music|2024,17421,194,58,218,https://i.ytimg.com/vi/BhwsERzK5Ox/default.jpg,False,False,False,Auto-generated sample description for Entertainment video.
_cVODgpT_ZI,24.03.11,Sports Compilation 2024,Channel_4415,26,2024-11-01T15:00:00.000Z,trending|review|vlog,9332,247,32,72,https://i.ytimg.com/vi/-6UatUYvfez/default.jpg,False,False,False,Auto-generated sample description for Sports video.
ma-8ZdsUuC9,24.09.11,Reacting to Travel & Events Trends,Channel_3180,3,2024-11-07T10:00:00.000Z,2024|vlog|music,6106,374,9,56,https://i.ytimg.com/vi/vU6gqxWSPgl/default.jpg,False,False,False,Auto-generated sample description for Travel & Events video.
ljTfui7H19E,24.27.10,Reacting to Music Trends,Channel_253,1,2024-10-24T21:00:00.000Z,live|2024|review,617230,15925,5416,8298,https://i.ytimg.com/vi/G0ODccuxjvf/default.jpg,False,False,False,Auto-generated sample description for Music video.
eTYjT-FSE1F,24.27.08,Behind the Scenes: Sports,Channel_2525,27,2024-08-25T15:00:00.000Z,official|live|music,4459,241,23,21,https://i.ytimg.com/vi/XmtOmKijfnK/default.jpg,False,False,False,Auto-generated sample description for Sports video.
Rs3u4Pr6d6l,24.17.11,Official Nonprofits & Activism Highlights,Channel_3628,14,2024-11-15T11:00:00.000Z,music|review|2024,18975,1033,13,68,https://i.ytimg.com/vi/nnVQoTuM2lv/default.jpg,False,False,False,Auto-generated sample description for Nonprofits & Activism video.
2rJwmQLaRES,24.31.12,Top 10 Pets & Animals Moments This Week,Channel_1221,24,2024-12-27T06:00:00.000Z,official|2024|review,14829,735,12,14,https://i.ytimg.com/vi/-6Sme4OfXBs/default.jpg,False,False,False,Auto-generated sample description for Pets & Animals video.
4bx1HaPANPR,24.23.07,Why This Entertainment Video Went Viral,Channel_2940,2,2024-07-19T07:00:00.000Z,2024|live|review,54228,827,59,92,https://i.ytimg.com/vi/sh2l_bO2s79/default.jpg,False,False,False,Auto-generated sample description for Entertainment video.
32UxMqR-Z7c,24.10.02,Official Entertainment Highlights,Channel_3894,2,2024-02-07T15:00:00.000Z,2024|trending|music,438914,16579,277,5473,https://i.ytimg.com/vi/SautTZIqhZh/default.jpg,False,False,False,Auto-generated sample description for Entertainment video.
CuRW0nuYIdn,24.05.05,Official Music Highlights,Channel_4981,1,2024-05-01T19:00:00.000Z,review|live|trending,976,24,6,6,https://i.ytimg.com/vi/7VPgFmHzZug/default.jpg,False,False,False,Auto-generated sample description for Music video.
kDAxkU1g-6G,24.04.03,Official News & Politics Highlights,Channel_3615,19,2024-03-02T18:00:00.000Z,official|trending|live,15994,829,120,113,https://i.ytimg.com/vi/sUwPSj5WNox/default.jpg,False,False,False,Auto-generated sample description for News & Politics video.
zXiUMAsUdl-,24.09.08,Official Sports Highlights,Channel_4277,27,2024-08-09T03:00:00.000Z,vlog|official|music,9497,113,82,87,https://i.ytimg.com/vi/FDUD64yv8TX/default.jpg,False,False,False,Auto-generated sample description for Sports video.
ZfvBiBd8pNM,24.22.09,Why This Sports Video Went Viral,Channel_4229,27,2024-09-18T05:00:00.000Z,trending|vlog|live,1141,29,0,4,https://i.ytimg.com/vi/8TM8iB79Su3/default.jpg,False,False,False,Auto-generated sample description for Sports video.
Quei_PqTGad,24.09.07,Official Sports Highlights,Channel_1357,17,2024-07-05T09:00:00.000Z,vlog|2024|review,10695,365,85,42,https://i.ytimg.com/vi/MYRDnOVh3pk/default.jpg,False,False,False,Auto-generated sample description for Sports video.
CM_WZQozySb,24.11.05,Sports Compilation 2024,Channel_161,17,2024-05-08T17:00:00.000Z,official|music|vlog,7603,162,54,98,https://i.ytimg.com/vi/eQKy-3tESlh/default.jpg,False,False,False,Auto-generated sample description for Sports video.
EJbWUK0JcbS,24.14.01,Behind the Scenes: Entertainment,Channel_3176,2,2024-01-14T05:00:00.000Z,trending|review|live,89920,2171,610,1097,https://i.ytimg.com/vi/k4snCC-LWQW/default.jpg,False,False,False,Auto-generated sample description for Entertainment video.
Ev2GZQm5ZuB,24.10.07,Entertainment Compilation 2024,Channel_3711,2,2024-07-06T22:00:00.000Z,review|live|2024,223165,9779,1186,749,https://i.ytimg.com/vi/AYmzg649kue/default.jpg,False,False,False,Auto-generated sample description for Entertainment video.
H9DooLSESxc,24.04.06,Behind the Scenes: Music,Channel_3870,1,2024-06-01T15:00:00.000Z,trending|music|live,5047,361,22,62,https://i.ytimg.com/vi/ZhTvn9uMnev/default.jpg,False,False,False,Auto-generated sample description for Music video.
Emhd88sVn85,25.15.01,Behind the Scenes: Autos & Vehicles,Channel_4594,13,2025-01-11T06:00:00.000Z,music|2024|vlog,2399,174,6,36,https://i.ytimg.com/vi/D4sR-Xrh_-N/default.jpg,False,False,False,Auto-generated sample description for Autos & Vehicles video.
bY4_l0Eze8c,24.10.07,Behind the Scenes: Sports,Channel_4476,27,2024-07-08T20:00:00.000Z,official|vlog|live,9853,604,14,93,https://i.ytimg.com/vi/FhhG45mSsg_/default.jpg,False,False,False,Auto-generated sample description for Sports video.
nGsYaaP3-0p,24.19.07,Comedy Compilation 2024,Channel_4645,16,2024-07-18T17:00:00.000Z,trending|vlog|music,12567,498,121,156,https://i.ytimg.com/vi/uP0PGNPEjVL/default.jpg,False,False,False,Auto-generated sample description for Comedy video.
kymLJXR37Mi,24.20.07,Why This Howto & Style Video Went Viral,Channel_942,4,2024-07-19T17:00:00.000Z,trending|review|official,31071,1666,93,74,https://i.ytimg.com/vi/hFHouOSxGpK/default.jpg,False,False,False,Auto-generated sample description for Howto & Style video.
qJeyUr380Lk,24.08.08,Entertainment Compilation 2024,Channel_1179,2,2024-08-06T22:00:00.000Z,trending|official|music,7207,342,61,20,https://i.ytimg.com/vi/800IU-1lU2o/default.jpg,False,False,False,Auto-generated sample description for Entertainment video.
iyr9FJkCLQr,24.29.06,Behind the Scenes: People & Blogs,Channel_4880,9,2024-06-26T08:00:00.000Z,music|trending|2024,13479,800,50,224,https://i.ytimg.com/vi/mOToddCTtY-/default.jpg,False,False,False,Auto-generated sample description for People & Blogs video.
5HmGXPWK3HC,24.08.08,Official Entertainment Highlights,Channel_4702,2,2024-08-04T15:00:00.000Z,official|2024|review,207911,15285,235,3742,https://i.ytimg.com/vi/4uOQChUZAiv/default.jpg,False,False,False,Auto-generated sample description for Entertainment video.
XdlYwVn-0M5,24.02.04,Behind the Scenes: Sports,Channel_4020,26,2024-03-31T10:00:00.000Z,2024|trending|review,6814,474,52,79,https://i.ytimg.com/vi/RPdRdkOTKzq/default.jpg,False,False,False,Auto-generated sample description for Sports video.
vjyJXNTi2FB,24.11.09,Sports Compilation 2024,Channel_3886,17,2024-09-09T19:00:00.000Z,vlog|trending|music,1110,57,6,16,https://i.ytimg.com/vi/KCB2yE7QiTI/default.jpg,False,False,False,Auto-generated sample description for Sports video.
rXaBcbX8jA3,24.16.05,Why This Entertainment Video Went Viral,Channel_1574,2,2024-05-12T17:00:00.000Z,trending|2024|live,12043,630,45,161,https://i.ytimg.com/vi/UDwfvqveUTs/default.jpg,False,False,False,Auto-generated sample description for Entertainment video.
wUbr0rq9RYF,24.19.06,Behind the Scenes: Science & Technology,Channel_303,5,2024-06-17T15:00:00.000Z,live|2024|trending,8794,448,76,104,https://i.ytimg.com/vi/eFLOiYMXDyz/default.jpg,False,False,False,Auto-generated sample description for Science & Technology video.
rkE_R0DtDCh,24.27.10,Top 10 Music Moments This Week,Channel_4172,1,2024-10-23T09:00:00.000Z,2024|official|vlog,248280,19736,1019,4517,https://i.ytimg.com/vi/ohRwO6SmlLN/default.jpg,False,False,True,Auto-generated sample description for Music video.
4RTeWBIqULQ,24.02.07,Reacting to Music Trends,Channel_781,1,2024-06-28T21:00:00.000Z,review|official|2024,67272,5163,485,750,https://i.ytimg.com/vi/9LmjkJLxFUv/default.jpg,False,False,False,Auto-generated sample description for Music video.
OKAQ0S_Yurq,24.12.09,Reacting to Science & Technology Trends,Channel_4988,5,2024-09-11T04:00:00.000Z,review|trending|music,18644,1250,108,273,https://i.ytimg.com/vi/_schcw2_6ZV/default.jpg,False,False,False,Auto-generated sample description for Science & Technology video.
MkJEMqT5pA5,24.28.02,Behind the Scenes: Science & Technology,Channel_1012,5,2024-02-25T17:00:00.000Z,review|official|music,2056,60,18,22,https://i.ytimg.com/vi/FE3AauYZQ_b/default.jpg,False,False,False,Auto-generated sample description for Science & Technology video.
NTffhRoTJIJ,24.22.07,Top 10 Music Moments This Week,Channel_1799,1,2024-07-20T17:00:00.000Z,vlog|trending|live,60871,4481,461,946,https://i.ytimg.com/vi/sx5Y3-2h9Ei/default.jpg,False,False,False,Auto-generated sample description for Music video.
uaCCzZG7idR,24.14.07,Why This Entertainment Video Went Viral,Channel_2187,2,2024-07-12T00:00:00.000Z,vlog|live|2024,16251,845,124,37,https://i.ytimg.com/vi/rzpHSdBZOCd/default.jpg,False,False,False,Auto-generated sample description for Entertainment video.
cLtoeKi0wCi,24.23.12,Behind the Scenes: Entertainment,Channel_1422,2,2024-12-23T10:00:00.000Z,review|music|2024,11715,167,45,70,https://i.ytimg.com/vi/as_4vv5rcYf/default.jpg,False,False,False,Auto-generated sample description for Entertainment video.
FbdpHPOFpQE,24.28.06,Reacting to Entertainment Trends,Channel_4587,2,2024-06-24T14:00:00.000Z,official|vlog|music,21447,1178,197,375,https://i.ytimg.com/vi/i1xlF_8FPsh/default.jpg,False,False,False,Auto-generated sample description for Entertainment video.
atDe1TpVI1N,25.23.01,Reacting to Entertainment Trends,Channel_3494,2,2025-01-21T03:00:00.000Z,official|live|2024,29916,2148,255,548,https://i.ytimg.com/vi/ddBi1qivPI8/default.jpg,False,False,False,Auto-generated sample description for Entertainment video.
DFWypAhQhkk,24.02.07,Reacting to People & Blogs Trends,Channel_4138,15,2024-07-01T17:00:00.000Z,vlog|2024|review,6024,174,48,106,https://i.ytimg.com/vi/2yR1FqkBxbe/default.jpg,False,False,False,Auto-generated sample description for People & Blogs video.
LaFmwl7tT98,24.15.01,Official Sports Highlights,Channel_2629,17,2024-01-14T08:00:00.000Z,vlog|review|trending,62420,642,492,355,https://i.ytimg.com/vi/d8_SeF7ltFX/default.jpg,False,False,False,Auto-generated sample description for Sports video.
dkflfSYNx0f,24.09.11,Reacting to Entertainment Trends,Channel_125,2,2024-11-08T01:00:00.000Z,vlog|review|trending,68935,2457,231,45,https://i.ytimg.com/vi/6vQJzlXuEjZ/default.jpg,False,False,False,Auto-generated sample description for Entertainment video.
7__gail-j6M,24.30.09,Reacting to Sports Trends,Channel_2870,27,2024-09-27T20:00:00.000Z,2024|official|trending,1700,130,10,1,https://i.ytimg.com/vi/k-FYji0xF8g/default.jpg,False,False,False,Auto-generated sample description for Sports video.
xYI39wn0mk1,24.02.04,Reacting to People & Blogs Trends,Channel_170,15,2024-03-30T21:00:00.000Z,live|official|trending,8060,264,51,10,https://i.ytimg.com/vi/QYRQJxaW-Sz/default.jpg,False,False,True,Auto-generated sample description for People & Blogs video.
CFDbfeoRQ4d,24.26.08,Official Sports Highlights,Channel_4906,17,2024-08-24T11:00:00.000Z,trending|vlog|music,3167,180,28,43,https://i.ytimg.com/vi/ZEn3Vq5As9-/default.jpg,False,False,False,Auto-generated sample description for Sports video.
MskRGWQB9jx,24.26.02,Official Travel & Events Highlights,Channel_4685,6,2024-02-22T05:00:00.000Z,trending|vlog|official,788,25,6,10,https://i.ytimg.com/vi/_eLHVtkMyr5/default.jpg,False,False,False,Auto-generated sample description for Travel & Events video.
ncFj5xL9TUJ,24.29.01,Sports Compilation 2024,Channel_1228,27,2024-01-27T10:00:00.000Z,vlog|live|music,101800,3934,372,1154,https://i.ytimg.com/vi/RmJCwRro3Qe/default.jpg,False,False,False,Auto-generated sample description for Sports video.
YIaoFAwi42o,24.19.11,Why This Science & Technology Video Went Viral,Channel_4407,11,2024-11-19T16:00:00.000Z,vlog|live|review,5057,125,21,54,https://i.ytimg.com/vi/IV7KP86IC2e/default.jpg,False,False,False,Auto-generated sample description for Science & Technology video.
pR_87CRilbb,24.20.08,Reacting to Pets & Animals Trends,Channel_138,18,2024-08-16T18:00:00.000Z,live|music|review,24735,623,41,145,https://i.ytimg.com/vi/G_xVVSB6eEo/default.jpg,False,False,False,Auto-generated sample description for Pets & Animals video.
tGUKn0CK3-Y,24.10.08,Reacting to Education Trends,Channel_187,10,2024-08-09T19:00:00.000Z,trending|live|music,29740,777,176,401,https://i.ytimg.com/vi/xyENYHUO0_r/default.jpg,False,False,False,Auto-generated sample description for Education video.
3D0WVZizH38,24.14.04,Behind the Scenes: News & Politics,Channel_2318,25,2024-04-11T22:00:00.000Z,music|review|live,58000,2881,392,407,https://i.ytimg.com/vi/yYfrHEmKLVP/default.jpg,False,False,False,
TlKs3QQg3nZ,24.19.04,News & Politics Compilation 2024,Channel_4892,19,2024-04-18T08:00:00.000Z,music|review|2024,112709,3374,1043,1218,https://i.ytimg.com/vi/cT-4gOkj_2S/default.jpg,False,False,False,Auto-generated sample description for News & Politics video.
LfcbNUISyzs,24.12.08,Why This Film & Animation Video Went Viral,Channel_4949,22,2024-08-12T07:00:00.000Z,live|review|trending,6654,257,19,62,https://i.ytimg.com/vi/rQl98xGanOd/default.jpg,False,False,False,Auto-generated sample description for Film & Animation video.
ZknxDTWJw2C,24.18.12,Official Music Highlights,Channel_1187,1,2024-12-17T14:00:00.000Z,review|music|live,75649,1379,289,1110,https://i.ytimg.com/vi/hmc9_xRecxX/default.jpg,False,False,False,Auto-generated sample description for Music video.
mkha7NaEvC5,24.05.02,Behind the Scenes: People & Blogs,Channel_735,15,2024-02-05T12:00:00.000Z,vlog|music|trending,18933,722,143,155,https://i.ytimg.com/vi/UZGBB0fQTAz/default.jpg,False,False,False,Auto-generated sample description for People & Blogs video.
oehwGLduLMu,24.18.01,Education Compilation 2024,Channel_4830,10,2024-01-14T14:00:00.000Z,review|live|trending,869,27,7,8,https://i.ytimg.com/vi/Uni9fjaVCUk/default.jpg,False,False,False,Auto-generated sample description for Education video.
rckpwt5crAq,24.17.07,Top 10 Entertainment Moments This Week,Channel_3948,2,2024-07-15T14:00:00.000Z,live|review|vlog,79188,4921,612,1090,https://i.ytimg.com/vi/HHx9Pck7T1v/default.jpg,False,False,False,Auto-generated sample description for Entertainment video.
XJuHOikTWX_,24.21.01,Entertainment Compilation 2024,Channel_4966,2,2024-01-21T00:00:00.000Z,vlog|trending|live,41457,558,216,653,https://i.ytimg.com/vi/to_KkfLk3XH/default.jpg,False,False,False,Auto-generated sample description for Entertainment video.
cUind275AiP,24.10.11,Official Film & Animation Highlights,Channel_2160,22,2024-11-08T16:00:00.000Z,live|music|2024,16437,739,137,17,https://i.ytimg.com/vi/rkzJqioYkFS/default.jpg,False,False,False,Auto-generated sample description for Film & Animation video.
aJZpxYesI_K,24.02.08,Behind the Scenes: Entertainment,Channel_1379,2,2024-07-31T08:00:00.000Z,music|2024|review,5479,87,10,38,https://i.ytimg.com/vi/umayt0mh6c_/default.jpg,False,False,False,Auto-generated sample description for Entertainment video.
Djo17uT7dCA,24.19.07,Reacting to Nonprofits & Activism Trends,Channel_3835,14,2024-07-16T16:00:00.000Z,live|2024|trending,7498,143,67,32,https://i.ytimg.com/vi/lg5PX_QIapm/default.jpg,False,False,False,Auto-generated sample description for Nonprofits & Activism video.
Rw6baPPUei9,24.04.06,Official People & Blogs Highlights,Channel_3389,9,2024-05-31T21:00:00.000Z,trending|music|official,10385,622,6,105,https://i.ytimg.com/vi/rje7NnaxUws/default.jpg,False,False,False,Auto-generated sample description for People & Blogs video.
Dk93SXmqTJj,24.29.04,Why This People & Blogs Video Went Viral,Channel_4941,9,2024-04-29T16:00:00.000Z,music|trending|review,10386,621,28,156,https://i.ytimg.com/vi/VKwV-SZKOir/default.jpg,False,False,False,Auto-generated sample description for People & Blogs video.
CmECrs9tILM,24.14.12,Reacting to Sports Trends,Channel_583,26,2024-12-13T15:00:00.000Z,vlog|official|2024,52454,2069,394,119,https://i.ytimg.com/vi/EkPglbo5Ik6/default.jpg,False,False,False,Auto-generated sample description for Sports video.
6vUH0ZOiV1n,24.12.10,Official Sports Highlights,Channel_2934,26,2024-10-11T18:00:00.000Z,2024|music|trending,80867,2481,492,102,https://i.ytimg.com/vi/cH3l9HaRx0y/default.jpg,False,False,False,Auto-generated sample description for Sports video.
Bti-wYQ6oc3,24.13.09,Why This People & Blogs Video Went Viral,Channel_2207,15,2024-09-09T05:00:00.000Z,trending|2024|review,11769,918,76,165,https://i.ytimg.com/vi/WsjjjpIRsqS/default.jpg,False,False,False,Auto-generated sample description for People & Blogs video.
mqCVlp3rCdD,24.07.11,Why This Music Video Went Viral,Channel_140,1,2024-11-06T16:00:00.000Z,official|vlog|music,17708,503,108,313,https://i.ytimg.com/vi/JFqdejc2YIX/default.jpg,False,False,False,Auto-generated sample description for Music video.
wU4qg0xj3-U,25.16.01,Official Music Highlights,Channel_2813,1,2025-01-14T08:00:00.000Z,trending|official|vlog,87700,5978,710,1516,https://i.ytimg.com/vi/hFxyxNVCyIQ/default.jpg,False,False,False,Auto-generated sample description for Music video.
zoWNWMPgafe,25.10.01,Reacting to Music Trends,Channel_1990,1,2025-01-09T11:00:00.000Z,trending|2024|vlog,173432,5420,986,3415,https://i.ytimg.com/vi/EkbDZ0Br7zN/default.jpg,False,False,False,Auto-generated sample description for Music video.
AtFZADkFlmw,24.06.01,Reacting to Travel & Events Trends,Channel_3203,6,2024-01-06T10:00:00.000Z,vlog|review|live,62098,2655,138,430,https://i.ytimg.com/vi/p6M9Uhrfu-W/default.jpg,False,False,False,Auto-generated sample description for Travel & Events video.
iVyy-rGYkRd,24.26.06,Official Music Highlights,Channel_3557,1,2024-06-24T03:00:00.000Z,music|review|vlog,55290,1513,493,160,https://i.ytimg.com/vi/Is5ijw-YkGn/default.jpg,False,False,False,Auto-generated sample description for Music video.
8NHs3Rf_UUy,24.28.03,Behind the Scenes: Science & Technology,Channel_2596,5,2024-03-25T22:00:00.000Z,trending|live|music,3142,54,19,34,https://i.ytimg.com/vi/htnhrX_ANcp/default.jpg,False,False,False,Auto-generated sample description for Science & Technology video.
OI7mO4fKQe_,25.20.01,Top 10 Entertainment Moments This Week,Channel_2978,2,2025-01-20T14:00:00.000Z,live|music|2024,1888099,143573,14340,18717,https://i.ytimg.com/vi/vpyfrH6mDws/default.jpg,False,False,False,Auto-generated sample description for Entertainment video.
UW_cMpLPARi,24.12.08,Music Compilation 2024,Channel_4406,1,2024-08-11T10:00:00.000Z,vlog|review|2024,292321,4811,1133,193,https://i.ytimg.com/vi/8uYh741hJxm/default.jpg,False,False,False,Auto-generated sample description for Music video.
DIlnYeCHPYg,25.05.01,News & Politics Compilation 2024,Channel_1827,21,2025-01-03T19:00:00.000Z,live|vlog|trending,66349,2634,656,574,https://i.ytimg.com/vi/iyp_QO6BE2D/default.jpg,False,False,False,Auto-generated sample description for News & Politics video.
M8aqdit45dF,24.14.12,Reacting to Sports Trends,Channel_510,27,2024-12-14T15:00:00.000Z,music|official|2024,17436,1209,43,28,https://i.ytimg.com/vi/jrT-mjYp-1L/default.jpg,False,False,False,Auto-generated sample description for Sports video.
-u5ijaS1vHL,24.05.07,Why This Travel & Events Video Went Viral,Channel_3115,3,2024-07-02T19:00:00.000Z,live|review|official,10265,638,17,149,https://i.ytimg.com/vi/f-48fZhWTKW/default.jpg,False,False,False,Auto-generated sample description for Travel & Events video.
B_HWLRwpUz8,25.12.01,Why This Entertainment Video Went Viral,Channel_397,2,2025-01-10T03:00:00.000Z,official|music|vlog,319509,22364,1203,3160,https://i.ytimg.com/vi/66oSJ0R6Tdl/default.jpg,False,False,False,Auto-generated sample description for Entertainment video.
QGozZ3lhG2X,24.24.06,Music Compilation 2024,Channel_297,1,2024-06-22T20:00:00.000Z,2024|review|official,27541,952,38,124,https://i.ytimg.com/vi/8vuYFpegfNA/default.jpg,False,False,False,Auto-generated sample description for Music video.
odp95R-Jezb,24.01.02,Music Compilation 2024,Channel_4956,1,2024-01-29T00:00:00.000Z,review|official|vlog,18682,406,119,75,https://i.ytimg.com/vi/xqUbuaht1nf/default.jpg,False,False,False,Auto-generated sample description for Music video.
lVQL1-KI0H5,24.23.04,Behind the Scenes: Comedy,Channel_1435,16,2024-04-20T07:00:00.000Z,review|official|2024,16334,769,51,73,https://i.ytimg.com/vi/Ji0INB3rE0F/default.jpg,False,False,False,Auto-generated sample description for Comedy video.
0tM4sWoNyDK,24.26.06,Why This Science & Technology Video Went Viral,Channel_1188,11,2024-06-26T02:00:00.000Z,trending|review|music,3165,81,12,38,https://i.ytimg.com/vi/X_FIq9oIuIV/default.jpg,False,False,False,Auto-generated sample description for Science & Technology video.
TVJ-MEopQuh,24.19.03,Howto & Style Compilation 2024,Channel_3916,20,2024-03-17T10:00:00.000Z,official|2024|live,26314,1384,160,431,https://i.ytimg.com/vi/4lIeMae9Qcv/default.jpg,False,False,False,Auto-generated sample description for Howto & Style video.
wz_K-82FcLO,24.18.06,Official Science & Technology Highlights,Channel_3919,11,2024-06-17T05:00:00.000Z,vlog|review|live,38497,2297,133,483,https://i.ytimg.com/vi/lGJGUUj6P-p/default.jpg,False,True,True,Auto-generated sample description for Science & Technology video.
yPSwEDp2GXa,24.15.11,Official Music Highlights,Channel_2681,1,2024-11-11T03:00:00.000Z,2024|live|trending,136575,3664,942,1711,https://i.ytimg.com/vi/btFW6HIbX2f/default.jpg,False,False,False,Auto-generated sample description for Music video.
igjBZknAHHx,24.21.12,News & Politics Compilation 2024,Channel_4722,25,2024-12-17T07:00:00.000Z,music|live|review,13832,768,135,146,https://i.ytimg.com/vi/UzEvqkEgnFU/default.jpg,False,False,False,Auto-generated sample description for News & Politics video.
mnq4q_6vgbQ,24.22.05,Top 10 Sports Moments This Week,Channel_4675,26,2024-05-22T16:00:00.000Z,2024|live|review,19879,459,104,356,https://i.ytimg.com/vi/dHJ5TmYUtnr/default.jpg,False,False,False,Auto-generated sample description for Sports video.
4QY5dq0MTEx,24.09.08,Why This Howto & Style Video Went Viral,Channel_4865,20,2024-08-09T21:00:00.000Z,official|trending|live,34831,1956,163,464,https://i.ytimg.com/vi/lhBAda5ZJq9/default.jpg,False,False,False,Auto-generated sample description for Howto & Style video.
_Hy7lMBhfUx,24.08.05,Behind the Scenes: Sports,Channel_816,27,2024-05-06T19:00:00.000Z,live|music|trending,3418,143,31,58,https://i.ytimg.com/vi/tjPsrQxSeSG/default.jpg,False,False,False,Auto-generated sample description for Sports video.
cR_rFLAf94x,24.22.07,Reacting to News & Politics Trends,Channel_4817,25,2024-07-18T03:00:00.000Z,vlog|review|music,14434,236,30,184,https://i.ytimg.com/vi/qes29dSufhq/default.jpg,False,False,False,Auto-generated sample description for News & Politics video.
1LxN7-sgC2T,24.15.12,Top 10 Autos & Vehicles Moments This Week,Channel_534,7,2024-12-14T17:00:00.000Z,trending|2024|music,25242,1958,78,103,https://i.ytimg.com/vi/2lScfGcvoXG/default.jpg,False,False,False,Auto-generated sample description for Autos & Vehicles video.
nUy2RG38Pv2,24.31.01,Why This Education Video Went Viral,Channel_3270,23,2024-01-31T18:00:00.000Z,review|live|2024,5007,161,36,23,https://i.ytimg.com/vi/TTy0ZNMZ7Me/default.jpg,False,False,False,Auto-generated sample description for Education video.
DrfII3CK8ah,24.08.03,Official Sports Highlights,Channel_651,17,2024-03-07T11:00:00.000Z,vlog|review|2024,54534,1723,246,98,https://i.ytimg.com/vi/eIOoVlBxBBO/default.jpg,False,False,False,Auto-generated sample description for Sports video.
qggAUQyg5J2,24.23.06,Official People & Blogs Highlights,Channel_2789,9,2024-06-23T19:00:00.000Z,trending|review|vlog,400,4,3,4,https://i.ytimg.com/vi/xikanxYd2XZ/default.jpg,False,False,False,Auto-generated sample description for People & Blogs video.
graj2dk-Wjt,24.08.03,Top 10 Travel & Events Moments This Week,Channel_322,3,2024-03-05T16:00:00.000Z,vlog|2024|live,4240,213,13,23,https://i.ytimg.com/vi/kgi5aeCAFZw/default.jpg,False,False,False,Auto-generated sample description for Travel & Events video.
D7ebCo2nVlH,24.09.04,Reacting to Sports Trends,Channel_1882,17,2024-04-09T16:00:00.000Z,2024|official|review,8102,137,18,67,https://i.ytimg.com/vi/SS3NkyJeGI8/default.jpg,False,False,False,Auto-generated sample description for Sports video.
6C4nmurj-TZ,24.02.05,Why This Music Video Went Viral,Channel_1179,1,2024-04-30T14:00:00.000Z,official|2024|live,55053,3971,204,844,https://i.ytimg.com/vi/NBgeqt_xKN9/default.jpg,False,False,False,Auto-generated sample description for Music video.
pgGOxgbCFY5,24.29.10,Top 10 Sports Moments This Week,Channel_1014,17,2024-10-28T22:00:00.000Z,vlog|official|2024,9132,185,9,28,https://i.ytimg.com/vi/uqytg96kYct/default.jpg,False,False,False,Auto-generated sample description for Sports video.
4NXQAE3G44J,24.27.06,Behind the Scenes: Howto & Style,Channel_31,4,2024-06-27T14:00:00.000Z,music|vlog|review,12577,464,49,162,https://i.ytimg.com/vi/Mg3BgCgqpLe/default.jpg,False,False,False,Auto-generated sample description for Howto & Style video.
HBNvljIrBd6,24.18.08,Entertainment Compilation 2024,Channel_3392,2,2024-08-18T13:00:00.000Z,review|music|2024,3771,241,35,50,https://i.ytimg.com/vi/DniOPizXEF0/default.jpg,False,False,False,Auto-generated sample description for Entertainment video.
vjAxJ6nHM6G,24.29.09,Why This Autos & Vehicles Video Went Viral,Channel_4516,7,2024-09-25T05:00:00.000Z,music|trending|live,16489,1192,146,315,https://i.ytimg.com/vi/uvcRt0RuHw6/default.jpg,False,False,False,Auto-generated sample description for Autos & Vehicles video.
BVcoYrMsLr2,24.24.09,Why This Sports Video Went Viral,Channel_1496,26,2024-09-20T07:00:00.000Z,vlog|trending|music,5649,94,5,71,https://i.ytimg.com/vi/9dnqRPbsmBy/default.jpg,False,False,False,Auto-generated sample description for Sports video.
062RfGr-0fH,24.05.07,Why This Sports Video Went Viral,Channel_1767,27,2024-07-05T15:00:00.000Z,review|live|official,47569,990,190,486,https://i.ytimg.com/vi/yo5KLaht90V/default.jpg,False,False,False,Auto-generated sample description for Sports video.
9D9YgHnGCjK,24.17.12,Behind the Scenes: Sports,Channel_3065,27,2024-12-17T20:00:00.000Z,official|review|trending,11255,508,102,182,https://i.ytimg.com/vi/0js9noza05Y/default.jpg,False,False,False,Auto-generated sample description for Sports video.
gInhH59OT7h,24.17.01,Comedy Compilation 2024,Channel_1113,16,2024-01-17T09:00:00.000Z,trending|review|live,17094,1213,142,313,https://i.ytimg.com/vi/3rzjRqDwUFy/default.jpg,False,False,False,Auto-generated sample description for Comedy video.
EtxVNYqN1o_,24.06.08,Reacting to Film & Animation Trends,Channel_4172,22,2024-08-03T19:00:00.000Z,vlog|official|live,108164,5311,1067,1648,https://i.ytimg.com/vi/WJc4UZEE5ZA/default.jpg,False,False,False,Auto-generated sample description for Film & Animation video.
oQehUh3GHdK,24.26.05,Why This Music Video Went Viral,Channel_520,1,2024-05-26T22:00:00.000Z,2024|vlog|trending,4282,230,5,33,https://i.ytimg.com/vi/IvWLG1zZTAv/default.jpg,False,False,False,Auto-generated sample description for Music video.
24escfZWLkN,24.21.06,Official Education Highlights,Channel_664,10,2024-06-17T15:00:00.000Z,live|trending|2024,18792,587,95,334,https://i.ytimg.com/vi/Qkpu99rxxWG/default.jpg,False,False,False,Auto-generated sample description for Education video.
_5YoSbDO5ha,24.29.06,Entertainment Compilation 2024,Channel_3760,2,2024-06-25T16:00:00.000Z,live|trending|vlog,9468,313,59,73,https://i.ytimg.com/vi/fFtWpuxXeZN/default.jpg,False,False,False,Auto-generated sample description for Entertainment video.
LDLyF_VDJUq,24.25.10,Reacting to Music Trends,Channel_3560,1,2024-10-24T21:00:00.000Z,music|review|official,51100,1462,380,620,https://i.ytimg.com/vi/gbsKDDwjhrt/default.jpg,False,False,False,Auto-generated sample description for Music video.
d6J_IgsQOyX,24.26.04,Why This Sports Video Went Viral,Channel_4580,17,2024-04-24T00:00:00.000Z,music|2024|official,16027,465,45,233,https://i.ytimg.com/vi/ApZW7WgKGDI/default.jpg,False,False,False,Auto-generated sample description for Sports video.
jmVZEigBUPb,24.31.07,Top 10 Music Moments This Week,Channel_3697,1,2024-07-31T11:00:00.000Z,official|vlog|review,20713,242,79,156,https://i.ytimg.com/vi/GVK6jF4Q0eJ/default.jpg,False,False,False,Auto-generated sample description for Music video.
Q-mcNApEOY4,24.10.08,Why This News & Politics Video Went Viral,Channel_4423,25,2024-08-09T04:00:00.000Z,vlog|music|official,1097,81,8,3,https://i.ytimg.com/vi/LYFNpn0DKRd/default.jpg,False,False,False,Auto-generated sample description for News & Politics video.
BxjuWuUKDIr,24.06.09,Reacting to Sports Trends,Channel_2285,27,2024-09-04T11:00:00.000Z,live|music|review,13034,237,123,92,https://i.ytimg.com/vi/gHTSyWTc3tn/default.jpg,False,False,False,Auto-generated sample description for Sports video.
